date,open,high,low,close,volume
1998-01-20,42.901739200649516,43.47031646716415,42.67775421687102,43.453086853027344,1744600
1998-01-21,43.056824246547826,43.21189084047297,42.60885408631964,42.91898727416992,1839600
1998-01-22,42.55717468261719,42.927611628235105,42.41933767959656,42.55717468261719,1662600
1998-01-23,42.72947806816597,42.86731509419231,42.07475219454084,42.45380401611328,1693700
1998-01-26,42.660557887972416,42.824239349982,42.41934310185302,42.6260986328125,1172800
1998-01-27,42.5226920505452,43.315254382119385,42.49684762668952,43.125728607177734,1454500
1998-01-28,43.21187452343403,43.68568893706818,43.12572644822782,43.62538528442383,1181200
1998-01-29,43.59096494071927,44.245690896350624,43.496201973456834,43.78049087524414,1468500
1998-01-30,44.07338898601769,44.07338898601769,43.53927051120669,43.68572235107422,1095600
1998-02-02,44.452457174155846,44.831509134555624,44.33184973221046,44.66782760620117,955600
1998-02-03,44.65920056979227,45.02963761155559,44.46967464144824,45.02102279663086,619400
1998-02-04,44.77979278564454,45.02100752169649,44.55580767359629,44.77979278564453,753200
1998-02-05,45.10715440741684,45.15884327801358,44.512732395554394,44.78840637207031,1067600
1998-02-06,44.934854430861975,45.30529130596302,44.85732113142222,45.27083206176758,1069700
1998-02-09,45.26221243188178,45.348360533198644,44.90039040635094,45.08991622924805,515900
1998-02-10,45.227782433304476,45.95142695223735,45.1674787233934,45.84804916381836,892100
1998-02-11,45.744671375399385,45.977271399342094,45.675752849786726,45.84804916381836,515000
1998-02-12,45.615400278007385,46.373503247689094,45.417259729113304,46.14090347290039,1065000
1998-02-13,45.95143839499226,46.227112566090824,45.856675398677126,46.11511993408203,596700
1998-02-17,46.4855237542475,46.70950885758524,46.25292383924293,46.347686767578125,840600
1998-02-18,46.35631081624785,46.700903351585126,46.22708861549636,46.65782928466797,773000
1998-02-19,46.666430245974524,46.70088948927966,46.21846008300781,46.21846008300781,804800
1998-02-20,46.356322522246494,46.571692911218086,45.934196559862166,46.46831512451172,540600
1998-02-23,46.864576028433326,46.864576028433326,46.29599845161778,46.45106506347656,639200
1998-02-24,46.382173844746184,46.53724054779325,46.05481080498014,46.313255310058594,702700
1998-02-25,46.45108785594081,46.95074718376807,46.35632487997358,46.69230270385742,687400
1998-02-26,46.64923745601549,46.98521534351034,46.53724482685055,46.95075607299805,439800
1998-02-27,46.924865962206425,47.39006566148293,46.804258632764366,47.191925048828125,451300
1998-03-02,47.27815875735893,47.33846253128413,47.019714011965206,47.260929107666016,1062800
1998-03-03,46.98522407228557,47.48488358753906,46.96799443382855,47.47626876831055,596600
1998-03-04,47.209182477232574,47.34701950636318,46.9248936046507,47.157493591308594,691700
1998-03-05,46.58891375689677,47.0110396396793,46.433847106078694,46.743980407714844,778300
1998-03-06,46.91627011089554,47.43315887451172,46.91627011089554,47.43315887451172,933100
1998-03-09,47.20918216733086,47.73468583744166,47.19195253880264,47.34701919555664,685300
1998-03-10,47.6227108022329,47.82946642076647,47.50210335808831,47.81223678588867,563700
1998-03-11,47.932810651844946,48.09649206852091,47.82081810359298,47.96726989746094,406600
1998-03-12,47.932807781052794,48.00172626815711,47.588215345531204,47.90696334838867,576700
1998-03-13,48.07064508846976,48.10510433226078,47.46760832212696,47.50206756591797,458900
1998-03-16,47.72606411164213,48.225723266601555,47.60545672941054,48.22572326660156,733000
1998-03-17,48.12234509566383,48.3980191098173,48.01035252741399,48.389404296875,499900
1998-03-18,48.29465084384166,48.52725083898681,48.12235455114155,48.5100212097168,410900
1998-03-19,48.51860501151053,48.682286384951354,48.43245692022589,48.6478271484375,730000
1998-03-20,48.828783949174415,49.293984078541996,48.673717239385226,49.15614700317383,754300
1998-03-23,49.17333385663552,49.17333385663552,48.733978561140006,48.785667419433594,551600
1998-03-24,49.052777516267085,49.54382218055005,49.02693306025219,49.311222076416016,470300
1998-03-25,49.65573994117447,49.65573994117447,48.65642248226117,49.001014709472656,966200
1998-03-26,48.983835247238865,49.23366486774009,48.802924142737986,48.86322784423828,412800
1998-03-27,49.259487705159806,49.293946948045544,48.44969549734501,48.66506576538086,584100
1998-03-30,48.67369297842995,48.8287596109276,48.346330087601565,48.604774475097656,562400
1998-03-31,48.777072099486965,49.242272010008385,48.55308695738405,48.622005462646484,620000
1998-04-01,48.7167705454126,49.18197047635022,48.36356319044144,49.035518646240234,373700
1998-04-02,49.018251058753684,49.75912444909689,48.97517702443141,49.707435607910156,440600
1998-04-03,49.7591484458836,49.94005947728311,49.51793373735092,49.67300033569336,493300
1998-04-06,50.10372639361918,50.310481798269606,49.81082290369775,49.82805252075195,610500
1998-04-07,49.828094445289416,49.83670926106488,49.207827709455934,49.56103515625,707300
1998-04-08,49.655842645876795,49.655842645876795,48.97527158948813,49.225101470947266,949500
1998-04-09,49.431771328505306,49.879741371914555,49.41454171145111,49.82805252075195,451700
1998-04-13,50.026218558792756,50.026218558792756,49.38010759066645,49.810848236083984,337900
1998-04-14,49.91424296412334,50.45697636190376,49.91424296412334,50.413902282714844,451500
1998-04-15,50.534532790233406,50.732673645019524,50.284703016807434,50.73267364501953,261800
1998-04-16,50.56031087627947,50.56031087627947,50.06065198535696,50.20710372924805,232800
1998-04-17,50.21370060631965,50.775762004530556,50.1272296219795,50.749820709228516,382900
1998-04-20,50.689265796792604,50.7238541733172,50.36067621980896,50.52497100830078,299400
1998-04-21,50.499008630093,50.870833522403615,50.343361000753674,50.862186431884766,372000
1998-04-22,50.836310523267755,50.97466414945797,50.74119240526198,50.82766342163086,503400
1998-04-23,50.758447209749214,50.93138910824921,50.42121050767422,50.53362274169922,597700
1998-04-24,50.481764838652325,50.672001019955914,49.841879501540255,50.10993957519531,820200
1998-04-27,49.49596177429712,49.73808038535238,48.91660652641489,49.39219665527344,1916800
1998-04-28,49.824598873362824,49.87648148239444,49.06365394089911,49.245243072509766,437200
1998-04-29,49.409511333534226,49.78133649757727,49.21062810625539,49.487335205078125,298700
1998-04-30,49.988901085833895,50.533668560043814,49.92837136647724,50.29154968261719,443100
1998-05-01,50.412604172319995,50.723899841308594,50.2569563378257,50.723899841308594,338300
1998-05-04,50.90552391755978,51.23411401588954,50.810405731201165,50.81040573120117,542500
1998-05-05,50.6374350973727,50.83631846609531,50.34343359578277,50.628787994384766,325600
1998-05-06,50.82765015403718,50.83629725341691,49.96294021606445,49.96294021606445,665500
1998-05-07,50.15314744155249,50.15314744155249,49.65161596713696,49.66026306152344,593100
1998-05-08,49.6689050313943,50.352025417445866,49.63431665741701,50.32608413696289,638100
1998-05-11,50.516342344020195,50.82763784631132,50.187752647157346,50.31745910644531,703100
1998-05-12,50.30884513615062,50.870906829833984,50.144550179535486,50.870906829833984,479000
1998-05-13,50.86223498786368,51.11300085230571,50.70658720993414,51.05247116088867,399400
1998-05-14,50.67205200558864,51.07846607457544,50.550992495677676,50.81040573120117,622900
1998-05-15,50.894835102355046,50.894835102355046,50.29759979248047,50.29759979248047,280900
1998-05-18,50.34087067124429,50.59188257796129,49.85615802379077,50.150447845458984,249200
1998-05-19,50.47938295921184,50.58325000233779,50.06391478670804,50.167781829833984,482100
1998-05-20,50.54861326545609,50.894836643986615,50.211045471388836,50.84290313720703,304400
1998-05-21,50.92949063865985,51.05932448631109,50.4707443769588,50.617889404296875,530600
1998-05-22,50.7390565501437,50.7390565501437,50.3755218563351,50.53997802734375,219000
1998-05-26,50.8169609600345,50.877550080579596,49.665767669677734,49.665767669677734,561300
1998-05-27,49.30223294640717,49.77829032211862,48.713652918254844,49.665767669677734,1041100
1998-05-28,49.71767752359757,49.90810038319352,49.40607648062238,49.847511291503906,367700
1998-05-29,50.011935212265804,50.08983542287681,49.21562194824219,49.21562194824219,232400
1998-06-01,49.094469211102364,49.77826030201864,49.077158044243724,49.52724838256836,445800
1998-06-02,49.70902821286039,49.786928483436,49.181037490070125,49.276248931884766,391600
1998-06-03,49.50993304827679,49.52724421367829,48.64437477820202,48.661685943603516,473100
1998-06-04,48.678979732508736,49.27621472567074,48.48855698106578,49.24159240722656,636200
1998-06-05,49.56183367374122,50.33218002319336,49.30216636493713,50.33218002319336,1014000
1998-06-08,50.271640366552454,50.5486191013544,50.124495413688926,50.366851806640625,467900
1998-06-09,50.30628988306392,50.43612373513652,50.055277769056886,50.26301193237305,180100
1998-06-10,50.01196410994675,50.479365643684574,49.6224628318319,49.717674255371094,531300
1998-06-11,49.87341232435078,49.934001336199174,48.81743240356445,48.81743240356445,529200
1998-06-12,48.85206159539179,49.09441767701315,48.1249933505277,49.05979537963867,909200
1998-06-15,48.505928452624836,48.71366262158682,47.61440264416296,47.6403694152832,617400
1998-06-16,48.09042361969352,48.15966829013224,47.60571092662245,48.08176803588867,796500
1998-06-17,48.627061831098146,49.39740866323908,48.50588367772766,49.11177444458008,895100
1998-06-18,48.990619967191336,49.14642052539089,48.800197062725225,48.9213752746582,219000
1998-06-19,49.078871081680965,49.156939275342175,48.22012095140765,48.34156036376953,506100
1998-06-22,48.40232812198052,48.68857844958363,48.18547181319028,48.393653869628906,161500
1998-06-23,48.6624930839053,49.087530902285216,48.6624930839053,49.06150817871094,201600
1998-06-24,49.130890325110734,49.65134467177504,48.77524652155679,49.57327651977539,353100
1998-06-25,49.8942597073545,50.128464333936314,49.486570172193574,49.79016876220703,420200
1998-06-26,49.73812328963329,49.928956689070326,49.59933536277,49.79016876220703,150400
1998-06-29,50.06775133818098,50.32797873598858,49.96366037905795,50.03305435180664,297700
1998-06-30,49.91160819821241,50.05039612507571,49.608009608198955,49.79016876220703,395600
1998-07-01,50.17184210333507,50.336652787976035,49.902940459973486,50.29328155517578,347100
1998-07-02,50.15449411445349,50.284607814162385,50.04172890803912,50.12847137451172,263900
1998-07-06,50.1371456041728,50.65760040283203,49.98100916457503,50.65760040283203,166500
1998-07-07,50.614218158228,50.83107427715785,50.36266506026937,50.57952117919922,155700
1998-07-08,50.622897450358764,51.065283977083965,50.57952622224845,51.047935485839844,146900
1998-07-09,50.72699683502911,51.02192123523277,50.22389050526993,50.44942092895508,151500
1998-07-10,50.53612251366669,50.77900123498194,50.154455951599864,50.648887634277344,127800
1998-07-13,50.726984143605165,51.03058271491607,50.406037082505065,50.510128021240234,164400
1998-07-14,50.78770832567299,51.4469509956561,50.78770832567299,51.316837310791016,276000
1998-07-15,51.62908865438926,51.715831074843535,51.230073520299555,51.35151290893555,367900
1998-07-16,51.31686083869851,51.85466431604795,51.1260273467358,51.77659606933594,356100
1998-07-17,51.87199520901103,51.97608616929667,51.68116178182069,51.811275482177734,222100
1998-07-20,51.93269854423984,51.95004703214505,51.3948954191784,51.69849395751953,234900
1998-07-21,51.949993685090895,51.949993685090895,50.93510818481445,50.93510818481445,389800
1998-07-22,50.796415014022436,50.935203033186426,50.42342221251919,50.74436950683594,229900
1998-07-23,50.614221802664964,50.76168397415516,49.52126688456114,49.608009338378906,297000
1998-07-24,50.007038046478975,50.007038046478975,49.14828752321767,49.65139389038086,424800
1998-07-27,49.39115930065884,50.154492988480754,49.14828039998823,50.102447509765625,382900
1998-07-28,50.015718564970484,50.015718564970484,48.86204347493561,49.52996063232422,557300
1998-07-29,49.85955410395376,49.96364503110189,49.31307673642608,49.41716766357422,330400
1998-07-30,49.89426522126961,50.171841105671675,49.729454539905895,50.093772888183594,533300
1998-07-31,50.03305036475454,50.17183829919213,48.94009538105844,49.148277282714844,234400
1998-08-03,49.200343816899746,49.36515455958682,48.731934337683846,48.74928283691406,429300
1998-08-04,49.20030424610669,49.20030424610669,47.118486012844066,47.15318298339844,947200
1998-08-05,47.43074569507308,47.69964714286885,46.37248838439296,47.55218505859375,1456000
1998-08-06,47.17051848752879,47.87313194789838,47.17051848752879,47.55218505859375,571600
1998-08-07,47.899182169862016,48.42831112900029,47.46546990827326,47.82978820800781,698900
1998-08-10,47.743074944501366,47.968605458410714,47.26599116507775,47.62163543701172,233900
1998-08-11,46.77150649459274,47.083779164067025,46.11226419236925,46.84090042114258,1034100
1998-08-12,47.309363997478194,47.62163702716452,47.031787971090345,47.5695915222168,592000
1998-08-13,47.37873580361191,47.86449362217695,46.78888702392579,46.78888702392578,651900
1998-08-14,47.534880754769155,47.56957774802081,46.51131945384529,46.806243896484375,731000
1998-08-17,46.68476701825423,47.72567598187194,46.459236742803725,47.6042366027832,948800
1998-08-18,47.86451792000701,48.671223278209375,47.76042690604541,48.506412506103516,566000
1998-08-19,48.801296464410825,48.801296464410825,48.17675089998893,48.28084182739258,324700
1998-08-20,48.07269998080489,48.367624520564426,47.82982094806174,47.881866455078125,536300
1998-08-21,47.365454933860086,47.626277923583984,46.28738657633463,47.626277923583984,1184400
1998-08-24,47.74801744614204,48.04361697148232,47.29592405444514,47.6436882019043,292300
1998-08-25,48.11319311509006,48.33923992047357,47.45244091473826,47.80020523071289,309400
1998-08-26,47.20899668813079,47.748031272783486,47.03511456404928,47.51329040527344,653200
1998-08-27,46.70472652566945,46.86122039712553,44.96590573171303,45.096317291259766,1887300
1998-08-28,45.62665694511606,45.965726994822525,44.58336448448078,44.948516845703125,1225000
1998-08-31,45.19194556795098,45.2962747997354,41.662139892578125,41.662139892578125,1284000
1998-09-01,42.409843821284596,44.00955912737651,41.105728082622704,43.696571350097656,1760300
1998-09-02,43.76611322301035,44.30514759325799,43.192302441778985,43.27924346923828,551100
1998-09-03,42.479363823323894,43.19227987602806,42.14898809158294,42.86190414428711,806800
1998-09-04,43.2270603428042,43.27922493694274,41.69689891474033,42.774967193603516,578100
1998-09-08,44.06168184432007,44.87892692983035,43.59220062498438,44.84415054321289,1187900
1998-09-09,44.56595012076398,44.774608490428115,43.62698745727539,43.62698745727539,879200
1998-09-10,42.54895383060569,42.966270909451026,41.73170788453357,42.149024963378906,1292900
1998-09-11,41.94038301462595,43.853087049289655,41.74041850191111,43.80092239379883,1086900
1998-09-14,44.19215434426072,44.70510675549648,44.07913093161555,44.1834602355957,627700
1998-09-15,43.74871343877725,44.79200549216622,43.73132523788744,44.6702880859375,418000
1998-09-16,45.03545652368954,45.45277349533763,44.287763616153384,45.13978576660156,495200
1998-09-17,43.76614430271317,44.18346153086777,43.6792032135143,43.835697174072266,681100
1998-09-18,43.774481940515265,44.0879030522612,43.53070996471287,43.913780212402344,309400
1998-09-21,42.50344263341525,44.331734922029995,42.43379340337278,44.15761184692383,562200
1998-09-22,44.610295627715686,44.610295627715686,43.74838710563453,43.93992233276367,431900
1998-09-23,44.52324914713852,45.62022399902344,44.23594620974009,45.62022399902344,680200
1998-09-24,45.28067157009323,45.61150516356824,44.14887243452082,44.444881439208984,568800
1998-09-25,44.00089771699236,45.11528531251571,43.826774655191834,44.6451530456543,422200
1998-09-28,45.09789325695045,45.48967032192396,44.78447160497165,45.2894287109375,678800
1998-09-29,45.402555354891774,45.44608608869321,44.34911159689716,44.95854187011719,1089600
1998-09-30,44.40138448628304,44.819279869683356,43.53076910419906,43.56559371948242,673200
1998-10-01,42.90389718106166,43.54815213061494,42.20740534370676,42.468589782714844,1107600
1998-10-02,42.55567067606551,43.635233516456694,41.824353913219866,43.54817199707031,971800
1998-10-05,43.09545182737924,43.461110206520644,42.03330129749232,43.02580261230469,728800
1998-10-06,43.635215947695585,43.939931142861056,42.69495191689927,43.00837326049805,806100
1998-10-07,43.19991752855706,43.7745234448982,42.268359452064594,43.09544372558594,1280800
1998-10-08,41.85919830272924,43.32183251962993,41.49353974850407,43.078060150146484,2218200
1998-10-09,43.49588423369904,44.227200141551464,42.660094624724834,44.12272644042969,1196900
1998-10-12,44.871508588241774,45.11528085065365,44.296902541128084,44.45361328125,630700
1998-10-13,44.57548537102822,44.67995916486657,43.84416881415979,44.11405944824219,288500
1998-10-14,44.01831169577206,44.94987011180205,43.93125016156365,44.40138244628906,939700
1998-10-15,44.29693298794651,49.03308305584016,44.122809823685714,46.734657287597656,1219200
1998-10-16,46.7694235662221,47.03931413408377,46.386353082805535,46.908721923828125,694800
1998-10-19,46.80421256173837,47.50070382009757,46.69973887298448,47.15245819091797,423800
1998-10-20,47.63131335767707,48.19721271213677,47.074120147132135,47.300479888916016,959800
1998-10-21,47.62268043282626,47.80550973613327,47.15254793860823,47.39632034301758,599800
1998-10-22,47.37885290414769,47.744511085326344,46.91742710408892,47.674861907958984,574800
1998-10-23,47.32663577216214,47.4659341850309,46.87391593033866,46.978389739990234,463400
1998-10-26,47.36146398473669,47.6052362258346,46.87391950254087,47.01321792602539,381100
1998-10-27,47.518167504983055,47.596522856310436,46.46472333713715,46.647552490234375,915900
1998-10-28,46.72585994646894,47.0131626068441,46.342789732635396,46.4995002746582,355200
1998-10-29,46.752014481070795,47.60521697998047,46.50824233852517,47.60521697998047,413600
1998-10-30,47.970852101884056,48.25815484586993,47.68354935789818,47.93602752685547,678700
1998-11-02,48.3539367027051,48.73700714111328,48.04922158124405,48.73700714111328,598900
1998-11-03,48.58030767276369,48.824079825960354,48.31041707458167,48.475833892822266,731200
1998-11-04,49.13750154992764,49.50315978258125,48.519365013775115,49.16361999511719,706600
1998-11-05,48.64129042092649,49.868858337402344,48.5542288665665,49.868858337402344,462600
1998-11-06,49.703386886395066,50.112575743228234,49.59020698982419,50.07775115966797,400000
1998-11-09,50.06031389924462,50.112550748530786,49.32029186769057,49.5988883972168,325700
1998-11-10,49.45091290601723,49.82527721146771,49.3116145598031,49.381263732910156,345400
1998-11-11,49.8340200004274,49.86013845954712,49.01564161467615,49.23329544067383,365000
1998-11-12,49.1026670404819,49.712097305168726,49.1026670404819,49.381263732910156,354400
1998-11-13,49.3987259438584,50.00815682437833,49.294252078626414,49.868858337402344,408300
1998-11-16,50.23449255495655,50.40861557941048,49.807891145044444,50.338966369628906,273700
1998-11-17,50.12131399013549,51.26181983218999,49.60765105363767,50.13002014160156,618700
1998-11-18,50.07779479696486,50.68722554032153,50.008145569152674,50.52180862426758,249600
1998-11-19,50.66981961904478,50.77429347392941,50.321573436096024,50.565345764160156,270800
1998-11-20,50.96297405444378,51.198429273381144,50.788562781156834,51.1897087097168,331900
1998-11-23,51.547212118011345,52.515193939208984,51.48616821937726,52.515193939208984,530600
1998-11-24,52.332091703795875,52.40185619865179,51.83501967794746,51.95710754394531,503700
1998-11-25,52.04434339280096,52.08794622741289,51.686800148983124,51.974578857421875,155300
1998-11-27,52.297219309027014,52.305939872526935,52.0443229675293,52.0443229675293,71000
1998-11-30,51.93091956648593,51.93964012392783,50.64899762252734,50.68387985229492,527600
1998-12-01,50.36997293303466,51.29435263021293,50.16067941669241,50.93680953979492,379800
1998-12-02,50.526967537304586,50.779863992013226,49.9601306560611,50.64905548095703,317600
1998-12-03,50.413555410984,50.779818916824055,49.42813216908102,49.57638168334961,638700
1998-12-04,50.02116597950129,50.579282196845796,49.88163692516517,50.509517669677734,1230600
1998-12-07,50.561849806919575,50.779863992013226,50.23046824557722,50.64905548095703,522900
1998-12-08,50.535658440375414,50.78855474663441,49.907777955870316,50.404850006103516,405500
1998-12-09,50.32640195207245,50.5967395816885,50.038623185061816,50.265357971191406,310100
1998-12-10,50.160653292225525,50.23913831997761,49.20139184192218,49.271156311035156,422700
1998-12-11,49.12295583044021,49.454337389388684,48.70436859808425,49.09679412841797,548700
1998-12-14,48.79155164335918,49.096771358733186,48.28575897216797,48.28575897216797,393500
1998-12-15,48.835110098514164,49.323461199499306,48.28571510990588,49.23625564575195,637200
1998-12-16,49.445575541825924,49.445575541825924,48.870018577847,49.044429779052734,537800
1998-12-17,49.19275018974861,49.67238168424181,49.19275018974861,49.515411376953125,1114300
1998-12-18,49.81764574511112,49.96614653025348,49.485702813616435,49.59926223754883,289100
1998-12-21,49.90496429172588,50.979410398479295,49.817610949713405,50.21070098876953,483500
1998-12-22,50.46403282598326,50.7435635600029,49.992324712325114,50.50770950317383,317700
1998-12-23,51.005647307096176,51.608385732201434,50.6999104247964,51.46862030029297,657600
1998-12-24,51.49476590785974,51.721884468267596,51.328794652177066,51.48603057861328,346900
1998-12-28,51.86167337520037,51.870408708428464,51.32881804828657,51.39870071411133,274000
1998-12-29,51.59961486910769,52.28970621406444,51.30261353077188,52.26350021362305,598800
1998-12-30,52.02763217920877,52.25475078845314,51.783042907714844,51.783042907714844,202600
1998-12-31,51.77431539220996,51.914080711304834,51.15410678872642,51.17157745361328,870300
1999-01-04,51.47726173887034,52.33332344774685,50.90073038391269,51.407379150390625,490200
1999-01-05,51.39867420560995,52.23726576300943,51.39867420560995,52.11497116088867,473000
1999-01-06,52.64788410033482,53.5650946247309,52.455706657128026,53.47774124145508,701400
1999-01-07,52.691537501617994,53.381628924467435,52.60418415695351,53.2505989074707,450300
1999-01-08,53.80961786992384,54.01926573175471,53.276762887770374,53.9581184387207,446300
1999-01-11,53.86206054687499,53.92320787477446,53.250587267880306,53.862060546875,603000
1999-01-12,53.63493857896032,53.704821235089256,52.84875869750976,52.848758697509766,539600
1999-01-13,51.32003256737447,52.76136114160712,51.32003256737447,52.18482971191406,1082800
1999-01-14,52.2722428018814,52.2722428018814,50.71735322655805,50.80470657348633,604100
1999-01-15,51.579925552414075,52.35865555651329,51.25618386531665,52.341156005859375,470100
1999-01-19,52.81362542792244,52.81362542792244,51.52740890408139,52.113643646240234,1505900
1999-01-20,52.74361492763056,53.05860665579822,51.93863606675763,52.42862319946289,687500
1999-01-21,52.078644626984925,52.5161332411229,51.536158745453825,51.58865737915039,944500
1999-01-22,50.91488850924513,51.579870727272734,50.818641082951665,51.13363265991211,550700
1999-01-25,51.177459627016496,51.67619705200195,50.59997418755965,51.67619705200195,608400
1999-01-26,51.68494082276286,52.481170654296875,51.42244747170769,52.481170654296875,459600
1999-01-27,52.53365857957087,52.63865589851738,51.238691645897234,51.34368896484375,487100
1999-01-28,51.781158447265625,52.16614847289585,51.64116207430918,51.781158447265625,268200
1999-01-29,52.19241140036527,52.6386499555067,51.54492800663065,52.23616027832031,306900
1999-02-01,52.6298433169099,52.83108793807182,52.16610571162374,52.27110290527344,191400
1999-02-02,52.227433721532705,52.24493328049452,51.448703347732,51.886192321777344,473600
1999-02-03,51.64114314357387,52.63861693523219,51.64114314357387,52.56861877441406,238100
1999-02-04,52.36736945927462,52.6386123086042,51.947380531280444,52.358619689941406,442800
1999-02-05,52.20114136895051,52.34988749755798,51.763652755399136,52.113643646240234,438700
1999-02-08,52.358661114728015,52.50740731107667,51.553681699194094,51.973670959472656,335500
1999-02-09,51.87743318195056,51.991180294678735,50.95870650222298,51.168701171875,341700
1999-02-10,51.23869090581168,51.466185093576556,50.94119850642684,51.30868911743164,751900
1999-02-11,51.579956063564794,52.83117467545449,51.23871462395851,52.63867950439453,687700
1999-02-12,52.341149250265325,52.629891798787355,51.69366595964018,52.02615737915039,410400
1999-02-16,52.41120949093697,52.621204320282956,51.79872457201116,51.912471771240234,728100
1999-02-17,51.781175241992635,52.51615643839807,51.40493486764223,51.763675689697266,466000
1999-02-18,51.92994938466946,52.25369127636833,51.50121012268988,52.096195220947266,589200
1999-02-19,52.197814375510625,52.71488473282344,51.9348972446736,52.460731506347656,382200
1999-02-22,52.41690497146098,53.68767093381875,52.36432155232893,53.670143127441406,418500
1999-02-23,53.47733435371953,53.91552948936128,53.03913921807778,53.60002899169922,632800
1999-02-24,53.678891233375644,53.88922484800438,52.583403657184306,52.65351486206055,695600
1999-02-25,52.32055832922338,52.63605918346995,51.742140096438,52.267974853515625,1438600
1999-02-26,52.56592377068316,52.61850722227104,51.84728326564882,52.101436614990234,356200
1999-03-01,52.16275932358126,52.47825988400615,51.74209190968141,52.19781494140625,336900
1999-03-02,52.504564346620185,52.8463567034084,51.96120213839277,52.32052230834961,242000
1999-03-03,52.171537252276565,52.35557929533012,51.601883309491754,52.07513427734375,201200
1999-03-04,52.44321776299385,53.26702499389649,52.355578695876545,53.267024993896484,584900
1999-03-05,54.02949261146379,54.879591684182685,53.941853531802046,54.75689697265625,1525300
1999-03-08,54.78316598582168,54.84451331615295,54.29238734317155,54.66923522949219,298300
1999-03-09,54.58162210342732,55.160040064060944,54.26612139762717,54.37128829956055,848200
1999-03-10,54.47644390600384,54.932167053222656,54.301165772458134,54.932167053222656,180300
1999-03-11,55.3090465214359,55.931284249691636,54.984781789809674,55.70342254638672,758500
1999-03-12,56.001320229682456,56.01008412956191,55.326499938964844,55.326499938964844,411300
1999-03-15,55.4755003706669,55.94875108472946,55.3878613495442,55.93998718261719,204000
1999-03-16,56.04519112465293,56.150358019648365,55.67710699216889,55.77350997924805,644400
1999-03-17,55.791008619839616,55.94875887983916,55.352813453174214,55.48427200317383,608100
1999-03-18,55.39664042107413,56.35190601289458,55.3177652804651,56.26426696777344,399800
1999-03-19,56.45382971028852,56.59426212250317,55.36547851562499,55.365478515625,501000
1999-03-22,55.43566279273015,55.85695978672177,55.365446627064884,55.681419372558594,118500
1999-03-23,55.28653865520581,55.85704588057307,54.08408496481635,54.27717971801758,824500
1999-03-24,54.39124738527675,54.54045687463445,54.02261217627536,54.4000244140625,253600
1999-03-25,54.95297579167007,55.462043447941724,54.707218992090645,55.400604248046875,385500
1999-03-26,55.02319429455198,55.33039030672446,54.76866045589477,55.20751190185547,258900
1999-03-29,55.72536328498354,56.453856772564826,55.61126189536237,56.10277557373047,441200
1999-03-30,55.56735066494028,56.09397221602168,55.42691825131857,55.769222259521484,552000
1999-03-31,56.03256330953535,56.155441737845734,54.8564412099931,54.90910339355469,452900
1999-04-01,55.330416482399826,55.400632746971404,54.79501746504158,55.198760986328125,267500
1999-04-05,55.80435454145949,56.36608443932885,55.50593553321639,56.24320602416992,457400
1999-04-06,55.91845616013971,56.34853061498932,55.71658447725112,55.96234130859375,231600
1999-04-07,56.38368263811168,56.7874263182725,55.82195230049662,56.734764099121094,313900
1999-04-08,56.74354631770847,57.37549300523747,56.43635001127076,57.331607818603516,362600
1999-04-09,57.06823648675088,57.62996628299081,56.734709420233415,57.22622299194336,402300
1999-04-12,56.52410246075324,58.20929309312353,56.52410246075324,58.14785385131836,900800
1999-04-13,58.06886421102865,58.57793224673597,57.858215368667,58.49016189575195,1310900
1999-04-14,58.85878258631164,59.104539507340085,58.18295105348343,58.6130256652832,1553700
1999-04-15,58.595459878071594,59.06941955952993,58.13905425888949,58.89387893676758,1917400
1999-04-16,58.99179939304232,59.11469897511116,58.30707315008736,58.72844314575195,2050400
1999-04-19,58.956633144081714,60.38753415695921,58.14900803251895,58.64060592651367,5045900
1999-04-20,58.57041785547985,58.97423068841632,57.93836298653583,58.69331741333008,4491000
1999-04-21,58.719606606613304,59.85203735145605,58.517700349780874,59.83448028564453,2419100
1999-04-22,60.09785957369703,60.44900102607037,59.62381861299303,60.3787727355957,1891000
1999-04-23,60.11540435443719,60.46654573501217,59.72914883580471,60.16807556152344,942000
1999-04-26,60.30854203484276,60.30854203484276,59.78182987733321,60.2558708190918,629400
1999-04-27,60.677205122053415,61.028346355398625,60.40507066621087,60.88788986206055,2460600
1999-04-28,60.817637488273924,61.48480556695591,60.659623995954504,60.826416015625,2919100
1999-04-29,61.13368789028484,61.4146008731236,60.74743253888155,61.11613082885742,1922000
1999-04-30,61.39706200700465,61.55507560667952,59.83448307688643,60.46653747558594,3761500
1999-05-03,60.642168612327396,61.92383575439453,60.413926518534616,61.92383575439453,1834900
1999-05-04,61.69554769529085,62.029132045379214,61.08105020828596,61.379520416259766,2046600
1999-05-05,61.43222624424526,61.65168975612096,60.536815115792415,61.44978332519531,2827000
1999-05-06,61.36198675795777,61.713128313081995,60.887945658540076,61.52000045776367,2659100
1999-05-07,61.835999428922335,62.04668426513672,61.3795156171245,62.04668426513672,1749800
1999-05-10,61.95887492461638,62.41535855965181,61.59017660401084,61.80086135864258,1598000
1999-05-11,62.15207784818731,62.362762857842185,61.62536532405013,61.92383575439453,1519200
1999-05-12,61.80086747839096,62.1871229001309,60.11538927443485,61.88865280151367,3325500
1999-05-13,62.345171601584795,62.64364186833414,62.08181548386478,62.5031852722168,1390300
1999-05-14,61.625384301254435,61.86240501010541,61.09867161491893,61.309356689453125,2026200
1999-05-17,61.18644494571905,61.20400203178669,60.501718589081165,61.09865951538086,1204800
1999-05-18,61.34438136334224,61.51995200261912,60.46652816695783,61.14247512817383,1152500
1999-05-19,61.274150848388665,61.41460735463139,60.81766720309981,61.27415084838867,679000
1999-05-20,61.48485413999957,61.62531068857753,61.11615569998244,61.13371276855469,1410900
1999-05-21,61.26266246029191,61.31544476568561,60.66446299916327,60.94596862792969,747200
1999-05-24,61.192267708156415,61.192267708156415,59.76714588976635,59.89030456542969,1241800
1999-05-25,59.855150523460885,60.5765088924973,59.15138626098633,59.15138626098633,1253300
1999-05-26,59.661620084370405,60.43576083450674,59.15139095359873,60.242225646972656,1336500
1999-05-27,60.03108048467443,60.06626869128913,58.67633453000857,59.04581069946289,1617700
1999-05-28,59.09858690347727,59.64400404965405,58.975428193050256,59.19535446166992,702700
1999-06-01,59.23047178377986,59.74949715660669,58.588287847909385,59.731903076171875,1968500
1999-06-02,59.67915139182125,59.87268637569803,58.92260554575748,59.63516616821289,1111500
1999-06-03,59.855164840573174,60.13667061289803,59.64403551132953,60.10148239135742,583900
1999-06-04,60.488511332534756,60.98114609615051,60.1366293585235,60.92836380004883,632300
1999-06-07,61.01634758045928,61.50898245135111,60.87559476020448,61.35063552856445,651700
1999-06-08,61.31542553204671,61.31542553204671,60.45331481437948,60.66444396972656,574000
1999-06-09,60.82283598233271,60.82283598233271,60.08388339012618,60.31260681152344,395400
1999-06-10,59.99587654681653,60.08384704028693,59.309706697747366,59.80234146118164,750600
1999-06-11,60.0310782920608,60.24220752403757,58.74670879753546,59.09859085083008,1043900
1999-06-14,59.397651243745614,59.749533063909986,59.116145787614116,59.50321578979492,589100
1999-06-15,59.749567731912784,60.17182616111358,59.54723556792074,59.87272644042969,697300
1999-06-16,60.400550801362044,60.8404033414244,60.38295669975955,60.68205642700195,773500
1999-06-17,60.52371839505223,61.29785897917499,60.38296556157537,61.20988845825195,632500
1999-06-18,61.187761199608275,61.346278715669435,60.97640451152673,61.13492202758789,264300
1999-06-21,61.293434672272966,61.41672606385512,60.659364658421865,60.9411735534668,309700
1999-06-22,60.65936797268017,60.994016053830265,60.315913363078764,60.395172119140625,398800
1999-06-23,60.289468110447196,60.32469420925552,59.90198102355563,60.025272369384766,493800
1999-06-24,59.954890654072955,59.97250372418285,59.039011008358564,59.53217697143555,603500
1999-06-25,59.81392076530925,59.97243822316784,59.46165974784571,59.59375762939453,297600
1999-06-28,60.06054826277212,60.307131158865616,59.88441762270534,60.13100051879883,522300
1999-06-29,60.07811307408668,60.870700317808144,59.92840215027263,60.65934371948242,308300
1999-06-30,60.765019389561246,62.13883721923828,60.44798450578962,61.64567184448242,1151100
1999-07-01,61.90984611823469,62.56152870895295,61.46952004342505,62.403011322021484,1408100
1999-07-02,62.455916301429426,62.98430814831123,62.35023793205306,62.93146896362305,393900
1999-07-06,62.94903333110194,63.406972577494955,62.71125718393633,62.7905158996582,548000
1999-07-07,62.70245532294949,63.037103258661865,62.45587263347722,62.87858581542969,563100
1999-07-08,62.61445876886444,63.26614230598061,62.56161956315232,62.64968490600586,430000
1999-07-09,62.966691058106214,63.178047783336226,62.79056045374788,63.16043472290039,323300
1999-07-12,63.45987252157872,63.45987252157872,62.8962544475597,63.03715896606445,414200
1999-07-13,62.614387399289434,63.25726366935246,62.455869962835536,63.07232666015625,341900
1999-07-14,63.30134325644031,63.30134325644031,62.7024991633076,62.93146896362305,354100
1999-07-15,63.30135576934111,63.318968834385444,62.82580301314405,62.95790100097656,287100
1999-07-16,63.10857941695337,63.249525434635004,62.82668738159009,63.161434173583984,226300
1999-07-19,63.35522885871203,63.4961748628471,62.967627347340596,63.01167297363281,290700
1999-07-20,62.73864432568902,63.038154843391,61.73440317810007,61.82249450683594,816500
1999-07-21,61.928205229871445,62.351043615509255,61.64631297277957,61.98106002807617,534900
1999-07-22,61.89298539676373,62.28058735484195,61.27634591800292,61.69918441772461,1008500
1999-07-23,62.016295162517906,62.069149959531416,61.24109147298643,61.48774719238281,541700
1999-07-26,61.29395947525069,61.58466092145409,61.08254024164821,61.13539505004883,377600
1999-07-27,61.54065741753225,62.14848813064558,61.39971116521612,61.804931640625,1080200
1999-07-28,61.804894042655036,62.157259459089786,61.62871133443766,61.69918441772461,459100
1999-07-29,61.135360494355396,61.223451791897695,60.28968403794933,60.765377044677734,1201800
1999-07-30,60.85349918918122,61.020872739354125,59.93734923034005,59.9549674987793,788700
1999-08-02,59.97257562452747,60.83587063204858,59.778774704471715,60.078285217285156,673700
1999-08-03,60.39540781939885,60.46588087403059,59.68186814125251,60.1663703918457,1141400
1999-08-04,60.413010922199184,60.95036782891458,60.04302747823121,60.13111877441406,1571300
1999-08-05,60.32494550319305,61.0825309753418,59.47926869707352,61.0825309753418,1613300
1999-08-06,60.606845113255034,61.02968356753356,60.04306050755034,60.3778076171875,800600
1999-08-09,60.43063370739147,60.642052834064565,60.183978059606204,60.3953971862793,634100
1999-08-10,60.32497482835828,60.41306620515203,59.35596968362706,60.18402862548828,2335100
1999-08-11,60.53634100931662,60.94156098696921,60.06064799207228,60.88870620727539,716300
1999-08-12,61.029650615534166,61.522961879170126,60.81823150254733,60.83584976196289,595100
1999-08-13,61.57578670978546,62.01624298095703,61.461268079280856,62.01624298095703,567200
1999-08-16,62.01628888875406,62.40389069430877,61.81367885403228,62.38627243041992,663300
1999-08-17,62.95003803338898,62.98527455062009,62.12197987845774,62.72100067138672,625600
1999-08-18,62.492019695627484,62.86200346038874,61.91061663671694,61.95466232299805,776200
1999-08-19,61.47014598802988,62.12202199879431,61.46133685274928,61.8753662109375,732600
1999-08-20,62.07532011112002,62.81683417388084,62.004699724190424,62.79917907714844,688300
1999-08-23,63.11697769848959,64.01738772999252,63.00221955721961,64.00856018066406,1016900
1999-08-24,63.71727790579191,64.26458619481367,63.15231451067267,63.8055534362793,1476300
1999-08-25,63.94676022587305,64.19393157958984,63.28469409984593,64.19393157958984,864200
1999-08-26,63.92915475508121,63.99977519667754,63.25826055991603,63.31122589111328,749500
1999-08-27,63.50537092621262,63.50537092621262,62.71089172363281,62.71089172363281,656000
1999-08-30,62.79920203310029,62.869822445844854,61.545689706884346,61.616310119628906,789600
1999-08-31,61.66927413521958,62.12830680842763,60.89244961132904,61.15727615356445,1038800
1999-09-01,61.545724336718806,61.898826599121094,61.31620786615731,61.898826599121094,1136500
1999-09-02,61.05133832555987,61.43975054162763,60.66292610949211,61.24554443359375,1048200
1999-09-03,62.37546096150625,62.88745880126953,62.14594468850891,62.88745880126953,709500
1999-09-07,62.552027462291065,62.81685399684776,62.21658051851925,62.287200927734375,423700
1999-09-08,62.004687569161646,62.85213204618891,61.93406719607604,62.322479248046875,773400
1999-09-09,62.39309423262282,62.72854097580897,62.00468221419676,62.463714599609375,554800
1999-09-10,63.16992372507414,63.20523391161694,62.28716906150407,62.322479248046875,660100
1999-09-13,62.16358340860426,62.42840980767528,62.057652848975856,62.322479248046875,518700
1999-09-14,62.075275282684,62.075275282684,61.58093293117229,61.77513885498047,806700
1999-09-15,62.287179931428454,62.304835027780896,60.927737512290136,60.94539260864258,1055000
1999-09-16,61.17490099945999,61.17490099945999,60.09794026036416,60.75117874145508,1439300
1999-09-17,61.267182760447646,61.443949011920374,61.00203338323855,61.30253601074219,580400
1999-09-20,61.35557367458901,61.35557367458901,61.01971775415767,61.10810089111328,341300
1999-09-21,60.577838840264995,60.70157530711117,59.69400693422086,59.87077331542969,1491900
1999-09-22,60.02984786490697,60.02984786490697,59.33162083585402,59.4730339050293,1561300
1999-09-23,59.9414495049057,59.959126134072584,58.05888849863249,58.08540344238281,2152200
1999-09-24,57.91748206164307,58.53616415294706,57.3783448106496,58.058895111083984,1745100
1999-09-27,58.66872188270942,58.89851802144856,58.22680623128798,58.315189361572266,1184200
1999-09-28,57.97935263083799,58.40359179642948,56.98946124445783,58.120765686035156,2126400
1999-09-29,58.120741675881774,58.5096274170221,57.625796187157725,57.696502685546875,1055300
1999-09-30,58.13849512314192,58.89859098519577,57.873345403820814,58.61576461791992,1157000
1999-10-01,58.00587182999239,58.35056617729845,57.57279431671041,58.032386779785156,1263800
1999-10-04,58.47429221049642,59.05762100219726,58.40358569029026,59.057621002197266,655500
1999-10-05,59.01341328585812,59.49952047931659,58.06771383676619,58.836647033691406,2400000
1999-10-06,59.07528010506838,59.90608147099843,58.969220356226245,59.888404846191406,856900
1999-10-07,59.99446656333422,59.99446656333422,59.464167801725495,59.5437126159668,529900
1999-10-08,59.62324081505893,60.29495239257812,59.37576812860449,60.294952392578125,924000
1999-10-11,60.17123031616211,60.59546930781542,60.07400888057489,60.17123031616211,209600
1999-10-12,60.11823411338155,60.11823411338155,58.93389959835756,58.951576232910156,1083900
1999-10-13,58.68648811709421,59.075374484135196,57.69659554644443,57.73194885253906,1821400
1999-10-14,57.926342879375504,58.54502521101363,57.25463063359696,58.050079345703125,1619400
1999-10-15,57.11442457437515,57.52112171530723,56.5132201051712,56.58395004272461,2300500
1999-10-18,56.70775065050726,57.362002840737624,56.33641832632246,57.220542907714844,2019900
1999-10-19,57.980877773039936,58.47598743380392,57.574180551698085,57.82173538208008,1207500
1999-10-20,58.281512088896314,58.88271700728906,57.99859212729973,58.688209533691406,1329300
1999-10-21,57.78640684836581,58.52907180786133,57.5388518618673,58.52907180786133,993200
1999-10-22,58.90039944306515,59.6076993463142,58.74125696483411,59.130271911621094,1149700
1999-10-25,58.67051160551761,58.95343149270516,58.36990922538084,58.49368667602539,619500
1999-10-26,58.81197505307793,58.95343500509976,58.10467529296875,58.10467529296875,1208500
1999-10-27,58.458321447852704,59.04184371275868,58.15771906896175,58.98879623413086,791800
1999-10-28,60.01441652404248,60.332701585159974,59.73149646971582,60.29733657836914,1030400
1999-10-29,60.79241013513063,61.11069500494806,60.47412526531319,60.86314010620117,2217100
1999-11-01,60.827799067251,60.89852906616641,60.261959075927734,60.261959075927734,559800
1999-11-02,60.527178778442526,60.93387615264766,59.784514008154886,59.80219650268555,975300
1999-11-03,60.43880037968213,60.43880037968213,59.837595226695235,60.10283279418945,1025500
1999-11-04,60.56252157562363,60.79239392029023,60.03204693408532,60.33264923095703,578600
1999-11-05,61.093033039788104,61.30522302429678,60.50951058238926,60.84547805786133,1139100
1999-11-08,60.19120975090267,60.86314452485517,60.19120975090267,60.757049560546875,628600
1999-11-09,61.039958745293724,61.039958745293724,59.979009288538904,60.15583419799805,668000
1999-11-10,59.74912394442648,60.45642342882336,59.64302902176695,59.97899627685547,825600
1999-11-11,60.120478814059055,60.33266873928514,59.731463951144555,60.032066345214844,727400
1999-11-12,60.52713592621962,61.14602279663086,59.71374175367913,61.14602279663086,818200
1999-11-15,61.05765563964843,61.243321838378904,60.70400573730468,61.004608154296875,573400
1999-11-16,61.35828515156499,62.233569046378385,60.898540075501394,62.198204040527344,1382000
1999-11-17,61.924081846572804,62.08322426136982,61.676526979110776,61.8003044128418,433900
1999-11-18,62.20700400940485,62.649066289176055,62.01249660630551,62.53413009643555,645300
1999-11-19,62.29638028886403,62.61521305690485,62.1192509732858,62.358375549316406,327800
1999-11-22,62.34958884686533,63.0403939505664,62.216741711538205,62.98725509643555,324000
1999-11-23,63.04037602922979,63.04037602922979,62.243293443864424,62.4027099609375,362000
1999-11-24,62.11929137941151,62.63296672871374,62.075009021713036,62.42926788330078,251600
1999-11-26,62.721543746155234,62.721543746155234,62.01302588401284,62.030738830566406,165100
1999-11-29,62.10156887251952,62.26984180585921,61.756166535664384,62.09271240234375,390700
1999-11-30,62.092696555665746,62.63294109851207,61.33104031493158,61.6055908203125,620000
1999-12-01,61.605627375572126,62.42042290727895,61.58791442923067,62.4027099609375,435500
1999-12-02,62.43812007610365,62.81009185528044,62.429263605170874,62.6949577331543,266100
1999-12-03,63.3768999250388,64.26254693349378,63.35033051478515,64.02342224121094,862700
1999-12-06,64.02341522512033,64.12083638537435,63.50088354739421,63.624874114990234,304000
1999-12-07,63.828603445151984,63.9437375987231,63.03152084350585,63.03152084350586,505300
1999-12-08,62.925252952197994,63.41235906231353,62.61527633666992,62.61527633666992,454800
1999-12-09,63.18212905395713,63.57181417848392,62.61531432737271,63.128990173339844,832800
1999-12-10,63.57176047068366,64.03229704695498,63.02265916820631,63.7488899230957,472000
1999-12-13,63.323759255851414,63.855147445411006,63.270620436895456,63.6071662902832,570900
1999-12-14,63.235196198345626,63.81972322202781,63.18205737801088,63.37689971923828,536300
1999-12-15,63.12892444586704,63.996858592288895,63.11121150410333,63.63374328613281,465700
1999-12-16,63.8994946611037,63.8994946611037,63.128981004067526,63.71350860595703,623500
1999-12-17,64.14703538635762,64.67006953337186,64.00519561767578,64.00519561767578,472700
1999-12-20,64.25345957740531,64.28891954405951,63.04782071116261,63.225120544433594,521700
1999-12-21,63.012363863603,63.91659305804412,62.94144392678409,63.5797233581543,773700
1999-12-22,63.72157378767859,63.96092861409307,63.491083954835005,63.65065383911133,407800
1999-12-23,64.11159955526222,64.95377349853516,64.11159955526222,64.95377349853516,524600
1999-12-27,64.99805166321804,65.19308127813768,64.64345236336415,64.74983215332031,450400
1999-12-28,64.59029976483728,65.41474361305714,64.59029976483728,65.28176879882812,769600
1999-12-29,65.52114202459956,65.57433196535827,65.06902752815056,65.17540740966797,273900
1999-12-30,65.51224396481042,65.6540837352349,64.89169496920329,64.93601989746094,494700
1999-12-31,65.05127446365563,65.58317368249175,64.9005696849854,65.3526840209961,549000
2000-01-03,65.83144612039239,65.83144612039239,64.11163726672201,64.39531707763672,1278800
2000-01-04,63.70386040629865,64.09392022509591,62.27659606933594,62.27659606933594,1535700
2000-01-05,62.409539311169375,63.75701800084235,61.85990984564487,63.08327865600586,2007000
2000-01-06,63.20742825800407,64.20917291342545,63.083318300695225,63.40245819091797,2639500
2000-01-07,64.28892277226304,65.56548163591525,64.23573281961086,65.53002166748047,3767400
2000-01-10,66.2746620137116,66.2746620137116,65.49454293168824,65.81368255615234,762900
2000-01-11,65.33494530806047,66.23917385913539,65.2551604359068,65.32608032226562,1658700
2000-01-12,65.53001257581975,65.92007217448534,65.33498277648695,65.49455261230469,813300
2000-01-13,65.82250641387644,66.16824079099983,65.37039222840738,65.74272155761719,1192200
2000-01-14,66.6469886495712,66.66471862792969,65.88459958015603,66.66471862792969,1935500
2000-01-18,66.06186491213971,66.31008447971081,65.52996583877304,65.6540756225586,656500
2000-01-19,65.6009201619224,65.69843504324417,65.01583087399175,65.56546020507812,1003400
2000-01-20,65.77823836489978,65.79596834828654,63.9165901092894,64.52827453613281,887000
2000-01-21,64.82806546536179,64.82806546536179,63.763565211414964,64.04743194580078,783200
2000-01-24,64.29584884643555,64.50874900817871,61.918463706970215,62.450714111328125,2066100
2000-01-25,62.78784187790085,62.94751709036231,61.74108215176461,62.64590835571289,1728200
2000-01-26,62.57492442690837,63.231366786929804,62.52169937069041,62.71685791015625,1001400
2000-01-27,63.08943330368193,63.3644294274747,61.98944880851087,62.71685791015625,853900
2000-01-28,62.361961333669136,62.486153006310865,60.82730709316775,60.978111267089844,1253300
2000-01-31,60.82729812299824,62.23776048285776,60.747460630930725,62.16679382324219,996600
2000-02-01,62.202308324012314,62.85875025441404,61.90069986950341,62.61036682128906,786500
2000-02-02,62.66356725013494,63.12485058776334,62.255508913002124,62.273250579833984,618100
2000-02-03,62.80551716213313,62.823258833647856,61.43940845549916,62.73455047607422,863300
2000-02-04,62.699143696483006,63.000752480535134,62.07818443519922,62.3088264465332,474000
2000-02-07,61.971688747406006,62.14910554885864,61.528146743774414,61.74104690551758,718900
2000-02-08,62.39744784015461,62.64583119806253,61.953906129604746,62.06035614013672,993100
2000-02-09,61.989390005531526,62.09584001698922,60.623281525157765,60.69424819946289,819900
2000-02-10,60.89835151612202,61.08463926293026,60.18868390923349,60.7475471496582,1263500
2000-02-11,60.49912540536178,60.49912540536178,58.83140757893832,59.32817459106445,2148400
2000-02-14,59.61206047455846,59.949152483194354,59.3636768892478,59.89592742919922,1300800
2000-02-15,59.9491437720032,61.24428656435485,59.62092265339353,60.99590301513672,1360000
2000-02-16,60.676562472060105,61.137846280327224,60.03786181445947,60.07334518432617,725800
2000-02-17,60.62327100467653,60.66762516842008,59.416837750852125,59.4878044128418,1164100
2000-02-18,59.685474946038354,59.685474946038354,57.98017566186583,58.122283935546875,1526700
2000-02-22,58.477555114375065,58.81506226722231,57.411743052752186,58.4420280456543,1518800
2000-02-23,58.530845222379874,58.83282530395209,57.76701325134427,58.122283935546875,1558900
2000-02-24,58.29996465935427,58.37101885150461,56.5946640477461,57.980220794677734,4518700
2000-02-25,57.18084489414793,57.678224097949155,55.813052083694565,56.026214599609375,3316900
2000-02-28,56.38148691859181,57.76704330789558,55.84858061501344,56.923274993896484,3068300
2000-02-29,57.51838947002704,58.051296105018025,57.092064162034255,57.73155212402344,1205000
2000-03-01,57.85588470918813,58.424318332367136,57.23416043383609,57.767066955566406,1136200
2000-03-02,57.678275023344916,58.12236399026318,57.41182164319395,57.80261993408203,576000
2000-03-03,58.74405923446306,59.427955902297,58.54866018651051,59.04603958129883,1678200
2000-03-06,59.010465576828175,59.10816502314742,57.491683274956166,57.820308685302734,1220500
2000-03-07,57.6782276995328,57.713754787737,55.440021142667646,55.70647430419922,3745500
2000-03-08,56.132829594105175,56.48810066748559,55.22688835698512,55.972957611083984,2618900
2000-03-09,56.18611185061673,57.09205295222326,55.31569785103399,57.02988052368164,1715100
2000-03-10,56.790068388733566,57.447319727608495,56.257161897753896,56.594669342041016,1352600
2000-03-13,55.049210051820154,56.94990881772682,55.049210051820154,56.630165100097656,1506500
2000-03-14,57.02100727755621,57.23416992158445,55.70650430604868,55.972957611083984,854300
2000-03-15,56.061766086029394,57.97134778889637,55.51109601357473,57.767066955566406,2040200
2000-03-16,58.29993918320921,60.75130774118693,58.2111214818332,60.69801712036133,4857700
2000-03-17,60.3432082321113,61.321650582573014,60.1564146924777,60.41436767578125,3710500
2000-03-20,60.50335069927574,61.10820630756018,60.28097731387705,60.80577850341797,1812000
2000-03-21,60.663468534594145,62.157817906120805,60.30767106518304,62.12223815917969,2310300
2000-03-22,62.1399682078332,62.193337776863686,61.375004385062844,61.810855865478516,2434800
2000-03-23,61.695308912725636,63.474297058998,61.62414938687474,63.26081848144531,1894400
2000-03-24,62.92281073365357,64.02578338434243,62.78049168195178,63.26081848144531,1903400
2000-03-27,63.38531844454458,63.7055361633214,62.4424551614795,62.513614654541016,1431300
2000-03-28,62.12227976335798,63.18077794374739,62.12227976335798,62.26459884643555,1575100
2000-03-29,62.531377074411715,63.3141311544328,62.015470976215994,63.04728317260742,1426600
2000-03-30,62.54921699017033,63.47429073405225,61.97994084008914,62.65595626831055,3573300
2000-03-31,63.07400764430475,63.331960855655026,62.086669490515746,62.300148010253906,1103400
2000-04-03,62.22895527362031,64.15026092529297,62.1222160707496,64.15026092529297,1411100
2000-04-04,64.07911384339164,65.09313646667685,60.53892959718539,63.580997467041016,6635600
2000-04-05,62.798274916133686,63.93682720923073,62.55811154180853,62.83385467529297,3400700
2000-04-06,63.40312475349705,63.88345145617506,62.833848661434224,63.4298095703125,2279700
2000-04-07,63.741124387189146,63.75001932500483,62.94057998377762,63.136268615722656,1027100
2000-04-10,63.31414905235346,64.31927673469625,63.13625034751403,63.79447555541992,1833500
2000-04-11,63.901228780514884,64.74624781366478,63.10068443332024,64.47050476074219,3624800
2000-04-12,64.82627875340064,65.19986598002562,62.90497301647219,62.91386795043945,3620700
2000-04-13,63.394208368512956,63.509842535594565,61.90875406831067,62.06886291503906,4333100
2000-04-14,61.1615652704435,61.6241018315347,57.79038533479806,58.35966110229492,4518600
2000-04-17,58.56426294344776,60.36104014797031,58.20846547720567,60.3432502746582,5978400
2000-04-18,60.61014279411748,61.35731802081338,60.281029896644284,60.948150634765625,1576900
2000-04-19,61.16157592005587,61.51737333669377,60.530035505523585,60.80577850341797,1536500
2000-04-20,60.97383406106784,61.95269012451172,60.84925238026589,61.95269012451172,1886300
2000-04-24,60.938196438461986,62.21960711123338,60.795817474820716,62.006038665771484,1714200
2000-04-25,62.48657335186567,63.57221304838057,61.95265218964523,63.376441955566406,2798800
2000-04-26,63.536585602191614,63.536585602191614,62.04160711743417,62.07720184326172,2051700
2000-04-27,60.99161336166223,62.36201144419739,60.99161336166223,61.72130584716797,1656700
2000-04-28,62.29084276446486,62.36203229905283,60.93824160729363,61.25859451293945,1166000
2000-05-01,61.48988967961659,62.272973658170315,61.027158237743926,61.57887649536133,1385800
2000-05-02,61.22291026029124,61.641148164685674,60.83136839234752,60.97374725341797,705000
2000-05-03,60.66230077294274,60.777983611441826,59.08723443337829,59.692344665527344,2333500
2000-05-04,59.959349481983764,59.959349481983764,59.10507558019237,59.407630920410156,1154900
2000-05-05,58.838102876242544,60.30638584275495,58.838102876242544,60.27968978881836,1352100
2000-05-08,59.95041032864281,60.582216642036556,59.799132760647126,60.33305358886719,665500
2000-05-09,60.40424873424453,60.90257488762074,59.79913840514485,60.0127067565918,1194600
2000-05-10,59.53222868446862,59.85258148456442,58.446588639699534,58.838130950927734,1832600
2000-05-11,59.22963907589021,60.31527849404806,59.158449605847075,60.22629165649414,1342700
2000-05-12,60.36867603975183,60.813610267639156,60.22629708682789,60.51105499267578,999400
2000-05-15,60.6356437247927,61.650093883968864,60.40427789901568,61.62339782714844,721400
2000-05-16,62.006043854544956,62.52216764093468,61.61450167176655,62.25520706176758,1155300
2000-05-17,61.68568622651067,61.899254672765174,61.25854933400165,61.365333557128906,896000
2000-05-18,61.51661404070985,61.97044700990936,61.169565299557284,61.18736267089844,931300
2000-05-19,60.78466033935547,61.05204154319428,60.18750898411547,60.78466033935547,1394200
2000-05-22,60.53509393160534,60.65987180484481,59.109061094582835,60.1964111328125,1233400
2000-05-23,60.23209610304955,60.2855723647569,59.33191236430909,59.57255554199219,715700
2000-05-24,59.74188390538476,60.28555911323624,59.019954531024595,60.1429557800293,1256700
2000-05-25,60.30338146490751,60.35685771214213,58.503014474675275,59.037776947021484,1199600
2000-05-26,59.01991291046142,59.31403207778931,58.48515078804709,58.82383346557617,918800
2000-05-30,59.39428828069283,60.178606613331034,59.05560536432633,60.1429557800293,822500
2000-05-31,59.91121130244315,60.51727532632981,59.893385889975896,60.07164001464844,476100
2000-06-01,60.45486228734674,61.03418796163209,60.089441477412905,60.74898147583008,791900
2000-06-02,62.03241548675418,62.15719333399765,61.32831192016602,61.328311920166016,751000
2000-06-05,61.248126534336436,62.023532094360775,61.248126534336436,61.74723815917969,750600
2000-06-06,61.319379049282595,61.5956727630221,61.069823436872724,61.399593353271484,392700
2000-06-07,61.24810204782367,61.99676918577728,61.052022559312014,61.800689697265625,895300
2000-06-08,61.44420919845353,61.44420919845353,60.677716307379114,60.909446716308594,847900
2000-06-09,61.44420775559489,61.44420775559489,60.40142093989941,60.615325927734375,818500
2000-06-12,60.829182626790214,60.855920729043746,60.267682479465996,60.3033332824707,429700
2000-06-13,60.000314450599774,60.864846610687145,59.82206039697351,60.74898147583008,954000
2000-06-14,60.98965961282904,61.310517094352036,60.69554025476629,61.17682647705078,614900
2000-06-15,61.10543965609947,61.46194747206271,60.82914609872796,60.945011138916016,647700
2000-06-16,61.094129510766315,61.15655235510661,59.649486541748054,59.64948654174805,3000700
2000-06-19,59.79217845965293,60.53233518033171,59.542487035809486,60.264808654785156,930300
2000-06-20,60.15776676892665,60.1756018613574,59.39085779440431,59.78322982788086,1360800
2000-06-21,59.53354166291028,60.06859446395501,59.435448649385414,59.89024353027344,599800
2000-06-22,59.69409157679631,59.943783026475174,58.9985225384052,59.355224609375,888200
2000-06-23,59.480058474857465,59.91701842467276,59.23036707496301,59.60490417480469,726800
2000-06-26,59.890198314130146,60.478755950927734,59.76535275480945,60.478755950927734,1014800
2000-06-27,60.30042743004089,60.6392940733922,59.97939587318176,60.13991165161133,415600
2000-06-28,60.353932689517414,60.75522213559133,59.970478329935666,60.13991165161133,516900
2000-06-29,59.70297114454585,60.10426071907977,59.14116574019837,59.497867584228516,444300
2000-06-30,59.09656117033816,59.64053132748176,58.98063310406165,59.569190979003906,655200
2000-07-03,59.7831878347124,60.478755950927734,59.55133179597396,60.478755950927734,267700
2000-07-05,60.131033652737024,60.425312773386636,59.72082639364969,59.92593002319336,785200
2000-07-06,60.12213869460664,60.18456156183628,59.3908993927737,59.97945785522461,330700
2000-07-07,60.246931608874156,60.924665001750775,60.01507544815321,60.68389129638672,634500
2000-07-10,60.5322835814785,61.19218178198372,60.5322835814785,60.78197479248047,387500
2000-07-11,60.7641750682484,61.771858041936696,60.657164486971766,61.210052490234375,1001400
2000-07-12,61.72717254085817,61.97686350172844,61.37938870250314,61.53098678588867,977100
2000-07-13,61.94127717393416,62.03045263776073,61.424059483740066,61.63808059692383,1176200
2000-07-14,61.74511059547407,61.88779138252311,61.424078824613716,61.78078079223633,551300
2000-07-17,61.566740225862574,62.03045263776073,61.38838929820944,61.63808059692383,690600
2000-07-18,61.388386822743705,61.638078111389376,61.085190257959674,61.42405700683594,347600
2000-07-19,61.38837561871498,61.7272423057445,61.03167384289444,61.174354553222656,764300
2000-07-20,61.531086290370965,62.26232528686523,61.531086290370965,62.262325286865234,657900
2000-07-21,61.73413875504075,61.921671940901575,61.153678894042976,61.15367889404297,471000
2000-07-24,61.36799804169648,61.582321666987625,60.975071395329394,61.046512603759766,414300
2000-07-25,61.35015680247801,61.439458340764006,60.97509034167684,61.02867126464844,275600
2000-07-26,60.88578831076057,61.010810463349394,60.23388708654738,60.2963981628418,406500
2000-07-27,60.34103171845786,60.85898048857339,60.09991763581788,60.600006103515625,804400
2000-07-28,60.73395469188691,60.8679069519043,59.742707967758186,60.01061248779297,523100
2000-07-31,60.260656706492114,60.58214213053386,59.93917128245036,60.01061248779297,352300
2000-08-01,60.314260144278684,60.760767844488036,60.03742537014889,60.5821647644043,385600
2000-08-02,60.5285682745069,61.2965613213655,60.51070797109159,61.15367889404297,724600
2000-08-03,60.63574501675239,61.430528714321014,60.60895455503659,61.11797332763672,658400
2000-08-04,61.22514465686886,61.57342071311418,60.94830984293028,61.43946838378906,880100
2000-08-07,61.60015804720968,62.314569854077874,61.35904406239167,62.0823860168457,1176900
2000-08-08,62.046657932963114,62.85037111862326,61.921635881860425,62.67176818847656,807200
2000-08-09,62.528933525085456,62.7521873580085,62.24316861894396,62.36819076538086,1227000
2000-08-10,62.30565335624378,62.63606888930685,62.20742171127909,62.42174530029297,429800
2000-08-11,62.42170781125026,63.31472222915083,62.385987234534234,63.06467819213867,1093800
2000-08-14,63.02901573021095,63.99347219080358,62.92185390125621,63.850589752197266,1212700
2000-08-15,63.71659258990221,63.72552273602553,63.225434553119506,63.40403747558594,1258400
2000-08-16,63.45761883359446,63.618361465033345,62.73427699211949,63.47547912597656,1050000
2000-08-17,62.877245578491625,63.50235666931599,62.877245578491625,63.35054397583008,590600
2000-08-18,63.473884655920614,63.473884655920614,62.919605663150605,63.18780517578125,349000
2000-08-21,63.473969288966515,63.58124923706055,63.062729487939414,63.58124923706055,755100
2000-08-22,63.55442815562359,64.08188789133632,63.509728178020815,63.822628021240234,1054000
2000-08-23,63.61699936956568,64.01035911833759,63.31303956369648,63.795799255371094,602900
2000-08-24,63.742162175092076,64.15340193106042,63.59912225997266,64.09976196289062,408400
2000-08-25,64.01031502637792,64.22487474155014,63.81363528747006,64.21593475341797,134900
2000-08-28,64.21597516635889,64.84177472944465,64.1265752287752,64.47523498535156,531700
2000-08-29,64.3321404175042,64.43942025144112,64.08182080498473,64.38578033447266,327200
2000-08-30,63.903023413871836,64.22486292742799,63.47390406246363,63.599063873291016,357300
2000-08-31,63.795817848707976,64.78815750414611,63.760057861124615,64.35009765625,889600
2000-09-01,64.61821997466932,64.79701969789751,64.26956051437433,64.38578033447266,302000
2000-09-05,64.04614849320313,64.72558837113215,63.97462850605272,64.5736083984375,375700
2000-09-06,64.67192207391192,65.2798417174046,64.67192207391192,64.76132202148438,715300
2000-09-07,64.52880859375,64.79700813071487,64.23378910308863,64.52880859375,650300
2000-09-08,64.23382266969577,64.52884231452526,64.01926292800158,64.13548278808594,419300
2000-09-11,64.06397381062757,64.65401320101293,63.74213414314465,64.15337371826172,765600
2000-09-12,64.04613827880387,64.68981806050039,63.5991384304035,64.60041809082031,617600
2000-09-13,64.18912703540163,64.36792683215762,63.84046743172743,64.11760711669922,353400
2000-09-14,64.2711639082155,64.43228938876534,63.42973084312187,63.59980773925781,663000
2000-09-15,63.465521871496776,63.5908416608058,62.42715790293632,62.44506072998047,460400
2000-09-18,62.69569972480968,62.71360255168712,61.791606967498744,62.0153923034668,1033800
2000-09-19,62.12277887457531,62.12277887457531,61.63940278534951,61.8542366027832,714100
2000-09-20,61.87216577134169,62.08699968026996,60.45784253756391,61.26346969604492,3727200
2000-09-21,61.04866870431339,61.87219913258272,60.8696403503418,60.8696403503418,1943500
2000-09-22,60.83381728249035,62.37346068634385,60.72640030082616,62.301849365234375,1539300
2000-09-25,62.230201666049794,62.42713268398033,61.74682553112938,61.92585372924805,552100
2000-09-26,61.72897398159509,61.81848815500227,60.8159294128418,60.8159294128418,711500
2000-09-27,61.22764145329461,61.245544272433,60.60104278345095,61.021759033203125,612500
2000-09-28,60.95022146798776,62.23027458443984,60.914415786408675,62.069149017333984,1042400
2000-09-29,61.8363492435755,61.943766179146266,61.08443069458008,61.08443069458008,780400
2000-10-02,61.290306436378955,61.505140283972516,60.92329861340663,61.35296630859375,481400
2000-10-03,61.53205665978202,62.319781563195,61.299319756500914,61.317222595214844,2242400
2000-10-04,61.62158664313888,62.23028331538372,61.38884968022174,61.809566497802734,1312100
2000-10-05,61.84532681437695,62.19443200264743,61.4067074752679,61.567832946777344,652100
2000-10-06,61.44250504447125,61.85427008410494,60.278821236810806,60.83380889892578,1306700
2000-10-09,60.74428706069832,61.03073226935472,60.48469609035345,60.610015869140625,555100
2000-10-10,60.726395303307456,60.950180663357976,60.081893466361976,60.099796295166016,565500
2000-10-11,60.02819227865448,60.618985701021195,59.329981870402904,59.813358306884766,1241600
2000-10-12,59.804440393245976,59.804440393245976,57.441265379952014,57.50392532348633,2638900
2000-10-13,57.333826325422415,58.578073297980374,57.333826325422415,58.36323928833008,1456700
2000-10-16,58.56912683776828,58.97194063995376,58.44380698819946,58.837669372558594,566400
2000-10-17,58.98978749725825,59.09720440924112,57.50385354816191,57.629173278808594,906200
2000-10-18,56.71618640874569,57.754550932643184,55.427182172183294,57.16375732421875,3011000
2000-10-19,58.00516789293831,58.363224484870024,57.58445139741854,58.34532165527344,1539600
2000-10-20,57.86592338198707,58.905645673237146,57.83007088918534,58.726383209228516,1682500
2000-10-23,58.86976350074355,59.434439977684306,58.672574889748375,59.16554641723633,866900
2000-10-24,59.22826567589336,59.86464685975965,58.995224678984584,59.33582305908203,1545400
2000-10-25,59.407543113436226,60.052887576949715,58.92353476580111,59.02212905883789,1586400
2000-10-26,59.13872164426761,60.07088700513512,58.80708589088206,59.47932052612305,2003600
2000-10-27,59.83775626862309,61.03881368923356,59.51508412577251,60.913330078125,1576000
2000-10-30,60.69827413311038,62.3474889057761,60.69827413311038,62.0606689453125,4240300
2000-10-31,62.48189371648907,63.055533251398735,61.863438592914584,62.75975036621094,4993400
2000-11-01,62.61628723144532,63.055479626856254,62.20398416636566,62.61628723144531,3410300
2000-11-02,62.65214213669326,62.885183008732454,62.3115439390975,62.32050704956055,1556300
2000-11-03,62.526704282041855,62.526704282041855,61.711060633867284,62.078548431396484,1663700
2000-11-06,62.22196292091723,63.17205339478891,62.07855303806868,63.1182746887207,2280300
2000-11-07,63.02868283039346,63.13624030962621,62.72393663923398,62.95697784423828,1136900
2000-11-08,63.154184418974076,63.22588942541061,62.39231872558594,62.39231872558594,1464300
2000-11-09,61.91721232516416,62.50877804801604,60.94919568777016,62.078548431396484,3839200
2000-11-10,61.71999692748377,61.86340673736465,60.80575938949316,60.877464294433594,1602200
2000-11-13,60.2321830527911,60.94026972856052,59.515133254543585,60.483150482177734,3009800
2000-11-14,60.87752993299854,61.917252175670484,60.805824950745304,61.5587272644043,1831200
2000-11-15,61.307759826517966,62.09651463130358,61.10160800253991,61.5587272644043,626600
2000-11-16,61.253922523954685,61.88134051878594,61.05673401129343,61.16429138183594,908100
2000-11-17,61.14370266902725,62.068082732862536,60.61420340916044,61.01805877685547,1289700
2000-11-20,60.77573466514474,60.88342941056437,60.02187144720733,60.12956619262695,1087400
2000-11-21,60.29107937411199,60.81160372714838,59.84235148356337,60.524417877197266,814700
2000-11-22,60.09370112505201,60.380887271408284,59.59112536892851,59.66292190551758,1096100
2000-11-24,60.30008644578288,60.452654010833974,60.05777325423114,60.3449592590332,535800
2000-11-27,60.99118269883193,61.15272497201895,60.57835244513177,60.81169128417969,777600
2000-11-28,60.59629751575139,61.098873443014725,60.2732129910821,60.47065353393555,1055900
2000-11-29,60.614259164687,61.278377491335924,60.34502200523473,60.86554718017578,1399600
2000-11-30,60.452666953165924,60.84754779430894,59.088533138308264,59.968040466308594,1858100
2000-12-01,60.273125046208136,60.52441264318458,59.39361845679057,59.626956939697266,2277400
2000-12-04,59.232175079498695,61.00914033188366,59.21422593553521,60.86554718017578,1971400
2000-12-05,61.4577949773424,62.8129537158907,61.24240550896387,62.570640563964844,2005200
2000-12-06,62.32834326156237,62.5257836577833,61.036006122661725,61.296268463134766,1846600
2000-12-07,61.242453758333106,61.52963994242845,60.75782707267221,60.87449645996094,895600
2000-12-08,61.834706578732245,62.301383609515135,59.93210022246356,60.039794921875,1716200
2000-12-11,61.24246203854373,62.13991898518124,61.24246203854373,61.798885345458984,1062600
2000-12-12,61.475810646321726,62.418140590535415,61.475810646321726,62.10403060913086,679100
2000-12-13,62.5617357229759,62.85789657204464,61.933515740102806,62.06813430786133,813200
2000-12-14,61.63732829246895,61.83476877331262,61.04500684993794,61.269371032714844,1241700
2000-12-15,60.8076837646227,61.095190543651654,59.66664123535156,59.66664123535156,2231500
2000-12-18,60.62800704564804,61.40966629475464,60.61003786750766,61.319820404052734,2611500
2000-12-19,61.25690867015818,62.04755225522329,60.699864326135035,60.7268180847168,1554800
2000-12-20,59.855345667684034,60.322544403006695,59.19947052001953,59.19947052001953,2413500
2000-12-21,59.136568687443514,60.52019548444538,59.10063032907983,60.34050369262695,2508500
2000-12-22,60.663947740354764,61.50849914550781,60.502225130857376,61.50849914550781,1895200
2000-12-26,61.49947010916333,61.84986884316733,60.93344138500302,61.81393051147461,933900
2000-12-27,61.526456717455424,62.3530387878418,61.13113485770542,62.3530387878418,1769600
2000-12-28,62.06555047528497,62.67650262240706,61.93976620970101,62.53274917602539,1100100
2000-12-29,62.76633415523593,62.76633415523593,61.40067672729493,61.40067672729492,1552800
2001-01-02,61.634299626959574,61.957744931124374,60.7178712651593,61.1850700378418,1468300
2001-01-03,61.185087212142186,64.68907899081113,60.73585749692822,62.98200607299805,4409300
2001-01-04,62.75734125638515,63.48509281569327,62.53272657758635,62.811248779296875,1516600
2001-01-05,62.209298180678566,62.335082434654524,61.09520907403441,61.11317825317383,1633900
2001-01-08,60.95144608467905,61.59833643227587,60.44830914765929,61.13113784790039,1450200
2001-01-09,61.49051104117655,61.508480214479064,60.466268162933694,60.62799072265625,1313100
2001-01-10,60.44831439275191,61.29286575317383,60.14283836876951,61.29286575317383,1700300
2001-01-11,61.167053758289256,61.25689960693539,60.52016364803708,60.91548538208008,1605100
2001-01-12,60.681877350107,61.095168193770746,60.16077150374837,60.57406234741211,1645800
2001-01-16,60.52020076408991,61.40069062081212,60.26863223359785,61.20302963256836,1052400
2001-01-17,61.661234839058885,61.742096140756615,60.63699168422095,60.9334831237793,2434700
2001-01-18,61.13116196818094,61.80500634613708,60.71787074970117,61.36476135253906,1189400
2001-01-19,61.66705837667589,61.66705837667589,60.767597198486335,60.76759719848633,1057700
2001-01-22,60.87556748676637,61.27133063236592,60.479804341166826,61.09143829345703,851400
2001-01-23,60.803613438852516,61.55016668077925,60.74964573461684,61.30731201171875,1362700
2001-01-24,61.325315958046055,61.57716530489635,61.145423567438705,61.21738052368164,634400
2001-01-25,61.41526631137001,62.1348359225167,61.271352389140674,61.77505111694336,1228900
2001-01-26,61.66708107039349,61.93691952315192,61.12740416487663,61.37925338745117,1536000
2001-01-29,61.37063996460821,61.80238163715246,61.105838932476146,61.6527099609375,613500
2001-01-30,61.73334157257161,62.775281807036656,61.480055946301974,62.59107208251953,1213200
2001-01-31,62.7464362926941,63.034263982110126,62.34347928427246,62.55646896362305,1740200
2001-02-01,62.58527239535462,63.4660246883248,62.40106279415761,63.333621978759766,1743700
2001-02-02,63.206959739465326,63.54659429082236,62.45860602116074,62.53343963623047,1936700
2001-02-05,62.671652076517155,63.25881909333327,62.60257179551889,63.20701217651367,1516200
2001-02-06,62.919135645043596,63.59840917834249,62.919135645043596,63.080318450927734,1184400
2001-02-07,63.02852119454095,63.46026283138637,62.809773679624364,63.10335922241211,1712100
2001-02-08,63.23580392237634,63.25307289781446,62.57955650428993,62.59107208251953,1213800
2001-02-09,62.45861711957928,62.74644484824094,61.980822035944314,62.18230056762695,1531700
2001-02-12,62.21687470862213,63.14368082037283,62.188090164270186,63.10913848876953,1267200
2001-02-13,63.14941282962465,63.55237435456129,62.76948244589375,62.90763854980469,2354500
2001-02-14,62.95370611206668,62.95370611206668,62.17657181509126,62.33199691772461,1814400
2001-02-15,62.57375002708263,62.99398046735986,62.34924473726007,62.942169189453125,925400
2001-02-16,62.13794882822995,62.576109659416616,61.80932930447563,62.35126495361328,1561500
2001-02-20,62.49535651316927,62.898922548434335,61.86694151706808,61.947654724121094,1179800
2001-02-21,61.774720463240435,61.97073706083839,60.59284119429294,60.70814895629883,1815400
2001-02-22,60.881091704455535,61.025223078944556,59.843348447258855,60.90991973876953,2671700
2001-02-23,60.59280494808409,60.65045659532952,59.382102761775066,60.275718688964844,2489200
2001-02-26,60.47755695575996,61.51530075073242,60.10858079774183,61.51530075073242,1267800
2001-02-27,61.27317256114515,61.803575338800286,60.88113476928188,61.45766067504883,2046300
2001-02-28,61.54409879048665,61.74588184123914,60.114313576436444,60.535179138183594,2859200
2001-03-01,60.21810897313986,60.59285156635869,59.445566628895556,60.350711822509766,2547100
2001-03-02,59.68187829101516,61.105896036503914,59.387853647727965,60.41983413696289,2799900
2001-03-05,60.67930825196674,61.04828421629499,60.471758722214545,60.86379623413086,1067900
2001-03-06,61.399987156167846,61.76896325292248,61.002183014946546,61.198204040527344,1794900
2001-03-07,61.57291671932063,62.034134416975,61.28465400883418,61.947654724121094,2587600
2001-03-08,61.69400358517647,62.71445192704336,61.69400358517647,62.6164436340332,2447400
2001-03-09,62.26477570766316,62.26477570766316,60.967592880420185,61.198204040527344,3106100
2001-03-12,60.79463420728546,62.17253029883897,58.45970772677919,58.74797058105469,4689200
2001-03-13,59.122712004641826,59.52627823324704,58.28674710461388,59.30143356323242,6299600
2001-03-14,57.79672470039835,58.97860462077165,57.15101407288821,57.76213455200195,9402900
2001-03-15,58.36746970698845,58.41359282580629,57.594927260231884,57.8831901550293,3576900
2001-03-16,57.53733209191969,58.0916299874084,56.67124080424955,56.804039001464844,4029600
2001-03-19,57.11006088491137,57.73941843133223,56.53266670059805,57.595069885253906,4135000
2001-03-20,57.768261220261294,58.143563729590156,55.978336613465906,55.98411178588867,4743300
2001-03-21,55.984126403898294,56.19198861373437,54.5637375734631,54.73695755004883,7788600
2001-03-22,54.56371614144808,54.87550933373333,52.5428377658389,53.95745086669922,12445300
2001-03-23,54.55793141245189,55.13532513290801,53.87083588062098,55.0256233215332,6343300
2001-03-26,55.42983240919804,56.26705207414505,55.30858017942299,56.122703552246094,5740500
2001-03-27,55.83401015714061,57.508454001625026,55.66079456264279,57.271724700927734,7042500
2001-03-28,56.81553759634033,57.006078563295674,56.00718558317915,56.388267517089844,5380800
2001-03-29,56.0360559338767,57.14465069332851,55.89170752024504,56.66541290283203,5104700
2001-03-30,56.76936178508186,57.329434510885235,56.32477046958945,57.24282455444336,5053600
2001-04-02,56.81556428193672,57.72207258682173,56.01875782956894,56.23239517211914,8406800
2001-04-03,56.036087063629914,56.122692635789754,54.4193821707609,54.4482536315918,6530700
2001-04-04,54.5637187940065,55.80511645183445,54.136448578695536,55.03140640258789,5376800
2001-04-05,56.1457676128626,57.44490356416036,56.06493283941725,57.38716506958008,5670100
2001-04-06,56.87333141951027,57.04655144986039,56.03611155154422,56.700111389160156,5727900
2001-04-09,57.416080010483675,57.44494707705741,56.4171861174688,57.0580940246582,3701300
2001-04-10,56.75780960514691,58.77291263795051,56.75780960514691,58.2994499206543,8755900
2001-04-11,59.17712080518398,59.18289597970206,57.50845218802334,57.84334182739258,4623500
2001-04-12,57.450753588403686,58.73834528046906,57.1620563341906,58.72101974487305,3777300
2001-04-16,58.316828541338836,58.87690175789957,58.02813137034211,58.30528259277344,2164100
2001-04-17,58.18398350073835,59.15400546455578,58.14934127511967,59.03852844238281,3424200
2001-04-18,59.61593942173174,62.04099282258273,59.53510460204786,61.4462776184082,8816500
2001-04-19,61.43468538407256,61.91392317192773,61.03050718503313,61.88505172729492,3677200
2001-04-20,61.25234408563126,61.639504070357496,60.824734616062926,61.22344970703125,2753000
2001-04-23,60.876768704242956,61.16569499558598,60.55895242896482,60.761199951171875,2296500
2001-04-24,61.0269576934588,61.52969058335569,60.35664717359627,60.55889892578125,2812900
2001-04-25,60.732180529592085,61.57006769473274,60.3565762423674,61.51805877685547,2232600
2001-04-26,61.65685375246481,62.28671520628573,61.41993654392494,61.841766357421875,2626400
2001-04-27,62.20578023602604,62.5756052320256,61.88795981352873,62.54093551635742,3045100
2001-04-30,62.69118003129128,63.05522971611647,61.88796587610937,61.95730972290039,3978100
2001-05-01,62.09019796428518,63.04365468176227,62.00352368796449,62.985870361328125,3892600
2001-05-02,63.014820477431854,63.269072594020614,62.384958924052874,62.806793212890625,4863600
2001-05-03,62.40802699228157,62.51782030239158,61.98619301817076,62.48892593383789,3190400
2001-05-04,61.801272642432956,63.45392979550795,61.6972591010275,63.44815444946289,5031000
2001-05-07,63.24592921859617,63.58108459343723,62.957003083456556,63.1130256652832,2489400
2001-05-08,63.355740096154506,63.355740096154506,62.52363118587139,62.876121520996094,3099900
2001-05-09,62.581437632929834,63.17084533842502,62.46586446904275,62.76057052612305,2595900
2001-05-10,63.413478710693,63.53482710445735,63.04943352939995,63.136112213134766,2157800
2001-05-11,63.049465085951766,63.199707919045295,62.315590192838265,62.71430969238281,3418400
2001-05-14,62.61025098174362,62.98007583618163,62.47156776349436,62.98007583618164,2258600
2001-05-15,63.04368180573103,63.419286663145115,62.488944155302526,63.1130256652832,3467400
2001-05-16,62.63915934987514,65.09503041527742,62.6102649856413,64.98523712158203,8124000
2001-05-17,64.95063765705133,65.66717369665868,64.80617449696389,65.2280044555664,5072100
2001-05-18,65.14054720694534,65.49938168143802,64.85694680629108,65.48780822753906,3790100
2001-05-21,65.40102083046865,65.7482820048425,64.90906713213361,65.57465362548828,4280900
2001-05-22,65.66140045783244,65.66140045783244,65.09420879944692,65.2099609375,3840800
2001-05-23,64.99594958944921,65.11170195999904,64.27827076189668,64.30142211914062,3897400
2001-05-24,64.50393033033907,64.73543926944926,63.9830407369233,64.4055404663086,2439600
2001-05-25,64.44603279106784,64.44603279106784,63.67048318069509,63.75151062011719,2465700
2001-05-29,63.92515115848481,64.127724211376,63.52580282100057,63.90200424194336,2103400
2001-05-30,63.676281027290806,64.00617978988438,62.88336885905048,63.0859375,3908700
2001-05-31,63.230637788835324,63.624201660623584,62.94125271886354,63.13224792480469,2087200
2001-06-01,63.375284211359585,63.925113677978516,62.738638403784364,63.925113677978516,2390100
2001-06-04,63.80936983351002,64.1971445360044,63.37529248770383,64.05245208740234,1067100
2001-06-05,64.06978329619056,64.92636411796515,63.925090918000734,64.79903411865234,1919600
2001-06-06,64.73540549392798,64.78749707549036,64.07560823189408,64.27239227294922,2137400
2001-06-07,63.925152871533385,64.31293217680361,63.75152449882896,64.19139099121094,2334000
2001-06-08,64.12768369830152,64.12768369830152,63.288464994739385,63.51997375488281,1405600
2001-06-11,63.40427368131002,63.5779020823396,62.97019605523716,63.288516998291016,2264700
2001-06-12,62.90649748554238,63.664684588999016,62.478204609938594,63.392662048339844,2369500
2001-06-13,63.52002035977704,63.809405418363724,62.94703918016177,62.975975036621094,2241600
2001-06-14,62.70970844122576,62.70970844122576,61.65634755675093,61.696861267089844,3475600
2001-06-15,61.64477663632762,62.16041397462222,61.21025049145722,61.81858444213867,4091800
2001-06-18,61.644765892989774,62.108257714604584,61.52888962241526,61.99238586425781,2400000
2001-06-19,62.13723870060303,62.316841425963815,61.21025047582855,61.51731491088867,4168800
2001-06-20,61.38402304120156,62.07347220954889,61.22180074752595,61.835933685302734,3386000
2001-06-21,61.61579265701757,62.42690882980298,61.4130147188781,62.07349395751953,3673100
2001-06-22,61.96339074954451,61.96339074954451,61.29712124790125,61.552040100097656,1695900
2001-06-25,61.74322427292471,61.76060459912669,60.7003604985521,60.868377685546875,2237400
2001-06-26,60.6018478256928,61.12327953037585,60.26002307609293,60.61343765258789,2550400
2001-06-27,60.76409586521732,61.06536960939745,60.28901442575701,60.54393768310547,1937200
2001-06-28,60.87419251899689,61.8938813853329,60.8336369378474,61.233402252197266,2888600
2001-06-29,61.32607090490528,61.52884871832023,60.92631019280859,60.97265625,1571400
2001-07-02,60.706167879900626,61.74903186842296,60.57291573817217,61.534664154052734,1604000
2001-07-03,61.38402287373815,61.44196319580079,61.036403042492196,61.44196319580078,642500
2001-07-05,60.978463929149065,61.26235292735553,60.63084411621094,60.63084411621094,1072000
2001-07-06,60.61929010541306,60.61929010541306,59.280951045649616,59.41999816894531,2707600
2001-07-09,59.645940988824286,59.90086435388519,59.28094069630965,59.58800506591797,2770800
2001-07-10,59.90659094340115,59.96452680022642,58.921663696481296,58.96221923828125,2083100
2001-07-11,59.112891786600564,59.634323654125495,58.71312661812725,59.41416549682617,3559600
2001-07-12,59.93563422265358,61.00746885195246,59.7965871022916,60.920562744140625,3186600
2001-07-13,60.68880667729402,61.23920458789917,60.486028732346206,61.22761917114258,1200700
2001-07-16,61.10012929564597,61.32028747426715,60.58449229343997,60.86259078979492,912400
2001-07-17,60.60186380751292,61.696868466008155,60.514957763776394,61.49988555908203,1513100
2001-07-18,61.03640193440926,61.459342408568,60.775688170764404,61.181243896484375,2256500
2001-07-19,61.86489925340506,61.99236088957305,61.065373199568555,61.64474105834961,1638000
2001-07-20,61.217883355802236,61.51947589886486,61.10188282003354,61.36288070678711,1203300
2001-07-23,61.6064153016232,61.67021442802944,60.1738421586237,60.260841369628906,1805900
2001-07-24,60.20293881555527,60.417532194622765,59.15895547830282,59.53594970703125,2675700
2001-07-25,59.564892305830504,60.45807625334801,59.48949529872254,60.289878845214844,2227400
2001-07-26,60.144853364843144,60.74804241406669,59.65186363397681,60.69004440307617,2436500
2001-07-27,60.63790072572908,60.724895606063825,60.20870533289143,60.52190017700195,1409500
2001-07-30,60.69586897073074,60.69586897073074,60.10427752526321,60.359474182128906,824500
2001-07-31,60.463884081725396,61.5078665840586,60.41168716909232,60.91627502441406,2736600
2001-08-01,61.35127500443764,61.51367132045,60.82348697739748,61.067081451416016,2099400
2001-08-02,61.623835189759156,61.623835189759156,61.03224831892215,61.24684143066406,1675000
2001-08-03,61.304904984951285,61.304904984951285,60.52772096842958,61.11930847167969,1950900
2001-08-06,60.89889077972205,60.94529099659422,60.23190204333145,60.28410339355469,1552700
2001-08-07,60.376901213731976,60.82929227938744,60.162307947954496,60.64369583129883,2502500
2001-08-08,60.42912949645306,60.85832064425033,59.564941639777714,59.71574020385742,4010000
2001-08-09,59.73305490817549,59.88385325948958,59.2342641057216,59.82585525512695,5422800
2001-08-10,59.69827908248834,60.585661710016986,59.17048687005637,60.452266693115234,4504000
2001-08-13,60.434877669619304,60.637877445714246,60.17388427887835,60.429080963134766,2801800
2001-08-14,60.608890958388315,60.88148667834913,60.301497291187516,60.49869155883789,1329100
2001-08-15,60.4986716623547,60.80606522846153,60.040479666188645,60.069480895996094,2354500
2001-08-16,59.92450736150172,60.46389770507812,59.67511173113912,60.463897705078125,3778100
2001-08-17,59.89370617216209,60.166610821671846,59.15628240476562,59.51628494262695,3423400
2001-08-20,59.45820469468307,60.15497874857356,59.31304306429077,60.143367767333984,2005200
2001-08-21,60.09692012617741,60.32337193457316,58.91240058919407,58.93562698364258,3860600
2001-08-22,59.342159125028275,59.94022963412349,58.90667359985443,59.73699951171875,5700500
2001-08-23,59.60337945492607,59.82983129382395,59.359508925341025,59.487247467041016,2266300
2001-08-24,59.6614002903443,60.95043563315132,59.4465595898834,60.753013610839844,2789300
2001-08-27,60.6775593199905,60.74143078946267,60.33498001098633,60.33498001098633,2574400
2001-08-28,60.38141777218794,60.38141777218794,59.37109427864753,59.411739349365234,2799200
2001-08-29,59.6323920490652,59.71948990753619,58.58723103735665,58.755619049072266,3113300
2001-08-30,58.37820614200815,58.91239991829511,57.38530104804597,57.634979248046875,5706100
2001-08-31,57.71626438304713,58.45368350670499,57.52464997021352,57.994972229003906,3670700
2001-09-04,57.89044512644565,59.26657870869398,57.69302747404524,58.04722213745117,8618800
2001-09-05,58.064693564784605,58.61630638165624,57.48985433888892,58.389854431152344,7027300
2001-09-06,57.94850337362177,58.18075835309138,57.09495259113366,57.106563568115234,5873600
2001-09-07,56.67690349634797,57.03690591019668,55.56786658867312,55.654964447021484,10479200
2001-09-10,55.26017524108202,56.29953392739977,55.19050043461534,56.00340270996094,8726900
2001-09-17,52.54850933530505,53.593674828883756,51.64850546972442,51.73560333251953,13237400
2001-09-18,52.11295795247877,52.54844228077247,51.212955235348204,51.909732818603516,6816000
2001-09-19,51.927181748761924,52.14202240406487,49.29685558157522,50.78911590576172,9969500
2001-09-20,50.22593662558954,50.45819617806276,48.483996627014186,48.57109451293945,10182100
2001-09-21,46.586619869192184,49.4673646210983,46.26653514561547,48.187034606933594,12533400
2001-09-24,49.73505098419328,50.45087453115299,49.176361492939805,50.165706634521484,7953200
2001-09-25,50.194778702347996,50.74764695260797,49.49641833990731,50.57305908203125,7317500
2001-09-26,50.85820445586153,50.92222131786637,49.64189295790043,50.078369140625,3981600
2001-09-27,50.04924560898663,50.62539265824446,49.35088581837491,50.485721588134766,4621500
2001-09-28,50.77675896838149,51.64389091556807,50.6603670275757,51.41692352294922,8187100
2001-10-01,51.12593568511677,51.620608059336156,50.834951413215066,51.608970642089844,5514500
2001-10-02,51.39943065763836,52.20254516601562,51.23648027391529,52.202545166015625,4845300
2001-10-03,51.6497246558114,53.33743485652214,51.59152867097359,53.07554626464844,7744300
2001-10-04,53.48293160782501,53.52949017570048,52.60997844047227,52.900962829589844,8186900
2001-10-05,52.66815054841296,53.250119062760064,52.12691965246746,53.02897262573242,8074100
2001-10-08,52.49353886038467,53.31993722046329,52.40624716747651,52.784523010253906,4774300
2001-10-09,52.95334842095815,53.01736535450271,52.46449668124004,52.743839263916016,2580500
2001-10-10,52.49357602986251,54.000877302304275,52.41792169575111,53.8612060546875,6862500
2001-10-11,54.181205430260306,55.02506146874983,54.09390936558038,54.82136917114258,14720200
2001-10-12,54.23941391618635,54.69916915282278,53.54105411677548,54.46638107299805,6561400
2001-10-15,54.123013285518006,54.53038902884633,53.81457101698905,54.454734802246094,3774700
2001-10-16,54.646849517572875,54.87963783318839,54.1405352641142,54.67594528198242,4445000
2001-10-17,55.34516575260337,55.391724266496915,53.5468864440918,53.5468864440918,14080700
2001-10-18,53.686595191233735,53.872824937329625,53.22101860596031,53.535282135009766,2821400
2001-10-19,53.39486705577711,53.80268204070417,52.92878897741764,53.5405158996582,3465800
2001-10-22,53.540506284221124,54.851345643734895,53.42398456313262,54.793087005615234,3788200
2001-10-23,54.997026908548065,55.07858993900591,54.064874814135756,54.530948638916016,3764900
2001-10-24,54.56007952766099,54.76398710130187,54.094001263751764,54.44355773925781,2824200
2001-10-25,53.89006541293876,55.34072646976706,53.447291739042186,55.334903717041016,3775300
2001-10-26,55.01445801213047,55.98739080731062,54.90959071149232,55.486358642578125,3639300
2001-10-29,55.37571521980943,55.64370867046992,53.62792836735697,54.216346740722656,3040800
2001-10-30,53.65705983724244,53.6861913984223,52.829775060019756,53.10359573364258,4090800
2001-10-31,53.55216323209529,53.849288103637754,52.78313755181167,52.82974624633789,4741700
2001-11-01,53.10359531942994,54.1755692007341,52.52099965919451,53.890098571777344,3984800
2001-11-02,53.89007076934939,54.51344762640085,53.66868613282125,54.42023468017578,2647400
2001-11-05,54.9096565246582,55.27086753642652,54.822266261908226,55.05530548095703,2273500
2001-11-06,54.90960853787556,56.01654052734375,54.67656952248497,56.01654052734375,3113200
2001-11-07,55.567942607506204,56.27870964216021,55.498034010556474,55.783504486083984,2955300
2001-11-08,56.1039490797012,56.744803248175835,55.731088310957745,56.063167572021484,3953300
2001-11-09,55.79515824214701,56.22045483027587,55.509687747152334,56.10976028442383,2739100
2001-11-12,55.46309594316014,55.99908724040071,54.76398304394397,55.65535354614258,4122500
2001-11-13,56.3893837592613,57.00693318120613,56.28451645696424,56.977806091308594,4026000
2001-11-14,57.35649751184168,57.61284083046047,56.84964251619843,57.41476058959961,2772100
2001-11-15,57.269117432296866,57.82258116678484,57.216681546113705,57.75849533081055,3540500
2001-11-16,57.85006839190803,57.95507634087372,57.17915608386105,57.68088150024414,3945800
2001-11-19,58.01929797950582,58.42184658164776,57.69842971126377,58.39850997924805,2794300
2001-11-20,58.16510001118091,58.33428689955904,57.78589277795203,57.83256149291992,3313500
2001-11-21,57.81506397709809,57.81506397709809,57.24333323484436,57.40668487548828,3219200
2001-11-23,57.494253493750044,58.31101251436521,57.43590974856081,58.28184509277344,873900
2001-11-26,58.31099454281235,58.427677546226064,57.81510401855811,58.223487854003906,2250800
2001-11-27,58.04848768769028,58.42186453884743,57.41258176809559,57.710113525390625,5033100
2001-11-28,57.418371857964395,57.459209783001356,56.68328920729913,56.76496505737305,3206200
2001-11-29,56.910831269306755,57.64591412461684,56.6249612634627,57.64008331298828,2597100
2001-11-30,57.41838566028082,57.84427079604115,57.23169732223545,57.51756286621094,3416100
2001-12-03,57.231665971752385,57.231665971752385,56.71243917689306,57.05664825439453,1779200
2001-12-04,57.348375062252124,58.019283294677734,56.928325227376526,58.019283294677734,2617500
2001-12-05,58.18263709371798,59.33193437980986,58.106792045462846,59.04023361206055,2938700
2001-12-06,59.05192527243835,59.477806053232285,58.92357617652717,59.09859848022461,3566000
2001-12-07,58.818545922519014,59.06357351290049,58.439334013023455,58.86521911621094,3954900
2001-12-10,58.54437663180739,58.923588736649805,57.96097476312769,57.99014663696289,2329700
2001-12-11,58.21766579003583,58.62604526706686,57.640099257948386,57.78594970703125,3352000
2001-12-12,57.99007678817954,58.13592707967346,57.23748874995123,57.890899658203125,3120800
2001-12-13,57.34838628344288,57.634251857167435,56.89332923928752,56.94000244140625,2976500
2001-12-14,57.062511535011154,57.63424708613284,56.939997727842474,57.523399353027344,3638200
2001-12-17,57.37754756759418,58.106799581546824,57.37171230520226,57.93178176879883,2430900
2001-12-18,58.25850603203809,58.57354354858398,58.11265557721144,58.573543548583984,1557500
2001-12-19,58.10677469972068,59.02271465899171,57.96675961927774,59.016883850097656,2250900
2001-12-20,58.806890116471585,58.964406608931114,58.39850627687019,58.46268081665039,2260600
2001-12-21,58.78600891285683,58.9146269618566,58.470300333347375,58.75677490234375,2951100
2001-12-24,58.76839309259431,58.92040173025039,58.69823869096706,58.7508544921875,372500
2001-12-26,58.75091567145995,59.516802883767504,58.73337705278959,59.12508773803711,1462000
2001-12-27,59.119251869841,59.370649176558885,58.98478167581279,59.335567474365234,1850300
2001-12-28,59.45829724100127,59.59861502251787,59.12505031573945,59.14259338378906,1401100
2001-12-31,59.24786359095505,59.32387022053249,58.26566524395082,58.34751510620117,1706300
2002-01-02,58.74509106161147,58.99064072180363,58.113673826416516,58.96140670776367,2843500
2002-01-03,58.93220752865369,59.62793192445045,58.83281450597994,59.60454559326172,1465800
2002-01-04,59.84416622738521,60.18910408111461,59.64538492790439,60.113101959228516,2288900
2002-01-07,60.14235700282687,60.30020899138827,59.569403661881935,59.7155647277832,2485200
2002-01-08,59.51677494918003,59.779863026719,59.224452880589716,59.481693267822266,5034200
2002-01-09,59.60447655161002,60.21250707675729,58.88536665759107,58.96721649169922,3587500
2002-01-10,59.019833936193486,59.14261315117733,58.69828228215837,58.990604400634766,2766300
2002-01-11,59.00229106431596,59.10752719779139,58.3767219543457,58.50534439086914,2473600
2002-01-14,58.312479079114674,58.38263807048601,57.82722721871058,57.9675407409668,3472000
2002-01-15,58.084421586507375,58.452750421704806,57.716097211792835,58.172119140625,2979800
2002-01-16,57.64594258535218,57.8798012603188,56.73974635302096,56.792362213134766,5160600
2002-01-17,57.20157302947361,57.733601268267385,57.01448710758045,57.429588317871094,3493700
2002-01-18,57.042824834090496,57.5694784288891,56.76193904760687,57.288597106933594,3446800
2002-01-22,57.54599930683374,57.66888975487797,56.76186842211759,56.925716400146484,1951100
2002-01-23,57.02530022932693,57.24766957986167,56.691750668055626,56.99604415893555,3672900
2002-01-24,57.31201967416559,57.73334623223922,57.20668803464718,57.393943786621094,3954400
2002-01-25,57.14815912674743,57.9674000746546,57.09549108608007,57.62800216674805,3244800
2002-01-28,57.85033613617629,57.95566769691616,57.35293883555364,57.862037658691406,1713400
2002-01-29,57.90299596574322,58.055142535824594,56.23525008156975,56.28791809082031,4651500
2002-01-30,56.46936225620481,57.276901787975035,55.76715435592887,57.25349426269531,6106800
2002-01-31,57.37633853087081,58.11365489110687,57.22419197173981,58.07269287109375,3945600
2002-02-01,57.996621300741694,58.2599479320904,57.72158868405177,58.096099853515625,3651500
2002-02-04,57.990762981738875,57.990762981738875,56.633159000994205,56.761898040771484,6935100
2002-02-05,56.49859241087712,57.25346348889164,56.235261241417746,56.6448860168457,5755800
2002-02-06,56.77945020453925,57.042781265336814,56.26449853125078,56.545379638671875,4384700
2002-02-07,56.603942120727865,57.1130411753085,56.26453977465545,56.276241302490234,2955200
2002-02-08,56.5278827145175,57.18328007371816,56.089001630608934,57.12476348876953,4380000
2002-02-11,57.11303333162503,57.996648123486146,56.960886703500215,57.84450149536133,2169100
2002-02-12,57.616316577384374,58.0727522570088,57.46416986266626,57.809425354003906,1341100
2002-02-13,58.02590601611265,58.62863504149518,57.92642295729514,58.54671096801758,3350100
2002-02-14,58.75150589171782,58.97972353206109,58.37114166963704,58.692989349365234,6434900
2002-02-15,58.654937694074995,58.701815840802816,58.0279570108653,58.09827423095703,3838800
2002-02-19,57.77596489284348,57.95175562361773,57.05523273186585,57.143123626708984,3716300
2002-02-20,57.40688112449007,58.54950888407003,57.07288189703212,58.49091339111328,7177100
2002-02-21,58.22718647053083,58.865884450447474,57.62950128051644,57.64707946777344,10841000
2002-02-22,57.71743123148024,58.74286782696339,57.44788843427624,58.584659576416016,8244600
2002-02-25,58.63147391756905,59.73308754880041,58.58460026113659,59.53971862792969,8931500
2002-02-26,59.62179522243887,59.82688158462279,58.80144530315578,59.25263977050781,12740300
2002-02-27,59.70966986245367,60.178437888415424,58.9772156307517,59.56317901611328,7881200
2002-02-28,59.68031303208759,60.12564603233122,59.240840911865234,59.240840911865234,5257900
2002-03-01,59.645179639520514,60.94015744884323,59.32289817248719,60.84640121459961,8306600
2002-03-04,61.05736998472169,62.258596457532036,60.987057254577216,62.06522750854492,8199400
2002-03-05,61.731200264441,62.2292679131399,61.139376391235416,61.39720153808594,10708700
2002-03-06,61.31518245433106,62.2878834100916,61.29174339232603,62.071075439453125,7636800
2002-03-07,62.399231475835265,62.40509236067344,61.43825200745537,61.88944625854492,7721200
2002-03-08,62.39921709088453,62.63360325438068,61.819114800903314,62.10623550415039,6329100
2002-03-11,61.96561992874631,62.53400505378186,61.719516411889245,62.17656707763672,4433500
2002-03-12,61.6902164487831,62.492987791412446,61.60232105833466,62.481266021728516,7747000
2002-03-13,62.09451908259086,62.217570814287605,61.46753865696783,61.71364212036133,9755000
2002-03-14,61.71944951322962,61.988991806751834,61.50264171449764,61.74874496459961,5410700
2002-03-15,61.912557490883,62.311614912570334,61.718896283894665,62.294010162353516,9864800
2002-03-18,62.41134534458464,62.663690412094276,61.777547806100046,62.000553131103516,4856100
2002-03-19,62.440676143699235,62.70475615599143,62.20593586760708,62.610862731933594,9935600
2002-03-20,62.164906332234246,62.164906332234246,61.578057411691034,61.583927154541016,5363300
2002-03-21,61.61906703674738,62.24112475695478,60.803348317016095,61.366722106933594,10270300
2002-03-22,61.47823855540122,61.64255538814096,61.00875805274661,61.16720962524414,4597900
2002-03-25,61.14376687559353,61.37850277141093,60.35151755665903,60.44541549682617,5864700
2002-03-26,60.363217679181766,61.278699612388266,60.32800821322684,60.897247314453125,4583800
2002-03-27,60.76820303320255,61.41373590274957,60.680174806150326,61.20833969116211,5929100
2002-03-28,61.3844015499183,61.689565522519246,60.856236579880004,60.86210632324219,4062300
2002-04-01,60.65672302246094,60.973622072108746,60.25179571280485,60.65672302246094,6331300
2002-04-02,60.43370036473375,60.65083158749185,60.25764390767969,60.53933334350586,3131400
2002-04-03,60.774019276218354,60.774019276218354,59.53576878578372,60.05806350708008,7807100
2002-04-04,59.829250762403674,60.316336482559564,59.64145927090171,59.99357223510742,9099300
2002-04-05,60.4571236100866,60.72707782934458,59.99938254862015,60.410179138183594,7602400
2002-04-08,59.44775994118589,60.304558287418274,59.330387544736794,60.269344329833984,4378600
2002-04-09,60.54517441794012,60.57451864149189,59.89377205532978,60.01700973510742,7859700
2002-04-10,60.10506394308805,61.10857503615908,60.06985444142649,60.973602294921875,7545100
2002-04-11,60.69779776296972,60.926668535576475,59.63560240921514,59.711891174316406,4403800
2002-04-12,60.09332089250095,60.18134911217562,59.57102579367952,59.85271072387695,5885900
2002-04-15,59.987672175536204,60.11677960019043,59.12500390834666,59.283451080322266,5137300
2002-04-16,60.016978624593634,60.58035697911458,59.864401277654395,60.52753829956055,2597200
2002-04-17,60.69184220527929,60.69184220527929,59.858518802385504,60.09912872314453,2513800
2002-04-18,60.09333063678891,60.29872686446783,59.048740269763044,59.84685516357422,5819200
2002-04-19,60.409515120922165,60.4447594997738,60.02773313172666,60.26267623901367,2323900
2002-04-22,60.02770504160688,60.18041866205576,59.387489967036316,59.54607391357422,3830300
2002-04-23,59.64594987259732,59.84564858177762,59.15844375618668,59.39338684082031,4236100
2002-04-24,59.39338227289879,59.75753976896544,58.88238143920899,58.882381439208984,2849700
2002-04-25,58.735592211063825,59.0880048680962,58.3244448580544,59.02927017211914,4995700
2002-04-26,59.26417762247281,60.49762341727108,58.0013622568497,58.054222106933594,4240300
2002-04-29,58.35376628058759,58.44187049918151,57.63719187506825,57.678306579589844,4587300
2002-04-30,57.95442621417887,58.85308034418829,57.71948287428526,58.436058044433594,3800000
2002-05-01,58.52407601012674,59.358119379081536,57.76638720948531,59.28763961791992,8628400
2002-05-02,59.14084319869673,59.5284956064446,58.97638432988441,59.35816192626953,2519700
2002-05-03,59.16431760639289,59.25829215002277,58.41249885152114,58.71205139160156,4595200
2002-05-06,58.71204157589639,58.93523500072374,57.537330849333046,57.61956024169922,4666600
2002-05-07,58.05421372983496,58.377261037623754,57.60782678964807,57.678306579589844,5486400
2002-05-08,58.67096449099922,59.72233180299706,58.62397495633404,59.487388610839844,4824500
2002-05-09,59.358188054526686,59.663615643479446,58.882431191591486,59.02927017211914,3601000
2002-05-10,59.15850803040142,59.19962277879495,58.31271379925304,58.436058044433594,4668600
2002-05-13,58.68854684286881,59.46973055176937,58.34200932937858,59.4638557434082,4081200
2002-05-14,60.350761973765096,60.615070087753274,59.998349661392304,60.55633544921875,4455500
2002-05-15,60.29788655833113,60.92635643865876,60.13929814599579,60.45647048950195,3680200
2002-05-16,60.286179028107114,60.73844535408167,59.88090222608247,60.60335159301758,2364100
2002-05-17,60.7074055081784,60.954421579223954,60.36628551266477,60.83091354370117,2310500
2002-05-20,60.62512872988185,60.68394149917457,60.089922208926744,60.27812576293945,2868700
2002-05-21,60.460397055894695,60.548613887297314,59.35469823967349,59.625240325927734,2206600
2002-05-22,59.40765598313498,59.84287564048916,59.23709589740004,59.74877166748047,2705500
2002-05-23,59.98990175867761,60.242800543615814,59.40176546692587,60.142818450927734,2511400
2002-05-24,59.98986933887314,60.225124625861625,59.35468141014064,59.41349411010742,1944000
2002-05-28,59.601723443203404,59.60760606190276,58.67247160925594,58.89596176147461,2558300
2002-05-29,58.6135956854725,58.84884633431534,58.40774463705725,58.431270599365234,2816200
2002-05-30,58.20201242675426,58.64311499065793,57.76090986285059,58.42550277709961,5263000
2002-05-31,58.72542814935953,59.20182176172541,58.343138530047526,58.3725471496582,4762200
2002-06-03,58.39019175056064,58.87834612872836,56.99631109945282,57.019832611083984,5602000
2002-06-04,57.03745076955607,57.460905065257776,56.525770659122216,57.11390686035156,5598900
2002-06-05,57.21389284785491,57.81379432689722,57.108028144913526,57.77262496948242,3750000
2002-06-06,57.707951196392486,57.75499870308,56.53755640771047,56.77281188964844,4875100
2002-06-07,56.0611269553104,56.84334896265689,55.79646753309392,56.590450286865234,5917100
2002-06-10,56.60816935014509,57.278644971010344,56.308218313296564,56.86695098876953,3823400
2002-06-11,57.13742338651417,57.54911686436067,56.01996389177348,56.09054183959961,4207100
2002-06-12,55.95529955436218,56.825743444523596,55.684757335195414,56.74928283691406,4807200
2002-06-13,56.496399123182,56.79046741674364,55.93178853799878,56.096466064453125,3775900
2002-06-14,55.290667596067564,55.955259672479436,54.437867688684186,55.872920989990234,7309400
2002-06-17,56.196401539204736,57.166822434888495,56.1081802340184,57.09036636352539,3785900
2002-06-18,56.90218320498313,57.63735353062891,56.80220111760496,57.57854080200195,2704200
2002-06-19,56.761009743568195,57.44912782456999,55.81999298914842,56.34931182861328,6932900
2002-06-20,56.24933642399877,56.531643727230815,55.53180966177624,55.56121826171875,5505800
2002-06-21,55.250157687405675,55.62725579969174,54.29564143613465,54.69041061401367,4570700
2002-06-24,54.21310229299905,55.38562653217528,53.51194239095539,54.88479995727539,6756700
2002-06-25,55.232472041779225,55.52707665720735,53.64750226758647,53.718204498291016,7920100
2002-06-26,52.65170262441646,54.20132026479452,52.4690493213962,53.75352478027344,7571300
2002-06-27,54.30147629873326,54.725702789402966,53.20554775006546,54.71392059326172,6814900
2002-06-28,54.57252805445563,55.261901364809866,54.460576928817815,54.51949691772461,5059200
2002-07-01,54.60195792825322,55.01440663066955,53.617980680355004,53.6533317565918,4088300
2002-07-02,53.641631114770654,53.95980477053801,52.852088081130596,53.17615509033203,8246300
2002-07-03,52.910984228965155,53.57089560945665,52.49853512084884,53.4000244140625,7801400
2002-07-05,53.97160548671723,55.48587417602539,53.906792062655114,55.48587417602539,3042400
2002-07-08,55.17944398116006,55.49761749725854,54.50185248365274,54.77288818359375,4144900
2002-07-09,54.666805276104384,55.08514308821632,53.564987424373975,53.72996520996094,5230600
2002-07-10,53.94212168796386,53.97157946040585,51.850426546213825,52.027191162109375,8988300
2002-07-11,51.62063827144903,52.321798928246416,50.772175257866394,51.932918548583984,10064900
2002-07-12,52.14501741993693,52.26285746908973,50.73680770460522,51.05498123168945,8371300
2002-07-15,50.913560959510434,51.24351662006252,48.60975119946054,51.13745880126953,19684400
2002-07-16,50.37742433982192,51.001985121207326,49.58788557809416,50.112281799316406,11732600
2002-07-17,51.037332738055916,51.55583552271486,49.817669151788174,50.35384750366211,9671900
2002-07-18,50.41269776126642,50.93709317405652,49.4051513671875,49.4051513671875,8068300
2002-07-19,48.74591897256032,49.04693028035617,46.981175056128265,47.217262268066406,16165500
2002-07-22,46.84539744748525,48.09665120097782,45.505605981300604,46.07221221923828,24645000
2002-07-23,46.23161925783716,46.7510077043702,45.304980340062265,45.546966552734375,21734000
2002-07-24,44.70882773003391,48.69278267627456,44.43142570218808,48.456695556640625,24784000
2002-07-25,48.25013558781417,49.105946589093705,46.774596273202114,48.26784133911133,20978400
2002-07-26,48.722272075608224,48.95835457994048,47.901873214993785,48.89933395385742,9383300
2002-07-29,49.81420206112422,51.57304218706191,49.74337456162122,51.183502197265625,14891900
2002-07-30,50.965115578473394,51.791418309652265,50.41031598282893,51.37826919555664,15083800
2002-07-31,51.13036039171937,51.578925373318825,50.39849452920491,51.43727493286133,10756000
2002-08-01,51.266134076813046,51.508120162887465,50.02668205541202,50.09160614013672,12715600
2002-08-02,49.99123809008683,50.2568376980303,48.4153641943014,49.10591506958008,12992600
2002-08-05,48.928875935155965,49.135450502134944,47.39431621947064,47.494651794433594,8641400
2002-08-06,48.42714768100785,49.77283730307743,48.30910196671359,48.987850189208984,12131400
2002-08-07,49.58400105984922,50.07977987486101,48.545220610270434,49.96173858642578,12801400
2002-08-08,50.215536974635334,51.555324209108484,49.77877425244825,51.49630355834961,14268400
2002-08-09,51.08316854562199,52.080629975768844,50.652309120939954,51.7028923034668,12693100
2002-08-12,50.982840611302805,51.6379805278969,50.746757887079866,51.342872619628906,8905500
2002-08-13,51.07135474007608,51.75600699204802,50.003065953554916,50.13881301879883,12022300
2002-08-14,50.16830416189702,51.85041698908113,49.40102241469725,51.626136779785156,15180300
2002-08-15,51.96850265715965,52.49969327135397,51.366480023355294,52.13376235961914,15213000
2002-08-16,51.77919126976676,52.33468282007537,51.483715410107614,51.84419631958008,8888600
2002-08-19,51.726000164929665,53.26247364118675,51.70827233579111,53.13837432861328,9593900
2002-08-20,52.783777419204974,52.972881681671666,52.151459618900596,52.59467315673828,10107600
2002-08-21,52.86063297704807,53.18565824755812,52.009665510937936,53.15610885620117,12027700
2002-08-22,53.03793209981771,53.77662196193216,52.80155044222006,53.55796813964844,9013200
2002-08-23,53.12063433664877,53.77659091620496,52.24011779174818,52.429222106933594,8041900
2002-08-26,52.588754695360535,53.02015112626437,51.767332752629116,52.78968048095703,8066100
2002-08-27,53.1738547357822,53.44569207278822,51.97421857373102,52.29924392700195,9351100
2002-08-28,51.86194578371065,51.997862211032526,51.16462228368622,51.46009826660156,8161100
2002-08-29,50.939993487882376,51.79096468956134,50.26630945608653,51.265018463134766,9045200
2002-08-30,50.93998517579699,52.02142681670076,50.85134611391904,51.12908935546875,9528400
2002-09-03,50.53816150470177,50.62089884822293,49.1139709819241,49.14352035522461,12002400
2002-09-04,49.397638718073225,50.106783294973546,49.01943008050076,49.72266387939453,11734700
2002-09-05,49.12579138658514,49.61037138509274,48.54666150253057,49.28535079956055,13496700
2002-09-06,49.82311296161175,50.230870885671465,49.58082522298896,49.94721221923828,9178300
2002-09-09,49.5690372854708,50.72139604537496,49.2262886547026,50.337276458740234,8296800
2002-09-10,50.685941228253334,51.11733808839248,50.337281779988956,51.111427307128906,8951200
2002-09-11,51.64326685048397,51.99783695604904,50.63274002075195,50.63274002075195,6677700
2002-09-12,50.41998690028175,50.47908115453946,49.48628235376109,49.72266387939453,7140200
2002-09-13,49.30901438377027,49.56312381105399,48.87170685214454,49.36219787597656,9613400
2002-09-16,49.07856093859257,49.758152069882996,48.90127355127864,49.728607177734375,5978000
2002-09-17,50.24269908176712,50.40225852598821,48.45211659650247,48.552581787109375,13073100
2002-09-18,48.10938532400751,48.98990219092174,47.73117204671787,48.115291595458984,11649100
2002-09-19,47.56571995535451,48.156671889977,46.98067880248777,47.063411712646484,12834900
2002-09-20,47.31631260455185,48.12782337640026,46.91351956352541,47.19192123413086,9374000
2002-09-23,46.806882390594076,46.93127823942735,46.17307636678677,46.676570892333984,9102200
2002-09-24,46.030927541815466,46.676583110333155,45.373427113705525,45.65182876586914,15202100
2002-09-25,46.23230648704654,46.84833834443261,45.403026575502594,46.59363555908203,11780000
2002-09-26,46.901671041164676,47.547322082826504,46.55811136727539,47.274845123291016,11281800
2002-09-27,46.91945518600949,47.09123507639273,45.52152633666992,45.52152633666992,10727500
2002-09-30,45.047589932711595,45.58661855174049,44.18869172110365,45.01797103881836,17215400
2002-10-01,45.414896249487356,47.417016697402865,44.98840894651803,47.38739776611328,15772300
2002-10-02,46.83057758398273,47.31629805594262,45.78213377325432,46.15530776977539,13694600
2002-10-03,46.487033285241196,47.03198720563808,45.610364549599986,45.835453033447266,13741400
2002-10-04,46.16123886662038,46.208627338564696,44.31312913371281,44.99432373046875,16881400
2002-10-07,44.56192617509543,45.403051401065255,43.916270530361956,44.27167510986328,13419900
2002-10-08,44.59745916961373,45.314192920561396,43.47793241193696,44.65669250488281,21139100
2002-10-09,43.851094199340835,44.271656636839666,43.18174911192088,43.31206512451172,20801400
2002-10-10,43.24099757724737,44.89955819611511,42.66642469458503,44.67446517944336,21248700
2002-10-11,45.46228527658174,46.919447233043314,45.337893898260994,46.78913116455078,23525600
2002-10-14,46.17307651567289,47.03197548850737,45.95391277577348,46.759498596191406,12540500
2002-10-15,48.27593120995374,49.07559297032444,48.03899322041747,49.04597854614258,17099700
2002-10-16,48.34107454011676,48.63132111626954,47.51771877975436,47.86127853393555,17516400
2002-10-17,49.36580463099626,49.63236137492268,48.63130145154425,49.06963348388672,13087900
2002-10-18,48.71676662830324,49.51151536266296,48.331254418909744,49.286136627197266,10921300
2002-10-21,48.93031579102496,50.79263290277191,48.83541846114942,50.66215133666992,14045400
2002-10-22,50.05121809044089,50.41893811544727,49.70129469200623,50.252872467041016,10740000
2002-10-23,49.819919083484436,50.55535471725457,49.22682480868105,50.5494270324707,12054500
2002-10-24,50.8163615138331,50.94091087606614,49.09638572712868,49.244659423828125,12298300
2002-10-25,49.120021413533955,50.229108292234066,48.959888101074725,50.193519592285156,12061600
2002-10-28,50.745140969198566,50.88748684263845,49.40475126476378,49.83770751953125,8822300
2002-10-29,49.64787292480469,49.93848756988796,48.544718284346416,49.64787292480469,13946200
2002-10-30,49.74876409234155,50.383375014369435,49.32173986135841,50.02751922607422,9937800
2002-10-31,50.169827731242826,50.501963504103585,49.48184092843266,49.671630859375,10202300
2002-11-01,49.52332982452751,50.77475804196936,49.34539988344287,50.59090042114258,9539200
2002-11-04,51.350042610548165,51.89568761144747,50.76880891832421,50.82811737060547,12260600
2002-11-05,50.72142860563232,51.62886679401879,50.709568709193384,51.53990173339844,10785400
2002-11-06,51.88386803943629,52.28123995587744,50.95271058787729,52.22193145751953,17454500
2002-11-07,51.717817564620645,51.8245747122176,50.73921565742371,51.035762786865234,9715600
2002-11-08,50.95865480219059,51.563613446566855,50.496042029990996,50.57907485961914,9416900
2002-11-11,50.50197189856955,50.513831791559674,49.58860629004286,49.79618835449219,7270300
2002-11-12,49.97413563573315,50.61467415165093,49.70131275350033,49.997859954833984,9213000
2002-11-13,49.659799610914135,50.55536896021172,49.33359585789085,50.17578887939453,16988200
2002-11-14,50.537541058138615,50.88746888399834,50.02747983735888,50.79850387573242,8668000
2002-11-15,50.38593731712447,51.11720424387738,50.207578202542585,51.039913177490234,7217000
2002-11-18,51.42635536533935,51.58093296364611,50.47511732933759,50.48106384277344,5612900
2002-11-19,50.207557078466806,50.885314171344746,50.0292025747856,50.57021713256836,6069700
2002-11-20,50.35617452849579,51.705746375521066,50.272941542037394,51.68196487426758,8535000
2002-11-21,51.83654719444168,52.81750813136941,51.67008120601413,52.758056640625,9367500
2002-11-22,52.466757492274574,52.906704103755565,52.377577960469935,52.431087493896484,7770100
2002-11-25,52.42515650856747,52.88293825481519,52.15167585633548,52.603515625,6356500
2002-11-26,52.28245976701895,52.674843381629344,51.63442602829524,51.664154052734375,5853600
2002-11-27,52.11002637740237,53.29907430598721,52.07435185516147,53.22772979736328,8264700
2002-11-29,53.32879251992628,53.388248539174405,52.80561311588784,52.85317611694336,3058100
2002-12-02,53.74499044175832,53.899568009133056,52.33596640622743,52.83536911010742,8928700
2002-12-03,52.43703933414831,52.55000039807499,51.96736914761794,52.276519775390625,7011500
2002-12-04,51.68794663251507,52.55595160885037,51.54525752768631,52.16950988769531,9947600
2002-12-05,52.30032605660417,52.407340658404195,51.3015246184247,51.497718811035156,6918800
2002-12-06,50.796121181740105,51.747358471764656,50.593980706190216,51.62250900268555,9463600
2002-12-09,51.11124614290277,51.28365870501421,50.39187240600587,50.39187240600586,5605500
2002-12-10,50.73666600436081,51.1350004532722,50.48696706207529,50.98042297363281,6091300
2002-12-11,50.82588009850519,51.42635089927753,50.61185099200931,51.12314224243164,5671900
2002-12-12,51.27769201822824,51.426323009585424,50.689114562494005,50.92097854614258,5282100
2002-12-13,50.43941469182462,50.802074699791255,50.15999221801757,50.15999221801758,6491200
2002-12-16,50.492932816518206,51.54523849487305,50.40375329289448,51.54523849487305,5622800
2002-12-17,51.20634503904092,51.539281528002,50.81990810884203,50.8734130859375,4202300
2002-12-18,50.623739618952364,50.671302646454144,50.1540649280572,50.41565704345703,6711400
2002-12-19,50.16002447432313,50.76049084308682,49.67845663348924,49.94599533081055,7277200
2002-12-20,50.26779492012916,50.87573146046651,49.86846681939655,50.86977005004883,4713900
2002-12-23,50.553938821486454,51.25127454498236,50.47049717323372,50.74466323852539,4688300
2002-12-24,50.47041146513537,50.65517415147251,50.357167471717865,50.440608978271484,1449500
2002-12-26,50.60157496943227,51.07838330408912,50.12476208755078,50.39297103881836,2966200
2002-12-27,50.12477958222215,50.422786600603054,49.40956455699848,49.4453239440918,5971500
2002-12-30,49.647978358799634,49.9400240063991,49.23076574357351,49.67777633666992,5939300
2002-12-31,49.63600144788621,49.90421023984748,49.15919339643607,49.77308654785156,5609400
2003-01-02,50.15457900207001,51.453889703767985,50.03537347375197,51.36448669433594,7451400
2003-01-03,51.25722862157267,51.57907688184062,51.0307448297818,51.47179412841797,4608500
2003-01-06,51.43602693819655,52.562493404957024,51.29298025714025,52.2525634765625,5957000
2003-01-07,52.24063545814733,52.58632471877147,51.97242639156932,52.28235626220703,6756000
2003-01-08,51.97242186369978,51.97242186369978,51.203567762615016,51.35852813720703,9215000
2003-01-09,51.644677444581674,52.461214717309474,51.632754603490326,52.318172454833984,8806000
2003-01-10,51.805510447919886,52.67568991660313,51.674386704503114,52.44324493408203,7426900
2003-01-13,52.753205642444186,52.97372793407909,52.19891238561021,52.50287628173828,6227800
2003-01-14,52.33001165842743,52.79490167887655,51.936640381294005,52.71146011352539,4361500
2003-01-15,52.80683469911788,52.86643518426482,51.94261629642326,52.25850296020508,5521600
2003-01-16,52.30021736345263,52.58630602331376,51.77572679213638,52.032012939453125,6486800
2003-01-17,51.542374605324646,51.85847500108583,51.09506169427341,51.357486724853516,6485200
2003-01-21,51.500608216184084,51.53043088698546,50.36741498024248,50.50459289550781,6430900
2003-01-22,50.176573957695254,50.42110717707464,49.59208768993787,49.71733474731445,8249100
2003-01-23,49.92014095122836,50.11695981050025,49.31776257632359,49.76507568359375,9120000
2003-01-24,49.68154855517566,49.75908114366442,48.417142606403026,48.54835510253906,10175000
2003-01-27,48.19049406217313,48.78691104536685,47.480756396076444,47.80282211303711,10515700
2003-01-28,48.059301211340895,48.47679144983857,47.77301894044082,48.166656494140625,7463000
2003-01-29,47.80877291632641,48.73918166909055,47.4270619776985,48.35747528076172,12052000
2003-01-30,48.48870969128856,48.6497402983223,47.295875549316406,47.295875549316406,10124300
2003-01-31,47.20045570277929,48.32768381950138,47.20045570277929,48.21436309814453,10294800
2003-02-03,48.29187277514926,48.68550552756941,48.20240933814031,48.3813362121582,5464800
2003-02-04,47.94593866054557,48.160649038860335,47.35548739532915,47.99961853027344,6720200
2003-02-05,48.19645581439185,48.72130568114464,47.4747917979073,47.78493118286133,9330800
2003-02-06,47.558300988801484,47.80283419787457,47.11695358374704,47.51655197143555,8836300
2003-02-07,47.77896392212601,47.856496490266196,46.75909144751102,47.0274772644043,7624500
2003-02-10,47.0930963052033,47.43305388921462,46.58017720647722,47.3734130859375,7264700
2003-02-11,47.611949743239265,47.725265830342984,46.63978753878453,46.93799591064453,7894600
2003-02-12,46.83064709903186,47.0215003010287,46.3475509268553,46.35948181152344,6864700
2003-02-13,46.341621168863014,46.62193802052565,45.637848591394,46.532474517822266,8574200
2003-02-14,46.580181948127446,47.48673863130871,46.204440753961435,47.47480773925781,10643900
2003-02-18,47.71335670623792,48.3395963331274,47.641785033070455,48.22031021118164,8393400
2003-02-19,48.029438763910726,48.1487248406488,47.534411783619454,48.035404205322266,5357700
2003-02-20,48.04143531689983,48.14282520799803,47.28398248268436,47.48676681518555,5209100
2003-02-21,47.581845992997884,48.19210233587954,46.99552628348849,48.006629943847656,7826700
2003-02-24,47.75534372999661,47.83311951983207,47.02543170458387,47.091243743896484,6710800
2003-02-25,46.636567090883645,47.504087788953,46.19981922614621,47.46220779418945,8146000
2003-02-26,47.163080053783375,47.4981201282779,46.690431626076496,46.82205581665039,6351600
2003-02-27,47.07333497216813,47.539999228310855,46.606670716025405,47.288719177246094,9911300
2003-02-28,47.36645444074339,47.73141044411963,47.03739881716746,47.45021438598633,9119400
2003-03-03,47.67158742678616,47.82115942491682,46.86389954979564,47.01945114135742,7116100
2003-03-04,46.935722595824394,46.94769091984583,46.18786210472089,46.22376251220703,5168800
2003-03-05,46.09812263402571,46.60068269453866,45.91863428979782,46.57076644897461,7606000
2003-03-06,46.26562951610864,46.60665362163817,45.90665749416865,45.99041748046875,8054100
2003-03-07,45.439975162027885,46.415187596064705,45.33826728994292,46.397239685058594,11889500
2003-03-10,45.91862774393424,46.086147740224646,45.27247527431903,45.338287353515625,7240100
2003-03-11,45.4399962503667,45.81093665342035,45.00923249257951,45.081024169921875,8543500
2003-03-12,44.93744639941205,45.33829857036164,44.45881380767196,45.320350646972656,10315700
2003-03-13,45.948540880470745,46.96562911183891,45.667344663736294,46.92973327636719,12660000
2003-03-14,47.17502883747214,47.59383336220797,46.75622887731354,47.240840911865234,12985500
2003-03-17,46.834003983483406,48.91006496364892,46.58272401127877,48.7365608215332,14688600
2003-03-18,48.93998246347887,49.269038274252146,48.52117793443479,49.14339828491211,11246200
2003-03-19,49.26300790148331,49.657879981487774,48.694636402223196,49.610015869140625,9366300
2003-03-20,49.2391173319411,49.92714506341518,48.74253706426693,49.729713439941406,14858500
2003-03-21,50.2113255314033,51.133843875112824,49.89982802704508,50.996063232421875,17259100
2003-03-24,49.98969717166492,50.10351580384135,49.04920811026272,49.264862060546875,16257600
2003-03-25,49.28283088302923,50.01365762777626,49.031236139186994,49.6063117980957,12104400
2003-03-26,49.5344138448961,49.714122358188824,49.09711444565935,49.34870910644531,9405800
2003-03-27,48.89343512401544,49.48648088113723,48.623865546929,49.1390380859375,9004000
2003-03-28,48.85152757374707,49.21094928933095,48.641860716885994,48.86350631713867,6382700
2003-03-31,48.16262079959492,48.4621395799776,47.55159992824966,47.81517791748047,13382600
2003-04-01,48.084738174618444,48.581940397114934,47.77923233984502,48.396240234375,9551100
2003-04-02,49.26482509281641,49.92376519298164,49.228884318170316,49.570335388183594,11873600
2003-04-03,50.025610806875214,50.22928131388027,49.34270858764648,49.342708587646484,9865400
2003-04-04,49.762078103299736,49.86990510796666,49.30082093185019,49.65425109863281,7441300
2003-04-07,50.86430431114052,51.15783156799664,49.67221573948136,49.67820739746094,11794900
2003-04-08,49.82196490280459,50.05558924248186,49.55839142000933,49.839935302734375,7796500
2003-04-09,50.007681524152986,50.37908206464263,49.13308224487383,50.07956314086914,11033600
2003-04-10,49.30679945305124,49.40264769401085,48.857521106718366,49.39665603637695,6487000
2003-04-11,49.73810823692993,50.06758085792427,49.0731759075019,49.24090576171875,8296700
2003-04-14,49.35469090459803,50.22928495811125,49.27082603441818,50.22329330444336,6729600
2003-04-15,50.06758507015301,50.58874507955873,49.863909822685926,50.55879592895508,6764500
2003-04-16,50.70852346929889,50.70852346929889,49.43257071510078,49.54039764404297,9548800
2003-04-17,49.57523676799722,50.17505813342665,49.43727584038796,50.073089599609375,8768400
2003-04-21,50.181003150717245,50.44492115312416,49.8510999273725,50.103023529052734,6019200
2003-04-22,49.80313677460891,51.00277877164161,49.61119423813452,50.936798095703125,9069700
2003-04-23,51.062739673547384,51.23668824317533,50.73284100116546,51.11672592163086,6881800
2003-04-24,50.72684743597102,50.97877108639501,50.41494261777032,50.64887237548828,8655300
2003-04-25,50.504967239067305,50.60694036955189,49.69520914904994,49.88115692138672,7864500
2003-04-28,50.04305745614741,51.07475012781758,49.899101722693736,50.85881423950195,7362400
2003-04-29,51.06279092247395,51.40468891591615,50.6549122130803,51.05079650878906,11257300
2003-04-30,50.94277462143257,51.23069058448372,50.64886374601399,50.900787353515625,10009100
2003-05-01,50.83481760192649,50.94278553917607,50.085041531101616,50.7508430480957,11239800
2003-05-02,50.53492272981718,51.60260345113394,50.51092933901248,51.47064208984375,10966000
2003-05-05,51.58462051480834,51.69858800128309,51.04478054765472,51.28470993041992,8211300
2003-05-06,51.29073966019359,51.932548506090725,51.224758926629626,51.578651428222656,9820100
2003-05-07,51.344701311771466,51.86054798529438,51.11077137567075,51.50065612792969,8495000
2003-05-08,51.002759164389175,51.55459317257479,50.90679022118134,51.062740325927734,8723100
2003-05-09,51.20068548698444,51.758518813924816,51.10471199680344,51.68653869628906,6890700
2003-05-12,51.554559521655655,52.538264572861465,51.47058503506001,52.388309478759766,8109500
2003-05-13,52.2023974229631,52.41833325196086,51.95047381455538,52.208396911621094,6891200
2003-05-14,52.4123437465988,52.508317278331354,51.77653511581519,52.08843994140625,7835600
2003-05-15,52.3044388318562,52.60434961547069,51.98053921267489,52.37641906738281,7470100
2003-05-16,52.3180911714117,52.62446778621139,51.98168050935809,52.258018493652344,7413900
2003-05-19,51.83149003266677,52.354131888552836,51.00247618359838,51.1646728515625,9799700
2003-05-20,51.28483307326486,51.453038417003505,50.6120071150584,51.104610443115234,10805100
2003-05-21,51.00247547324533,51.320864745991095,50.768188854309734,51.18269348144531,8288500
2003-05-22,51.344878670989246,51.93359706352383,51.23073742655421,51.68729782104492,6992800
2003-05-23,51.65729556205904,51.921620910685746,51.42901749576951,51.801475524902344,4639700
2003-05-27,51.49505767767059,52.96685810187984,51.42296775386377,52.78664016723633,10004400
2003-05-28,52.96686242731812,53.315290212631226,52.810674454522086,52.86473846435547,6343200
2003-05-29,53.01491586977759,53.405394920312396,52.294034994366264,52.50429153442383,8634400
2003-05-30,52.72655973269014,53.45345381627006,52.69051706460308,53.369346618652344,7883900
2003-06-02,53.71177559062186,54.61287904757291,53.495510394293674,53.66971969604492,9531700
2003-06-03,53.49553809239093,53.88000873309541,53.34535410513914,53.79590606689453,7868800
2003-06-04,53.7298232722089,54.61290582634963,53.66974601235465,54.49275588989258,8728600
2003-06-05,54.144334817182305,54.5288054961116,54.03019809213431,54.51078414916992,7943400
2003-06-06,54.94925017496808,55.5619980701195,54.516720092157236,54.588809967041016,10657300
2003-06-09,54.312539392517856,54.63092871242242,53.88601283512512,54.20440673828125,7852500
2003-06-10,54.36057302287026,54.72702217201195,54.162333722174544,54.68497085571289,6330500
2003-06-11,54.67294349248934,55.4058415941774,54.5107423279526,55.3337516784668,8546800
2003-06-12,55.63416416298349,55.68822820577883,54.96734680232786,55.526031494140625,8582500
2003-06-13,55.50803402412365,55.58612809172761,54.6970409505679,55.01543045043945,6188100
2003-06-16,55.25569891571852,56.20485830590388,55.15357031315107,56.16881561279297,8098900
2003-06-17,56.373072528514,56.43915386512447,55.87446505670678,56.14479446411133,7674800
2003-06-18,55.86239600721649,56.288917686243494,55.64613084837908,56.02459716796875,7920100
2003-06-19,56.04865499508874,56.174808969900106,55.17157664654185,55.339786529541016,9831000
2003-06-20,55.817408602508635,55.93787625604164,55.29338924459615,55.31747817993164,8022600
2003-06-23,55.31748274631135,55.34760081102358,54.50434554816743,54.75130081176758,11290200
2003-06-24,54.576694694302454,55.14890187955227,54.55862567092911,54.92604446411133,9751300
2003-06-25,54.8777590391748,55.25120170301658,54.257365839281924,54.26338577270508,9713500
2003-06-26,54.335716840096936,54.87781005107258,54.22127366350949,54.70915985107422,7084700
2003-06-27,54.727208983895984,54.931997125129826,54.07669736696797,54.13090896606445,7029600
2003-06-30,54.432094341333986,54.679045122058085,54.082744851164705,54.155025482177734,5865400
2003-07-01,53.962254798263366,54.612766422018346,53.516535913263105,54.55855941772461,7580100
2003-07-02,54.69713034711702,55.22115473772933,54.642923304316575,55.209110260009766,4518100
2003-07-03,54.81155865927897,55.215115186078485,54.359815043955244,54.630859375,3271500
2003-07-07,55.1729349687348,55.89572727907353,55.1729349687348,55.63070297241211,6733800
2003-07-08,55.44996827925402,55.74511046666625,55.26927376377375,55.69089889526367,4683200
2003-07-09,55.51625819333209,55.70900188469125,54.95007618486138,55.31147003173828,7519700
2003-07-10,54.956117782723055,55.01634934838022,54.275492359586664,54.564605712890625,7534400
2003-07-11,54.624837491546906,55.22716229054379,54.61278842215779,55.04646301269531,4634600
2003-07-14,55.75721823067803,56.016218132741166,55.112730743503406,55.323543548583984,6303200
2003-07-15,55.660822699754355,55.71502971207386,54.853705285142574,55.16691207885742,6847200
2003-07-16,55.29943309923056,55.29943309923056,54.55255170576413,54.980201721191406,6340400
2003-07-17,54.63080372565892,55.016290850431126,54.444084692044925,54.642852783203125,8581700
2003-07-18,54.943283570537815,55.46804819381533,54.768366631311636,55.3896369934082,6411800
2003-07-21,55.37756289241431,55.41978500989236,54.76835871192618,54.979469299316406,8945900
2003-07-22,55.08202716055318,55.45599790344604,54.55726243128103,55.287109375,8465700
2003-07-23,55.38363561451055,55.59474635313812,54.92522043787,55.52839660644531,5297200
2003-07-24,55.90233471697783,56.07725625554773,54.97947645634785,55.03376007080078,6703400
2003-07-25,55.11820613777541,56.05313052263878,54.84074580593891,56.04106903076172,8848600
2003-07-28,56.13155218939643,56.185840417630466,55.733458457105044,55.89028549194336,5665800
2003-07-29,56.01092460892872,56.11346342609291,55.335365821633104,55.65504837036133,5964800
2003-07-30,55.78171546623147,55.84203214257231,55.34139498539521,55.58869934082031,5326400
2003-07-31,56.04107559835713,56.559802643457054,55.67313792779069,55.77567672729492,10218800
2003-08-01,55.78770720344533,55.82390086692783,55.19056467742473,55.36548614501953,6744800
2003-08-04,55.25089625125754,55.63692835242973,54.647720517942794,55.45597839355469,7649300
2003-08-05,55.347440313533475,55.522361935039,54.3039436340332,54.3039436340332,5980900
2003-08-06,54.53313166379401,55.19059114172294,54.34614401808828,54.68392562866211,9097500
2003-08-07,54.76839729787871,55.22077941894532,54.5452204614797,55.22077941894531,6172200
2003-08-08,55.359480505438015,55.61281326590099,55.160431364274245,55.60678482055664,4950100
2003-08-11,55.52243654356661,55.89037482772656,55.25100417227055,55.75767517089844,5897700
2003-08-12,55.77565938786006,56.33057994405294,55.61883241263494,56.24613571166992,5578600
2003-08-13,56.39698082473895,56.487458184938674,55.82396521325686,56.113487243652344,7474500
2003-08-14,56.1255179475789,56.4452004303734,55.73948574927609,56.15567398071289,6255900
2003-08-15,56.26074826995066,56.48421796193358,56.10975324217731,56.36946487426758,3955800
2003-08-18,56.605047878005756,57.009713669057284,56.49633121390183,56.943275451660156,5725200
2003-08-19,56.99765085698839,57.14260491068587,56.544665407178286,57.070125579833984,7069200
2003-08-20,56.737927141187946,57.070113636727996,56.677525407448556,56.88288116455078,5287000
2003-08-21,57.13047598936993,57.40831089304896,56.83452702780184,57.03988265991211,6866500
2003-08-22,57.474761689701594,57.52307660668395,56.56275023960806,56.5989875793457,5891900
2003-08-25,56.48424198218337,56.774154586316335,56.17621531229746,56.460086822509766,4386600
2003-08-26,56.23658659885441,56.677489484467536,55.89835922271257,56.532535552978516,5630500
2003-08-27,56.44801314764735,56.59900826240395,56.321177804212425,56.490291595458984,3113800
2003-08-28,56.62316604686463,56.876836724833375,56.05542296073979,56.75604248046875,5054100
2003-08-29,56.63523408166323,57.04594089448128,56.58691915686437,57.021785736083984,4475200
2003-09-02,56.93120061812587,57.740532239291646,56.81644285380926,57.655975341796875,6002600
2003-09-03,57.746549277613774,58.12101867337988,57.59555422241826,57.994178771972656,5565500
2003-09-04,57.92772219212375,58.278027079038125,57.77068610681634,58.10891342163086,4861500
2003-09-05,57.79489930162418,57.95193092413625,57.293594347897766,57.607662200927734,7304100
2003-09-08,57.782775432834654,58.127043907729465,57.565342226795565,58.054569244384766,3895200
2003-09-09,57.849209239490165,57.97604449875711,57.46870346168932,57.64989471435547,4283000
2003-09-10,57.4324782853776,57.529117334736945,56.900977337911684,57.18484878540039,7627700
2003-09-11,57.22105269248522,57.58343969984469,57.09421747030945,57.35997009277344,6201700
2003-09-12,57.10636162962423,57.49894529235945,56.83456762310853,57.40835189819336,5043100
2003-09-15,57.45663915449276,57.50495868010321,56.92513819678865,57.275447845458984,3837800
2003-09-16,57.34792036272362,58.01230229479794,57.32376520883311,57.98210144042969,4994100
2003-09-17,57.99418654837597,58.127062952045875,57.806954129388735,57.951908111572266,4179700
2003-09-18,57.97001321782476,58.555870056152344,57.800894915624326,58.555870056152344,5946100
2003-09-19,58.54138371796697,58.69873343016623,58.22667505888849,58.384029388427734,4988400
2003-09-22,57.93007909894893,58.00875389081177,57.579059964786346,57.83324432373047,6260600
2003-09-23,57.86958080277363,58.08745450923023,57.59118764837641,57.960357666015625,5297100
2003-09-24,58.03294997936472,58.153988804760914,57.07672755979508,57.1554069519043,6193900
2003-09-25,57.23412195753572,57.33700549317462,56.417097768472914,56.43525314331055,7249000
2003-09-26,56.65919547486077,56.73181699378082,56.36264221480491,56.46553039550781,6563600
2003-09-29,56.59258625678931,56.95570746976043,56.314193172933564,56.84071731567383,6895700
2003-09-30,56.73180746845597,56.73180746845597,55.93293857308839,56.362632751464844,7710900
2003-10-01,56.538180064574306,57.42177771764586,56.477660562895274,57.37941360473633,6855900
2003-10-02,57.23412787748356,57.6698753880117,57.16150175328255,57.60935592651367,6458500
2003-10-03,58.29328353318221,58.620094440332835,57.918055169266424,58.05120086669922,6949100
2003-10-06,58.105633588860435,58.3658714767858,57.9603813137348,58.220619201660156,3654400
2003-10-07,57.97855015838529,58.52323011253277,57.82724914504644,58.517181396484375,6654000
2003-10-08,58.54736950966808,58.65630629498639,58.178195104830195,58.54132080078125,4543600
2003-10-09,58.97705932857408,59.24940358208397,58.49289946233657,58.78944778442383,6368000
2003-10-10,58.753225358955696,58.910575127848425,58.5716622504282,58.88031768798828,2693400
2003-10-13,59.0073796466928,59.32208363984588,58.983170936859594,59.24946212768555,4450500
2003-10-14,59.188930840046076,59.53389680592589,59.03157656622806,59.5278434753418,4614600
2003-10-15,59.79417673981287,59.812332127017825,59.21922998005332,59.44315719604492,5040900
2003-10-16,59.116328047859355,59.61259515276235,59.03765318858041,59.41893005371094,7649400
2003-10-17,59.53646901438733,59.60918697676415,58.86384288772935,58.96080017089844,6300000
2003-10-20,59.11225828219598,59.38494239289333,58.89410914436809,59.366764068603516,4402000
2003-10-21,59.263828223636374,59.36684194519398,59.02143946106819,59.14263153076172,4534400
2003-10-22,58.63961887505388,58.7547544660004,58.14878545794778,58.30027770996094,6838900
2003-10-23,57.96097698980524,58.47605008143057,57.95491600100592,58.142765045166016,6921600
2003-10-24,57.82766176083582,58.28213882446289,57.62769074327676,58.28213882446289,6605300
2003-10-27,58.44573808591383,58.63964808013918,58.20941042492603,58.348785400390625,3797100
2003-10-28,58.506323431502686,59.22136721525976,58.43360546897261,59.1607666015625,5377400
2003-10-29,58.985072344619184,59.397131813533946,58.954776641763786,59.30624008178711,4433100
2003-10-30,59.71822268810276,59.74851835196498,59.22738485251794,59.56673049926758,7224500
2003-10-31,59.524337597045154,59.718247494375156,59.36678436072184,59.403141021728516,5322700
2003-11-03,59.657673276153496,60.08185454257261,59.657673276153496,59.694034576416016,5379000
2003-11-04,59.742476038494516,59.930329555110184,59.6152231148894,59.736419677734375,4792700
2003-11-05,59.591032145197055,59.87583851996006,59.372887401459764,59.72434616088867,4225700
2003-11-06,59.597084034336405,59.96672570388544,59.35469537219585,59.94854736328125,5902800
2003-11-07,60.16059694570257,60.20301458750779,59.45161437988281,59.45161437988281,4668600
2003-11-10,59.59101848718091,59.68797579389074,59.14260250159506,59.26985549926758,4654200
2003-11-11,59.1971303344318,59.34256164230869,59.03957705404471,59.15471267700195,3349600
2003-11-12,59.22137174908604,59.96065028710589,59.17895409015721,59.86975860595703,6125700
2003-11-13,59.67586533820279,59.93643235112267,59.55466869081018,59.82129669189453,4045600
2003-11-14,59.82124066854913,60.17876004138232,59.227389210423176,59.366764068603516,6104900
2003-11-17,59.05775685925908,59.20924915716089,58.55480132066236,59.10623550415039,5914800
2003-11-18,59.26377914992632,59.32437513459624,58.4578391466023,58.53661346435547,4693200
2003-11-19,58.60326015866986,59.100154542919,58.53660320026772,59.00925827026367,4055300
2003-11-20,58.57296208040145,59.2031657324256,58.49418315651622,58.500244140625,6756700
2003-11-21,58.70084896125864,58.73732737432876,58.31177990101707,58.658294677734375,4752900
2003-11-24,58.84072541792155,59.36353830452442,58.82856439000621,59.254112243652344,4876800
2003-11-25,59.320968434131785,59.61884860695439,59.1933055029221,59.38175964355469,5583100
2003-11-26,59.624921318165995,59.66747562300154,59.05955433216723,59.51549530029297,4061200
2003-11-28,59.491153631639314,59.67353179974446,59.43036245496076,59.62489700317383,864400
2003-12-01,59.77689779411943,60.28147354617864,59.77689779411943,60.2449951171875,5854300
2003-12-02,60.123427143836494,60.208535768445635,59.88633816984358,60.0322380065918,3578100
2003-12-03,60.18421414612384,60.54288551930605,60.093025015257766,60.15381622314453,6231600
2003-12-04,60.111233589529405,60.50030270236237,60.09907720890886,60.45774841308594,6236600
2003-12-05,60.27539358273147,60.3848195945571,59.93495452479,60.0626220703125,5430200
2003-12-08,60.02003130243317,60.7008997285097,60.02003130243317,60.67658233642578,5192800
2003-12-09,60.792151943408676,60.883341098938416,60.35444770732444,60.451717376708984,9541200
2003-12-10,60.476052151474725,60.65234536120473,60.17209130451693,60.54899978637695,5558100
2003-12-11,60.53679433138181,61.05352642481114,60.50031590542009,61.023128509521484,6778500
2003-12-12,60.98663295416309,61.26019554184675,60.74954414135218,61.175086975097656,6134200
2003-12-15,61.82559839091707,61.87423321122923,60.9137163813869,61.065696716308594,7563800
2003-12-16,61.19942666648823,61.74047616853154,61.1568723676108,61.704002380371094,5991500
2003-12-17,61.6067413382873,61.92286300659179,61.46692203882564,61.9228630065918,4867400
2003-12-18,61.94109125909055,62.51253867645924,61.82558474585967,62.5003776550293,10491800
2003-12-19,62.729884355758315,62.74814735982845,62.32807968737094,62.547245025634766,10810400
2003-12-22,62.46806352412698,63.08902848577265,62.46806352412698,63.07685470581055,6459300
2003-12-23,62.949054433445625,63.23518723798357,62.74815208412604,62.98558044433594,7622800
2003-12-24,62.80296488460984,62.973425846995156,62.76643421787522,62.82731246948242,3742600
2003-12-26,62.857783172112775,63.022154992423346,62.82734170978506,62.869956970214844,2088500
2003-12-29,63.08908787504268,63.77093631248508,63.05865107413151,63.72832107543945,6589900
2003-12-30,63.6369923767163,63.764838069759115,63.41174243194593,63.515235900878906,5478200
2003-12-31,63.60651929911244,63.764801698474805,63.4238800448215,63.66130828857422,5658100
2004-01-02,63.947462879875154,64.20924342360989,63.308229915377794,63.539573669433594,8231300
2004-01-05,63.82570549695171,64.30665139105746,63.801357921677656,64.27621459960938,6942600
2004-01-06,64.07531065737466,64.32491742241334,64.00834321527702,64.22750854492188,7702700
2004-01-07,64.11797140583103,64.27625862178797,63.807486194261614,64.25799560546875,6669400
2004-01-08,64.51361928552535,64.56840827687088,64.23357582543751,64.53797149658203,7701000
2004-01-09,64.14228716975865,64.36754174727743,63.69178265943264,63.734397888183594,9382200
2004-01-12,63.80748399738439,64.04491249078808,63.67963824283732,64.02664947509766,7877100
2004-01-13,64.03277626473839,64.09365456766321,63.192644537055564,63.618797302246094,8506600
2004-01-14,63.83788918876299,64.37362413843995,63.78918474478015,64.33100891113281,6643000
2004-01-15,64.5745129064068,64.60495433867214,63.90484319896334,64.5075454711914,9694800
2004-01-16,64.61060125140976,64.67152388600991,64.2755499998313,64.64715576171875,8975200
2004-01-20,64.81764897948362,64.81764897948362,64.14754264535723,64.24501037597656,8631500
2004-01-21,64.27547730236434,64.96385860596834,63.98306478934203,64.7567367553711,9293800
2004-01-22,64.87853733563827,65.03083437163743,64.68969049827507,64.87244415283203,6018200
2004-01-23,64.92123186400475,64.93341359155222,64.18411418226287,64.48870849609375,6833100
2004-01-26,64.43994390018595,65.32326980977379,64.40339408590589,65.29280853271484,7087700
2004-01-27,65.28672503163095,65.31718631320818,64.72627277342664,64.75064086914062,5658700
2004-01-28,64.86638125430575,65.04913498109079,63.684554300593994,64.0074234008789,7716700
2004-01-29,64.2389160244286,64.2389160244286,63.568809702464954,64.01351928710938,12596700
2004-01-30,63.928233281463385,64.10489847822686,63.70283189640543,64.01351928710938,8248200
2004-02-02,64.0866527869873,64.48871958127204,63.67849745175244,64.14757537841797,6735300
2004-02-03,63.96483411490789,64.23896725916052,63.79426196757359,64.05621337890625,3869100
2004-02-04,63.78202095569251,64.23282369922698,63.72719623289798,63.83075714111328,8405900
2004-02-05,63.96476777009258,64.23281209373853,63.76982771136942,64.04396057128906,5332700
2004-02-06,64.10487394336326,64.66532595103183,63.86119774289176,64.58003997802734,6886500
2004-02-09,64.61060125140976,64.82990972228578,64.45221541513389,64.64715576171875,3840300
2004-02-10,64.54352179741268,64.915127166216,64.46432896304492,64.72628021240234,3348600
2004-02-11,64.86027359038883,65.6583087090041,64.726251432021,65.42681884765625,6889000
2004-02-12,65.40251664134276,65.53653893471414,65.29895565018931,65.365966796875,3758000
2004-02-13,65.42683905238205,65.59131788533935,64.79937570601544,65.00040435791016,4074800
2004-02-17,65.32936722591586,65.58522990386568,65.24408121584557,65.49385070800781,2929300
2004-02-18,65.46335487097355,65.54254765345313,65.11002464562802,65.28668975830078,4074000
2004-02-19,65.5791197465768,65.7435985383636,65.15268515884523,65.24406433105469,6430900
2004-02-20,65.34060879960558,65.3467172740765,64.6993587621827,64.99250030517578,9334700
2004-02-23,65.13291889186719,65.15123964227361,64.57716461275366,64.87641906738281,7350700
2004-02-24,64.65047712952038,65.05965624390237,64.32679798950481,64.63215637207031,7973900
2004-02-25,64.56492944490101,64.9374667690964,64.55882097713179,64.85196685791016,4212700
2004-02-26,64.66269464305016,64.88866154180309,64.44283621707422,64.6993408203125,4878100
2004-02-27,64.74207553180023,65.13904229942804,64.57717942153403,64.77871704101562,5151000
2004-03-01,65.01078357941863,65.40164185094704,64.83978366804972,65.32225036621094,5244100
2004-03-02,65.13905504680747,65.24287578283393,64.64437127860025,64.79705047607422,7420700
2004-03-03,64.65662118278858,64.89480047950946,64.50394190748537,64.75433349609375,5421600
2004-03-04,64.80311292148822,64.87029209341398,64.60768387390313,64.66875457763672,4216400
2004-03-05,64.418388854127,65.15735537911786,64.36342193738005,64.85810089111328,6828600
2004-03-08,64.89473075306336,65.06573061216709,64.22294359541442,64.24126434326172,3972000
2004-03-09,64.28403386692253,64.35731688060861,63.74049643822616,63.90538787841797,8046900
2004-03-10,64.02139374537978,64.06414370193917,62.76331494203998,62.79996109008789,10163100
2004-03-11,62.67175159740648,63.19085987846785,61.920567980309116,61.98774719238281,14357500
2004-03-12,62.201490577534635,62.69617423804749,62.14652831492116,62.59845733642578,8724500
2004-03-15,62.500759603489065,62.50686807656344,61.76179278108097,61.95722198486328,9750500
2004-03-16,62.22592571018666,62.512963311701654,61.8228551012285,62.378604888916016,8644400
2004-03-17,62.58618796397798,63.23965400445442,62.543438023363414,63.06254577636719,6934900
2004-03-18,62.85493771070393,63.227475128594286,62.506829510638816,63.093116760253906,9918500
2004-03-19,63.00632305935127,63.146945909253745,62.28485311043048,62.32765197753906,7337600
2004-03-22,61.93637095133061,61.948597204691225,61.25769960396835,61.581748962402344,9303500
2004-03-23,61.83236728405,62.01579356098484,61.49609199596812,61.53889083862305,8777700
2004-03-24,61.618429069538784,61.88133781755712,61.2148974241666,61.57563018798828,8309600
2004-03-25,61.87524482731527,62.59060448546508,61.746848136039645,62.46220779418945,7684300
2004-03-26,62.4254812791431,62.88404260783131,62.2848584172592,62.48662185668945,5376500
2004-03-29,62.91455846968774,63.3547776944346,62.89010132778816,63.29363250732422,6766500
2004-03-30,63.18974511312095,63.62384924317191,63.09803192176332,63.58716583251953,4685000
2004-03-31,63.52600846528375,63.71554558984808,63.15304500649719,63.53823471069336,6973100
2004-04-01,63.34256243801603,63.81335437261321,63.31810529007504,63.636043548583984,7655300
2004-04-02,64.29028838506983,64.34531349617421,63.831727133628135,64.17411804199219,7605000
2004-04-05,64.16185437840753,64.69378213446107,64.0579103435038,64.6020736694336,3395500
2004-04-06,64.38200303066597,64.75496656348808,64.32085779730389,64.58988189697266,3779800
2004-04-07,64.59599045451911,64.60821670104997,64.10074117259094,64.38199615478516,5364600
2004-04-08,64.76104011024103,64.77938180381058,63.64826560802531,64.00900268554688,5463200
2004-04-12,64.12524427250341,64.48598177741094,64.11301801721314,64.38815307617188,3299300
2004-04-13,64.62652759853349,64.68155734350671,63.47706971876953,63.489295959472656,6847900
2004-04-14,63.25700671253463,63.80728124440787,63.177524427546814,63.721683502197266,8778900
2004-04-15,63.72167366154222,63.911210823634114,63.22031353542304,63.513790130615234,7101300
2004-04-16,63.78240874597078,64.08217129528249,63.53770262377749,64.02711486816406,5904400
2004-04-19,63.880233832607146,64.03317444492465,63.68447003553582,63.910823822021484,3748300
2004-04-20,64.09432253833081,64.22891096679676,62.91974025469637,63.02985763549805,6431100
2004-04-21,63.13388837523833,63.31741899289336,62.76683180730574,63.195068359375,8370700
2004-04-22,63.13389730769688,64.3390703546136,63.08495984779214,64.11883544921875,9166100
2004-04-23,64.08211295983428,64.24117249457146,63.79458387805521,64.18611145019531,4820600
2004-04-26,64.19221932210397,64.44303944196177,63.843514992386325,64.20445251464844,3700700
2004-04-27,64.1861583822522,64.5960383797575,64.08215981584881,64.27180480957031,5690900
2004-04-28,64.08209589407397,64.08209589407397,63.31739307910889,63.482566833496094,8846500
2004-04-29,63.51322373152383,63.78851516801219,62.613931526837135,63.048282623291016,11963400
2004-04-30,63.19505338269547,63.347993972036576,62.61387634277344,62.61387634277344,6158900
2004-05-03,62.80965499577492,63.3296521892942,62.80354073126325,63.195068359375,6128000
2004-05-04,63.23181011272376,63.70898440074051,62.93816188381638,63.091102600097656,7694500
2004-05-05,63.286819301470494,63.45199776552023,63.078822322891455,63.292938232421875,3496600
2004-05-06,62.90141129295612,63.121646135638954,62.34470992261332,62.766822814941406,9045900
2004-05-07,62.44257711739905,63.029868359135534,61.879756927490234,61.879756927490234,8867700
2004-05-10,61.54943633466339,61.78802337827836,60.882612665227434,61.1212043762207,17582000
2004-05-11,61.45759402815975,61.5738302715872,61.176184141194945,61.32300567626953,8772500
2004-05-12,61.24963024983376,61.81245032706701,60.448218631890256,61.7818603515625,16597400
2004-05-13,61.37206922123009,61.83701044785398,61.17018629379558,61.317012786865234,10827100
2004-05-14,61.2986773781004,61.78808985778869,61.005033624194084,61.45161819458008,8797800
2004-05-17,60.870404029172555,61.15793331759872,60.558403666478185,60.907108306884766,6814900
2004-05-18,61.08443904745209,61.32302587078287,60.9314985367337,61.15785217285156,6481600
2004-05-19,61.67784325659402,62.03266632872863,60.96208285297227,60.99266815185547,8893400
2004-05-20,61.102837813891256,61.268016305310105,60.821427619397994,61.18848419189453,8190900
2004-05-21,61.32837058731396,61.684254212349614,61.082938124429944,61.23633575439453,6336900
2004-05-24,61.61679896128648,61.74565249251476,61.003208042298176,61.273189544677734,6829100
2004-05-25,61.10130342888704,62.18735584872527,60.90495478366631,62.138267517089844,9302200
2004-05-26,61.972614651132666,62.24872838843562,61.88671239146854,62.18737030029297,6353700
2004-05-27,62.40216278352162,62.81327204751879,62.389893031179454,62.770320892333984,5972800
2004-05-28,62.71515762833723,62.770383272070966,62.48812719312871,62.69675064086914,4535500
2004-06-01,62.531050518041184,62.75193893399101,62.254931805781595,62.6844482421875,5099400
2004-06-02,62.83167357795544,63.23664090874014,62.64145732318097,63.10165023803711,5817300
2004-06-03,62.886916304689144,63.19371168772876,62.567851166111396,62.66602325439453,7500200
2004-06-04,63.05260342470686,63.32258024267076,62.837847541783134,62.99124526977539,4636700
2004-06-07,63.304109437177054,63.868611383503996,63.27343273130506,63.80112075805664,5772300
2004-06-08,63.64774336101675,64.11406876120428,63.61092474844748,64.10179901123047,5393400
2004-06-09,63.87479253429406,64.05887162143688,63.67230647470209,63.782752990722656,5151600
2004-06-10,63.874784046539766,63.96682357788086,63.776611979414284,63.96682357788086,3496100
2004-06-14,63.794996601448936,63.794996601448936,63.38389214430739,63.56796646118164,4341700
2004-06-15,63.954510960473165,64.12631547378723,63.59862750785296,63.88087844848633,7290000
2004-06-16,63.89315705983776,63.905431487533214,63.66613164201986,63.807254791259766,3838200
2004-06-17,63.72139485545026,63.893199506743215,63.561859958681524,63.782752990722656,2779500
2004-06-18,63.779727556140465,64.1973513870451,63.72445608771435,64.00696563720703,3919400
2004-06-21,64.02534771034375,64.20959518950882,63.71827170214067,63.75511932373047,4152200
2004-06-22,63.71822324530148,64.000732395731,63.362014222132075,63.976165771484375,4098600
2004-06-23,63.853362232706466,64.50436162945547,63.705967115360835,64.44294738769531,4784400
2004-06-24,64.35083413987903,64.51665777374632,64.16044855380117,64.24642944335938,4658200
2004-06-25,64.20344856969218,64.47981508652751,63.822672655165334,63.90251541137695,3581100
2004-06-28,64.22185867268296,64.35697282918146,63.56471638157309,63.6384162902832,6769100
2004-06-29,63.687558226438576,64.14817220980899,63.60772015613983,64.0560531616211,5171000
2004-06-30,64.05601577763446,64.4183629839899,63.80421136459015,64.25868225097656,6940800
2004-07-01,64.16659396480063,64.2709986655184,63.22079945602292,63.417327880859375,10590600
2004-07-02,63.49721063674535,63.55862493418325,63.13486300193435,63.27611541748047,4276300
2004-07-06,63.07952895328677,63.20236212102392,62.68032935795197,62.852291107177734,6318600
2004-07-07,62.77864774273829,63.208552470872725,62.77864774273829,63.01202392578125,5597800
2004-07-08,62.864593732304684,63.1962363462875,62.557517758499216,62.68648910522461,8076400
2004-07-09,62.8400562001867,63.02430374405805,62.70494195942901,62.870765686035156,3660200
2004-07-12,62.827779884673156,63.12871318878358,62.52070374581475,62.99359893798828,5886500
2004-07-13,63.1041465354017,63.134856023531555,62.87077035668893,62.99359893798828,3267000
2004-07-14,62.729486926550635,63.31292947110837,62.594372732499444,62.815467834472656,7294700
2004-07-15,62.938294140507246,62.97514175825501,62.37941361475926,62.40398025512695,4528300
2004-07-16,62.96024776819285,62.99712623293262,62.36402091073933,62.511539459228516,5944900
2004-07-19,62.45623431999111,62.50540874255155,61.94606023737141,62.05055236816406,9645400
2004-07-20,62.185797696440886,62.7881728234458,61.99525261574503,62.63450622558594,5270600
2004-07-21,62.7881753841618,63.03404288867138,61.68792193586922,61.71250915527344,9341600
2004-07-22,61.571061791442425,62.06279622524012,61.239141752058046,61.78619384765625,11667800
2004-07-23,61.66329385052315,61.66944182368292,61.15926791059988,61.355960845947266,6837100
2004-07-26,61.509640309120044,61.62028040166185,61.04249273066235,61.33138656616211,8701800
2004-07-27,61.497356527717784,62.21036689671997,61.454330080360165,62.05055236816406,7015800
2004-07-28,61.95220288446377,62.50540336686388,61.509642498543684,62.31485366821289,9645100
2004-07-29,62.529996089263726,62.62834024506655,62.11202287565681,62.4132080078125,7651300
2004-07-30,62.327142282131106,62.573009655320064,62.11815337358496,62.542274475097656,3943800
2004-08-02,62.25335303982452,62.837288378231705,62.17959614326682,62.659034729003906,6024000
2004-08-03,62.56075018856122,62.65909907099917,62.17965999294624,62.23497772216797,5626400
2004-08-04,62.056735610916014,62.622227723143524,62.001417871246105,62.32719039916992,5963500
2004-08-05,62.388603247771705,62.388603247771705,61.25147200825521,61.294498443603516,8179900
2004-08-06,60.9195887725578,61.085546641231836,60.32950957683637,60.46473693847656,9082800
2004-08-09,60.50160467168396,60.753615418522976,60.4278430267514,60.49545669555664,5095100
2004-08-10,60.618366350456625,61.29449805429119,60.46469984097015,61.20229721069336,7344300
2004-08-11,60.962550345819686,61.380523250759154,60.67980465858528,61.28832244873047,6687400
2004-08-12,61.02402182735827,61.1469578050108,60.43394320321026,60.59375762939453,6939400
2004-08-13,60.667564392089844,60.79050047078954,60.341791990216485,60.667564392089844,4192700
2004-08-16,60.649113153818426,61.485059565464695,60.642969868247754,61.34368896484375,5697000
2004-08-17,61.58958416427439,61.82930373477673,61.38059979595274,61.62031936645508,5946900
2004-08-18,61.35598095465412,62.2656890097379,61.32524576831164,62.216514587402344,6069000
2004-08-19,62.08740060865204,62.191892680672886,61.66327965929537,61.989051818847656,5510900
2004-08-20,61.887339495367335,62.534634004087174,61.83802083306198,62.417503356933594,5462800
2004-08-23,62.42984999137824,62.54081466426288,62.146274650292604,62.201759338378906,4521700
2004-08-24,62.46684842097982,62.61479976714131,62.09696770393186,62.3990364074707,3746000
2004-08-25,62.38669740573181,62.978512130747404,62.133947413618536,62.8058967590332,6232300
2004-08-26,62.78740018783675,62.92919020288525,62.68260153074614,62.79973220825195,4238800
2004-08-27,62.824390665588766,63.03398797683341,62.707259989724015,62.97850799560547,2971100
2004-08-30,62.84289472994558,62.93536138112424,62.454515981841325,62.51616668701172,4482800
2004-08-31,62.54080569597903,62.824385699687575,62.201750418715214,62.81205368041992,5158700
2004-09-01,62.719591424820095,63.040158126144206,62.39902942678395,62.8058967590332,4624300
2004-09-02,62.78741498810218,63.644307180724454,62.76892165640784,63.52101516723633,4906000
2004-09-03,63.496316588273636,63.73673915831587,63.37918595553503,63.410011291503906,5160900
2004-09-07,63.65048072584075,64.00186817948864,63.57034137791733,63.89090347290039,4500100
2004-09-08,63.77369959924899,63.970969439863694,63.6319143999268,63.79835891723633,5085900
2004-09-09,63.72443705317548,63.84772903924934,63.416202384703034,63.496341705322266,5990800
2004-09-10,63.49636301165,63.730619745110744,63.22511490732433,63.638153076171875,3670200
2004-09-13,63.77990990926783,63.9401932358843,63.60729926673652,63.804569244384766,4570500
2004-09-14,63.71826392311911,63.88470855604937,63.650451927369346,63.804569244384766,3690100
2004-09-15,63.58879605250264,63.619616689140436,63.20041746391683,63.21274948120117,6374500
2004-09-16,63.29290163381662,63.557983619824036,63.237421654629884,63.342220306396484,5572200
2004-09-17,63.48418549200484,63.7495516668522,63.37310186745641,63.57058334350586,4894400
2004-09-20,63.29284627104522,63.37924408752329,62.953427622975056,63.039825439453125,6733300
2004-09-21,63.18792341077476,63.49031571150606,63.03364095206922,63.17558288574219,6604900
2004-09-22,62.92256636935521,62.947252131268755,62.37949373224026,62.3918342590332,8852700
2004-09-23,62.44124127173917,62.46592704768303,61.959880411659725,61.9907341003418,7438900
2004-09-24,62.01543707642801,62.2931486015727,62.01543707642801,62.157379150390625,5528200
2004-09-27,61.94755139236116,62.07098030440406,61.71304352197702,61.81178665161133,5243000
2004-09-28,61.86734300378694,62.422761488629654,61.657520858586835,62.262306213378906,8556800
2004-09-29,62.18819199946814,62.63252638117438,62.09562626021979,62.62018585205078,7240800
2004-09-30,62.15731133699717,62.373305815350555,62.05240040584359,62.249881744384766,6375100
2004-10-01,62.53995411145767,63.06451839633371,62.46590152221656,63.04600524902344,7370500
2004-10-04,63.348376389913746,63.49031361056292,63.10769613896356,63.1385498046875,5422400
2004-10-05,63.14476149141064,63.17561988455477,62.78065693562463,62.97196578979492,5210500
2004-10-06,62.891718060961246,63.348392924483115,62.81766076890579,63.342220306396484,5244700
2004-10-07,63.20025921241759,63.212599735608514,62.59546999288397,62.60164260864258,6821900
2004-10-08,62.45356934771314,62.78065228247716,62.07711957923911,62.14500427246094,7265900
2004-10-11,62.3054470158398,62.484415288826966,62.27459333945968,62.41653060913086,3549500
2004-10-12,62.08322792068482,62.48436304485993,61.93511815624268,62.360939025878906,5207100
2004-10-13,62.59550721373383,62.62019298312074,61.57106897165794,61.76238250732422,7916000
2004-10-14,61.79939535267287,61.86110740854005,61.09586755746527,61.20695114135742,8125100
2004-10-15,61.35506690790836,61.682145072903005,61.13907233747119,61.38592529296875,7489800
2004-10-18,61.17341483794677,61.64284058034964,60.994291795287786,61.53783416748047,9897800
2004-10-19,61.75404612224042,61.994934694828416,61.16108456097534,61.21049880981445,9483600
2004-10-20,61.09936261346689,61.20436443271759,60.6546434820457,61.080833435058594,9636600
2004-10-21,61.14260906654244,61.303203160037455,60.65465353383525,61.11172866821289,12984900
2004-10-22,61.11168297466688,61.17344843754988,60.327246987604234,60.38283920288086,10885700
2004-10-25,60.23460653149656,60.512558229654736,60.080190492209866,60.33343505859375,8935700
2004-10-26,60.50638788341744,61.210524734189015,60.32726468981356,61.19817352294922,8281200
2004-10-27,61.11783421524109,61.9949204370124,60.91400873236002,61.85285568237305,10346700
2004-10-28,61.77877333677533,62.1679048121065,61.599654859526034,61.933189392089844,7890500
2004-10-29,61.84047136863131,62.1616543154469,61.821937505200914,62.001060485839844,5304700
2004-11-01,62.069019704809335,62.36550033425741,61.951666814160916,62.20490646362305,6267300
2004-11-02,62.25436305341019,62.71143315214415,61.94553101408128,62.09376907348633,7390000
2004-11-03,62.95850725939445,63.23028099449195,62.470552013380086,62.8226203918457,10058100
2004-11-04,62.73616132184333,63.89736848271195,62.692925010332395,63.817073822021484,9474700
2004-11-05,64.05792252550145,64.50264128763837,63.928213671945116,64.37293243408203,8309800
2004-11-08,64.2555971117456,64.44089823115578,64.12588821311977,64.41619110107422,5256900
2004-11-09,64.34827685241036,64.59534355286384,64.21856789496348,64.36680603027344,6609300
2004-11-10,64.40381442465771,64.73735350466573,64.32969777070151,64.47793579101562,5466600
2004-11-11,64.53968861521511,65.0152923762737,64.4964523380644,64.91028594970703,4604100
2004-11-12,64.97206263021368,65.32413084023156,64.85470498940731,65.25618743896484,4875200
2004-11-15,65.32488598829583,65.5105707200837,65.2382321690057,65.44248962402344,4601700
2004-11-16,65.25681069985018,65.28156961253949,64.95352228339583,65.07112121582031,8043800
2004-11-17,65.37439897822124,65.77053204351837,65.20727753744607,65.5477066040039,6900900
2004-11-18,65.56012418449588,65.6715369730587,65.44252520710512,65.6096420288086,4714100
2004-11-19,65.60711034521992,65.63194324173179,64.75643915221396,64.9302978515625,6968500
2004-11-22,64.80617463307509,65.19735707006798,64.71924520263222,65.07317352294922,8335900
2004-11-23,65.09180095977301,65.21598450761385,64.73787263739804,65.19114685058594,7527500
2004-11-24,65.20976230291434,65.29048585821243,65.01727641683031,65.21597290039062,6210400
2004-11-26,65.25318518713165,65.4146274569548,65.13521233448321,65.14762878417969,1807300
2004-11-29,65.42707556865656,65.51400496418978,64.58882038169132,64.86824035644531,9181300
2004-11-30,64.94896687950211,65.04831747895275,64.69438925868013,64.78131866455078,7401100
2004-12-01,64.96752488121379,65.7312664065243,64.9302708146643,65.61328887939453,8612600
2004-12-02,65.47678707705808,65.98594731390106,65.42090588953494,65.71894836425781,8250700
2004-12-03,65.60712826394013,66.06040217714138,65.54503179381783,65.6257553100586,7206400
2004-12-06,65.61957229016804,65.65062053827626,65.34636286616794,65.41466522216797,3494200
2004-12-07,65.48921332424752,65.58855924437859,64.80619413495862,64.8310317993164,7572700
2004-12-08,64.9303884068556,65.2346415550428,64.83724833450825,65.20359802246094,7090100
2004-12-09,64.90550911517718,65.56990092381274,64.67576911965791,65.43329620361328,8913400
2004-12-10,65.31528856991504,65.66300604580704,65.26561329127466,65.50777435302734,5999500
2004-12-13,65.75618730078384,66.1039049950265,65.5264425457745,66.09769439697266,7457100
2004-12-14,65.96729924932708,66.40815695841904,65.94246159479114,66.2901840209961,5822400
2004-12-15,66.20326634802818,66.47647112181343,66.03561333448134,66.34607696533203,9270700
2004-12-16,66.33365945927102,66.61928542667708,66.20326530484428,66.53856658935547,8572800
2004-12-17,66.14365513245268,66.52922534320636,66.05659165657339,66.24937438964844,8222200
2004-12-20,66.39236890300411,66.63490339936395,66.1373940637229,66.30530548095703,6136000
2004-12-21,66.38614932476803,66.833906781926,66.29908590194295,66.80281066894531,8002500
2004-12-22,66.76553569061072,67.24438477837184,66.72822413028221,67.16976165771484,6666000
2004-12-23,67.23818015433746,67.50559078374334,67.18220806024577,67.2568359375,3318100
2004-12-27,67.43097445480893,67.51181777722664,66.98943678079559,67.01431274414062,5591200
2004-12-28,67.08888704882727,67.45580131029664,67.03913990295804,67.41226959228516,3461100
2004-12-29,67.3314380649402,67.35631401626446,67.05781208957855,67.31278228759766,4043900
2004-12-30,67.31904453592801,67.41854840341487,67.02053767807298,67.0702896118164,2786600
2004-12-31,67.11999314229868,67.28168443805916,66.83392684647761,66.85880279541016,4262800
2005-01-03,67.25679627477153,67.53042217413268,66.49809657622212,66.74063110351562,11691300
2005-01-04,66.85259044851509,66.91477795582573,65.85135592362492,66.10633087158203,10628300
2005-01-05,66.10629403732622,66.40479580393395,65.7393798828125,65.7393798828125,10885300
2005-01-06,66.00060081193132,66.33020358506886,65.8140383071804,65.94463348388672,8238900
2005-01-07,66.12499360734452,66.23071285535723,65.68967152115772,65.82026672363281,8555700
2005-01-10,65.82021921642188,66.31150828709778,65.77668751368348,66.04409790039062,6028100
2005-01-11,65.85761141119859,65.86383158864578,65.46582089031476,65.62129211425781,7592600
2005-01-12,65.6585693885072,66.0627952792952,65.27299927436133,65.93841552734375,10574200
2005-01-13,65.89485090715942,65.98191431776424,65.17968311039128,65.2667465209961,7669700
2005-01-14,65.37876851446777,65.70215137230049,65.32902132023706,65.5715560913086,5986900
2005-01-18,65.45334701943368,66.10010750232718,65.29787588637089,66.0192642211914,6601700
2005-01-19,66.0129971060246,66.07518456610818,65.44086488189713,65.45330047607422,6567900
2005-01-20,65.33517545476455,65.59637051629353,65.0366735910194,65.14861297607422,8661700
2005-01-21,65.32790926480757,65.37770776420855,64.59962401999195,64.63697052001953,7901200
2005-01-24,64.80506698766342,64.92955854036902,64.50005935920089,64.58097839355469,9877700
2005-01-25,64.7925797100093,65.36525288821852,64.76768521225935,65.10381317138672,9751100
2005-01-26,65.30919042763377,65.51460553249409,65.15979978275489,65.228271484375,7851200
2005-01-27,65.01666426362664,65.25320471940667,64.86727354090193,65.09136199951172,8393800
2005-01-28,65.07268274468649,65.1411544756645,64.58715937887514,65.01043701171875,7791600
2005-01-31,65.3465794530216,65.39015194752768,65.03534599253655,65.23453521728516,5333900
2005-02-01,65.37149929489358,65.75743064517509,65.25945501571815,65.60803985595703,4800300
2005-02-02,65.64538713314118,66.06243899698276,65.57691536456448,65.90682220458984,4660100
2005-02-03,65.79470855982163,65.9503251881552,65.63287068566538,65.91920471191406,4818700
2005-02-04,65.85699975140888,66.73467560866347,65.83210050558701,66.60395812988281,6413300
2005-02-07,66.56041571924803,66.77205228081574,66.54796846523428,66.61021423339844,3710300
2005-02-08,66.64131227555947,66.86540076463963,66.54794602931449,66.75958251953125,5046500
2005-02-09,66.8653781109776,66.90272934586727,66.37362880148984,66.44210052490234,7444900
2005-02-10,66.62267702420698,67.03972899211831,66.56043124152673,66.91523742675781,5221000
2005-02-11,66.86541127810813,67.46920509367469,66.69112125898516,67.28246307373047,4722600
2005-02-14,67.23264724507806,67.30111897997517,67.1268242690264,67.21397399902344,3689300
2005-02-15,67.26376823816524,67.60612691519243,67.17662325656657,67.51898193359375,4711000
2005-02-16,67.40070491519845,67.64969258711692,67.28243470250207,67.50652313232422,4285800
2005-02-17,67.51276348634595,67.5750092303006,67.02101403572632,67.05213928222656,5746600
2005-02-18,67.05090191978087,67.27548187236795,66.87622121956049,67.25676727294922,4906500
2005-02-22,66.95726401411719,67.1693689630746,66.12130950105654,66.1337890625,8958900
2005-02-23,66.34591515817245,66.72022120829203,66.24610243260175,66.6453628540039,6457800
2005-02-24,66.48939445024783,67.09452479996189,66.35214780273834,67.00718688964844,7124200
2005-02-25,67.0196622707287,67.63726743027537,66.93856414175686,67.59983825683594,4984900
2005-02-28,67.44391208337807,67.98665917820287,66.91364455922694,67.1881332397461,7471500
2005-03-01,67.22556790032326,67.68097228391433,67.22556790032326,67.5187759399414,5316000
2005-03-02,67.25676707359808,67.80575403925293,67.21309808856303,67.4189682006836,7239700
2005-03-03,67.63738660799021,67.79334811820577,67.15078745764845,67.53133392333984,7779800
2005-03-04,67.94302331585166,68.37971331104252,67.78082213496764,68.33604431152344,6123100
2005-03-07,68.24236232049188,68.51685547522159,68.18621858950992,68.2049331665039,4124200
2005-03-08,68.18005905874377,68.32354082428051,67.9741889503869,68.09896087646484,7533400
2005-03-09,67.89309139384177,68.14263048873521,67.3752986048613,67.38153839111328,5060900
2005-03-10,67.50629408018781,67.8306962762575,67.2130860505115,67.66849517822266,5215200
2005-03-11,67.68092889104652,67.88055905988246,67.15690148268669,67.27542877197266,3489300
2005-03-14,67.34414478994537,67.47515658193564,67.11332491548632,67.46267700195312,3474500
2005-03-15,67.61862412386857,67.67477270277605,67.0758767390625,67.10707092285156,3926400
2005-03-16,66.72026116932385,66.82007871423833,66.24614210966755,66.34595489501953,6444500
2005-03-17,66.47697653903901,66.55183971426354,66.15257896552652,66.30854034423828,4476200
2005-03-18,66.4697193119645,66.50721252596921,65.88237965298444,66.20729064941406,10700300
2005-03-21,66.25724040441011,66.30722814966867,65.751127593175,65.86984252929688,7322400
2005-03-22,65.94485659377732,66.25102334171397,65.29502988696555,65.31377410888672,7066800
2005-03-23,65.2887906889921,65.95111682797854,65.11383823355688,65.23880767822266,7267500
2005-03-24,65.43249025953426,65.7011685488012,65.20130041204081,65.25753784179688,5058600
2005-03-28,65.35751347204243,65.75116120833812,65.33251958663507,65.45748901367188,4968200
2005-03-29,65.36372388146421,65.68863466244471,64.89509953747154,65.02631378173828,7659600
2005-03-30,65.09511186202113,65.8511593329941,65.09511186202113,65.81991577148438,5654100
2005-03-31,65.7137045994665,65.80743053017575,65.4825193730957,65.60123443603516,7374200
2005-04-01,65.87619983723157,65.99491973444687,64.82022963678358,65.01393127441406,7737700
2005-04-04,65.03266377787479,65.49503917587857,64.64526533964957,65.1201400756836,11559300
2005-04-05,65.16376470784104,65.40744893681939,65.07628856241764,65.35121154785156,4398700
2005-04-06,65.48247487976901,65.75739805138912,65.43248711507604,65.61993408203125,4531300
2005-04-07,65.48866642862153,65.96978992945566,65.45117801918728,65.93229675292969,3852800
2005-04-08,65.8886333532973,65.94487079827043,65.30753851309301,65.32003784179688,3649600
2005-04-11,65.4762601801812,65.48875474447843,65.22007632465531,65.27631378173828,3187600
2005-04-12,65.10761565025865,65.79493596406066,64.7077227951914,65.60123443603516,9085300
2005-04-13,65.5574398464066,65.7448915463931,64.82638679722973,64.97010040283203,8180200
2005-04-14,65.04506246703994,65.08880055147083,63.976599461291144,63.98284912109375,10780100
2005-04-15,63.910352555624456,64.15421322201885,62.916152111177155,62.96617126464844,12132300
2005-04-18,62.91611086819114,63.15997137472926,62.5972145248179,62.87234115600586,13000100
2005-04-19,63.160052532946445,63.46644091194059,63.028743227663234,63.31011962890625,7633400
2005-04-20,63.472607969378096,63.64143262426681,62.45964572842453,62.615966796875,12009900
2005-04-21,63.122459480301806,63.96034307302512,62.95363478810776,63.85404586791992,7323400
2005-04-22,63.716487769708685,63.87906306593201,62.91612441990443,63.6727180480957,6159600
2005-04-25,63.81033364680456,64.14173392047412,63.704031575373406,64.02918243408203,4631900
2005-04-26,63.816559999857944,64.16672270350654,63.42263232511533,63.47265625,6071100
2005-04-27,63.222512585118025,63.8853125908924,62.99115561586571,63.716487884521484,10413200
2005-04-28,63.55391223264103,63.67271780680114,62.85359191894531,62.85359191894531,7083400
2005-04-29,63.34757891849682,63.76652321036334,62.80358439009041,63.7039909362793,10176500
2005-05-02,63.92910908638126,64.15421196951115,63.691502607763645,64.14170837402344,5349200
2005-05-03,63.97911351807846,64.45433110108173,63.8102887924357,64.33552551269531,7114100
2005-05-04,64.41062049161428,64.98588164765764,64.19802107361325,64.88583374023438,8803600
2005-05-05,64.91082440366617,65.07965399937115,64.39809097284461,64.71698760986328,8842100
2005-05-06,64.97955238169371,65.06084240518715,64.65440659934384,64.67316436767578,5379900
2005-05-09,64.69200351909588,64.95462214720199,64.5356822256212,64.87333679199219,3912600
2005-05-10,64.62941066880133,64.71069594189879,64.09166558082129,64.21672058105469,6964900
2005-05-11,64.39802842821952,64.56060368123113,63.46635616121026,64.41678619384766,7684300
2005-05-12,64.41686035007993,64.61695136469119,63.73530197143554,63.73530197143555,5534400
2005-05-13,63.92287471771489,64.07294175160409,63.06623272361337,63.57271194458008,11750400
2005-05-16,63.54142624964541,64.22298421111466,63.52266370336172,64.17921447753906,5840400
2005-05-17,64.01039284680333,64.74822894201796,63.95411474629418,64.71070861816406,5973700
2005-05-18,64.97959448259071,65.69241876429757,64.94207892162015,65.55485534667969,8503700
2005-05-19,65.6299259040878,65.77999299777801,65.3985686912991,65.74247741699219,5010200
2005-05-20,65.75807359874513,65.77061715215085,65.31270327311032,65.63261413574219,6342600
2005-05-23,65.63262420345406,66.17836218320465,65.63262420345406,66.00272369384766,5310900
2005-05-24,65.81453270290898,65.9462615615995,65.63262005449171,65.7580795288086,5147900
2005-05-25,65.68287311505209,65.68287311505209,65.33786996485816,65.60759735107422,5065900
2005-05-26,65.8585105098184,66.08433301160703,65.76441700310738,66.03414916992188,4759800
2005-05-27,66.0529302673022,66.14074954226811,65.9086530094059,66.09683990478516,2107100
2005-05-31,66.0654409079713,66.08425863097445,65.5949786897359,65.63261413574219,5593300
2005-06-01,65.63899564011612,66.38546511181721,65.62017788634164,66.07182312011719,7951400
2005-06-02,65.93373121461553,66.21600671324089,65.88982158625625,66.15955352783203,3463700
2005-06-03,66.03415110286531,66.1407929660165,65.47586900871106,65.68914794921875,5009600
2005-06-06,65.65143664453451,65.85843638335831,65.39424833472036,65.63261413574219,2761400
2005-06-07,65.79574866067983,66.32893853855825,65.73302128430451,65.78947448730469,6878900
2005-06-08,66.03406146399729,66.12188546319643,65.59496539694256,65.73924255371094,6071000
2005-06-09,65.68909314905757,66.01527828585486,65.47581438647455,65.85218811035156,4067300
2005-06-10,65.9525567810128,66.10310341245153,65.53855234810851,65.97137451171875,5115500
2005-06-13,65.83967507140771,66.4544150023548,65.714220286705,66.07804107666016,4816100
2005-06-14,66.04037732905813,66.43556882471256,65.98392413584534,66.2222900390625,4180400
2005-06-15,66.41055999413861,66.44192132322289,65.85854700132661,66.32901000976562,6118100
2005-06-16,66.30381248728084,66.50454285978975,66.15326590434655,66.35399627685547,6817800
2005-06-17,66.69560393552268,66.88399377538676,66.4946570087789,66.58885192871094,7295800
2005-06-20,66.36286050034656,66.73335486592268,66.27494642068585,66.53868865966797,3709900
2005-06-21,66.5512017583346,66.68934893154622,66.36909278656601,66.56375885009766,3861400
2005-06-22,66.69560019386849,66.77095708377709,66.35650137570835,66.57628631591797,3443200
2005-06-23,66.43191337588722,66.48215134416913,65.32670202846697,65.33926391601562,12891900
2005-06-24,65.30154235665766,65.32038038528681,64.54171152591066,64.59194946289062,9810400
2005-06-27,64.57938442595152,64.8431311867254,64.3282043352383,64.6484603881836,9047400
2005-06-28,64.7929257004131,65.30785280977501,64.78664475771383,65.29529571533203,6487600
2005-06-29,65.4522353761709,65.46479246095035,65.02522262939185,65.0566177368164,5145900
2005-06-30,65.27016981341706,65.35180289602788,64.40358186913359,64.52289581298828,9964300
2005-07-01,64.72386435257904,64.96248752864771,64.57315523037548,64.75526428222656,6487600
2005-07-05,64.58572268691732,65.22624494319338,64.55432754319077,65.07553100585938,4745900
2005-07-06,65.07548191289139,65.21363385574699,64.43496493077896,64.47264099121094,8956200
2005-07-07,63.89495034162142,64.80549071511956,63.882393245643755,64.76781463623047,13370400
2005-07-08,64.81802843813965,65.70344949864476,64.71755254395092,65.65949249267578,8886100
2005-07-11,65.70346130274116,66.17443136171673,65.70346130274116,66.08651733398438,6848700
2005-07-12,66.05509981183096,66.2434848969852,65.84159096617854,65.99858093261719,6652800
2005-07-13,66.13043583496712,66.3502255672526,66.02996477219446,66.33138275146484,6548000
2005-07-14,66.60773716949738,66.92171726453431,66.58889913034812,66.82752227783203,10958900
2005-07-15,66.84257997703688,66.91171702170487,66.56603659355454,66.80487060546875,4914200
2005-07-18,66.65399850861725,66.77969955440936,66.40887811269135,66.5722885131836,6084600
2005-07-19,66.90544670894786,66.9934384606805,66.69175382479457,66.93687438964844,3829200
2005-07-20,66.53464360484593,67.18201372858313,66.46550652413688,67.05631256103516,5790600
2005-07-21,67.1945436090524,67.24482116669718,66.63516082535654,66.74201202392578,8750400
2005-07-22,66.81748038710533,66.96832755764966,66.50950913883116,66.92433166503906,5836600
2005-07-25,66.94944338271661,67.15685456935437,66.53462580463199,66.7043228149414,5809400
2005-07-26,66.63522268796868,66.74835568928042,66.39638848306326,66.509521484375,5627100
2005-07-27,66.67916742719527,66.91171975012388,66.45918809209515,66.84258270263672,7002400
2005-07-28,67.01227513121908,67.33281434831825,66.83000519463117,67.29510498046875,6609300
2005-07-29,67.26371344756264,67.35171001180252,66.86775048684615,67.01859283447266,5551000
2005-08-01,67.07512421986924,67.07512421986924,66.68544317819041,66.74201202392578,4700800
2005-08-02,66.91803581954795,67.25114821637968,66.84889874150454,67.06887817382812,4396000
2005-08-03,66.95572622707897,67.27627033484168,66.85516628446537,67.25112915039062,3290700
2005-08-04,67.0311868273183,67.08146922401055,66.62893724416676,66.69807434082031,5165000
2005-08-05,66.58487305408616,66.67914645720245,66.33346612366987,66.40260314941406,7191400
2005-08-08,66.58490313775428,66.65404019473523,66.15122610672665,66.33349609375,6558200
2005-08-09,66.5409103615561,66.89287736242859,66.50948268139645,66.79231262207031,5427100
2005-08-10,67.08143632046608,67.45854452029934,66.49063043710639,66.7734603881836,8485100
2005-08-11,66.70433638361577,67.25114649729272,66.64777230040359,67.16944122314453,5800000
2005-08-12,67.03119402330682,67.0500487252922,66.49695668788118,66.62894439697266,5361800
2005-08-15,66.66033436783556,67.06258379543532,66.45292795327327,67.0123062133789,4665800
2005-08-16,66.77347215920723,66.87403692099244,66.1386750824072,66.24552154541016,6792700
2005-08-17,66.2392387445516,66.69177060744872,66.17010166576499,66.4215087890625,6394900
2005-08-18,66.28950125037979,66.72945998782838,66.22665068720006,66.47177124023438,6723200
2005-08-19,66.73588599385572,66.94390011352417,66.51525723391053,66.64763641357422,4033600
2005-08-22,66.73593587072301,67.05741466376784,66.29468283029192,66.60356140136719,6929700
2005-08-23,66.5909273664588,66.64766200942364,66.13076935101732,66.36399841308594,6953900
2005-08-24,66.18117321034097,66.502656593542,65.65798060969988,65.67058563232422,9086400
2005-08-25,65.77141662092103,65.92900579796088,65.68316706651791,65.84706115722656,5454900
2005-08-26,65.78405083537662,65.80296077415319,65.42474757089632,65.49408721923828,5546700
2005-08-29,65.24194188944465,66.06770792416047,65.21042211942456,65.9605484008789,6547200
2005-08-30,65.76517083415372,65.76517083415372,65.21045339490004,65.5571517944336,8566800
2005-08-31,65.60759142787171,66.17491398124918,65.26719789584524,66.11817932128906,9550100
2005-09-01,66.04878240553275,66.30723099285497,65.69578414893708,65.93531799316406,7401300
2005-09-02,66.04878240553275,66.14333688404675,65.74621384537662,65.93531799316406,11825500
2005-09-06,66.17489078371645,66.77372810782136,66.13706608725421,66.710693359375,10767100
2005-09-07,66.69811397766959,67.0511173867836,66.63507920044233,66.9628677368164,7275000
2005-09-08,66.80519502138412,67.00060402970676,66.60978120382225,66.76107025146484,5879000
2005-09-09,66.90607491429603,67.40405739724855,66.85564521265098,67.2968978881836,7449900
2005-09-12,67.25903716972023,67.45445095658121,67.21491240673328,67.32837677001953,4963100
2005-09-13,67.18976048505347,67.32843981550963,66.82415702477441,66.88719177246094,6012100
2005-09-14,66.98803139140769,67.07628578947799,66.4585338584372,66.54678344726562,6904700
2005-09-15,66.69811115858919,66.75484582216741,66.35141749387014,66.60356140136719,7019500
2005-09-16,66.8844244781194,67.15587633055453,66.69504248898502,67.06118774414062,6797100
2005-09-19,66.99175565821237,67.01069337815854,66.36678200214571,66.6256103515625,8614000
2005-09-20,66.71396393117206,66.89703651408868,66.01323966481391,66.1079330444336,11001900
2005-09-21,65.97544492738574,65.97544492738574,65.41360295516361,65.47673034667969,10702800
2005-09-22,65.48936206998218,65.90601157533648,65.29997987180356,65.67874908447266,7931300
2005-09-23,65.60293684554387,65.96908218968755,65.44511607475515,65.71656799316406,4974300
2005-09-26,66.06385106436453,66.30373717605717,65.66613918532882,65.93128204345703,6407000
2005-09-27,65.88707238281089,66.22165192688854,65.6976853725008,65.98807525634766,8162900
2005-09-28,66.15849962218442,66.3100062836077,65.75447864751573,66.09536743164062,6376500
2005-09-29,66.03221067295472,66.63193250207405,65.71656912593649,66.53723907470703,9185600
2005-09-30,66.51199392336981,66.7834458740078,66.41098630624487,66.75819396972656,4172600
2005-10-03,66.751884139496,66.9223333004247,66.38574354432899,66.46149444580078,5411100
2005-10-04,66.57509775166206,66.68872887262204,65.7607421875,65.7607421875,6459100
2005-10-05,65.83020750106748,65.87439712984799,65.12317344057924,65.16104888916016,8901800
2005-10-06,65.23676078450343,65.4703371491615,64.51078943374694,64.95899963378906,11180100
2005-10-07,65.24311309888965,65.34412071550662,64.90853379738537,65.00322723388672,6857700
2005-10-10,65.13576096639451,65.17363639403138,64.57391964702141,64.59285736083984,5053100
2005-10-11,64.82646384681519,65.1357912209069,64.61182508579692,64.72545623779297,7939900
2005-10-12,64.73180698949024,65.09795255459817,64.31515759133765,64.40985107421875,16982500
2005-10-13,64.40981309790313,64.66864147741771,64.12573763306261,64.3656234741211,8091400
2005-10-14,64.70019434098568,65.00321230493577,64.39086701467726,64.91483306884766,8777900
2005-10-17,65.06627877472151,65.42610956112638,64.9842137940687,65.33773040771484,10068700
2005-10-18,65.37565301475864,65.50191247958281,64.9337569286393,64.94007110595703,4804500
2005-10-19,64.7759945712833,65.87442641522786,64.61817371029028,65.84917449951172,12384800
2005-10-20,65.69130406213347,65.8933144190975,64.70018999573075,64.88326263427734,10696000
2005-10-21,65.09063447600118,65.14120619476255,64.39529022277824,64.56596374511719,10676100
2005-10-24,64.81878516140046,65.64055347855103,64.75557295589383,65.58366394042969,11279400
2005-10-25,65.47618607933362,65.77960651781646,65.15379764351229,65.57100677490234,6667100
2005-10-26,65.39400839551524,65.9060382420721,65.30551036233871,65.444580078125,7512100
2005-10-27,65.31187425859076,65.37508649036718,64.6038847234562,64.6923828125,5411400
2005-10-28,64.88830777452583,65.71639860260515,64.76820123080823,65.64054107666016,8511100
2005-10-31,65.89339131077695,66.2410655918045,65.67214623320532,65.6847915649414,5342600
2005-11-01,65.89975798613874,66.0451504615145,65.72276180587899,65.8302230834961,5384200
2005-11-02,65.65323835633676,66.30433362849655,65.59002611275731,66.1842269897461,6249000
2005-11-03,66.46866891675657,66.74680366768665,66.29799060642009,66.52555847167969,6455800
2005-11-04,66.60777202666391,66.68362480450962,66.20952565183005,66.49398803710938,4155600
2005-11-07,66.6835342870067,66.92374728487766,66.48125244935609,66.75939178466797,3314800
2005-11-08,66.65829206455211,66.84161085341559,66.56347615891805,66.75311279296875,3077000
2005-11-09,66.63932888342529,67.07550134047229,66.54450815500866,66.75311279296875,4387700
2005-11-10,66.74678289463387,67.43580894522542,66.58243212748313,67.37259674072266,7604300
2005-11-11,67.35997672769096,67.7076512173248,67.3220503552887,67.6507568359375,3297100
2005-11-14,67.6128313116805,67.78982748215657,67.56858226906148,67.76454162597656,3607500
2005-11-15,67.75186220314983,67.9983931308559,67.49268594322328,67.71393585205078,7408600
2005-11-16,67.7392257546245,67.85932748123184,67.46740896896345,67.66336822509766,6907300
2005-11-17,67.72660087513769,67.94152819564792,67.54960474223685,67.87831115722656,5314800
2005-11-18,68.17492576676494,68.25731447297296,67.75029923928237,68.14957427978516,8014000
2005-11-21,68.29537139502563,68.6376093529738,68.14960149550369,68.54888153076172,5132900
2005-11-22,68.43480077373738,68.91646470268292,68.34606811808578,68.85308837890625,7228500
2005-11-23,68.71363625573292,69.3727604562685,68.71363625573292,69.19530487060547,5402800
2005-11-25,69.22060601567605,69.39806147227704,69.22060601567605,69.29032135009766,1592000
2005-11-28,69.34736861488156,69.39173248548234,68.92908138283127,69.10653686523438,7201700
2005-11-29,69.27767316822177,69.45512870159355,68.99881654519493,69.01148986816406,6523900
2005-11-30,69.06845228041381,69.2585809175545,68.4917176265751,68.58678436279297,6149900
2005-12-01,68.91644037085956,69.32839358291794,68.8530640694587,69.11924743652344,5844300
2005-12-02,69.1002089428578,69.2459787328203,68.85937715433282,68.96711730957031,5143600
2005-12-05,68.82140139685484,68.92914647174123,68.53620550730005,68.69464874267578,4607400
2005-12-06,68.96079050249539,69.25866437846318,68.75164923314217,68.89107513427734,5144600
2005-12-07,68.87842309802639,68.91011366984729,68.25098942545202,68.51083374023438,8612400
2005-12-08,68.55517510377534,68.78333360703769,68.0481599684263,68.21927642822266,7453200
2005-12-09,68.23828229866176,68.51714373935452,68.0354752968762,68.28264617919922,5127800
2005-12-12,68.51074431117287,68.57412053678547,68.07977920759268,68.26991271972656,5095700
2005-12-13,68.29537353023832,68.94815888633771,68.18129420735565,68.69464874267578,7727900
2005-12-14,68.71361045071048,69.26499424363891,68.71361045071048,69.0811996459961,7047400
2005-12-15,69.08121752711234,69.39810384604405,68.89108380163272,68.9354476928711,8461600
2005-12-16,69.22383661629286,69.38898450313405,68.91893963581823,68.92529296875,4573100
2005-12-19,69.10951036672608,69.26830978866602,68.6331121009063,68.7347412109375,7584100
2005-12-20,68.75378945156385,68.86812521770872,68.41078215312925,68.5314712524414,5050500
2005-12-21,68.6521382421709,69.13488479160333,68.59496795442367,68.69660186767578,5923100
2005-12-22,68.82998901343208,69.07771560584209,68.7029514749244,69.05230712890625,4253800
2005-12-23,69.14130050725433,69.20481933726255,68.98250100914571,69.0777816772461,1906900
2005-12-27,69.1984220289057,69.39533171686938,68.3726632828217,68.44253540039062,8654300
2005-12-28,68.59495445518888,68.69658834843982,68.4043981745995,68.50602722167969,4159700
2005-12-29,68.56324694981087,68.69663789628365,68.31552021405082,68.3980941772461,2907700
2005-12-30,68.22020607475828,68.33454180788816,67.8517903962096,67.93436431884766,5063100
2006-01-03,68.24564850553254,68.95706689122343,67.80100716830144,68.81097412109375,9761900
2006-01-04,68.87445570912253,69.14759079065333,68.77282179684516,69.07136535644531,5844500
2006-01-05,68.92537247954488,69.24932014016751,68.830091760347,69.16039276123047,4843600
2006-01-06,69.44617972171011,69.68119981659737,69.08411715347518,69.56686401367188,9017800
2006-01-09,69.55411191956546,70.0051014701061,69.53505677387902,69.8590087890625,10420700
2006-01-10,69.59224854531975,69.96066432190747,69.53508308662846,69.92255401611328,6390700
2006-01-11,69.94157348828497,70.16389156895735,69.79547598031701,70.14483642578125,4388600
2006-01-12,70.01145053206618,70.01780386229807,69.56046100902276,69.7256088256836,6331700
2006-01-13,69.63672479521571,69.82728605104327,69.35724109182242,69.57955932617188,3712200
2006-01-17,69.33173264649149,69.40795316199699,69.07129962873555,69.24280548095703,3914400
2006-01-18,68.85540720674929,69.1730059440072,68.7347181358162,68.9824447631836,4962200
2006-01-19,69.0650405883789,69.3508775840145,68.94435148764804,69.0650405883789,4596400
2006-01-20,68.96960793321585,68.99504447649613,67.69144952964837,67.70417022705078,16440200
2006-01-23,67.81228037530865,68.21925541562432,67.76140728238789,67.95217895507812,7596300
2006-01-24,68.00939962564904,68.30191745011439,67.90129795442574,68.00304412841797,7147800
2006-01-25,68.2193000180598,68.37191454507773,67.78688814856869,68.13663482666016,9525900
2006-01-26,68.44184969435746,68.80431215310058,68.32738760993715,68.6834945678711,8234300
2006-01-27,68.81706813377801,69.48475992555288,68.65809320456545,69.38301849365234,7922800
2006-01-30,69.3702708457531,69.44022017556746,69.16042770783797,69.25581359863281,4822900
2006-01-31,69.17950927297798,69.4338700509527,68.8297625968217,68.84883880615234,5224700
2006-02-01,68.9950716701439,69.70728060812716,68.9950716701439,69.67548370361328,7068500
2006-02-02,69.5038502409198,69.56107889431718,68.79800107316936,68.86795043945312,7334800
2006-02-03,68.74067570651812,69.07134587824618,68.51175169579068,68.54354858398438,5108600
2006-02-06,68.64539808595815,68.75986027172654,68.46734687510326,68.68991088867188,3454100
2006-02-07,68.56906048943823,68.81070061011874,68.24475030919989,68.34649658203125,11363000
2006-02-08,68.49902482917719,69.12856333161594,68.47358829302006,69.05225372314453,5261200
2006-02-09,69.19215122803585,69.6690753580367,69.10312577855754,69.21122741699219,7852600
2006-02-10,69.21125670596247,69.63731279622016,68.81700236329516,69.39566802978516,7640600
2006-02-13,69.35112783434433,69.62456453708248,69.03317840564988,69.34477233886719,10955500
2006-02-14,69.49741393275252,70.29864816538323,69.38931224901172,70.20326232910156,13191000
2006-02-15,70.13972516657047,70.47675116557299,69.94259299899015,70.39408111572266,9483800
2006-02-16,70.47037794540192,70.76925146777116,70.31776343346813,70.75653076171875,5659100
2006-02-17,70.7335677724283,70.86098412388826,70.51059523291939,70.7271957397461,3941800
2006-02-21,70.8418795057839,70.91832932904859,70.33222859866547,70.4405288696289,9063600
2006-02-22,70.58065561588185,71.04571181789221,70.54243315008253,70.77814483642578,5032100
2006-02-23,70.77822631043146,70.93112121006422,70.38324741467675,70.54888153076172,9454300
2006-02-24,70.44054773124614,70.62529787494415,70.13475321674346,70.56159210205078,5469600
2006-02-27,70.57429435126626,70.92468320933244,70.55518311545107,70.61888885498047,2547500
2006-02-28,70.45964759120855,70.56158069971728,69.93725256119657,70.01370239257812,6669100
2006-03-01,70.2303277549698,70.5488615408728,70.13476664711094,70.3704833984375,4725400
2006-03-02,70.17936064133401,70.3959612660648,69.96275515616375,70.31951141357422,5008800
2006-03-03,69.99457489355376,70.74631438268027,69.95634755652225,70.12198638916016,6315000
2006-03-06,70.16661875933801,70.31314643274241,69.61874028381835,69.84171295166016,5497300
2006-03-07,69.66967282909322,70.0200617506103,69.63145035054126,69.9818344116211,6271500
2006-03-08,69.88624736434697,70.28760268162884,69.61230836224803,70.14107513427734,6353000
2006-03-09,70.19207683412364,70.42779349000482,69.87354317719995,69.89265441894531,6042400
2006-03-10,70.07101074624228,70.73993316239176,69.99456580298157,70.61888885498047,8351400
2006-03-13,70.73992880055475,70.9119347727218,70.50421223235034,70.72081756591797,5690200
2006-03-14,70.59978795284472,71.19863268503377,70.55519344260323,71.10944366455078,4981700
2006-03-15,71.15406008616878,71.62548860538577,71.05849900324192,71.56178283691406,5835200
2006-03-16,71.6636706497939,71.96309293910943,71.62544818237006,71.84204864501953,6334700
2006-03-17,71.90530065056973,72.02660800047713,71.7967558295447,71.95637512207031,5742800
2006-03-20,71.96915048477692,72.15430945660344,71.82868472192959,71.94999694824219,6846500
2006-03-21,71.98830610658626,72.32031211559257,71.56690880583773,71.7073745727539,8855200
2006-03-22,71.70733012891692,72.26919284834199,71.681790471562,72.18618774414062,7281700
2006-03-23,72.14789674137313,72.26282278943718,71.66903901963835,72.00743103027344,6603900
2006-03-24,71.93722479321174,72.19900278279665,71.72652614859868,71.9883041381836,4651600
2006-03-27,71.85420313469463,71.96912919109404,71.6371184187433,71.79673767089844,3459600
2006-03-28,71.7265271678235,71.96915162429025,71.07528255935885,71.14551544189453,8467700
2006-03-29,71.27316498403735,71.73925520152176,71.17739735890287,71.49024963378906,7838700
2006-03-30,71.47749878385432,71.82866308519245,70.90925463892023,71.13910675048828,8894100
2006-03-31,71.26046148519751,71.39454115179687,70.85183634760064,71.06891632080078,6037000
2006-04-03,71.27961502739801,71.75847306719396,71.03699537419858,71.06891632080078,7856300
2006-04-04,71.08803273851352,71.63712339375552,70.95395314193489,71.50942993164062,6192100
2006-04-05,71.48390411456887,71.80952883860105,71.24766580557387,71.73929595947266,7691900
2006-04-06,71.66905266343208,71.80951840127254,71.29235352212682,71.61797332763672,5248200
2006-04-07,71.80311252946323,71.95634562353547,70.92839741138278,71.024169921875,7292800
2006-04-10,71.14545390161052,71.40722679728917,70.97944860728364,71.196533203125,5947700
2006-04-11,71.33066091080804,71.42004731325719,70.55810422038694,70.82626342773438,7484400
2006-04-12,70.93477914474836,71.15824507457518,70.88369982616167,71.05609130859375,3721200
2006-04-13,70.98585116989909,71.38808980225942,70.89646480715237,71.04969787597656,4230500
2006-04-17,71.06884863303787,71.26677974671883,70.46229764213581,70.76238250732422,5455900
2006-04-18,70.89008169853699,72.0138022839527,70.89008169853699,71.91802978515625,10870700
2006-04-19,72.0329625371218,72.17342823231678,71.73287761942204,72.05850219726562,6002100
2006-04-20,72.0904869738075,72.7098059720441,72.0457888785903,72.46080017089844,10126900
2006-04-21,72.8065707561199,72.85131167061625,72.28884888678324,72.48059844970703,6997100
2006-04-24,72.38467828421207,72.5252938920066,72.18014782098119,72.44859313964844,5136000
2006-04-25,72.50613384674052,72.52530781941441,71.90532336220207,72.12263488769531,8235400
2006-04-26,72.20573672848474,72.66593163000299,72.16738877882234,72.47418212890625,6018800
2006-04-27,72.15465914487814,72.92804094997844,72.0204363399992,72.71711730957031,14549000
2006-04-28,72.64675799952131,72.92798442569921,72.47418247243778,72.78736877441406,4110100
2006-05-01,72.83213629056594,72.99831892794133,72.3463791603828,72.41668701171875,5649300
2006-05-02,72.68508451942652,72.99187778051197,72.56364287886844,72.95992279052734,6042300
2006-05-03,72.8193498842329,72.90883171089034,72.58285941298466,72.8385238647461,4748300
2006-05-04,72.95350956507073,73.26669568766165,72.95350956507073,73.074951171875,4126700
2006-05-05,73.41380217562626,74.03378717778895,73.36266828595599,73.90595245361328,6889900
2006-05-08,73.90594230347,74.1424328534186,73.90594230347,73.9826431274414,3502300
2006-05-09,74.03369773604364,74.41079874488655,73.99534492692774,74.35966491699219,3952400
2006-05-10,74.3021752316702,74.65371435536623,74.16795253254782,74.50031280517578,8291900
2006-05-11,74.43637026181713,74.43637026181713,73.40732507466274,73.62464141845703,9635700
2006-05-12,73.44565452859169,73.54152433584521,72.74896971208587,72.78092956542969,9974000
2006-05-15,72.55722928111408,73.13886552416233,72.4933144429435,73.06855773925781,7380100
2006-05-16,73.11973152349348,73.32426204325797,72.8640671546898,73.05581665039062,6972200
2006-05-17,72.67229820327822,72.76177997694475,71.5345971868972,71.57933807373047,17248200
2006-05-18,71.88615281881587,72.61479307353422,71.13833859050897,71.21503448486328,10613500
2006-05-19,71.51555634034833,71.57963166039893,70.88760647113192,71.42584991455078,22180500
2006-05-22,70.93889945227727,71.54762747837682,70.65696205540439,71.10549926757812,16605100
2006-05-23,71.52192340643501,71.72696724356214,70.70815216413338,70.7209701538086,9473200
2006-05-24,71.02862535157259,71.48997580409367,70.60572402918628,71.20803833007812,15372400
2006-05-25,71.48356118098718,71.82316499055,71.3105572192117,71.79753875732422,8585700
2006-05-26,72.04740169018913,72.28448089912376,71.84235770181184,72.2652587890625,5280200
2006-05-30,71.95126796445241,72.00893427998001,70.99653259453117,71.01575469970703,8299800
2006-05-31,71.28489980146368,71.64372559789891,70.99655834199034,71.59246826171875,7130200
2006-06-01,71.50276042483405,72.18838171587493,71.42587197248186,72.02178192138672,5982200
2006-06-02,72.25246870386023,72.31013505242103,71.68859388965228,71.99616241455078,6554400
2006-06-05,71.86800146429492,71.90644569118581,70.74025688535546,70.92607879638672,9940600
2006-06-06,70.98371949628358,71.08624391580608,69.97772185072773,70.4775161743164,15140100
2006-06-07,70.56083757931063,70.95170347939009,69.93288756141148,69.96492767333984,9062900
2006-06-08,69.92007112720343,70.27248789849499,68.8948462578311,69.84317779541016,26005000
2006-06-09,70.11868681734651,70.3237307570381,69.63811462538497,69.7342300415039,7295800
2006-06-12,69.96491402527408,70.00976724004344,69.10628905715997,69.17036437988281,9054200
2006-06-13,69.18317473793782,69.64452483241092,68.53600280604454,68.54241180419922,13085700
2006-06-14,68.65775597577942,69.43307861403973,68.52960044344279,69.41385650634766,10351500
2006-06-15,69.55482053522442,70.77867523392146,69.49714932733886,70.70819091796875,11215100
2006-06-16,70.53746719660595,70.83265616014275,70.40270733689833,70.57597351074219,5751300
2006-06-19,70.78134869991972,70.8711886395599,69.92144584005143,70.05620574951172,7078800
2006-06-20,70.24873901789022,70.73644515770705,70.1203927200907,70.49900817871094,7217400
2006-06-21,70.39637415156122,71.39103775961115,70.3899605046856,71.04450988769531,9160600
2006-06-22,70.96742449673793,71.01876299111339,70.45405424070827,70.71715545654297,4818100
2006-06-23,70.59525696354711,71.03162452419609,70.37065709319323,70.56958770751953,6711600
2006-06-26,70.55039172521589,70.87766397768068,70.36429314656587,70.8455810546875,4298800
2006-06-27,70.85196620754478,70.96747055098349,70.03698299215412,70.1139907836914,6514800
2006-06-28,70.22950746578667,70.48619033962393,69.92789970352467,70.47335815429688,3983900
2006-06-29,70.73642448485036,71.78883933968281,70.67224890675071,71.7439193725586,8164300
2006-06-30,72.01346437624251,72.0519658198484,71.60917963473686,71.7375259399414,3904500
2006-07-03,71.84018117974894,72.03269814428913,71.78242902793275,72.0006103515625,1052200
2006-07-05,71.6990056027933,71.77600846971393,71.34605947637498,71.53215789794922,3459400
2006-07-06,71.64763607434118,72.23159544460538,71.6347990048058,71.9941635131836,9406000
2006-07-07,71.64767349814531,72.1289610430555,71.03162602816948,71.20488739013672,7181800
2006-07-10,71.44872030400732,71.73107716051116,71.16636834341236,71.32679748535156,4375500
2006-07-11,71.13429180052397,71.57065933140953,70.77493203246868,71.53215789794922,5236100
2006-07-12,71.44874382506603,71.56425304112447,70.5760135098485,70.80061340332031,4850200
2006-07-13,70.43479972730096,70.45405043767555,69.47222504130724,69.49789428710938,16123600
2006-07-14,69.58136284395012,69.68403500086785,68.67012603169297,68.86905670166016,8206500
2006-07-17,68.90748982771925,69.35027561118405,68.77273000142702,68.99732971191406,8335300
2006-07-18,69.14500350124253,69.45944344561326,68.59312651549934,69.42736053466797,11280500
2006-07-19,69.58776379332627,70.87119725379537,69.36957755917327,70.61450958251953,11503300
2006-07-20,70.78132738683858,70.87758093896319,70.10110461107365,70.21661376953125,7764700
2006-07-21,70.4280694010704,70.4344966926252,69.58627560311102,69.75977325439453,9159500
2006-07-24,70.04251326478985,71.07065926797581,70.04251326478985,71.00640106201172,9628100
2006-07-25,70.85864408982717,71.49481393677254,70.61446080375876,71.19279479980469,8120800
2006-07-26,71.19912809237252,71.63609043440825,70.93566326879096,71.26981353759766,6206200
2006-07-27,71.55260634302961,71.82892105326982,71.18632915992859,71.5011978149414,9135400
2006-07-28,71.62328500871747,72.18234166750666,71.42408310961878,72.01526641845703,11306000
2006-07-31,71.84178578845071,72.00243378448697,71.75182330287743,71.90604400634766,3906800
2006-08-01,71.64898008125765,71.66182975911197,71.16703626905188,71.46905517578125,5439000
2006-08-02,71.68116652423672,72.09884755927905,71.61048098544099,71.95748138427734,3929700
2006-08-03,71.60404479923002,72.39443531553505,71.5012277000795,72.34944915771484,6181100
2006-08-04,72.70279431977114,72.85059250646204,71.85457382452032,72.2786865234375,7698000
2006-08-07,72.06024245399607,72.24016736957279,71.87389024783839,72.18875885009766,3623200
2006-08-08,72.27229811633585,72.45865032042158,71.42407716477203,71.86746215820312,9064600
2006-08-09,72.22729293802774,72.29797840243492,71.14773891195445,71.2955322265625,8368700
2006-08-10,71.23133840523987,71.6683012606336,71.00643213465244,71.5205078125,7656700
2006-08-11,71.366262782918,71.42409860969613,71.03854440733011,71.3598403930664,5275000
2006-08-14,71.72610648854575,72.05382481327055,71.25701226503733,71.42408752441406,7949500
2006-08-15,72.01529606953694,72.25947930131194,71.79681710993646,72.13739013671875,4695800
2006-08-16,72.45220942574102,72.9662847130775,72.40722820579298,72.85704040527344,6681000
2006-08-17,72.80561991476225,73.17831926393654,72.73493445658103,72.90843200683594,5959600
2006-08-18,73.060412721115,73.28581237792969,72.82214038357718,73.28581237792969,3983200
2006-08-21,73.0475571460946,73.13127381516219,72.83503993241719,73.09263610839844,5056000
2006-08-22,72.95101928710938,73.25369467981731,72.72562428612767,72.95101928710938,3930800
2006-08-23,72.95098377472834,73.16994232140954,72.50019399220844,72.84150695800781,7033800
2006-08-24,72.89942930664529,72.98958722081305,72.5581165011191,72.64183807373047,4049000
2006-08-25,72.59677600219635,72.86724980761011,72.4615341862505,72.66761016845703,3559800
2006-08-28,72.60321388539536,73.33092355146715,72.59677754220539,73.05400848388672,3875800
2006-08-29,73.0668739538223,73.26007230870886,72.72556111832921,73.09907531738281,4967000
2006-08-30,73.25364480300154,73.45972079404964,73.13128549439075,73.26008605957031,4297200
2006-08-31,73.32446820842301,73.46614634320947,73.20855018116482,73.29226684570312,3894800
2006-09-01,73.54989514112958,73.9105269776065,73.38245682566233,73.86544799804688,4494400
2006-09-05,73.81386555591429,73.99418131019442,73.65930498375778,73.88470458984375,5085300
2006-09-06,73.58844682784684,73.6979284329845,73.39525353270625,73.50473022460938,4347600
2006-09-07,73.2085440490218,73.38241861872581,72.91875146176919,73.13126373291016,7050000
2006-09-08,73.16350954595393,73.44686596395519,73.08622918288795,73.33094787597656,3220000
2006-09-11,73.18919749278159,73.57558910059707,73.04107817128046,73.38883209228516,5681400
2006-09-12,73.47901052574115,74.17451856231563,73.41461272529622,74.04572296142578,9111200
2006-09-13,73.96844175408957,74.56735062610014,73.96200050015217,74.36127471923828,4674000
2006-09-14,74.23893504315197,74.43856974873553,74.09725689858101,74.38705444335938,4182000
2006-09-15,74.7335517829453,74.85613083804387,74.48194577031566,74.572265625,7672200
2006-09-18,74.44320210280137,74.70126081317436,74.27546320274985,74.52706909179688,7036500
2006-09-19,74.54644964350645,74.55289754468238,73.98517215129608,74.41096496582031,8697300
2006-09-20,74.6302471176842,74.97217259976105,74.5979879536154,74.8883056640625,8912900
2006-09-21,74.89475921668964,74.97863108078116,74.15929550329278,74.43025970458984,8600800
2006-09-22,74.35932224465991,74.35932224465991,73.97868460527197,74.19803619384766,5824500
2006-09-25,74.31416773337456,74.9012464414098,74.04320340760597,74.57867431640625,7954400
2006-09-26,74.62386780133814,75.24965879301051,74.55290150813433,75.21739959716797,5624600
2006-09-27,75.1850530223515,75.55278476202385,75.146345972509,75.46891784667969,13105000
2006-09-28,75.46896348141304,75.59799034027908,75.15929212925172,75.41735076904297,11939700
2006-09-29,75.52697025048694,75.69470898508446,75.26891179465746,75.31407165527344,6476600
2006-10-02,75.3205765589966,75.61088944628904,75.1399369916094,75.23670959472656,7034700
2006-10-03,75.165689560117,75.79792759355479,75.12052970058573,75.57212829589844,8935000
2006-10-04,75.50767270570294,76.43668186659309,75.48186634878275,76.37861633300781,9500700
2006-10-05,76.35931485968715,76.58511448412112,76.25608936162438,76.52705383300781,7159600
2006-10-06,76.40441802971068,76.49473781239277,76.10765232631823,76.46247863769531,8877700
2006-10-09,76.33350848517145,76.60446803449223,76.19157588636648,76.52705383300781,3432300
2006-10-10,76.5592474932144,76.62376091739328,76.32054733154665,76.48828125,6717700
2006-10-11,76.26250790829738,76.63023996625294,76.06896756951365,76.50121307373047,8384200
2006-10-12,76.69473914062638,77.14634302453838,76.68829124264244,77.06892395019531,5467800
2006-10-13,77.01086419770886,77.2108573227586,76.8173189707152,77.18505096435547,5290000
2006-10-16,77.13990164019202,77.39796033753231,77.04312901343188,77.26892852783203,6899400
2006-10-17,77.15923848548275,77.25601109130331,76.68828601764673,77.13988494873047,9414600
2006-10-18,77.52697760141704,77.7334235492502,77.09473216721317,77.35279083251953,8739600
2006-10-19,77.30123072574209,77.61735022180987,77.20445804513191,77.51412963867188,6592000
2006-10-20,77.35064292900553,77.51858724967644,77.11164543143879,77.46691131591797,8226900
2006-10-23,77.33126353942004,78.24202843821418,77.31834209229493,78.07408905029297,9888200
2006-10-24,78.06760231521027,78.31951624124447,77.99654916396098,78.2936782836914,7025100
2006-10-25,78.19040347134673,78.41647964826497,77.95786656706194,78.41001892089844,8617200
2006-10-26,78.448799099228,78.51339653784908,78.05477837848422,78.43588256835938,6657000
2006-10-27,78.31954095866251,78.4228928214923,77.9190598823292,78.067626953125,8672500
2006-10-30,77.89970616363098,78.19683546685935,77.74468325066174,78.00951385498047,5699600
2006-10-31,78.06120499140853,78.17747343078176,77.58967543534915,77.98369598388672,8360000
2006-11-01,78.19684423114872,78.22914293367839,77.49923858055477,77.68009948730469,7596000
2006-11-02,77.43460921069055,77.66714597426133,77.33126227581913,77.51212310791016,6938800
2006-11-03,77.80923055571907,77.9125823897673,77.2537267679266,77.3699951171875,6840900
2006-11-06,77.55087207977418,78.2484823208969,77.525034115871,78.16451263427734,7444400
2006-11-07,78.23560697181708,78.72651376003736,78.13225506181892,78.51335906982422,9506400
2006-11-08,78.28082370482535,78.77819122900154,78.17747179284098,78.69422149658203,9262100
2006-11-09,78.66192041842586,78.73943435007516,78.0999604302619,78.26144409179688,5962600
2006-11-10,78.23555618118753,78.32598657968322,78.0094752568612,78.22909545898438,3718400
2006-11-13,78.23553978474838,78.68769168246578,78.1451094052049,78.38410186767578,5695200
2006-11-14,78.59085323896734,79.09468138487702,78.1516175605685,79.01071166992188,7650200
2006-11-15,79.0236518750145,79.52102437289466,78.98489736851141,79.2497329711914,8817400
2006-11-16,79.48227218242145,79.74064213742507,79.3207884964987,79.68251037597656,6310100
2006-11-17,79.53282999134608,79.85016184019698,79.44216516049231,79.82425689697266,6493600
2006-11-20,79.72066956579,79.94733173516285,79.59114973782401,79.74009704589844,5772200
2006-11-21,79.75958264155038,79.86319758482897,79.56529782920951,79.75310516357422,5692600
2006-11-22,79.80489056506977,79.9862203656981,79.61060581247285,79.81784057617188,3947300
2006-11-24,79.44222247547683,79.72069463996851,79.35155757921129,79.44869995117188,2480000
2006-11-27,79.46165745317795,79.47461240578941,78.40605609521414,78.43196105957031,9329500
2006-11-28,78.3606578191446,78.65207977683771,78.15342321924088,78.52903747558594,8415800
2006-11-29,78.74278871507158,79.2673554499749,78.7168886988299,79.2220230102539,9318400
2006-11-30,79.22203392531955,79.50697861102549,78.76870452478539,79.18965148925781,12809400
2006-12-01,79.24792991150467,79.30621236077631,78.29594371314397,79.04069519042969,14513700
2006-12-04,79.03423616300428,79.72717788654306,79.00833119921529,79.52642059326172,6279300
2006-12-05,79.64302452991403,79.89559185881768,79.48112214262355,79.88911437988281,6599200
2006-12-06,79.8567201068528,79.91500752690227,79.6365352643433,79.75310516357422,4234800
2006-12-07,79.87606711305173,80.0768292010715,79.44864787380465,79.50045776367188,6432500
2006-12-08,79.44869482435752,79.90201927643227,79.21555512304307,79.65592956542969,7319600
2006-12-11,79.72718177741828,80.0121314521367,79.70127681236507,79.87612915039062,3908400
2006-12-12,79.83074324801181,79.86960314000736,79.3579915396942,79.77893829345703,8976800
2006-12-13,80.07685303376915,80.13513547156869,79.69476115835785,79.882568359375,4444800
2006-12-14,79.79188221977154,80.54958335431849,79.78540474812169,80.45244598388672,6851000
2006-12-15,80.64078108017956,80.90051068486352,80.58233845130842,80.61480712890625,9366400
2006-12-18,80.71867783360102,80.92646443790203,80.53686517409056,80.66024017333984,6767800
2006-12-19,80.45247501433535,80.93298073598496,80.32260525576469,80.76415252685547,6186200
2006-12-20,80.79012298583984,80.98492513826174,80.69921663578282,80.79012298583984,4705700
2006-12-21,80.8095953803021,80.90699644828078,80.33558444564282,80.51090240478516,5991800
2006-12-22,80.52394927733506,80.67329339457824,79.98500061035156,79.98500061035156,6811000
2006-12-26,79.978455700309,80.52389875530888,79.978455700309,80.4979248046875,4076200
2006-12-27,80.75117195388063,81.16025056671069,80.6797448217004,81.12129211425781,5714600
2006-12-28,81.10178999207909,81.2576287119205,80.9004931518427,81.03685760498047,6691600
2006-12-29,81.03686253460542,81.23165970775118,80.73816461853893,80.78362274169922,4935800
2007-01-03,81.27063567835381,81.60828713645624,80.43948410066965,80.82259368896484,11525000
2007-01-04,80.82911952283321,81.13430242082782,80.44600978709603,80.958984375,10318700
2007-01-05,80.82261838036572,80.84209761124232,80.20574799645863,80.34860229492188,9389000
2007-01-08,80.43304220780996,80.77069386690653,80.03045315493964,80.60836029052734,8092400
2007-01-09,80.73816891270653,80.8875178786831,80.14078295684855,80.56285095214844,7438700
2007-01-10,80.34857363413865,80.87453745032332,80.19273488868828,80.79661560058594,8961200
2007-01-11,80.84861588624933,81.39405432575454,80.73822528908771,81.16029357910156,7467000
2007-01-12,81.12774723223387,81.59526824951172,81.04333068776714,81.59526824951172,5995700
2007-01-16,81.51737837819537,81.65373790267515,81.35504490323976,81.62126922607422,7052400
2007-01-17,81.51741848460345,81.88104406211926,81.445991324159,81.65377807617188,8768600
2007-01-18,81.79012316996499,81.86804504591781,81.42000292873468,81.4979248046875,10423800
2007-01-19,81.38095553074879,81.67983908394363,81.33547335867969,81.57588195800781,10946400
2007-01-22,81.53037132521045,81.54986296969518,80.81564464621509,81.0560531616211,10233200
2007-01-23,81.03002365569168,81.48484995591942,80.9455582511775,81.43286895751953,6596600
2007-01-24,81.54987712334763,81.94622382060402,81.46540670634224,81.91373443603516,10118500
2007-01-25,81.88772100507529,81.94620088949792,81.08203505650152,81.19898986816406,8768800
2007-01-26,81.35501325539036,81.40049545443146,80.70526472212423,81.06912231445312,9675900
2007-01-29,81.10806136940084,81.41993770005233,81.01709702652875,81.1015625,6681200
2007-01-30,81.15355857141962,81.39396225474218,80.9846226360033,81.32249450683594,7639900
2007-01-31,81.34203598819826,82.18670626831795,81.30304769787448,82.0242691040039,9790200
2007-02-01,82.16716947460225,82.36858986142884,81.97874187262188,82.3490982055664,8707400
2007-02-02,82.38808129047042,82.40757294510641,82.07619994473733,82.212646484375,5961000
2007-02-05,82.15409765150467,82.3490189797865,82.03064400689922,82.3100357055664,4625000
2007-02-06,82.27111198647549,82.38156798151117,82.06319277815568,82.29060363769531,7254800
2007-02-07,82.3620696296628,82.5569910831881,82.0826777514771,82.38156127929688,5930400
2007-02-08,82.22564132697437,82.24513298092322,81.72533240875399,82.17366027832031,6289600
2007-02-09,82.20609855630528,82.38153325770797,81.53036513197614,81.7902603149414,6601100
2007-02-12,81.79027993988173,81.89424200375902,81.47190479432965,81.60185241699219,9208000
2007-02-13,81.8812488045961,82.51800408816985,81.85526324437085,82.27759552001953,6416000
2007-02-14,82.37511387249333,83.05735177900716,82.323132802872,82.82994079589844,7395600
2007-02-15,82.91437629064923,83.10280388190117,82.83640471445281,83.0183334350586,6077800
2007-02-16,82.93373530648896,83.03787994384766,82.86863932124753,83.03787994384766,5813600
2007-02-20,82.95975323346352,83.2201222305173,82.6147664229706,83.09645080566406,5611900
2007-02-21,82.86208962283534,83.05085198803174,82.65379549277924,82.90765380859375,5303800
2007-02-22,82.92715932088096,83.05083066983802,82.30227709111276,82.53009796142578,7221000
2007-02-23,82.4845364873016,82.49755269483589,82.1916196734919,82.28275299072266,5916600
2007-02-26,82.57568658387035,82.66681495897616,82.07447555466445,82.2372055053711,7599500
2007-02-27,81.58629440033864,82.30231023268045,78.4358446025327,79.15185546875,32106200
2007-02-28,79.67910505165179,80.36907853665241,79.086765575944,79.84183502197266,19617800
2007-03-01,79.02819217346185,79.99806149200445,78.14294065917966,79.69863891601562,24877800
2007-03-02,79.41222490642859,79.71815804286116,78.73526763916016,78.73526763916016,17515400
2007-03-05,78.37070924328226,79.35359908444076,78.29259711502989,78.30561828613281,15602600
2007-03-06,78.94359229903618,79.6010230185799,78.74831924038682,79.45130920410156,9048100
2007-03-07,79.41875729516633,79.80279774384738,79.32762888476317,79.41224670410156,6965700
2007-03-08,79.88742681904307,80.11524786298787,79.59450979157721,79.93299102783203,7570300
2007-03-09,80.21291084916434,80.29101810693514,79.62708158524447,80.05668640136719,9315800
2007-03-12,79.86135171938596,80.40812196674428,79.75069157931435,80.16077423095703,6396100
2007-03-13,79.7506946159371,80.05662772766098,78.67017029096193,78.7743148803711,13714600
2007-03-14,78.78084284046325,79.2104524025817,77.78493608516627,79.19092559814453,22827500
2007-03-15,78.92399266653507,79.43821968891558,78.89795528951458,79.2754898071289,7905600
2007-03-16,79.3910259188593,79.44973987605161,78.45156278421149,78.9734878540039,8491600
2007-03-19,79.30623113844268,79.77596282958984,79.26708848999631,79.77596282958984,6829200
2007-03-20,79.61933795064631,80.12821197509766,79.59976663854351,80.12821197509766,7412600
2007-03-21,80.11518479290272,81.38084471960552,79.80202879382885,81.08726501464844,9723600
2007-03-22,81.19822160231368,81.31565455085666,80.88507039116489,81.19169616699219,6477800
2007-03-23,81.22422443770463,81.55695157004915,81.13941378639615,81.34818267822266,5276200
2007-03-26,81.38731807335826,81.38731807335826,80.617481919739,81.13288116455078,7972500
2007-03-27,81.03514707019515,81.04819794510742,80.67632764931396,80.82637786865234,7691500
2007-03-28,80.58496025593372,80.6436792190463,79.88688799860978,80.24571228027344,13868800
2007-03-29,80.68278486531517,80.71540704957422,79.95861617629312,80.44139862060547,9107700
2007-03-30,80.4870448276176,80.93719998793877,79.80854439440648,80.63056945800781,9827200
2007-04-02,80.61753764137198,80.78063859192729,80.31743248964376,80.66973114013672,6195200
2007-04-03,81.03506358966635,81.7200894708007,81.03506358966635,81.54393768310547,7328400
2007-04-04,81.6026530838676,81.77227445606505,81.46564890904116,81.66789245605469,4879800
2007-04-05,81.62873297539743,82.00712324693927,81.51782059038847,81.85054779052734,4046000
2007-04-09,82.02023167953666,82.13766459863906,81.89627332674871,81.97456359863281,3529200
2007-04-10,81.974526635334,82.11153081626873,81.85709376918349,81.93537902832031,5668800
2007-04-11,82.04627407044062,82.05931995171962,81.24381549206674,81.4852066040039,9250600
2007-04-12,81.38732062619313,81.90271988717117,81.0676443677181,81.81790924072266,5984200
2007-04-13,82.04631361656763,82.30075073242188,81.68096405788346,82.30075073242188,5935800
2007-04-16,82.5095082122,83.04447912151494,82.49645734901536,82.88137817382812,7969000
2007-04-17,83.03789022515862,83.42281075578171,82.88131482873264,83.34452056884766,7932200
2007-04-18,83.14228588033951,83.72944492301507,83.04442438074605,83.53372192382812,9222000
2007-04-19,83.07057070930318,83.6838318272867,83.03142309962735,83.65773010253906,8618600
2007-04-20,84.288447720138,84.60186767578125,84.15786105351532,84.60186767578125,10280800
2007-04-23,84.48436951518717,84.70636794149259,84.26889693796306,84.3407211303711,7509000
2007-04-24,84.44513807509557,84.73243465277959,84.16436734213283,84.54307556152344,10591300
2007-04-25,84.83043990049664,85.5290944054959,84.59537978218553,85.2874984741211,12649900
2007-04-26,85.40498724381861,85.67922223941726,85.28745226677675,85.6661605834961,9708800
2007-04-27,85.34621430241758,85.77714926388683,85.29397764824368,85.68573760986328,7526200
2007-04-30,85.64658584053792,86.1754684082069,85.23522830429506,85.32011413574219,10288000
2007-05-01,85.43113009835653,85.74455016996627,85.08507082035754,85.7249526977539,21228200
2007-05-02,85.86203160257587,86.50844896334223,85.77061995224632,86.27991485595703,9341000
2007-05-03,86.37139783538676,86.46933541193411,86.12327602395894,86.44322204589844,9363700
2007-05-04,86.61296517450012,86.71091269307816,86.33873005611329,86.67173767089844,10687600
2007-05-07,86.71739480606908,86.92634143648272,86.67169395761842,86.86756896972656,10477600
2007-05-08,86.63900857838826,86.98506757259405,86.41701034873162,86.91976928710938,9462600
2007-05-09,86.83500597202001,87.34430137664269,86.710945046742,87.21371459960938,9628000
2007-05-10,86.9655319239663,87.12223196155479,86.32565018985385,86.51499938964844,14855800
2007-05-11,86.60642362033569,87.2071304321289,86.58031026466074,87.2071304321289,10151200
2007-05-14,87.23972981405116,87.46172808154498,86.9001966052763,87.31155395507812,10734000
2007-05-15,87.35728141749608,88.10817220493385,87.25281805944435,87.57275390625,21494200
2007-05-16,87.6968785395918,88.24534893015641,87.39652997657706,88.22576141357422,14911200
2007-05-17,88.1147233418059,88.40854592421192,87.9580232781905,88.1016616821289,12408200
2007-05-18,88.43154858857672,88.70650482177734,88.37917454568222,88.70650482177734,9481600
2007-05-21,88.6345648180387,88.86370019589982,88.48399556394067,88.51017761230469,12668600
2007-05-22,88.62145912111416,88.8571374879947,88.45779386603972,88.4839859008789,11193000
2007-05-23,88.74585600492294,89.02736546884763,88.33996932459975,88.51017761230469,10997000
2007-05-24,88.55596305898817,89.24990186047127,87.82273622119723,87.9798583984375,28156800
2007-05-25,88.22210371173563,88.41196097628226,87.97988236317586,88.30721282958984,10227600
2007-05-29,88.49054222890787,88.96844204861475,88.09775155123195,88.52327728271484,12177200
2007-05-30,88.10429458734717,89.23685552612092,87.99954641087415,89.21721649169922,14456600
2007-05-31,89.29574509508191,89.46596332669783,89.0862587960668,89.2237319946289,8996400
2007-06-01,89.43327331542969,89.58384260516311,89.13867775226853,89.43327331542969,9593200
2007-06-04,89.18445812502159,89.56416267347939,89.1189980238392,89.40049743652344,7430400
2007-06-05,89.20412494101829,89.24341300116576,88.6607549863471,89.02082061767578,13404800
2007-06-06,88.70659147552337,88.70659147552337,87.93409606419763,88.0453872680664,15041600
2007-06-07,87.90784812951453,88.24172152883968,86.6574436509481,86.76219177246094,26022900
2007-06-08,86.94558127490465,87.87519928919444,86.72954180837147,87.79010009765625,19097800
2007-06-11,87.77038457491582,88.21554915611193,87.57398432289857,87.88167572021484,10273100
2007-06-12,87.5216854663034,88.02577754881774,87.01759338378906,87.01759338378906,19846200
2007-06-13,87.44962660224897,88.3072310024478,87.2270442367219,88.2483139038086,17254900
2007-06-14,88.35305115950464,88.94878506550225,88.28103805139496,88.83749389648438,12749000
2007-06-15,89.3809307301833,89.70211837205677,89.26293955492152,89.26950073242188,10995200
2007-06-18,89.46612833692234,89.49889421076682,89.09905253229282,89.1056137084961,10175000
2007-06-19,89.02696702990053,89.40713521324939,88.89586351642153,89.32192993164062,10656400
2007-06-20,89.54478058412766,89.5513317584024,88.2862649996756,88.39114379882812,16986200
2007-06-21,88.35834722931772,88.84995523318804,87.74874810358749,88.73196411132812,26946200
2007-06-22,88.45668090385253,88.60743791860055,87.53245528819498,87.81431579589844,22142200
2007-06-25,87.70941930626519,88.33868193939942,87.10638136714792,87.58487701416016,18960000
2007-06-26,87.70939156986645,88.11578418250357,87.04736328125,87.04736328125,21826500
2007-06-27,86.98836731992492,87.97813410589848,86.87037624509463,87.91258239746094,20981000
2007-06-28,87.8929443359375,88.55498277678535,87.76840205491506,87.8929443359375,13935600
2007-06-29,88.06994378677929,88.5681030096972,87.08017651429283,87.9650650024414,19466600
2007-07-02,88.10922993371538,88.73193117377787,88.0830152506944,88.66638946533203,8861200
2007-07-03,88.8236822211324,89.05310316552304,88.71225233441795,88.9416732788086,7521000
2007-07-05,88.86961106439846,88.96137748377654,88.52220890519646,88.85649871826172,9392200
2007-07-06,88.90237158413365,89.34809125795528,88.72538994809842,89.23011016845703,8218700
2007-07-09,89.40055076276823,89.59719595800016,89.23013026118862,89.45954132080078,9688800
2007-07-10,89.1908552070982,89.30883639192824,88.40427396771419,88.50260162353516,12622800
2007-07-11,88.41734763574371,89.09903974290448,88.32558119820685,89.07937622070312,16698200
2007-07-12,89.36123547679017,90.89505019810296,89.35468430341055,90.67874145507812,13518100
2007-07-13,90.7639641125934,91.30801160116937,90.72463706552877,91.05237579345703,8507800
2007-07-16,91.09825880598606,91.67508219805283,91.05893175685291,91.41289520263672,11637900
2007-07-17,91.5242969898855,92.06834433953182,91.45874526032244,91.63572692871094,13299300
2007-07-18,91.32768249511719,91.57020597278294,90.63942911056532,91.32768249511719,20804700
2007-07-19,91.72093209795597,91.87825024770133,91.45874518350334,91.69471740722656,8731800
2007-07-20,91.36266531135553,91.58578678351056,90.48329714684112,90.91641235351562,19277200
2007-07-23,91.29045044656078,91.62513255460514,91.09357449508245,91.3560791015625,12709000
2007-07-24,90.89014244685518,91.100146138424,89.8401440160655,90.08296203613281,20848000
2007-07-25,90.53577214609747,90.62764625616542,89.5382746556977,90.23389434814453,22438800
2007-07-26,89.61050690424241,89.99769013183989,86.06020914019422,88.40301513671875,46788100
2007-07-27,88.34390679249375,88.658912344222,86.69673156738281,86.69673156738281,31428100
2007-07-30,87.22831546728447,87.83863014243717,86.7098849487086,87.63518524169922,22838700
2007-07-31,88.12084952805426,88.48178739374177,86.4277310055396,86.73616790771484,23253600
2007-08-01,86.55230769683081,87.79917142502583,86.09949623351643,87.5498046875,42193500
2007-08-02,87.61555318583136,88.5933650419079,87.26774299823127,88.44898986816406,22635400
2007-08-03,88.22578410711287,88.40953233237245,86.32266318331405,86.74922943115234,34061000
2007-08-06,86.8870900036243,88.33740013284168,86.32271724018436,88.0683364868164,31192300
2007-08-07,87.86491074201254,89.26927892646678,87.53678724084533,88.62615966796875,25705000
2007-08-08,88.84924031632127,89.87955244186044,88.51455810417751,89.61048889160156,27549800
2007-08-09,88.350491584426,89.13142671680177,87.12987238876501,87.14299011230469,38884900
2007-08-10,86.55891909001576,87.35954071123767,85.73205201179081,86.58517456054688,37277200
2007-08-13,87.43829793813097,87.56954525144644,86.72298155553456,86.74266815185547,17085800
2007-08-14,86.97894971279044,87.2151989701504,85.50239435767368,85.63365173339844,20864000
2007-08-15,85.44989960644021,86.15863733332777,84.30802657795438,84.55740356445312,28964000
2007-08-16,83.89457562830158,84.82644473960664,82.23427228029279,84.75425720214844,52563400
2007-08-17,86.31629341177899,86.72406298057723,84.81015929713776,85.86248016357422,33292800
2007-08-20,86.12558822518896,86.61886193785979,85.30346537073761,86.13217163085938,16906000
2007-08-21,86.04007779379423,86.59254183761202,85.77699250934947,85.94799041748047,14383300
2007-08-22,86.53990648190302,87.07921363854298,86.38863874763118,87.00686645507812,12808700
2007-08-23,87.28967626294104,87.5264479359596,86.56620447436364,86.92794036865234,14056300
2007-08-24,86.94108494776619,87.9670920417605,86.8358508776967,87.89474487304688,9666100
2007-08-27,87.70405031871395,87.99342906815241,87.46069518449742,87.55277252197266,8506400
2007-08-28,87.17127064206078,87.2765047090593,85.7046072125834,85.822998046875,13055600
2007-08-29,86.21104496679416,87.44093687161211,86.13869779382405,87.30282592773438,10693800
2007-08-30,86.75697966816885,87.53964220131992,86.6517455382691,87.1910629272461,12705200
2007-08-31,87.84220315443851,88.29601668950147,87.40811976997115,87.73696899414062,11117600
2007-09-04,87.6184994919881,88.71685358579228,87.54615233439996,88.35511779785156,11602900
2007-09-05,87.9803121538168,88.01319907885072,87.13845905848706,87.61857604980469,11230800
2007-09-06,87.78946266501697,88.11831142691015,87.31591964503737,87.82234954833984,10084000
2007-09-07,87.05941834568581,87.09230522913467,86.04656857086871,86.50038146972656,18245400
2007-09-10,86.71091228292524,86.86219006670561,85.65860137846342,86.44125366210938,14392100
2007-09-11,86.75034712820784,87.65140005606837,86.6911567270437,87.52643585205078,11502400
2007-09-12,87.42782215152711,87.92767923633528,87.29628451077501,87.63829040527344,11402900
2007-09-13,88.05265584446762,88.64458032862511,87.91453477913483,88.32888793945312,8318400
2007-09-14,87.82896827724626,88.58532684168496,87.70401411314491,88.4340591430664,10337200
2007-09-17,88.21045026350414,88.51956911835047,87.9276449479542,88.17098999023438,8774100
2007-09-18,88.58535949678486,90.42033279670152,88.40120482997159,90.3348388671875,18362400
2007-09-19,90.88733726449072,91.62395621052168,90.69002575089516,90.86760711669922,13554200
2007-09-20,90.95308011976788,90.96623689382392,90.45323309809793,90.5650405883789,9651600
2007-09-21,91.16254172676777,91.59078837583509,90.85289001464845,90.85289001464844,8249600
2007-09-24,91.15599729023589,91.34705414979283,90.50374998137436,90.62234497070312,9445500
2007-09-25,90.27973360840816,90.8002164342074,90.14796924023591,90.73432922363281,13487100
2007-09-26,91.15599750611044,91.58423429236038,90.9451664370172,91.26799774169922,8384000
2007-09-27,91.61719937169154,91.66332244873047,91.28119858619198,91.66332244873047,8948300
2007-09-28,91.55131519840418,91.64355129246023,91.15601190788956,91.51837158203125,10128400
2007-10-01,91.5512833810933,92.89529600638654,91.5512833810933,92.63176727294922,10164200
2007-10-02,92.76351682028923,92.8359887183533,92.23644938463912,92.31550598144531,12705600
2007-10-03,92.16401776841967,92.41437717169671,91.8280170321633,91.97954559326172,7918300
2007-10-04,92.17054869130621,92.26278472506824,91.86089699518216,91.91360473632812,7234600
2007-10-05,92.51969460526578,93.03359237892832,92.32863791032932,92.68440246582031,9357800
2007-10-08,92.60538926773388,92.61856871758049,92.24302979426247,92.4077377319336,5129400
2007-10-09,92.67791904569845,93.32357174978759,92.4341543626505,93.2708740234375,9070400
2007-10-10,93.15226933875678,93.18521295404224,92.26943674579424,92.71743774414062,9729400
2007-10-11,93.13246179888635,93.52117014044573,91.88068542495863,92.37480926513672,21857700
2007-10-12,92.48022607469022,92.97434997558594,92.29575395592727,92.97434997558594,7714600
2007-10-15,92.94799390628759,92.96775805655052,91.5842072202918,92.2496337890625,12383600
2007-10-16,91.97294736871683,92.00588092495452,91.39317201604878,91.68305969238281,13953500
2007-10-17,92.3089480555705,92.35506106609013,90.74751949792724,91.68305969238281,20261500
2007-10-18,91.26804293494727,91.68311052464216,91.06380651874302,91.44593048095703,11615700
2007-10-19,90.95979412492285,91.51382133057372,88.99430084228516,88.99430084228516,33071200
2007-10-22,88.42047085121051,89.54171904863418,88.32813300116553,89.3372573852539,16391200
2007-10-23,89.81212292997819,90.14849430368369,89.21852402012875,89.97701263427734,13325600
2007-10-24,89.76593520748173,90.22102221667481,88.75020926286068,90.02975463867188,22583800
2007-10-25,90.16837806969977,90.55091369953739,89.27137680288055,90.29368591308594,16618800
2007-10-26,90.76188980625989,91.05868926304615,90.25402669589381,90.98613739013672,9929800
2007-10-29,91.20383469224464,91.59297215930442,91.12469081801513,91.44786834716797,8663400
2007-10-30,91.14442413896265,91.38186568857172,90.79485881093649,90.900390625,8531000
2007-10-31,91.30938797411062,92.02830517110316,90.53110279345402,91.64575958251953,19378200
2007-11-01,90.92675292130168,90.95313083825084,89.29105034067298,89.60104370117188,25301400
2007-11-02,89.82535483859304,89.85173277422446,88.63155448582765,89.73301696777344,20988000
2007-11-05,88.9349418981142,89.77258472849992,88.64473429929882,89.17898559570312,13954800
2007-11-06,89.58795007861596,90.10899755065043,89.07349457718746,90.03644561767578,11092400
2007-11-07,89.15917829370093,89.52193774636171,87.67517058523796,87.95219421386719,18182700
2007-11-08,88.06430676426925,88.11707268372898,86.29009172070747,87.35857391357422,38375700
2007-11-09,86.59353939313829,87.11459689602441,85.86142813946944,85.94717407226562,20911400
2007-11-12,85.9735259855502,86.83094469722208,85.57119456345872,85.59098052978516,20703800
2007-11-13,86.29670987828526,87.9851795571789,86.27033194258453,87.8136978149414,15043400
2007-11-14,88.35454688702703,88.37433285611556,87.22010436027381,87.53009796142578,13708200
2007-11-15,87.16737022728427,87.64884575757723,86.28356307193077,86.71227264404297,18693600
2007-11-16,87.1474569256141,87.32605416055922,86.25448084397885,86.9424057006836,22485600
2007-11-19,86.66462283278673,87.08795746802117,85.50706608563546,85.72534942626953,21362600
2007-11-20,85.87753650524353,86.65144514768056,84.87873340461458,86.20826721191406,29928200
2007-11-21,85.40780749101796,85.7517699017704,84.52806854248047,84.52806854248047,18182400
2007-11-23,85.143234041378,85.7782307502212,85.07047295045942,85.60625457763672,7232400
2007-11-26,85.7914856097727,86.20159827361286,84.17090825530303,84.309814453125,11480600
2007-11-27,84.62733396409259,85.93041312645595,84.47519569202248,85.54015350341797,23078300
2007-11-28,86.30744734335586,88.13969754043211,86.26115031163201,87.86188507080078,17995800
2007-11-29,87.63689692820265,88.29173630123238,87.43183571454905,88.08668518066406,15940400
2007-11-30,88.97971107338616,89.09876917461771,87.87507273078792,88.74158477783203,18892200
2007-12-03,88.43071783197425,88.69529818015715,87.96107610689226,88.17935943603516,12645700
2007-12-04,87.65016996906868,88.09334750903902,87.55095488291532,87.59725189208984,8191700
2007-12-05,88.43068885170298,89.07891755748064,88.33146368383221,88.93339538574219,11851000
2007-12-06,88.89370358709783,90.22323596833044,88.84078551961885,90.0115737915039,12317200
2007-12-07,90.25636848668628,90.46804089137005,90.01824207796494,90.21668243408203,8477600
2007-12-10,90.47464012235689,91.03688604284028,90.29604281573008,90.8847427368164,7327600
2007-12-11,90.97733176262957,91.215458100869,88.77467575028079,88.90034484863281,20363200
2007-12-12,90.58046177702232,90.69951990027394,88.19258740524485,89.29722595214844,15786800
2007-12-13,88.82097327295622,89.53535229174454,88.39102770375709,89.29722595214844,14104200
2007-12-14,88.86726291720576,89.3832015360806,88.25209912202983,88.27194213867188,12506900
2007-12-17,87.96765148636298,88.07347751481491,87.10775066175464,87.26649475097656,10828800
2007-12-18,87.75605363044609,87.9214189256176,86.69110072581769,87.67668151855469,13719100
2007-12-19,87.6501916257986,88.05368323100284,87.03503775347231,87.49144744873047,14342800
2007-12-20,87.84861836504614,87.86846138411332,87.08794238589165,87.78247833251953,12707000
2007-12-21,88.45283596875737,89.28166692842551,88.38653556252318,89.07611846923828,11031800
2007-12-24,89.3745483769917,89.83206495575429,89.34140321308134,89.71934509277344,3655600
2007-12-26,89.52034689968443,89.84525219200023,89.37447188007837,89.79220581054688,5743000
2007-12-27,89.4672811832164,89.50707354887884,88.41964825799822,88.6384506225586,8127800
2007-12-28,88.99657652380978,89.11592335586315,88.06828966039019,88.4594955444336,7819200
2007-12-31,88.27385354113466,88.34679110150023,87.63067963179363,87.88927459716797,6463400
2008-01-02,87.83616338062356,87.96877426957614,86.0790463374867,86.61612701416016,14811000
2008-01-03,86.66916527088374,87.04047977217742,86.28458664666918,86.68905639648438,8206300
2008-01-04,85.91329725242984,86.01937991411408,84.75292897922307,84.98500061035156,15022600
2008-01-07,85.23030884674986,85.36292984463996,84.35506894253268,84.91204071044922,19666500
2008-01-08,85.2237070600138,85.53534828565351,83.3008183736186,83.44669342041016,21236800
2008-01-09,83.62575945772308,84.4678497802121,82.88975690445878,84.18273162841797,24161600
2008-01-10,83.89092089924198,85.74750863874581,83.73841889245979,84.7529067993164,25310700
2008-01-11,84.55401429749702,84.59380162228253,83.15495233563992,83.6721420288086,22464400
2008-01-14,84.3948790538102,84.81924008148077,84.00367328655676,84.5473861694336,7932600
2008-01-15,83.87102110200641,84.14951201646959,82.8034869297751,83.08197784423828,19807000
2008-01-16,82.64443757333932,83.63903527044349,82.18029400487157,82.65106964111328,25572000
2008-01-17,82.91623504729488,83.01569069601975,80.40984646501222,80.74137878417969,30879600
2008-01-18,81.20607358458699,81.83670810538617,79.73901443646886,80.03773498535156,35591900
2008-01-22,77.20985155923846,80.11742213725628,76.8713028446364,79.14159393310547,38318000
2008-01-23,77.82727071949627,81.5247961549736,77.25637766643996,81.45177459716797,42838800
2008-01-24,81.5844133310394,82.26151525692245,81.15956407075932,81.93624114990234,20563200
2008-01-25,82.73955160408632,82.78601937840067,80.80117435467699,81.11317443847656,19580700
2008-01-28,81.00031875582329,82.18193726474009,80.32321618664416,82.00270080566406,19403800
2008-01-29,82.48059268951593,82.91208171248238,81.87650704444219,82.67310333251953,15255000
2008-01-30,82.45403282659946,84.09368795287548,81.96944147223637,82.16858673095703,24848200
2008-01-31,81.43177051519021,84.23976487226115,81.25917890084361,83.64231872558594,22253400
2008-02-01,83.96757587825053,84.7110648275409,83.61574795930376,84.5915756225586,18098700
2008-02-04,84.44553318714216,84.47872660273104,83.6290278355387,83.66221618652344,11722300
2008-02-05,82.77273834767766,82.8988622594119,81.35214643112205,81.62431335449219,16359000
2008-02-06,81.92298698881858,82.26153550278089,80.86085851210916,81.15958404541016,14255000
2008-02-07,80.72149727504957,81.90975020135062,80.4891584491486,81.47162628173828,21041800
2008-02-08,81.10649877107794,81.57117630815893,80.37628904226268,80.82105255126953,15522000
2008-02-11,80.78121500938774,81.37865603987869,80.16385488855633,81.19942474365234,11659200
2008-02-12,81.76367634261516,82.8058858807653,81.62427309969624,82.16197204589844,18453800
2008-02-13,82.65320638683136,83.5427332679898,82.42086765403658,83.15107727050781,12484200
2008-02-14,83.43648906742436,83.4431236966244,82.14866195827439,82.32125854492188,11294600
2008-02-15,82.03197681845913,82.18494933835815,81.58636893865373,82.02532958984375,9758200
2008-02-19,82.95648547349725,83.10280067168921,81.77927606305373,82.25814056396484,9395500
2008-02-20,81.49991610578181,82.85004446363602,81.29374036863778,82.53079986572266,15681700
2008-02-21,82.92322933189884,83.12275789943406,81.45338444533763,81.93889617919922,13487600
2008-02-22,81.94547850103564,82.50415496847687,80.8480824652408,82.33788299560547,13727300
2008-02-25,82.28472439199047,83.7013606288471,82.07854864498596,83.51513671875,14534100
2008-02-26,83.22916259032486,84.68570782093069,83.20921075005165,84.33985900878906,13934400
2008-02-27,83.94740718591731,84.84527496052816,83.87424710083907,84.35311126708984,11539600
2008-02-28,83.86761122225903,84.11369565427334,83.38874696224183,83.69468688964844,8998300
2008-02-29,82.9365265319765,82.9365265319765,81.32701372317207,81.81253051757812,17088200
2008-03-03,81.4533224042448,81.70605399963037,80.90795048583081,81.47327423095703,11889700
2008-03-04,80.81490150095946,81.42012937074144,80.0500487447587,81.40682983398438,20448800
2008-03-05,81.55976604397425,82.19825012197856,80.83482232467011,81.71939086914062,14589300
2008-03-06,81.27377072728588,81.40013910082207,80.01675451693313,80.3426513671875,13426700
2008-03-07,79.4580938808658,80.50228222831394,78.67994184773109,79.09894561767578,20097400
2008-03-10,79.33835047399506,79.35165000173193,78.12123818020707,78.46708679199219,17788000
2008-03-11,79.81063649878415,81.18071746826172,79.11229139973034,81.18071746826172,20303000
2008-03-12,81.16076426178718,81.94556904385078,80.55553625040362,80.74176025390625,13040900
2008-03-13,79.6908945722302,81.38687207910776,79.12557042801168,80.81489562988281,24138600
2008-03-14,81.38693772207014,81.38693772207014,78.81969393494347,79.823974609375,29251700
2008-03-17,78.26758521268519,80.44907385383394,78.2476333771243,79.87044525146484,27004300
2008-03-18,81.01441736757972,82.63723470710814,80.60871303269762,82.50421905517578,23106900
2008-03-19,82.79017923159086,83.01630677812808,80.48896965367823,80.768310546875,17636700
2008-03-20,81.01233083065767,82.46576596216094,80.60563532918529,82.07907104492188,15866800
2008-03-24,82.70582375771563,84.07258357984448,82.64581688893165,83.56587982177734,15254400
2008-03-25,83.5991815406288,83.74585928269951,82.93913678792953,83.42583465576172,12026000
2008-03-26,83.19918323576572,83.20585179541699,82.45913079971383,82.619140625,12733600
2008-03-27,83.04580651038945,83.13914596488686,81.89239535697781,82.10574340820312,17362000
2008-03-28,82.29245536477849,82.47913434874116,81.25238383320323,81.49240112304688,11109600
2008-03-31,81.272379019162,82.11910295055132,81.12570123105823,81.6057357788086,11656500
2008-04-01,82.59916095757902,84.31261498534174,82.57249179883843,84.05259704589844,21137400
2008-04-02,84.24593133935667,84.58595670137204,83.63921951863554,84.1325912475586,13766400
2008-04-03,83.6924881225229,84.43254001291743,83.4858087053086,84.22586059570312,11471000
2008-04-04,84.19926327447872,84.54595211709484,83.47254278713739,84.07258605957031,12506400
2008-04-07,84.51259627417934,84.81928384326561,83.8392142819357,84.03923034667969,12892400
2008-04-08,83.6192242538039,84.09259033203125,83.4992155940687,84.09259033203125,12876400
2008-04-09,84.03924656187087,84.1392495269184,83.11917859046713,83.7725601196289,15037200
2008-04-10,83.67918380028476,84.31922792800695,83.33249005196531,83.9725341796875,14355000
2008-04-11,83.03913409356943,83.13913700788656,82.01239511809503,82.23240661621094,16743600
2008-04-14,82.21907232924033,82.45908949023865,81.86571514405338,82.11906433105469,11704000
2008-04-15,82.50580082350254,82.56580260070535,81.80574956974577,82.32579040527344,12532000
2008-04-16,83.02584346082342,84.43927811833261,83.01917490059628,84.43260955810547,16747600
2008-04-17,83.87254958167402,84.47258758544922,83.77921011057035,84.47258758544922,13292100
2008-04-18,85.4177961968235,85.99855360405951,85.28429120552023,85.35104370117188,16943700
2008-04-21,85.2709527375558,85.67147287521816,85.05066997221992,85.46453857421875,10797300
2008-04-22,85.27761782957776,85.34437032789197,84.4031483880166,85.02395629882812,10086600
2008-04-23,85.10406211288162,85.60471861101203,84.71689556342461,84.97723388671875,10443200
2008-04-24,85.29103654849156,86.31904216657013,84.73698577249763,85.5113296508789,14614800
2008-04-25,86.05192197947221,86.07194721058073,84.99053889473889,85.9784927368164,12363400
2008-04-28,86.03194107363088,86.2989510831622,85.23757254447362,85.97185516357422,7899600
2008-04-29,85.69813610401104,85.97181767943147,85.4044191101213,85.56462097167969,7316400
2008-04-30,85.79834024924111,86.76626472373884,85.44454723570597,85.57138061523438,17717200
2008-05-01,85.44448782144165,86.89970936547778,85.39108379426006,86.75286102294922,18314000
2008-05-02,87.64068665108353,87.64068665108353,86.59933343148815,87.2668685913086,12615000
2008-05-05,87.03323650879993,87.11333746771206,86.33232256098457,86.53258514404297,8222000
2008-05-06,86.1787652808801,87.04655255881744,85.83164425824023,86.94642639160156,12113800
2008-05-07,86.95985381202782,87.02660125161319,85.44454535104842,85.71155548095703,13406000
2008-05-08,85.85840048494984,86.17882481293856,85.42450654624862,85.60474395751953,11522500
2008-05-09,85.21760221433041,85.46458714158439,84.91053133830246,85.11079406738281,9167500
2008-05-12,85.32431808828602,86.17876711215543,85.13073233940926,85.95179748535156,9112600
2008-05-13,86.09866747544349,86.10534934480775,85.37773349556826,85.71817779541016,8277600
2008-05-14,85.96525526901729,86.8330538033719,85.94523001086804,86.11211395263672,11792400
2008-05-15,86.11205131036094,86.91309161097573,85.94516748999203,86.8129653930664,9122400
2008-05-16,87.01243400689202,87.01243400689202,86.19598059805882,86.73136138916016,9774400
2008-05-19,86.80494251471481,87.84223026664566,86.67108971049834,87.1529312133789,10824800
2008-05-20,86.67778359312622,86.70454802554012,85.45310402661303,85.8680191040039,12598800
2008-05-21,85.94830655291763,86.0353088121917,84.09456616147884,84.36225128173828,16509500
2008-05-22,84.40242902690956,84.75711649424048,84.2418117880759,84.33550262451172,10846800
2008-05-23,84.07451987523763,84.19498027136837,83.36514482345022,83.39191436767578,10704000
2008-05-27,83.56593322182225,84.10800257717138,83.23132150009667,83.9406967163086,9471600
2008-05-28,84.16821957156628,84.32214319059543,83.59269218043005,84.2150650024414,8868400
2008-05-29,84.10797650844283,85.1452745665961,83.98082245975141,84.4760513305664,12096800
2008-05-30,84.79050668945908,84.89089110690038,84.25513163937806,84.40904998779297,8060400
2008-06-02,84.30873439554712,84.32211661196374,83.14428244237223,83.75997161865234,13444200
2008-06-03,83.91392173429294,84.0076126018501,82.58886226125921,82.9569320678711,18030600
2008-06-04,82.8632153994843,83.67966851035426,82.63568196505445,82.97698211669922,14257600
2008-06-05,83.21788740734624,84.48941225651849,83.06396896107863,84.39572143554688,13042000
2008-06-06,83.77336936839534,83.80013891195962,81.61846961627022,81.72554779052734,24015200
2008-06-09,81.90621697728835,82.60890329326985,81.69875944462039,82.28767395019531,16553700
2008-06-10,81.81252614925978,82.85651257915943,81.7857566118563,82.28767395019531,14819800
2008-06-11,82.10027682886306,82.12704636122395,80.96259978523969,81.00944519042969,19598200
2008-06-12,81.35079860704765,82.21409744539609,80.92918968375778,81.39764404296875,17194500
2008-06-13,81.63853998383598,82.52860810060395,81.49131005706016,82.38137817382812,15354800
2008-06-16,81.99990416396585,82.56205421294122,81.81252251622972,82.08690643310547,11578600
2008-06-17,82.56876031346907,82.60222351729013,81.38423744241716,81.598388671875,15301000
2008-06-18,81.17671949932132,81.34402518245615,80.36026694870111,80.52757263183594,18091600
2008-06-19,80.67484432988554,81.19014385490709,80.26661784265669,80.72837829589844,20644400
2008-06-20,80.22468041001696,80.29175127020355,79.20518491333785,79.30579376220703,21836600
2008-06-23,79.56067424760678,79.6545744800868,79.17165607465883,79.36616516113281,13844000
2008-06-24,79.1716316950004,79.78198301817235,78.5814011129956,79.10456085205078,19038300
2008-06-25,79.27897664569426,79.90274546446,78.99727591907215,79.08447265625,18907600
2008-06-26,78.48080041479426,78.51433328115193,76.75705347493219,76.91131591796875,28987900
2008-06-27,76.8442294977847,76.95825043121782,75.69730131031649,76.0997314453125,25276000
2008-06-30,76.11313782513363,76.6430009383663,75.62351106733092,76.07289123535156,21139100
2008-07-01,75.3753568597422,76.4820436089133,74.95951458930752,76.30765533447266,32398600
2008-07-02,76.31441588496497,76.63636329400181,75.14065749832848,75.22114562988281,24730000
2008-07-03,75.66379185798017,76.00585990441218,74.77173967621795,75.82476806640625,20496600
2008-07-07,75.90524194395664,76.40828102126565,74.54368366012211,75.2613525390625,27897300
2008-07-08,75.28818233998378,76.39486933990914,74.94611433262251,76.28755187988281,31553000
2008-07-09,76.4954889998284,76.596092736361,74.75161584797318,74.89247131347656,24306400
2008-07-10,74.85898063427243,75.59677083247732,74.36264979070653,75.26811981201172,32957200
2008-07-11,74.54367590442128,75.41561226124313,73.63149806309852,74.44977569580078,35470100
2008-07-14,75.23454803484282,75.38210703169493,73.81262704811472,74.11444854736328,26009300
2008-07-15,73.61804673033092,74.62412424441877,72.65221067931061,73.30951690673828,41112400
2008-07-16,73.59793985620902,75.4357070284918,73.24245476920515,75.23448944091797,31071000
2008-07-17,75.89858339687764,76.87112414219247,75.23456773715175,76.5558853149414,36225700
2008-07-18,76.97562591619817,77.31147071088017,76.37110426085358,77.2107162475586,21164900
2008-07-21,77.51974793681582,77.5869159141311,76.66669873868835,77.00926208496094,16267700
2008-07-22,76.54576172116111,77.96974580673299,76.40470749151172,77.7145004272461,24757900
2008-07-23,77.8824257969887,78.50709748017435,77.57344912164548,78.07050323486328,24761000
2008-07-24,78.08394956701505,78.11081777751546,76.1494845322707,76.30397033691406,22459100
2008-07-25,76.49873118176747,76.81442612627845,76.00168229284867,76.0151138305664,19459200
2008-07-28,76.08232691978401,76.25024942612859,74.67177889140717,74.78596496582031,16089700
2008-07-29,74.96056861510478,76.51217528860842,74.90011900261555,76.47187042236328,17201400
2008-07-30,76.96894699588726,77.86901417128124,76.58608393889553,77.79512786865234,24422400
2008-07-31,77.05630458284311,77.62052192046716,76.29057812487343,76.37117767333984,24805900
2008-08-01,76.65325731861485,76.74729349966017,75.62556741218374,75.9815673828125,20547400
2008-08-04,75.99489519005058,76.40462590155504,75.31648784606412,75.74636840820312,16207200
2008-08-05,76.40470921919024,77.9630292374026,76.37784101418481,77.9227294921875,22997300
2008-08-06,77.60027311063664,78.50705274707434,77.40548257584014,78.2450942993164,17770900
2008-08-07,77.57340882535094,77.86223547774878,76.72708385518534,76.96888732910156,17902100
2008-08-08,76.72043492760154,79.01761356679705,76.57266230322261,78.55414581298828,31279900
2008-08-11,78.60784943629861,79.74972506881828,78.45336366589817,79.12505340576172,22528900
2008-08-12,78.89670811908633,78.93700787989957,77.96977774826486,78.29890441894531,22492600
2008-08-13,77.9697113651407,78.05702914742339,77.0293451249471,77.5129623413086,28250700
2008-08-14,77.14357428253265,78.81608048818433,77.03610657684148,78.19141387939453,24661900
2008-08-15,78.39135086097544,78.80195340474494,78.0480591151796,78.43846893310547,16610900
2008-08-18,78.66055924306163,78.68075195865103,76.93064642264818,77.31432342529297,23622600
2008-08-19,76.80947816468934,76.87678892249693,76.1632856458696,76.39214324951172,19249200
2008-08-20,76.64797652619606,77.09896451853153,75.98831838545632,76.76240539550781,21415300
2008-08-21,76.21715506664759,77.26048490817782,76.1094537192602,76.76911163330078,16820600
2008-08-22,77.3749075385966,78.33073894588483,77.30086415207111,78.29708099365234,18078800
2008-08-25,77.8595501416565,77.88647547525653,76.50658679276053,76.63447570800781,19186300
2008-08-26,76.76908690072476,77.01813719922691,76.37194472953401,76.78254699707031,14475400
2008-08-27,76.89702853828709,77.80573716164446,76.62778020735183,77.40859985351562,15493000
2008-08-28,77.8932068147481,78.87595836535753,77.85282138275169,78.84230041503906,16556500
2008-08-29,78.42500323277633,78.78175505852194,77.67784161695712,77.71149444580078,15914200
2008-09-02,78.72790609684034,79.43468227935793,77.26050817737723,77.51629638671875,24105000
2008-09-03,77.5768266177688,77.90665290254734,76.95755947294506,77.75183868408203,17846600
2008-09-04,77.13937293278575,77.23360910444583,75.38253337678721,75.52388763427734,35201900
2008-09-05,75.10652579845386,75.81329678773375,74.42667501644596,75.62482452392578,31555500
2008-09-08,77.76534684046567,78.03459515454306,75.65848866861765,77.51629638671875,37982500
2008-09-09,77.51629882209669,78.06825557232851,75.67868377110811,75.7459945678711,31926100
2008-09-10,76.13640608964694,76.7354809246232,75.61810215840742,76.06236267089844,39044100
2008-09-11,75.24111903341353,77.31432342529297,74.86417464779257,77.31432342529297,39238000
2008-09-12,76.4931252262597,77.30086473106456,76.06906275655953,77.2672119140625,28275000
2008-09-15,74.81708712168492,77.03164656161549,73.80067722668387,73.90837860107422,44773800
2008-09-16,72.61597121545175,74.82380266728732,72.4140388877754,74.48724365234375,48722600
2008-09-17,73.52471704025021,73.76703491306809,71.01398342357568,71.86211395263672,54988700
2008-09-18,72.30634345987583,74.71610743674825,70.58316280559022,74.02279663085938,65447400
2008-09-19,78.41406925421772,78.41406925421772,76.06448575656229,76.67888641357422,20860900
2008-09-22,76.84768426097715,76.95571370166726,74.17401741742371,74.60612487792969,21955600
2008-09-23,74.44407334369832,75.20025869680103,73.09373646901334,73.25577545166016,25513500
2008-09-24,73.5461047267747,73.74865733671794,72.55360621008111,73.1207504272461,20635600
2008-09-25,73.60011994735822,75.08548859336645,73.44482892518714,74.4508285522461,27647400
2008-09-26,73.35707650590618,75.34882200784111,73.23554594012224,75.04499816894531,22037400
2008-09-29,74.15380502805482,74.2618293785729,70.22432205037809,70.72394561767578,36211100
2008-09-30,71.27079599511663,73.34356339768725,71.0412411429252,73.16127014160156,24710600
2008-10-01,72.62786961500318,73.45157594426549,71.75690170051072,73.39080810546875,22853900
2008-10-02,72.58061741640007,72.68189372674141,70.47408973558343,71.07498931884766,19546500
2008-10-03,71.39911197393586,72.87773352984279,69.60316020729731,69.67742919921875,30183100
2008-10-06,68.09750202598586,68.48910103080748,64.28279859521993,67.4493408203125,49877900
2008-10-07,67.88141089972115,68.33377235380995,63.74263172144124,64.18824005126953,38825600
2008-10-08,62.95947973540192,65.07950898946889,61.710418701171875,61.710418701171875,53470900
2008-10-09,63.41188562930922,63.810238108267164,57.659446710812034,57.76072311401367,44474300
2008-10-10,55.62709723960525,60.143973305853386,53.297769443296005,56.545326232910156,73755500
2008-10-13,59.441821945628874,64.16124725341797,59.05022306771915,64.16124725341797,44081200
2008-10-14,66.0989954968576,66.70664816160765,61.372816117220964,63.2430305480957,58571000
2008-10-15,62.00750078098517,62.15603874275051,57.227309540845845,57.301578521728516,36270200
2008-10-16,58.27383913406568,60.87324410090201,55.4178769334289,60.67744445800781,60371000
2008-10-17,59.247636875562385,62.73756870860396,58.95004950908654,59.20705795288086,44024200
2008-10-20,60.51913109793442,63.089229583740234,60.01863391673357,63.089229583740234,34524100
2008-10-21,61.912432746677894,62.76462628764177,60.85057454757424,61.127872467041016,26527300
2008-10-22,59.55872490466981,59.80220864202939,56.35962744672002,57.82728958129883,37459500
2008-10-23,57.94234273638093,59.51145935058593,55.73070190191141,59.51145935058594,59594500
2008-10-24,54.47265913322578,58.06403836987258,54.20888580850523,56.197330474853516,49331600
2008-10-27,55.85238679869391,58.15195323280514,54.28327178955079,54.28327178955078,37137800
2008-10-28,56.704596774013936,61.641902923583984,55.25722311243126,61.641902923583984,53376100
2008-10-29,61.20221759470501,63.31917244532589,59.99156417318815,60.295921325683594,50631600
2008-10-30,62.25057430349014,62.66990857837672,60.68145965822545,62.56169128417969,42806500
2008-10-31,61.93267692243438,63.934649922328454,61.635084598097656,63.23801803588867,39474400
2008-11-03,62.99457953729453,63.63034353717059,62.57524506672502,63.19071960449219,17957000
2008-11-04,64.36077374273759,65.26707048296582,63.79264319207676,65.07093048095703,25723700
2008-11-05,64.24577000409624,64.65157445549202,61.648617387096465,62.12205505371094,28970800
2008-11-06,61.405137929052025,61.993557778306446,58.49010332292213,58.92972183227539,43601900
2008-11-07,59.491111932434954,60.97906918507616,59.1123616165306,60.95877456665039,30916600
2008-11-10,62.000321494919106,62.0544301383646,59.322005565378,60.14714431762695,23695900
2008-11-11,59.220550029192346,60.06597818817504,57.976082256010145,58.67271423339844,31463000
2008-11-12,57.76645099536733,58.16549083940055,56.02824474566921,56.197330474853516,35844600
2008-11-13,56.52195998252001,60.19450109865005,54.00596427952457,59.99159622192383,64432800
2008-11-14,58.83506886572517,60.525926157096286,56.961601257324226,56.96160125732422,45085800
2008-11-17,56.79925255340078,58.15193772327369,55.94705945155721,56.10261535644531,38157100
2008-11-18,56.12969328530287,57.52296310509153,54.993437058335324,57.042755126953125,42201200
2008-11-19,56.96837078955931,57.73940136466396,54.22917968952246,54.350921630859375,49759400
2008-11-20,53.70161437918487,55.59537094776916,50.97595397319798,51.442626953125,77925200
2008-11-21,52.40263818056369,54.84850650687159,50.61580038211387,54.719417572021484,91695200
2008-11-24,55.684169566767125,58.40859174113558,55.05232116182535,57.002220153808594,48461300
2008-11-25,58.04169054108145,58.47651023425433,56.24805801087842,57.62045669555664,44571400
2008-11-26,56.499476717940134,59.31222069133061,56.383973612814685,59.230690002441406,29776700
2008-11-28,58.89093335397183,60.032336049615935,58.89093335397183,59.991573333740234,6958800
2008-12-01,58.632788927768075,58.68034718021883,55.34445844123039,55.480342864990234,27989600
2008-12-02,56.139359832368136,57.35549814578072,55.37163231781113,57.314735412597656,29383100
2008-12-03,56.15298386257466,58.659991912259926,56.01030902913432,58.456172943115234,49770900
2008-12-04,57.57290781067436,58.741487869798085,56.20730441960437,56.89350128173828,40456000
2008-12-05,56.37036634027739,59.09478825324468,55.2425488980383,58.82981491088867,43490800
2008-12-08,60.00518258950748,61.41155385397014,59.787772714248625,60.548709869384766,44114800
2008-12-09,60.018780366461925,60.745750450738974,58.85020529437768,59.18311309814453,34188200
2008-12-10,59.828558676100954,60.41964443371318,58.80265818260261,59.543209075927734,32139600
2008-12-11,58.84342504868201,59.97123767359603,57.93301721519613,58.33386993408203,26284500
2008-12-12,56.7372494127854,59.12875848189104,56.54701638476647,58.67355728149414,34290400
2008-12-15,59.07442540925788,59.1083978262214,57.647672015662394,58.42219543457031,22944700
2008-12-16,60.85447692871094,60.97677038026616,58.65319998418027,60.85447692871094,30326100
2008-12-17,60.100312692655656,61.010720315047024,59.753813843700165,60.025577545166016,22285800
2008-12-18,60.35848282977143,60.49436726654299,58.03491338732095,58.67355728149414,26041600
2008-12-19,59.1137695296748,59.84979651728048,58.17329406738282,58.17329406738281,19707600
2008-12-22,58.47317842683467,58.561772276761715,56.967046581751816,57.90071105957031,20392200
2008-12-23,58.330040975103735,58.56175550007166,57.13740660106484,57.29415512084961,17174800
2008-12-24,57.53951578118193,57.88026856794732,57.34187854092102,57.57359313964844,4157300
2008-12-26,57.93476976063722,58.11877391260901,57.628089241386824,57.97565841674805,5294600
2008-12-29,58.11199838091416,58.11881489489696,56.96706840720988,57.866661071777344,10387800
2008-12-30,58.098353263674184,59.1410560152587,57.83256649168108,59.072906494140625,17764500
2008-12-31,59.161494542261494,60.22464672531247,59.03882333650464,59.645362854003906,18703600
2009-01-02,59.938395592094906,61.75801889314244,59.679425421661826,61.47178268432617,24558800
2009-01-05,61.24691001321731,61.560401964611856,60.565404414670446,61.13105010986328,25612100
2009-01-06,61.45812360968841,61.94880806157745,60.912917507707085,61.437679290771484,37258400
2009-01-07,60.572289574181845,60.77674358279753,59.447808125239845,59.87715530395508,33165500
2009-01-08,59.33866114568669,59.67941376630037,58.98428070801631,59.58400344848633,23641700
2009-01-09,59.747586162455974,59.80892436141396,58.50042984487865,58.70488357543945,24494100
2009-01-12,58.45273511853369,58.623111524638105,57.423665369285224,57.78486251831055,22622000
2009-01-13,57.66222936458577,58.12565370310583,57.13065545852896,57.53274154663086,29846500
2009-01-14,56.674027268972395,56.81032635506242,55.529097267594864,55.9379997253418,38850600
2009-01-15,55.93114132926517,56.55131366537885,54.547686363439816,56.006107330322266,44216600
2009-01-16,56.81236029619348,56.935242320239006,55.31729653837461,56.45054244995117,37613200
2009-01-20,56.12284867653762,56.25938713621802,54.1772211996767,54.21135711669922,36892100
2009-01-21,55.05789862717006,56.25941155174311,54.170416483530836,56.14335250854492,34826600
2009-01-22,55.22861504885994,56.006867042176516,54.30700139450257,55.40611267089844,40157400
2009-01-23,54.2728034529739,55.6586364688048,53.96560098849106,54.96913146972656,44701000
2009-01-26,55.20121636448821,56.177443864506145,54.74382440791399,55.34457778930664,28917300
2009-01-27,55.63135162937765,56.143359419484405,55.16030800419998,55.6450080871582,23352800
2009-01-28,56.68948343357103,57.37216024966643,56.38227574128164,57.12639617919922,21080000
2009-01-29,56.3754932173047,56.621257464302666,55.53579783865922,55.6586799621582,20825600
2009-01-30,55.86344666850443,55.952192782043085,54.34107503446924,54.66876220703125,26172600
2009-02-02,54.02706222602346,54.559549500603936,53.69255192427132,54.14994430541992,22968000
2009-02-03,54.46400243963838,55.365136404281714,53.94516615441487,55.04427719116211,24065100
2009-02-04,55.160294805483396,55.78152806712347,54.16358196249858,54.402523040771484,27506400
2009-02-05,54.10893645269493,55.399194516205284,53.590100896489346,54.98958969116211,39865100
2009-02-06,55.20809030059426,56.846510917113704,55.105687709958765,56.56661605834961,30049700
2009-02-09,56.52566731124948,56.86017763987043,56.04779020480649,56.49153137207031,20793600
2009-02-10,56.136486624609695,56.477824848694034,53.665196007212224,54.06114959716797,49006600
2009-02-11,54.3547444263707,54.62098803877363,53.71302638190612,54.30695724487305,33244600
2009-02-12,53.54238923423471,54.35477701518004,52.668562986704586,54.27285385131836,45482100
2009-02-13,54.25914180481367,54.57999545153086,53.56963693795067,53.62425231933594,23850300
2009-02-17,52.29306594873225,52.60709679651108,51.692311962774454,51.712791442871094,36731400
2009-02-18,52.05412240062075,52.21796342588693,51.262214563078324,51.71961212158203,35793800
2009-02-19,52.17701678861876,52.22480398261926,51.0642548663709,51.22126770019531,30933800
2009-02-20,50.29852389556767,51.25208251267159,49.722274904167804,50.57979202270508,46343700
2009-02-23,50.929683157978154,51.04630952777352,48.755019809360995,48.80990219116211,36003600
2009-02-24,49.09801156962813,50.627824774684676,48.80988700562047,50.33969497680664,37524300
2009-02-25,50.099645883388916,50.799383713102856,49.091203574250414,49.85268020629883,43668900
2009-02-26,50.40829339490439,50.8130390011048,49.22834889011668,49.283226013183594,31367300
2009-02-27,48.453180832575256,49.39302216632317,48.27482090980762,48.54236602783203,35756000
2009-03-02,47.78088262874392,47.89750376843563,46.36769003799717,46.5323371887207,36931600
2009-03-03,46.978277987067614,47.060596382160895,46.024712961607314,46.10703659057617,30799800
2009-03-04,46.889086946541056,47.938688225138236,46.395155701583576,47.17721176147461,31996400
2009-03-05,46.30595153977626,46.68326138661221,44.95450293149213,45.324951171875,35056100
2009-03-06,45.64738672292534,46.395139708763594,44.44000023299009,45.61994552612305,35830500
2009-03-09,44.94078200474612,46.079562609268834,44.762416885770804,44.89276123046875,28114400
2009-03-10,45.702247062524165,47.49274372733774,45.64736469540353,47.430999755859375,31008100
2009-03-11,47.808304062713596,48.24049087853993,47.211470164207704,47.664241790771484,21875300
2009-03-12,47.59565252962423,49.38614960472004,47.23206592340976,49.235225677490234,21938300
2009-03-13,49.52339170959762,49.79779334067004,48.844233541229194,49.612571716308594,21835800
2009-03-16,50.058431135074315,50.81304531822243,49.53019754316144,49.60565948486328,24509000
2009-03-17,49.59195759140091,50.84736459165669,49.29697133287969,50.819923400878906,20439900
2009-03-18,50.415192683623566,52.06162815627755,49.8869639415586,51.43049621582031,35906600
2009-03-19,52.02045654958681,52.047897744864244,50.6484281889523,50.840511322021484,25410900
2009-03-20,51.182322013825335,51.27171555484469,49.87577237623879,50.020179748535156,22996500
2009-03-23,51.26478769747074,53.48591497389844,51.003474902783665,53.472164154052734,25706800
2009-03-24,52.88766428332736,53.60282243122645,52.56446488676372,52.74325180053711,20383500
2009-03-25,53.12144449879384,54.06353543556734,51.904295263354314,53.23147201538086,30263100
2009-03-26,53.76102216003949,54.53119985565553,53.307166041264054,54.3936653137207,29403800
2009-03-27,53.73349689053622,53.92603993704533,53.17649661364852,53.506568908691406,19994100
2009-03-30,52.32379147671844,52.34442558299914,51.141026457079356,51.74616241455078,25811800
2009-03-31,52.28941283619791,53.10772593700784,51.711778516095634,52.151878356933594,28187500
2009-04-01,51.49170500556009,53.547801245761015,51.43669648545959,53.313995361328125,25416600
2009-04-02,54.58617860146541,55.53514805989978,54.31112016069365,54.813106536865234,30176700
2009-04-03,54.847483502416665,55.143176005080846,54.297356207933575,55.1225471496582,20617100
2009-04-06,54.641177936807715,54.96437729027932,54.04979300203032,54.847476959228516,17834000
2009-04-07,54.146060817192975,54.146060817192975,53.42402478036936,53.561553955078125,17326400
2009-04-08,53.761002327920885,54.2836229016689,53.34153131097114,53.891658782958984,15719000
2009-04-09,55.019425179952144,55.64519017556806,54.84751097013162,55.62456130981445,19287700
2009-04-13,55.033132342047416,55.823938129034666,54.79933172047616,55.390716552734375,11991300
2009-04-14,54.99192205040342,55.246351740697555,54.37990784115788,54.51055908203125,18590000
2009-04-15,54.35240005030478,55.32887155403997,54.14610088916383,55.218849182128906,18263400
2009-04-16,55.603884663041114,56.24340518388275,54.81307892813359,55.87894821166992,19526700
2009-04-17,56.09524551824184,56.37764762319255,55.668192408604156,56.005699157714844,16835600
2009-04-20,55.1378063049564,55.21357385168678,53.96685665416542,54.08395004272461,16640200
2009-04-21,53.608694410289814,54.938063472833655,53.59491562442281,54.82096481323242,18051200
2009-04-22,54.4352723788418,55.41335650256628,54.18042250798214,54.28373718261719,20467800
2009-04-23,54.373277935144145,55.00007633489602,53.73958488437173,54.86231994628906,19521000
2009-04-24,55.172251117239995,55.97813668544781,55.05515771093298,55.60619354248047,17662200
2009-04-27,54.94492078307754,55.95056145766778,54.8691585180693,55.282432556152344,17582800
2009-04-28,54.73831915738479,55.757728711193806,54.66944098565191,55.18603515625,16457900
2009-04-29,55.66816712182403,56.859779548930526,55.578626057038385,56.32251739501953,18084100
2009-04-30,56.98380092871958,57.211098440287465,56.033263997352975,56.25367736816406,17496500
2009-05-01,56.336331441734714,56.61184945477872,55.76463248430547,56.5911865234375,12356400
2009-05-04,56.990709966015345,58.06523021631197,56.894279402601384,58.02389907836914,13866800
2009-05-05,57.89994659423828,58.24434314596242,57.58999179971629,57.96883010864258,11985000
2009-05-06,58.581812572638285,58.733342529966784,57.98945051784435,58.68512725830078,18357600
2009-05-07,59.09836234868348,59.17412989761015,57.61745833111642,57.97562789916992,19835900
2009-05-08,58.64381482773827,59.215514076457936,58.278755507855394,59.04331588745117,18463400
2009-05-11,58.3820574391685,58.54047678128187,57.99633004148844,58.154754638671875,13335600
2009-05-12,58.38888666756498,58.740172005677735,57.70009477208552,58.35445022583008,16819400
2009-05-13,57.65879333213885,57.762113211182566,57.0319951747237,57.25929260253906,17683700
2009-05-14,57.25240581076575,57.83787809145469,57.12842301267315,57.438377380371094,15029400
2009-05-15,57.44257520524096,57.995236616782236,56.84155058368698,57.18696594238281,23137600
2009-05-18,57.73960267032706,58.80348205566407,57.68433497665874,58.80348205566406,12745200
2009-05-19,58.67913527492237,58.99000684356191,58.46497426904719,58.54096603393555,17908900
2009-05-20,58.955469187606,59.39069575252914,58.09884088918523,58.16101837158203,18083800
2009-05-21,57.532354442646024,57.56689807063728,56.85534360720552,57.40800476074219,20038800
2009-05-22,57.629091573649056,57.85015717088411,57.104064074353055,57.24913787841797,10156800
2009-05-26,56.83462970897357,58.76204766681857,56.83462970897357,58.616973876953125,13636800
2009-05-27,58.699813651120735,58.768895582531535,57.31815394045055,57.44941329956055,13708200
2009-05-28,57.88466059637548,58.3406057680096,57.014213106108265,58.043548583984375,17780200
2009-05-29,58.29915249575655,59.24559164281487,57.86393142436705,58.98998260498047,15275000
2009-06-01,59.60484022815649,60.56509396841397,59.445952203271474,60.34402847290039,12952000
2009-06-02,60.19893258616328,60.77232281595468,60.05385890223086,60.4476318359375,10553900
2009-06-03,60.11607261922129,60.17825010993674,59.46669548108634,60.06771469116211,9488600
2009-06-04,60.040066000511274,60.55818874361289,59.74991325870538,60.45456314086914,11762200
2009-06-05,60.96578343403451,61.17303466443696,60.185146971338376,60.73090362548828,16834300
2009-06-08,60.254208283184454,61.06938809477801,59.756809717382836,60.61343765258789,23538400
2009-06-09,60.77233091079182,60.9519482308015,60.4061917639145,60.61343765258789,22428400
2009-06-10,61.172998510897166,61.19372256756584,59.81206256976457,60.55125045776367,25155700
2009-06-11,60.6964225769043,61.49778393474723,60.654974396336456,60.6964225769043,21696400
2009-06-12,60.516675588093825,61.02098354584819,60.35778772196856,61.007164001464844,12743500
2009-06-15,60.26112279346799,60.29566114231818,59.411399298385014,59.74990463256836,14006100
2009-06-16,59.88807203326393,59.936429936688526,58.87255079073129,58.900184631347656,12830900
2009-06-17,58.87254960343473,59.31468050314765,58.60312625112892,58.879459381103516,13494000
2009-06-18,58.91400640917037,59.51503066012958,58.70676048411387,59.14889144897461,13378600
2009-06-19,59.58070644782489,59.6777430069961,58.85985965962737,59.13017654418945,13880400
2009-06-22,58.62418862919916,58.755878052902325,57.7508544921875,57.7508544921875,20652400
2009-06-23,57.82019824621847,58.02120412964485,57.42511917551082,57.65385055541992,12151100
2009-06-24,58.041965864826004,58.41625193487108,57.23794804954375,57.54985046386719,15355500
2009-06-25,57.31421668766138,58.84601451892584,57.231040206615916,58.72125244140625,13851400
2009-06-26,58.541042313751674,58.70046258839657,58.23606715604707,58.40934753417969,7779000
2009-06-29,58.57567288841652,59.1578921461611,58.430118073980374,59.08858108520508,7529200
2009-06-30,59.144035490661686,59.3589013785564,58.19445750721598,58.67964553833008,13421400
2009-07-01,58.90137086680713,59.49052211866268,58.86671273336733,58.9360237121582,9144200
2009-07-02,58.22219842217976,58.24992391314288,57.49441882666384,57.52214431762695,16516500
2009-07-06,56.981507567050464,57.74394002143439,56.89140369207389,57.702354431152344,12392700
2009-07-07,57.63995030102493,57.660743086878924,56.51709227206289,56.524024963378906,15240600
2009-07-08,56.78740310668945,57.02999439635878,56.115074898110535,56.78740310668945,17902700
2009-07-09,57.0023159855711,57.12015067049412,56.51020030933267,56.67654800415039,11452000
2009-07-10,56.4270183298399,56.79437184278535,56.156696106251225,56.447811126708984,16023500
2009-07-13,56.62107027221631,57.79937415019716,56.41313180523386,57.74392318725586,14384000
2009-07-14,57.903369081418155,58.02119846389038,57.48056455551454,57.98654556274414,10288300
2009-07-15,58.63110685626137,59.857934071386936,58.59645397675069,59.747032165527344,11620000
2009-07-16,59.684666560300954,60.6481045988813,59.629215595524876,60.46096420288086,11805400
2009-07-17,60.54147680892505,60.763596206218345,60.19441491967025,60.708065032958984,9075000
2009-07-20,60.99958423538063,61.457708384683954,60.7635847371891,61.31194305419922,13142300
2009-07-21,61.86729969889487,61.96447668154882,61.152352485477195,61.89506530761719,14599300
2009-07-22,61.610407446783356,62.14488024725902,61.52016799649745,61.69369888305664,11857700
2009-07-23,61.70761214016508,63.1652711852921,61.6659611075079,62.908443450927734,16519600
2009-07-24,62.748800735757285,63.1860968801327,62.51973858100325,63.14445114135742,10895100
2009-07-27,63.06807070834785,63.35265863051055,62.72795162721683,63.26242446899414,10045200
2009-07-28,62.894605634136504,63.35966766181068,62.5267205884913,63.15837097167969,11700400
2009-07-29,62.943206787109375,63.13061806279487,62.58226439492829,62.943206787109375,9063600
2009-07-30,63.567887656590614,64.19260041859047,63.35270558005656,63.456825256347656,11659200
2009-07-31,63.491506486762596,64.00515662933064,63.41515244311464,63.63032913208008,9151300
2009-08-03,64.18562151737471,64.55350624327005,63.83855965585175,64.45632934570312,9843400
2009-08-04,64.26893095893466,64.72011256431527,64.23422794051783,64.68540954589844,12338900
2009-08-05,64.64375032880562,64.70622422724193,63.94268907401243,64.43551635742188,11396200
2009-08-06,64.72012323633952,64.79647730349026,63.99129618046342,64.29670715332031,10482300
2009-08-07,64.93531750659791,65.59473334253622,64.6299011805227,65.1019058227539,11813100
2009-08-10,64.89365389556338,65.11577337269577,64.55353460464886,64.90059661865234,13051400
2009-08-11,64.68538638159124,64.71315196382878,64.06761674010006,64.26197052001953,9305200
2009-08-12,64.24118576556914,65.5391944067657,64.22730031834176,65.0880126953125,13586400
2009-08-13,65.34481592169612,65.42811268647561,64.67151496969255,65.37952423095703,10209100
2009-08-14,65.296215501635,65.33092380453614,64.2064415169075,64.83809661865234,10846500
2009-08-17,63.76915393395806,63.845507973847305,63.44291490820293,63.588680267333984,12121400
2009-08-18,63.776098535706105,64.2689258422492,63.68586434011195,64.06763458251953,8539100
2009-08-19,63.64424083065687,64.86589544153205,63.56094403165539,64.6437759399414,14296100
2009-08-20,64.65766678250655,65.2129629349422,64.50495861946894,65.1019058227539,8271000
2009-08-21,65.46344645082853,66.32022189845954,65.4077197494437,66.19483947753906,11866500
2009-08-24,66.47344536430091,66.80780014602331,66.09729822775907,66.26447296142578,9349100
2009-08-25,66.48739928162234,67.44169915109549,66.36898402235376,66.50830078125,14622300
2009-08-26,66.35499714864015,66.7659692716772,66.08333634864263,66.49430847167969,11497200
2009-08-27,66.52220052695532,66.95407431790184,65.89528867377122,66.74510192871094,13096800
2009-08-28,67.14212925348053,67.18392159562704,66.18086818339914,66.57791137695312,10813900
2009-08-31,65.97187412237524,66.23656772613063,65.76290716605854,66.20870971679688,9890500
2009-09-01,65.89528374861918,66.63364890468844,64.76684781161808,64.92705535888672,17938600
2009-09-02,64.73893052475559,65.0732796665788,64.5787177966101,64.66230773925781,10922400
2009-09-03,64.94792166580132,65.20565343276525,64.52301526549135,65.09420013427734,7262500
2009-09-04,65.17780180523587,65.87436910263686,64.98973097326777,65.79077911376953,8118600
2009-09-08,66.31320961667498,66.32714393973649,65.90920459247255,66.21569061279297,10862500
2009-09-09,66.23664499262333,66.8078358235981,66.08340450498694,66.54313659667969,13560500
2009-09-10,66.57093011586073,67.19087452687504,66.30623648101418,67.10728454589844,12244800
2009-09-11,67.12819068368108,67.30929435011438,66.77293988286924,67.0237045288086,8116500
2009-09-14,66.4803609221546,67.18388981597529,66.45249760244118,67.09333801269531,8417900
2009-09-15,67.21876268859229,67.78298065407886,66.8426156068052,67.49739074707031,11687700
2009-09-16,67.7899659047612,68.36811835034818,67.5252721014948,68.3193588256836,10580800
2009-09-17,68.24267802949514,68.76510334218673,68.01280961645841,68.30536651611328,15803800
2009-09-18,68.62289627849839,68.7066357165551,68.32981623113227,68.46240234375,9910900
2009-09-21,68.07864757345507,68.41360021991379,67.84837328564963,68.20425415039062,7711800
2009-09-22,68.60196098744318,68.67872080605099,68.16932054498612,68.53218078613281,8206300
2009-09-23,68.63686052120737,69.19511283453912,67.96696093954245,68.09256744384766,13199100
2009-09-24,68.21121702729236,68.39962418449792,67.4226902969278,67.68087768554688,16702600
2009-09-25,67.60410969780058,67.93208260225268,67.25520325883278,67.50641632080078,13350100
2009-09-28,67.69485175367919,68.55315890345626,67.65297934654726,68.27403259277344,6393200
2009-09-29,68.35079971634316,68.63690567923169,67.96002603424382,67.99491882324219,8171200
2009-09-30,68.1205168021325,68.23914375150919,67.03890436656717,67.75067138671875,15351500
2009-10-01,67.63199793879423,67.64595717258916,66.29917860131857,66.37593841552734,15473500
2009-10-02,65.74792687902787,66.48062716939558,65.7339676407983,66.19452667236328,15752800
2009-10-05,66.34105319837035,67.1854059267879,66.15264611181783,66.96908569335938,8742700
2009-10-06,67.39478924777312,68.22518320139682,67.38083000464825,67.8902359008789,12439600
2009-10-07,67.77852103793413,68.02275965341195,67.56918049823574,67.88319396972656,10039900
2009-10-08,68.34379425206966,68.69967498288477,68.06466803904412,68.32286071777344,9701300
2009-10-09,68.29495061590035,68.88809051765352,68.1693440806205,68.86715698242188,6494100
2009-10-12,69.08347015452492,69.35561673225281,68.7764308057491,69.0416030883789,5438300
2009-10-13,68.83228806663365,69.09745514463081,68.53920782402228,68.96487426757812,6026200
2009-10-14,69.62076632486175,70.03247856019493,69.38351257736213,69.94176483154297,9162700
2009-10-15,69.69054740806713,70.248794302782,69.66960855766216,70.2348403930664,7667900
2009-10-16,69.6649603140175,69.99324001212362,69.40653144187682,69.8395767211914,13185400
2009-10-19,69.92331779610903,70.66368884496293,69.79759390773158,70.4471664428711,9772400
2009-10-20,70.52398441723477,70.5519236458098,69.7766273716576,70.1188735961914,9387400
2009-10-21,70.0001675406548,70.68466029939854,69.43441256042665,69.44837951660156,12893600
2009-10-22,69.58111038901201,70.60784983418326,69.28775093295326,70.36338806152344,13423200
2009-10-23,70.53097295681978,70.59383222660551,69.40644428050565,69.72773742675781,13214000
2009-10-26,69.77667252941255,70.38433382537815,68.81278717079168,69.01534271240234,16109800
2009-10-27,69.11306104103134,69.51817173521924,68.72890875835908,69.02226257324219,14503800
2009-10-28,68.88261774158997,69.19692484874246,68.18415276670457,68.22605895996094,17191500
2009-10-29,68.68702370055304,69.66487545538175,68.48447360436262,69.52518463134766,12927200
2009-10-30,69.39249228503584,69.59504776165848,67.66030217901381,67.79300689697266,29751800
2009-11-02,68.03051090971964,69.14805415349781,67.62539981857925,68.34481811523438,20615900
2009-11-03,67.93268859439571,68.40065873597587,67.79997857588116,68.30986022949219,13945600
2009-11-04,68.71496003877554,69.41342478727286,68.40763917306366,68.56828308105469,14714300
2009-11-05,69.05024538653669,70.0071442864727,69.01532000748918,69.958251953125,9811600
2009-11-06,69.60203145990558,70.26557101300027,69.44836832242314,70.10492706298828,10786100
2009-11-09,70.59389983551786,71.55079937997832,70.48214813925135,71.53682708740234,10959900
2009-11-10,71.43202816188057,71.80221916563855,71.34821575480538,71.72538757324219,9959100
2009-11-11,72.0187173726574,72.37493596921657,71.69043801199155,72.03268432617188,10532400
2009-11-12,71.91396303305804,72.2282755121629,71.17359176342252,71.36217498779297,11966800
2009-11-13,71.48796021566172,72.11658038405707,71.31334379826691,71.87910461425781,11677800
2009-11-16,72.22132553771104,73.03852880067983,72.18640013514249,72.82200622558594,10497400
2009-11-17,72.70321199306917,73.08736983604749,72.54256804336154,73.05244445800781,8398000
2009-11-18,72.98961836828309,73.07343611638039,72.57752643008862,73.02454376220703,7773400
2009-11-19,72.66830548812987,72.68925858731319,71.85110264678713,72.39590454101562,12739500
2009-11-20,72.1212062996713,72.49260303480821,71.98105840402324,72.35245513916016,8680400
2009-11-23,73.0181818362307,73.56477158144484,72.969129527259,73.20037841796875,9489200
2009-11-24,73.18635610159978,73.27044270799243,72.59071412605188,73.13029479980469,10211800
2009-11-25,73.25645406750299,73.4666759986906,73.01819612992826,73.31951904296875,6489600
2009-11-27,71.79889506754895,72.76592882586448,71.63772544764737,72.30343627929688,12916100
2009-11-30,72.2543106864034,72.69578112584274,71.97400970342592,72.58366394042969,11959000
2009-12-01,73.07420855015735,73.6698449760524,73.06719955325087,73.3895492553711,10101300
2009-12-02,73.39657159326185,73.75395567831065,73.10225780383321,73.28445434570312,7124600
2009-12-03,73.473703225009,73.7049522183469,72.59075592536622,72.66083526611328,9723500
2009-12-04,73.55073835765147,73.76796920294987,72.3174165421033,72.87100982666016,16602800
2009-12-07,72.75893521072484,73.24945848633578,72.66083055560266,72.91310119628906,8189500
2009-12-08,72.47153448269515,72.48555247096745,71.30128373787257,72.13517761230469,10719700
2009-12-09,72.14923341736026,72.56968243002883,71.81287634574512,72.49259948730469,8583800
2009-12-10,72.87099092117009,73.31246684230497,72.8429602796458,73.00413513183594,8039500
2009-12-11,73.23541549342751,73.60681229774698,73.05321891810647,73.52272033691406,9235500
2009-12-14,73.80302507033929,73.84506837962418,73.52272386707158,73.71893310546875,9752400
2009-12-15,73.51569988554107,73.68387842247905,73.20736811257203,73.39656829833984,7191500
2009-12-16,73.64184802884225,73.796013953533,73.20738625522351,73.3475341796875,6283400
2009-12-17,72.90609385345404,72.9831768479913,72.38053089777426,72.44359588623047,8223700
2009-12-18,72.77416588004877,72.90782725845781,72.05662690383454,72.55609130859375,8299800
2009-12-21,72.85156457127832,73.43544766721165,72.82342504492499,73.07667541503906,5968000
2009-12-22,73.31585793741374,73.59021160765207,73.19626897696438,73.47765350341797,6849400
2009-12-23,73.61835113371059,73.66759396254655,73.28068218807412,73.47765350341797,4867200
2009-12-24,73.56206980136089,73.89270251346751,73.54800272230058,73.86456298828125,3568000
2009-12-28,74.00530345973021,74.11082540615719,73.78722870629849,74.06861877441406,8116800
2009-12-29,74.20931112493727,74.31483307136425,74.04047923089558,74.06861877441406,3356400
2009-12-30,73.81533294749666,74.09672288103697,73.78015719315415,74.01934051513672,3243500
2009-12-31,74.10378823954652,74.13896401026618,73.1822410110373,73.21038055419922,5189400
2010-01-04,73.75200520368217,74.47658590443693,73.69573152013406,74.328857421875,8977300
2010-01-05,74.29369288064738,74.33589949144174,73.84347114195266,74.20927429199219,6549200
2010-01-06,74.21630016999183,74.46251431041277,74.11781451382343,74.25850677490234,6797200
2010-01-07,74.13187753033918,74.58209918159635,73.82938435523839,74.52582550048828,6312000
2010-01-08,74.3358944521409,74.64542388916016,74.17409887701983,74.64542388916016,4912000
2010-01-11,74.8494360835974,75.03234034110014,74.44142095803991,74.94792175292969,6858300
2010-01-12,74.46251163685348,74.86349047030362,74.27257655450997,74.66651916503906,8869900
2010-01-13,74.800215511489,75.26450446694523,74.59620788799211,75.09567260742188,8619100
2010-01-14,75.01827931215759,75.37705165766127,74.9760726951809,75.29263305664062,7039900
2010-01-15,75.22935633518183,75.25749588127535,74.24449369018751,74.57512664794922,14027400
2010-01-19,74.49772857880168,75.43334816323586,74.46958903862301,75.3911361694336,10877400
2010-01-20,74.91974584803543,74.9478853637631,73.955987560852,74.58207702636719,11896600
2010-01-21,74.54692517397368,74.6454108199518,72.95707702636719,72.95707702636719,22253800
2010-01-22,72.72493435306411,73.06260327886874,71.43758465565615,71.49385833740234,24606900
2010-01-25,72.02847460362749,72.11992400222279,71.52197406696239,71.69081115722656,18236800
2010-01-26,71.51498702197706,72.49984381650071,71.38836181024303,71.66974639892578,18352400
2010-01-27,71.52203419403138,72.11295377260221,71.04367277026192,71.96522521972656,16203100
2010-01-28,72.16922474328283,72.19033342180794,70.70600635588832,71.19139862060547,13409200
2010-01-29,71.44463390706768,72.00741380595848,70.63564518212914,70.734130859375,14556900
2010-02-01,71.1984084555786,72.00036619609352,71.09992279390598,71.64159393310547,9985500
2010-02-02,71.71897783023938,72.52797181168229,71.529042726385,72.37320709228516,8891300
2010-02-03,72.19034157662219,72.49986579140425,71.99336479094627,72.19737243652344,6561600
2010-02-04,71.71894102417642,71.80335956426941,70.35420951191838,70.37531280517578,16419300
2010-02-05,70.45271872138414,70.58637474579993,69.19350325367313,70.45975494384766,28939700
2010-02-08,70.3472458670397,70.61456346918963,69.72819203555456,69.79853820800781,10929500
2010-02-09,70.45976642956877,71.39538022125542,70.23465021056114,70.8044662475586,19228000
2010-02-10,70.73417478822216,71.02963200345089,70.17139453982158,70.71306610107422,11212100
2010-02-11,70.64263410811873,71.57825285366238,70.2557278534723,71.45866394042969,9934200
2010-02-12,70.72004800344844,71.31096734703573,70.34017243265649,71.24061584472656,13643000
2010-02-16,71.76119250390714,72.43652509543494,71.46573013437232,72.32396697998047,8958800
2010-02-17,72.57022377771878,72.76719521383482,72.42248983356264,72.72498321533203,8784900
2010-02-18,72.57722845577682,73.37215550813293,72.57019759778701,73.28070068359375,8677700
2010-02-19,73.13610173688487,73.62273712973423,72.9386280646428,73.34062957763672,9324500
2010-02-22,73.61566945261025,73.61566945261025,73.14314248349005,73.23482513427734,5285200
2010-02-23,73.07261558317754,73.44640572728497,72.42377211111359,72.55072021484375,10810200
2010-02-24,72.76934194928484,73.31239437081395,72.63533969507863,73.13607788085938,9658700
2010-02-25,72.1134948660011,72.88223271750658,71.88075564497878,72.8540267944336,10052900
2010-02-26,72.88928688865285,73.0726576731634,72.48728522541246,72.8540267944336,6961100
2010-03-01,73.11488297131746,73.48867287589604,73.05141165050199,73.36172485351562,5818700
2010-03-02,73.65097747089139,73.79908278348552,73.31244719870756,73.35476684570312,5673300
2010-03-03,73.5945570119161,73.89076764575728,73.22782080536362,73.41118621826172,5891900
2010-03-04,73.5169694967246,73.74970870475123,73.31949576170409,73.7003402709961,6168300
2010-03-05,74.04587042907048,74.59597700799993,73.96124195892882,74.58892822265625,6753500
2010-03-08,74.5607585026712,74.73002091806146,74.40559904658215,74.46907043457031,5728100
2010-03-09,74.36324571646215,74.92040647933518,74.34208859824899,74.55366516113281,8672300
2010-03-10,74.63128903130483,74.85697406044137,74.32097009845876,74.59602355957031,7325500
2010-03-11,74.50431855346626,74.96274264494791,74.22221100634265,74.9556884765625,7739600
2010-03-12,75.20960281664208,75.23781411621383,74.84991547304615,75.054443359375,10139600
2010-03-15,74.96982061251617,75.20255443557718,74.66655584471876,75.16024017333984,6760400
2010-03-16,75.30836571969425,75.54815915860766,75.04742052473082,75.51289367675781,6848800
2010-03-17,75.68214827807631,76.07710118682724,75.62573104604604,75.83025360107422,6989400
2010-03-18,75.83727337507622,76.18990647391374,75.78790495646912,76.13348388671875,7495600
2010-03-19,75.84877014160156,76.43526744222194,75.55199032361138,75.84877014160156,12068000
2010-03-22,75.57313763984791,76.36455535036374,75.55193986573366,76.16670227050781,8835200
2010-03-23,76.33624528620044,76.96513737617973,76.19492328055368,76.9298095703125,9105900
2010-03-24,76.68250071680468,76.88742143280822,76.47051767310745,76.59770965576172,7075900
2010-03-25,77.01463784964211,77.39621391866632,76.54120297164769,76.6259994506836,9526500
2010-03-26,76.76023378026765,77.07114873120372,76.40692329641853,76.61891174316406,8859800
2010-03-29,76.87333586916775,77.1347877045492,76.78853936796736,76.96519470214844,5886300
2010-03-30,77.02876482957365,77.29021117680249,76.7885108609112,77.11355590820312,5781300
2010-03-31,76.89450641942179,77.04996392103068,76.54119587616198,76.7461166381836,6078200
2010-04-01,77.19130084937903,77.43155486843733,76.78146463749007,77.21956634521484,11474400
2010-04-05,77.43861232574285,77.64353311433739,77.19836371289587,77.53754425048828,4237800
2010-04-06,77.33966585503993,77.63645077058582,77.21954157958274,77.53045654296875,4407600
2010-04-07,77.4103632517172,77.51635213066693,76.68253880600972,77.05705261230469,10894000
2010-04-08,76.81679996721526,77.42449470931277,76.66841014290205,77.28317260742188,8764300
2010-04-09,77.38919851433094,77.78491029291621,77.31147509486985,77.7707748413086,6013100
2010-04-12,77.82727191476108,77.98272946805803,77.71421530669511,77.85553741455078,4366500
2010-04-13,77.72831300488946,78.03922798205801,77.39620025947589,77.90496826171875,6104100
2010-04-14,78.15228419929913,78.66105219930412,78.03215991904534,78.63985443115234,7987400
2010-04-15,78.49146001826189,78.87303599568584,78.46319453203527,78.83063507080078,8664000
2010-04-16,78.68288095557229,78.85260702947123,77.57964798649267,77.91910552978516,22103600
2010-04-19,77.69274482351095,78.4353046151631,77.60787915159652,78.38579559326172,10482500
2010-04-20,78.65459840721844,78.8031094077021,78.34342941830315,78.56973266601562,8901000
2010-04-21,78.59798985852188,78.8525815849648,78.2797528982147,78.61213684082031,9115800
2010-04-22,78.22315792872375,78.85963709974303,77.89784755142315,78.7464828491211,9946100
2010-04-23,78.70406560061934,79.23446409747324,78.534339592364,79.17788696289062,13873100
2010-04-26,79.28399431954708,79.61637835227864,79.22034367293105,79.26277923583984,8015700
2010-04-27,79.03643259575244,79.33345439546325,77.60082183499223,77.6998291015625,19874600
2010-04-28,78.06052783227396,78.38583832538676,77.57256479035155,78.18075561523438,14833300
2010-04-29,78.45651729492053,79.20614515645143,78.44237031895365,78.9869155883789,7472600
2010-04-30,79.07178780789519,79.20615712242794,77.82005002024441,77.86248016357422,14615900
2010-05-03,78.19490675775731,79.07890453036264,78.19490675775731,78.88088989257812,8324800
2010-05-04,78.15245883782404,78.1736739162682,76.87242668493238,77.33917999267578,19911700
2010-05-05,76.76630818989135,77.48057394209862,76.55414673358842,76.94310760498047,18900400
2010-05-06,76.63904521588752,77.19065876391575,70.12575262214489,74.43965911865234,34425300
2010-05-07,74.26987531013079,74.92050107771225,72.51602862053328,73.39295196533203,33885700
2010-05-10,76.07334582186822,76.70982557935295,75.67024287471065,76.37744140625,20454000
2010-05-11,75.76921353309336,77.03509893878366,75.6560646285173,76.14402770996094,16440600
2010-05-12,76.43400692597905,77.33214655003128,76.34206767778367,77.26850128173828,12985000
2010-05-13,77.04919133856708,77.40986369541136,76.35614057732653,76.44807434082031,11160700
2010-05-14,75.9884473570374,76.14403183030579,74.69427870179285,75.32368469238281,17962100
2010-05-17,75.45094673940639,75.61359923722006,74.0153358454812,75.33071899414062,17552200
2010-05-18,75.87526277243397,76.03084717255201,74.35478621967829,74.53158569335938,19213400
2010-05-19,74.22748607901802,74.66595069070148,73.25862307704436,74.0931167602539,24115100
2010-05-20,72.82016445119928,73.0181789885676,71.42698380479736,71.50477600097656,28708100
2010-05-21,70.49036966585713,72.38572870061986,70.29160073684534,72.29344177246094,30840500
2010-05-24,71.95982291887411,72.39284585181257,71.36352682437658,71.47000885009766,16537800
2010-05-25,69.94377266574492,71.39191396323103,69.39007269645026,71.31382751464844,25166200
2010-05-26,71.61202348842706,72.2651111037518,70.6465952736729,70.76017761230469,18499900
2010-05-27,72.0095002578637,72.9252368412985,71.74684536596543,72.91813659667969,18333200
2010-05-28,72.8258462879819,72.8542418492409,71.72554672266831,72.03079223632812,19442500
2010-06-01,71.4629091020252,72.61290523920339,71.15056868454165,71.2144546508789,17009600
2010-06-02,71.59780231854528,72.86847583554294,71.27836158535847,72.84008026123047,14879500
2010-06-03,73.10984746700773,73.30151628518918,72.29349211320876,72.89688873291016,11856600
2010-06-04,71.67589543681555,71.82496815384552,70.277444413755,70.58979034423828,20047200
2010-06-07,70.74599890799188,70.93056212714508,69.70957878367496,69.75926971435547,13694600
2010-06-08,69.82312601445344,70.75305814178907,69.35460711872852,70.58979034423828,25086600
2010-06-09,70.97307626715912,71.54097118832718,70.13542624872967,70.38388061523438,16076800
2010-06-10,71.41323973587862,72.39286817551844,71.41323973587862,72.3218765258789,13825600
2010-06-11,71.74684208867464,72.65547838598543,71.71134628310175,72.62708282470703,9066300
2010-06-14,73.10984565663009,73.46478228724025,72.43546822483204,72.50645446777344,8995700
2010-06-15,72.98203634284242,74.03265069308299,72.47802719765363,73.94746398925781,9402100
2010-06-16,73.60676144535063,74.16756198119485,73.48607887279694,74.03268432617188,9602400
2010-06-17,74.1888138059067,74.26690025345333,73.38665401127324,74.22430419921875,9742800
2010-06-18,74.3239339950186,74.55861456875888,74.12480845329274,74.30970764160156,6890700
2010-06-21,75.19149252974708,75.35505747328297,73.93272719535972,74.28119659423828,10258800
2010-06-22,74.31674710280545,74.62966145842846,73.13621052532494,73.2002182006836,11915600
2010-06-23,73.30689708230979,73.73359504127983,72.73084968322928,73.24288940429688,12966900
2010-06-24,72.9015393928922,72.99398890702277,72.04103023199276,72.2259292602539,13397700
2010-06-25,72.39662383064392,72.5601887979341,71.70679267754655,72.33972930908203,10893500
2010-06-28,72.31841636253884,72.5744363586557,71.85615773478551,72.140625,6770700
2010-06-29,71.25166449986175,71.28011176748716,69.78666005884124,70.21336364746094,16662900
2010-06-30,70.05688234132931,70.49780127377372,69.40260626204852,69.5021743774414,13386200
2010-07-01,69.51644166326763,69.69423307417114,68.4568063734965,69.22486114501953,18562200
2010-07-02,69.35989169422375,69.50923562877942,68.39270727692951,68.8905258178711,11305700
2010-07-06,69.6871077293354,70.13514547906163,68.70570126580202,69.3030776977539,10251400
2010-07-07,69.36704973383314,71.37964842072077,69.33860247659774,71.32275390625,12255100
2010-07-08,71.75651960257298,72.1903305053711,71.40093725114869,72.1903305053711,9456500
2010-07-09,72.15482979344293,72.63130923636031,72.0268198239976,72.6170883178711,7377600
2010-07-12,72.43216191273989,72.75218945242747,72.21881564537378,72.71662902832031,6613100
2010-07-13,73.40649206092645,74.08921018085904,73.37093162129776,73.7691879272461,9339100
2010-07-14,73.62690618563084,74.02515682019967,73.33533137839524,73.78336334228516,8757900
2010-07-15,73.76205196431916,73.87583556960551,72.88731642187189,73.7478256225586,11495700
2010-07-16,73.32293048895953,73.39410980179254,71.77119757441284,71.89932250976562,12219700
2010-07-19,72.18398750948052,72.5327696650937,71.7213141998382,72.33346557617188,7289500
2010-07-20,71.25155015696623,72.88870085927982,71.20884367224492,72.83887481689453,9200800
2010-07-21,73.08090208385657,73.10225533107122,71.69288670857811,72.055908203125,10812500
2010-07-22,72.78191741500005,73.82115000954346,72.7605641761019,73.49372100830078,10386600
2010-07-23,73.39409038272478,74.38349723203041,73.25884592268247,74.21977996826172,13384300
2010-07-26,74.31939144770861,74.97424923576398,74.17702751728658,74.92442321777344,9047000
2010-07-27,75.27319327924451,75.33725296469572,74.73934084463994,75.05253601074219,10259500
2010-07-28,74.91016206166377,75.13082473121474,74.51867358714156,74.80339050292969,7157900
2010-07-29,75.20914479508939,75.40132931069387,73.97060305229219,74.50445556640625,11562800
2010-07-30,73.88525963117098,74.83195485283309,73.70018906493536,74.52587890625,11706000
2010-08-02,75.50815920243413,76.15589792910995,75.36579516370173,75.97083282470703,6852300
2010-08-03,75.79289361520891,76.04202393337413,75.49393180277703,75.72882843017578,5440100
2010-08-04,75.91382604344751,76.26972770756998,75.72163610366947,76.13448333740234,7289900
2010-08-05,75.75724340668052,76.07755279541016,75.61488488516278,76.07755279541016,3631700
2010-08-06,75.39423758214637,75.97080220300818,74.96003694263406,75.94232940673828,7524700
2010-08-09,76.16299468826922,76.42636400810635,75.90674492589558,76.2484130859375,3723500
2010-08-10,75.70743908671004,76.29111788128297,75.21629281459013,75.92098236083984,8434400
2010-08-11,74.87466362915553,74.88889731951164,73.96355538862699,74.12014770507812,9496200
2010-08-12,73.20892855440913,73.93497056720093,73.15910256769796,73.6360092163086,14562800
2010-08-13,73.46519785321443,73.88516450930663,73.38689907717396,73.56484985351562,6481600
2010-08-16,73.18053471397994,73.73574071632096,72.87445891389052,73.51508331298828,5818900
2010-08-17,74.02045800180414,74.82479957972814,73.79268105731035,74.2624740600586,5461600
2010-08-18,74.21265405684882,74.8176861057296,73.79980661431608,74.43331146240234,6344900
2010-08-19,74.08449430468042,74.248206034765,72.99543604318097,73.35845184326172,8882600
2010-08-20,73.18275121010551,73.21847668980516,72.49686451722671,72.97555541992188,8548600
2010-08-23,73.26133834875695,73.62571750545062,72.66118412297072,72.70405578613281,5552400
2010-08-24,71.96812818600247,72.26820245437548,71.38226656401405,71.73235321044922,9543400
2010-08-25,71.38226908501626,72.14674714864579,70.99645696165081,71.88239288330078,9732500
2010-08-26,72.13246720726306,72.20391269776155,71.21080566229058,71.39656829833984,8258800
2010-08-27,71.82526326126847,72.61117473993261,71.01791867560465,72.57545471191406,10431400
2010-08-30,72.32538411644423,72.54686679704237,71.56090583563481,71.56804656982422,4731200
2010-08-31,71.36797965348865,72.05386608402868,71.1036253772733,71.58946228027344,10523400
2010-09-01,72.41828769048955,73.51856618962846,72.39685457864658,73.4471206665039,8511100
2010-09-02,73.525644549341,73.79713946713606,73.31844890775831,73.78999328613281,3782600
2010-09-03,74.46161819871094,74.75454630937512,73.79716486117896,74.71882629394531,6280300
2010-09-07,74.41874263768038,74.51162120724246,73.88289341517729,73.99005889892578,4206700
2010-09-08,74.09722186335696,74.59020483933301,74.07578876891272,74.29013061523438,5742100
2010-09-09,75.00461751540254,75.01890443211838,74.2830055750777,74.4830551147461,4396500
2010-09-10,74.6045547480914,74.8903423008595,74.41165128426584,74.86176300048828,3521600
2010-09-13,75.48332507961315,75.63336226778857,75.06178735488403,75.49761199951172,4944900
2010-09-14,75.36180833336378,75.78334027798309,75.1403203658249,75.3332290649414,5077800
2010-09-15,75.16182768744122,75.77626893802548,75.00464973228964,75.69053649902344,4374300
2010-09-16,75.49761528018509,75.90486065176974,75.30471187298923,75.869140625,5449000
2010-09-17,76.12035479353277,76.22055980870736,75.61932971765982,75.9199447631836,7777800
2010-09-20,76.15610112038628,77.10089462411064,76.01294727996705,76.9577407836914,5257500
2010-09-21,76.97203535634564,77.52316245630662,76.7072049281385,77.029296875,8381800
2010-09-22,76.98635902360309,77.32992272393967,76.64280078402626,76.87184143066406,5593500
2010-09-23,76.32790877427232,77.02934920239153,76.1632886222604,76.34938049316406,7547400
2010-09-24,77.13671535822346,77.7737406921122,77.06514113464726,77.70932006835938,5334900
2010-09-27,77.70936996762528,77.82389316749617,77.35865222436247,77.43738555908203,3989800
2010-09-28,77.5590076288446,77.92404324486367,76.80031107780678,77.70215606689453,7872700
2010-09-29,77.5518622911763,77.80953389387035,77.30134974988039,77.52323150634766,6281000
2010-09-30,77.95268405100451,78.3892884814423,76.92199769003554,77.23693084716797,11670500
2010-10-01,77.69502881147044,77.8238646337047,77.18683912432739,77.53040313720703,5987600
2010-10-04,77.41588864480717,77.69503202774276,76.63571461654661,76.99359130859375,5561600
2010-10-05,77.59479646049292,78.50380049790067,77.49458600224462,78.30339050292969,6493200
2010-10-06,78.33198962075777,78.61113278103319,78.21030749234083,78.56818389892578,7215600
2010-10-07,78.79725066867982,78.81156878770956,78.02424152470871,78.446533203125,5282200
2010-10-08,78.48949736771627,79.02631225974538,78.28908188765075,78.84737396240234,4812900
2010-10-11,78.94042466514662,79.01915795758016,78.64696321866455,78.91895294189453,3527300
2010-10-12,78.68275306459391,79.18377814302208,78.16740986348849,78.91895294189453,5373500
2010-10-13,79.31977500913231,79.90669245616469,79.20525732863923,79.4915542602539,6921600
2010-10-14,79.48434457438653,79.61318028701066,78.9546836109539,79.4986572265625,8971700
2010-10-15,79.82319141001295,79.85184617738234,78.87760594817556,79.28592681884766,9377400
2010-10-18,79.28596391297792,79.93784241326564,79.1928399744627,79.5223617553711,4434900
2010-10-19,79.00657386357896,79.28595109931415,78.20425652754939,78.68421173095703,9253700
2010-10-20,78.86332813318572,79.93069843054671,78.6699151568454,79.57968139648438,7394700
2010-10-21,79.93067046238164,80.3819708928244,79.3002763134384,79.90201568603516,6992000
2010-10-22,79.93781412976281,80.00228873003071,79.62262258343323,79.77305603027344,3549800
2010-10-25,80.15991254810788,80.62554315364939,79.98798933533608,80.0238037109375,6126500
2010-10-26,79.65849263183443,80.16710833450811,79.46507962650551,80.05965423583984,5371300
2010-10-27,79.60116315988788,79.84472060496748,78.9850990201279,79.73726654052734,7608300
2010-10-28,80.06677774006332,80.13125235633585,79.2143213296955,79.58682250976562,5657500
2010-10-29,79.52952347336729,79.78741104188731,79.3790899692874,79.73726654052734,5972000
2010-11-01,80.00234872335312,80.59692336292699,79.27883025188785,79.74446105957031,9428500
2010-11-02,80.23868295567136,80.43209581728128,80.12406387817035,80.14555358886719,4073600
2010-11-03,80.28171612947312,80.4966243110095,79.5581977479989,80.44647979736328,10108800
2010-11-04,81.1699952188012,82.03678210449159,81.11985070360728,81.9723129272461,9353700
2010-11-05,81.98655843967538,82.1155021350267,81.70002175252753,82.05103302001953,6347900
2010-11-08,81.76452120468376,81.9149546608529,81.50663371829694,81.82183074951172,4081700
2010-11-09,81.93646436328706,81.95795954684583,81.11266268309883,81.44218444824219,5838500
2010-11-10,81.39203355387221,81.58544646797773,80.77596950843994,81.47083282470703,9956900
2010-11-11,80.87627471548281,81.13416229623594,80.61122207266958,81.00521850585938,5517900
2010-11-12,80.56103292573832,80.94069902441457,79.98078892325861,80.34613037109375,8695800
2010-11-15,80.46081193774069,80.96942218495346,80.36052290112649,80.4106674194336,6607300
2010-11-16,79.93778892169492,80.04524291136377,78.84893530754823,79.15696716308594,9492400
2010-11-17,79.2573279207424,79.3647820077885,78.98511563685524,79.11405944824219,5558800
2010-11-18,79.77305458619927,80.49657250200468,79.76588952733505,80.33897399902344,7154500
2010-11-19,80.24627826609898,80.53374038744332,79.90131604430186,80.49781036376953,4474300
2010-11-22,80.16723720836413,80.39002203251397,79.44138262637391,80.36127471923828,6814800
2010-11-23,79.61385180594787,79.63541091766135,78.98142743606829,79.33357238769531,6615500
2010-11-24,79.77193976181964,80.4618585828823,79.77193976181964,80.38280487060547,4288200
2010-11-26,79.72883907730085,80.02348940175814,79.51323699951172,79.51323699951172,2330100
2010-11-29,79.24012927743149,79.6713278601857,78.62207596505509,79.5204086303711,6040400
2010-11-30,78.81608971037237,79.59943841014955,78.73703602095489,79.17542266845703,8055600
2010-12-01,80.26064416541823,81.13741783652013,80.19596135406428,80.97212219238281,7312300
2010-12-02,81.04395911008892,81.83449606431388,81.02958820318767,81.7410659790039,6146200
2010-12-03,81.45366050998055,81.94235396149034,81.4321013917212,81.8848648071289,4550500
2010-12-06,81.76981327579264,81.96385615837013,81.6620122835814,81.7410659790039,6181100
2010-12-07,82.3735451556912,82.43822250018117,81.69080878246768,81.73393249511719,7617300
2010-12-08,81.71233626413864,81.98543290090042,81.53266973279005,81.84888458251953,6518700
2010-12-09,82.17943361964002,82.20818090976832,81.57575697590097,81.87040710449219,5237500
2010-12-10,81.99977375315646,82.17225202479119,81.76261270279282,82.13632202148438,8294000
2010-12-13,82.40948103075335,82.66820139304129,82.23700261689136,82.28012084960938,4756900
2010-12-14,82.38068909164018,82.91968864061633,82.35194179106968,82.6537857055664,5212500
2010-12-15,82.58188126781442,82.96277322559976,82.41658573819856,82.5675048828125,5851100
2010-12-16,82.63946331012872,82.92693102067713,82.22982360456913,82.81912994384766,8109500
2010-12-17,82.78519491772691,82.82841174161608,82.46105774750423,82.79959869384766,4621200
2010-12-20,82.93653737103834,82.94374201364444,82.38909993914955,82.6556167602539,6742100
2010-12-21,82.91490774822014,83.1670152196813,82.82846854563458,83.05896759033203,4783100
2010-12-22,83.08778234794639,83.31108225195187,83.01575242542528,83.25345611572266,3487300
2010-12-23,83.20302685959606,83.40471282205512,83.12379230355425,83.36149597167969,3578800
2010-12-27,83.0949914562517,83.29667744836627,82.9437269621658,83.22464752197266,4138600
2010-12-28,83.39031483866302,83.46954940543893,83.08058121277475,83.40472412109375,4738400
2010-12-29,83.52596798953358,83.72087221904745,83.46100358457892,83.48265838623047,6621900
2010-12-30,83.39603716522183,83.5259714878982,83.20113843486985,83.33828735351562,6599100
2010-12-31,83.24448797519305,83.54045177167735,83.04236904458318,83.46826171875,3725200
2011-01-03,84.03130340576172,84.35613657215491,83.99520838401709,84.03130340576172,9108900
2011-01-04,84.24783348390596,84.26227369150152,83.81472088057397,84.19730377197266,9775600
2011-01-05,84.06737553338937,84.5943330023093,83.95188140088182,84.48605346679688,7567800
2011-01-06,84.55825435270937,84.59434937397435,84.09626671861815,84.29838562011719,7161600
2011-01-07,84.39224651410036,84.52939550485769,83.60542006104218,84.14681243896484,9249800
2011-01-10,83.85085318183623,83.98078206402396,83.41773487856516,83.87972259521484,6166700
2011-01-11,84.19013722844224,84.35616667746268,83.85808383773039,84.13239288330078,5122600
2011-01-12,84.5654922911722,84.92642055062466,84.46443281911178,84.74595642089844,5255800
2011-01-13,84.72425934438465,84.73147394069863,84.32723625409858,84.6015396118164,6056800
2011-01-14,84.37055394084285,85.0130055431375,84.32002422517898,84.95526123046875,5885800
2011-01-18,85.00579655455827,85.48943893743972,84.9913563449439,85.3450698852539,4665700
2011-01-19,85.43165878638769,85.53271818850811,85.07795087896619,85.29450988769531,9080300
2011-01-20,85.0635311573424,85.42445925391766,84.69538846411012,85.26565551757812,10935600
2011-01-21,85.7961628799195,85.86121211837111,85.26133870554153,85.615478515625,9663000
2011-01-24,85.54323937824655,86.42498030361145,85.5287815355726,86.4105224609375,12299400
2011-01-25,86.22256981968505,86.43215880309839,85.79615190718035,86.3598861694336,10474000
2011-01-26,86.40325464883078,86.68512178154924,86.2514749490145,86.44661712646484,9154100
2011-01-27,86.45380177556058,86.67784848067852,86.3309322950983,86.46825408935547,7393200
2011-01-28,86.48275682980366,86.62730209900133,85.10955471623167,85.2974624633789,17156100
2011-01-31,85.46370254392708,85.75279862362967,85.19628770524359,85.71665954589844,8965000
2011-02-01,86.12138525393402,86.89471399770319,86.06356494257504,86.79352569580078,7626900
2011-02-02,86.64902225375216,86.95979968474707,86.64902225375216,86.80079650878906,4231200
2011-02-03,86.7501694312888,87.14044828983634,86.41048197029099,86.99590301513672,6338100
2011-02-04,86.9958819009561,87.22715759277344,86.74291946055337,87.22715759277344,5191300
2011-02-07,87.36450561343574,87.92101656737589,87.34282437103147,87.70419311523438,7317100
2011-02-08,87.77641039109047,88.33292099397856,87.6896854761803,88.27510070800781,6032000
2011-02-09,88.25343300608527,88.46302743931982,87.99324719338355,88.37629699707031,7682100
2011-02-10,88.00771794417146,88.3546342717878,87.76198991073119,88.29681396484375,7202200
2011-02-11,88.04387961980359,88.72325461570593,87.96437805585548,88.64375305175781,6887200
2011-02-14,88.52808430315098,88.68708738056847,88.39076797505665,88.61481475830078,4093900
2011-02-15,88.41968712408641,88.4413738769688,88.08722859585413,88.3185043334961,4854700
2011-02-16,88.52811511502455,88.94007527078395,88.44139014373808,88.80998229980469,5680000
2011-02-17,88.64374672780191,89.14243180402312,88.58592641013745,89.01234436035156,4856500
2011-02-18,89.09204274434734,89.5774579262109,88.98336630112819,89.54847717285156,6320900
2011-02-22,89.01960795348914,89.31665105008642,88.01979114795654,88.3095932006836,9844300
2011-02-23,88.15015217732225,88.22260126784525,87.20105637819505,87.55606079101562,14461100
2011-02-24,87.4981272739389,87.6937459611375,86.62148028513884,87.24455261230469,12247300
2011-02-25,87.62130659051373,87.90386203454106,87.47640281952941,87.76620483398438,5649800
2011-02-28,88.02699737577562,88.51965898136604,87.98352902241854,88.4979248046875,5759600
2011-03-01,88.67903573643682,88.736997216393,87.20829772949219,87.20829772949219,9666700
2011-03-02,87.12139052670503,87.6502795707401,86.94026497467446,87.26628875732422,8298400
2011-03-03,87.98353721125709,88.8674306618629,87.97629064251916,88.65007781982422,7297200
2011-03-04,88.70080865113233,88.77325776896546,87.3749682374838,88.00528717041016,10366700
2011-03-07,88.22265214845991,88.57766229353663,87.09243020743713,87.45468139648438,8355500
2011-03-08,87.57060282021398,88.67184398256508,87.3604964711276,88.38204193115234,8009200
2011-03-09,88.29510788878841,88.72256164388814,87.99081268535392,88.39653778076172,7819900
2011-03-10,87.62853984506711,87.7009944878764,86.66495610935392,86.7446517944336,15698000
2011-03-11,86.41137398620961,87.54884220626575,86.37515219312647,87.24455261230469,10479900
2011-03-14,86.77358912021703,87.01992263765354,86.1577636178919,86.83155059814453,8026700
2011-03-15,84.8392212489903,86.30996008601949,84.70881060924064,85.80281066894531,14786600
2011-03-16,85.48398409555804,85.64337541000914,83.68722234313582,84.15814971923828,16469000
2011-03-17,85.09274764080295,85.47673829856909,84.70152147121117,85.26663208007812,7902300
2011-03-18,86.25822060248878,86.3888821003691,85.65572561014355,85.85171508789062,10498900
2011-03-21,86.78089212913879,87.48500678463456,86.78089212913879,87.15835571289062,7615000
2011-03-22,87.21644284118204,87.28177085083556,86.94059869869113,87.04948425292969,6360500
2011-03-23,86.87518260820508,87.76803660193698,86.70096922094412,87.56478118896484,6693400
2011-03-24,88.01487515236333,88.30523461101065,87.63015122336772,88.16731262207031,4827100
2011-03-25,88.34154654433576,88.7988645975302,88.26895804739695,88.53028106689453,6604100
2011-03-28,88.63916381880064,88.89322631924189,88.34154379103576,88.38510131835938,2663400
2011-03-29,88.3705918002307,88.99486290437818,88.18911777084243,88.92953491210938,6025800
2011-03-30,89.28519984759788,89.70622081831081,89.24164786378152,89.43763732910156,4100800
2011-03-31,89.41589733620447,89.69173590833859,89.2489387674465,89.29975128173828,4355100
2011-04-01,89.7135051335155,89.9748281981796,89.38685407175949,89.619140625,5203200
2011-04-04,89.74978165994001,89.89495864575366,89.61185964671414,89.8368911743164,6278900
2011-04-05,89.66261093530873,90.11266814512432,89.47388209022051,89.7569808959961,8523300
2011-04-06,90.16350457129978,90.27239003433796,89.86589021301644,90.13446807861328,4246000
2011-04-07,90.04015001869908,90.1925875302288,89.36506644584028,89.94578552246094,6542200
2011-04-08,90.2215535792249,90.26510553760784,89.32144469773698,89.7569808959961,6080300
2011-04-11,89.85866425245901,90.21435173286329,89.54652875875614,89.7497787475586,5467500
2011-04-12,89.22712281460174,89.3577842982971,88.68270088889544,88.8932113647461,5161400
2011-04-13,89.40862444105224,89.43766095064751,88.61740032263575,88.95857238769531,4278200
2011-04-14,88.53755572299805,89.20537886256383,88.16734712987319,89.08197784423828,4338300
2011-04-15,89.27958467570362,89.67192727450231,88.96716402535687,89.50482177734375,5299500
2011-04-18,88.5167100449821,88.55303467962378,87.6593699539011,88.4513168334961,10033200
2011-04-19,88.61115569021496,88.99623116332455,88.4440501853442,88.92357635498047,5007200
2011-04-20,90.04251419933914,90.47844876718061,89.91900042137233,90.34040069580078,6708700
2011-04-21,90.5510071656507,90.6817879510394,90.23132511274727,90.6672592163086,4019100
2011-04-25,90.57284185025716,90.60916647202775,90.24588699509242,90.492919921875,4441200
2011-04-26,90.66731005868729,91.45925681087347,90.56559222892403,91.32847595214844,6200000
2011-04-27,91.459288943502,92.17858669080545,91.30671214525192,92.04780578613281,5703800
2011-04-28,91.95333700662258,92.66536751141155,91.93880826061786,92.57817840576172,11788000
2011-04-29,92.67992581723281,93.0867973536207,92.66539706659421,93.02867126464844,11425900
2011-05-02,93.4355387703042,93.45733466434015,92.72350815361752,92.88334655761719,10518700
2011-05-03,92.82522840124012,93.13037646877531,92.46921031216468,92.86882019042969,7708200
2011-05-04,92.75977923005154,92.8251724176049,91.91697373584313,92.25119018554688,8253900
2011-05-05,91.96785658149282,92.15675796536685,90.819891818537,91.2848892211914,11362900
2011-05-06,92.07681383719404,92.59267000222104,91.4229097043413,91.74259185791016,9866400
2011-05-09,91.72084077978838,92.32388630483071,91.57553114293334,92.06232452392578,5464900
2011-05-10,92.24395550012636,92.75981186768706,92.1349705113275,92.59996795654297,4179600
2011-05-11,92.41835065976746,92.45468084594893,91.35757463312466,91.77171325683594,7813600
2011-05-12,91.51739958268787,92.38927398115452,91.08873229942719,92.26575469970703,6684200
2011-05-13,92.2585192631412,92.36023714032854,91.11782117479014,91.51742553710938,6677500
2011-05-16,91.23401648814756,91.85159055035456,91.03058084819283,91.16136169433594,4399900
2011-05-17,90.7690357130537,91.00880156525258,89.98435049306092,90.68184661865234,25391000
2011-05-18,90.7400064036382,91.43750278844286,90.5002404623342,91.33578491210938,4534600
2011-05-19,91.62634904233059,91.89517784766615,91.15408461920808,91.67720794677734,4714900
2011-05-20,91.49132970741198,91.60067429212408,90.80610883394627,91.01021575927734,6881200
2011-05-23,89.82201921064006,90.30312760004252,89.68351569844246,90.04070281982422,5901700
2011-05-24,90.25210439475953,90.36144898437225,89.8147315978055,89.88034057617188,4244400
2011-05-25,89.5449332198156,90.48528692608454,89.5157798801643,90.13539123535156,4110900
2011-05-26,89.96052704247535,90.51452999487408,89.60333434244563,90.24481964111328,6190400
2011-05-27,90.52184614284045,90.86445669271063,90.37605702274602,90.55829620361328,4402800
2011-05-31,91.36014851459498,91.5205198854015,90.82800765341867,91.48406982421875,5290000
2011-06-01,91.21436611236263,91.25081617845298,89.38468847381142,89.44300079345703,8218900
2011-06-02,89.48674771847422,89.56693341981108,88.72863189951636,89.15142822265625,8832200
2011-06-03,88.11627664684418,88.93271008583699,88.08711771386254,88.43701934814453,6224000
2011-06-06,88.27670673169403,88.45165488448649,87.84662469743311,88.00699615478516,4679000
2011-06-07,88.40789261396696,88.64115860127956,87.81743930016007,87.83201599121094,3834600
2011-06-08,87.7736823891939,88.07984288054723,87.53312533391691,87.69349670410156,6860100
2011-06-09,87.90486236950629,88.69942785284822,87.78823222055051,88.29121398925781,4024900
2011-06-10,87.94862765833535,88.01423109233166,86.89892822240814,87.01556396484375,7384800
2011-06-13,87.27799055731268,87.50396536089701,86.81145313980235,87.08116912841797,5363200
2011-06-14,87.65702579076749,88.30579668018271,87.62786686117053,87.98505401611328,4853100
2011-06-15,87.21969378464755,87.51856322025365,86.41784231074122,86.65839385986328,20958800
2011-06-16,86.62918226884533,87.36542984413691,86.51984325001185,87.13216400146484,7469900
2011-06-17,87.79523146792467,87.97048446146322,87.21104739453985,87.43741607666016,7742000
2011-06-20,87.15267943053283,88.16769554082573,87.14537559321687,88.02165222167969,5679800
2011-06-21,88.34292693845099,89.02203874811497,88.16766832414211,88.78836059570312,4744500
2011-06-22,88.46708371164088,88.94903107887275,88.2042013036253,88.21880340576172,4702500
2011-06-23,87.34980495457565,87.87556401096512,86.52464441415582,87.8609619140625,9033500
2011-06-24,87.79523730483204,87.85365125910029,86.88975137376677,87.04309844970703,6643300
2011-06-27,87.09419627688993,88.16033289868984,86.95545689636945,87.77330780029297,4488800
2011-06-28,88.08734545133697,88.83218065614388,87.98511404223703,88.80297088623047,4085500
2011-06-29,89.08782719947443,89.53326678116765,88.71540931272146,89.41642761230469,5712400
2011-06-30,89.74493775446831,90.56278877830361,89.64270637648889,90.4240493774414,4754500
2011-07-01,90.6139450271115,91.8042196439542,90.40218391450482,91.70198822021484,8692000
2011-07-05,91.67276696277868,91.86992594923761,91.39528250041579,91.6362533569336,5324300
2011-07-06,91.55589537311195,92.19849895218016,91.44636573685449,92.07435607910156,9795100
2011-07-07,92.61477640590591,93.00910001489844,92.4468215910555,92.81193542480469,4400700
2011-07-08,92.03058989019469,92.31537822816028,91.64357012686683,92.29347229003906,5987200
2011-07-11,91.40257140655137,91.61433804214464,90.9425301044516,91.2419204711914,6931200
2011-07-12,91.17621190798774,91.67276686248981,90.77458452890735,90.78919219970703,12501300
2011-07-13,91.24922638455551,91.96485177531763,90.90601857323051,91.13239288330078,7366800
2011-07-14,91.1981235893052,91.76770022011203,90.5263155412353,90.70156860351562,6517000
2011-07-15,91.1488720871767,91.19272350112868,90.46914728980833,91.03923797607422,7853000
2011-07-18,90.55681249127456,90.64451527733746,89.6943664455969,90.35216522216797,6150200
2011-07-19,90.9223015936379,91.96015931225215,90.86382932256092,91.8212890625,5848000
2011-07-20,91.92356392660506,91.96742089473095,91.55081594296317,91.69699096679688,3291800
2011-07-21,92.11364913378618,93.0418783576612,91.8943864713648,92.84453582763672,6881400
2011-07-22,92.7348749842406,92.8371986457945,92.25249280494673,92.53022766113281,5848500
2011-07-25,91.60927568741437,92.34016190381776,91.45579025111599,91.91625213623047,5236200
2011-07-26,91.62390294826758,91.74815227546121,91.11958963925622,91.23653411865234,7202900
2011-07-27,90.90035019080642,90.91496546633296,89.67246072639666,89.78208923339844,7558600
2011-07-28,89.76746679797581,90.38141426932249,89.21930200180444,89.37278747558594,7454600
2011-07-29,88.49573136265381,89.33625188265532,88.17413954513856,88.53227233886719,16015400
2011-08-01,89.70895861096436,89.86975444562229,87.53822599551906,88.51761627197266,11630000
2011-08-02,87.94022108091822,88.43722388447476,86.55153628484388,86.58077239990234,9644500
2011-08-03,86.68314977837726,86.89510756185066,85.38948294792085,86.82933044433594,16594800
2011-08-04,85.74760883230648,85.93033046769548,82.99947387471364,83.1091079711914,19368300
2011-08-05,84.14700074501782,84.46128231249097,81.31847221398353,83.50382232666016,30450400
2011-08-08,81.32576621661102,82.61212845791638,78.95038427917967,78.98693084716797,30395700
2011-08-09,80.14899095724641,82.13699692545055,77.43009314362085,82.12969207763672,32097800
2011-08-10,80.5582918309062,80.8871884474733,78.10982375140625,78.32908630371094,27711600
2011-08-11,79.08193539569595,82.45863381564052,78.8115108968104,81.31114196777344,17393500
2011-08-12,82.21749011091575,82.94837722685725,81.5523857350466,82.4440689086914,14097500
2011-08-15,83.16026609608289,83.96424014068307,82.91176735962638,83.91307830810547,13586200
2011-08-16,83.27720819816484,83.98616898347383,82.56824741285584,83.37953186035156,10846800
2011-08-17,83.83267940815789,84.38815471008728,82.86790945018659,83.51109313964844,9350200
2011-08-18,81.56690931266961,81.63999682684133,79.67391648738871,80.44865417480469,18143700
2011-08-19,79.45006817250538,81.16687366698355,79.06855210871623,79.17127227783203,15277500
2011-08-22,80.83678111967234,80.92482464601417,79.2446984683086,79.45746612548828,11314800
2011-08-23,79.86096450273278,81.78320565362812,79.552820641166,81.7098388671875,12374800
2011-08-24,81.62183445976387,82.95713076365388,81.37238614688087,82.86908721923828,9256900
2011-08-25,83.19190064216698,83.4780351394664,81.2990065850099,81.62916564941406,10391700
2011-08-26,81.23295683723761,82.95710172986028,80.03705623364155,82.68563842773438,13140300
2011-08-29,83.61742668195104,84.5198490427918,83.58074047970968,84.475830078125,7117800
2011-08-30,84.24836454955121,85.2241590050727,83.73478586886932,84.62987518310547,10480300
2011-08-31,85.22414585807977,85.81842399084466,84.4611191111518,85.070068359375,8390900
2011-09-01,85.17283991446983,85.86250035022414,84.16770270643522,84.27775573730469,7690900
2011-09-02,82.71505549822517,83.11124324475067,82.13544780965262,82.3775634765625,9426300
2011-09-06,80.26452562834432,81.77590336627755,80.10311526846223,81.59248352050781,10881100
2011-09-07,82.71505516635128,83.654164370259,82.4656067329837,83.59547424316406,7271500
2011-09-08,83.18452842429463,84.13831342544356,82.70764152124707,82.81035614013672,7772800
2011-09-09,81.90794297463079,81.95196193409676,80.13244070748313,80.57264709472656,11877700
2011-09-12,79.50880745671621,81.10822814626925,79.34739715632126,81.0788803100586,10062000
2011-09-13,81.20364109594128,81.70988170357394,80.57267632622025,81.37972259521484,10836700
2011-09-14,81.79793271373939,83.51474579772345,80.60937540697356,82.46558380126953,14634500
2011-09-15,83.22122229783706,83.88153462131453,82.78101594802789,83.8301773071289,9646000
2011-09-16,84.24177201647848,84.6239850731162,83.653745890139,84.42552947998047,12330800
2011-09-19,83.13193326805562,83.95516929674753,82.536560466139,83.58765411376953,9727400
2011-09-20,83.98455341125437,84.71958362166099,83.41123074439088,83.70523834228516,8070700
2011-09-21,83.74197436716342,83.96248562673578,81.50013045690346,81.55158233642578,14933100
2011-09-22,79.34656255195766,79.67732973470468,77.70744721626559,78.69973754882812,19744500
2011-09-23,78.23663489467769,79.28772855504192,78.00877166514191,78.97901153564453,12056800
2011-09-26,79.68465318707389,81.09591029475811,79.00107464931479,81.02975463867188,11476000
2011-09-27,82.62478474657378,83.38921156451872,81.6545390613649,82.11026000976562,13564400
2011-09-28,82.39687901670821,83.0290053968151,80.66220740727562,80.72836303710938,11260200
2011-09-29,82.22786000494757,82.69092717832473,80.43438387874973,81.86769104003906,13212200
2011-09-30,80.7136426193973,81.70593760706474,80.0227182317493,80.06681823730469,10338600
2011-10-03,79.53763090936707,80.56667448741,78.13372590267876,78.17782592773438,13520400
2011-10-04,77.23695797108711,79.4493943544769,76.32551668358681,79.17743682861328,18100000
2011-10-05,79.27301836354914,80.41966946845668,78.8393531693929,80.32411193847656,9967000
2011-10-06,80.3387962287342,81.74270087453101,79.72871986905649,81.65449523925781,8534300
2011-10-07,82.22786113863178,82.47776880800983,81.1326616948163,81.60308074951172,10022000
2011-10-10,82.76439307303889,83.9698420602838,82.75704120140685,83.94779205322266,7176500
2011-10-11,83.51411996654076,84.05068878621186,83.44796434306237,83.80078125,7836000
2011-10-12,84.35944870246823,85.35174437179484,84.09484287953055,84.52115631103516,7855800
2011-10-13,84.1830069392109,84.53582389859507,83.52883051737187,84.278564453125,5493900
2011-10-14,85.1311688502622,85.52073382772413,84.64605199782224,85.51338195800781,5256900
2011-10-17,85.14593374473188,85.17533563881761,83.52886882488113,83.71997833251953,8397900
2011-10-18,83.45534775292195,85.57223317104236,82.93347687022745,84.90335845947266,11694400
2011-10-19,84.87392563644372,85.44724821105794,84.21974930306754,84.49170684814453,15286300
2011-10-20,84.57993243088384,85.09445137362451,83.67584273682711,84.77104187011719,7944500
2011-10-21,85.73180758679679,86.78459001895847,85.7170858315312,86.76250457763672,13012000
2011-10-24,86.99805804276477,87.72691102314484,86.88026719604886,87.52076721191406,8407500
2011-10-25,87.03485272519313,87.13792180093203,85.82010362759235,85.98207092285156,9405200
2011-10-26,87.15268311493983,87.35882697685085,85.90112627456122,87.17477416992188,9938700
2011-10-27,89.14044804489177,90.24476477800437,88.67663142220344,89.77359008789062,12948500
2011-10-28,89.50857247511117,89.99446901926184,89.3466050881121,89.84722900390625,6666900
2011-10-31,88.89742697798485,89.02258142775881,87.80783285500202,87.85936737060547,13398600
2011-11-01,86.0630850206852,86.62996513781844,85.42257929468019,85.68025207519531,15120600
2011-11-02,86.72567489190602,87.25574219671458,86.26185827703628,86.96862030029297,7605000
2011-11-03,87.77842954344015,88.64715864461304,86.99068409196634,88.48519134521484,12007500
2011-11-04,87.90364801865563,88.10978632540959,87.04964004284908,88.05088806152344,7021900
2011-11-07,87.99198182109188,88.71347144617474,87.27786149938626,88.6766586303711,8694400
2011-11-08,89.08894707227167,89.63374195992682,88.27175193236519,89.51594543457031,7383200
2011-11-09,87.85204635310662,88.1023553582011,86.31336268098143,86.64466094970703,12096200
2011-11-10,87.57967939323068,88.01404690073944,86.78456998808764,87.52814483642578,9960400
2011-11-11,88.52198236870481,89.60421311099482,88.50726062455638,89.47169494628906,7260300
2011-11-14,89.32447956312197,89.50116862562874,88.47783581264245,88.86802673339844,7391200
2011-11-15,88.62506955645085,89.5085260408137,88.29377688534206,88.9858169555664,6467700
2011-11-16,88.24963261843507,89.18461830800912,87.54287058808914,87.68274688720703,7142200
2011-11-17,87.6532626471459,87.98456090218404,85.98206647678718,86.74772644042969,10984300
2011-11-18,87.05402857059346,87.30495019921234,86.55957248213723,86.88429260253906,8307400
2011-11-21,85.68874986445255,85.84372841002613,84.33821529957066,84.98765563964844,18829600
2011-11-22,84.85480410815572,85.26069863296401,84.22750284446859,84.67768096923828,8396900
2011-11-23,83.9471393268827,84.05045843253981,82.89918518066406,82.89918518066406,7988400
2011-11-25,82.86222253357235,83.73305838091997,82.75890350341797,82.75890350341797,3532100
2011-11-28,84.70723125484304,85.22383214583397,84.36037202400517,84.94338989257812,6666100
2011-11-29,85.10573463416974,85.74041191411676,84.950756084015,85.28285217285156,5325400
2011-11-30,87.38607555581521,88.84730392247124,87.38607555581521,88.69970703125,11581500
2011-12-01,88.56693111446869,88.96544976321407,88.3086335542998,88.65548706054688,5437700
2011-12-02,89.45990678721351,89.59274633811714,88.5595504566961,88.60382843017578,5584400
2011-12-05,89.86584578386822,89.92488686467783,88.71457286041793,89.26068878173828,6285400
2011-12-06,89.26798106508345,90.10191438341347,89.06134311933523,89.58531951904297,7062300
2011-12-07,89.34181104164702,90.45618679126068,88.98757604697145,90.08718872070312,9026700
2011-12-08,89.66653096513811,89.89530796667525,88.29385769498778,88.5152587890625,9595600
2011-12-09,88.90641844652737,90.11673197280528,88.86214046864029,89.8731918334961,8999200
2011-12-12,89.2310718610154,89.26796827149013,88.10193359563843,88.73661041259766,6291500
2011-12-13,89.23105574226507,89.65908893530968,87.85838339824018,88.19786071777344,7761800
2011-12-14,87.8806114991158,88.18318709126527,87.01715707386616,87.31973266601562,10062700
2011-12-15,88.25694860320431,88.37503067875862,87.51157661550491,87.68131256103516,5261400
2011-12-16,88.15950409441866,88.38157059826945,87.26384565102256,87.50811767578125,7758400
2011-12-19,87.8264132207933,88.07068525454886,86.64207166720176,86.87153625488281,7977500
2011-12-20,88.16691964121644,89.47709637696315,88.13731039357306,89.32905578613281,7867300
2011-12-21,89.41790252020235,89.46971730273637,88.5962640776002,89.42530059814453,6679800
2011-12-22,89.66953077454978,89.97302124988765,89.49928470328935,89.95821380615234,4202800
2011-12-23,90.08405396725219,90.8094662721649,89.9360134057853,90.77245330810547,2281300
2011-12-27,90.66145661873595,91.04636559820312,90.60223811500643,90.80209350585938,3878700
2011-12-28,90.79463504251362,90.83904606708009,89.66210308961628,89.75093078613281,3871400
2011-12-29,89.9508409835951,90.80949229887838,89.90642993190356,90.69105529785156,5133600
2011-12-30,90.55038885786679,90.77244969121895,90.1876798961701,90.19508361816406,4734000
2012-01-03,91.74218089139121,92.17890470686483,91.49790876711542,91.51271057128906,7175100
2012-01-04,91.34243663749265,91.82357701397325,91.12777383422019,91.76435852050781,7625200
2012-01-05,91.38683128247915,91.86797157260831,90.74284298823993,91.7495346069336,8678900
2012-01-06,91.84574908545287,91.84574908545287,91.1499461591226,91.43862915039062,7488600
2012-01-09,91.55710237450042,91.7199504130553,91.14998227811323,91.53489685058594,5881800
2012-01-10,92.4379400177688,92.52676774786562,91.98640893936836,92.06783294677734,5274400
2012-01-11,91.8161595448946,92.11964439554497,91.6385097384801,92.00121307373047,4890300
2012-01-12,92.15667326046984,92.2825083264166,91.53489600704835,92.17887878417969,5591300
2012-01-13,91.571845785055,91.90494537353516,90.98707622283614,91.90494537353516,6392100
2012-01-17,92.55638727603255,92.9486999112953,92.12706167060351,92.24549865722656,5348800
2012-01-18,92.17888128993279,93.05973807027794,92.09005919267892,92.9857177734375,6473000
2012-01-19,93.25959110508293,93.40023361873449,92.91168950650479,93.39282989501953,8095300
2012-01-20,93.4202516782149,94.1021499633789,93.35354116397544,94.1021499633789,6995400
2012-01-23,94.05032484704617,94.39868774166561,93.67231344491927,93.99102783203125,5166800
2012-01-24,93.46471665776505,93.79825790163862,93.29424492289547,93.70931243896484,4798200
2012-01-25,93.43504608924955,94.51719018245849,92.99774372457455,94.31707000732422,9642500
2012-01-26,94.76179144472313,94.96933082071281,93.87235959567506,94.1762466430664,5902300
2012-01-27,93.73891000993802,93.95385718682606,93.39796107052283,93.72408294677734,6136400
2012-01-30,92.9384284967831,93.62032645082962,92.64936293680972,93.56103515625,5910600
2012-01-31,94.04281760498482,94.07246608295141,92.9310251281476,93.44245147705078,5951700
2012-02-01,94.18372813033577,94.56914736836893,93.96136718020679,94.06513977050781,9891000
2012-02-02,94.14664477902419,94.25041734583858,93.74640420717577,94.01322937011719,4531500
2012-02-03,94.90259060362357,95.23613735846509,94.74694600711844,95.14718627929688,8654000
2012-02-06,94.74701051708793,95.01384131679501,94.63583007473127,94.96195220947266,3852400
2012-02-07,94.83593191176809,95.43629826696674,94.53945832961193,95.2509994506836,5739300
2012-02-08,95.33247667907527,95.4658976313062,94.89517443791556,95.3991928100586,4884400
2012-02-09,95.58456557445678,95.7031482453018,95.09537388683343,95.43631744384766,5416600
2012-02-10,94.69510544547262,94.81369374333937,94.35415631365817,94.76181030273438,6380600
2012-02-13,95.37694652043875,95.44366265139448,94.93223640256969,95.31024169921875,4654100
2012-02-14,95.15463362847892,95.38440230733696,94.70991203022851,95.36216735839844,5608500
2012-02-15,95.6141574256874,95.64380025015463,94.55424832260323,94.76919555664062,9589200
2012-02-16,94.8581406346164,95.74756673698822,94.83590003404656,95.66604614257812,8699000
2012-02-17,96.09111187550562,96.15056176370655,95.7567161759188,96.03166198730469,5765200
2012-02-21,96.32150317660262,96.4181106924529,95.83106128891805,96.1208724975586,6589200
2012-02-22,96.03166722001838,96.23230918626605,95.74929440931108,95.96479034423828,6092200
2012-02-23,95.85331790399837,96.37349022087794,95.52634920798661,96.291748046875,12890500
2012-02-24,96.43297551224667,96.52957168869419,96.04655678972583,96.32150268554688,3769100
2012-02-27,95.80871276671158,96.63356141085505,95.541205319978,96.35118865966797,5778600
2012-02-28,96.33639347841343,96.6336317504136,96.11345910495668,96.4998779296875,4953700
2012-02-29,96.6187241557241,96.87880466466488,95.92762911542101,96.07624816894531,7724200
2012-03-01,96.30661693619854,96.72275480518613,96.03165979219091,96.2843246459961,6684300
2012-03-02,96.26200900491652,96.44778562602589,95.92018637186212,96.26944732666016,3818700
2012-03-05,96.1728515625,96.29917831956372,95.59322934119287,96.1728515625,5286400
2012-03-06,95.06560930449473,96.2025669464478,94.50827946154712,94.70891571044922,14410100
2012-03-07,94.85011358575584,95.45202803893808,94.71635418844282,95.28854370117188,5736200
2012-03-08,95.72695807592085,96.06135363988207,95.52631620198324,95.80126190185547,4417000
2012-03-09,96.02422138321501,96.29916715560236,95.8161524734778,95.97219848632812,6248400
2012-03-12,95.98709889084276,96.35865227108397,95.93508731384183,96.20260620117188,5197000
2012-03-13,96.64103105125015,97.9191755147455,96.49241197526645,97.85228729248047,8699500
2012-03-14,97.93400443400485,98.21638854337726,97.80767768478712,98.00089263916016,5124600
2012-03-15,98.09750304436966,98.45420239405576,97.84484950918923,98.3947525024414,5716900
2012-03-16,98.6739733226769,98.73353793911065,98.29426167379923,98.31659698486328,5047200
2012-03-19,98.21241367289676,98.57723152035423,98.11561969991664,98.33154296875,4424000
2012-03-20,97.80280926081264,98.05595022327904,97.47520972784068,97.81770324707031,5403700
2012-03-21,97.92941351955105,97.98897812434377,97.3933434372033,97.5273666381836,5031900
2012-03-22,96.96898579047321,97.19979159196664,96.68605668629954,96.91686248779297,6987900
2012-03-23,96.95407807697212,97.31890706174424,96.57436645993108,97.23700714111328,4373300
2012-03-26,97.82521349207192,98.38361908199413,97.78798418058562,98.34638977050781,4991500
2012-03-27,98.44313751309559,98.53993140538064,98.0187440107247,98.03363800048828,5777300
2012-03-28,98.07831042857845,98.17510432265924,97.09552294087332,97.51990509033203,5293700
2012-03-29,96.991332038459,97.71353751469553,96.82007947673509,97.63163757324219,4487400
2012-03-30,98.06345671272709,98.25703319717782,97.66883970542642,98.13046264648438,4218500
2012-04-02,97.95167610580692,98.78555723224868,97.70597655374212,98.50263977050781,8683800
2012-04-03,98.39101422931581,98.57714933861136,97.57202656488666,98.03363800048828,6098700
2012-04-04,97.28165553259352,97.36355543451201,96.75302682734049,97.16996765136719,10402500
2012-04-05,96.86474616242603,97.31891642767272,96.73816425044217,97.08065795898438,4179800
2012-04-09,96.01593008886556,96.48498279162445,95.92657752008607,96.13504791259766,5360200
2012-04-10,95.94895018902106,96.09786740805399,94.49709818976015,94.5641098022461,12912700
2012-04-11,95.42778222088562,95.51712347136645,95.10762948574131,95.18952941894531,5603300
2012-04-12,95.39052539235928,96.63390666625226,95.33096078896013,96.58179473876953,7164600
2012-04-13,96.28402472536412,96.31380135954885,95.50225458871626,95.59903717041016,8826800
2012-04-16,96.21694191311526,96.56687677070691,95.807442466914,96.09782409667969,7503100
2012-04-17,96.6637250397283,97.63163026790082,96.64883104399918,97.49016571044922,6290900
2012-04-18,96.99126906616401,97.38587452038666,96.8498045899741,96.90191650390625,5057100
2012-04-19,96.9614962459804,97.28909585029807,95.91170288223456,96.44776153564453,8957000
2012-04-20,96.87193341943824,97.296804384038,96.82719998338493,96.88683319091797,5686800
2012-04-23,95.96256931905624,96.21600197985248,95.53023699388231,96.17127990722656,5180000
2012-04-24,96.35755125892464,97.07312658795344,96.35009000362625,96.69297790527344,4418700
2012-04-25,97.27442130423168,97.52040396434802,96.98371659207034,97.37877655029297,7342000
2012-04-26,97.31913118936706,98.41486682295523,97.26695925979337,98.28070068359375,4577100
2012-04-27,98.45961543641434,98.69814824702034,98.13909976776675,98.39253234863281,3969500
2012-04-30,98.25089623456955,98.40743479943491,98.012374818905,98.24344635009766,3670500
2012-05-01,98.28075523811198,99.24231389222149,97.94531695577562,98.7876205444336,5453200
2012-05-02,98.42235296486047,98.77269095630307,98.13164818194763,98.6906967163086,3746000
2012-05-03,98.69815890860698,98.82487521272817,98.01984395077734,98.25091552734375,5043100
2012-05-04,97.744015847373,97.88564324729913,96.87935168120023,96.96879577636719,5934300
2012-05-07,96.52903812041423,97.0880866037371,96.49176594675194,96.782470703125,4040500
2012-05-08,96.28306362376875,96.40233004009838,95.34386618638388,96.21598052978516,7641700
2012-05-09,95.41093510912638,96.2457771516929,94.948786344895,95.66436767578125,11921700
2012-05-10,96.01471574289921,96.36505371712437,95.56748376171268,95.73892211914062,5325000
2012-05-11,95.26189952400249,96.27564160852673,95.20972187348745,95.5451431274414,3673800
2012-05-14,94.79970176459457,95.17985627236263,94.36736963316694,94.62825775146484,6069000
2012-05-15,94.53136149172222,95.10531537272112,93.97231306647858,94.15120697021484,6713000
2012-05-16,94.50158195545438,94.94136984633064,94.01707199283837,94.0543441772461,6043200
2012-05-17,94.0767082973533,94.10652490846962,92.83935021417992,92.85425567626953,8985300
2012-05-18,93.14293761908013,93.23269437205992,92.06587940912274,92.23043060302734,10861600
2012-05-21,92.5146567244765,93.35236358642578,92.32766777044138,93.35236358642578,5384900
2012-05-22,93.41965860635541,93.8534742379506,92.88861079793311,93.36730194091797,9856100
2012-05-23,92.70906392932207,93.34483054595258,91.86387643286066,93.27751159667969,8600000
2012-05-24,93.43460346813002,93.61411690403024,92.71656684387261,93.58419799804688,7043000
2012-05-25,93.44211563534292,93.56926674813873,92.72407877276395,92.94098663330078,6725100
2012-05-29,93.66648973345417,94.18257525803268,93.41966299631511,93.94322967529297,6828700
2012-05-30,93.14294869561297,93.20278653804874,92.55206284107393,92.73905181884766,6874300
2012-05-31,92.76147850825174,93.30000761297659,92.00604723688224,92.52213287353516,7793500
2012-06-01,91.3477539693614,91.56466163232903,90.43525354416438,90.51004791259766,11815100
2012-06-04,90.56992283545976,90.71203619723322,89.89676749462119,90.33805847167969,6369000
2012-06-05,90.23335332940043,90.7419633104304,90.14359661282535,90.56993103027344,6619900
2012-06-06,91.24313943554982,92.73905124854033,91.21322051451592,92.69417572021484,6138400
2012-06-07,93.62165535119046,93.81612551772258,92.94101832800547,93.13548278808594,8806300
2012-06-08,92.83630340074677,93.81612396240234,92.64183323743865,93.81612396240234,4432700
2012-06-11,94.52662572200309,94.60890129369062,92.63429898608639,92.73153686523438,7232100
2012-06-12,93.04568191608972,93.98810761177515,92.77641743160818,93.93574523925781,4923700
2012-06-13,93.74879407440801,94.19757220018869,93.10555722078762,93.41221618652344,4687100
2012-06-14,93.58424306421567,94.94552255652994,93.45708622594108,94.5191879272461,8162700
2012-06-15,94.98371141171798,95.51569117503867,94.88630964529106,95.4107894897461,6268400
2012-06-18,95.00618935178089,95.56064026245242,94.89379918594713,95.2534408569336,4568500
2012-06-19,95.7029439560661,96.43722097697311,95.53810590751159,95.9501953125,3869500
2012-06-20,95.99519143751303,96.2724254230689,95.23844292260816,95.87531280517578,9212800
2012-06-21,96.01770212970004,96.16006341484842,93.91228253222286,93.98721313476562,7702600
2012-06-22,94.5041328653031,94.76637835829118,94.24189308871343,94.57906341552734,5295800
2012-06-25,93.70246625048708,93.72494313885663,93.14801537723474,93.47769165039062,5922300
2012-06-26,93.6800182174179,94.03966569131204,93.09559607419227,93.71748352050781,7551600
2012-06-27,93.9572193671492,94.57910663323067,93.89727718613871,94.41426849365234,3717100
2012-06-28,93.67249978178913,94.30188126919126,93.09557199170494,94.25692749023438,6460100
2012-06-29,95.71801270096728,96.33241169489649,95.48574381446439,96.24249267578125,5844400
2012-07-02,96.36984473789758,96.48224062929684,95.67303822899697,96.17504119873047,3837000
2012-07-03,96.18253045963695,96.82689470398341,96.08513440567079,96.76695251464844,2717700
2012-07-05,96.36979311571291,96.9617147680532,96.13003592153767,96.48967742919922,6637500
2012-07-06,95.74794512481407,95.7629278110124,95.05862723167675,95.5831069946289,4341400
2012-07-09,95.47070534301659,95.53064751339237,94.93873144283158,95.3358383178711,4503800
2012-07-10,95.8753463941232,96.01021347550216,94.3393662235099,94.66903686523438,6730900
2012-07-11,94.72897592233048,94.77392970916674,93.79989479050076,94.33936309814453,6839500
2012-07-12,93.81483779864968,94.5266381820906,93.48516159089179,94.0845718383789,4412400
2012-07-13,94.34685947662634,95.68803615464459,94.30190568602994,95.62060546875,3942000
2012-07-16,95.34338109827148,95.5381903930533,94.96875091713878,95.24597930908203,1991700
2012-07-17,95.55313777842154,96.01767537288268,94.62405687309848,95.77042388916016,3326900
2012-07-18,95.52318411398225,96.76695311012686,95.47823032990529,96.62460327148438,3099300
2012-07-19,96.85683708404754,97.18651329179366,96.51217247609492,96.89430236816406,3845000
2012-07-20,96.32395901262144,96.55660560948965,95.91869404593676,96.09130096435547,7435600
2012-07-23,94.57535460079073,95.44591292966406,94.20762151910458,95.2432861328125,4647900
2012-07-24,95.2582810032327,95.31832068561714,93.76482968953991,94.45526885986328,7077400
2012-07-25,95.01065560695218,95.34086825253301,94.56036927933371,94.943115234375,3872300
2012-07-26,96.18888292213165,96.83429525890199,96.00876958243059,96.49658203125,8074000
2012-07-27,96.82676415244522,98.23015564354894,96.79673859195111,97.96748352050781,7463900
2012-07-30,97.79487116877581,98.30520260612502,97.6522783928783,97.86241149902344,4235800
2012-07-31,97.7498944185706,97.96002763249459,97.32962799072266,97.32962799072266,4783400
2012-08-01,97.91494358573374,97.93745702755953,96.94681978164584,97.14945220947266,5770000
2012-08-02,96.55664853536628,97.02944260482326,95.69359638249179,96.46658325195312,10915200
2012-08-03,97.60728032208897,98.36527131218563,97.47219962171461,98.11009979248047,7768300
2012-08-06,98.26768119993828,98.77050054653118,98.22265431089951,98.23765563964844,4572700
2012-08-07,98.55286587259974,98.9806327659875,98.5303409768885,98.59789276123047,3584500
2012-08-08,98.2676790490481,98.94310527263782,98.23015282520517,98.72547149658203,3003900
2012-08-09,98.68798526704097,98.96565882349631,98.39529892468524,98.74052429199219,3355100
2012-08-10,98.42529332611939,99.02567867644737,98.1551204910417,99.01066589355469,4410400
2012-08-13,98.8680956515917,98.98816357403793,98.32774992068589,98.77803039550781,3986700
2012-08-14,99.10076132403717,99.18331447799413,98.55291482126911,98.80807495117188,3421500
2012-08-15,98.6954675260598,99.05570561207719,98.64293996230617,98.85307312011719,2834800
2012-08-16,98.89068771330889,99.62615442280415,98.68805504029186,99.49107360839844,5340400
2012-08-17,99.54289311323949,99.71596711874956,99.46765402884866,99.64071655273438,2484300
2012-08-20,99.46764941149107,99.6783372086041,99.31715976807087,99.6106185913086,2266700
2012-08-21,99.75355831750606,100.0921627856298,99.00109884095535,99.1515884399414,4094500
2012-08-22,99.00114626726986,99.1742088149281,98.52709289583,98.92589569091797,4496200
2012-08-23,98.76786971044388,98.79044258602715,97.97026415549983,98.105712890625,4159600
2012-08-24,97.97777786808871,98.99359152516983,97.86490202955305,98.858154296875,4202400
2012-08-27,98.88829481991823,99.00117071231702,98.53463769066714,98.6174087524414,1806500
2012-08-28,98.38410976871496,98.79796491683939,98.27124540178298,98.46688079833984,3028000
2012-08-29,98.47438339096838,98.78289458009242,98.29380043664972,98.51200866699219,2400400
2012-08-30,98.10569613387932,98.11321659724743,97.55639230417421,97.75955963134766,4120700
2012-08-31,98.30135435513455,98.87321970780965,97.84987385243635,98.48194885253906,5447700
2012-09-04,98.37662082047709,98.42176658171265,97.54138979273505,97.99285888671875,4106900
2012-09-05,98.09818267822266,98.4443192459934,97.84986956079213,98.09818267822266,2828800
2012-09-06,98.69261792715864,99.9492242600722,98.69261792715864,99.94170379638672,5559400
2012-09-07,99.99435714503869,100.14484677076146,99.75357604020677,100.031982421875,4827700
2012-09-10,99.90407178081506,100.19753058750423,99.64070630846341,99.68585205078125,2296800
2012-09-11,99.7761690083136,100.41575291687504,99.76863706245567,100.14486694335938,2824400
2012-09-12,100.42323696926859,100.56619461126837,100.13729872203041,100.35550689697266,1953900
2012-09-13,100.28025533199732,102.11625788313911,100.23510961051315,101.8754653930664,6975700
2012-09-14,102.04856968189677,102.69568541240612,101.89055959188293,102.22916412353516,5186100
2012-09-17,102.01097029718616,102.2442309745739,101.76265721046316,101.98086547851562,2606500
2012-09-18,101.6949400910047,102.17651391659012,101.6949400910047,102.04107666015625,3375400
2012-09-19,102.22163535175123,102.51509411954599,101.99589518845796,102.13133239746094,3080800
2012-09-20,101.73256067859006,102.31947839260764,101.5820710178516,102.29690551757812,6949700
2012-09-21,102.70485890262282,102.7274785358588,102.09409428902599,102.14688110351562,5318100
2012-09-24,101.73220670763583,102.34296004429356,101.70205102051014,102.03382110595703,2706900
2012-09-25,102.1920832820977,102.47106632769757,101.24956055463394,101.2947998046875,6292300
2012-09-26,101.31741741300623,101.42297949616479,100.84239379149474,100.96302795410156,5447700
2012-09-27,101.370199064672,101.74720812902713,100.9253311300298,101.4908447265625,4975500
2012-09-28,100.97810768833095,101.40035600486353,100.55585937179839,101.07613372802734,4565400
2012-10-01,101.50592598247526,102.31273097573282,101.43806710605303,101.62657165527344,4854000
2012-10-02,101.8753799051697,102.07896800160013,100.9931801611744,101.40034484863281,6269100
2012-10-03,101.60395714815618,101.87540417292405,101.11384989765554,101.5511703491211,3319800
2012-10-04,101.90554526425099,102.32780507991977,101.76229148465666,102.18453979492188,3911800
2012-10-05,102.61434145366799,102.87825244480247,102.1543898583858,102.51632690429688,4560300
2012-10-08,102.09413386283092,102.44098754924438,102.03382248776276,102.28263854980469,2405000
2012-10-09,102.10915872496894,102.3504501081001,101.4531664733665,101.48332214355469,6034700
2012-10-10,101.34009498753821,101.37779821852725,100.33726037677657,100.49559783935547,10138700
2012-10-11,100.97059491071789,101.11386023084802,100.3447583311742,100.38246154785156,3669100
2012-10-12,100.48047610472504,100.91027206511541,100.09593090759132,100.38246154785156,3271200
2012-10-15,100.54078944558559,101.18170955229135,100.32966525863893,101.05352783203125,2641800
2012-10-16,101.52853518871089,102.06389311593445,101.46822386390579,102.0186538696289,5454400
2012-10-17,101.75476603132448,102.13932272305058,101.6793711054963,102.11669158935547,3815400
2012-10-18,101.98848213906669,102.37303872626636,101.792441578712,102.06388854980469,6305000
2012-10-19,101.78230440169231,101.78230440169231,100.27972769337804,100.5062484741211,10437500
2012-10-22,100.37030191428862,100.7176352122454,99.69829775898545,100.49867248535156,5591900
2012-10-23,99.36605841437242,99.38870932864083,98.55813740106719,98.71670532226562,8962100
2012-10-24,98.91305319833572,99.10181856703484,98.41470985985235,98.5355224609375,6097300
2012-10-25,99.05648032184452,99.17729287853489,98.22590839624775,98.74690246582031,6313100
2012-10-26,98.67142123719869,99.0867073241545,98.22593776270199,98.75447845458984,4182600
2012-10-31,99.1773113231433,99.35851867055952,98.33163479035473,98.61101531982422,3939600
2012-11-01,98.92811709367479,100.0003025657352,98.89036173114975,99.65296936035156,3807400
2012-11-02,100.0909528299149,100.12870821002217,98.51287702482114,98.66388702392578,5141300
2012-11-05,98.50532156305303,99.0112113505905,98.24104544775697,98.81488800048828,2710700
2012-11-06,99.12445584172777,100.14379330088609,99.06404954950217,99.70585632324219,4408300
2012-11-07,98.9507333242183,98.9507333242183,97.1385802500566,97.59162139892578,18648300
2012-11-08,97.53885449311248,97.91638530292573,96.64033508300781,96.64033508300781,8427500
2012-11-09,96.16462319647282,97.24435550003126,96.1042169001354,96.58745574951172,6571600
2012-11-12,96.79132856861492,97.05559316181842,96.421344312542,96.67806243896484,3758200
2012-11-13,96.20234221221538,97.34248038119651,96.1419359387085,96.2929458618164,5407200
2012-11-14,96.51189814259439,96.67800672597015,94.72995369676026,94.95647430419922,9479400
2012-11-15,94.81300964134502,95.17544145642368,94.3901773243018,94.76770782470703,7658000
2012-11-16,94.81546158779001,95.20910407670372,94.18714217277875,95.08041381835938,9350400
2012-11-19,95.86010934775325,96.65497162004364,95.76927190556512,96.61711883544922,9551500
2012-11-20,96.3748684135922,96.7987976205538,95.95094498215417,96.67767333984375,7021800
2012-11-21,96.63225849271922,97.06375365286505,96.5489869902767,97.01075744628906,4589400
2012-11-23,97.40442737198663,98.34312346834605,97.39686143409067,98.3279800415039,3345800
2012-11-26,97.74509414098456,98.04790496826172,97.4952795401254,98.04790496826172,4621000
2012-11-27,97.79048443601646,98.14627983518042,97.28328944277281,97.41197967529297,4910000
2012-11-28,97.0258749737801,98.22195098461209,96.49597080468861,98.13867950439453,7397000
2012-11-29,98.58533235940614,98.82000342864664,98.04028465940698,98.51720428466797,6112800
2012-11-30,98.6004929169197,98.75947000331638,98.24469750783807,98.48694610595703,4979600
2012-12-03,98.93353138325737,99.01680285493153,98.02512267929428,98.07054138183594,5820800
2012-12-04,98.11605176596166,98.51726608137332,97.88138054951945,97.94950866699219,5760400
2012-12-05,98.1916891007657,99.03196995183167,97.7753316428418,98.59290313720703,8697300
2012-12-06,98.66857154525032,99.01680084273194,98.47931925447715,98.97138214111328,4129400
2012-12-07,99.39528386943465,99.62995481093577,99.03192278424065,99.59210205078125,3993200
2012-12-10,99.61485048844939,99.93279300664416,99.5997186192819,99.72840881347656,3480900
2012-12-11,100.08419859499828,100.77306823762802,100.06147769040797,100.30372619628906,4012700
2012-12-12,100.66710515078672,100.93962899242423,100.17505366915766,100.31130981445312,9551800
2012-12-13,100.32641039691424,100.47024396733994,99.5845447479751,99.7889404296875,3844500
2012-12-14,99.69820789288778,99.92531318761611,99.3651216674269,99.51653289794922,3114300
2012-12-17,99.66026462565696,100.31887053767142,99.64513275718372,100.25830841064453,4534100
2012-12-18,100.43996597852087,101.23482787645304,100.21287248000537,101.09857177734375,6459500
2012-12-19,101.18945453942075,101.21216389945278,100.37946041250011,100.39459228515625,5511500
2012-12-20,100.35680655186792,100.89427710458877,100.12970127490586,100.8261489868164,5530500
2012-12-21,99.52224375853065,100.25123829513286,99.347593283283,100.07657623291016,11495800
2012-12-24,99.69694718728444,99.79566826732592,99.4539566040039,99.4539566040039,1997400
2012-12-26,99.69692720326003,99.84120826455948,99.07425454399477,99.33243560791016,3982900
2012-12-27,99.4311776393649,99.58304820387706,98.21618994930493,99.1729965209961,8308600
2012-12-28,98.58063902194037,99.05903045784838,97.93517499382759,98.01111602783203,8570000
2012-12-31,97.69980556295711,99.40077403903535,97.60867397532526,99.15778350830078,12067800
2013-01-02,100.98787401214702,101.64851732109274,100.9119329386443,101.5801773071289,9636300
2013-01-03,101.4814206466546,101.79276271707677,101.2308290963375,101.47383117675781,8665200
2013-01-04,101.5269444075088,101.90662633243363,101.36748448774513,101.8003158569336,4759300
2013-01-07,101.51942018270508,101.54978965794824,101.11695801059656,101.38272857666016,6119700
2013-01-08,101.2384730545439,101.37515309246785,100.79804028737476,101.04103088378906,4269800
2013-01-09,101.29918665285227,101.73961930975776,101.29918665285227,101.53459930419922,3898000
2013-01-10,101.90674339692316,102.19530569918079,101.47391153052284,102.16492462158203,6004300
2013-01-11,102.10410605749412,102.3622870809193,101.91426502492082,102.3015365600586,4508000
2013-01-14,102.25594494634117,102.51412588993107,102.05850291785308,102.43059539794922,4298000
2013-01-15,101.97506193794241,102.71164649007892,101.93710297942741,102.57496643066406,2966100
2013-01-16,102.22556390181677,102.5520964020998,102.16481339974148,102.43059539794922,3197800
2013-01-17,102.79511186319823,103.41779597091897,102.68880135541374,103.14442443847656,6227500
2013-01-18,103.23949084064793,103.50555705497418,102.94302269294697,103.45233917236328,4922500
2013-01-22,103.48269597794106,103.96920784078915,103.32305401698504,103.94640350341797,4544900
2013-01-23,104.28853130710239,104.62301055172078,104.25052019305694,104.49378204345703,6397800
2013-01-24,104.59260531204434,105.27677062100742,104.57741014471237,104.91948699951172,6288000
2013-01-25,105.20069692391284,105.38314323692522,104.93463083402295,105.37553405761719,4461000
2013-01-28,105.55039799241445,105.57320233490552,105.13229904781087,105.39835357666016,3167700
2013-01-29,105.23868467483751,105.95325140974204,105.23868467483751,105.83921813964844,3946700
2013-01-30,105.8393088200481,105.9457330037033,105.41361208542733,105.48202514648438,5496100
2013-01-31,105.48198932251502,106.59185108887125,105.14752171559547,105.21593475341797,3935300
2013-02-01,105.88485566556987,106.34096567153925,105.69481176297585,106.22694396972656,5234900
2013-02-04,105.5199438249311,105.64917224905724,105.17786721996708,105.33750915527344,6536200
2013-02-05,105.84684714335444,106.31055469013707,105.82404280493547,105.96086883544922,5819800
2013-02-06,105.5732259038341,106.19656407001581,105.5732259038341,106.1053466796875,3113900
2013-02-07,106.11288160066901,106.15089269064717,105.14746719148951,105.88482666015625,6637600
2013-02-08,105.94568899225781,106.4474077636533,105.94568899225781,106.21935272216797,3573800
2013-02-11,106.13568770589202,106.18129637488444,105.8240246013251,106.05967712402344,2542800
2013-02-12,106.11295283154489,106.58426978481579,106.05213736662724,106.46263885498047,3498600
2013-02-13,106.59944652101133,106.69827308433639,106.0445214487068,106.3257827758789,3387800
2013-02-14,105.95325715705002,106.39416030674474,105.86202821615531,106.3181381225586,3048800
2013-02-15,106.32354219145388,106.47597576016175,105.7443341691291,106.27781677246094,6111300
2013-02-19,106.36163030758757,106.81890766844187,106.33115057708558,106.67410278320312,3944000
2013-02-20,106.69693264071091,106.9103255756689,105.8433609008789,105.8433609008789,5974200
2013-02-21,105.6680520455115,105.84334821532241,105.21840353138728,105.56135559082031,7517900
2013-02-22,106.11770594931903,106.56735443700546,105.82809631973896,106.55210876464844,4158500
2013-02-25,106.94846689738843,107.14661421831073,104.86787932604193,104.91360473632812,10031600
2013-02-26,105.43942161534825,105.90431578739732,105.15742900014405,105.76712799072266,9236100
2013-02-27,105.73668254031286,107.35999252858169,105.66046578090061,107.15422821044922,7404500
2013-02-28,107.03989853774638,107.69532310217947,106.83412259928461,106.91033935546875,11383200
2013-03-01,106.6130494716469,107.38278708543776,106.06432171342698,107.26085662841797,6506400
2013-03-04,106.97132478131242,107.5352986171986,106.77317746932064,107.51243591308594,3619700
2013-03-05,107.98496487518153,108.73945749176517,107.98496487518153,108.48033905029297,7962300
2013-03-06,108.91464399523366,109.03658606681726,108.59455477910375,108.86128997802734,4481000
2013-03-07,108.96804656956039,109.28051893969223,108.90707550009253,109.0899887084961,3689100
2013-03-08,109.70730483640797,109.76065888310245,109.1433427944516,109.5625,5680700
2013-03-11,109.53965828276647,110.0197982788086,109.44820747553736,110.0197982788086,4373000
2013-03-12,109.96640580929753,110.27887813023949,109.76825858650147,110.05023956298828,5166400
2013-03-13,110.08072448247086,110.28650034389068,109.81397756473997,110.0959701538086,4319500
2013-03-14,110.36273467604167,110.77428650789564,110.3246263021229,110.75904083251953,5361200
2013-03-15,110.6002426147461,110.65369613653954,110.27184198303456,110.6002426147461,10835400
2013-03-18,109.85937169990457,110.64598980170567,109.74480853794186,110.10375213623047,5511200
2013-03-19,110.36343611499365,110.60782826242449,109.57681782699645,110.20306396484375,9298500
2013-03-20,110.63067885898477,110.85214892645851,110.42447455254184,110.59249114990234,5924700
2013-03-21,110.06558792310899,110.42453159805989,109.58445983052742,109.88993835449219,6075700
2013-03-22,110.21072326865291,110.69186314095703,110.18781295599669,110.66130828857422,5027800
2013-03-25,110.80638583443125,110.9820470567107,109.6684684247761,110.13433074951172,9603200
2013-03-26,110.4856375817865,110.95913282397252,110.45509438849625,110.95149993896484,4877900
2013-03-27,110.24124523679627,110.80638165142217,110.01976340950371,110.70710754394531,4128900
2013-03-28,110.7452811615984,111.14241254247163,110.6154522137329,110.98204040527344,4346000
2013-04-01,110.96686364361065,111.29525275317023,110.7148384032826,111.02796173095703,8621600
2013-04-02,111.40209035218042,111.88323015629854,111.33335942395216,111.70758056640625,5672300
2013-04-03,111.68462665158054,111.86027617289336,110.69943711858588,110.84454345703125,7661100
2013-04-04,111.01259865460851,111.48609389967699,110.80639422555046,111.32572174072266,7520100
2013-04-05,110.11147020574711,111.12720376402997,110.01219603915106,110.9744644165039,7307400
2013-04-08,110.98203723210676,111.46316528320312,110.55435102087108,111.46316528320312,3865000
2013-04-09,111.56248025235006,112.23454710701976,111.31045518184892,111.890869140625,5492300
2013-04-10,112.24977966331029,113.0745855627239,112.2345138962292,112.86074829101562,7947100
2013-04-11,112.89131106219486,113.53282292238524,112.74620469192982,113.3342514038086,6975600
2013-04-12,113.02110621809729,113.38004976776948,112.7843470434109,113.34949493408203,8710800
2013-04-15,112.95247104874386,112.97538136916212,111.28759228093271,111.3563232421875,14177400
2013-04-16,112.24987949002491,112.5630027925154,111.78401680808733,112.54009246826172,6974100
2013-04-17,111.92139468289821,111.95958240841576,111.02021330436659,111.46316528320312,10757100
2013-04-18,111.57768994240249,111.5929557047335,110.56195739121353,110.87506866455078,8277100
2013-04-19,110.6236234671457,111.00584867043064,110.35606115901125,110.95233154296875,6028600
2013-04-22,111.13582335703282,111.28107082612289,110.26435020708197,111.08995819091797,11711700
2013-04-23,111.70918630490837,112.29780495478786,110.9600162084564,112.22136688232422,10435300
2013-04-24,112.3895465193097,112.53479402037517,111.90793883990148,111.95380401611328,4963800
2013-04-25,112.09898167982176,112.69525192828478,111.8849365477881,112.19071197509766,4160500
2013-04-26,112.03021591336412,112.48887918515551,112.00728333300395,112.28248596191406,3242600
2013-04-29,112.52712181052947,113.2533475206568,112.30543627717734,113.03166198730469,6132000
2013-04-30,113.03931709970061,113.22278946017471,112.41247361444935,113.15399169921875,8065800
2013-05-01,112.80237315359096,112.99348587895679,112.05321453624353,112.17552947998047,5372800
2013-05-02,112.46587016039925,113.1768146620913,112.30534220699089,113.10801696777344,4340700
2013-05-03,114.10184925323902,114.52995122577373,114.05598410089968,114.17829895019531,5929900
2013-05-06,114.1783213155453,114.36179362542747,114.01014128096708,114.23182678222656,3110600
2013-05-07,114.4917749206243,114.88164054539381,114.2395048112119,114.86634826660156,5361800
2013-05-08,114.76695875765637,115.40145408047866,114.74402617553174,115.38616180419922,4087100
2013-05-09,115.35554990679495,115.71484249436303,114.96568443850433,115.30968475341797,3948500
2013-05-10,115.36313859898995,115.50838594807341,114.8891717233629,115.46250915527344,4138200
2013-05-13,115.24088405950138,115.43963694055205,115.03447921002714,115.3249740600586,3841500
2013-05-14,115.3402971491527,116.32643317863212,115.32500487280575,116.29586029052734,5551900
2013-05-15,116.10473912281205,117.04500991868333,116.08944684758984,116.79273986816406,5770700
2013-05-16,116.68569847955416,117.04499106959139,116.37992301188207,116.54045104980469,8194700
2013-05-17,116.84643282532741,117.47505723076402,116.68545163687153,117.39839172363281,5503200
2013-05-20,117.32164764404297,117.72028695862394,117.15300469682288,117.32164764404297,4464700
2013-05-21,117.50559883025358,118.07289260181163,117.20662236764244,117.68191528320312,5734900
2013-05-22,117.83517661809329,118.93141910168731,116.79259054612851,117.16822052001953,12806500
2013-05-23,116.27138901733187,117.47496872695223,116.17939983608888,117.11466217041016,10474400
2013-05-24,116.64703100324952,117.1529948950965,116.31738360795337,117.11466217041016,4535300
2013-05-28,118.21861159301803,118.80889126473262,117.65897939345857,117.96562957763672,9374100
2013-05-29,117.3062158738434,117.48253222276155,116.53960881203093,117.16822052001953,7906200
2013-05-30,117.18364758444763,117.90426065773327,116.98433380359388,117.36763763427734,8231800
2013-05-31,116.99196946054738,117.8505661057339,115.68106550637683,115.83439636230469,7424700
2013-06-03,116.17174027686283,116.80036428448304,115.83444267247638,116.76203155517578,10861300
2013-06-04,116.72366024285341,117.22196216412055,115.61975520724457,116.24836730957031,7956400
2013-06-05,115.926412169932,116.08739322916384,114.44685329208426,114.46218872070312,9426900
2013-06-06,114.51587054600782,115.19815098220784,113.69559463076975,115.18281555175781,15155100
2013-06-07,115.88046157681778,116.86171882588641,115.52781676972634,116.76972961425781,8087900
2013-06-10,117.1299706271027,117.19897420154128,116.50902033968147,116.68534851074219,4917900
2013-06-11,115.81904448788082,116.84629557068992,115.52772993999453,115.9110336303711,7012500
2013-06-12,116.66240517407321,116.7927388338575,114.76122052220816,114.88388061523438,6901000
2013-06-13,114.79186882091635,116.5167365608127,114.59254328456765,116.34040832519531,6208200
2013-06-14,116.21775988897916,116.53206023130112,115.29015920247096,115.49714660644531,4639300
2013-06-17,116.24071879561785,116.96899370534076,115.79608496607548,116.35570526123047,6693100
2013-06-18,116.49370536821924,117.56695141513109,116.463034511162,117.36763763427734,4807900
2013-06-19,117.24504238025905,117.45969170823759,115.79615356764843,115.82681274414062,9143700
2013-06-20,114.86853907253465,114.8992099429158,112.91368634732903,113.1360092163086,14309900
2013-06-21,113.7151929830661,113.90724053072671,112.56290769710246,113.48473358154297,10968600
2013-06-24,112.40933014765707,113.2543327614548,111.5182262523869,112.37091827392578,14129300
2013-06-25,113.23885162045582,113.53844514816305,112.63197516584044,113.15435028076172,7592300
2013-06-26,113.92260554575347,114.51411526385844,113.66910138085133,114.29901123046875,6326000
2013-06-27,114.99045807612248,115.55123395783968,114.8829118560444,115.15177154541016,6584600
2013-06-28,114.70614125981851,115.2515496186771,114.0531750436445,114.11463165283203,6719200
2013-07-01,114.85977504562231,115.61259798298454,114.62931569534626,114.78295135498047,4895800
2013-07-02,114.57558087111151,115.38987245175181,113.99943813447169,114.40657806396484,4873800
2013-07-03,114.01480606724938,115.21318109287085,113.88421511924233,114.87517547607422,2589400
2013-07-05,115.78158749003272,116.06581401394841,114.77526055456546,116.01204681396484,5528500
2013-07-08,116.59586548934983,117.09518425027295,116.5190418084472,116.78023529052734,4915600
2013-07-09,117.31030499039721,117.52539726170986,116.93388765477525,117.37174987792969,5200200
2013-07-10,117.35644568670689,117.75589623808499,117.04148482293762,117.31035614013672,6126900
2013-07-11,118.57012540487167,118.77752825516727,118.07848429771964,118.59317016601562,5848400
2013-07-12,118.62391703701924,118.88509886487228,118.21677721076273,118.43186950683594,6349800
2013-07-15,118.73145873028734,118.96959578331564,118.55477829121,118.79291534423828,2751600
2013-07-16,118.76216708548561,118.8697132061123,118.24746952072077,118.53170776367188,3594600
2013-07-17,118.79289498610166,118.95422003528212,118.43952244685562,118.6392593383789,6504400
2013-07-18,119.05410141775094,119.63793341032805,118.73146297421407,119.33065032958984,6823000
2013-07-19,119.13527469582371,119.33526511430763,118.89682142145789,119.31987762451172,4828400
2013-07-22,119.31983692151914,119.55060224087502,119.0813837284957,119.31214904785156,3165700
2013-07-23,119.66607885336516,119.7429928582911,119.28916149640092,119.5045394897461,3394100
2013-07-24,119.69681267246621,119.76603878104181,118.92760238904626,119.30451965332031,3894500
2013-07-25,118.87373431815618,119.41987870236153,118.61220567770435,119.31987762451172,5483500
2013-07-26,118.82757797921741,119.41987306764788,118.20451964986236,119.35064697265625,3859300
2013-07-29,119.1199132108392,119.33529116613772,118.80453415585984,119.17375183105469,2592500
2013-07-30,119.53520762695932,119.67367150519921,118.7813852500875,119.1583023071289,4211000
2013-07-31,119.31993887088315,120.01992330069918,118.88918283321843,119.10456085205078,11784600
2013-08-01,119.91217803955078,120.11986808071788,119.74295085596518,119.91217803955078,4872400
2013-08-02,119.58907661925089,120.1813715907146,119.40446199851583,120.15059661865234,3620800
2013-08-05,119.92752588264014,120.00443983515957,119.61214698683713,119.83521270751953,3077100
2013-08-06,119.51220167310515,119.51990128799652,118.77376635103914,119.11222076416016,3582300
2013-08-07,118.70446475301195,119.035219340906,118.46599985016441,118.8736801147461,4341600
2013-08-08,119.48138386814793,119.57368530695547,118.45064534408894,118.98908996582031,5071200
2013-08-09,118.83530293616882,119.18913309973028,117.9430161752629,118.54299926757812,4550300
2013-08-12,118.0353475952475,118.6891812080327,117.95843358841553,118.48149108886719,3697300
2013-08-13,118.7814417326867,119.20450970458043,117.95069327984534,118.79682922363281,4752500
2013-08-14,118.6660193035691,118.78908397220829,117.7737329669656,117.93527221679688,6372100
2013-08-15,116.99693019318222,116.99693019318222,116.12771850950621,116.24309539794922,10021900
2013-08-16,116.12197443024732,116.49213016754406,115.82122068737395,116.0602798461914,7035200
2013-08-19,115.90601707150418,116.22990472254443,115.41247230319969,115.47416687011719,4174100
2013-08-20,115.6052846032302,115.9908668918672,115.33537229436926,115.48189544677734,3845900
2013-08-21,115.24288796607266,115.61304383430925,114.51799105578728,114.6259536743164,9497100
2013-08-22,114.79557423794192,115.37394774543517,114.72617224113212,115.21199798583984,4227000
2013-08-23,115.35852585307443,115.68241361841056,114.94980949917122,115.54360961914062,9601600
2013-08-26,115.54362439613054,115.88293879379403,115.0500793905403,115.06550598144531,5770200
2013-08-27,114.27886286584692,114.7030056709763,113.67735553022189,113.74675750732422,11440200
2013-08-28,113.68508969696862,114.47168092371061,113.64652911160154,114.1632080078125,4842500
2013-08-29,114.14770880106579,114.88801971785284,113.9934783406543,114.3250732421875,4695500
2013-08-30,114.45622019200586,114.45622019200586,113.69276319082803,114.01666259765625,6326800
2013-09-03,114.8109553169673,115.057721796823,113.83157327105293,114.21715545654297,5430300
2013-09-04,114.14779346953397,115.21971184997335,113.99356289472284,115.0423355102539,4577700
2013-09-05,115.04233885890265,115.45106695625533,114.91896145568565,114.9960708618164,6021300
2013-09-06,115.44329583561885,115.65151349585946,113.95495435283428,114.97288513183594,9001900
2013-09-09,115.28910927897026,116.27619903912615,115.27368269198834,116.03713989257812,4402500
2013-09-10,116.80834809747745,117.07826051872398,116.52302085053412,117.05511474609375,7917100
2013-09-11,117.07823546617567,118.12700820718044,117.03967487609991,118.10387420654297,7044000
2013-09-12,118.24275785103927,118.30445247716641,117.81861465081947,118.01140594482422,5555700
2013-09-13,118.25035902534523,118.60509986509979,118.1501156441176,118.52027130126953,4829600
2013-09-16,119.78499902435038,119.90838818474266,119.26832015312549,119.48424530029297,6569000
2013-09-17,119.5459063318378,119.92376934982067,119.51505316687918,119.75411224365234,4517600
2013-09-18,119.65398818913155,121.11919727577506,119.26068642945043,120.83386993408203,9637300
2013-09-19,120.97252414538428,121.01108470874502,120.47127212279024,120.54839324951172,7626600
2013-09-20,120.65974948623185,120.68292856608564,119.22258758544922,119.22258758544922,9381000
2013-09-23,119.07581650606309,119.23808190627366,118.4654142271194,118.76675415039062,8662000
2013-09-24,118.78984695603741,119.00619280586263,118.17943333048693,118.2644271850586,5774900
2013-09-25,118.418988582419,118.51943910626882,117.59224068524519,117.76995086669922,7187200
2013-09-26,117.98634511581542,118.63538309747285,117.80863486154617,118.17951202392578,5026300
2013-09-27,117.67719559203684,117.78536850883465,117.2599487772712,117.60765838623047,6634800
2013-09-30,116.5104261233112,117.08992624588677,116.24772223066739,116.67269134521484,9426100
2013-10-01,116.67272175865952,117.26767867411525,116.49501164260094,117.15177154541016,8616300
2013-10-02,116.59546518307545,116.75000804102348,116.01596483566462,116.65727996826172,8895300
2013-10-03,116.41006362007037,116.4873232796556,115.2587850455491,115.6451187133789,10949200
2013-10-04,115.65280710289842,116.33275793094246,115.45964032583723,116.23230743408203,6867800
2013-10-07,115.22015772049859,115.78421340542752,115.05790417056356,115.12744140625,6081100
2013-10-08,115.12743726396351,115.23561022335105,113.968436217682,113.99161529541016,10388000
2013-10-09,114.11528482500835,114.60206920753157,113.55124075301906,114.18482208251953,11075200
2013-10-10,115.23566111402732,116.68054595036226,115.19702537076185,116.64192199707031,12792200
2013-10-11,116.61095566335375,117.6154255816548,116.48732605710816,117.57678985595703,8186000
2013-10-14,116.81950532516349,118.12531421474208,116.73451149832817,118.0634994506836,6470100
2013-10-15,117.90893125903722,118.0634622254797,116.93536376953126,116.93536376953125,8144700
2013-10-16,117.73132897286655,118.65080507313131,117.63089022718573,118.61990356445312,8714800
2013-10-17,117.53044625383295,118.67399077827886,117.48408809324279,118.58899688720703,9916600
2013-10-18,118.8597182742066,118.9680111781217,118.26410140115293,118.81330871582031,7714400
2013-10-21,118.88291432601469,118.93705487247703,118.55803563811926,118.75914764404297,3588300
2013-10-22,119.1459095786134,119.78793596241297,118.98347613631448,119.31608581542969,7501700
2013-10-23,118.9756632769369,119.14583941353632,118.59664426608371,118.98340606689453,5428400
2013-10-24,119.26968120552365,119.85755526423713,119.20006687022355,119.74153137207031,5182600
2013-10-25,119.82664109910414,120.24433898925781,119.73381016559206,120.24433898925781,4565000
2013-10-28,120.05085257158579,120.39893580839862,119.88841923582171,120.1823501586914,4968800
2013-10-29,120.44547767906164,121.05655670166016,120.37585151959031,121.05655670166016,5779100
2013-10-30,121.23438378265239,121.34267664424016,120.1823909259268,120.56915283203125,6100200
2013-10-31,120.36811602043446,120.80901873101388,119.9736228790693,120.1205825805664,8157400
2013-11-01,120.34490706905832,120.78580976437212,119.9581449349386,120.56149291992188,5909900
2013-11-04,120.87088136591248,120.94823850336826,120.3062120322198,120.71617889404297,4042500
2013-11-05,120.11279805055028,120.8089648845596,119.79565039821854,120.58464813232422,5442800
2013-11-06,121.0487418890567,121.66755147731313,120.95591100838918,121.61341094970703,7548400
2013-11-07,122.00022009314654,122.06210343654614,120.42222434405889,120.5537338256836,10211000
2013-11-08,120.40675338026423,121.82230377197266,120.34487004148004,121.82230377197266,7594900
2013-11-11,121.69859051230952,122.00799553899952,121.55934998816738,121.91517639160156,3795200
2013-11-12,121.7681249648483,122.00018448410376,121.34268448005285,121.72944641113281,4094800
2013-11-13,121.07199222229407,122.30962366760933,121.05651843585342,122.26321411132812,5062900
2013-11-14,122.29414392044303,122.8433393273854,122.17810824355392,122.78145599365234,6931000
2013-11-15,122.8884008356398,123.45413208007812,122.81864375257419,123.45413208007812,6529100
2013-11-18,123.77191551178517,123.95790292499674,123.27592936781687,123.56266784667969,5236000
2013-11-19,123.67124581525825,123.94248157973136,123.2915015546956,123.47750091552734,5017300
2013-11-20,123.6478938901206,123.90363836275817,122.71792151477325,123.04341125488281,8401100
2013-11-21,123.44644734655385,123.90369412019483,123.35345361474346,123.88819122314453,4579900
2013-11-22,123.86493910437758,124.32991957483893,123.5936916276745,124.30667114257812,4466400
2013-11-25,124.62438432053712,124.65539010596183,124.2291492456897,124.46939086914062,5114400
2013-11-26,124.41509581768429,124.74834286277776,124.35310791766726,124.38410186767578,5231300
2013-11-27,124.60881056217983,124.7250644535448,124.3143267195736,124.65531921386719,6272800
2013-11-29,124.85690604292346,125.22114723236592,124.44616799104065,124.5546646118164,2887900
2013-12-02,124.58564150065513,124.64764125049184,123.77192286900075,123.93466186523438,5655700
2013-12-03,123.39991563375608,123.70215700203559,122.80319025615441,123.21392822265625,8660700
2013-12-04,122.80322124386723,123.6246973841592,122.31498051604471,123.03570556640625,7138200
2013-12-05,122.79542497997248,123.13641764532643,122.45443231461854,122.53968048095703,5823000
2013-12-06,123.63235744906818,124.1360888999851,123.3223706831558,124.12059783935547,6345300
2013-12-09,124.22130150656486,124.40730060805802,124.0818110493703,124.1748046875,3967700
2013-12-10,123.81836098359487,124.14385064688759,123.71760995975276,123.77960968017578,4047600
2013-12-11,123.87263705682804,123.9191339034888,122.62492042872103,122.68692016601562,7906700
2013-12-12,122.60945378107543,122.77993831103673,121.72597804285398,122.03596496582031,7078700
2013-12-13,122.09019738599984,122.42344453495637,121.7492165286789,122.17544555664062,8886500
2013-12-16,122.73339667704823,123.50837552696377,122.64040299913478,123.14413452148438,7076500
2013-12-17,123.43093729253978,123.44642836196206,122.74895183015639,123.05119323730469,6001100
2013-12-18,123.34571750190123,125.38390517300992,122.53198681065794,125.36065673828125,15330700
2013-12-19,125.14365261663318,125.5543906948994,124.9886591234612,125.45365142822266,8018300
2013-12-20,125.55851524040682,126.26547423143352,125.5507507590506,125.86149597167969,7978200
2013-12-23,126.29646239864778,126.51398625734214,126.11000829655494,126.33529663085938,4992800
2013-12-24,126.41307125491397,126.8325784405395,126.31207373530252,126.75489807128906,2462000
2013-12-26,127.096688399964,127.78810631489203,127.08114758890787,127.76480102539062,4971600
2013-12-27,127.99785616955093,128.122158951853,127.57834909698857,127.77256774902344,6176900
2013-12-30,127.83479782712887,127.93578352751463,127.7182594516749,127.8658676147461,4043600
2013-12-31,128.13775673467265,128.58056929402537,128.03675919737682,128.54949951171875,5667800
2014-01-02,128.02118141837457,128.19209480714443,127.28315279641424,127.49291229248047,9291100
2014-01-03,127.7181679201793,128.0832998974119,127.43849261536634,127.71040344238281,6127600
2014-01-06,128.17658857978256,128.23096365630684,127.18218969830997,127.322021484375,7446800
2014-01-07,127.9201662695243,128.40958917527453,127.8114043066726,128.16099548339844,5387200
2014-01-08,127.95130433759208,128.0523018763555,127.33757833120728,127.67940521240234,9461800
2014-01-09,128.1454665267572,128.17654814996982,127.0345415073082,127.55504608154297,8212900
2014-01-10,127.84248023573498,127.94347772545352,127.03453588048309,127.5472640991211,7497200
2014-01-13,127.32974105993324,127.62495719862684,125.96244604365727,126.0401382446289,10676100
2014-01-14,126.42858919192821,126.99570438692417,126.14113750062876,126.98016357421875,7335400
2014-01-15,127.14325362337587,128.02888987099453,127.08886673116356,127.85021209716797,7780800
2014-01-16,127.57838385071013,127.66384055505141,127.034573847706,127.39192962646484,5170900
2014-01-17,127.34756069063882,127.96956717065892,127.20761546112237,127.57304382324219,8013200
2014-01-21,128.31177764579596,128.32733108322526,126.57016043140932,127.30101776123047,9675200
2014-01-22,127.32429491965716,127.35540178301704,126.72562423359065,127.09882354736328,5418100
2014-01-23,126.29021603385269,126.29021603385269,125.23281991493191,125.73042297363281,9456000
2014-01-24,124.95285437728475,125.09279960574781,123.21900939941406,123.21900939941406,14663200
2014-01-27,123.39783905724573,123.70883635025982,122.46482345063097,122.86135864257812,14215300
2014-01-28,123.211338312726,123.75558997009568,123.06361032062644,123.57676696777344,8308000
2014-01-29,122.58150403042441,123.04022936843768,121.87397127015865,122.14610290527344,14271200
2014-01-30,123.07909920620955,123.44452766960033,122.35601306195903,122.97801971435547,7864700
2014-01-31,121.46963349024304,122.61256707785206,121.17418958303895,121.87393951416016,10693100
2014-02-03,121.7340380237139,121.88175409851006,119.15271414979632,119.37041473388672,18172800
2014-02-04,119.69695516853278,120.14790972875119,119.16047453889725,119.79803466796875,11853400
2014-02-05,119.51805628769976,120.13227994948184,119.05154859394828,119.87570190429688,11603200
2014-02-06,120.2800715239922,121.40745187360199,120.2800715239922,121.3996810913086,10426200
2014-02-07,121.72626983357567,122.69038100890648,121.32974626484274,122.6748275756836,11528500
2014-02-10,122.65922952212227,122.70588980481713,122.16940925982315,122.65145874023438,4790700
2014-02-11,122.89245421295567,124.47078861691905,122.79915739736337,124.2142105102539,7620400
2014-02-12,124.40079470666888,124.75066956902452,123.88763858119563,124.17532348632812,5249600
2014-02-13,123.35891123792837,124.76619299147566,123.3200336261734,124.62623596191406,5085000
2014-02-14,124.46301082066628,125.82364466902192,124.32305374138116,125.63703918457031,5824400
2014-02-18,125.7226026610448,125.76925108010526,125.27943081618137,125.49713134765625,4966400
2014-02-19,125.19393615201254,126.22023722005213,124.69633311761318,124.80518341064453,8245400
2014-02-20,124.83624360910147,125.73815256495885,124.47859783046796,125.41937255859375,7035600
2014-02-21,125.57918786389122,126.00017071436099,125.22056315019171,125.36869049072266,5268200
2014-02-24,125.5324616598907,126.83440536596889,125.49347888749526,126.03141021728516,6704400
2014-02-25,126.09377978594999,126.48358371665185,125.61821851465885,125.90666961669922,6067800
2014-02-26,126.07044247430593,126.49921745134074,125.72741297597678,126.17178344726562,5032900
2014-02-27,126.01576635785727,126.73300389030739,125.80526898441916,126.72521209716797,5292500
2014-02-28,126.73295105790316,127.67628105268243,126.30416469663987,127.0915756225586,10010400
2014-03-03,125.97675731366776,126.44452651350889,125.11919630844555,125.8988037109375,9144400
2014-03-04,127.17744913642521,127.85570424862566,127.11507907270158,127.56725311279297,7947500
2014-03-05,127.68406418668397,127.71525513585905,127.2396942757628,127.34883880615234,4968400
2014-03-06,127.71531865793939,128.09731875636834,127.66853221090648,127.9258041381836,4651800
2014-03-07,128.44816134805268,128.54951415650305,127.70753640658423,128.1207275390625,7381900
2014-03-10,127.8945833738068,127.980340654941,127.21631691543126,127.84780883789062,3995400
2014-03-11,128.0739512530817,128.2376741033039,127.16181167693641,127.40348815917969,5198700
2014-03-12,126.8109704462293,127.52041619136422,126.66284310429263,127.25534057617188,5250800
2014-03-13,127.65297092645025,127.87905192853695,125.34532686689779,125.55582427978516,9500500
2014-03-14,125.30629702292613,125.98456356609178,125.03344156401755,125.24392700195312,8603100
2014-03-17,125.82862638623725,126.81873108977834,125.77406005548137,126.58484649658203,6641400
2014-03-18,126.83443717581423,127.57506245358712,126.72529252325691,127.29440307617188,7094600
2014-03-19,127.27870808795473,127.52039639014035,125.63373589154136,126.44453430175781,7936400
2014-03-20,126.17952288991,127.4424836762072,125.89105992454454,127.30995178222656,6616200
2014-03-21,127.66292025662626,128.233014987504,126.92881946857854,127.00691986083984,7629500
2014-03-24,127.39739748832402,127.6551144820368,126.34310177917601,126.85853576660156,6336000
2014-03-25,127.58484140280855,127.85818090542055,126.96008582503623,127.6004638671875,5991100
2014-03-26,128.13144296329347,128.33448721170134,126.76477010917053,126.77257537841797,6133800
2014-03-27,126.71016143635342,127.04596693012655,126.15567721240885,126.73358917236328,7713700
2014-03-28,126.99125432133832,127.93621631478568,126.76478232691889,127.1786880493164,4536000
2014-03-31,127.85816635527627,128.4360783070435,127.7956884213192,128.26426696777344,6368400
2014-04-01,128.60008926431075,129.09990088484318,128.5298060480911,128.81875610351562,4076100
2014-04-02,129.0061925978568,129.3029598499647,128.6625698673001,129.14675903320312,5597700
2014-04-03,129.4200122935841,129.44344001719497,128.82649010137285,129.1232452392578,4452600
2014-04-04,129.6465294292278,129.68557962099806,127.74881165693722,127.98310089111328,10559700
2014-04-07,127.74884153902107,128.0221691124567,126.6086400214275,126.63988494873047,8624100
2014-04-08,126.59295885419402,127.084952978498,126.16343071675277,126.77257537841797,5930000
2014-04-09,127.2959113327701,128.1862012789302,126.85076040146471,128.15496826171875,6008300
2014-04-10,128.17058135992158,128.31896500663967,125.94486240850296,126.1010513305664,9981500
2014-04-11,125.47622176666559,125.98385040827229,124.85927165840239,124.9686050415039,11067500
2014-04-14,125.79645339900033,126.21816459519229,125.16388064648811,126.08540344238281,6270600
2014-04-15,126.25723491443888,126.88200249272822,125.24980628074076,126.79609680175781,8489000
2014-04-16,127.63169494289724,128.10027353556538,127.24121675449,128.09246826171875,5864200
2014-04-17,127.87514429310876,128.32846510210393,127.65630140959973,127.98456573486328,5790700
2014-04-21,128.05489658490606,128.37534932980586,127.94547515079904,128.20339965820312,3066100
2014-04-22,128.4145050861913,129.19609061693373,128.35978837453592,128.8052978515625,4044300
2014-04-23,128.9146842794743,128.95376593058958,128.53170318021736,128.68020629882812,3546100
2014-04-24,128.9693851503103,129.0475484501773,128.32849141037252,128.7192840576172,4028700
2014-04-25,128.2424668515435,128.32844167766024,127.39835362949924,127.67191314697266,5102700
2014-04-28,128.28153176885985,128.7192173989463,127.22638739729936,128.3127899169922,7236900
2014-04-29,128.66458735354246,129.1726250295231,128.56298935918392,128.9615936279297,4581400
2014-04-30,128.89913022617185,129.43061477799202,128.82879036559436,129.31336975097656,4958500
2014-05-01,129.1961504528172,129.51660353108787,128.88350894009423,129.1414337158203,3889400
2014-05-02,129.086596548529,129.6258921697227,128.5941941246492,128.76614379882812,7036100
2014-05-05,128.15654512732237,129.09444512064525,127.75011742399913,128.9068603515625,4059700
2014-05-06,128.69585185922784,128.711474980114,127.92988959813307,127.9689712524414,5281500
2014-05-07,128.57867945460035,129.02418909823754,127.70330714913483,128.985107421875,5576200
2014-05-08,128.97722858005164,129.79789565137665,128.85217205134467,129.2351531982422,5997900
2014-05-09,129.1882498337841,129.57123098595358,128.85998538594478,129.5243377685547,4228600
2014-05-12,129.98542717803014,130.47000616509624,129.96198057711038,130.368408203125,3944700
2014-05-13,130.60283284830393,130.75132395152568,130.4855879655015,130.56375122070312,4133400
2014-05-14,130.5950823195645,130.63416396899692,129.68062896786194,129.82913208007812,3104700
2014-05-15,129.57114836793235,129.64148814918016,128.19556318847063,128.60980224609375,7539300
2014-05-16,128.6341422487717,129.0102621154729,128.32854261520788,128.98675537109375,5115000
2014-05-19,128.61845723073006,129.22182485564332,128.53226185574243,129.0651092529297,2879900
2014-05-20,129.05721381875435,129.0728889597144,127.75645212154504,127.97586822509766,4856600
2014-05-21,128.46960596240197,129.4099117749445,128.4225924652704,129.27670288085938,4898700
2014-05-22,129.3628446517002,129.59792399654523,128.97889327986437,129.43336486816406,3564100
2014-05-23,129.51958846036925,129.97407210436347,129.44123663276423,129.94273376464844,2857000
2014-05-27,130.4285539780144,130.5460996527786,130.1778113937931,130.44422912597656,2561300
2014-05-28,130.49908224895884,130.50692580174046,130.03676698698635,130.14646911621094,3681500
2014-05-29,130.4442532731167,130.69499590375415,130.099471693933,130.68716430664062,2763500
2014-05-30,130.54606760722075,130.8751738938314,130.31098827203263,130.8046417236328,2769000
2014-06-02,131.0554019764695,131.17293567092557,130.5695800972082,131.01622009277344,4453300
2014-06-03,130.812509732711,131.01623881776277,130.6636257273665,130.8751983642578,4125200
2014-06-04,130.77332936684056,131.0710973809983,130.53041838966303,130.96139526367188,2264600
2014-06-05,131.25914214541163,131.8860164677265,130.79682696589978,131.7528076171875,5416500
2014-06-06,132.09769143392802,132.52082505424588,132.00366439755572,132.48948669433594,4118900
2014-06-09,132.5207529282842,132.88120963259942,132.442401092832,132.6147918701172,2713200
2014-06-10,132.5443526281759,132.71674352635912,132.30144144163887,132.70108032226562,2821400
2014-06-11,132.23088133167215,132.2778948430831,131.71370879287005,131.91744995117188,3064100
2014-06-12,131.87038214852146,131.90956404766553,130.84388095678588,131.0867919921875,5409200
2014-06-13,131.2826787894668,131.50992661192643,130.96141593870027,131.34536743164062,2708700
2014-06-16,131.1650824364046,131.61956590770484,130.97701659967097,131.40016174316406,3068300
2014-06-17,131.1964449629387,131.79981250503,131.047572932608,131.64309692382812,2884700
2014-06-18,131.68229042123838,132.47371194791376,131.13377986034288,132.37184143066406,4729200
2014-06-19,132.44239307334763,132.57560194652285,132.06626124206267,132.4972381591797,3028000
2014-06-20,132.87887336838668,133.01233963228117,132.651198442858,132.7454071044922,5370700
2014-06-23,132.7296382121498,132.77674252044721,132.35279176603794,132.61187744140625,2729200
2014-06-24,132.54906926069214,132.94162114075826,131.6383460238029,131.7953643798828,4861700
2014-06-25,131.5205132815131,132.27420577015698,131.51265458118328,132.1171875,3657500
2014-06-26,132.19576910925687,132.20361583380688,131.15942644151318,131.96023559570312,4052400
2014-06-27,131.7090949577984,132.0938003830621,131.37935258460428,132.03099060058594,3092200
2014-06-30,131.8268016240775,132.17224926443424,131.62266693855662,131.81109619140625,6488400
2014-07-01,132.1250610059038,133.1849555088531,132.07795671328003,132.83950805664062,4911500
2014-07-02,132.92594081342,133.0829591991518,132.8238734718136,132.99659729003906,1929800
2014-07-03,133.34989410816348,133.83665466308594,133.2556734996661,133.83665466308594,2074800
2014-07-07,133.373447741116,133.47550309682742,133.1143620294161,133.3577423095703,2937700
2014-07-08,133.13781932146364,133.15352474181867,132.2428020368383,132.564697265625,5438700
2014-07-09,132.8238602156911,133.2556697181592,132.57263321954025,133.13790893554688,3543800
2014-07-10,131.8110411968283,132.9494390059584,131.66186959802704,132.65110778808594,4932100
2014-07-11,132.50191930635117,132.85521348075807,132.14862513194424,132.83950805664062,2830500
2014-07-14,133.58529173032719,133.94644443837396,133.49892990751533,133.69520568847656,2831200
2014-07-15,133.86807710105515,134.18212588508186,133.29495454234365,133.76602172851562,5168100
2014-07-16,134.22127060077884,134.37828887087213,133.9857372057759,134.30763244628906,3197900
2014-07-17,134.10348319119316,134.50389351265795,133.0436009996256,133.16136169433594,6149300
2014-07-18,133.57177428966662,134.20838984138456,133.40673203168413,134.06692504882812,6924600
2014-07-21,133.6895609543702,133.9096251079786,133.1079559812068,133.75242614746094,2886600
2014-07-22,134.05121119419636,134.36559740738068,133.9490341758355,134.19268798828125,3798200
2014-07-23,134.24758841006778,134.24758841006778,133.76816032015006,134.0511016845703,2607900
2014-07-24,134.1298186089236,134.2791505698647,133.78399975045136,133.9569091796875,3226000
2014-07-25,133.43027978501294,133.49315700968336,132.6364653170775,132.9508514404297,5714000
2014-07-28,133.00578590001513,133.33588214741488,132.32987110983535,133.1472625732422,3606100
2014-07-29,133.52463926713608,133.76042594915924,132.65223693847656,132.65223693847656,3683100
2014-07-30,133.03724085317845,133.23372758664456,131.86617560438484,132.4163360595703,5446600
2014-07-31,131.46534800449632,131.59109040051447,129.90916442871094,129.90916442871094,9038800
2014-08-01,129.5240413924797,130.08205693199983,128.90313667416643,129.34327697753906,7435100
2014-08-04,129.5240770719854,130.16069226776585,128.9817716851797,129.9406280517578,4400000
2014-08-05,129.52401913887783,129.7912381398524,128.3765316749945,128.83238220214844,8522800
2014-08-06,128.4709579112151,129.48482470652618,128.4002135359943,129.05255126953125,4781100
2014-08-07,129.5633747894074,129.5948073943721,128.21154491652123,128.54164123535156,4962400
2014-08-08,128.6359410490767,129.97991566445788,128.45517660122283,129.94847106933594,5412300
2014-08-11,130.4357971249294,130.58511701288842,130.05067869572468,130.11355590820312,5761500
2014-08-12,129.90135206150276,130.2864705062613,129.68128780524145,130.06640625,3274300
2014-08-13,130.46722229101056,130.98595026990998,130.27859066433766,130.8523406982422,2841700
2014-08-14,131.00951542371138,131.33175659179688,130.82875096049764,131.33175659179688,2752400
2014-08-15,131.81672290600412,131.84822329626525,130.25778997668516,130.97427368164062,7032500
2014-08-18,131.6829033192361,132.36788677457128,131.66715312087172,132.32064819335938,2975200
2014-08-19,132.77728569559986,133.07647934522944,132.53321172411438,132.97412109375,3057200
2014-08-20,132.84035352549608,133.64344579180053,132.84035352549608,133.53321838378906,3108800
2014-08-21,133.69854021599585,134.26542740488782,133.6040630224756,133.98985290527344,2652600
2014-08-22,133.8559243511443,134.22597581797646,133.57248093003622,133.74569702148438,5152200
2014-08-25,134.28904985427988,134.68272085503182,134.1945726585428,134.33628845214844,2588500
2014-08-26,134.49374145368176,134.9110316757705,134.4622410517034,134.58033752441406,3581400
2014-08-27,134.75353791312438,134.80078851055856,134.438606013521,134.643310546875,5162400
2014-08-28,134.16311245855255,134.54104538253614,133.92691939842422,134.45443725585938,2781900
2014-08-29,134.5567232951202,134.6354622891469,134.044955875598,134.54098510742188,3280300
2014-09-02,134.58828377346813,134.690642108615,133.87966855257983,134.30484008789062,3458700
2014-09-03,134.9346111227909,135.0133380767214,134.26536593804306,134.4149627685547,2847400
2014-09-04,134.56463336511024,135.07640089477985,134.02136542549667,134.3677978515625,3760900
2014-09-05,134.2576104364827,134.86385534879665,133.85605818034577,134.83236694335938,3403600
2014-09-08,134.66688225270983,134.9109682046163,134.43855850826023,134.68263244628906,3139800
2014-09-09,134.47009873323563,134.5094682254258,133.7614959293418,133.9425811767578,4252400
2014-09-10,133.98192427618457,134.48582244086313,133.6197538526956,134.37559509277344,4595400
2014-09-11,133.7614249486549,134.33618078521303,133.70631729993747,134.24957275390625,3026200
2014-09-12,134.14734201281047,134.19458061347927,133.3757381555991,133.7694091796875,5000800
2014-09-15,133.89533533713856,134.29688731628667,133.4937953718721,134.1000518798828,5130700
2014-09-16,133.81668317947563,135.19453200457207,133.7615634598054,134.93470764160156,5946400
2014-09-17,135.0841871843948,135.61957363877474,134.58027709009195,135.09205627441406,8498600
2014-09-18,135.4307270829202,136.052734146796,135.3441189606295,135.90313720703125,6458100
2014-09-19,136.5368317267437,136.78939118442105,135.89755715820738,136.10275268554688,9341000
2014-09-22,136.02383022149775,136.0475061641576,135.1319962389864,135.28195190429688,4894200
2014-09-23,134.8398996191997,135.25819039851282,134.3347930908203,134.3347930908203,5521800
2014-09-24,134.45326989256446,135.66867921512448,134.1533585349322,135.5818634033203,5813000
2014-09-25,135.3530691886017,135.37674514690923,133.45102025319486,133.51416015625,8910500
2014-09-26,134.00338578702335,135.06096337138868,133.7745143356192,134.72158813476562,6062200
2014-09-29,133.52191327043633,134.62684239386095,133.3325057952783,134.42953491210938,5167800
2014-09-30,134.52431035382568,135.0373173054385,134.01131544491227,134.2244110107422,5492800
2014-10-01,134.0980806713086,134.15332051260134,132.13289351165005,132.3380889892578,11030600
2014-10-02,132.109288055496,132.80381472362208,131.35162150456742,132.31448364257812,9093700
2014-10-03,133.29310330718639,134.1454734662187,132.88270018408966,133.9481658935547,5589100
2014-10-06,134.51646072891364,134.71376837207558,133.34840285335176,133.829833984375,5315300
2014-10-07,133.1668050711683,133.33254870796864,131.69094848632812,131.69094848632812,7128800
2014-10-08,131.69884897359367,134.027087863103,131.28845791118962,133.86923217773438,8893200
2014-10-09,133.506136479599,133.75868379240814,131.17001061197703,131.28050231933594,13387300
2014-10-10,131.31994197157417,132.0854958178531,130.38865661621094,130.38865661621094,12717500
2014-10-13,130.29389572070247,130.84635396409843,128.51812933948838,128.5891571044922,14117000
2014-10-14,129.173289155863,129.7573237658392,128.24989138302865,128.66818237304688,13626400
2014-10-15,127.21589088328095,127.73678518559348,124.91134244470791,127.28691864013672,24966700
2014-10-16,125.48760524304062,127.81583198838145,125.27450971123865,127.05027770996094,18926600
2014-10-17,128.39202965984938,129.3943559049883,128.0211023529983,128.99974060058594,11730200
2014-10-20,128.1314814483317,129.18114663714684,128.05255363979708,129.157470703125,7156500
2014-10-21,129.78888939109507,130.90959470398607,129.52844200924991,130.85435485839844,8994600
2014-10-22,131.1464208024459,131.1937727020256,129.65477575218122,129.73370361328125,6025100
2014-10-23,131.0516681054699,132.08555766953268,131.02009215573113,131.3673553466797,7029700
2014-10-24,131.4857001894721,132.42487361198508,131.14632508567485,132.3854217529297,5733500
2014-10-27,131.9829496171971,132.6380120620276,131.77775412133414,132.49595642089844,5062900
2014-10-28,132.96945922836434,133.92443277113318,132.70112393435085,133.9007568359375,5438900
2014-10-29,134.1770333615855,134.4374807948276,133.07211580482945,133.6956024169922,7584000
2014-10-30,133.87710056503784,135.70022009905244,133.85342462636456,135.431884765625,7449200
2014-10-31,136.80504523102383,137.03392854095586,136.3709665765726,136.89186096191406,7563500
2014-11-03,136.98669701648757,137.1524286211369,136.57629392428845,136.82095336914062,5383200
2014-11-04,136.59993005447203,137.04978489296053,136.1106113073842,136.89984130859375,6466000
2014-11-05,137.7916804824113,137.81535642203238,137.09716618236743,137.76011657714844,5286200
2014-11-06,137.9180285964116,138.43892361183097,137.4681614350853,138.34420776367188,7191700
2014-11-07,138.3046018333192,138.58872497594467,137.93366295148346,138.57293701171875,4018100
2014-11-10,138.60460385842995,138.95186707323168,138.37573239923637,138.86505126953125,2941900
2014-11-11,138.88869688213617,139.0939043966323,138.65982547292265,138.92027282714844,3192700
2014-11-12,138.32045194959312,139.0623301112061,138.31256398459317,138.93605041503906,2836500
2014-11-13,139.10181436374035,139.67794900305077,138.73876319484145,139.25177001953125,6508400
2014-11-14,139.18867410145606,139.4175456191214,138.99925446970872,139.1807861328125,3521100
2014-11-17,138.95189969656167,139.50435855768188,138.90454780027994,139.29127502441406,3668900
2014-11-18,139.32281041058997,139.9936609177381,139.25967054757743,139.6621856689453,4721700
2014-11-19,139.57528469379147,139.84361991583356,139.13330592239902,139.63841247558594,4011400
2014-11-20,138.9913151436781,139.91471292718728,138.9281752897592,139.8910369873047,2881700
2014-11-21,141.25028489185038,141.3135846966784,140.26915602682098,140.60147094726562,4782000
2014-11-24,140.9417713512389,141.01297913729255,140.51450048849927,140.6806640625,2408700
2014-11-25,140.96554033900742,140.9892762732585,140.49079750756252,140.8072967529297,5510400
2014-11-26,140.8072956928668,140.9101473827766,140.56200425209954,140.8468475341797,3005600
2014-11-28,140.93387620917724,141.3848830802302,140.7281607665209,140.91806030273438,4037500
2014-12-01,140.47493123236345,140.85473022326772,140.07140838688716,140.5224151611328,6671800
2014-12-02,140.58568119390588,141.44813070507902,140.57777324360396,141.28196716308594,3920500
2014-12-03,141.30570178246015,141.74088050917948,141.16328623910098,141.5984649658203,11006600
2014-12-04,141.41647767127404,141.86748438511475,140.86261930856276,141.49560546875,4791000
2014-12-05,141.85178808492617,142.27905927078,141.6223365763884,142.0337677001953,4269400
2014-12-08,141.5984708936582,142.05737349027564,140.81514915277066,141.26614379882812,5568000
2014-12-09,139.87363907061118,140.8626765751116,139.43055220030888,140.8072967529297,7945400
2014-12-10,140.44335667257582,140.44335667257582,138.47318918191039,138.69473266601562,7622000
2014-12-11,139.16934920816004,140.5698287325721,139.01901367907809,139.28012084960938,6867300
2014-12-12,138.283246965986,138.99534901561123,136.82737483791038,136.8827667236328,12284400
2014-12-15,137.47618506542966,137.77685626885582,135.46646657869962,135.9253692626953,8874300
2014-12-16,135.5139557523587,137.98258931171517,135.0946048483196,135.181640625,12257600
2014-12-17,135.51399220859432,137.65821917051227,135.363656547229,137.34963989257812,12901600
2014-12-18,139.24060560132372,140.704385442633,138.7579549792949,140.6727294921875,9752400
2014-12-19,140.97639776432575,141.47595242041882,140.46891808644088,140.86538696289062,11452600
2014-12-22,141.31741042269115,142.2213592529297,141.2936232507854,142.2213592529297,7855600
2014-12-23,142.62576677548512,143.0460229846324,142.47510660630502,142.7526397705078,6224800
2014-12-24,142.8795127655305,143.1491088054977,142.6812782480356,142.7526397705078,1647600
2014-12-26,143.11736988041045,143.2918171911714,142.87948608398438,142.87948608398438,1921200
2014-12-29,142.6336981956355,143.03016721477013,142.57818672530502,142.81607055664062,2530900
2014-12-30,142.43539609515744,142.62569339050336,142.1261508909518,142.30059814453125,2953300
2014-12-31,142.5861998893584,142.824071748275,141.0478973388672,141.0478973388672,4514400
2015-01-02,141.65843846540665,142.11834418329818,140.33423280665943,141.095458984375,4997200
2015-01-05,140.39766854338473,140.51661656072886,138.33603600149476,138.63734436035156,6700200
2015-01-06,138.8434476041138,139.19233015812168,136.63908094849745,137.48751831054688,10131400
2015-01-07,138.64516741503067,139.39051872045064,138.1614749140685,139.23193359375,5547000
2015-01-08,140.55618322938054,141.90418748679045,140.51654600944667,141.74559020996094,7166700
2015-01-09,141.9200108188409,141.98344729777617,140.05661415961046,140.52444458007812,6646600
2015-01-12,140.69895996945385,140.84962016743452,139.12894567856304,139.7474365234375,4305300
2015-01-13,140.92096116702248,141.95970815000405,138.52628469909249,139.54124450683594,9913500
2015-01-14,137.52719629986285,138.54215617593536,136.7183959894914,138.01881408691406,11090600
2015-01-15,138.55798743934346,138.8275834496098,137.02761084125822,137.22584533691406,9293700
2015-01-16,136.95445992369497,138.85913544066153,136.59732266833606,138.6210479736328,8721900
2015-01-20,139.06546860580372,139.3670468651731,137.4068123985349,138.80357360839844,7224100
2015-01-21,138.28778292717777,139.47820860517356,137.8195517334788,139.1607666015625,6259300
2015-01-22,139.61314393200735,141.37497518019555,138.49414071309144,141.20037841796875,9565100
2015-01-23,141.0337343207009,141.1210327072257,139.98615368240294,140.0020294189453,4795300
2015-01-26,139.80347653635627,140.23996800515093,139.18445667502056,140.07330322265625,3730400
2015-01-27,137.69261542805216,138.68463715303812,136.97042070594873,137.7640380859375,11565100
2015-01-28,138.52584470761022,138.57345978832797,136.1767331452514,136.2799072265625,9673200
2015-01-29,136.62909354036339,138.1449047825899,135.7561100737321,138.00997924804688,9615200
2015-01-30,137.45441151552072,138.04962404700504,135.92273708045676,136.06558227539062,11138500
2015-02-02,136.46236902826166,137.63691818043455,134.99418561545258,137.50994873046875,9437900
2015-02-03,138.19250664702784,139.99400818647615,138.168699110181,139.93846130371094,7543400
2015-02-04,139.51784631084752,140.922551542747,139.50197058296175,140.09718322753906,5935900
2015-02-05,140.69243555513776,141.77175527278422,140.54164637177283,141.70033264160156,6037800
2015-02-06,141.9146306352464,142.34317858630484,140.85117440551392,141.3352813720703,7211900
2015-02-09,140.61301806429339,141.21617457925285,140.21620966640165,140.54159545898438,3723100
2015-02-10,141.39869128460595,141.85899044101072,140.58126702174425,141.66851806640625,3572700
2015-02-11,141.33525956322222,142.12887662464925,141.00194185057913,141.81936645507812,5174500
2015-02-12,142.27167430279775,142.79545214026632,142.05739439541543,142.72402954101562,3742700
2015-02-13,142.8510684960066,143.27961637325518,142.66059604520996,143.1208953857422,3998200
2015-02-17,142.89862297157575,143.40653718196913,142.62086438864668,143.30337524414062,2850900
2015-02-18,142.99387388010751,143.39068229306326,142.8272211280599,143.22402954101562,2724800
2015-02-19,142.7478124387161,143.19223579241773,142.39861920091388,142.9224090576172,2663500
2015-02-20,142.56433868689507,144.19569419533477,142.0470852503342,144.14794921875,8914600
2015-02-23,143.8057472212765,143.9728546142578,143.49539277735775,143.9728546142578,2738600
2015-02-24,144.06043478439668,144.88008938845934,143.94902577440772,144.76072692871094,4228700
2015-02-25,144.6811929840021,144.96767512733885,144.48224738842592,144.80056762695312,2822900
2015-02-26,144.7686687847692,145.02332486873365,144.3548587196622,144.8402862548828,3045800
2015-02-27,144.77658441370994,144.784550003422,144.15587554953322,144.18771362304688,3161300
2015-03-02,144.33092572361585,145.37339782714844,144.33092572361585,145.37339782714844,3213100
2015-03-03,145.01534857913944,145.14267661172866,144.18774065264853,144.72886657714844,2825800
2015-03-04,144.36290385922732,144.36290385922732,143.34430324743448,143.86155700683594,3820200
2015-03-05,144.2354779777611,144.39463193872,143.8057610689051,144.17181396484375,2410700
2015-03-06,143.33635258224788,143.74220946414738,141.75275303970943,141.9676055908203,7297400
2015-03-09,142.070881723211,143.3918820343754,142.070881723211,143.08152770996094,3844900
2015-03-10,141.9516088642911,142.05505227588824,140.59876963752038,140.6067352294922,6070100
2015-03-11,140.8375773721253,141.08426799365085,140.24074052288213,140.33624267578125,5584600
2015-03-12,141.04432186943887,142.460812012597,141.0124838085463,142.4210205078125,4024300
2015-03-13,141.9596342073967,142.0471707647235,140.27257925820055,141.29913330078125,6833900
2015-03-16,141.84802254902408,143.16902247550013,141.84802254902408,143.06556701660156,5550100
2015-03-17,142.27793648080242,142.42118363356587,141.537864643333,142.0471649169922,5392900
2015-03-18,141.5776167766149,144.0445343573669,140.82957955173094,143.82171630859375,11294400
2015-03-19,143.38399748962132,143.55111705537755,142.69167102292386,142.97019958496094,6229200
2015-03-20,143.85581365929153,144.82037255774623,143.62462994187078,144.25439453125,5999200
2015-03-23,144.32623911178592,144.88425029779316,144.15882967411798,144.16680908203125,3593900
2015-03-24,144.00727352506001,144.43774770641534,143.30577941618904,143.35360717773438,4692100
2015-03-25,143.44928948940256,143.61669884979793,141.00200864476517,141.0338897705078,8474700
2015-03-26,140.42005585581134,141.33679928705487,139.87002439353472,140.68312072753906,6604500
2015-03-27,140.5635479756099,141.0737310640069,140.27656922815385,140.94618225097656,3971800
2015-03-30,142.14191719846824,143.2977993642304,142.11800331780393,143.0028533935547,5399300
2015-03-31,142.30934695569664,142.7557556771452,141.44043123317135,141.5600128173828,4633800
2015-04-01,141.52811589601833,141.52811589601833,139.95771817114087,140.89039611816406,7440500
2015-04-02,140.8585475099079,141.82311905001097,140.6433103265623,141.3607635498047,3223600
2015-04-06,140.5556091063057,142.8275134988194,140.37225308916896,142.3651580810547,6284900
2015-04-07,142.50865634518735,143.15435562895618,142.22964477539062,142.22964477539062,6011600
2015-04-08,142.3731063733568,143.13837491132165,141.8629232934722,142.49267578125,4738500
2015-04-09,142.42092654896672,143.19417444874534,141.8788502133739,143.0108184814453,4483800
2015-04-10,143.22606203745752,143.83988004169046,142.8354483686322,143.78407287597656,3463600
2015-04-13,143.6245820125301,144.17462537847203,143.0825180461472,143.20208740234375,3358200
2015-04-14,143.15430912318715,143.9195775947019,142.53252392868524,143.63259887695312,4811400
2015-04-15,144.15081329334066,144.58925484851346,143.84788782545266,144.190673828125,4377800
2015-04-16,144.02333727905213,144.69295081262874,143.83201391357298,144.21466064453125,3873900
2015-04-17,143.0004632555152,143.11213825466783,141.3173536579324,141.93954467773438,8683500
2015-04-20,143.03240303281655,144.06939239746228,142.904770950963,143.6067352294922,5355800
2015-04-21,144.1411414965024,144.28473059227213,142.7611549820423,142.9924774169922,3596600
2015-04-22,143.3035931497766,143.78220730767706,142.42615008917733,143.63064575195312,5575200
2015-04-23,143.13604556846767,144.43627099205602,142.94459752600883,143.8778839111328,4893000
2015-04-24,143.98173940228716,144.23700373005718,143.4153792823431,144.01364135742188,4010000
2015-04-27,144.74746199561417,144.8112658802213,143.55093832670576,143.71844482421875,4969100
2015-04-28,143.86998454462122,144.33264175346636,142.68941811233807,144.25286865234375,4534200
2015-04-29,143.42332469635295,144.14921873689983,142.97662441653017,143.63870239257812,6559400
2015-04-30,143.3434769550828,143.59874108020028,141.54869215471447,142.13099670410156,8564600
2015-05-01,142.9526459531074,143.59078203619825,142.7691702661365,143.50303649902344,3895700
2015-05-04,143.85406476882977,144.4204247215692,143.78227626221576,143.933837890625,3256900
2015-05-05,143.76627947204216,144.05344559080604,142.6096425556782,142.79310607910156,5316300
2015-05-06,143.47910454750817,143.78222770195143,141.38918091634338,142.2985382080078,7534200
2015-05-07,142.08306336340883,143.34340193532688,141.8995999767871,143.0083770751953,4142800
2015-05-08,144.49215772088488,145.19412197367794,144.44429873486075,145.0585174560547,5529600
2015-05-11,144.99470812800206,145.17817164014033,144.28477140190316,144.44430541992188,3753600
2015-05-12,143.66251509142774,144.5638873619046,143.00043765367755,144.15707397460938,4742800
2015-05-13,144.26087968311379,144.73150941958832,143.965728892244,144.1811065673828,3851400
2015-05-14,145.02658218765586,145.688659798259,144.96276615838124,145.60888671875,4921400
2015-05-15,145.6911819664903,145.90702380875416,145.4113707209919,145.88304138183594,4522200
2015-05-18,145.84312224249814,146.3068030041244,145.65126275395906,146.04298400878906,2890500
2015-05-19,146.2348993227554,146.5227008400191,145.79520086601954,146.24288940429688,2766600
2015-05-20,146.482781609349,146.5787236172349,145.94715317651193,146.06707763671875,5080800
2015-05-21,145.99510734353365,146.3308738499335,145.78725537250557,146.13101196289062,2724200
2015-05-22,145.90712195632202,146.09100361783953,145.53138075040036,145.70726013183594,2357000
2015-05-26,145.44340936495524,145.44340936495524,143.73259300811588,144.19627380371094,5529700
2015-05-27,144.5160914066666,145.3315188672503,144.2602624161008,145.1156768798828,3588200
2015-05-28,144.7878680693579,144.96374741125462,144.42011702759342,144.9317626953125,3660900
2015-05-29,144.83581521009165,144.85180756610453,143.63664467959057,143.9884033203125,4923700
2015-06-01,144.69993378835653,144.81984598111868,143.74858973045892,144.2202606201172,4349000
2015-06-02,143.96435452587954,144.66787148304053,143.31680468966906,144.0203094482422,5106200
2015-06-03,144.5800824927524,145.29159026621755,143.99647704590757,144.60406494140625,5481500
2015-06-04,144.0444193908708,144.63601482844348,142.925197966921,143.2689666748047,7312500
2015-06-05,143.16500530032707,143.46879913830864,142.50146266392298,142.70132446289062,5228700
2015-06-08,142.70925330157675,142.7812127892577,142.04571094992306,142.14964294433594,4380500
2015-06-09,142.15768759276827,142.509434066028,141.66202210124882,142.0697479248047,4722400
2015-06-10,142.60536018433052,144.33215643849493,142.60536018433052,143.94842529296875,5480900
2015-06-11,144.45209942877864,144.90777793559454,144.21226285743592,144.41212463378906,3714800
2015-06-12,143.78853367310447,143.94842062867687,142.87716460788968,143.20494079589844,4566800
2015-06-15,142.21365674723222,142.5973879736676,141.59008892980134,142.3815460205078,5502700
2015-06-16,142.35759717284594,143.3888788992998,142.20570022275305,143.2689666748047,3276900
2015-06-17,143.62864801126383,144.01237914781262,142.6932965042177,143.4847412109375,3650900
2015-06-18,144.06833793341272,145.4513777192898,144.01237079247932,144.96371459960938,6542800
2015-06-19,144.7954574302094,144.8756192412883,144.0660265347073,144.09007263183594,3964000
2015-06-22,145.10800948946337,145.4847478314715,144.81944421113735,145.01983642578125,4048300
2015-06-23,145.18019104003906,145.54090691872975,144.88361438784554,145.18019104003906,3116800
2015-06-24,144.73130881220595,145.05995506518138,143.7934744713277,143.80950927734375,4328900
2015-06-25,144.32247534636164,144.3785788063239,143.1521794319148,143.2002716064453,3602700
2015-06-26,143.64921000630324,144.14617895588844,143.22436711243037,143.5850830078125,4855500
2015-06-29,142.35866306067584,142.84762065285761,140.74750150020552,140.78758239746094,8888700
2015-06-30,141.87769970857119,141.88571099467066,140.63526542877082,140.93185424804688,9149800
2015-07-01,142.33468759866707,142.53507995341138,141.5411294707272,142.1984100341797,4135100
2015-07-02,142.51095416478472,142.7193699428974,141.59716594890574,141.9178009033203,4008600
2015-07-06,140.7474478206844,141.989881775916,140.54705564180733,141.62115478515625,3748700
2015-07-07,141.7815441315531,142.46287051744312,139.82571360081258,142.38272094726562,7783800
2015-07-08,141.16430867666912,141.42882789864072,140.09822050240956,140.27456665039062,6849400
2015-07-09,141.99795145629375,142.25445942160943,140.4429177827161,140.4829864501953,4581400
2015-07-10,142.05413600787864,142.51904774710638,141.57318945530403,142.20643615722656,4504400
2015-07-13,143.34474758730474,144.04210949078023,143.32070146863222,143.9619598388672,3873800
2015-07-14,143.84152104822024,144.71522811896708,143.72930190363778,144.54690551757812,2757100
2015-07-15,144.5389395832137,144.85956231662817,144.20226981286325,144.55496215820312,3407900
2015-07-16,145.244362934161,145.2844438476248,144.68326683860016,145.14016723632812,2495100
2015-07-17,144.81275273391122,144.91704745776724,144.4276249697297,144.8528594970703,2762300
2015-07-20,145.18177667947717,145.3021336623348,144.7084043776592,144.97317504882812,2961600
2015-07-21,144.17091070636477,144.1869607600101,143.15996545097528,143.59323120117188,5026700
2015-07-22,143.15997406975293,143.5531208308071,142.68660152085,143.05567932128906,3811500
2015-07-23,143.07971719880808,143.07971719880808,141.87622045908654,142.1409912109375,4968600
2015-07-24,142.19726744486488,142.2133175094687,140.65679179342442,140.82528686523438,4591300
2015-07-27,139.98274030738577,140.2314610469796,139.42912976178457,139.79017639160156,5370200
2015-07-28,140.2956242783736,141.43493303332585,139.84632079671374,141.2985382080078,5625900
2015-07-29,141.4750597957191,142.4619237286577,141.34668386746299,142.22122192382812,4175900
2015-07-30,142.0446304954341,142.32545115477896,141.3145188178096,142.18905639648438,3659000
2015-07-31,142.5502483292271,142.59838626452753,141.60350295469664,141.7559356689453,4483800
2015-08-03,141.868220178784,141.90832694795824,140.19936967817708,141.0097198486328,4530500
2015-08-04,141.04183364626473,141.31463563095244,140.27160234596212,140.6647491455078,4055700
2015-08-05,141.08184692890197,141.62743824676767,140.43196093052697,140.6967315673828,4565500
2015-08-06,140.7930832283644,140.92947807069245,139.32481558315777,139.7821502685547,5374100
2015-08-07,139.51741394249132,139.70194674619884,138.64287560904452,139.477294921875,6158400
2015-08-10,140.24744667283554,141.46699309401797,140.24744667283554,141.36268615722656,4504000
2015-08-11,140.07902430280163,140.31972615090046,139.26867406489364,139.69390869140625,6761100
2015-08-12,138.6669334444859,139.92658734102477,137.51959320848923,139.77415466308594,8825600
2015-08-13,139.5975390768516,140.38381982603897,139.2445115691277,139.85427856445312,6562700
2015-08-14,139.74199950696192,140.4721237111229,139.6537426004963,140.32769775390625,3512200
2015-08-17,139.79817740657438,140.99364292856893,139.30072379200772,140.96957397460938,4055400
2015-08-18,140.63257997515532,141.15409024025865,140.4721162199389,140.67269897460938,4050400
2015-08-19,139.87042149418667,140.80112877032883,138.8995952032341,139.3970489501953,10988700
2015-08-20,138.20145361882143,138.44215526087086,136.57272338867188,136.57272338867188,12317200
2015-08-21,135.05952887465654,135.7678729335145,132.3388671875,132.3388671875,18858700
2015-08-24,125.48885261636133,131.56608967413956,121.19857727575845,127.48509216308594,35102400
2015-08-25,131.46953778084978,131.75125659593513,125.80280993539566,125.96380615234375,19357000
2015-08-26,129.1030829481853,131.12345847190042,126.91366624794266,130.93028259277344,19884300
2015-08-27,132.70102715250775,134.013069621342,131.2360457109527,133.98086547851562,15223700
2015-08-28,133.39332937735162,134.11776325007082,133.00696546405385,133.88433837890625,8115700
2015-08-31,133.0954673674964,133.76354989949996,132.26638866257852,132.9586181640625,6363700
2015-09-01,129.91598837230634,130.89800615667332,128.57981091097236,129.15936279296875,14266900
2015-09-02,131.14754776953842,131.59026276828845,129.8274599529022,131.5741729736328,8260600
2015-09-03,132.274544471413,133.20826901520286,131.30862803541729,131.7432861328125,8023700
2015-09-04,129.93211744363026,130.3587304061983,128.9823036121881,129.5699005126953,8651100
2015-09-08,131.85594840634246,132.83796672274693,131.42933530128215,132.7413787841797,6821700
2015-09-09,134.04532352252272,134.19021766773963,130.5841135036323,130.8175506591797,7865700
2015-09-10,130.8335948808926,132.41126643840587,130.51967200494394,131.51779174804688,8327000
2015-09-11,131.12343120043076,132.36303348437224,130.80950817984873,132.32278442382812,6202300
2015-09-14,132.37907427801804,132.47566215277595,131.50168938059545,131.82366943359375,4595600
2015-09-15,132.2986441759249,134.04534540827828,131.98472113936901,133.707275390625,6516100
2015-09-16,133.98901379057543,134.94687275123482,133.6187395899138,134.8341827392578,5511700
2015-09-17,134.7617764508709,136.3877432838205,134.00513805487577,134.27076721191406,14270000
2015-09-18,132.26889170933808,133.26897800381553,131.6236751421424,131.89788818359375,10400500
2015-09-21,132.80937726932765,133.52717811965633,132.00285890686874,132.994873046875,7762600
2015-09-22,131.1559368626906,131.75276453858328,130.63976589933273,131.46241760253906,8979600
2015-09-23,131.67209458746814,131.7688850940757,130.55910836660598,131.13172912597656,4554900
2015-09-24,129.94615226095036,130.8494606227998,128.9863940488836,130.55104064941406,8451800
2015-09-25,132.13991204389836,132.61575473150626,130.70431092456326,131.36566162109375,10474600
2015-09-28,130.6881701222468,130.7043039279174,128.70414275183813,128.87350463867188,10013100
2015-09-29,129.02668785191338,129.81708399518968,128.3814712823647,129.2283172607422,9906200
2015-09-30,130.68822375485928,131.26085717953165,129.88977849056786,131.156005859375,7621400
2015-10-01,131.47049745130602,131.69632151142753,129.45420240987232,131.05111694335938,6862800
2015-10-02,129.32509792582877,132.73666381835938,128.98634971501272,132.73666381835938,11877500
2015-10-05,133.67221497612468,135.31750526245233,133.47058560098017,135.1562042236328,6342100
2015-10-06,135.28539979211737,135.84188714632583,134.8902013488591,135.2450714111328,6661000
2015-10-07,135.97888038188083,136.68860754374646,135.0675115015229,136.2611541748047,8832800
2015-10-08,136.03543084484264,137.64040658199195,135.84186203579458,137.40650939941406,8160300
2015-10-09,137.6081115200977,137.8903977720239,137.18873097719336,137.7210235595703,5006100
2015-10-12,137.6968116373945,138.10007062844238,137.4871213923852,138.0516815185547,2835800
2015-10-13,137.30966507118845,138.38233529712787,137.22094761471268,137.62420654296875,5909300
2015-10-14,137.51139346031812,137.874324295542,136.0757916274807,136.3580780029297,5424000
2015-10-15,136.62408272975887,138.172607421875,136.45472091768778,138.172607421875,9637200
2015-10-16,138.33402078048942,138.75360944595937,137.83375003735216,138.68905639648438,8353700
2015-10-19,138.20487157239177,138.89073673592145,138.01121248437326,138.88265991210938,4859800
2015-10-20,138.4549901484042,139.1005080516257,138.17258453040287,138.79388427734375,4140900
2015-10-21,139.1408501141247,139.55236176008862,138.24519698048482,138.36622619628906,5801400
2015-10-22,139.23779315601084,141.13400124818799,139.16517556411642,141.0452423095703,8553100
2015-10-23,142.0134189447427,142.52983088477978,141.5050715165604,142.3119659423828,7642900
2015-10-26,142.2071198616477,142.38463767251417,141.90856046397116,142.02960205078125,3795900
2015-10-27,141.4728359067932,142.1667657759393,141.40021834556782,141.74717712402344,4696100
2015-10-28,142.0215817028086,143.3690948486328,141.49710488809967,143.3690948486328,7348500
2015-10-29,142.84450466227017,143.39319921827706,142.56208671711843,143.12692260742188,4726900
2015-10-30,143.3367065020257,143.49001839277153,142.37650029133775,142.40878295898438,6527500
2015-11-02,142.71553273394738,143.86132230118284,142.60256791217043,143.72415161132812,4178300
2015-11-03,143.56266454568296,144.91825367578053,143.46584114790195,144.4906005859375,4284900
2015-11-04,144.89407202070316,144.91020104820475,143.7805535113558,144.15171813964844,6870400
2015-11-05,144.23243567225413,144.63588304476391,143.40939958490785,144.1436767578125,5008100
2015-11-06,144.02268810963324,144.57137078119396,143.39331101590645,144.5471649169922,7642800
2015-11-09,144.03068838193104,144.11138276810334,142.6024814698778,143.15924072265625,7962300
2015-11-10,142.8041737615504,143.5142448047752,142.60245015265536,143.44969177246094,4837700
2015-11-11,143.7644037608574,143.8208922905124,142.90909748839115,142.9897918701172,2860300
2015-11-12,142.0860659443457,142.29586641838216,140.8757240546931,140.94027709960938,6164400
2015-11-13,140.45614769488296,140.84345365204632,139.22966446625887,139.278076171875,8011100
2015-11-16,139.1893541832333,141.25500291883512,138.90693607593747,141.2227325439453,5012900
2015-11-17,141.69077492574849,142.2152517804679,141.01297373017223,141.3357391357422,6612200
2015-11-18,141.75522652760296,143.49812168463913,141.74716201462695,143.40936279296875,6254400
2015-11-19,142.96555654474753,143.66756310724242,142.94135069558212,143.35287475585938,5457300
2015-11-20,144.22961007418863,144.87721701923545,143.81676666835787,144.14056396484375,7730000
2015-11-23,143.9948457815927,144.48054168211667,143.52533109796772,143.8815155029297,2597000
2015-11-24,143.01526440760176,144.4238077270938,142.96669607797574,144.07571411132812,4369900
2015-11-25,144.10004022935777,144.3590878655389,143.92194806750103,144.0352783203125,2227400
2015-11-27,143.93010421111796,144.2377079526596,143.57391975578747,144.01104736328125,2878200
2015-11-30,144.1972361556577,144.35913480487775,143.38773055748223,143.4686737060547,3578500
2015-12-01,144.0271453281094,144.82045686432676,143.80048488919016,144.7476043701172,6058300
2015-12-02,144.6101106827544,144.93390805087273,143.34728365418385,143.51727294921875,7427100
2015-12-03,143.8167504414474,143.96245550280352,141.06442432356334,141.52584838867188,7005500
2015-12-04,141.86581527491862,144.6424127490225,141.77676919064893,144.43194580078125,6251600
2015-12-07,144.10817892760312,144.1567472834145,142.8129651296201,143.55770874023438,5647000
2015-12-08,142.21384780105967,143.16907022710294,141.59862838148538,142.28671264648438,6890200
2015-12-09,142.019639977072,143.89768622249446,140.91871205662676,141.65536499023438,9545800
2015-12-10,141.8091602720767,143.3877057975991,141.5420343406317,142.37582397460938,5613800
2015-12-11,140.57061019783717,141.16155804353903,139.59920617146847,139.82586669921875,8895600
2015-12-14,140.0201608439488,140.81347273865887,138.8463803936784,140.7729949951172,12321600
2015-12-15,141.59064281439072,142.8372761386608,141.59064281439072,142.03587341308594,8039800
2015-12-16,142.82109077113086,144.0920207029574,141.63921931623614,143.80059814453125,11286600
2015-12-17,144.2134281785313,144.24581532204684,141.73634283886432,141.74444580078125,8504100
2015-12-18,141.0530954800704,141.10989915008508,138.65947945400043,138.7487335205078,10946100
2015-12-21,139.78741769191737,140.01460776965206,138.67580821293478,139.76307678222656,6466700
2015-12-22,140.4526485918046,141.41008990196434,139.70615339764473,141.19100952148438,6003700
2015-12-23,142.17276872186173,142.65961113935143,141.79952121766405,142.6514892578125,6456600
2015-12-24,142.52977610992514,142.65960239742247,142.14029724743318,142.17276000976562,1765100
2015-12-28,141.58054263946735,142.09983576814403,141.2803175941134,141.97811889648438,2932200
2015-12-29,142.95989358474233,143.8199715464703,142.8057263310509,143.60089111328125,6145700
2015-12-30,143.26827236476913,143.38997687585928,142.4974358581087,142.64349365234375,2910000
2015-12-31,142.06731756811539,142.5216973308551,141.15855804263595,141.17478942871094,5773400
2016-01-04,138.789312156924,139.00839258127775,137.40994119576706,138.98403930664062,14350800
2016-01-05,139.30856101137863,139.34913328167687,138.07523580364008,139.0651397705078,9413000
2016-01-06,137.0610543747876,137.91302292161848,136.32268080880587,137.07728576660156,8713600
2016-01-07,134.6592811047035,136.26584166432366,133.4584061505971,133.84788513183594,15400600
2016-01-08,134.6592217960801,135.00811596790635,132.25748532659594,132.4522247314453,12512400
2016-01-11,133.1988689313032,133.47474080409523,131.56795384023633,132.9311065673828,12353700
2016-01-12,134.03453751477824,134.51325829155547,132.29815017756528,133.8397979736328,10250300
2016-01-13,134.31853268574645,134.561954042202,130.69160276016405,130.91879272460938,16369400
2016-01-14,131.46241204777107,133.62883835437958,130.3183404669225,132.73629760742188,14749500
2016-01-15,129.29088712667027,130.3624991061283,128.45471068244112,129.63185119628906,19969100
2016-01-19,131.06881409198215,131.2068225083503,128.9256019783535,129.9079132080078,10233800
2016-01-20,127.65914403334492,128.9824192518506,125.32921640192976,127.95140075683594,16436000
2016-01-21,128.11374950949485,130.12706651309335,127.35876027843256,128.75509643554688,16782400
2016-01-22,130.63044720694347,130.8983502943134,129.58318855745776,130.53302001953125,7390600
2016-01-25,130.22448017965007,130.4761432306021,128.81190424495762,128.8362579345703,5782500
2016-01-26,129.48573269158382,131.28798024417912,129.47761892330456,131.141845703125,5945200
2016-01-27,130.35450564400597,131.70212324268167,128.76332612983182,129.323486328125,10121900
2016-01-28,130.44374881711295,130.62235091619795,128.64962644099444,130.3057403564453,8613400
2016-01-29,131.19873423226616,133.48806897722076,130.97142475085047,133.43936157226562,6182800
2016-02-01,132.643748717376,133.92643043984555,132.1810160863693,133.41497802734375,6977300
2016-02-02,132.08357721865337,132.08357721865337,130.6547734404823,131.0363311767578,7901000
2016-02-03,131.85623549036066,132.93596111907138,129.46947487820339,132.4894561767578,14249300
2016-02-04,132.18102461098033,133.7884306558058,131.98618263473892,133.25262451171875,11715800
2016-02-05,133.03339527468395,133.1470499686259,130.882069858128,131.46658325195312,8292500
2016-02-08,129.98096980492087,130.5492433783776,128.30861655127612,130.17581176757812,13377600
2016-02-09,128.70640837332041,131.0769423496104,128.682054675185,130.08651733398438,11449200
2016-02-10,130.6872647296032,131.75887704916843,129.2665744615783,129.39646911621094,8205700
2016-02-11,127.29376983642578,128.28419427243222,126.0435562557621,127.29376983642578,14806700
2016-02-12,128.39790088826786,129.8754119873047,127.99198947604198,129.8754119873047,7073000
2016-02-16,131.32046927795517,131.75073442865698,130.3949916573505,131.67767333984375,5451200
2016-02-17,132.67618676719025,134.16182389380376,132.59501192423306,133.8939208984375,5584200
2016-02-18,134.21867070531752,134.31608548147227,133.37436802053182,133.56109619140625,5187600
2016-02-19,132.96866492413065,133.48202999290908,132.48790117317674,133.39239501953125,4660600
2016-02-22,134.73699416178025,135.6414885085351,134.55772411584567,135.21775817871094,3450700
2016-02-23,134.94873222096413,135.07095603653596,133.50642902843964,133.759033203125,6052800
2016-02-24,132.49612433732412,134.3702907404761,131.57532936909027,134.18287658691406,8003800
2016-02-25,134.47618743762942,135.95108032226562,133.96282225957464,135.95108032226562,5266900
2016-02-26,136.76592900324903,136.85556398891342,135.36437055491226,135.4947509765625,3798000
2016-02-29,135.3969873420874,136.25259186047143,134.41915893554688,134.41915893554688,3485000
2016-03-01,135.2747639215644,137.37710203469985,135.03031612193794,137.320068359375,3914300
2016-03-02,136.91265844300025,137.65417093129213,136.52967359023492,137.62158203125,3106200
2016-03-03,137.49114740332243,138.0289572954079,136.99408294556358,137.99636840820312,2968200
2016-03-04,138.1430881471566,138.9742480665552,137.64602350554517,138.54237365722656,3524900
2016-03-07,138.0127216074892,139.28390018084627,137.9556879195907,139.0312957763672,3236000
2016-03-08,138.36308125384394,139.1453390472168,137.8904614715396,138.21640014648438,2832700
2016-03-09,138.8601682685017,139.00683696581387,138.1512322635299,138.54237365722656,3584000
2016-03-10,139.0720617132159,139.66690563399806,137.14084878338832,138.5749969482422,4862300
2016-03-11,139.72386657506954,140.43278988999043,139.68312114040216,140.34315490722656,3674200
2016-03-14,139.9113430921983,140.8810276747224,139.9113430921983,140.48989868164062,2658400
2016-03-15,139.83797272059164,140.7017213899893,139.60166904894564,140.67727661132812,2431600
2016-03-16,140.3269346455177,141.73663784469798,140.29433330848946,141.35365295410156,3556200
2016-03-17,141.34546465276696,142.93443740759585,141.03581421662895,142.55145263671875,4070500
2016-03-18,143.12716402278602,143.68245255401433,142.9393348485706,143.4701385498047,5112000
2016-03-21,143.41301375492384,143.89482302256292,143.1108721064455,143.7314910888672,2884900
2016-03-22,143.1516174790562,143.93555545491537,143.02911860375542,143.47825622558594,3980100
2016-03-23,143.08639999239958,143.35588277785533,142.58010579816838,142.7515869140625,5039200
2016-03-24,141.96761015417576,142.8577117919922,141.8451112152759,142.8577117919922,5104900
2016-03-28,143.0128890391414,143.3885225975831,142.62908140737864,143.0047149658203,3098800
2016-03-29,142.49025726064067,143.87031744080807,142.1391085455732,143.78050231933594,5584100
2016-03-30,144.62971307524444,145.0706767349294,144.13974237739674,144.45005798339844,3858000
2016-03-31,144.48272193180236,144.78487593890767,144.07441715614863,144.24591064453125,3155400
2016-04-01,143.48638213068187,145.23392500501885,143.24139692278195,145.1277618408203,4035200
2016-04-04,145.0544184709353,145.2585709430453,144.44196105460537,144.637939453125,2318900
2016-04-05,143.7885773752273,144.50719759823406,143.37211108805926,143.57626342773438,5439600
2016-04-06,143.608916740816,144.61334272406782,143.10262294543972,144.572509765625,4086700
2016-04-07,143.54371335590346,143.91118538570254,142.64543731818972,143.14356994628906,5251900
2016-04-08,143.9274448764747,144.38474426793832,142.9965104122884,143.44564819335938,2565300
2016-04-11,143.82135635141506,144.67879938607135,143.24157020050524,143.2660675048828,3237700
2016-04-12,143.50278338862958,144.7685306008072,143.20064186215433,144.61337280273438,3588400
2016-04-13,145.35653911011374,146.18948456473427,145.29120883323407,146.10781860351562,5400200
2016-04-14,146.19760919277206,146.58141668454996,145.96895951177328,146.262939453125,3689700
2016-04-15,146.27110452240143,146.39367993017314,145.79712549647962,146.01776123046875,3799900
2016-04-18,145.56832278622747,146.95756489993045,145.54380770247863,146.9167022705078,2573700
2016-04-19,147.2108834904242,147.72572514533897,146.76141954323853,147.3579864501953,2992100
2016-04-20,147.0965550846084,148.25698196726566,147.0965550846084,147.70945739746094,2628900
2016-04-21,147.61952154702777,147.81565471902317,146.62253307772144,146.85134887695312,2760300
2016-04-22,146.777787195661,147.16187348773627,146.17305266846233,147.0147705078125,2410500
2016-04-25,146.46725018901276,146.76144368743095,145.73177267772974,146.7205810546875,2485500
2016-04-26,146.96576046703265,147.3089841744989,146.36920586616458,146.8023223876953,2241000
2016-04-27,146.37742922154362,147.62774908605152,146.27120128770756,147.30087280273438,3569300
2016-04-28,146.32837495006063,147.21912327464307,145.249673416972,145.62557983398438,3550700
2016-04-29,144.97169793570401,145.4211617408137,144.0646027906713,145.12696838378906,5496000
2016-05-02,145.52745697325344,146.205736704355,145.0616454531683,146.03411865234375,2463100
2016-05-03,145.03713567066657,145.3231616112976,144.21993294831964,144.89004516601562,4643200
2016-05-04,144.13818726151914,144.816466862608,143.74592106626125,144.0891571044922,3446000
2016-05-05,144.50591855698983,144.82462703097184,143.8276389904085,144.1872100830078,1778800
2016-05-06,143.574410439549,144.97182071678654,143.56623042828897,144.92279052734375,2940800
2016-05-09,144.8492799667131,145.266049146415,144.334437915086,144.62863159179688,1921700
2016-05-10,145.23326202478322,146.49992867912113,145.16788431370838,146.44271850585938,2867200
2016-05-11,146.03412398949175,146.23025713188363,144.85735007418833,144.89004516601562,2697200
2016-05-12,145.3068372759526,145.5601681652221,144.15457826070173,144.98812866210938,2534900
2016-05-13,144.5632592244562,145.0699337512886,143.22304630713734,143.40283203125,3336800
2016-05-16,143.57438920184399,145.2169626528534,143.48449637798612,144.85739135742188,2393500
2016-05-17,144.5713070507443,144.84098539033576,142.94506947667034,143.46807861328125,3349500
2016-05-18,143.0758807737214,144.42426052892935,142.62641669880998,143.5253448486328,4097800
2016-05-19,142.96970231822047,143.17400312532553,141.92368318340505,142.74905395507812,5090900
2016-05-20,143.2836239874278,143.95607953890922,143.11140258853615,143.31642150878906,2749700
2016-05-23,143.38214935734575,143.78399128298267,143.18533903733774,143.33294677734375,1736000
2016-05-24,144.13650119799593,145.34201348367532,144.0462923700416,145.03858947753906,2797000
2016-05-25,145.5634364388581,146.58033480949484,145.52243015127334,146.20309448242188,2711900
2016-05-26,146.37532708278857,146.5393397323127,145.82587782453305,146.03909301757812,2263200
2016-05-27,146.15397038056935,146.45739454748656,146.02275519522235,146.3835906982422,1628300
2016-05-31,146.77721084853795,146.77721084853795,145.26007763384254,145.68650817871094,2395400
2016-06-01,145.13703351116348,145.95710943508092,144.78440687029445,145.75209045410156,2481200
2016-06-02,145.3994238018811,146.22769575230032,145.13699357202825,146.20309448242188,1965900
2016-06-03,145.8667819656269,146.21121207198152,145.022105451943,146.02259826660156,4367200
2016-06-06,146.3753203714651,147.17079482421576,146.30971281199098,146.941162109375,2720300
2016-06-07,147.1707863887215,147.60542549613302,147.0723687984701,147.1051788330078,1572300
2016-06-08,147.34301274569557,147.76124688543382,147.23639889084802,147.662841796875,1713500
2016-06-09,147.09696641956373,147.64641560750695,146.9083525224158,147.5152130126953,2141800
2016-06-10,146.54757736433248,146.9904254077897,146.06373553194152,146.5557861328125,4126600
2016-06-13,145.9735175354337,146.793593476644,145.44866943359375,145.44866943359375,5111300
2016-06-14,145.15343605392746,145.49786643448547,144.33336014401826,144.99761962890625,3643400
2016-06-15,145.35845738894537,145.84229918043144,144.64499534002977,144.80081176757812,2470100
2016-06-16,144.11189967371686,145.70284853845234,143.3492352769267,145.5306396484375,5573700
2016-06-17,145.56761681959225,145.56761681959225,144.43365233906147,145.04994201660156,2748000
2016-06-20,146.59486169806848,147.27689088974662,146.06896133247318,146.10183715820312,2958400
2016-06-21,146.3646545510789,146.70156251208482,146.0441844887287,146.3153533935547,1854700
2016-06-22,146.45513689380434,147.04677623549506,145.7977584543201,145.91281127929688,2966200
2016-06-23,147.10426491951284,147.7698558735952,146.81665800773638,147.75341796875,2949100
2016-06-24,143.43124416729717,145.18149943223995,142.40409405515447,142.6670379638672,11377900
2016-06-27,141.73029817920582,141.73029817920582,139.99646803616804,140.67849731445312,7683900
2016-06-28,142.0343057262286,142.8642384048531,141.50018020800522,142.8313751220703,5642800
2016-06-29,143.93243312083771,145.29649090276038,143.80095495279613,145.14857482910156,5578200
2016-06-30,145.4853729987582,147.15346181266628,145.32924435949135,147.0877227783203,5069000
2016-07-01,146.90703415570727,147.7451916874028,146.90703415570727,147.34254455566406,3998200
2016-07-05,146.74263075458282,146.82479515964553,145.98665052042338,146.4385986328125,3233100
2016-07-06,145.9456286980893,147.16999550016206,145.41151593672262,147.07138061523438,5395400
2016-07-07,147.2111334231224,147.6795198429746,146.29902371886737,146.91531372070312,2343300
2016-07-08,147.91780322575522,149.19147165198544,147.89315263040797,148.9778289794922,5177300
2016-07-11,149.4379686863084,150.1446482411781,149.37222959533804,149.651611328125,2358700
2016-07-12,150.38294812716654,150.88419774684573,150.19395606879738,150.69520568847656,3128000
2016-07-13,150.93347862177893,151.0320935185512,150.41580370213038,150.8677520751953,2390500
2016-07-14,152.06750078041628,152.24006749686606,151.6648660061203,151.98533630371094,3354700
2016-07-15,152.41707015182126,152.54041317577583,151.6769743652585,152.03057861328125,3837200
2016-07-18,151.9893358678403,152.44161416537756,151.89066152932367,152.19491577148438,2134900
2016-07-19,152.1373485075674,152.47450256347656,151.98111831962078,152.47450256347656,2046300
2016-07-20,152.86924320674834,153.01726729299062,152.44986463300282,152.77056884765625,2159500
2016-07-21,152.57319846105577,152.72944121868082,151.75087872416884,152.11270141601562,2837700
2016-07-22,152.1292205037794,152.5979489898056,151.93185916004063,152.54859924316406,3078300
2016-07-25,152.3511882669576,152.37585685640565,151.6110929407039,151.97291564941406,2316600
2016-07-26,151.80855743132045,152.1457117798422,151.06024291561,151.8003387451172,4744400
2016-07-27,152.24434123776126,152.35946554866644,151.39735254732855,151.78384399414062,4146700
2016-07-28,151.53714773619504,151.8496333908981,150.91218897439785,151.619384765625,2906300
2016-07-29,151.18360018456227,151.71810338883833,150.92867033806064,151.41384887695312,4207300
2016-08-01,151.59467374555277,151.73446661837826,150.79702246420317,151.199951171875,3295900
2016-08-02,151.0601747032532,151.20819882135825,149.91715045651426,150.4598846435547,5139500
2016-08-03,150.36127605969253,150.83821080507053,150.24615171639226,150.78065490722656,3008200
2016-08-04,150.8957022449177,151.21640650527783,150.60788525974058,150.85458374023438,2368900
2016-08-05,151.63580660055067,152.35945223305868,150.83815517770188,152.34300231933594,4187700
2016-08-08,152.54033214714255,152.70479360759148,152.14562213254408,152.3594207763672,2076700
2016-08-09,152.4416913021898,152.83640140358472,152.1785428695213,152.41702270507812,1903800
2016-08-10,152.45809278887532,152.77057834222651,151.99759568768718,152.22784423828125,1618300
2016-08-11,152.70484509219867,153.42849081927812,152.6226206080547,153.1982421875,2188700
2016-08-12,153.06659342928373,153.15704910112677,152.55675921395195,152.86923217773438,2514300
2016-08-15,153.28041769816267,153.6751402673326,153.22286183241204,153.3791046142578,1561500
2016-08-16,153.091335168684,153.25579668309123,152.72129362436536,152.75418090820312,1614100
2016-08-17,152.76226348995934,153.14052335025795,152.20307982797408,153.03363037109375,2952000
2016-08-18,152.92682476978638,153.28864751438783,152.72124480559057,153.2310791015625,2571800
2016-08-19,152.91415604096628,153.202977162186,152.4355241519362,152.9306640625,2368500
2016-08-22,152.62541450600986,153.08753865260633,152.22106217370725,152.7657012939453,3152400
2016-08-23,153.24431538616668,153.59916876595545,152.87296656875955,152.9142303466797,1647900
2016-08-24,152.716178193023,152.8317092208979,152.0807512437424,152.38609313964844,1882900
2016-08-25,152.0723850313293,152.4932450352427,151.9238506506285,152.1466522216797,2034900
2016-08-26,152.3530870199414,153.11229276579002,151.13175713244044,151.6929168701172,3403500
2016-08-29,151.70115720723018,152.69967269500623,151.70115720723018,152.52638244628906,2229800
2016-08-30,152.60886107324188,152.79041158995602,151.85791585439878,152.26226806640625,1866700
2016-08-31,152.0477336749873,152.1385089450379,151.23901655485983,151.7919158935547,1876400
2016-09-01,151.61856265289305,152.07243885221482,150.93362449608603,151.9239044189453,3003500
2016-09-02,152.61710593353388,153.013210388116,152.10547048836804,152.55108642578125,2652800
2016-09-06,152.75736131622335,153.07095076570917,152.21270993298938,152.9306640625,2152300
2016-09-07,152.9719152284378,152.9966709647729,152.48503562460635,152.9306640625,1803600
2016-09-08,152.40259907242645,152.75745249158015,152.2375565343743,152.5181427001953,2229900
2016-09-09,151.48646675833152,151.6350011234706,149.29136657714844,149.29136657714844,8242600
2016-09-12,148.6148152980379,151.54436751400104,148.4827762332651,151.2637939453125,7056100
2016-09-13,150.24043183789288,150.45499835438972,148.8540601555982,149.20065307617188,7477500
2016-09-14,149.23374641005356,149.97645676597418,148.54880787165598,148.89540100097656,2990400
2016-09-15,148.84587289177375,150.70262968654387,148.73034186155445,150.40554809570312,3932400
2016-09-16,150.06978056584921,150.06978056584921,149.19334199274454,149.63156127929688,2844300
2016-09-19,150.38407882539659,150.74788661105416,149.38360741483825,149.63992309570312,2260400
2016-09-20,150.32615624227375,150.51632385757196,149.68122901087892,149.69776916503906,1997800
2016-09-21,150.20211496426782,151.17776943950582,149.62333581654704,151.02894592285156,4496500
2016-09-22,151.85572814941406,152.35181899550028,151.57460874165503,151.85572814941406,2323500
2016-09-23,151.64902655577293,151.73997844033366,150.722967563036,150.83045959472656,1741500
2016-09-26,150.07812471112513,150.1112050239234,149.30917776054233,149.44973754882812,2639800
2016-09-27,149.30919273275813,150.59904749949263,149.02807312799683,150.48329162597656,3717300
2016-09-28,150.78090174821136,151.50024068134923,150.08636673577206,151.39276123046875,6413000
2016-09-29,151.16123715101565,151.65732814070316,149.36700292484082,149.8383026123047,3376400
2016-09-30,150.59073870813836,151.6738853328882,150.45844271611574,151.128173828125,4583000
2016-10-03,150.73958738337402,150.95457156038475,150.30136787608,150.74786376953125,1987600
2016-10-04,150.9958858647045,151.25220147760174,149.60681572392923,150.0532989501953,2811200
2016-10-05,150.6155304435597,151.32660557259928,150.57418637234267,151.02894592285156,1818200
2016-10-06,150.7644633194928,151.0952035126972,150.04512390100177,150.91329956054688,2368100
2016-10-07,151.1446634460663,151.30176330701184,149.9209574701032,150.66510009765625,2527700
2016-10-10,150.6651132887408,152.01285156491772,150.6651132887408,151.4092559814453,1879100
2016-10-11,151.1944276461705,151.21923158498018,149.2017604521337,149.82188415527344,3949800
2016-10-12,149.6563721788444,150.31783933054652,149.3752527397129,149.96229553222656,1920200
2016-10-13,148.93708116485547,149.83832398196097,148.358289336349,149.5241241455078,3460100
2016-10-14,150.4832806877456,150.86362859676277,149.83008958105023,149.89622497558594,2698100
2016-10-17,149.79695236247073,150.07807184000654,149.20163310625475,149.4248809814453,1801800
2016-10-18,150.43359513586162,150.56589108948936,149.75558783584694,149.96229553222656,1720700
2016-10-19,150.35927198165362,150.82229547571788,150.1277602346215,150.48329162597656,1503700
2016-10-20,150.2516192336247,150.85520188473396,149.83820403930292,150.102783203125,2359600
2016-10-21,149.47389005780795,150.17738636888768,149.16765036572693,149.98703002929688,5607600
2016-10-24,150.9305123009918,151.04638299374648,150.34287424054844,150.59945678710938,1905700
2016-10-25,150.48365119062154,150.77332173333485,150.01188361885548,150.20223999023438,3351100
2016-10-26,149.4738945585464,150.73191598646105,149.2669816439465,150.44224548339844,5375400
2016-10-27,150.880855918525,150.92224101518687,149.99526284000277,150.24356079101562,2027100
2016-10-28,150.48364589053887,150.8974717618089,149.53183880923976,150.10292053222656,3726600
2016-10-31,150.284942521477,150.38425664807426,149.8462882903949,149.9456024169922,1415600
2016-11-01,150.2353650470929,150.2353650470929,148.26554963299395,149.07664489746094,3622300
2016-11-02,148.69587047967914,149.15108132728338,148.1910025630562,148.43930053710938,3552700
2016-11-03,148.72897297827586,148.88622878491816,148.01719217855154,148.24066162109375,1966900
2016-11-04,148.24072365783212,148.7042066741331,147.8517262772299,147.90966796875,4337500
2016-11-07,149.9456345955417,151.00502760312017,149.84632044763146,150.9305419921875,3402400
2016-11-08,150.7981446522051,152.32102082436873,150.64917340075934,151.7747802734375,3437500
2016-11-09,150.57464768889616,154.39840662193504,150.42567646461518,153.91009521484375,8363900
2016-11-10,154.63016600510377,156.27719740660902,154.23289673194805,155.70611572265625,8748100
2016-11-11,155.55702936974959,156.1198387124853,155.1101033105086,155.98741149902344,5003800
2016-11-14,156.5171925768286,156.74893401154407,155.7640265995228,156.2357940673828,4796400
2016-11-15,156.22748018390598,156.7158041281261,155.71434033593346,156.70751953125,3750000
2016-11-16,156.25238158469364,156.5751652894252,156.0371966578608,156.40963745117188,3459100
2016-11-17,156.50070230635959,156.69934331839093,156.21103170473438,156.6745147705078,4211200
2016-11-18,156.78483153937512,156.83464149050047,156.30344932674467,156.41964721679688,4359200
2016-11-21,156.7682672278709,157.20816021873995,156.5358714087183,157.15005493164062,2999100
2016-11-22,157.63141258901223,157.9053103106194,157.21641834378065,157.71441650390625,2756300
2016-11-23,157.63967415651652,158.22897143098135,157.58987688409178,158.18746948242188,2465900
2016-11-25,158.60252176918374,158.81001892341564,158.51122251473686,158.77682495117188,1547100
2016-11-28,158.46976914377123,158.7021776792277,158.1294833315986,158.34527587890625,3159600
2016-11-29,158.38664381604062,158.87633379626178,158.26213799191726,158.68544006347656,2264900
2016-11-30,159.3328558824691,159.56525159463916,158.8099591977782,158.85975646972656,4774600
2016-12-01,159.22505926231065,159.4906617755288,159.00097138948584,159.2748565673828,8323900
2016-12-02,159.28312535978097,159.34121797985958,158.88472168800578,159.14202880859375,2773600
2016-12-05,159.75627414131924,160.00527336640076,159.26658368625579,159.5404815673828,2925600
2016-12-06,159.49065904692964,159.83095751193417,159.2499551903656,159.76455688476562,2669400
2016-12-07,159.74790888545766,162.42047322459382,159.706406922006,162.2461700439453,7241300
2016-12-08,162.53661825330036,163.34170795682124,162.18802467001558,162.9101104736328,7032100
2016-12-09,163.04300409830572,164.10538876347073,162.98489880250216,164.0804901123047,4392300
2016-12-12,164.20495770308096,164.66145401081548,164.07215647453597,164.40415954589844,3791700
2016-12-13,165.13447856059054,165.76526511246152,164.86887622425553,165.3585662841797,5357500
2016-12-14,165.14284106703678,165.8566318055477,164.01405600763863,164.45394897460938,7456100
2016-12-15,164.785890827259,165.73207709359485,164.61989568072283,164.885498046875,6033000
2016-12-16,165.2781550122655,165.50274388334333,164.64599350326446,164.85394287109375,4467700
2016-12-19,164.94543503597612,165.44450588508346,164.8705763124433,165.19497680664062,2729400
2016-12-20,165.66070571712388,166.03501185613572,165.57752093413637,165.87696838378906,3062600
2016-12-21,165.88534275217737,166.0350728781412,165.6441271004064,165.6607666015625,2523500
2016-12-22,165.6108079727819,165.66902716992982,165.1782699262146,165.50267028808594,2250900
2016-12-23,165.49447719008523,165.57764934535973,165.3031545792799,165.5693359375,1374200
2016-12-27,165.66075439804177,165.97682874340055,165.63580149425607,165.7023468017578,2340700
2016-12-28,165.9602877179536,165.9935540427895,164.6959516063442,164.7624969482422,3818100
2016-12-29,164.6875457763672,165.12839731333978,164.3880982519878,164.6875457763672,3018700
2016-12-30,164.90381888849788,164.92045838873946,163.79752692849985,164.2882843017578,4277400
2017-01-03,165.4528123174968,165.61085584320736,164.2633355186682,165.04522705078125,6669800
2017-01-04,165.3280805343133,165.8271641534754,165.1950025691306,165.65248107910156,4823200
2017-01-05,165.4861507035581,165.75233206115664,164.61276057574827,165.31979370117188,4124500
2017-01-06,165.3031033027518,166.2180855725265,164.8372987625835,165.951904296875,4322600
2017-01-09,165.60252809040367,165.75225821039714,165.31972004312937,165.32803344726562,2303500
2017-01-10,165.29483735793846,165.86877979266177,164.87062510681602,165.02865600585938,3029200
2017-01-11,165.21988377405697,166.0017751816925,164.82061197512513,165.80213928222656,5209800
2017-01-12,165.42793146422449,165.45288437997115,164.30499948672247,165.31979370117188,3865200
2017-01-13,165.45278969193492,165.81878250306366,164.9620323734752,165.27810668945312,3468900
2017-01-17,164.9204668197249,165.2365411871541,164.35483801257394,164.77073669433594,3329800
2017-01-18,164.7624651388133,164.88722969814333,164.11366404584973,164.65432739257812,4634800
2017-01-19,164.7208635271346,164.8290012673337,163.60625788525638,164.09701538085938,3050900
2017-01-20,164.465853277305,165.0237018128732,164.28267761432423,164.82388305664062,6999000
2017-01-23,164.7405759245469,164.94872888044546,164.05782813096846,164.67396545410156,3249700
2017-01-24,164.6823799172327,165.87302210318438,164.54083735191705,165.55662536621094,5205800
2017-01-25,166.53078776038492,166.98040553376126,166.31431312798708,166.87216186523438,4880800
2017-01-26,167.0219473298672,167.33000965835643,166.87207058583937,167.12185668945312,3999700
2017-01-27,167.09689071834796,167.24675476792316,166.89705928093122,167.04693603515625,3576500
2017-01-30,166.3808526577707,166.43912888966162,165.2068667227124,166.0061798095703,4718000
2017-01-31,165.45658579076795,165.59812824473127,164.4907532411584,165.15684509277344,4628100
2017-02-01,165.7980504319873,166.0228465501373,165.0237145777358,165.38174438476562,3676900
2017-02-02,164.9903175556434,165.66473091828925,164.87375243993478,165.364990234375,2640600
2017-02-03,166.17269877550885,166.99698920086374,166.0561336076996,166.8387908935547,4857300
2017-02-06,166.5474164091832,167.10526505547472,166.3392633603586,166.7555694580078,2770900
2017-02-07,167.26338717117503,167.6047610647753,166.8803801458543,167.00527954101562,2606300
2017-02-08,166.93863890623754,167.09683715540075,166.64721974150052,166.94696044921875,2291500
2017-02-09,167.20512217077714,168.2791858952102,167.16348903626292,167.9544677734375,3487600
2017-02-10,168.43732928304362,169.02015486232958,168.24583217227354,168.80368041992188,2880300
2017-02-13,169.28668869471682,170.24418747369597,169.28668869471682,170.01937866210938,2637400
2017-02-14,169.9027960574865,170.83531739561036,169.81120823287432,170.82699584960938,3586600
2017-02-15,171.0101669976475,171.92604521966243,170.92690072122795,171.83445739746094,3646000
2017-02-16,171.97607460427372,172.11761717194824,171.39324853012693,171.91778564453125,4589600
2017-02-17,171.17546340671436,171.91850617539114,171.16711919196848,171.88511657714844,5747700
2017-02-21,172.45283457986335,173.07065045132518,172.33595187329053,172.87863159179688,3076400
2017-02-22,172.59477757989572,173.26268427768986,172.5196414204498,173.19589233398438,2254400
2017-02-23,173.70520016305994,173.7803363356576,172.99555952308822,173.5048370361328,3179900
2017-02-24,172.88702377735214,173.61336560264382,172.87867956001725,173.59666442871094,3703900
2017-02-27,173.42965541894992,173.96397822209795,173.32947387437858,173.89718627929688,3433700
2017-02-28,173.7468746565458,173.91384810614466,173.38786963761356,173.63833618164062,2821900
2017-03-01,175.25798809297004,176.65223600532354,175.2245985020497,176.17636108398438,7846100
2017-03-02,176.31833314520856,176.31833314520856,175.19123989668336,175.2329864501953,3336900
2017-03-03,175.3749522900282,175.59202931931222,174.83228519534276,175.24972534179688,2589000
2017-03-06,174.70708760126672,175.1328848063681,174.50672443582167,174.89076232910156,2524700
2017-03-07,174.66534510111708,175.04103875695006,174.47331342474035,174.63194274902344,2741000
2017-03-08,174.97415653989668,174.9992019214161,174.01403687103945,174.16432189941406,3173100
2017-03-09,174.27287948548738,174.565079881669,173.54652512401518,174.2144317626953,4430100
2017-03-10,175.06604633845467,175.07439055504344,173.95565404757417,174.61520385742188,3004000
2017-03-13,174.59849438320848,174.77381208527865,174.14765195650716,174.4398651123047,2261800
2017-03-14,174.13101516395145,174.38982605564578,173.6384260347358,174.10595703125,4433000
2017-03-15,174.34803722501644,175.24970938798535,174.24785567555136,174.9741973876953,5737000
2017-03-16,175.4667893681795,175.4667893681795,174.5317275180911,174.85733032226562,3018400
2017-03-17,175.2738846763232,175.2738846763232,174.6883304115651,174.7134246826172,2873200
2017-03-20,174.70505261827947,175.05638515388307,174.46245766199675,174.6715850830078,3308600
2017-03-21,175.10658016669933,175.1902234797213,172.53012871289178,172.61378479003906,6192400
2017-03-22,172.28760503564234,172.7978766456727,171.9028048198286,172.66403198242188,3898500
2017-03-23,172.3460243693596,173.40839484253138,172.24564732954244,172.5802459716797,3840000
2017-03-24,172.8062586527112,173.07393524839,171.48457115794446,172.11195373535156,4052700
2017-03-27,170.7986028795096,171.91116269300727,170.48909826909355,171.67694091796875,4559600
2017-03-28,171.551440128114,173.21609931071137,171.40923498650426,172.9484100341797,3538000
2017-03-29,172.76427905409116,172.78937331404546,172.27910208810815,172.5802459716797,2323900
2017-03-30,172.5718936465385,173.37493553135013,172.44640957670376,173.12399291992188,2849200
2017-03-31,172.92322433647692,173.09888416271914,172.571891919872,172.6053466796875,4179600
2017-04-03,172.75596675754835,172.84798332442838,171.38409151941536,172.5301055908203,4436100
2017-04-04,172.33772317167512,172.96510541465292,172.16205052742657,172.86471557617188,2555400
2017-04-05,173.6510881479356,174.53778660514044,172.45488511034412,172.5385284423828,4110400
2017-04-06,172.69740295410156,173.40006794896246,172.2540538908591,172.69740295410156,3186900
2017-04-07,172.48005331720347,173.21618643379352,172.2290976852629,172.6389923095703,2609300
2017-04-10,172.73088812917393,173.4251926941068,172.27916575482016,172.64723205566406,2395200
2017-04-11,172.5051055752278,172.67240503438316,171.4343737196768,172.5971221923828,3511500
2017-04-12,172.57200351671057,172.57200351671057,171.77732162496196,172.0449981689453,2181700
2017-04-13,171.76885847726388,172.27076928528143,170.94908273734916,170.9574432373047,3605200
2017-04-17,171.4259192229042,172.53847860711016,171.36737018380103,172.46319580078125,2260900
2017-04-18,171.78567438869854,172.1621012926569,170.99935303671148,171.55145263671875,2497900
2017-04-19,171.70199104936694,171.73545858812713,170.34684930448063,170.52252197265625,3606400
2017-04-20,170.94074227875285,172.49665064907788,170.79016391304472,172.0700225830078,3873700
2017-04-21,172.06338370398103,172.24757987674639,171.44382637325361,171.845703125,3034800
2017-04-24,173.58722425691883,173.838402072784,173.33604644105367,173.62908935546875,3220200
2017-04-25,174.9434221531804,175.80578881456123,174.85132412257545,175.5546112060547,3483600
2017-04-26,175.66355314012412,176.1826444440753,175.35377449427335,175.37889099121094,2865300
2017-04-27,175.59656996476798,175.63006714400163,175.0356135791954,175.45423889160156,1951700
2017-04-28,175.51291977428096,175.51291977428096,174.9603310842063,175.05242919921875,1934000
2017-05-01,175.39558907497909,175.39558907497909,174.73415411160389,174.91835021972656,1886000
2017-05-02,175.06904549995716,175.23649300741602,174.77600278033472,175.0941619873047,1359700
2017-05-03,175.09428244412823,175.3789446801854,174.54169379147507,175.1696319580078,1829400
2017-05-04,175.52955249290565,175.52955249290565,174.31554189023092,175.14442443847656,2640100
2017-05-05,175.04400824764838,175.6384490845195,174.7844498018562,175.6300811767578,1673800
2017-05-08,175.5714191109267,175.83934539064356,175.4290880656127,175.755615234375,2311000
2017-05-09,175.93986002123074,176.09057178911405,175.16959091713744,175.50448608398438,1570100
2017-05-10,175.14448622917314,175.66357760542004,174.90167635771843,175.3872833251953,1394300
2017-05-11,175.10258828459274,175.3621339240213,174.23185329017795,175.2198028564453,3093700
2017-05-12,174.96025949356087,175.21980513636657,174.83467701330983,174.99374389648438,1575100
2017-05-15,175.3202505641386,175.93145263084395,175.3202505641386,175.7639923095703,1818500
2017-05-16,176.09053784377852,176.20775240712243,175.3705018759719,175.78074645996094,1746600
2017-05-17,174.24853865502234,174.64204734133327,172.78335054335346,172.86708068847656,5717400
2017-05-18,172.49864868503292,174.11454812995504,172.35631769150896,173.2772979736328,6653800
2017-05-19,173.61157850653055,174.92153564613778,173.4688280811191,174.4680938720703,4892800
2017-05-22,174.93007289404505,175.39190757785974,174.93007289404505,175.20716857910156,2246200
2017-05-23,175.58499099304646,175.79492043573873,175.2407036318928,175.60177612304688,3457500
2017-05-24,175.7696706750966,176.30708935470005,175.5681338653433,176.1895294189453,3479500
2017-05-25,176.77734726713584,177.11322917150838,176.59260837580894,176.82772827148438,2198200
2017-05-26,176.79412841796875,176.94528424068898,176.60940234386874,176.79412841796875,1152200
2017-05-30,176.51705932617188,176.77736975713887,176.31552247006437,176.51705932617188,1066600
2017-05-31,176.68497024912253,176.68497024912253,175.76968120782237,176.34068298339844,1577500
2017-06-01,176.56750009308183,177.51637268066406,176.2652011131503,177.51637268066406,1827900
2017-06-02,177.55827384878555,178.19646738881963,177.40713083966568,177.94454956054688,2314000
2017-06-05,177.9026336669922,178.19654005534093,177.71789470512925,177.9026336669922,1923000
2017-06-06,177.45747529219076,177.83534555023434,177.32311743637558,177.49105834960938,2094800
2017-06-07,177.75966059396674,177.9527918802528,177.29781376757646,177.78485107421875,1545800
2017-06-08,177.7010967595749,178.60799362333532,177.50796523147392,177.9026336669922,2030300
2017-06-09,178.1460003250887,178.9185514309644,177.67576073929843,178.58265686035156,4271100
2017-06-12,178.40644241298799,178.67514543562595,177.91940457056316,178.35604858398438,3682300
2017-06-13,178.69191509671953,179.18734542569413,178.64992665240024,179.17054748535156,2426500
2017-06-14,179.51483505642503,179.6995739612442,178.84305838554383,179.56521606445312,5423100
2017-06-15,178.76746292108092,179.53160894198646,178.6499029804087,179.43923950195312,2571800
2017-06-16,179.4678429811827,179.6781601440768,179.03880059010552,179.6613311767578,2372000
2017-06-19,180.33435728472065,180.88117679968497,180.0988030779599,180.8054656982422,2103300
2017-06-20,180.7802377755873,180.93167282284656,180.3427744395232,180.36801147460938,1762100
2017-06-21,180.57832444558846,180.57832444558846,179.72864766511003,179.93896484375,2129400
2017-06-22,180.0987704124784,180.27542961713658,179.74543916642284,179.8043212890625,2697100
2017-06-23,179.56043719563905,179.98947971610085,179.24075090387646,179.8128204345703,1346800
2017-06-26,180.27543513871353,180.67083239118742,179.6360756505645,179.92210388183594,1940400
2017-06-27,179.7875031428945,180.1408343849845,179.08082782197556,179.1313018798828,1981600
2017-06-28,179.1313105684117,180.47734541600886,179.1313105684117,180.23338317871094,4693700
2017-06-29,180.46899391258984,180.49423095067715,178.0966096384337,178.86216735839844,4372600
2017-06-30,179.316426936323,180.02310243439894,179.16500472464105,179.39215087890625,2216600
2017-07-03,179.9893876445332,181.19240823879102,179.93050552639176,180.4436798095703,2134700
2017-07-05,180.6540763107984,180.72978742599395,179.88851858139316,180.51947021484375,1799000
2017-07-06,180.1071859766104,180.24179202930512,179.13973225093895,179.3079833984375,2297500
2017-07-07,179.6444921594661,180.16608742324726,179.54354403468142,180.07354736328125,1326500
2017-07-10,179.76234342513274,180.3260049190686,179.64456628537272,180.0231475830078,1156300
2017-07-11,179.955720550191,180.27539380259648,178.9209512100952,180.0146026611328,1577600
2017-07-12,180.8558907697732,181.46160509070296,180.78017968884149,181.0662078857422,2103300
2017-07-13,181.12512905290393,181.34385426394067,180.87274590986775,181.25973510742188,1587400
2017-07-14,181.1251437972309,182.28608581091885,180.96530069907143,181.93275451660156,2395500
2017-07-17,181.983210354887,182.12622446126485,181.7476433621449,181.89907836914062,2291000
2017-07-18,181.42799430754442,181.55417946629166,180.56148865283882,181.46163940429688,2247500
2017-07-19,181.62150887288604,182.00007724084657,181.42802065579374,181.98326110839844,1785800
2017-07-20,182.19357232883783,182.2019803947866,181.47008071824578,181.87388610839844,1372000
2017-07-21,181.23050476147392,181.53369306756736,180.86835710521913,181.516845703125,2217300
2017-07-24,181.49994241524587,181.49994241524587,180.8009247901668,181.14622497558594,1459600
2017-07-25,182.33367746782426,182.35052482377284,181.4830723285462,181.794677734375,1924200
2017-07-26,182.59481811523438,182.8895891199404,182.38427106923632,182.59481811523438,2041000
2017-07-27,182.99059552667052,183.38642488859023,182.44317850313124,183.3611602783203,3202400
2017-07-28,183.2012147198872,183.7317974462164,183.00751501455002,183.6138916015625,2305000
2017-07-31,184.14436569906562,184.46440118985635,184.0096254115238,184.1864776611328,1765000
2017-08-01,185.06232007540103,185.1128492786169,184.5654195919962,184.75070190429688,2307100
2017-08-02,185.13817622410474,185.39083517602884,184.80972344183385,185.18870544433594,3063300
2017-08-03,185.22245111520135,185.47511015416444,185.04559878346797,185.33193969726562,2496400
2017-08-04,185.82039057915892,185.8456551952814,185.30665530004993,185.76144409179688,1877700
2017-08-07,185.9130447166453,186.1067444039776,185.7867216272486,185.9972686767578,1902800
2017-08-08,185.95514426137757,186.69626108756455,185.65195601632843,185.8625030517578,3623900
2017-08-09,185.55929844269673,185.79511007352028,185.24769296998775,185.7024688720703,3555800
2017-08-10,185.12139653959315,185.19719039764695,184.06024397452154,184.10235595703125,7832600
2017-08-11,184.2370068753068,184.62441893525173,184.0348900186108,184.1864776611328,4944500
2017-08-14,185.1803401815768,185.5256275670206,185.12138084090853,185.25613403320312,2605000
2017-08-15,185.76983987211995,185.76983987211995,185.1634634537346,185.41612243652344,1835700
2017-08-16,185.87086942115477,186.20775229607628,185.5171520405629,185.6771697998047,2476100
2017-08-17,185.28142136451868,185.34038071241494,183.40334510072213,183.43702697753906,3535800
2017-08-18,183.19141038617357,183.75704892443846,182.48223989333565,182.8030548095703,4468500
2017-08-21,182.74382366287188,183.1321660575219,182.12752044371024,182.98020935058594,3467200
2017-08-22,183.54588642339422,184.7615918652217,183.45301967764192,184.6265106201172,2423200
2017-08-23,184.05240353297035,184.43232110744043,183.9088845550383,183.97642517089844,3660200
2017-08-24,184.50831444864068,184.50831444864068,183.58809763669325,183.75694274902344,1934400
2017-08-25,184.26347701737637,184.8291152255331,184.04397966082576,184.07774353027344,2373300
2017-08-28,184.46604219334483,184.5335827935411,183.64713012878732,183.99327087402344,1425000
2017-08-29,182.92957004822355,184.68558746337865,182.8789178054301,184.5420684814453,2013300
2017-08-30,184.67723631559858,185.02337731307347,184.37330983426529,184.82919311523438,1804100
2017-08-31,185.3356777377331,185.63960411443108,184.98953685942703,185.32723999023438,2173000
2017-09-01,185.84218218674877,186.07856788156514,185.58890811885857,185.66488647460938,2150200
2017-09-05,185.3356802722347,185.3356802722347,183.35171460803937,183.76539611816406,3828600
2017-09-06,184.49984359533505,184.5673842092748,184.0777244197529,184.25502014160156,1915500
2017-09-07,184.4407824483244,184.65184206911644,183.7738268326696,184.13685607910156,1982800
2017-09-08,183.71466210458868,184.60111472772834,183.63868376370428,184.2465362548828,2135800
2017-09-11,185.37787406030597,186.48382433087363,185.37787406030597,186.3740692138672,3019300
2017-09-12,186.85538756144496,187.05800952444605,186.6358900964074,186.93136596679688,2072900
2017-09-13,186.87227091654225,187.2437251822873,186.74562736230124,187.21839904785156,1720800
2017-09-14,187.12548039401793,187.78398547094946,187.100154266602,187.69113159179688,1893700
2017-09-15,187.91787600468078,188.29010993259863,187.73175904072187,188.18858337402344,2377700
2017-09-18,188.58612917466607,188.98374137477293,188.3746338728496,188.78916931152344,1827300
2017-09-19,188.96682373503765,189.22062068646682,188.84838687885724,189.1444854736328,2042800
2017-09-20,189.13595302345897,189.45741698250637,188.611436095861,189.4151153564453,1819900
2017-09-21,189.41521841975694,189.47444331019622,188.98377257992422,189.05145263671875,1741400
2017-09-22,188.84010440688837,189.04314473544082,188.50171676796194,188.82318115234375,2448400
2017-09-25,188.7468241750968,189.01753138654342,187.7993295720649,188.50149536132812,2844300
2017-09-26,188.70459526813414,189.07682912239457,188.3323614138737,188.39158630371094,1314500
2017-09-27,188.9921990258413,189.09372554992993,188.1039290734464,188.7553253173828,2381500
2017-09-28,188.6284351670662,189.30522273021725,188.40001662141475,189.16140747070312,1462800
2017-09-29,188.9837707503093,189.38983817849416,188.76382024934477,189.34754943847656,2415800
2017-10-02,189.66051482409256,190.67568961561983,189.5166995785856,190.54879760742188,2611200
2017-10-03,190.97183050106247,191.42865474046025,190.8618487971525,191.3948211669922,2510000
2017-10-04,191.52168149807028,191.7670103638905,191.3440197679843,191.53860473632812,1746900
2017-10-05,191.70781817167125,192.59610109644916,191.57245806894034,192.5791778564453,2258500
2017-10-06,192.32537475627487,192.57071654823005,192.23231630219695,192.50303649902344,2090300
2017-10-09,192.7906988368873,192.84992373045867,192.32540648972505,192.48614501953125,1006800
2017-10-10,193.06134896800623,193.24745293063572,192.57913355370457,193.1036376953125,1417700
2017-10-11,193.1544361434522,193.42514341826706,193.02753121671026,193.39976501464844,1423600
2017-10-12,193.2982323928748,193.56893964107064,193.0105889990668,193.16287231445312,1307300
2017-10-13,193.4843561505741,193.70430660434138,193.31514959220905,193.5012664794922,1744300
2017-10-16,193.7890246393725,194.178168973296,193.5690611467016,194.11048889160156,2373400
2017-10-17,194.3303241486814,194.54181942366822,194.16958567430788,194.44876098632812,1838000
2017-10-18,195.42172540074097,195.99698662135154,195.34559016424603,195.81088256835938,2720500
2017-10-19,195.2863604646323,195.98007146983707,195.01565310530685,195.9716033935547,2305400
2017-10-20,196.82083101592588,197.37962341308594,196.32977220498466,197.37962341308594,3275700
2017-10-23,197.76053585777993,197.76053585777993,196.9392842108701,196.97314453125,2325100
2017-10-24,198.2092272467094,198.7087476341632,198.08223491730706,198.3616180419922,3300500
2017-10-25,198.49709533084828,198.49709533084828,196.7191380336613,197.40492248535156,3813300
2017-10-26,198.0399632077817,198.47175018477589,197.90449606716712,197.98916625976562,2581500
2017-10-27,198.0737762390471,198.39550739147197,197.5742558110171,198.26004028320312,2944200
2017-10-30,197.7098005759208,198.23471967807262,197.39653115014607,197.54893493652344,2672500
2017-10-31,197.8113793328405,198.03997853546323,197.43885112674664,197.80291748046875,1772000
2017-11-01,198.62406130403795,198.97965269315057,197.88746714479967,198.2769317626953,2675700
2017-11-02,198.2939065290557,199.10668331230613,197.54038852929975,198.92889404296875,2459400
2017-11-03,199.26757708255468,199.29297555319718,198.65798794942276,199.11517333984375,2574400
2017-11-06,199.15753276210702,199.4623273659105,199.03900224500887,199.3099365234375,2549900
2017-11-07,199.55535925506234,199.7077629399034,198.70024759079897,199.31829833984375,2390700
2017-11-08,199.27597980218138,199.4791804258818,198.93732501486608,199.35218811035156,1531900
2017-11-09,198.5308906434748,199.1997382149031,197.40484500446595,198.72561645507812,4225200
2017-11-10,198.49713071255687,198.68339478434726,198.20081090296767,198.48019409179688,2506600
2017-11-13,197.82824622259307,198.77649010831806,197.80284775557215,198.67489624023438,2452400
2017-11-14,198.09073571216143,198.41246690170627,197.19328862433215,198.3531951904297,2566500
2017-11-15,197.40490785263265,197.83669468161722,196.9731081047949,197.23558044433594,2823600
2017-11-16,198.30237556113286,199.19982254628624,198.2769770931647,198.88656616210938,2933400
2017-11-17,198.3960653906092,198.5657989188472,198.04810324032653,198.0735626220703,3483300
2017-11-20,198.30272166837096,198.90527767152363,198.09903365260504,198.71856689453125,2056600
2017-11-21,199.58421968493622,200.28014400867823,199.5248187755018,200.05947875976562,2749900
2017-11-22,200.3395231491494,200.3395231491494,199.3974872461036,199.58419799804688,2860800
2017-11-24,199.91516902773603,200.17825790091806,199.78787213743382,199.8387908935547,1435500
2017-11-27,199.86428584328323,200.56869231127627,199.77093045716757,200.05947875976562,2329500
2017-11-28,200.56018034307388,202.35937884447807,200.4837892568199,202.27450561523438,4844500
2017-11-29,202.9619841768961,203.3863245267954,202.6394943168637,203.19113159179688,3376100
2017-11-30,204.26041392985255,206.64521698242703,204.03127952164513,206.09356689453125,6586400
2017-12-01,206.34819543116768,206.6028021947996,203.18262049789564,205.76260375976562,9772700
2017-12-04,207.9351496974912,208.41042152976644,206.28872084041262,206.32266235351562,6565800
2017-12-05,206.8911899118651,206.89967204912912,205.1853479341888,205.38902282714844,4925600
2017-12-06,205.1430091987633,205.81346095759866,204.99873509749077,205.05813598632812,3976100
2017-12-07,204.7102863699939,206.11908655222547,204.61693097088454,205.68626403808594,2718300
2017-12-08,206.39053638264062,206.7639577362318,205.87284095149505,206.75546264648438,2704300
2017-12-11,206.8828382955329,207.28171914566715,206.653690946558,207.22230529785156,1857800
2017-12-12,207.86728981838536,208.66505148809,207.7569701692682,208.3001251220703,3282400
2017-12-13,208.51227274145268,209.6155597624925,208.47831827628175,209.02996826171875,3748700
2017-12-14,209.53069752948812,209.6834667310945,208.32557294945144,208.4104461669922,4713300
2017-12-15,209.43209098855195,209.8488883426432,209.10034822655587,209.4661102294922,5862800
2017-12-18,210.9632002828112,211.41402985058238,210.55490450019536,210.77606201171875,3285700
2017-12-19,211.21846801808903,211.24398570270824,210.05311715549914,210.44439697265625,2773600
2017-12-20,211.23538593054295,211.2949228404777,209.89990048537007,210.16360473632812,2401400
2017-12-21,210.7250337437993,211.20138100277595,210.46134243825787,210.66549682617188,2446700
2017-12-22,210.59751605986526,210.62303374448447,210.07863484011835,210.44439697265625,1847000
2017-12-26,210.0530353931501,210.60593565067708,210.002000043777,210.3167266845703,2156700
2017-12-27,210.23166746574003,210.69101158731917,210.18914665923273,210.5123748779297,2930300
2017-12-28,210.90359552054863,211.1162513984262,210.7589910811301,211.06521606445312,2743300
2017-12-29,211.43955146668353,211.47357070566022,210.24867043068565,210.42730712890625,2951800
2018-01-02,211.2439183395043,211.3545035905857,210.2997253712042,210.9717254638672,4454900
2018-01-03,211.22688749115352,211.99244364413488,211.01423156204893,211.7627716064453,5528600
2018-01-04,212.62186123082495,213.43845254328258,212.33263936898985,213.166259765625,4932900
2018-01-05,213.82983265628954,215.08025078391282,213.48107375441037,214.96966552734375,3349200
2018-01-08,214.99512694655428,215.18226518739885,214.54429745165243,214.85902404785156,3847500
2018-01-09,215.37793890201965,216.30511570887256,214.96964312111461,215.90533447265625,5031400
2018-01-10,215.35240563771285,215.99887499230576,214.7399555209457,215.7351837158203,2357600
2018-01-11,216.05839768567373,217.47893756173804,215.93080933552787,217.4279022216797,2760400
2018-01-12,218.29561711172283,219.43545003048405,218.16802871764162,219.38441467285156,3678400
2018-01-16,221.39178203579485,221.80009068506584,218.53369936781,219.29925537109375,8102900
2018-01-17,220.53280130363572,222.17449950333227,219.92035094429477,222.08091735839844,6144400
2018-01-18,222.21684910756144,222.28491351670448,220.6347020410284,221.29818725585938,4860200
2018-01-19,221.32714763054443,221.75269494456074,220.66329485961288,221.74420166015625,4057600
2018-01-22,221.02935332254492,222.99538044057834,220.9697704466397,222.9698486328125,3359900
2018-01-23,222.84216963406678,223.23369199484787,222.36555856067326,222.876220703125,3483300
2018-01-24,223.83788828639683,224.48472851839128,222.02505256393118,223.471923828125,7106400
2018-01-25,224.33146828375934,225.02087869781172,223.34422155813937,224.47616577148438,5918900
2018-01-26,224.96136819140233,226.3316182573058,224.73155598837113,226.31460571289062,3861700
2018-01-29,226.016738123576,226.30610724532048,224.79115950598012,224.82521057128906,4605600
2018-01-30,222.54421067321485,223.36125416276312,221.36117679007452,221.812255859375,9409500
2018-01-31,223.83789848002758,223.97407674419364,221.53143919408265,222.51019287109375,5360500
2018-02-01,221.24204718750502,223.7527606227499,221.088830422859,222.66336059570312,5182000
2018-02-02,220.95272216787816,221.15700259433788,216.79938811904015,216.9696044921875,9486600
2018-02-05,214.66313333013025,217.04620138783878,203.46272254957356,207.04583740234375,19888200
2018-02-06,202.83293160558844,212.20348126214685,202.1690656724893,211.88858032226562,20493100
2018-02-07,211.2757780666006,215.14824902164767,210.70554610835558,211.7183380126953,12657100
2018-02-08,211.88853944276093,211.99066664968353,202.98608328356715,203.13076782226562,15829100
2018-02-09,205.4628343216728,207.69269892761406,198.95195018354406,205.99050903320312,19858000
2018-02-12,207.6926954488913,210.94388432636634,206.86713232499542,209.5140380859375,10458400
2018-02-13,208.27990072711185,210.43316932781127,207.947974306082,209.85443115234375,6234000
2018-02-14,208.66298214750094,212.3397191785522,208.55233562980305,212.17800903320312,5764000
2018-02-15,214.15246067351043,214.90142822265625,211.48854288925406,214.90142822265625,6111500
2018-02-16,214.53884131945506,216.8341522359613,214.3425917934159,214.9910888671875,6399000
2018-02-20,213.69401237190246,214.67527258411812,212.11544974884364,212.76394653320312,8685200
2018-02-21,212.97728311442708,215.46030157948522,211.36459511261546,211.3731231689453,5894800
2018-02-22,212.14957597537295,214.4790109777371,212.0642433443987,212.88339233398438,6342300
2018-02-23,213.99266999526913,215.835745728865,213.36125530463724,215.80162048339844,5119000
2018-02-26,217.00480840855906,219.44516133162224,216.6976290234283,219.22332763671875,6120900
2018-02-27,219.37691366659885,220.0253846814928,216.6634935594035,216.6976318359375,7219200
2018-02-28,217.7385296641152,218.24197139635567,213.48922729492188,213.48922729492188,5299300
2018-03-01,213.49780324678323,214.91422892127397,208.51467062470272,209.88844299316406,8144800
2018-03-02,207.81497935540153,209.8372354842428,206.62892847942425,209.3508758544922,6393400
2018-03-05,208.062439382803,213.0029057541787,208.02831413347272,212.3288116455078,4891000
2018-03-06,213.47219628712833,213.47219628712833,210.80145610423085,212.3288116455078,4408500
2018-03-07,209.78608014976982,212.10698795371243,209.3935681303067,211.70594787597656,5362600
2018-03-08,212.57631080814247,213.0712116514414,210.9465531548552,212.5848388671875,5846600
2018-03-09,214.12065716643136,216.35623168945312,213.60868737309943,216.35623168945312,3904000
2018-03-12,216.7744297801833,217.34612223947173,214.76922912302857,214.9910888671875,5512800
2018-03-13,215.9637978311411,216.70614253707333,213.0199901629203,213.50636291503906,6100900
2018-03-14,214.52176278051775,214.70094314906328,210.69055527382565,211.50970458984375,6222800
2018-03-15,212.32883549630117,214.00125933991535,211.44143569474875,212.46536254882812,5069600
2018-03-16,212.48582813940337,213.81936542614804,212.28920717359495,212.9388885498047,3430100
2018-03-19,212.25504074547715,212.32342895208816,208.85280898980722,210.2119903564453,5739500
2018-03-20,210.7078754796735,211.87044934827682,210.5625553765633,211.2293243408203,3258400
2018-03-21,211.26348666413494,213.40911340335796,210.56253018923235,210.8189697265625,4341400
2018-03-22,208.65622652766936,209.45977179905816,204.45044887247172,204.6128692626953,7449700
2018-03-23,205.14274155785225,205.92918605308392,200.757458807742,200.99681091308594,7598700
2018-03-26,204.33075239373684,206.99782745969264,202.7664062742919,206.7157440185547,6589700
2018-03-27,207.76722633318093,208.80156727270725,202.46726273294945,203.69821166992188,6513100
2018-03-28,204.33932001798124,205.77544656005315,202.63821031769828,203.6896514892578,7983700
2018-03-29,204.7923564773821,207.67313963164437,204.3563832815076,206.356689453125,6614500
2018-04-02,205.44198254703687,206.04036293953087,199.34702008902147,201.8687744140625,9217400
2018-04-03,202.92037445013656,205.37374234916098,202.08262825323544,205.2882537841797,9874500
2018-04-04,200.92850164702932,207.63893295056133,200.83446949416296,207.2628173828125,6437500
2018-04-05,208.40826690235474,210.36582853486897,208.04923864396105,209.3571319580078,4786400
2018-04-06,207.1260484225021,208.79297024354338,202.8005953224658,204.41622924804688,6985500
2018-04-09,206.1515870154851,208.27156979563185,204.67271612076797,204.92916870117188,5052000
2018-04-10,208.02360397867344,209.4340731312548,207.04053825815447,208.58778381347656,5977500
2018-04-11,206.98073707781256,208.22024243053826,206.3481559051865,206.76702880859375,4733100
2018-04-12,208.28867548307022,210.13511845712205,208.10061112217306,209.271728515625,4742400
2018-04-13,210.64792189324098,210.68212251376036,207.15165845874103,208.22019958496094,5222500
2018-04-16,209.53655770928114,210.86155081622428,209.19462989497129,209.96397399902344,4018400
2018-04-17,212.1267899054403,212.40888634229836,211.37454578420105,211.82760620117188,3821900
2018-04-18,211.89602921325618,212.18666933156717,211.21216013674027,211.46861267089844,3645600
2018-04-19,211.07541365425817,211.6396067006948,209.8530084306984,210.77622985839844,3721800
2018-04-20,210.7180621417129,210.96610386676713,208.34035395021363,209.1015625,3396500
2018-04-23,209.5976363397303,209.70026709622002,207.9554789823618,208.99038696289062,2491000
2018-04-24,209.87979963162118,210.02519749512308,203.66183213571557,205.3467559814453,7088900
2018-04-25,205.51787308249033,206.40738305007955,203.6362354520281,205.86854553222656,5269200
2018-04-26,206.4928196230362,208.58829219930445,206.22768160418102,207.93826293945312,3845800
2018-04-27,207.81001718590196,208.21200492620326,206.78367078435292,207.79290771484375,3209800
2018-04-30,208.7766234659529,209.40953071162122,206.561408953983,206.58706665039062,3475700
2018-05-01,205.8600125092907,206.03106811546186,203.4823043466046,205.9198760986328,4396600
2018-05-02,205.79157300561548,206.72383708597732,204.17507349857598,204.50863647460938,2729400
2018-05-03,203.49085652922273,205.1244656590471,201.09603884398535,204.50010681152344,6177500
2018-05-04,203.65345441732634,208.02399439340957,203.28567229529187,207.42529296875,3600900
2018-05-07,208.26331008408383,209.26399875536458,207.39947107315817,208.19488525390625,2983800
2018-05-08,207.98106255361458,208.6738460144473,206.8435242219787,208.19488525390625,2927200
2018-05-09,208.88770835561417,210.27328859092472,208.01532096937552,209.88839721679688,3670500
2018-05-10,210.4015989109075,212.20626355367563,210.37594122338945,211.65032958984375,3877800
2018-05-11,211.85559428179062,212.91615990110247,211.5819079272396,212.57403564453125,3293500
2018-05-14,213.3181349953569,213.99380915430126,212.83917411549177,213.19839477539062,4286300
2018-05-15,212.17201734388073,212.26608681310435,210.82065617161388,211.52198791503906,4755900
2018-05-16,211.41084532340082,212.3516707425122,211.23124150292904,212.08653259277344,2034400
2018-05-17,211.94111639824345,212.8733804736167,211.15425022952155,211.88980102539062,2058200
2018-05-18,211.82720571221324,212.30751796656097,211.35546578829053,211.85293579101562,2408800
2018-05-21,213.75707037662903,215.0007390155551,213.74849804499175,214.37461853027344,4060300
2018-05-22,214.74334885198223,214.7948089985918,212.64197664443634,212.86497497558594,2329300
2018-05-23,211.7071368472175,213.3110395707163,211.39836280064537,213.25100708007812,3489400
2018-05-24,212.8221493419231,213.0794501343287,210.86658479447513,212.63345336914062,3448100
2018-05-25,212.2046035836516,212.79642158770582,211.60421324893267,212.1702880859375,4207000
2018-05-29,210.46340464476225,211.17530051137362,207.83024717112045,208.8080291748047,6439600
2018-05-30,210.28332526738146,211.9901612404948,209.77728295896767,211.59561157226562,4185900
2018-05-31,210.99521664631578,211.01237439347733,208.85952864436183,209.43418884277344,5357800
2018-06-01,211.1152896440254,211.7071075754213,210.6950099175567,211.30398559570312,3565300
2018-06-04,212.47046206592893,213.28527834866586,212.31606852142215,212.8821563720703,3062500
2018-06-05,212.84780355468686,213.12226199793534,211.99009965231065,212.83921813964844,2816400
2018-06-06,213.77421741181905,215.7383544356998,213.18239937028113,215.7297821044922,4102500
2018-06-07,216.33016785258295,217.31652250904105,215.91847347543407,216.59605407714844,4286800
2018-06-08,216.107077116347,217.35074513493097,215.94411128382143,217.2306671142578,4451000
2018-06-11,217.53085587620862,217.99402330471932,217.01624139594674,217.33358764648438,4200200
2018-06-12,217.63384637154516,217.6595764479363,216.62174871256408,217.25645446777344,6531000
2018-06-13,217.35934931316115,217.64239320783585,216.16714125909013,216.29579162597656,3819000
2018-06-14,217.13630917227482,217.4450830808731,215.74682003982153,216.13279724121094,5007000
2018-06-15,214.9783405186064,215.7771908751048,213.68986205425614,215.38206481933594,6340800
2018-06-18,213.71569104345227,214.66056765373634,213.1487572130312,214.51454162597656,4075500
2018-06-19,211.8259674958746,212.36711980049017,210.9068461208931,212.0664825439453,5511100
2018-06-20,212.99419813818238,213.01136842299985,211.41365376010455,211.70571899414062,4711700
2018-06-21,211.1645170922557,211.25900607078447,209.53243592740293,210.02206420898438,4676600
2018-06-22,211.2418441238966,211.74864273877273,210.82953449714032,211.04428100585938,3584900
2018-06-25,209.74715318590054,209.93613111662387,206.75788617449723,208.14085388183594,9536000
2018-06-26,208.664789133619,209.3262117433512,208.10645371302624,208.45004272460938,3829900
2018-06-27,208.96555665618135,210.9498124922002,207.0242396404045,207.1187286376953,6149300
2018-06-28,206.5602699532056,208.6991488330742,206.01051968903715,207.9432373046875,5524000
2018-06-29,209.14582616317895,210.41713438520043,208.38132944517736,208.5015869140625,3966200
2018-07-02,206.94682495666115,208.767870373231,206.68912663559834,208.5015869140625,5700300
2018-07-03,209.6440494667886,209.85021075493296,207.3162055417448,207.58248901367188,3143800
2018-07-05,208.84525165510888,209.3090982864156,207.6083098288443,209.20602416992188,3294600
2018-07-06,208.99978089244945,210.6232631261717,208.5702880993263,210.10787963867188,3546000
2018-07-09,211.121543472879,213.0284931292967,211.10436008570764,212.89105224609375,3679300
2018-07-10,213.4751494096965,214.29976841734856,213.41501411378295,214.08502197265625,3474700
2018-07-11,212.46159763638323,213.1659724595277,211.860310047776,212.23826599121094,4409800
2018-07-12,213.94760904630627,214.26542961222464,213.17451392755163,214.14517211914062,3175400
2018-07-13,214.0935787837788,215.14154227962328,213.82728223394926,214.91819763183594,3018100
2018-07-16,215.08139975800472,215.39063509239065,214.600369928311,215.32191467285156,1881400
2018-07-17,215.2189217407259,216.09509103634002,214.66057303661253,215.84597778320312,2960100
2018-07-18,215.94049909495817,216.61050715456184,215.62267845586297,216.49024963378906,2119600
2018-07-19,215.79451125748764,216.13810048994685,215.27052915837945,215.42514038085938,2537400
2018-07-20,214.86433972232706,215.91362108687758,214.7439164011119,215.3975830078125,2687800
2018-07-23,215.19966721234982,215.53509639828698,214.69221229108405,215.24266052246094,1792000
2018-07-24,216.1028234167038,217.30693842855698,215.9308107360752,216.91990661621094,5485300
2018-07-25,216.36943885709732,218.59703371322462,215.8189773302418,218.47662353515625,4687600
2018-07-26,218.90666098060782,219.9043396851675,218.84644932992552,219.42269897460938,4175000
2018-07-27,219.41409939249428,219.8355415692915,218.01217060682535,218.6830291748047,5852900
2018-07-30,218.91526366448193,219.13887882296333,217.31552089944827,217.48753356933594,4484200
2018-07-31,218.19281879231247,219.04428616483943,218.11541505366938,218.60565185546875,3743100
2018-08-01,218.3735162452284,219.0099778658179,217.2210163669487,217.69406127929688,3159000
2018-08-02,216.26621453464614,217.95197010281106,215.90498401083752,217.6853485107422,4132600
2018-08-03,217.63375231254187,218.88946978002187,217.63375231254187,218.79486083984375,2469400
2018-08-06,218.64860791201195,219.52588945228018,218.14116602178484,219.19046020507812,2305400
2018-08-07,220.16242670281022,220.8332985926201,219.87859982120224,220.2828369140625,2394500
2018-08-08,220.15376943303224,220.28277565073552,219.6463274784326,219.8527374267578,1876800
2018-08-09,219.97311494428726,220.37736498842884,219.31946166543256,219.4570770263672,1677300
2018-08-10,218.1841351118159,218.37335293524905,217.08323857023484,217.85731506347656,4796900
2018-08-13,218.08959544661352,218.4250247428871,216.4812435335411,216.77366638183594,3686700
2018-08-14,217.3929538154354,218.07242166973364,216.93711427336416,217.77999877929688,2815800
2018-08-15,216.601675130465,216.91130321331138,214.8987272366733,216.53286743164062,5804000
2018-08-16,218.77761876619138,220.5321818840429,218.70021504374242,220.12794494628906,7919200
2018-08-17,219.97971780115301,221.60868594494065,219.80734279440665,221.08294677734375,3902500
2018-08-20,221.5999830192688,222.1257483101742,221.4793323919546,221.87579345703125,2930700
2018-08-21,222.3068742651915,222.97054518356552,222.16036796306156,222.42755126953125,3290900
2018-08-22,222.36721625522085,222.53960446333946,221.54841172077892,221.66046142578125,3850600
2018-08-23,221.3328723163382,221.98791574472756,220.6261308531553,221.06568908691406,2811900
2018-08-24,221.71214947113722,222.52232661973068,221.49667738486758,222.2379150390625,3631500
2018-08-27,223.44453573647465,224.6511740633169,223.44453573647465,224.59083557128906,4111600
2018-08-28,225.2114318488748,225.22868645089696,224.39265363798006,224.64260864257812,2713600
2018-08-29,224.78036779506465,225.61640016223024,224.47010075705663,225.23716735839844,2433900
2018-08-30,224.72870986132224,225.08208716237007,223.61689307566604,224.09954833984375,3867200
2018-08-31,223.7375095830134,224.51320354610905,223.2117705123018,223.96160888671875,3081800
2018-09-04,223.41867442285965,224.02200672221252,222.5481588687842,223.85824584960938,2945000
2018-09-05,223.41865566633734,224.3581106287089,223.16009973274515,224.02198791503906,3282400
2018-09-06,224.21158813143248,224.9958831741157,223.2635059390146,224.3408660888672,3878500
2018-09-07,223.51342731174353,224.38394270148717,222.76358888018646,223.69444274902344,3796400
2018-09-10,224.53909410810203,224.65114377740713,223.1083566053202,223.1773223876953,2247600
2018-09-11,222.45336798009276,224.53052186929327,222.2120403163502,224.11680603027344,3072900
2018-09-12,224.2202481655109,225.61650307892532,223.72896549516287,224.3064422607422,4971200
2018-09-13,225.3148853778118,226.0043856020409,224.94425336210978,225.62515258789062,2472300
2018-09-14,225.82331677607496,226.21977795008627,224.9700296437124,225.7198944091797,3077700
2018-09-17,225.57341210871508,225.97850067112824,224.6425842965445,224.9356231689453,2473500
2018-09-18,225.16827681199206,227.1333807211508,225.10793832947127,226.59901428222656,2998900
2018-09-19,226.7627986598326,228.3917537377269,226.7627986598326,227.90049743652344,4001000
2018-09-20,229.26216808963557,230.39123906886613,229.25354079426242,230.15853881835938,5247100
2018-09-21,231.07053774040713,231.12235485406777,230.24143756521764,230.6991729736328,3944500
2018-09-24,230.31929598985496,230.33658594212054,229.08427680805605,229.23110961914062,3778600
2018-09-25,229.75794815661544,229.83567387939198,228.46246673039914,228.6352081298828,1820400
2018-09-26,228.70421405664644,229.59377662403506,227.37417951431786,227.8146514892578,3365900
2018-09-27,228.22064208984375,229.18793066044742,227.6506271057444,228.22064208984375,2440100
2018-09-28,227.6246010850355,228.8164475862321,227.57278396382026,228.35006713867188,3288800
2018-10-01,229.81833577692345,230.72516193863459,229.50740662998086,230.36244201660156,5828100
2018-10-02,229.82690654709953,231.47648851440638,229.77508942616828,231.08786010742188,4553400
2018-10-03,232.12420692172452,232.56467876459095,231.1742088901139,231.41603088378906,5827700
2018-10-04,231.19152449553772,231.20878808589154,228.50554704612097,229.94786071777344,8720900
2018-10-05,230.02571563283018,230.26753781676672,227.05474231210033,228.28114318847656,7477100
2018-10-08,227.3569044079425,229.04965878550215,226.34641768032458,228.72146606445312,6236400
2018-10-09,228.33283566793935,229.1446724900024,227.26191320335698,228.2032928466797,4559100
2018-10-10,228.03920018120633,228.10828090145478,220.92268676907244,221.14723205566406,12292000
2018-10-11,219.99861865733484,221.72594014128688,214.928972997356,216.146728515625,15270300
2018-10-12,219.67897492206544,219.89488836599818,215.85298184285557,218.7635040283203,8634400
2018-10-15,218.39209206509128,220.00713333562118,217.93435668945312,217.93435668945312,5500900
2018-10-16,219.90355782968572,222.9177015891996,219.3508198456647,222.75363159179688,7099800
2018-10-17,221.89004011459008,222.84003861269227,219.94680506111857,221.93321228027344,6822400
2018-10-18,221.19036247576733,221.8381028269649,217.9171335444837,219.09169006347656,8694600
2018-10-19,219.70103743274657,221.21335628563028,218.93191580073494,219.77882385253906,6618300
2018-10-22,220.4269705376969,220.74671374722178,217.9467585393331,218.67266845703125,4662600
2018-10-23,215.21590534330267,218.57757319986334,213.90235803962352,217.48870849609375,7360500
2018-10-24,218.11948267269287,218.54293650494435,211.8800889752356,212.27761840820312,7624300
2018-10-25,213.73814965340188,216.84919714551583,212.80483144985618,215.8467559814453,5920200
2018-10-26,213.78131278536875,215.21584465158978,211.12826814522865,213.0467529296875,5882900
2018-10-29,214.93943762754404,216.2529985068893,208.31116050891168,211.26666259765625,6833300
2018-10-30,211.24063258065803,215.1294512564835,210.9381636313237,214.9220428466797,6151100
2018-10-31,216.85780706508936,218.82814073281477,216.38250438507464,217.0738525390625,5376400
2018-11-01,217.9034964320748,219.3553291183242,216.8319191401758,219.26890563964844,3267900
2018-11-02,220.69479649769784,220.88491758667894,216.5467203897734,218.17138671875,6413400
2018-11-05,218.49979513120064,220.3059325234975,218.20597638713144,219.91705322265625,2833700
2018-11-06,219.96024709171,221.55898909305387,219.7874133260874,221.4293670654297,2193300
2018-11-07,223.35652520647596,226.2947394274339,222.5269176744668,226.22561645507812,4462300
2018-11-08,226.00948519605444,227.25390920852857,225.52554545484094,226.5020751953125,4023400
2018-11-09,225.68984861030793,225.9404688572114,223.85778638660054,224.76516723632812,4386500
2018-11-12,224.42806363037872,224.61818471485276,219.22567139738013,219.6923370361328,10153000
2018-11-13,219.35536538021515,220.68620014177174,217.97266861105683,218.68994140625,3937900
2018-11-14,220.3837132423457,220.61703290500273,215.76033393402173,216.83192443847656,5610300
2018-11-15,216.21833740027682,219.5022316927976,214.61960858520308,218.8281707763672,5667000
2018-11-16,218.11005796298764,220.85604402638484,217.72025351054168,220.06776428222656,4529500
2018-11-19,219.68659402451803,219.83385288117242,215.55463554662916,216.43820190429688,4249600
2018-11-20,213.4064305337424,213.90017940455968,210.9549749903381,211.79522705078125,7341100
2018-11-21,212.95595047495095,213.6402859088644,211.86449533423547,211.9251251220703,4257600
2018-11-23,210.71235403885024,211.38801849489576,210.24459142225737,210.33120727539062,1928000
2018-11-26,212.1156876305985,213.72689078462005,211.95110030134614,213.432373046875,3435500
2018-11-27,212.38419689762247,214.41986120102948,211.4833153189762,214.3938751220703,2932000
2018-11-28,215.79717466399813,219.8858184814453,215.33806964878715,219.8858184814453,5132500
2018-11-29,219.67795184481056,220.86469361980207,218.48253923086787,219.66928100585938,3471100
2018-11-30,219.24488038282007,221.61836444721771,219.01099238206538,221.33250427246094,2991800
2018-12-03,225.36913461604388,225.48172334150541,222.64046397924173,224.1217498779297,9544200
2018-12-04,223.17753833086294,223.52402819303194,216.88864291234208,217.1918182373047,5376900
2018-12-06,213.40642544919874,216.44691651590767,210.33994829610515,216.31698608398438,8232800
2018-12-07,216.26496288895456,217.78087925322686,210.74701833493907,211.63058471679688,5963700
2018-12-10,211.3100592073131,212.652730492713,207.24740165358102,211.97706604003906,6021000
2018-12-11,215.20820877069028,215.26018094501282,210.20135330552569,211.56134033203125,5646500
2018-12-12,214.29859983611613,215.48534156423742,212.79134108753226,212.99058532714844,3734800
2018-12-13,213.4583300489953,214.70571467156282,212.37553273325832,213.32839965820312,4455300
2018-12-14,211.41404985972437,212.08105683865864,208.60744712348233,209.12718200683594,6591200
2018-12-17,207.93174590588177,209.10983001375115,203.60922711523142,204.80462646484375,7036700
2018-12-18,206.54572203030284,207.73246346529766,204.1462398686506,205.6101837158203,5349600
2018-12-19,205.7748326752669,208.9365959826375,201.027852294678,202.197265625,9545700
2018-12-20,201.47827096129797,202.15393546914015,196.59268971042442,198.273193359375,11912800
2018-12-21,198.91250499081497,201.91778257366656,194.4306647059039,194.6391143798828,10242700
2018-12-24,193.25806760349985,193.9616117065892,189.24525264311666,189.43634033203125,7024000
2018-12-26,190.38308832079264,198.67798797048206,188.4548494241013,198.6519317626953,9761100
2018-12-27,195.8985669854059,200.9623651508026,193.28415877366567,200.8668212890625,7952000
2018-12-28,202.12623366717952,203.0816588749418,199.48575642179563,200.18930053710938,7266800
2018-12-31,201.79623835748342,202.6040075745178,200.68446227721589,202.55189514160156,5079600
2019-01-02,199.1383100004125,203.24666843343252,199.02539094352483,202.69078063964844,5319500
2019-01-03,200.8580616472035,201.00571787508645,196.6107284629406,196.9234161376953,7350200
2019-01-04,199.77241100461686,204.2716267690824,199.53789185465567,203.4899139404297,7343700
2019-01-07,203.9762849877914,205.74818658387983,202.33467768008643,204.42794799804688,5101600
2019-01-08,206.6688339592866,207.29420931107774,204.80138888673486,206.65145874023438,4845800
2019-01-09,207.52873103231508,208.3538883329221,206.5298745415096,207.52005004882812,4872000
2019-01-10,206.4083212929836,208.5971356881433,205.88717059061744,208.45816040039062,3052200
2019-01-11,207.47659696040213,208.40597897944852,206.6862034365035,208.35386657714844,2047200
2019-01-14,206.66016008202948,208.1541109858828,206.40827902129837,207.5374298095703,2330700
2019-01-15,207.53741671961265,209.35273619934537,207.49398529714725,209.0139923095703,3940300
2019-01-16,209.63942736848279,210.9770280887338,209.44833965795934,210.07371520996094,3718500
2019-01-17,209.52646733799665,212.6359692656577,209.3614358699432,211.7587127685547,4108400
2019-01-18,213.51793546987298,215.0390280664791,212.5270528231703,214.7348175048828,5393200
2019-01-22,213.25719036249305,213.59617618686846,210.64960301718216,212.08377075195312,5218500
2019-01-23,213.95255950589114,214.621844043809,211.19721017137093,213.5788116455078,4330300
2019-01-24,213.36148071289062,213.9959898935126,212.1967615969888,213.36148071289062,2840400
2019-01-25,215.03030395507812,216.0385740576198,214.4131692290598,215.03030395507812,4110600
2019-01-28,212.71830549556842,213.15290343862642,211.33628721973434,213.0399169921875,3560300
2019-01-29,213.25724881439092,214.3871930300998,212.90956244866004,213.57015991210938,2432900
2019-01-30,215.91688609258645,218.1680995543004,215.3692886105421,217.45535278320312,5686200
2019-01-31,216.38633211081682,217.6727384211107,215.85612204342414,217.40328979492188,5649600
2019-02-01,217.88139694886655,218.9070553007753,217.08173808380724,217.71624755859375,3971400
2019-02-04,217.67266763855847,219.34153501443174,217.02077087897075,219.31546020507812,2576100
2019-02-05,220.2195049130909,220.9496263893044,219.74144444787535,220.74102783203125,3090500
2019-02-06,220.4541212358249,221.07994323378674,219.9499861117515,220.6627197265625,1913500
2019-02-07,219.38502210918207,220.20206831115297,217.4467191225735,218.95042419433594,3884800
2019-02-08,217.7422445518578,218.48975350287813,216.54276331445377,218.44630432128906,2942300
2019-02-11,219.14167265871603,219.31552245424936,217.60320541868884,218.11602783203125,2677600
2019-02-12,219.6632076044748,221.54067409135564,219.61974515320034,221.2364501953125,3080600
2019-02-13,222.10561492011152,223.00088558631728,221.74924143783028,222.34030151367188,2918200
2019-02-14,221.2450405189771,222.66184684327834,220.44538216455547,221.78395080566406,3811000
2019-02-15,223.27273254283736,225.4603809636598,223.25528391414502,225.43423461914062,4751100
2019-02-19,224.83289698726625,226.15771636239668,224.83289698726625,225.57374572753906,2744500
2019-02-20,225.58235027241253,226.40163763039718,225.1465602563999,226.17501831054688,2454000
2019-02-21,225.68692557400516,225.94838893256895,224.43184825587784,225.32957458496094,3197200
2019-02-22,225.9659072316927,226.96821921326256,225.74801216619846,226.75904846191406,3938500
2019-02-25,228.22322974337865,228.6677174591641,227.26448641769576,227.3865203857422,3585000
2019-02-26,226.5759505910406,227.91819136444164,226.26219452891507,227.08148193359375,3080200
2019-02-27,226.4539139407564,226.97686724188497,225.5387390141539,226.4974822998047,2777200
2019-02-28,226.4887810974661,226.93329543855612,225.79152769049304,225.9832763671875,2772900
2019-03-01,227.6132264438401,227.95315558251895,225.93980689526094,226.97698974609375,3676900
2019-03-04,227.91819861097048,228.07507664702106,223.29883467049794,225.11170959472656,4823900
2019-03-05,225.05942575931445,225.61722322002774,224.33602594342497,225.0332794189453,2107200
2019-03-06,225.07684249539983,225.25989347219556,223.5167332258594,223.88278198242188,3222000
2019-03-07,223.47307381904685,223.55151281569127,221.04137182829595,222.08726501464844,4104600
2019-03-08,220.40526560063518,222.16584851139174,220.2832448711841,222.00025939941406,5495800
2019-03-11,220.37905974132897,223.8479319276832,220.03914399398576,223.7869415283203,5469400
2019-03-12,223.33372442483764,223.9699876103716,222.62774651963127,223.00253295898438,6570500
2019-03-13,223.8565569489148,224.92860969901108,223.13315740433302,224.3010711669922,5272800
2019-03-14,224.28373061556374,224.81540839120117,223.6649160950672,224.46678161621094,3409600
2019-03-15,224.9777871197125,226.34907678497297,223.88600107825022,225.6416015625,4225100
2019-03-18,225.29213929382402,226.32277848030768,225.0912411520838,226.209228515625,2786200
2019-03-19,227.18748976605733,227.9299093724501,225.3445683002907,226.11318969726562,4761400
2019-03-20,225.7463226879618,226.36647611461956,224.07807105406562,224.72442626953125,4382600
2019-03-21,223.92962339697561,227.0652287976691,223.90342160579698,226.72457885742188,3800000
2019-03-22,225.274731526572,225.90360122744207,222.61075812284818,222.6893768310547,6226500
2019-03-25,222.45352378806496,223.5016354026259,221.47528805813636,222.78543090820312,4982500
2019-03-26,224.514739677795,225.19601270327314,222.98625344059846,223.99942016601562,3278700
2019-03-27,224.14795597406274,224.8466880988586,221.9381829771163,223.69375610351562,3166200
2019-03-28,224.4012752542576,224.71569673853872,223.23960035361836,224.54100036621094,2434400
2019-03-29,225.85114127638928,226.51495549969013,224.9689965719185,226.33154296875,4255900
2019-04-01,228.16575945946224,229.4147559421373,227.59800955376886,229.17893981933594,6051700
2019-04-02,228.83829613747218,228.8994425374392,228.03473008699,228.56753540039062,2320000
2019-04-03,229.34480303013697,229.4670957927592,228.15695327566937,228.83822631835938,3265500
2019-04-04,229.0304588264003,230.53275715195036,228.93436781553092,230.39300537109375,4397000
2019-04-05,231.07423483285405,231.3187937392542,230.2444671210026,230.72486877441406,3112700
2019-04-08,229.5632958725983,230.06115672069143,229.16152605980741,229.90394592285156,3231700
2019-04-09,228.9430874594885,228.960573089655,227.92119098186095,228.41030883789062,4161200
2019-04-10,228.75095530775593,228.89944990460864,227.96487486335042,228.4889373779297,3602600
2019-04-11,228.76837829402047,229.0565979379036,227.5979607814977,228.31417846679688,2731700
2019-04-12,230.4716506258703,230.92585065597095,229.78163441816992,230.64634704589844,3395200
2019-04-15,230.602632531741,230.75112713681904,229.84275383822734,230.41921997070312,2190300
2019-04-16,231.7031825379965,231.73812715210147,230.524048370062,231.04811096191406,2536000
2019-04-17,231.54597175692007,231.62457714745827,230.51533220773374,231.04811096191406,2873600
2019-04-18,231.5793175537018,232.40955418367693,231.03744606373408,232.08619689941406,3469200
2019-04-22,231.2473079934262,231.98142321406436,231.10747271270662,231.65806579589844,1604200
2019-04-23,231.99018234918006,233.22242914467893,231.6493288353392,232.89035034179688,3399200
2019-04-24,232.80296500820526,233.08263560110595,232.234902452589,232.4009552001953,1899800
2019-04-25,230.775414598612,231.81541804225347,229.83155959868827,231.18617248535156,2333800
2019-04-26,231.08996254981673,231.89398193359375,230.60052581818758,231.89398193359375,1883100
2019-04-29,231.8766670210306,232.39229486894303,231.6669006617573,231.98153686523438,1522500
2019-04-30,232.4795931849256,232.52328004386683,230.810344442218,232.28732299804688,2259200
2019-05-01,232.88160611818378,233.17874610722401,230.84531305443434,230.85403442382812,2902500
2019-05-02,230.51317549953382,231.11620343395163,228.69534365724948,229.7440948486328,3660200
2019-05-03,231.0025705225272,231.81533797379728,230.37332518296515,231.5706329345703,2161600
2019-05-06,227.53305180664654,231.33474238051545,227.29706806724812,230.95892333984375,3282600
2019-05-07,228.957585361293,229.4032820263843,225.31319966276712,226.80764770507812,6758100
2019-05-08,226.71148980413642,228.19718956904478,226.18711419911241,226.9299774169922,4115200
2019-05-09,225.25210003464102,226.43193910268766,223.18084063584584,225.86387634277344,7175400
2019-05-10,225.1121891571735,227.69910219760507,222.89236044806117,227.15725708007812,5456100
2019-05-13,222.56900174383563,223.4691698113494,220.75118286257077,221.520263671875,6326000
2019-05-14,222.33298850934588,224.8062832114421,222.19316657266958,223.5652618408203,4308800
2019-05-15,222.13205309073302,225.15592845208928,221.75626068182024,224.53543090820312,4151400
2019-05-16,225.4792560898853,227.29706161310781,225.34816883330654,226.4930419921875,3889400
2019-05-17,224.60410576595842,227.25879861802724,224.47269194588029,225.5503387451172,3652900
2019-05-20,224.47264869186614,225.52401252449835,223.84184910839184,224.8756866455078,2613300
2019-05-21,226.21612753135696,226.81188780475918,225.7605241268702,226.7154998779297,2376700
2019-05-22,225.9620881584643,226.7943933936748,225.57658984880882,225.69049072265625,2942600
2019-05-23,223.69292850326985,223.71921126451042,221.9056205270258,223.20228576660156,4616900
2019-05-24,224.4726623685716,224.8844434420908,223.4300816731447,224.39381408691406,2258900
2019-05-28,224.3938000890315,225.34877597926018,222.06331079732,222.0720672607422,4580100
2019-05-29,220.8542688310714,221.02949169465293,218.57633149856886,220.1446075439453,5192100
2019-05-30,220.58277485011445,221.0821609139879,219.75045583122278,220.67037963867188,3454700
2019-05-31,218.4975718670458,219.09334588732557,217.47250366210938,217.47250366210938,4891100
2019-06-03,217.57748302852764,218.69016860923273,216.4385146943813,217.71766662597656,5479600
2019-06-04,219.67152103304576,222.27362168609577,219.4787718462532,222.2298126220703,3796100
2019-06-05,223.60536464044375,224.11352042880205,222.59782289870031,224.05218505859375,2792400
2019-06-06,224.3937838342219,226.34755789620053,223.87687178818257,225.79559326171875,2796200
2019-06-07,226.4440069159763,228.77451031136894,226.3914413815713,228.0122833251953,3124900
2019-06-10,229.4403500635741,229.9835450157388,228.61678780148625,228.66058349609375,3495900
2019-06-11,230.1236845655669,230.30766387987478,225.1210033268548,228.56417846679688,2792100
2019-06-12,228.49406222808943,228.89710016584365,227.78440102708953,228.18743896484375,1725500
2019-06-13,228.96728495302256,229.4404015525282,228.11743973599593,229.1600341796875,1882700
2019-06-14,228.8795325962926,229.65929888152124,228.16987148181792,229.11610412597656,2260900
2019-06-17,229.23017188031517,229.70326180956746,228.64315428131357,229.26519775390625,1319500
2019-06-18,230.62313514983538,232.87476332167253,230.36905059618013,232.46298217773438,6147700
2019-06-19,232.52424509526278,233.23390626772866,231.84963651103828,232.6644287109375,3920800
2019-06-20,234.84606220439218,235.24033043635654,232.96239265264123,234.87234497070312,3471800
2019-06-21,234.73792305261887,236.20452602067394,234.3954065888247,234.57106018066406,4446800
2019-06-24,234.77308962353925,235.28246908359569,234.5711174247081,234.63259887695312,1654200
2019-06-25,234.82572456908383,234.83448848704967,232.84095175906,232.9551239013672,7240300
2019-06-26,233.71040099084874,234.03533601560878,232.91122270782995,232.92001342773438,2141400
2019-06-27,233.12203143528384,233.52600256928045,232.28771700542157,232.85855102539062,1991500
2019-06-28,233.552378988693,233.83341407622768,232.7883366202552,233.4733428955078,2176200
2019-07-01,235.75672222417234,236.02017588616374,233.60508571430532,234.4569549560547,3970200
2019-07-02,234.34269355675715,235.12431712474626,233.7279596458065,235.06283569335938,2775300
2019-07-03,235.66011392944907,236.76667295520647,235.60742319498289,236.73153686523438,1262900
2019-07-05,235.985069577347,236.6613120634338,234.7643650547647,236.47686767578125,2157000
2019-07-08,235.27363653015036,235.73908909828253,234.8960107637553,235.41415405273438,1423400
2019-07-09,234.23740517510777,235.4669002863579,234.21105980847324,235.23855590820312,1407000
2019-07-10,236.09921035059173,237.01256104081162,235.51082157588922,235.9674835205078,1978600
2019-07-11,236.81920769435519,237.92576599121094,236.441582079099,237.92576599121094,2238500
2019-07-12,238.57562030542277,240.09494018554688,238.5229296090915,240.09494018554688,2411200
2019-07-15,240.23553792118122,240.2794647216797,239.7173946423303,240.2794647216797,2624500
2019-07-16,240.29708680929778,240.62202193969912,239.66477119303588,240.1214599609375,1780400
2019-07-17,240.05125169655773,240.14786926971757,239.0325192212791,239.12034606933594,1550800
2019-07-18,238.57570654561206,239.53295694294266,237.77652829441513,239.1114044189453,2119000
2019-07-19,240.10723944590916,240.24787213732267,238.50757275689165,238.58670043945312,2364300
2019-07-22,238.86798003797546,239.2107773114919,238.01541264057946,238.76251220703125,1623500
2019-07-23,239.76442140379677,240.48512692251208,239.0261200378122,240.25662231445312,1722900
2019-07-24,239.28978254671168,239.8171483136059,238.9206184630046,239.60618591308594,2355400
2019-07-25,239.49201644639,239.57988841389658,237.76928598696477,238.5339813232422,2348600
2019-07-26,238.76240708511705,239.11397530779243,238.28777523189046,238.9469757080078,1731300
2019-07-29,238.94701205648033,239.66774445751065,238.7976082800107,239.18434143066406,1346000
2019-07-30,238.2702800584648,239.20194820763774,237.85717989247723,238.9910125732422,1670600
2019-07-31,239.3338922591921,239.66789171478578,234.7634482151051,236.0115203857422,5058800
2019-08-01,236.2750924725913,238.81519830236152,233.26912577785473,233.58555603027344,7225300
2019-08-02,233.10220930163487,233.5065384808077,230.6587724848145,232.75064086914062,5691500
2019-08-05,229.39308574647592,229.53371847246302,224.24254291907894,225.9740447998047,6608200
2019-08-06,227.24848316232178,228.83935231388907,225.9300815346395,228.77784729003906,4991000
2019-08-07,226.00045875488055,229.12946379563854,223.5658061494234,228.7339324951172,5089500
2019-08-08,229.80608165155664,232.15284729003906,229.03261542130122,232.15284729003906,3637100
2019-08-09,231.54655528281137,232.4254899667507,229.62168617914762,231.31802368164062,3773000
2019-08-12,229.7710088269261,230.43020952988923,227.25724286502847,227.99554443359375,3072700
2019-08-13,227.70550720372216,232.59237958701056,227.3187739800422,231.30914306640625,4326300
2019-08-14,227.80215419337068,228.28558408583584,224.18094966569117,224.1985321044922,6148000
2019-08-15,225.2180948078759,225.84215741343215,223.18775891580273,225.3235626220703,4034800
2019-08-16,226.82529554842858,228.46441013358512,226.36702763920977,228.1383514404297,2743200
2019-08-19,230.92305415238016,231.10810935987237,229.8479266956273,230.30616760253906,1971800
2019-08-20,230.01541579041577,230.50009325927206,228.6582812264997,228.85215759277344,1975200
2019-08-21,230.73799985916062,231.46945344729505,230.43837766541824,230.9142608642578,2156300
2019-08-22,231.51356051237522,232.49176360494366,229.96257625065599,231.38137817382812,2329200
2019-08-23,230.24452567331772,231.93654006281565,224.75433364380388,225.8559112548828,6293900
2019-08-26,228.24405334203988,228.6141906671525,226.64016975597082,228.33218383789062,3145200
2019-08-27,229.57471786920087,229.6187696639017,226.69300974601245,227.18650817871094,3077200
2019-08-28,226.49915524844675,229.53066128041405,225.8999109358521,229.468994140625,2741700
2019-08-29,231.71624678128347,232.86186285130432,230.88786830837904,232.56224060058594,3740600
2019-08-30,233.76950499948916,233.88407196281432,231.91889892429413,232.764892578125,2442400
2019-09-03,230.94951690664755,231.06408386983273,229.15175686250686,230.376708984375,3082900
2019-09-04,232.2802254634278,232.60631106267354,231.56641400155718,232.5886688232422,1963100
2019-09-05,235.05621408120624,236.80107477842625,235.02977761287443,235.8933868408203,3614800
2019-09-06,236.23693215090674,237.00361612097157,235.6553033372196,236.45724487304688,2470100
2019-09-09,236.92438875446064,237.40906615343144,236.2017563213042,236.88031005859375,2243400
2019-09-10,236.59829633826305,237.4266744933945,235.77871240612777,237.40023803710938,2654300
2019-09-11,237.6910430563142,239.47116056131554,237.25041751504813,239.42710876464844,1899800
2019-09-12,240.24684767757367,240.96948056674012,239.22459242077778,239.98248291015625,3272200
2019-09-13,240.59916007561353,240.8282939622818,240.1056616225193,240.2290496826172,2182700
2019-09-16,239.34788000288887,239.88543043532022,238.6428627632357,238.9689483642578,4077500
2019-09-17,238.45779195357758,239.33022215624436,238.26391558702318,239.31260681152344,1756200
2019-09-18,239.030581322366,239.8149078467019,237.4795974043514,239.6739044189453,3052600
2019-09-19,240.1144966553523,240.75781966247143,238.93362336746324,239.18919372558594,2965600
2019-09-20,239.73425360861734,240.06109136413565,237.70251646574792,237.84385681152344,4076900
2019-09-23,236.9605418575526,238.47991714647512,236.80154404959916,237.94105529785156,1898300
2019-09-24,238.877416013318,239.0452290449939,235.75032462996526,236.7131805419922,3733300
2019-09-25,237.09300596041768,238.6212232272604,236.22733338067817,238.13536071777344,3391800
2019-09-26,238.51516521638897,238.51516521638897,236.65126845169448,237.5169677734375,2401100
2019-09-27,238.13540006149512,238.47992227739266,235.85635055803704,236.73086547851562,3171000
2019-09-30,237.19002668221327,238.35603659841817,237.19002668221327,237.7818603515625,2128800
2019-10-01,238.29438991625767,238.76256804198744,234.48712345130616,234.53128051757812,3558400
2019-10-02,233.25916976143674,233.25916976143674,229.29290677578754,230.3087615966797,6690100
2019-10-03,229.94663149232386,231.46600643209865,227.35840225636673,231.44834899902344,5610300
2019-10-04,232.21680071658812,234.84037104824378,232.07546041748648,234.6725311279297,2937500
2019-10-07,234.01888798828125,235.41457982708934,233.3740278396299,233.85986328125,2104200
2019-10-08,232.00484922134714,233.39169894717142,230.86531137004346,231.06846618652344,3505200
2019-10-09,232.71149417118207,233.41816875702773,231.86347927658576,232.70265197753906,2020800
2019-10-10,232.52610562108558,234.99949478688026,232.42008012147718,234.09848022460938,2100800
2019-10-11,236.5364897994787,238.63006849531087,236.40399164351862,236.88101196289062,4177000
2019-10-14,236.38629708978888,237.38449463780427,236.24495675965375,236.61595153808594,1194600
2019-10-15,237.72901608287043,239.5575714239798,237.49933465125827,238.70071411132812,3168900
2019-10-16,238.32084178390429,239.0010168240859,237.9763196875339,238.57699584960938,2415000
2019-10-17,239.0982067876261,239.5222008160664,238.25016481492304,238.84202575683594,1883400
2019-10-18,238.31434534757915,243.07870083196997,236.5553481081603,236.5730438232422,2232400
2019-10-21,236.94421453261387,237.21822829332788,236.36082256539962,237.07679748535156,1379600
2019-10-22,237.31561582716176,238.11114099493955,236.67919029790264,236.7322235107422,2534300
2019-10-23,236.99734240890626,237.68680101379232,236.32555254638888,237.10340881347656,1693400
2019-10-24,237.79285630483886,237.8812539629091,236.0603755024089,236.87359619140625,1843700
2019-10-25,236.64374801041143,238.7651567519196,236.56419821731214,238.30552673339844,1825200
2019-10-28,239.3486512376397,240.05577879549787,238.82713994306152,239.3751678466797,1809600
2019-10-29,239.07459790041113,240.07343496834702,238.93316701710154,239.42816162109375,2884600
2019-10-30,239.42801344962035,240.41800204494433,238.552939061819,240.197021484375,2144700
2019-10-31,240.04673909570175,240.12628885030853,237.83693377274946,239.08326721191406,3021000
2019-11-01,240.3031892372923,241.6114044189453,240.15293749879697,241.6114044189453,2989400
2019-11-04,242.8401263648055,243.12296116643293,242.15948852840464,242.68099975585938,1543200
2019-11-05,243.14940071778878,243.52950791156536,242.57485646115353,242.91075134277344,1706300
2019-11-06,243.09636528135758,243.26431272061862,242.18592615149907,242.9019012451172,1605900
2019-11-07,244.45760316205772,245.77463904810634,244.45760316205772,244.89071655273438,3023800
2019-11-08,244.98795127331977,245.0586532007617,244.00678331954398,244.9084014892578,1512000
2019-11-11,243.77688503536498,245.2088345302871,243.42332158818797,244.98785400390625,1729000
2019-11-12,245.22653354488347,245.72152782709153,244.52825441740453,245.10279846191406,1694000
2019-11-13,244.26312784138858,246.0840059396588,244.11287613021906,245.77462768554688,2595600
2019-11-14,245.6243833332988,246.0133113829479,244.92607702026882,245.9337615966797,1582600
2019-11-15,246.95575075710403,247.9121692887599,246.62809836157433,247.90330505371094,2363300
2019-11-18,247.7438029477643,248.2751163168927,247.61094758038712,248.19541931152344,1790500
2019-11-19,248.69137482283446,248.70023905562283,246.95568777760877,247.363037109375,1928300
2019-11-20,246.75209000798066,246.98231689371784,245.05180540695306,246.36244201660156,2463600
2019-11-21,246.47746404306855,246.55718808324468,245.4413758219592,245.93728637695312,1382100
2019-11-22,246.52180281365568,247.09741048794484,245.99932649237147,246.9468536376953,1419300
2019-11-25,247.67294341406688,248.67362863549022,247.63754053948375,248.66476440429688,1811100
2019-11-26,248.90386735195548,249.3554836888124,248.49649109309718,249.16065979003906,1300300
2019-11-27,249.38205189916056,249.64773559570312,248.8507385562629,249.64773559570312,1786300
2019-11-29,249.1075464749131,249.34666451916806,248.7001972116836,248.79762268066406,811900
2019-12-02,249.2405078017249,249.27591069177254,246.36244201660156,246.36244201660156,2544300
2019-12-03,243.90928852538266,244.09527520543745,242.3064303454859,243.9801483154297,3834300
2019-12-04,245.29969650952916,245.9727295956378,244.95431573373133,245.34396362304688,1928500
2019-12-05,246.06127901878105,246.06127901878105,244.54698150661736,245.61849975585938,1453000
2019-12-06,247.46928500269223,248.7887582603588,247.4161536651416,248.57623291015625,2686400
2019-12-09,248.34606988013667,248.59402522104472,247.69076512740222,247.743896484375,1206100
2019-12-10,247.68197502259255,248.080487344266,246.74328473498878,247.47828674316406,1406900
2019-12-11,247.18586740513143,247.86773749758822,246.76078973542937,247.70834350585938,1921700
2019-12-12,247.53126961064672,250.56875540492626,247.28331434428685,249.68319702148438,3768600
2019-12-13,249.66548084708757,251.15321251847757,248.84191799597153,249.8248748779297,3065500
2019-12-16,250.55107291843265,251.59602551662422,250.55107291843265,250.67506408691406,2117200
2019-12-17,250.78126443970663,251.49856452158096,250.53330918949197,250.96722412109375,1697900
2019-12-18,251.31261970628023,251.41888238764443,250.7458493722085,250.79898071289062,1592600
2019-12-19,251.18862943861902,251.97678936998463,251.11779665916114,251.9059295654297,1815100
2019-12-20,252.9416812171478,253.20814916944414,252.5508434820299,252.67518615722656,3637000
2019-12-23,253.45667571825788,253.74092606396104,253.28790376972196,253.44778442382812,2564700
2019-12-24,253.71450643739877,253.71450643739877,253.03941803885235,253.16378784179688,611600
2019-12-26,253.35921983396454,254.13200416822085,253.33257303304643,254.09646606445312,931600
2019-12-27,254.78034344742457,254.79812604787193,253.95426575530212,254.33621215820312,1930200
2019-12-30,254.34504213947662,254.40722701080514,252.37309860643583,252.73728942871094,2552900
2019-12-31,252.18666335132707,253.43022569471955,251.87576598857245,253.2436981201172,1341300
2020-01-02,254.4341672693255,256.37946625950747,254.17656329641923,256.3705749511719,3865500
2020-01-03,253.45693095949252,255.0291465233634,253.3148056435151,254.3274383544922,3296700
2020-01-06,252.52423669272608,254.95806806802656,252.40875819256146,254.91366577148438,1645100
2020-01-07,254.3095739399419,254.7448410512386,253.6700237775938,253.81214904785156,1413000
2020-01-08,253.43913802693245,256.41482370429605,253.2259365306404,255.28671264648438,3136700
2020-01-09,256.66349507869046,257.4540347151009,256.2015811670753,257.205322265625,1783100
2020-01-10,257.5605884724803,257.6316646531788,255.6774762982747,256.03277587890625,2989600
2020-01-13,256.521363923472,256.7789405600629,255.94399865481807,256.72564697265625,1463300
2020-01-14,256.59251441074537,258.03149605466325,256.45928038957413,256.9034118652344,2198500
2020-01-15,256.71692674596886,258.6977361065349,256.6636331286753,257.9071960449219,2195100
2020-01-16,259.04403043129685,260.2342990810191,258.9019051601567,260.1987609863281,2522000
2020-01-17,260.84579709503845,260.9257751795689,260.19707692482194,260.6236267089844,2147400
2020-01-21,259.8860123895655,260.63250157317157,258.935116703622,259.3439025878906,4476900
2020-01-22,259.9392725707826,260.445827405714,259.1216738659599,259.3260803222656,2077000
2020-01-23,258.3841461793415,259.37056962675354,257.36216787820797,259.0862121582031,1872600
2020-01-24,259.9749230195825,260.1793024306472,256.2424494490945,257.5399169921875,3612500
2020-01-27,253.14093759304987,254.74055348845053,252.26112444221246,253.59414672851562,4129100
2020-01-28,254.35836961125017,256.1090729041477,253.94068830420147,255.30926513671875,2999200
2020-01-29,256.82000711510636,257.07773229274966,255.23815544338183,255.30926513671875,2126300
2020-01-30,253.8695940376229,256.6244843184944,253.1408688766954,256.42010498046875,3433200
2020-01-31,255.01602435843333,255.2559857098724,250.26157311979964,250.98143005371094,4885700
2020-02-03,252.11002687717755,254.39394456905023,251.941175242656,252.3677520751953,3157400
2020-02-04,255.65584491233102,256.82891080622494,255.4248062026144,255.9757843017578,3004100
2020-02-05,258.39309800044293,260.41929117774623,257.6732679980071,260.2593078613281,3305900
2020-02-06,261.2900283737611,261.3966928955125,259.89481954551303,261.04119873046875,2857200
2020-02-07,260.1702907850746,260.2147139924751,258.3040550275356,258.7750549316406,3839300
2020-02-10,257.8952990259657,260.34804073354604,257.8597441837114,260.33917236328125,2877700
2020-02-11,261.58339691416285,261.64561112614956,259.7438197567705,260.3303527832031,1994500
2020-02-12,261.83212208601094,262.9340779935957,261.7432485501487,262.80078125,2804400
2020-02-13,261.6190330249166,262.90760528831885,261.2013515181993,262.00115966796875,2638000
2020-02-14,262.1342625908407,262.27645481989896,260.739026768577,261.75213623046875,1861700
2020-02-18,260.51689233375606,261.1656393830051,259.2816395495019,260.33917236328125,2397800
2020-02-19,261.06792600426184,261.91218418530036,260.7302498522506,261.3612060546875,1474400
2020-02-20,260.88131128075213,261.53005847024144,257.86869541811905,260.1881408691406,3493900
2020-02-21,259.1401812813892,259.3629634273309,257.3133785627014,258.1955871582031,3271800
2020-02-24,249.81006057727123,251.99333645630657,248.5981387732139,249.1239013671875,6595200
2020-02-25,250.2289241137763,250.72795400225536,240.4978140933447,241.22854614257812,9903700
2020-02-26,242.37804029212427,245.33659354000753,239.5620708725217,240.3730010986328,7477600
2020-02-27,236.0242528237981,238.5818141524056,229.367549843616,229.46556091308594,11188900
2020-02-28,223.24545932316883,227.3446412308,220.10868398697488,226.84561157226562,17541400
2020-03-02,228.7616005044943,238.15410295599824,226.40011530615527,237.9580535888672,8544500
2020-03-03,238.644202892374,241.5136377678574,229.18042251527626,231.06961059570312,11482600
2020-03-04,236.55007068466495,241.59383405193861,234.3311422318706,241.39781188964844,5408100
2020-03-05,235.4985609334349,237.51252040528647,231.30135256399612,232.99449157714844,5872900
2020-03-06,226.052497265666,231.78245887539336,224.9474933614747,230.66854858398438,7372400
2020-03-09,215.20754564117786,220.1711382103228,211.348957373339,212.73020935058594,10406900
2020-03-10,220.36717759383097,223.2633454397788,211.2776689199033,223.2009735107422,9407100
2020-03-11,217.0254130353151,218.24626823735844,208.16760781505,210.16372680664062,7687200
2020-03-12,196.49385663068873,204.0684497434364,188.76777328739135,189.0172882080078,17322600
2020-03-13,201.08310295794632,207.16951110572126,190.06875621512407,206.8397979736328,13676000
2020-03-16,184.01798421824236,194.54220670906457,179.57124934129317,180.44456481933594,12407000
2020-03-17,184.47252096591214,191.12034610212442,177.64648643218584,190.22921752929688,16128100
2020-03-18,177.39700529695074,183.0734910354821,169.02038695889257,177.68215942382812,13369800
2020-03-19,176.7731916909146,182.66355280263647,171.3818740613388,179.3931121826172,13532100
2020-03-20,181.7008420157094,183.48844443606038,170.71603114351547,171.52044677734375,12206000
2020-03-23,169.9384405691976,170.89480084033215,162.7612174309173,166.3632354736328,15712300
2020-03-24,175.4264128070033,185.20460276277248,175.37278690262582,184.69512939453125,14123600
2020-03-25,188.2077649233326,196.78825006995885,183.51530763369536,189.53952026367188,17556100
2020-03-26,191.65780316491058,201.88289205644594,191.28240826147908,201.16786193847656,16071900
2020-03-27,194.50013204899668,199.55010473343202,191.7829816702343,193.3739471435547,10545600
2020-03-30,194.27664964168062,199.9612264121469,192.25666362878135,199.40707397460938,7691800
2020-03-31,198.37918430940084,200.88183053201413,195.24194683803037,195.9480438232422,8426600
2020-04-01,188.27926778892441,191.9706720985905,185.70512891704152,187.14414978027344,8570300
2020-04-02,186.1878206905458,191.9796515999345,185.17782045548097,191.23780822753906,8231900
2020-04-03,190.138330175865,191.76505494663036,186.52737923911585,188.2345428466797,6664500
2020-04-06,195.6978080473179,203.70627435667143,194.95595127053494,202.4728240966797,10322500
2020-04-07,210.4544336838336,211.08009178763947,202.40127625309125,202.5353546142578,10857700
2020-04-08,204.80567189118665,210.26679951443802,202.74992574637662,209.4445037841797,7010200
2020-04-09,212.58175882545905,214.68219793758465,210.1416843960861,211.9561004638672,9393200
2020-04-13,211.30364178208768,211.55390514168954,206.4324257378175,209.11383056640625,6761900
2020-04-14,213.35035119501796,214.93238319323416,211.72364004589397,214.2262725830078,5391900
2020-04-15,209.57856656360048,211.45555512112767,207.71052474937568,210.11485290527344,6828000
2020-04-16,210.66893694143982,210.99070591412968,207.5227529460641,210.34716796875,6126400
2020-04-17,216.06171735819882,217.00966804991833,213.06582309660715,216.80397033691406,5924500
2020-04-20,213.05691552485544,215.6235386491859,211.2862010196272,211.62603759765625,7357400
2020-04-21,206.87734244456382,208.67487116375727,205.16029703088714,205.88467407226562,6571400
2020-04-22,209.62288247785048,211.29522452342584,208.7196488373955,209.9537811279297,4318000
2020-04-23,210.6155703107768,213.66512184917727,210.00745579947244,210.2220916748047,6364800
2020-04-24,211.59923561747738,213.13742480061873,209.44398042360476,212.69027709960938,3568500
2020-04-27,213.84391006776298,216.58940347506197,213.24473379178784,215.81137084960938,3632500
2020-04-28,219.111287814346,219.24544029764397,214.9528201035151,215.60565185546875,4709900
2020-04-29,219.5316412165654,221.49015041730618,218.38694414281227,220.39910888671875,5015300
2020-04-30,218.38688827594652,219.25435572418783,216.33895824244473,217.51048278808594,4928900
2020-05-01,214.25529216991643,214.92601371553505,211.5008607184055,212.1984100341797,4723500
2020-05-04,210.34725347530144,212.61875807261092,208.94320297082072,212.32363891601562,3845500
2020-05-05,214.64875003849258,216.18693896240205,213.4682737567591,213.55770874023438,3143500
2020-05-06,214.93499016595445,215.11384654757484,211.59033352746457,211.82284545898438,3082300
2020-05-07,213.95124706388904,215.68616876376657,213.33418102381904,213.6561279296875,3411500
2020-05-08,216.66096493166125,218.02923589389692,215.82926305794723,217.86825561523438,3894800
2020-05-11,216.13327336749177,218.15438940229035,215.52515913653974,216.92025756835938,2743000
2020-05-12,218.0381576597822,218.33327677707857,212.78864806772418,212.91384887695312,6433900
2020-05-13,211.91226746387093,212.39518102918765,206.60015001605493,208.2098846435547,7531300
2020-05-14,205.75941854616215,211.73330327287835,204.16757435750495,211.724365234375,6964500
2020-05-15,209.81761785049758,212.58638988945995,209.1455850057469,212.28173828125,4811100
2020-05-18,218.195695387017,221.50210032662955,218.06129424010103,220.36412048339844,5207700
2020-05-19,219.93396704210247,220.44471861520157,216.9053480328736,217.0397491455078,4404700
2020-05-20,219.88917934476996,220.94651831301147,219.2888315403848,220.18487548828125,3280600
2020-05-21,220.0236694509765,221.66343207759635,218.52727718650436,219.54876708984375,3378200
2020-05-22,219.45011325523004,219.6203637826152,217.89099195830505,219.42323303222656,2521100
2020-05-26,224.7636173801547,225.82095614503828,223.9034230122408,224.23495483398438,4872300
2020-05-27,227.3531697181733,229.1990175975896,224.30662653288024,229.1811065673828,5326100
2020-05-28,231.06283233229007,231.1255619670839,227.49658149702842,227.9087677001953,4957600
2020-05-29,226.94104080013918,228.7779335168499,224.62027672417463,227.85499572753906,5082300
2020-06-01,227.39805899272068,228.98406079704915,226.43032977342943,228.73316955566406,2060800
2020-06-02,229.88007877784105,231.10768203581404,229.12741876683535,231.04495239257812,3045800
2020-06-03,233.28506943045923,236.55562468146837,232.66679686016153,235.81192016601562,5184500
2020-06-04,235.09515784148633,236.94100706282873,234.21705185654147,235.95535278320312,3937100
2020-06-05,242.29024921462806,245.47122125824498,241.74367559708602,243.31175231933594,7866800
2020-06-08,244.53040314708304,247.64864612427374,244.53040314708304,247.5590362548828,4667600
2020-06-09,244.83503571874283,246.42999282708797,243.8404400778779,244.9604949951172,4632600
2020-06-10,244.79911104970535,245.6772162359316,241.9407299113075,242.34393310546875,6531200
2020-06-11,234.8890222385395,236.11659832599534,225.24757861340518,225.8300018310547,14257800
2020-06-12,232.0754378180252,233.25822267397524,225.29237695295288,230.0503692626953,9817200
2020-06-15,224.27082501427256,232.61300533092998,223.20454424252446,231.49295043945312,7421300
2020-06-16,239.3242633163839,239.36908189996282,231.79750312805015,236.3942108154297,9238000
2020-06-17,237.10209971538114,237.1827677084429,234.10037533084684,234.60215759277344,3669300
2020-06-18,233.00728090151776,234.9964996026267,232.17393922970123,234.2707061767578,3268700
2020-06-19,237.42756643015898,237.6522244428278,231.49658941088776,232.5659637451172,5852600
2020-06-22,231.73925076125207,234.1655409812608,230.6608812696424,233.93191528320312,2823500
2020-06-23,236.18750894793715,236.47507785793115,234.56098672289963,234.99234008789062,2948000
2020-06-24,232.94338203178856,233.2129606550943,227.29997431665856,228.81866455078125,5903500
2020-06-25,227.6594445927365,231.58646233818942,226.50919664378867,231.34384155273438,4312300
2020-06-26,229.73530863793152,230.09475602090052,224.38844997204535,224.99952697753906,5331400
2020-06-29,226.6169955858524,230.15760761616656,225.51168214127355,229.96890258789062,3759000
2020-06-30,229.21411131090852,232.79064975127372,228.89958457053504,231.7302703857422,3667900
2020-07-01,232.62882272119006,233.87793415677703,231.07420717142816,231.22695922851562,3575300
2020-07-02,234.67775046774833,235.59437269490337,231.73923358581055,232.22450256347656,3830000
2020-07-06,235.58537760116832,236.38514585185004,234.42613459720556,236.34022521972656,2989100
2020-07-07,234.63285726074062,235.3068313658036,232.54802411396744,232.78167724609375,2828700
2020-07-08,233.32074958857157,234.71361776491293,232.07163835218657,234.291259765625,2837800
2020-07-09,234.42614712580763,234.7137159741719,229.4657078998607,231.1641082763672,3995600
2020-07-10,231.12816679858938,234.68674192343636,230.46316045459992,234.38121032714844,3110100
2020-07-13,236.39409919822268,239.50335781164816,234.16548227221458,234.57887268066406,4876000
2020-07-14,234.12954211939265,239.9796166206728,233.7341419245696,239.56625366210938,7614300
2020-07-15,243.05309413818162,243.11600498480752,239.97975941768271,241.65122985839844,5220600
2020-07-16,240.0785886795793,241.66915784620554,239.05413477884844,240.35716247558594,2478100
2020-07-17,240.9785580233448,241.08647460850003,239.37773130352045,239.8903350830078,3415100
2020-07-20,239.575539587856,240.6997162011575,238.35242116081056,239.96224975585938,4017400
2020-07-21,241.76105488069686,243.06508394568044,240.70881296117156,241.32936096191406,3173200
2020-07-22,240.86172447290076,243.13705810082524,240.816740916019,242.80430603027344,2039300
2020-07-23,242.4985436133741,242.6244371974797,238.8831719004758,239.84547424316406,2838000
2020-07-24,238.46041184959827,239.5306305137954,237.47113063323206,238.04672241210938,2637700
2020-07-27,238.11864202236936,239.503635634318,237.74093395729918,239.1798858642578,2637900
2020-07-28,238.2536483197171,238.87416892879924,237.09348968083387,237.36328125,1989300
2020-07-29,237.5970721564303,239.28783884581367,237.24631573979633,238.77520751953125,1917900
2020-07-30,236.05916327730893,237.2642775758358,233.77482821659945,236.77862548828125,3055600
2020-07-31,237.210343300766,237.86684508717747,233.99068508321037,237.74095153808594,3306800
2020-08-03,238.928047456691,240.2590551948626,238.6402516149212,239.87234497070312,2569300
2020-08-04,239.48570349774178,241.40130566622466,239.25186587845883,241.39230346679688,1909800
2020-08-05,242.81321013353164,244.8637077176125,242.73227268957484,244.6208953857422,2122900
2020-08-06,244.28812512794923,246.44653914242318,244.2341668360166,246.32962036132812,1948100
2020-08-07,245.72711754643953,247.15706741032477,245.05261134013173,246.97718811035156,2311300
2020-08-10,247.7775802960638,250.26874631880892,247.75060114945373,250.14285278320312,2313900
2020-08-11,252.62510939628373,253.4165345818311,248.64103175776165,249.28855895996094,4546400
2020-08-12,251.67177473679916,252.48117676704726,250.66451643731438,251.85165405273438,2641600
2020-08-13,251.03326585056232,252.0135450598172,250.22386376863673,251.29408264160156,1668300
2020-08-14,250.22384240253885,251.95956523642994,249.9270442822122,251.6357879638672,2247000
2020-08-17,251.94152588958573,252.04044027471178,250.4665927440044,250.87130737304688,2436900
2020-08-18,251.00634746832338,251.2491599179699,249.21663829809623,250.1969451904297,1678300
2020-08-19,250.6285718062303,251.58187193975485,249.09070497886285,249.50439453125,3374300
2020-08-20,248.2543627707331,250.3228383041665,248.1014625611325,249.900146484375,2063700
2020-08-21,249.69631688746588,252.01263844143492,249.53406188115017,251.7242431640625,2601200
2020-08-24,253.91445525067823,255.29344433521618,252.7878292827382,255.2303466796875,2622800
2020-08-25,256.176632907628,256.176632907628,253.28343870318443,254.72552490234375,3346000
2020-08-26,254.7166151922339,255.61791602516578,253.7792821299581,255.4556884765625,2647500
2020-08-27,256.36595240424305,258.1775754652871,255.68095512633337,256.90673828125,3432800
2020-08-28,257.97928068411335,259.0788685165219,256.8706710439396,258.40289306640625,2715500
2020-08-31,258.0062951330375,258.07838707206713,255.87021730585658,256.2217102050781,4070100
2020-09-01,255.72600094005847,258.6101460387054,255.22127486015754,258.4839782714844,3023600
2020-09-02,259.6465468516515,263.23373151285494,259.2139403636062,262.4676208496094,3464300
2020-09-03,262.2514554485231,263.50424906930505,253.35562229083308,255.37452697753906,6118500
2020-09-04,256.78963159747775,257.5827807560078,249.66936029697814,253.95953369140625,7145800
2020-09-08,251.30048335562776,251.3094776522773,247.86653240911258,248.23606872558594,4780100
2020-09-09,250.642781702268,254.6085004415637,250.01188753097242,252.2290802001953,3488900
2020-09-10,253.38259742726223,254.31995758762184,247.72243175692913,248.5696563720703,3455800
2020-09-11,249.61530251011882,251.30073084120792,247.8216949632491,249.74147033691406,2787500
2020-09-14,251.390670938566,253.65291580028818,251.16534588224505,252.8417510986328,2371700
2020-09-15,254.54522695616527,254.97783346966844,252.25591663537534,252.88681030273438,2331800
2020-09-16,253.75212195627915,256.1766222292679,253.06712485149265,253.29244995117188,2651800
2020-09-17,250.2820981702906,253.4005897019076,249.74131245534733,251.97654724121094,3305300
2020-09-18,252.08218649687865,252.42550405659003,248.2424999697631,249.82354736328125,3156700
2020-09-21,245.36075304539605,245.8938167493973,241.26809538747526,245.23428344726562,5936900
2020-09-22,245.44192195444646,246.86032702603998,243.74342013637965,246.4718475341797,3169800
2020-09-23,247.70965893950304,248.0800793568132,241.29511324925656,241.74684143066406,3575900
2020-09-24,241.09626376362064,244.72817466238018,239.65977197951798,242.21656799316406,4432100
2020-09-25,241.00591951470182,246.0200890392681,240.52708896113293,245.468994140625,3606800
2020-09-28,248.68532175077394,250.36573677364228,248.19744776262576,249.26351928710938,2790200
2020-09-29,248.99257026624753,249.33588808333664,246.9055883479417,247.92649841308594,1971100
2020-09-30,248.45043560406108,253.1213159247864,248.45043560406108,250.70907592773438,4028500
2020-10-01,252.3623798721355,253.2839227382671,249.86885978866025,251.28729248046875,2968000
2020-10-02,247.70050287454984,251.62149796051523,247.18552642221664,250.07656860351562,4771600
2020-10-05,251.87447751676248,254.40414300258166,251.83833156088338,254.33187866210938,1862500
2020-10-06,255.26256416160467,256.14793373658875,250.47422897671862,250.90789794921875,4364400
2020-10-07,253.22057647669672,256.2833047030435,253.17541471771474,255.605712890625,2422600
2020-10-08,257.05152742532294,257.1960838267253,255.39821355729063,256.84375,2148000
2020-10-09,258.03608274422186,259.1202410896188,256.95195197011697,258.3251953125,2549100
2020-10-12,259.24682254665834,261.64999228509225,259.00287167534213,260.61102294921875,2534800
2020-10-13,259.88825985375405,260.29479867301717,258.4065781889727,259.05706787109375,2430600
2020-10-14,259.49069823037,260.1502312007517,257.10556056046573,257.60247802734375,2264000
2020-10-15,254.80170665237523,257.84634910525665,254.46743232793997,257.5211181640625,3128000
2020-10-16,258.7114305858154,260.6365865010877,258.39511320320975,258.4674072265625,2409300
2020-10-19,259.07295206739707,259.45254391358606,254.22842561127925,254.9062957763672,2837600
2020-10-20,255.92786372740554,258.1874330558549,255.10537718193393,255.73806762695312,3339000
2020-10-21,255.36719282208225,257.11157166003744,254.7254560325458,254.8520050048828,2907100
2020-10-22,254.96962349969857,256.8315050685072,253.34271821432864,256.37054443359375,2324200
2020-10-23,257.09362495454997,257.17496608215765,254.4363711222449,256.0903625488281,2161000
2020-10-26,253.19821492251052,253.42417176701937,247.37756440135237,250.3601837158203,5140600
2020-10-27,250.31491942975697,250.4233742655282,248.1909202871925,248.24514770507812,3029800
2020-10-28,243.12941272286838,244.71110964578668,239.53217207700771,239.9479522705078,5815200
2020-10-29,239.63171393449957,243.07529341715988,237.53482817579845,240.9512939453125,5479400
2020-10-30,239.54133721328455,240.707282099865,236.26948695078366,239.56845092773438,5271200
2020-11-02,243.03915325604365,244.48528243949258,241.25861238783756,243.31031799316406,5062900
2020-11-03,246.4374316074919,249.8448488936337,246.02167898067347,248.2360382080078,4343000
2020-11-04,249.36597175160054,255.83737918344272,249.0586737484629,251.7249755859375,6766400
2020-11-05,255.14118272457503,257.55438396064807,254.94233979725934,256.6053771972656,4316200
2020-11-06,256.64173736120824,257.0303764266105,254.77985558741253,255.98193359375,3078200
2020-11-09,269.89168904114507,270.6870609839389,263.366086470957,263.6643371582031,10839300
2020-11-10,265.09232410303235,266.5926795313413,263.37505912259144,266.18597412109375,4354500
2020-11-11,267.5961981647244,267.6594727056816,264.7581667487854,265.8246765136719,2910400
2020-11-12,264.116296979022,265.110512082373,261.3777025840599,263.0588073730469,4361900
2020-11-13,264.79434164081357,267.460643777341,264.29724755287674,266.7646789550781,3090400
2020-11-16,270.49737590901873,271.2204265627207,268.9518392767275,271.13006591796875,4615000
2020-11-17,268.71699145846776,270.38003099387765,267.17145392861147,269.6208190917969,4049200
2020-11-18,270.4250423209116,270.92213612479367,266.41204833984375,266.41204833984375,3566400
2020-11-19,265.77948676214226,267.3611847343089,264.73104365353413,266.9273376464844,3266600
2020-11-20,266.5122637328066,266.84741510199495,264.68250422456276,264.9814147949219,3090200
2020-11-23,266.54846205275527,268.7133725851734,265.84191862814856,268.02496337890625,2855600
2020-11-24,270.7879303520048,272.7535594961192,270.20818779286265,272.1376037597656,4022700
2020-11-25,271.7028517083789,271.7843728307428,269.98175809075303,270.6067810058594,2629200
2020-11-27,271.2408077842029,271.92924507070853,270.0904175786964,271.05963134765625,1518000
2020-11-30,269.5016707518181,269.7553012358711,266.992539618735,268.6864318847656,4159300
2020-12-01,271.5035465855886,272.6630040822227,270.0994980980807,270.33502197265625,2841100
2020-12-02,269.12120209772013,271.150245693068,268.44183186067283,271.00531005859375,2481700
2020-12-03,271.18653441179856,273.01629528838754,270.8875959742552,271.802490234375,3140900
2020-12-04,272.4185131608456,274.09429931640625,272.2917117043279,274.09429931640625,2747300
2020-12-07,273.351334255854,273.7046199648742,271.7480308256925,272.74444580078125,2589900
2020-12-08,271.75714259919374,274.34779431652595,271.7299688973911,273.74090576171875,2205400
2020-12-09,274.66485887362967,275.0090775501312,271.72092117906595,272.54522705078125,3074500
2020-12-10,271.7390222356793,272.78978483174166,271.02343883714536,272.23724365234375,2413000
2020-12-11,271.23165316160674,272.81684971720614,270.55228320920696,272.59039306640625,2454300
2020-12-14,274.48371860652503,275.19026264062273,270.8423036067369,270.9328918457031,3646100
2020-12-15,272.6086224158619,274.4112091392703,271.2770557387692,274.121337890625,4211500
2020-12-16,274.0489645824172,274.3478753905792,272.94385430979247,273.6956787109375,1977300
2020-12-17,274.66495196428883,275.1087984903945,274.32980028999225,274.9095153808594,3002900
2020-12-18,275.0619176371092,275.1254552633437,272.48437838906716,274.0000305175781,4442100
2020-12-21,271.17735783489604,274.97105687827343,269.933970688402,274.2177734375,6340800
2020-12-22,273.9456500323606,273.98196121370984,272.14862046934115,272.3392333984375,2698200
2020-12-23,273.3646612333974,274.8077183139232,273.31020833958894,273.437255859375,2714400
2020-12-24,273.78207788045955,274.18141747211325,273.11953089946724,274.1087951660156,1955700
2020-12-28,275.6245346101932,276.9496011652518,275.3159589848947,275.9058837890625,2382400
2020-12-29,277.20362312330985,277.4486887493829,274.67148143401914,275.4156799316406,2319600
2020-12-30,276.00587841098445,276.93163356628975,275.77898198230264,276.0240478515625,2081300
2020-12-31,275.9059928082748,277.98437136461064,275.3160677710089,277.53057861328125,2797000
2021-01-04,278.2566671815763,278.32020482125176,271.1321146462354,274.38128662109375,5106600
2021-01-05,274.02725076506596,276.8589127565972,273.5280898783785,275.7607421875,3355200
2021-01-06,275.6789846946732,281.5692033563715,275.0527487358791,279.726806640625,7290300
2021-01-07,281.09729094645263,283.1484423739545,280.4982813871653,281.8052062988281,4107900
2021-01-08,282.48599536172856,282.6493541092816,279.5272576796995,282.29541015625,3234900
2021-01-11,279.9810640475686,282.2591126948377,279.9175541075313,281.5058288574219,2811400
2021-01-12,281.5148866187033,282.4860098299721,280.3622629110726,282.02313232421875,2290900
2021-01-13,281.9231872558594,282.803545983233,281.2788095370503,281.9231872558594,1854400
2021-01-14,282.7944172222489,283.4115683975852,281.25153928390824,281.396728515625,3232400
2021-01-15,279.6607883278689,280.8502137956408,277.86301742504753,279.7606506347656,4009100
2021-01-19,281.7944170229047,282.1394462131101,280.1964264648952,280.85015869140625,2781700
2021-01-20,281.8580438367861,283.59225093218595,281.4131522598814,283.07470703125,2398400
2021-01-21,283.29253293974,283.928088145054,282.5570877525122,283.1654052734375,1930000
2021-01-22,281.3405091482939,282.39374621129014,280.6413898318734,281.4403991699219,2049700
2021-01-25,280.5504929559318,281.26778896461195,277.49067282820243,281.1497497558594,4546400
2021-01-26,281.95784451905104,282.54801284828505,280.7502424661529,280.9136962890625,2256100
2021-01-27,278.3260691494354,278.489495301094,274.29472448941397,275.34796142578125,5743100
2021-01-28,276.9098014840725,280.94114829484334,276.77358524294425,277.89947509765625,6392100
2021-01-29,275.94727648908093,276.728108961769,271.1078331006896,272.2155456542969,5929900
2021-02-01,274.4580938013018,275.429617460639,272.5150741913622,274.2220153808594,3138600
2021-02-02,276.51017436281705,280.0421247145353,276.4919974273692,278.580322265625,3090500
2021-02-03,277.92659084476315,279.5972340958575,277.09125536484436,278.9798278808594,2087800
2021-02-04,279.5155950068158,282.0760498046875,279.44294266302836,282.0760498046875,2638800
2021-02-05,283.6103814094117,283.7828960316521,282.25752983275476,282.8658752441406,1955600
2021-02-08,283.919250165367,284.9997253417969,283.65593387051103,284.9997253417969,1690000
2021-02-09,284.42756800602496,285.55342957698764,283.8010733683142,285.0268249511719,1798700
2021-02-10,286.16190403619623,286.2254402083367,283.55603429832047,285.5535583496094,3048000
2021-02-11,286.08921652254827,286.69756213436693,284.0099796122654,285.7169494628906,1937100
2021-02-12,285.3536732093131,286.1345332329569,284.9450801179164,286.0437316894531,2479500
2021-02-16,287.21496656295653,287.40565810790804,285.88935275853567,286.53399658203125,1836300
2021-02-17,285.72590676936056,287.74157888125933,284.98137299182645,287.4601135253906,2007400
2021-02-18,285.7805150397427,286.9154654568981,284.53661381594037,286.5159606933594,2609600
2021-02-19,287.1081924100993,287.7722782896722,286.17120973707296,286.48052978515625,2314900
2021-02-22,284.64278364460364,287.9085764564411,284.5245191752749,286.7441711425781,2978000
2021-02-23,286.34398717457816,287.908659871059,283.4602766003468,286.90802001953125,5723400
2021-02-24,286.2620275960194,291.1379938041028,285.8071813486271,290.6740417480469,4290300
2021-02-25,290.83776408788685,291.02881948987374,284.69734007843243,285.625244140625,7648600
2021-02-26,286.02556799792796,286.04375185628635,280.8948882560459,281.50439453125,7925600
2021-03-01,285.17055752841543,288.2999035145546,285.14326785023036,287.0899963378906,4749700
2021-03-02,287.2082659026854,287.8541401388133,285.65269869559523,285.8164367675781,4075700
2021-03-03,285.5887670209644,287.34446627671224,284.5789942587286,284.72454833984375,5148100
2021-03-04,284.9066860597726,286.48046457479387,278.0748843486019,281.6226806640625,8577600
2021-03-05,284.2789658041252,287.508363751013,280.094373875165,286.7715148925781,7016100
2021-03-08,288.14513515283625,292.6754143595233,287.3082057338088,289.5096740722656,8230700
2021-03-09,290.61947770825776,292.71175945168875,289.6824954998012,289.8371276855469,5829900
2021-03-10,291.5837920246515,295.0224292258916,291.5292126850776,294.13092041015625,6472200
2021-03-11,295.38622096572965,297.44213473980875,294.5856871860312,295.9502258300781,5745900
2021-03-12,296.2595288538851,298.82484026011815,296.10486893457204,298.6611022949219,4257200
2021-03-15,299.45263286413706,300.416904894069,297.29666563190017,300.28045654296875,4456000
2021-03-16,300.06205236821535,300.1985006798388,298.67022406643684,299.16143798828125,3270600
2021-03-17,299.47986869684337,301.135515756871,298.7248361154092,300.89898681640625,4338200
2021-03-18,300.47156866746496,302.8003803860342,299.0797395719011,299.616455078125,5376500
2021-03-19,299.0703581894569,299.15239432987295,296.2354517813448,297.1743469238281,5628800
2021-03-22,296.75510199867114,298.9701897198941,296.28110599628604,298.2956237792969,3807600
2021-03-23,297.4569622075158,298.5143634018527,294.8316941137545,295.3968505859375,5068400
2021-03-24,296.5089405512127,298.7422488596564,295.4150695800781,295.4150695800781,6099000
2021-03-25,294.16638749261074,297.73055247919655,292.2612507169629,297.3385925292969,5557900
2021-03-26,298.62374645158474,301.622753347915,297.7851083213736,301.36749267578125,4956600
2021-03-29,300.16421656483413,303.0538136132097,299.80869881950576,302.3245849609375,5200900
2021-03-30,301.76856810611764,302.26993721690485,300.61090980586744,301.5589294433594,4568800
2021-03-31,301.36748466419556,302.2881589209909,300.7567618386672,300.97552490234375,3763700
2021-04-01,301.52251950009816,302.2699972052781,300.55627868834824,302.1332702636719,5936100
2021-04-05,304.4028303745406,306.4173469017942,304.3754850033392,305.5513916015625,5632700
2021-04-06,305.08647177231967,305.7519128507782,304.2569584777855,304.7947692871094,2987500
2021-04-07,304.58513072821705,305.5240255001351,303.94703501910453,304.7947692871094,2658500
2021-04-08,304.7310385888449,305.50586135937874,303.9379948397917,305.4876403808594,2665000
2021-04-09,306.02558519206866,308.1768299663764,305.69741270716577,307.9762878417969,3034700
2021-04-12,307.42933510299787,307.9762428006848,306.8732751859549,307.69366455078125,2951500
2021-04-13,306.8549726878721,307.5751047229222,305.8157927017273,307.0008239746094,3391700
2021-04-14,307.0191284968761,309.11568220035656,306.9553133256346,307.6754455566406,3966800
2021-04-15,308.86051484165307,310.58335792080356,308.86051484165307,310.328125,3881800
2021-04-16,311.60639746883965,312.24467554080377,310.92251021695006,311.72491455078125,3748900
2021-04-19,311.00475039899965,311.22358553940245,309.7099108875443,310.71295166015625,3222800
2021-04-20,309.4818947088532,309.90133793109106,307.0654976941231,308.3147277832031,3762900
2021-04-21,307.8677310179202,311.43306566921456,307.80389487850675,311.2142028808594,4191200
2021-04-22,311.05027787401934,311.1323410374493,307.37552336512107,308.3147277832031,4962500
2021-04-23,307.9771788921948,311.47867774963345,307.4118366357378,310.4209289550781,3613900
2021-04-26,311.0775364391692,311.3784624398379,309.4726998029047,309.9103698730469,2090900
2021-04-27,309.6642242223339,310.42104737721115,308.8435648973906,309.8739318847656,2732700
2021-04-28,309.32674662205346,309.56380859293796,308.2598703570293,308.54254150390625,3025100
2021-04-29,309.92865484333845,310.8131224719857,307.6307754416529,310.5487060546875,3688400
2021-04-30,309.044089919747,309.7097223424016,308.0684041336636,309.06231689453125,2909600
2021-05-03,310.7493363575219,312.016793252917,310.5304734580492,311.0411071777344,2698400
2021-05-04,310.01970741819673,311.42396346170284,307.85862852200177,311.3874816894531,4478300
2021-05-05,312.0806473234128,313.0380786458711,310.36636495438637,312.1080017089844,3506100
2021-05-06,312.7007255374652,315.17185916581855,311.770648520501,315.0533142089844,4276700
2021-05-07,314.74315913110314,317.5881256156057,314.41487878349875,317.2142639160156,3526500
2021-05-10,318.4727302068168,320.1414034119236,316.94992850910876,317.0867004394531,6092500
2021-05-11,314.5790081125656,314.7887435541213,310.84044673507833,312.682373046875,8396400
2021-05-12,311.4423480303958,312.0624271626584,306.1171475122683,306.381591796875,7034100
2021-05-13,306.65501086373,311.88904651624347,306.6276564886926,310.439208984375,5741300
2021-05-14,312.1352426971747,314.52428426067377,311.74315403727513,313.9133605957031,4677300
2021-05-17,313.0653791202254,314.70672545423133,311.8891129157524,313.357177734375,3262200
2021-05-18,313.53959483560544,314.1322917072989,310.82227210571233,311.0411071777344,3462300
2021-05-19,307.8039373571999,309.6276364897002,305.651985738021,309.5182189941406,7223900
2021-05-20,309.7917951897315,312.7097252384178,309.42706089050654,311.4148864746094,4532800
2021-05-21,312.7609033885532,314.3873429934076,311.8380264162717,312.532470703125,4481000
2021-05-24,313.74767596642323,314.9538070673394,313.4552754780474,314.2867736816406,2531800
2021-05-25,314.9446314353854,315.23703189646324,313.09890580891187,313.57403564453125,2623200
2021-05-26,313.9212396454086,314.4329264804342,313.1080340230734,313.65625,2064500
2021-05-27,315.5567576707111,316.2968769664797,314.2044268182172,314.8714599609375,3026200
2021-05-28,316.4980206407295,316.58939928086033,315.55687920555886,315.8218688964844,2641400
2021-06-01,318.4716552717099,318.5721522479795,315.78528521070484,316.031982421875,2584300
2021-06-02,316.83604356447023,317.38428742878864,315.9223130855532,316.47967529296875,2576700
2021-06-03,314.88076461509706,317.0280376198832,313.92135840767327,316.16912841796875,4436400
2021-06-04,317.128548095964,317.96916479695824,316.6442718985856,317.8869323730469,2594200
2021-06-07,318.4351091360696,318.47166616725633,316.16904724484993,316.68988037109375,2224300
2021-06-08,316.78132868631417,316.9823505747914,315.00868872924696,316.4615173339844,2748700
2021-06-09,316.64413314268995,316.9547981251695,314.9537263656599,315.04510498046875,2591200
2021-06-10,316.64416731335984,317.7315088117978,315.05425732165753,315.21875,3089400
2021-06-11,316.1783614138437,316.65349153226106,313.93059078672314,315.34686279296875,3003000
2021-06-14,315.081688177628,315.1182452067913,312.9252974993221,314.597412109375,2527000
2021-06-15,314.7893806134927,314.80764518942516,312.8339834796221,313.7842712402344,2138500
2021-06-16,313.78432682694876,313.99449496922216,310.20248948541195,311.3629455566406,4032000
2021-06-17,311.18001228680316,311.8378992679844,307.5799124015667,309.4347839355469,5169100
2021-06-18,305.95124142056125,306.77479232492425,304.4230743140048,304.6792907714844,7126600
2021-06-21,306.78399356188834,310.2886721447872,306.00618451997246,310.0050048828125,5435700
2021-06-22,309.95922618972753,311.4965249613164,308.7879469458265,310.6180725097656,4042100
2021-06-23,310.74620358997265,311.2677961396048,309.9134930086748,310.0050048828125,3082700
2021-06-24,311.7343757447966,313.2442233892309,311.45984022049464,312.93310546875,3704700
2021-06-25,314.49790278421557,315.6783414908108,313.94885957704355,315.193359375,3638000
2021-06-28,315.0835777534366,315.1659579840908,312.7867889972953,313.68353271484375,3606300
2021-06-29,314.76341953419427,315.44971686866364,313.5097596124686,313.738525390625,2375800
2021-06-30,313.299191434531,316.1633423340759,313.2717406688212,315.6509094238281,3778900
2021-07-01,316.4103160663265,316.9776503588866,315.6233757058056,316.9410400390625,3606900
2021-07-02,317.56341192979517,318.7072404658092,316.7764433757568,318.386962890625,3013500
2021-07-06,318.2130245953213,318.54243373272095,314.4155203254366,316.44696044921875,3910600
2021-07-07,316.2914960060056,317.6549587603443,315.1751181149622,317.4536437988281,3347000
2021-07-08,313.4638821312977,315.69663739502994,312.52136864971794,315.1293029785156,6379900
2021-07-09,317.13335459226175,319.4210118324307,316.46534862495116,319.1098937988281,5063100
2021-07-12,318.4509002633948,320.53724158546055,317.8652468762582,320.29931640625,3999800
2021-07-13,319.84185465778035,320.5007008987033,319.2196187428799,319.35687255859375,3310200
2021-07-14,320.4458034403317,320.90333478218366,318.77122309087514,319.7320556640625,3933300
2021-07-15,318.3504266614976,320.27206463440564,318.11252925997167,320.2171630859375,5082600
2021-07-16,321.1207386795277,321.139040706254,317.1103874064516,317.47662353515625,5710400
2021-07-19,312.94442537512816,320.48899644076903,308.90660675130016,311.19561767578125,9715300
2021-07-20,311.57094131696834,316.9089011705451,311.0765072565034,315.9566650390625,5802200
2021-07-21,317.6871875335303,318.76759377372474,317.1378194300683,318.62109375,3056800
2021-07-22,318.4196211326307,319.37185720046375,317.4216160375636,318.8682861328125,2429300
2021-07-23,320.4615277609237,321.3679671408557,319.73819248878124,320.9834289550781,4142300
2021-07-26,320.46149705736076,321.78913443626556,319.9945299344863,321.75250244140625,2466600
2021-07-27,320.4796847755337,321.0839867360576,319.2985757973424,321.029052734375,3902600
2021-07-28,321.3953946936331,321.58769170493963,319.2803511054554,319.87548828125,3697700
2021-07-29,321.33131329317143,322.0271535021936,320.80941217988726,321.2122802734375,2425700
2021-07-30,320.3515876377141,321.3862248081594,319.24371442903447,319.9853515625,3576700
2021-08-02,320.87351913358793,322.2102935087566,318.68521157384413,318.95074462890625,2827100
2021-08-03,319.62835530208287,321.55113024273555,317.81544842511937,321.4595642089844,3819300
2021-08-04,320.0860660452246,320.53470315774103,318.5203907010769,318.62109375,3118500
2021-08-05,319.4085749170412,321.0566515280808,319.2437728443426,321.02001953125,2261400
2021-08-06,321.94484787538585,322.74141931485104,321.79834780322653,322.37518310546875,2123700
2021-08-09,321.9265595840975,322.3477298457607,320.96515805865175,321.5145263671875,2322500
2021-08-10,321.75251620165,323.1533896881588,321.38628006346966,322.96112060546875,2841000
2021-08-11,324.0689234707088,325.1493296228985,323.8491874240316,324.9845275878906,3422500
2021-08-12,325.21342904665494,325.2683630583968,323.88579189817995,325.25006103515625,3118600
2021-08-13,325.81777657476687,326.29388072362724,325.0395073771491,325.3966064453125,2414900
2021-08-16,324.49934202617527,326.50451779415266,322.89703440878867,326.47705078125,3634600
2021-08-17,324.04149518683255,324.7373633404913,321.8440506314123,323.9682312011719,5019600
2021-08-18,322.860391419287,324.16056185048046,320.36080950415845,320.5713806152344,4038000
2021-08-19,318.01678026693406,320.9009557215459,317.9984782428809,319.9853515625,5442200
2021-08-20,320.0872851002111,322.6279413992287,319.6745302687711,322.0867919921875,3394800
2021-08-23,323.7376219470654,324.97585794022837,323.70095379255577,324.18707275390625,3569200
2021-08-24,324.76503343187215,325.14109211375694,324.34312554113535,324.45318603515625,1981400
2021-08-25,324.48978140577776,325.64547221596365,323.7009961163223,324.8566589355469,2434700
2021-08-26,325.12259261972673,325.60871154831557,322.92129988632365,323.00384521484375,3008900
2021-08-27,323.45336499452316,325.47123359996584,323.45336499452316,325.21441650390625,3163700
2021-08-30,325.57213161911017,325.8106146472658,324.58155933232604,324.7649841308594,2482000
2021-08-31,324.50816714691246,325.42537511283473,323.9395026865952,324.6182556152344,2913800
2021-09-01,324.957622566909,325.0126528063462,324.04041458833365,324.27886962890625,2739200
2021-09-02,325.40689559684347,325.77377302105145,324.6181105343439,325.48944091796875,2390000
2021-09-03,324.3980715520755,325.2877643023457,323.856922269679,324.82000732421875,2465400
2021-09-07,324.3614048892468,324.40725408640503,321.9307816386776,322.3435363769531,3168500
2021-09-08,321.77483660015326,323.01307268788725,320.6925381493469,321.6922912597656,3075700
2021-09-09,321.53646371839045,323.32503067874853,320.03225701579123,320.38995361328125,3484700
2021-09-10,322.16947261278517,322.5455314415143,317.87694372399335,317.9961853027344,4539000
2021-09-13,320.02310171358835,320.96782499653267,318.7023197270098,320.38079833984375,5439700
2021-09-14,321.3896237806335,321.5455614305449,317.08791674173693,317.7850036621094,3902200
2021-09-15,317.73010707686103,320.52758098869504,317.1522614120164,319.9405822753906,3267300
2021-09-16,320.0230264643814,321.0961440817897,317.3539479937265,319.35345458984375,3646000
2021-09-17,318.80747717177377,319.58876100246096,317.1621893001278,317.6953125,5380900
2021-09-20,312.71351881604676,314.4966737974916,308.8255004296524,311.9598083496094,10010600
2021-09-21,313.8073933044011,315.3331875590939,311.60143618386047,311.6933288574219,6071100
2021-09-22,313.5775147818328,316.49120733722447,312.91572503214223,314.8091735839844,6862700
2021-09-23,316.93238776897994,320.4803244729469,316.6750266648261,319.4600524902344,5592200
2021-09-24,318.485854158837,320.2598090386826,318.31121320690767,319.7450866699219,3121600
2021-09-27,320.1310334490598,322.162348821509,320.020739843353,320.4251403808594,3426000
2021-09-28,319.2302785814063,319.6990544896847,314.7264450389872,315.1952209472656,7493800
2021-09-29,316.068330587468,317.72281859316774,315.1583804169968,315.9764099121094,4116600
2021-09-30,317.18055866829013,317.5114675559302,310.77407620878563,310.9395446777344,7926000
2021-10-01,312.53882385605624,316.90478985507343,310.3788140149127,315.43414306640625,6219800
2021-10-04,314.9101547186878,316.2153608345329,310.7372314410921,312.5203857421875,7037700
2021-10-05,313.55009457506486,316.9877115390166,312.9434513372606,315.3883972167969,3826100
2021-10-06,312.9524625400835,316.46359714390667,311.10496052650063,316.29815673828125,6276300
2021-10-07,318.82575908873986,321.49129017650944,318.7338384201444,319.5243225097656,5310400
2021-10-08,319.79100796614006,320.28732927845135,318.5593210200798,319.4325256347656,3658300
2021-10-11,319.55197098013883,321.29835189274417,316.97833190606997,317.0886535644531,4098400
2021-10-12,317.55755007837485,318.1182469158774,315.4435134654766,315.9858093261719,5100300
2021-10-13,316.1421829811166,316.7028519556343,313.5409684182325,316.0870361328125,4189100
2021-10-14,319.1382945528959,320.9857963656979,318.57762611134535,320.903076171875,4473900
2021-10-15,323.32772936109086,324.6425489057755,322.6565422957262,324.43109130859375,4206800
2021-10-18,323.0427076863508,324.6885470816958,322.04050078696395,324.1092834472656,3310600
2021-10-19,325.18505511227295,325.95739725342224,324.3851022656962,325.9114074707031,2380900
2021-10-20,325.9574129166075,327.86067168534026,325.82867519039974,327.35498046875,2873800
2021-10-21,326.76663999618154,327.4102446426084,325.7644047099159,327.29071044921875,2243800
2021-10-22,327.29993048814407,328.8170327320783,326.70228755079677,328.0079040527344,3872300
2021-10-25,328.57780301415175,329.0651431446619,327.5940033644618,328.75250244140625,2518200
2021-10-26,329.6812895493699,330.02148496489843,328.58713085313775,328.7066650390625,3182200
2021-10-27,329.24918396672956,329.44226256689024,326.3712718105199,326.3896789550781,3542100
2021-10-28,327.0975243991163,328.5962469906172,327.0975243991163,328.5226745605469,2490500
2021-10-29,327.9250163010397,329.6443999819057,327.6859760637968,329.3777770996094,2979600
2021-11-01,330.4995253415046,331.051178254663,329.14791958494675,330.2052917480469,2548400
2021-11-02,330.4628732983117,331.8144796036339,329.89281301682513,331.5294494628906,2629000
2021-11-03,330.92253429874614,332.69708366094494,329.99387161111247,332.43963623046875,3557400
2021-11-04,332.2373174268431,332.5223474769894,330.8857115511296,332.24652099609375,3870900
2021-11-05,333.72678554289695,335.5473242175808,332.74298587160496,334.0393981933594,4489000
2021-11-08,335.6577467320687,336.19104873925943,334.06707234052726,334.97735595703125,3056000
2021-11-09,334.85776816785784,334.9588951870195,332.6786548748239,334.02105712890625,3680600
2021-11-10,333.322273448713,334.43483906460096,331.2626942253543,331.98907470703125,3529000
2021-11-11,332.09949421020127,332.16386309307984,330.43527518512406,330.5088195800781,2461200
2021-11-12,331.6396819597148,332.6051027237081,330.61906783866823,332.1821594238281,3099800
2021-11-15,333.39583403697384,333.515368194736,331.62128492777265,332.1453552246094,2555000
2021-11-16,332.678658136097,334.260128719572,332.5683275469622,332.77978515625,2728600
2021-11-17,332.329215284772,332.4579249351886,330.582249048607,330.8672790527344,2976000
2021-11-18,331.0329404519295,331.0513195369918,328.36651401496374,330.40771484375,3438100
2021-11-19,329.7083439413968,329.7083439413968,327.3959822402359,327.8842468261719,3542200
2021-11-22,329.33066551232133,330.95205725237395,328.05010594207084,328.1514587402344,4929200
2021-11-23,328.22514825531243,330.1505702835138,327.35916520336446,329.828125,5789300
2021-11-24,328.02246555173866,329.9939672259243,327.78292995388256,329.83734130859375,4246700
2021-11-26,322.7436474797121,323.7846714043757,320.0075156504968,321.53680419921875,9075000
2021-11-29,324.82558013774843,324.99139943477456,321.4445870855669,323.53582763671875,5243000
2021-11-30,321.2420934117972,322.44893695454175,317.2438162001336,317.7413024902344,9543500
2021-12-01,320.6339854699751,322.78972140085205,313.5218871523829,313.6508483886719,8415000
2021-12-02,314.8945107708872,320.5510360997415,314.3049215510647,319.3165283203125,8326400
2021-12-03,320.4681384146072,321.0577558227019,316.06453531298223,318.9757080078125,11365300
2021-12-06,321.75786763180344,326.14302691142143,321.3617061994643,325.03753662109375,7026500
2021-12-07,327.9027189242732,330.3716788410237,327.77375767329806,329.5701904296875,5271500
2021-12-08,329.96623194742455,330.6110941967531,328.3540341523556,329.8003845214844,3355600
2021-12-09,328.6581463342261,330.8967921322023,328.28964948050907,329.9110412597656,3774500
2021-12-10,331.2744878075241,331.95620834583633,329.4503905522357,331.8641052246094,3855200
2021-12-13,331.1271111979459,331.6430124238692,328.5291619509338,328.9253234863281,4563000
2021-12-14,327.70007270643845,330.18747597822465,327.01835203670186,328.1238708496094,4079700
2021-12-15,327.8104425358519,331.6244550846048,326.52991157935736,331.47705078125,9274900
2021-12-16,332.8222084525238,333.96458522818335,330.0952980446891,331.1363220214844,9493700
2021-12-17,328.8491333385967,329.4305999869547,325.53572546643574,326.3848571777344,10638300
2021-12-20,322.46237965274554,322.7023572318417,319.8411879287702,322.36083984375,7303400
2021-12-21,325.02824627997126,327.63098942387165,324.42833040630575,327.5663757324219,4693300
2021-12-22,327.60320994648856,330.0121113401487,326.8833054668038,329.855224609375,2999500
2021-12-23,330.7782520493618,332.7256759113917,330.56596200527565,331.6734924316406,2655000
2021-12-27,332.3194686839786,334.99603491572066,331.9872181102508,334.9591369628906,2594300
2021-12-28,335.13454103616743,336.98969161713745,334.93151775504833,335.9467468261719,3048500
2021-12-29,335.86368131746434,337.4696439036742,335.7621696777656,336.73126220703125,3012200
2021-12-30,337.5158142394839,338.46645788393454,335.58683939458444,336.0206298828125,2863200
2021-12-31,335.503641427288,336.6388589317967,334.94986236426337,335.3282775878906,3133800
2022-01-03,336.26980355345296,337.6634762008546,334.3869653266774,337.5065612792969,5624100
2022-01-04,339.0386359858275,340.7645591092334,338.91864720546147,339.5278015136719,5462200
2022-01-05,339.38006640786404,341.03216516221744,335.9374593300004,336.0389709472656,7638000
2022-01-06,336.05745832470717,336.5558623959519,334.07310877832344,334.4700012207031,7019800
2022-01-07,334.0085534603996,335.8359882761667,333.307097901647,334.39617919921875,5806300
2022-01-10,333.2516821317069,333.3901198786783,328.97839195479725,332.9932556152344,8091800
2022-01-11,332.9010156862132,334.8023028716776,330.14138614511717,334.6084899902344,7310900
2022-01-12,335.7068431309342,336.4728843252277,333.8055557574298,334.9869384765625,4493200
2022-01-13,336.14981316060494,336.99894511495523,332.6795175856012,333.3717346191406,6418100
2022-01-14,330.6120884263888,332.07958520872313,328.94154018047703,331.470458984375,8575400
2022-01-18,327.9539696595058,327.9816572150939,325.45276658343084,326.5880126953125,8166100
2022-01-19,327.566374372667,328.15705166899147,323.22846915084,323.3576965332031,7386500
2022-01-20,324.40057175895157,327.6955031378102,320.0903550219379,320.5702819824219,8968700
2022-01-21,320.5869475536182,322.2125667428183,316.01493586497463,316.2088928222656,16301600
2022-01-24,312.58811419511164,317.8436387390864,306.04874209734544,317.55731201171875,29707000
2022-01-25,314.27855197640014,319.3862929947638,309.73421925614343,316.7723693847656,18657900
2022-01-26,319.61713765454317,321.4274683770906,312.68057608427864,315.3868408203125,19047300
2022-01-27,318.102264198517,321.08563767803537,313.9366584037526,315.4698791503906,12854100
2022-01-28,315.75625645364636,320.6700389054703,312.098641842337,320.6053771972656,12008900
2022-01-31,319.37701570524507,324.53092705181496,318.3979571763722,324.2723083496094,8379100
2022-02-01,324.8078552998835,327.21854669377797,322.9790345206021,326.91375732421875,7636000
2022-02-02,326.5905193875891,329.42610664097447,325.8239090520922,328.8442077636719,8856400
2022-02-03,327.7266832592488,328.0961344466475,323.81042174832936,324.1799011230469,9339900
2022-02-04,323.64407327214013,326.2764579760758,321.26108988806465,324.07818603515625,8532300
2022-02-07,324.43857443979596,326.1934890161265,323.11774464599466,324.1060485839844,4746200
2022-02-08,324.7524777858908,328.21613469873665,324.004330147701,327.4679870605469,4568400
2022-02-09,330.0634671081584,330.7561985929857,329.42615188713205,330.3590393066406,4781700
2022-02-10,327.68976758466096,330.7193127714357,324.22610945097085,325.6300354003906,10298500
2022-02-11,325.546943217123,327.35730234243084,319.79266997455994,320.771728515625,8211500
2022-02-14,320.2452483755379,321.01185905576335,316.99403773873087,319.4786376953125,7315100
2022-02-15,322.2864295954539,323.9767104150005,321.7507295825219,323.4779357910156,4932200
2022-02-16,322.1295442585526,323.93987553649714,320.2360603567086,322.9700622558594,4496500
2022-02-17,320.90094399241565,321.1595626335441,316.679893146749,317.4372863769531,4433500
2022-02-18,317.1959508958617,318.39851885018027,314.2080922070409,315.4198913574219,6193700
2022-02-22,313.39384133659246,314.7536492344235,308.57436981064194,310.8222351074219,7942700
2022-02-23,312.81109383228227,312.90360334935065,306.021313082591,306.6688232421875,5732600
2022-02-24,298.6211281901377,307.79750022733487,298.5008685906863,307.427490234375,14167100
2022-02-25,308.6670046879468,315.4567875151077,308.09348502856056,315.0127868652344,9496300
2022-02-28,310.7669332775443,314.34683049637897,309.6938844084694,313.9028015136719,8217300
2022-03-01,311.9879014771235,313.60671976920355,306.49316741589575,308.1860046386719,8532900
2022-03-02,310.1377904452658,314.9295135349761,309.60128028955654,313.58819580078125,6836200
2022-03-03,315.1699432564809,316.446501242797,311.44203823916604,312.7833557128906,7790700
2022-03-04,309.5273069523981,311.6179042658795,307.852988508753,311.2478942871094,6025000
2022-03-07,310.07311853924404,310.1933499094431,303.72733561469164,303.84759521484375,6590800
2022-03-08,303.8660470210755,309.3330308077167,301.6182090636601,302.052978515625,8209800
2022-03-09,308.14894922546097,309.92503630797603,306.7151502439631,308.407958984375,4669200
2022-03-10,304.63391317973685,307.8993003950304,304.04187454707056,307.2147521972656,3317400
2022-03-11,309.05554714067836,310.56336528403847,304.97612161003855,305.2813720703125,6923400
2022-03-14,306.88169550027766,309.5180623585535,304.1435878999741,305.32763671875,5640600
2022-03-15,307.11285503610384,311.5992984740352,306.28955702494244,310.98876953125,6648500
2022-03-16,313.7639217898252,315.8267685355089,309.46249689298816,315.771240234375,9577100
2022-03-17,314.4577143155816,319.6841782616472,314.1524356810813,319.5546875,6032900
2022-03-18,318.5738739663862,322.11544473976716,317.67457517404983,321.8836669921875,5903900
2022-03-21,321.3458426465353,322.5696356237354,318.2771083354178,320.2611389160156,4329900
2022-03-22,321.81867220908066,323.30205503635335,321.5776143653613,322.76434326171875,4430800
2022-03-23,320.5486479036128,321.18835679628944,318.32358702582536,318.37921142578125,4098700
2022-03-24,319.38041034613354,321.7630920410156,318.40695526272566,321.7630920410156,3550000
2022-03-25,322.44917257350266,323.85839930538765,320.9565375456492,323.13525390625,3206200
2022-03-28,322.4028272398885,324.0159912109375,320.20557885361677,324.0159912109375,2962400
2022-03-29,326.9549684590957,327.92842369123895,324.60937876222977,327.24237060546875,4711800
2022-03-30,326.4820053026296,327.70579813436194,324.8966540347594,326.4541931152344,3909800
2022-03-31,325.4808352357774,325.9443906925886,321.48498946151926,321.54986572265625,3978900
2022-04-01,322.77370173110506,322.959135255697,320.07580521943834,322.6439208984375,3560200
2022-04-04,322.3007946049485,323.8212415219987,320.8081315854875,323.7841491699219,3829900
2022-04-05,322.46771535233506,325.462265408277,320.31681130516176,321.0955810546875,4331700
2022-04-06,318.54603841341356,320.83600352333343,317.72092440497994,319.6214904785156,5431300
2022-04-07,318.71278685805504,321.80008086540613,316.96984277243354,320.75244140625,4599900
2022-04-08,320.51140799797264,323.6728586416777,319.52867299355654,322.0504150390625,4535900
2022-04-11,320.1868291892033,321.78146018415737,317.75780450584426,318.1842956542969,5344400
2022-04-12,319.30625394840274,321.4756899605979,316.144802527942,317.27587890625,4501400
2022-04-13,316.7845434803658,320.8267336507166,316.6454824961897,320.5578918457031,3605000
2022-04-14,321.5558426692797,323.4293078089875,319.27432599888584,319.3114318847656,4179600
2022-04-18,318.92177792944875,320.9621763779781,317.7717506058166,319.1351013183594,3939000
2022-04-19,319.3114189635104,324.3659989495496,319.27431307913207,323.7909851074219,4261200
2022-04-20,325.59031234553396,327.45449428582515,324.86690310510056,326.0262145996094,5677000
2022-04-21,328.27977035016795,329.13303570237383,321.9916685986329,322.48321533203125,5369600
2022-04-22,321.2125755749333,321.277503776005,313.2365111882623,313.7280578613281,6855100
2022-04-25,312.040218566904,316.33428354080536,309.0260094019526,315.8520202636719,6806600
2022-04-26,313.50550443060564,314.45149198023034,308.16339049510105,308.3303527832031,7619800
2022-04-27,309.65659271224513,312.55022827932925,307.05971923406196,308.8682556152344,6894400
2022-04-28,310.9178881091988,315.8333831219008,308.36740422539214,314.674072265625,5976600
2022-04-29,313.1252928616229,314.61850030735354,305.22343842862995,305.7706298828125,6495600
2022-05-02,306.38278592250447,308.22840039413046,300.92009767134346,306.7444763183594,9221700
2022-05-03,307.15260106388126,309.2301063951681,305.23277454079323,307.217529296875,6051000
2022-05-04,307.72747844985287,316.41769685756435,306.24358311906377,315.8797607421875,10569700
2022-05-05,313.3200340935336,313.7002915203358,303.1737696635023,306.28070068359375,9101200
2022-05-06,303.96203399486023,306.6609131625648,301.1889713831983,305.195556640625,10644200
2022-05-09,301.40230939263034,302.69144845625647,298.05420463812345,299.1949768066406,7817200
2022-05-10,302.81209523290244,303.84155002611675,295.91187248307045,298.48089599609375,7716500
2022-05-11,298.39737771203727,302.4132469986512,295.07712335189325,295.3553466796875,9374700
2022-05-12,293.63026354402064,296.2549309066887,289.85554054908266,294.5948181152344,6790800
2022-05-13,297.08972246981887,299.59384606385237,295.7171160790572,298.8518981933594,4236700
2022-05-16,298.36953099845516,301.94949790999857,296.5053782475758,299.3619079589844,3692600
2022-05-17,303.1181924420907,303.6190229067513,299.9926933433882,303.3686218261719,3316800
2022-05-18,300.68814243988976,300.85510472061526,291.61769506467795,292.65643310546875,3659000
2022-05-19,289.4752502617512,293.3983679986253,288.2788336520404,290.4583435058594,3836700
2022-05-20,292.6478711830911,292.90817501888904,284.736450318213,290.444580078125,4654000
2022-05-23,293.14053879157166,297.1659560415754,292.6385142065992,296.4129333496094,4484600
2022-05-24,294.30257592768254,297.6307474083283,291.56006662022867,296.9242248535156,5260500
2022-05-25,295.6134670331487,299.8527168016398,295.12074808460443,298.68133544921875,4612800
2022-05-26,300.23379888211383,304.7147398713766,300.187298845509,303.48760986328125,3270200
2022-05-27,304.0454278604486,308.76811866390364,303.8316241220889,308.71234130859375,2773100
2022-05-31,306.9460187906314,309.1585869419555,304.6125618643475,306.9739074707031,4354000
2022-06-01,309.02847857483016,309.5305032347867,303.1623225510625,305.2633361816406,3721400
2022-06-02,305.4399299054723,309.37240382775894,302.47431079634794,309.36309814453125,3718800
2022-06-03,306.6670679738724,308.39625105028887,305.6072698833453,306.18365478515625,4150900
2022-06-06,308.26613114071165,309.335235073942,305.4213721941043,306.27667236328125,1957600
2022-06-07,303.8316091935908,309.084184614409,303.8316091935908,308.8052978515625,2424000
2022-06-08,307.3086015710624,308.58223203673134,305.4492803958401,306.21160888671875,2032900
2022-06-09,305.07738594491116,306.77865213686283,300.28033447265625,300.28033447265625,2591500
2022-06-10,295.9201574241304,296.34779320322787,292.2108220361973,292.2572937011719,4484700
2022-06-13,285.87056219037885,287.84143762449673,282.7654999763086,284.0856018066406,6317200
2022-06-14,285.04314299678197,285.8054712839957,280.69233941816714,282.8956298828125,3724000
2022-06-15,284.84793387034716,288.8268791495113,280.99915466204953,285.61956787109375,7060900
2022-06-16,280.17168583736935,280.44129523530034,277.0573185387188,278.8050842285156,4943500
2022-06-17,277.93116819370226,281.0154593462261,276.17938795851455,278.3504943847656,4738000
2022-06-21,282.4130905994025,285.57194158415473,281.98446576690486,284.472412109375,3246500
2022-06-22,280.96881187886834,286.69944062278404,280.78243840890394,283.8387756347656,6361200
2022-06-23,284.82644049383686,286.1216419036709,282.1334953270578,285.8234558105469,3582600
2022-06-24,288.1158847105108,293.6321882237484,288.0413239287445,293.53900146484375,3314800
2022-06-27,293.8930411274001,294.3496476327709,292.0107940577733,292.9239501953125,1896500
2022-06-28,294.452138632715,297.0146176872719,288.1437913428553,288.24627685546875,3025900
2022-06-29,289.2339457274738,290.2403168952928,287.7709965582278,288.9078063964844,2462800
2022-06-30,285.8328814404709,288.6935466059959,283.50335510436275,286.8299255371094,4117800
2022-07-01,286.4385624831163,290.08194521088393,283.98789614312255,289.6533203125,3315000
2022-07-05,285.6929959656593,288.6375194344086,282.87891113010215,288.5909118652344,3767700
2022-07-06,288.8612709119536,290.99512503674515,286.94174345114425,289.2433166503906,2493300
2022-07-07,291.2280141141702,292.84002781672297,290.36140887875365,292.5418701171875,2267500
2022-07-08,292.1225770112264,293.6507598036912,290.88328162085776,292.0852966308594,2094300
2022-07-11,290.40809314914617,292.3462466726325,289.95151505778216,290.44537353515625,2633200
2022-07-12,289.38304721647705,292.16915132509683,287.55670672108937,288.8332824707031,2806000
2022-07-13,285.310965773623,288.805254003546,284.30459483891457,286.76458740234375,3481200
2022-07-14,282.02181220243125,285.9353998352358,280.9129552639856,285.50677490234375,2893100
2022-07-15,289.73694246130407,291.5733767292332,288.18948778059206,291.4615173339844,3027500
2022-07-18,294.3514468641088,294.9014413863143,288.7302826559106,289.587890625,2344900
2022-07-19,291.84390703205406,296.8125213013458,291.46170155772535,296.54217529296875,3004900
2022-07-20,296.66326409976523,297.7725841707415,294.994646890886,297.1293640136719,3243000
2022-07-21,296.09461252979685,298.73272531731095,293.9971630824821,298.6861267089844,2159800
2022-07-22,299.9445934662622,300.3547636222983,295.8242581528001,297.4276428222656,3264100
2022-07-25,298.3692193766214,298.66753016281524,296.67260878468676,298.26666259765625,4002500
2022-07-26,297.26927894320664,297.8192735428721,295.60063293672147,296.01080322265625,2101700
2022-07-27,297.2598531286201,301.5106816025866,296.4768087727292,300.1776428222656,3338100
2022-07-28,300.58795852223625,304.0091172414584,298.1269363991138,303.1794738769531,2688400
2022-07-29,303.44977008416794,306.9455205026402,302.8904727760042,306.37689208984375,3225600
2022-08-01,304.7454682193875,307.36494762379897,304.3166642372995,305.7988586425781,2745500
2022-08-02,304.80140728212103,305.5564869372354,301.93954671602995,302.070068359375,5394600
2022-08-03,303.6175321944631,306.82430226771316,303.0955025033279,305.9107360839844,2564600
2022-08-04,305.47274215154977,306.0973004695799,304.41002007227786,305.16510009765625,2426400
2022-08-05,303.0302682020343,305.93872772105533,302.8997465435845,305.733642578125,2672400
2022-08-08,307.4488804167374,308.67006014360953,305.49125472263,306.15313720703125,2528800
2022-08-09,306.022552199883,306.6378074877197,305.0064578217602,305.6776428222656,1655100
2022-08-10,310.0497136386832,311.1963013870864,309.45309200659926,310.6090393066406,2934400
2022-08-11,313.0513988566691,313.96493661470447,310.5903772955042,311.0844421386719,2401600
2022-08-12,312.100545033683,315.0090328969847,311.5319166954916,314.92510986328125,2606900
2022-08-15,313.3217063655252,316.80815346592516,313.27510774818853,316.3606872558594,1936500
2022-08-16,315.84805986789377,319.82854424447,315.7827990301243,318.570068359375,3897100
2022-08-17,316.6403651029936,318.86830815910525,315.73613002620743,317.1344299316406,2960300
2022-08-18,317.1344658590716,317.88021451372634,315.98784956526447,317.4886779785156,1850900
2022-08-19,316.0185191332005,316.30805649875253,314.0664649414476,314.79498291015625,2010300
2022-08-22,311.12431767379474,311.5072605912306,308.3690383947523,308.929443359375,2684500
2022-08-23,308.50920741818254,309.5739799598377,306.9494450500368,307.3883972167969,2897200
2022-08-24,307.22028547237625,309.1816890809907,306.659880369431,308.0888977050781,2581700
2022-08-25,308.3037086695289,311.1617431640625,307.28565323877933,311.1617431640625,2498900
2022-08-26,311.47933005090675,311.64747154031636,301.5135762776844,301.6163024902344,4191000
2022-08-29,299.38394544034554,301.98978124009403,298.64607850078954,299.906982421875,2896900
2022-08-30,300.8315716613851,300.90630750283054,295.6759102331598,297.04888916015625,2926300
2022-08-31,297.4413073155759,299.03846609448954,294.7700839132725,294.8167724609375,2981600
2022-09-01,293.5466214961199,296.31125119376225,292.0615661634993,296.1337890625,3228000
2022-09-02,298.664796761988,299.58012588014265,291.6971734442106,293.0514831542969,3826200
2022-09-06,293.7893571428634,294.3964792606372,290.4082855179654,291.594482421875,3320400
2022-09-07,291.07144494963626,296.0216279576018,290.893982869786,295.4518737792969,2520200
2022-09-08,293.92009436042946,297.3852220419356,292.97674642018876,297.23577880859375,3301100
2022-09-09,298.95437666330963,301.6256285293274,298.41266980421614,301.0091857910156,2479300
2022-09-12,301.9525232764062,304.1847659063336,301.87778739980956,303.1480407714844,2486900
2022-09-13,297.7589000336455,298.4967672995184,290.31492610763485,291.1555480957031,4301200
2022-09-14,291.74384179379194,292.7899443578777,289.1006378190947,291.4636535644531,2868800
2022-09-15,291.06211249774793,292.8273557833616,289.1007088999869,289.87591552734375,3294600
2022-09-16,286.5260323644534,288.9796106972669,285.9547920472065,288.4832763671875,4071000
2022-09-19,285.9736274541115,290.4874795054018,285.8987214365454,290.45001220703125,2730000
2022-09-20,288.1461322364314,288.42706538855276,285.23365852335576,287.5186767578125,2822800
2022-09-21,288.923497454395,290.5623414144302,282.55542949849774,282.63970947265625,5110700
2022-09-22,282.4054370690167,283.7258797792258,280.84152853519726,281.4314880371094,3492500
2022-09-23,278.9031220348584,279.07168196362153,273.8273761840421,277.0675964355469,4949300
2022-09-26,275.88775847341145,277.4235749582074,272.9846569206834,274.1271667480469,4143400
2022-09-27,276.0562402916392,277.6950842515785,271.1116150871034,272.7972717285156,3681000
2022-09-28,273.7805584045488,279.09977008248023,272.56311447922997,277.8823547363281,3995700
2022-09-29,276.0468981985509,276.1218327925649,271.4394209377789,273.6495056152344,3351100
2022-09-30,272.7130104116271,274.82009564713087,268.8078951128302,269.0513610839844,3827200
2022-10-03,272.1043126334476,277.5452728666757,271.0835502890547,276.0656433105469,3457600
2022-10-04,279.64293165298,283.9226620990852,279.48374568580266,283.8852233886719,4163800
2022-10-05,280.6918916584895,285.2057152931462,279.82094127026755,283.5575256347656,2746900
2022-10-06,282.3212519599552,284.04437554642016,279.642898367453,280.2235412597656,3081700
2022-10-07,277.8823575524337,278.03219812533763,272.92835899647656,274.3611755371094,3029300
2022-10-10,275.5879898738193,276.18735221983104,271.6641270384808,273.41534423828125,3154500
2022-10-11,272.6849464312195,277.3299198494908,272.25417251665846,273.7244567871094,3849900
2022-10-12,273.883624928696,275.8596175833565,272.8628625786214,273.6026916503906,4378700
2022-10-13,268.9015106653292,282.56478243420446,268.41452163421206,281.4690856933594,7389600
2022-10-14,283.3233545431287,285.0277305578188,277.37668640072246,277.9666748046875,5519400
2022-10-17,281.77811125018354,283.95072799016816,280.92590911433155,282.873779296875,3555700
2022-10-18,288.67993128040104,288.79230454026697,283.7914944221075,286.067138671875,4685500
2022-10-19,285.00896709785,287.1722385248576,283.08919016919236,285.0183410644531,2939800
2022-10-20,285.46784567795214,288.7830005430094,283.51060138331644,284.0444030761719,3574700
2022-10-21,283.9994460879327,291.6082717599089,282.99683016515417,291.30841064453125,5357200
2022-10-24,292.85450904439784,296.1060545211254,291.98306454452717,295.2158508300781,4331700
2022-10-25,294.5599510877305,298.71105145534887,294.33504095703984,298.4393005371094,6024800
2022-10-26,297.96136962376914,301.4659063056734,297.7645697229527,298.336181640625,4991800
2022-10-27,301.31600238735155,303.48057271688447,299.7792644036439,300.2852478027344,4262200
2022-10-28,301.51277275568543,308.1845530475962,301.2222912731656,307.89404296875,5251400
2022-10-31,306.33857617590803,308.1189548651454,305.34528277622826,306.8070983886719,5128200
2022-11-01,308.63433086532075,309.06536331225414,304.352030797101,305.8606872558594,4376400
2022-11-02,304.97048917051285,309.9274624883337,301.091139884287,301.12860107421875,7110300
2022-11-03,299.24513855807646,301.5877495870322,297.21173960255936,299.7323913574219,4112700
2022-11-04,303.23695103271183,305.60770102416944,299.2357813900558,303.7336120605469,6263700
2022-11-07,304.67066628777883,308.24080358997065,303.7429727756086,307.7441711425781,4518300
2022-11-08,308.72805581586897,312.5605644297417,307.6223501573229,310.8270263671875,6349000
2022-11-09,308.9529736760075,310.0399488668475,304.5020117306793,304.85809326171875,4799200
2022-11-10,313.17905577580007,316.2431814055009,310.9863747844088,316.0276794433594,6002300
2022-11-11,316.62732264070576,317.06773468816704,313.1040548573438,316.5242614746094,5190700
2022-11-14,315.51214096429726,318.47320403396907,314.4345458658932,314.6313171386719,3303300
2022-11-15,317.18003843957376,318.70742485070275,312.42924673283954,315.0435791015625,4824100
2022-11-16,314.5376940773818,316.01821158932404,314.42522473284953,314.9125061035156,3085500
2022-11-17,311.7827778984658,315.5777960899524,311.7827778984658,314.94061279296875,3606500
2022-11-18,316.85702375803885,317.5048994336917,314.79135769956304,316.77252197265625,3659100
2022-11-21,317.04484898906264,317.97439735414576,315.0448872847057,316.4720764160156,2304100
2022-11-22,318.1996820087948,320.2935149497806,317.730208627676,320.1432800292969,4389400
2022-11-23,319.8147532181542,321.6644801238065,319.2326106095189,321.0729675292969,3108500
2022-11-25,321.2044011839553,322.80999265765496,321.14806665185296,322.5470886230469,1498300
2022-11-28,320.82876874077505,322.04001826571056,317.3171165021269,317.8241271972656,3089800
2022-11-29,317.29844218303356,318.65052853612724,316.059024916965,317.81488037109375,2943600
2022-11-30,317.97437740010895,325.0540453932402,315.6551772982756,325.0164794921875,6940400
2022-12-01,325.57991481111327,325.5893134517462,320.8288446623854,323.3827819824219,5325900
2022-12-02,320.0494169532687,324.3216424123975,320.0494169532687,323.6925354003906,3736500
2022-12-05,321.5423444396477,322.3498249368538,318.3311337625578,319.27008056640625,3827200
2022-12-06,319.02597219381977,319.8522500357491,314.2843018953463,315.9180603027344,5516300
2022-12-07,315.6176498790667,317.67391739194426,315.05427596328116,315.8993225097656,3577100
2022-12-08,317.11991655907246,318.91330857502925,316.4814395446837,317.79595947265625,3278400
2022-12-09,317.0542486301939,318.4063059589552,314.7819842641148,314.8946533203125,3815500
2022-12-12,315.61766291502107,319.8522944614989,315.54253110747305,319.8241271972656,5017300
2022-12-13,326.9224617478141,326.9600276398009,318.7724111038594,320.9413757324219,5274300
2022-12-14,320.91330238119616,323.61747430792775,317.0260767273107,319.44854736328125,5498400
2022-12-15,316.0308169567057,316.7725932233134,310.5849349860696,312.4815979003906,5865600
2022-12-16,309.88430907174455,311.02299338134895,307.211679231494,309.5831604003906,6672200
2022-12-19,309.4889432178154,310.8628940775713,306.51516571159397,308.0867614746094,3709600
2022-12-20,308.28444135646185,310.430075099331,307.17398808583533,309.02789306640625,4721700
2022-12-21,312.001467096244,314.6270242394616,311.6062061857181,313.9400634765625,5086800
2022-12-22,311.9639117128505,312.2932911191133,306.4586604682147,310.7969970703125,4876900
2022-12-23,310.19484846398984,312.61340026393134,308.7267845920753,312.36871337890625,3997900
2022-12-27,312.7545144720066,314.1473053564708,311.0888345638052,312.7827453613281,3098900
2022-12-28,313.083767218466,314.07187666372636,309.2065734863281,309.2065734863281,3102400
2022-12-29,311.0511038557473,313.2343877991618,310.67468252183954,312.4909362792969,2458800
2022-12-30,311.1356832294408,311.8697146150158,308.99947067991917,311.8038330078125,3881800
2023-01-03,312.82982404603393,314.1567045974338,308.9996705544536,311.7005310058594,3910700
2023-01-04,312.9615173339844,314.354308070551,310.74061102554947,312.9615173339844,4137300
2023-01-05,311.4651360765595,311.6345213472735,308.7642767345741,309.8182678222656,4350100
2023-01-06,312.6038663841416,317.25274318942814,310.4676530119656,316.4622497558594,4800800
2023-01-09,317.7891966886441,319.4078344992958,315.18244914762414,315.5306396484375,3864000
2023-01-10,315.210659369209,317.45037652582056,314.58955119802613,317.3562927246094,2277500
2023-01-11,318.4574067507785,319.78431608246666,317.2622607248018,319.7372741699219,3265800
2023-01-12,320.7911625783128,322.7862215097885,318.033841106398,321.84515380859375,4332600
2023-01-13,319.17244514160814,323.24725463204913,319.125374536859,322.82379150390625,3473400
2023-01-17,322.18385358448114,322.55088369245055,318.67369021073677,319.1724548339844,3929700
2023-01-18,319.55840438841653,320.151281706101,313.0932731034013,313.34735107421875,5164300
2023-01-19,311.5499465066337,312.8674358643811,310.52418590956205,311.1452941894531,3454200
2023-01-20,311.58786460513727,314.32869589404163,310.2033215569989,314.2721862792969,4120200
2023-01-23,315.23298176980853,318.11508803999124,313.68830847809994,316.626953125,3985300
2023-01-24,315.48723234352684,318.0867900949334,314.30050146247504,317.5028381347656,3360900
2023-01-25,314.80915135882145,318.0115174181303,313.2173961831455,317.7101135253906,4318600
2023-01-26,318.7743669600958,319.7256315008754,316.6551697380804,319.6314392089844,2930900
2023-01-27,319.6690986460356,321.6847043209254,318.5011947931161,319.86688232421875,2907400
2023-01-30,318.783816023688,320.63929236524086,317.26742623738903,317.4652099609375,3032700
2023-01-31,317.9736934941209,321.0441544641299,316.9470638875211,321.0158996582031,2593500
2023-02-01,319.4055069185291,323.31424401248114,316.071294132297,321.05377197265625,6175400
2023-02-02,321.6563906591208,321.6563906591208,318.3598624897721,320.63916015625,5169400
2023-02-03,319.075686133817,321.80711840270214,318.3127775670709,319.27349853515625,6504300
2023-02-06,318.0208783657509,319.8198449088749,317.1166955394922,318.8026428222656,2708400
2023-02-07,317.36149975925326,322.4098835795047,316.645672988776,321.6658020019531,4969600
2023-02-08,320.58274322553956,321.60937313158183,319.14169021606426,319.68798828125,2769500
2023-02-09,321.8825951838755,322.6455040829326,316.5233771811178,317.48406982421875,3094700
2023-02-10,317.1637845334366,319.30183764971474,316.4197314713806,319.0381164550781,2523900
2023-02-13,319.1793261616728,322.64538366170717,319.1793261616728,322.6359558105469,2653900
2023-02-14,321.6658375622166,323.558996075823,318.7366501790543,321.3079528808594,3501100
2023-02-15,319.7256747989368,321.80721838084514,318.9439390316253,321.79779052734375,1967700
2023-02-16,318.82139660313203,321.0724684144076,317.70057462283575,317.77593994140625,3229600
2023-02-17,316.7212754293975,319.2779057967698,316.1174798407833,319.1458435058594,3034200
2023-02-21,315.7778107624712,316.9287707086835,312.36267533911,312.5041809082031,3142900
2023-02-22,312.9758633713246,313.6173744332351,310.80603468934146,311.8154602050781,2896400
2023-02-23,313.0702278232379,313.9192900170894,309.4192402362894,312.9004211425781,5999600
2023-02-24,309.2778253897636,310.5137179291688,307.95705826778413,309.5514221191406,3764700
2023-02-27,312.01364645346814,313.19290761850027,309.6268230070653,310.4381408691406,2887300
2023-02-28,310.25887923907175,310.25887923907175,308.0324480624133,308.08905029296875,3155300
2023-03-01,307.5890255185294,309.2682920980868,306.89088340102484,308.49468994140625,3317500
2023-03-02,309.0325629859234,312.4571430375294,308.3061194655437,311.7401428222656,3047500
2023-03-03,312.75898010172483,315.5043040870489,311.72125310547904,315.2967529296875,3033500
2023-03-06,315.6928923456033,317.09856224905764,315.2683468680444,315.74005126953125,2641700
2023-03-07,315.7306695144829,315.96652173969477,310.1173750382182,310.2588806152344,5009200
2023-03-08,310.30604778874675,310.8532122471656,308.1173323739657,309.9003601074219,3169600
2023-03-09,311.0606637367464,311.73991903449604,304.1549063413823,304.7964172363281,4760900
2023-03-10,304.2871464159459,306.48527671444947,300.40972046129616,301.63616943359375,7741600
2023-03-13,298.8341984679029,304.8814526903033,298.7398518241833,300.7776184082031,6831600
2023-03-14,303.9757669926774,305.39088031188237,300.67383591453233,303.9569091796875,4760500
2023-03-15,298.9662654235223,301.71158869264735,297.1454932124583,301.4568786621094,6518000
2023-03-16,299.6831972107568,305.25874582427423,298.52279419892767,304.95684814453125,6569900
2023-03-17,303.3753332779209,303.72531890887853,300.00786183337027,301.275390625,5314900
2023-03-20,302.06052093945686,305.29557897046203,302.06052093945686,304.8699035644531,4695000
2023-03-21,307.82114835435806,308.2184183941806,305.85361955227785,308.01031494140625,3527300
2023-03-22,308.03868283040674,309.8453925595783,302.75099623060913,302.864501953125,4378700
2023-03-23,303.95241360953065,307.44286017586205,301.27547312757144,303.4889221191406,4772600
2023-03-24,302.17410021391794,305.02129926286227,300.7173755978552,304.8888854980469,4484900
2023-03-27,307.03606607303243,307.96307775344576,305.8158216006147,306.7712097167969,3550900
2023-03-28,306.4685374392896,308.03876772357245,305.3807354758255,306.29827880859375,2536500
2023-03-29,308.91836717027786,309.476485059531,307.69815184087224,309.3913269042969,2531700
2023-03-30,311.09409088497506,311.16031219536114,309.0509007682285,310.7157287597656,2487000
2023-03-31,311.76554893053583,314.8114103319248,311.6898880855874,314.6316833496094,2837300
2023-04-03,315.549386113519,318.0655362734541,315.47372523024063,317.7439270019531,3450700
2023-04-04,317.74398721610703,318.0750649859519,314.64137080446216,315.8805236816406,2449900
2023-04-05,315.9371076497017,317.30870244834307,315.7100962110412,316.7127685546875,2566600
2023-04-06,316.26823840923834,317.1763131837053,315.25609746310994,316.7884826660156,2333300
2023-04-10,315.93726473799853,317.791259765625,315.39808343591983,317.791259765625,2834200
2023-04-11,318.12217830432763,319.5978103851218,317.83841400693325,318.6802673339844,2343100
2023-04-12,320.2978144980789,320.676205423075,317.7911333894402,318.4059753417969,3363800
2023-04-13,318.8410629383721,322.1612204428113,317.89514352694346,321.96258544921875,3040900
2023-04-14,321.5559593841,322.416749813326,319.06818584405187,320.51544189453125,3107900
2023-04-17,320.78029523314336,321.54648790749167,319.71140131611486,321.53704833984375,2226400
2023-04-18,321.5558739814264,321.82073028413834,319.6261901375692,321.4234313964844,2191100
2023-04-19,320.77070174988336,321.26259829427374,319.9004721004002,320.6571960449219,2854700
2023-04-20,319.1816567796472,320.5248753682482,318.6330360907224,319.6735534667969,2179300
2023-04-21,320.14116440480444,320.4440017030456,318.76882187846854,319.9991760253906,2470100
2023-04-24,319.8098869009624,320.7563219973934,319.1473707802979,320.6048889160156,2288800
2023-04-25,320.05597363727736,320.5386359026687,317.24506020719235,317.3680725097656,2745300
2023-04-26,317.6235557219244,318.43747586573926,314.50977683816814,315.1155090332031,3588400
2023-04-27,316.27957267449455,320.4438799934567,315.94831471986055,320.0842590332031,3066600
2023-04-28,319.1283887340638,322.77216890410233,319.0716049502523,322.7626953125,3651100
2023-05-01,322.82892144311927,324.23910007612136,322.03391966380207,322.1285400390625,2296200
2023-05-02,321.73106238406905,321.78784616393665,316.4026296042671,318.82550048828125,3275800
2023-05-03,319.07166183881736,320.06540711559705,316.0430580420213,316.2134094238281,3924100
2023-05-04,315.42771228467865,315.7211046907012,311.7271496506137,313.5821533203125,3576800
2023-05-05,316.3554192822,319.42185989465804,316.05255310536484,318.693115234375,3542700
2023-05-08,319.1094824149566,319.31769925771647,317.14088155924446,318.2103576660156,1789900
2023-05-09,317.44372114094057,318.64568302015226,317.19763883381853,317.784423828125,1924900
2023-05-10,319.3270724642751,319.75297964638537,314.68007446909644,317.5193786621094,3365500
2023-05-11,315.86316994344446,315.986211100018,313.7147731478083,315.4751281738281,2744700
2023-05-12,316.5068247775392,316.53521667396046,313.563396728302,315.3521728515625,2636400
2023-05-15,315.64548711369395,316.35531323106187,314.0838465491656,315.89154052734375,2171000
2023-05-16,314.8883884646653,315.2291200921094,312.5885582903106,312.6548156738281,2265200
2023-05-17,314.3489481681404,317.21664518510744,313.1659043676935,316.6866149902344,3068800
2023-05-18,316.0146567910473,318.4186099004884,314.9262622622892,318.0589599609375,3553500
2023-05-19,318.6526218897148,319.117398652906,316.0537854379269,316.97381591796875,3706700
2023-05-22,316.90742613787586,317.8843633665432,314.9156042210057,315.7502746582031,2555100
2023-05-23,314.66911857863164,315.9400838973285,313.0756431690441,313.5783386230469,2526200
2023-05-24,312.99962542676786,313.22725225545105,310.60945688931673,311.1121520996094,2978300
2023-05-25,311.1690612883967,311.7950640176938,309.03497291619453,310.86553955078125,3499900
2023-05-26,311.22609444799764,314.5362947166201,311.02692089038663,313.7964782714844,3580000
2023-05-30,313.6162580022001,314.2517550773431,311.97539905454767,313.4929504394531,3474500
2023-05-31,312.47809222415617,313.16100192064454,310.81824508155347,312.5444641113281,3067600
2023-06-01,311.9658750299888,314.87772784864694,310.4577889477117,313.89129638671875,3081300
2023-06-02,316.07273762274167,321.061771758093,315.94943009537684,320.6539306640625,5584700
2023-06-05,320.78667620808534,321.0427853418465,318.6525878023498,318.8138427734375,3415600
2023-06-06,318.719127036431,319.39254267666513,317.23949408145626,318.8519287109375,2824900
2023-06-07,319.20280446947584,320.1323002382042,318.6242141941548,319.80035400390625,2739000
2023-06-08,319.8572734769999,321.78269486167574,319.40199073132476,321.3558654785156,2700300
2023-06-09,321.1282842755742,322.7312247980364,320.8911632390613,321.7922058105469,3162300
2023-06-12,322.2379755862797,323.71760845155995,321.7542683831086,323.5943298339844,2035500
2023-06-13,324.13496432606377,325.9276132643015,324.00219159662345,324.9696350097656,3259300
2023-06-14,323.8030876221532,324.4195966633855,320.91019297414715,322.883056640625,3766000
2023-06-15,322.8165063662534,327.77705871826987,322.65525136465993,327.0087890625,4722500
2023-06-16,328.29787886628895,328.6591204900947,325.79773405906246,326.0163879394531,5576800
2023-06-20,324.4477817155274,324.7424726731022,322.26135931854174,323.6492614746094,3387200
2023-06-21,322.85081735762424,324.07713005744813,321.957228755983,322.6701965332031,3050700
2023-06-22,322.2044120686773,323.1455202858334,321.53896384780404,322.58465576171875,2605500
2023-06-23,320.4742960259379,321.4914704710562,319.6187403941718,320.5123291015625,3721600
2023-06-26,320.17001806059574,321.3868151126697,319.3620112061895,320.4932556152344,2301900
2023-06-27,320.4551176964784,322.8791954880091,320.4551176964784,322.4799499511719,1778800
2023-06-28,322.0047056024326,322.20432841257144,320.7688776574965,321.9096374511719,2305000
2023-06-29,321.70066442711743,324.5335343302751,321.4154598267842,324.31488037109375,2902700
2023-06-30,326.2731116235875,327.5659461053736,325.835832785423,326.87200927734375,3027500
2023-07-03,326.06394136282574,327.51839451809644,325.854802980531,327.08111572265625,1698400
2023-07-05,325.4745395622269,326.76737383934153,325.35095384235194,325.88330078125,2717000
2023-07-06,323.4400597492846,324.03895706526106,321.02549747410933,322.4799499511719,3742400
2023-07-07,321.2822352094479,323.59224342200446,320.5407500173657,320.7688903808594,2852200
2023-07-10,320.74039168847116,322.87929475413176,320.52176683084826,322.812744140625,2560200
2023-07-11,323.9154109673995,325.98779204632643,323.16443936231656,325.72161865234375,2477100
2023-07-12,327.87957776627405,328.82068581357095,326.20647100598717,326.66278076171875,4140200
2023-07-13,327.33769166788926,327.8510364795742,326.72930771503,326.9384460449219,2472300
2023-07-14,328.64002475962633,328.83967657183837,327.49929402612014,328.126708984375,3293400
2023-07-17,327.54681992706924,329.5811680744448,327.22361142912405,328.77313232421875,2860000
2023-07-18,328.58299594197837,332.63266119945945,328.20275235688894,332.3189392089844,4617200
2023-07-19,333.0984870720969,335.04728276161677,333.0984870720969,333.3741760253906,5864300
2023-07-20,334.096697174257,336.4162212273412,334.0016290060358,335.0282897949219,4561300
2023-07-21,335.644802134879,336.1299984956812,334.5983144119784,335.0074157714844,2971700
2023-07-24,335.5495673854213,337.31908777140575,335.3783319059789,336.8434143066406,3073700
2023-07-25,336.5865797736367,337.89944336776597,336.34874300753523,337.081298828125,2548700
2023-07-26,335.9587359652395,338.9459508256246,335.93969044183694,337.966064453125,3084700
2023-07-27,338.5463483631168,339.0220218896425,334.9122246853946,335.606689453125,4771000
2023-07-28,337.2621513191402,338.25153163891866,336.23467994414864,337.2336120605469,3219000
2023-07-31,337.3191911091028,338.29907758539485,336.95767451988206,338.2705383300781,2201400
2023-08-01,337.98506767729856,339.3455160707289,337.8614169440857,338.8698425292969,2581900
2023-08-02,337.23354982653126,337.9185209391803,334.97883268248694,335.57818603515625,5061000
2023-08-03,334.49370523871175,336.1966249776369,334.03704809825393,334.8647155761719,3307000
2023-08-04,335.9396414378701,337.6901163997675,333.16172451046117,333.5898132324219,4269400
2023-08-07,334.9122365096568,337.6045359904098,334.7600174918574,337.36669921875,2390800
2023-08-08,335.27381935356937,336.15856535124226,332.8954511666111,335.8446044921875,3033600
2023-08-09,335.70184739332,336.47243622367296,333.4852214190672,334.189208984375,2873300
2023-08-10,335.9681781777688,338.60342787765603,334.10354623726926,334.7695007324219,4133500
2023-08-11,334.1035343311548,336.5104409291227,333.5517368473366,335.8254699707031,2602600
2023-08-14,335.5686710479673,336.30119785881874,334.6553569337521,336.0252990722656,3134100
2023-08-15,334.56023501304907,334.893183259443,332.1913610796678,332.6004333496094,2818700
2023-08-16,332.30541290257815,334.41740387901996,330.79277503243463,330.849853515625,3586800
2023-08-17,331.9726049952693,332.32459880123423,328.04353655673026,328.2718505859375,4804100
2023-08-18,326.74750878123064,329.56765690642345,326.49024618896414,328.8149719238281,3525400
2023-08-21,328.98641139924246,329.38658144040875,326.3091711863159,328.3861999511719,3176500
2023-08-22,328.50048585398093,328.8339560016281,326.385368067723,326.7569274902344,2816000
2023-08-23,327.2999736435712,329.08162111175136,327.03320336612893,328.5385437011719,2605400
2023-08-24,328.0527250596769,330.57752089099966,324.8609888612339,324.91815185546875,3840800
2023-08-25,326.2805497538694,328.2718047066395,324.2702501636741,327.27142333984375,3868500
2023-08-28,328.90054510785774,330.2915883411431,328.2240971996937,329.3769226074219,2382700
2023-08-29,329.23407709562497,332.2733684405414,329.08163277799946,332.1495056152344,3107700
2023-08-30,332.6068242492757,334.15981977521193,332.0542099872008,332.89263916015625,2792900
2023-08-31,334.34086083122844,334.68383873993304,331.3110772587677,331.3777770996094,2901400
2023-09-01,333.397653796791,333.807331595939,331.3206542294146,332.4925537109375,2533200
2023-09-05,332.5877682495048,332.7783309174262,330.51076891775347,330.5870056152344,1906900
2023-09-06,330.08206826739985,330.1392312563848,327.2333102959978,328.7005615234375,2748400
2023-09-07,328.18607174352206,329.88197495892314,328.081282620332,329.35797119140625,2378600
2023-09-08,329.434071198572,330.6440886031329,329.15779319544487,330.1391296386719,1665900
2023-09-11,331.57787274589754,332.1209502184004,330.1392320851217,330.9585876464844,1722900
2023-09-12,330.26310393221155,332.79740738814746,329.9963045412881,330.80615234375,1813800
2023-09-13,331.1396604104362,332.04478965957844,329.4818753391514,330.1773681640625,2025200
2023-09-14,332.1876095972834,334.06453838044064,331.30155429794905,333.4071350097656,3489400
2023-09-15,332.684052675912,333.2476613798959,330.1430178926222,330.65887451171875,3581700
2023-09-18,330.7926474537955,331.60463708740133,329.8660294771266,330.66845703125,2122800
2023-09-19,330.0188228817951,330.3436128514547,327.64019769514493,329.63671875,2740900
2023-09-20,330.5633622175232,332.1109030205803,328.8056597527746,328.9202880859375,3411400
2023-09-21,327.82166048972465,328.2801737283861,325.2424069115623,325.34747314453125,3483700
2023-09-22,325.45264336278433,326.15953753670834,324.14392127206355,324.39227294921875,3376400
2023-09-25,323.58028987378697,324.86035479092226,322.586795776653,324.7743835449219,3104700
2023-09-26,322.7587912289751,323.5898758960263,320.54254601505045,321.0106506347656,4657300
2023-09-27,321.8130473770296,322.0709611326361,318.0396994576024,320.4278869628906,4442200
2023-09-28,320.32282090559477,322.5677229925008,319.60636465356174,321.5646667480469,4053600
2023-09-29,323.6280506307718,323.67580271782566,318.9758662278091,319.9693603515625,3786500
2023-10-02,319.3387716696463,320.03610350809436,317.2275936982109,319.147705078125,4192600
2023-10-03,317.95381397238464,318.9473084053256,314.3237796462324,315.22174072265625,4871100
2023-10-04,315.3648790204045,316.6353816958889,313.9128426453665,316.1864013671875,4877100
2023-10-05,316.0241073658089,316.91250618907736,314.65807100495323,316.35845947265625,3172200
2023-10-06,315.57503759722294,320.62844947737966,313.788678376669,319.1573181152344,4491300
2023-10-09,318.0587410060418,321.3353264156275,317.7148269352117,321.05828857421875,3756300
2023-10-10,322.118694712542,323.84773987832074,321.0010102982646,322.3575134277344,3769400
2023-10-11,323.0643464706095,323.6852691822855,321.1251400356609,322.9114990234375,2773900
2023-10-12,323.6185036800048,323.6185036800048,319.60636614154834,321.2303161621094,3315000
2023-10-13,322.3861244781365,324.42083515281854,320.513765028432,321.62188720703125,5154600
2023-10-16,323.61848309911926,325.66278547771424,323.2745981116983,324.68841552734375,3969300
2023-10-17,323.19814519157,326.24547446517215,323.14083102958875,324.7839050292969,3777800
2023-10-18,324.5451407215649,324.76486448111956,320.9724213131869,321.5742492675781,4141200
2023-10-19,321.63160844263564,323.4752825763874,318.8326591117874,319.1765441894531,5201800
2023-10-20,318.6478828241429,319.460327005875,316.4973107266762,316.5546569824219,3960800
2023-10-23,315.3216297682367,317.6442404533786,314.3467143269298,314.76727294921875,3898300
2023-10-24,316.37299000996813,317.99787806130325,315.27381476065096,316.7935485839844,3583900
2023-10-25,317.53903758914436,317.98826922703313,315.25463885186116,315.7516784667969,3836300
2023-10-26,315.5702713701744,316.392254068735,312.89398554421155,313.33367919921875,4882600
2023-10-27,313.352621387959,313.39086193996377,308.9272181934902,309.8639221191406,4757300
2023-10-30,311.966868815487,315.4364349350952,311.94773394554943,314.6813659667969,4617200
2023-10-31,314.633467338976,316.06718205891434,313.35268568944446,315.87603759765625,3645800
2023-11-01,316.2966456193124,318.62879509228674,315.5128744495149,317.9788513183594,4546200
2023-11-02,319.98600436660814,323.5607236922293,319.6323594068863,323.4364929199219,5356300
2023-11-03,325.09016452762927,326.5238798451408,324.39244174127526,325.5585021972656,4046900
2023-11-06,325.7973839351463,326.54294374045037,324.87027623358983,325.9694519042969,2766000
2023-11-07,325.6731229622331,326.9539047485381,325.26210253018445,326.44732666015625,2793700
2023-11-08,326.9826027265764,327.4509402866115,324.91804965222843,326.0458984375,2787900
2023-11-09,326.8965669860376,326.9347783819628,323.7997229448272,324.12469482421875,3940700
2023-11-10,325.74965352098553,328.12961145041464,324.2776977288395,327.8524475097656,3268600
2023-11-13,327.25015727002756,329.08529571369763,327.106791636772,328.3875732421875,2624500
2023-11-14,332.16306313995807,334.07468303890374,331.35064801811,333.0233154296875,4815500
2023-11-15,333.854828926314,335.27897626127896,333.55853020788504,334.79150390625,3149400
2023-11-16,334.1319011667876,335.2979900247236,333.33859204731175,334.5524597167969,3848000
2023-11-17,334.999828195142,335.42123806074596,333.99420828697373,334.66461181640625,2059200
2023-11-20,334.3486258914181,337.3559285586154,334.31989472424266,336.6663513183594,2904300
2023-11-21,336.2736354872716,336.3694157766485,335.55532715900534,335.99591064453125,1849500
2023-11-22,337.0207116135541,338.2178921869723,336.64717724518783,337.6623840332031,3486200
2023-11-24,338.237003872575,338.9936301057193,338.12207922511783,338.8499450683594,1245100
2023-11-27,338.6871877594945,339.17564680104744,337.8730990995871,338.3902893066406,2532400
2023-11-28,338.55305374294807,340.13335536269375,338.1699618340554,339.1468505859375,2759600
2023-11-29,339.9704561026216,341.08144286976204,339.39580374333747,339.6639709472656,2736300
2023-11-30,341.6369163139671,344.9602897687194,341.38792270365064,344.78790283203125,4094300
2023-12-01,344.80714196795657,347.90066702408507,344.6538993505467,347.7091064453125,5852500
2023-12-04,345.8892865865665,347.61324355680057,345.76477517322377,347.31634521484375,4211000
2023-12-05,346.5694048093068,346.9525259851841,345.4584469289974,346.6173095703125,5372700
2023-12-06,347.4792615842295,348.187983124293,345.5829170510366,345.9564514160156,5583700
2023-12-07,346.6651913932557,347.0482833480418,345.67871572636125,346.5406799316406,3295600
2023-12-08,346.4736351660439,348.31248810827344,346.10968760529994,347.7761535644531,2930400
2023-12-11,348.2359386137171,349.4522637203763,347.6612860143653,349.2798767089844,3673200
2023-12-12,349.96944050590355,351.18576556572424,349.0308403221712,350.92718505859375,3239600
2023-12-13,351.1091299892871,356.03192138671875,350.5344774593192,356.03192138671875,4304800
2023-12-14,356.9608906758743,357.8803463016543,355.57217889675024,357.5546875,5507000
2023-12-15,356.82802988628083,358.4118652992074,356.43447309163946,357.6823425292969,6948400
2023-12-18,358.3157507080247,358.87247153977694,357.80701244519696,358.0181884765625,3403200
2023-12-19,358.2679340810615,360.49487720840125,358.1527524181653,360.4372863769531,3749200
2023-12-20,359.64059618225394,361.2435898243875,355.74343103558874,355.9258117675781,4564700
2023-12-21,357.9319852034875,359.12223473763294,356.27137150391155,358.88226318359375,3837500
2023-12-22,358.6518639208739,360.2548573368952,357.6343576837937,358.805419921875,3330700
2023-12-26,358.6901600133824,361.0034885729472,358.5941655636516,360.2931823730469,2217800
2023-12-27,360.0532255944817,361.6754351929613,359.7172596534047,361.45465087890625,3061200
2023-12-28,361.4163629416791,362.539442751472,361.4163629416791,361.9059143066406,2620400
2023-12-29,361.8290961146966,362.3186181318937,360.2164651190221,361.7522888183594,3364400
2024-01-02,359.76523194214604,362.66410617511457,359.76523194214604,361.96337890625,5776300
2024-01-03,360.50452684278605,361.0324526228187,358.9015037343227,359.1990661621094,6393600
2024-01-04,359.80370118213125,362.0882347805564,359.38134895586444,359.5157470703125,4251900
2024-01-05,359.4100666902571,361.1570660401212,358.23900473295606,359.6116638183594,5381700
2024-01-08,358.4214394050506,361.84823957845333,357.52875242342714,361.72344970703125,4604900
2024-01-09,359.7653349936661,360.53326152746826,358.7574662039656,360.1300964355469,3230900
2024-01-10,360.48523749697085,362.32823182260444,360.23568701361916,361.8291015625,2718700
2024-01-11,362.6161914760911,362.952157497589,359.2374026699502,362.040283203125,4095700
2024-01-12,362.33786949614233,363.0769713575106,359.69818232830846,360.8308410644531,3816700
2024-01-16,359.92846887423826,360.4660027120967,357.1160098130507,358.6710205078125,4471600
2024-01-17,356.8377080080558,358.75748047884565,356.4441511363355,357.768798828125,4361000
2024-01-18,357.2984394330148,360.2740631238638,356.46331385905916,359.7749328613281,3953400
2024-01-19,360.9111728362297,364.359120552965,359.64339543167443,363.6195983886719,5218600
2024-01-22,364.6663422717714,366.00132719514846,364.0804636489557,365.03131103515625,5433400
2024-01-23,364.3494607323921,364.8200923319699,363.0240892245571,364.0421447753906,3110100
2024-01-24,365.16584136861803,365.55962200459084,362.9856712870726,363.1297302246094,3967200
2024-01-25,364.0709278827359,365.50196203654366,362.96643705818366,365.4251403808594,3539100
2024-01-26,364.9449209964732,367.0098437029563,364.91610921210565,366.010986328125,3221000
2024-01-29,365.9245928959351,368.2392375388094,365.48280238166984,368.1431884765625,2730900
2024-01-30,367.6725842359753,369.71830907980683,367.3556252632377,369.2764892578125,2747900
2024-01-31,369.9679313625062,370.5538100110629,366.25106492692765,366.2798767089844,4476600
2024-02-01,366.3087556307171,369.9103755981994,365.89577690885983,369.86236572265625,3652500
2024-02-02,368.79616406237335,372.43620846112884,368.07584027768837,371.1300354003906,3344800
2024-02-05,370.71707957326475,370.71707957326475,367.0002130116852,368.4024353027344,3761600
2024-02-06,368.72906432735925,370.1216731337363,368.3256699931314,369.8431396484375,2507800
2024-02-07,371.1012889856542,372.11934443585443,370.39054946207773,371.3702087402344,2797600
2024-02-08,372.1385930991696,372.32107752637063,370.25615456126667,372.0233459472656,2549800
2024-02-09,371.8695559313178,372.1672874164469,370.49614562119933,371.41815185546875,3526300
2024-02-12,371.1974005541731,374.00187524005304,371.1493906722142,372.7532958984375,2412200
2024-02-13,369.8335181581588,369.91995351180975,365.40591186522386,367.67254638671875,5325300
2024-02-14,368.8058476471749,369.33407346535574,366.9522211244032,369.0843811035156,3465200
2024-02-15,369.94871540929876,372.9644559224335,369.65098390574235,372.88763427734375,3497200
2024-02-16,372.43756249807234,373.4764538185654,371.0234972230764,371.4948425292969,3772300
2024-02-20,370.84071132601275,371.8603742106982,369.90762026855526,371.01385498046875,3295700
2024-02-21,370.31158735989385,371.4755658703385,368.7340075068601,371.360107421875,3027600
2024-02-22,373.5821605086708,376.5738344489148,373.1493014653194,375.6792297363281,4990700
2024-02-23,376.8623974221367,377.8916889369859,376.0447650203462,376.39105224609375,3451600
2024-02-26,376.55457391786905,377.47803582120025,375.3905956469887,375.84271240234375,1914100
2024-02-27,375.5061709869549,375.59277217829526,373.95744812242805,374.83282470703125,2370900
2024-02-28,373.1782172676072,374.90971242525075,372.8511583758892,374.7750549316406,3313900
2024-02-29,375.8235877267407,376.2275895775495,373.6688329055396,375.11175537109375,3026900
2024-03-01,375.015546626907,376.7085556545458,374.08245561160464,376.41998291015625,3857500
2024-03-04,374.53449295066116,376.362188441797,374.53449295066116,375.3810119628906,3048500
2024-03-05,374.1882862167489,374.4768883409052,370.2731786704052,371.4948425292969,4132400
2024-03-06,373.7073547472573,374.3230158640927,371.4371704306868,372.44720458984375,3039100
2024-03-07,374.2652570484663,374.8905176138353,373.07242111473056,373.6688537597656,2965700
2024-03-08,373.466835976022,375.56390579071774,372.95700450024935,373.2263488769531,4256900
2024-03-11,372.19703123275315,373.8611829235771,370.8310517957342,373.63995361328125,3396000
2024-03-12,374.42870147162705,376.54499921740705,373.0819798862802,375.91973876953125,3275800
2024-03-13,376.78555195782445,377.84370101520847,375.2175714486555,376.33343505859375,2788700
2024-03-14,377.24727011204794,377.4781283053611,373.08201761758846,375.2271728515625,4471900
2024-03-15,373.8801651471499,375.34585134842905,372.24094956245955,373.1666259765625,4372300
2024-03-18,374.4682554681688,374.96000527205626,373.62935872894184,373.87042236328125,2060600
2024-03-19,374.28513639587493,377.11039581968805,373.6197982480527,376.92718505859375,3303800
2024-03-20,376.2040123964616,381.09279139963803,375.95332615326,380.8710021972656,4823900
2024-03-21,382.1436977313046,384.56398593772514,381.66157048232594,383.5322265625,4348400
2024-03-22,383.54198266692964,383.8312473241759,380.38885076934594,380.42742919921875,3156100
2024-03-25,379.8392589853649,380.0610187534736,378.77857283336414,378.9039306640625,2535600
2024-03-26,379.60784421657866,380.17675104976587,378.5953883896176,378.8075256347656,3395400
2024-03-27,380.88050997117887,383.36827351893413,380.369456286767,383.3489990234375,4427300
2024-03-28,383.83116523014377,384.31329250691647,382.8476361791444,383.5419006347656,3155000
2024-04-01,383.5998056786574,383.82156542300953,380.62026223453745,381.19879150390625,3825200
2024-04-02,377.95888552088036,378.12282175444403,376.32929285487984,377.63104248046875,4034900
2024-04-03,377.679262475046,378.87495827725434,376.0496697269179,377.2742919921875,3547000
2024-04-04,379.9453088374042,380.1477941012167,371.8166481247187,372.22161865234375,5041200
2024-04-05,372.539793306852,376.4932432932131,372.2794257158813,374.9600524902344,4423500
2024-04-08,375.143236899572,376.1943002993879,374.68041352893806,375.19146728515625,2431300
2024-04-09,375.692882812348,376.04002977972823,371.94194761771746,374.9407653808594,4003900
2024-04-10,371.1608813514463,372.17333687740376,369.3384260926658,370.7655334472656,5173100
2024-04-11,371.6913361730735,372.27951753517766,368.34537050477013,370.7945861816406,3972800
2024-04-12,368.6442575011916,369.2420907807017,365.26936563466006,366.2914733886719,5305100
2024-04-15,369.62780169728245,370.1003065877819,363.138385337311,363.822998046875,4870700
2024-04-16,366.1660930250738,366.34930378355097,363.5626228299645,364.4690246582031,4383500
2024-04-17,365.65498437226637,366.5999644887328,362.69474506805386,363.9579162597656,4584900
2024-04-18,365.50069368177884,367.31349703469283,363.37935122174025,364.3339538574219,4579200
2024-04-19,365.34505434774854,367.6025897559416,364.6021995688172,366.4159240722656,5078600
2024-04-22,368.2779544692397,370.89244659975503,366.4256017661015,368.8953857421875,4129000
2024-04-23,370.16881679553967,372.00185515490574,369.41630507149915,371.4519348144531,3126400
2024-04-24,371.30726537029767,371.8861273972895,369.52245305463356,370.8924255371094,3575800
2024-04-25,366.4063066760939,368.1042647097296,364.17771283520295,367.4964904785156,4682800
2024-04-26,367.3324094550452,369.8311345903757,367.1201610545621,368.8374328613281,4252400
2024-04-29,369.59961842331353,370.49683829444126,368.60591664899994,370.2749328613281,3265900
2024-04-30,368.9822086302652,369.2619973554069,364.75655389099995,364.8048095703125,3463600
2024-05-01,365.04595727733175,369.96624002523936,364.6600590983504,365.5379943847656,5731600
2024-05-02,367.71826610675504,369.4162531189819,365.54755611858985,368.7602233886719,3535600
2024-05-03,373.4972753095087,374.31729791997316,371.4905576201494,373.1402893066406,4471100
2024-05-06,374.6357458774505,375.0409287365217,373.19823293644265,374.76116943359375,2596100
2024-05-07,375.4557322906334,376.0152802406174,374.65496485345034,375.0408630371094,2428600
2024-05-08,374.65497301175236,377.13441379502257,374.5102648699972,376.7195739746094,2855100
2024-05-09,376.36257781940253,380.3663561002441,376.2661253555966,380.1155090332031,4141200
2024-05-10,381.3214160031409,381.9485041574756,380.2119478159115,381.2538757324219,3505600
2024-05-13,382.4117095027217,382.6335855386558,380.1831154655676,380.5593566894531,2635800
2024-05-14,380.63647168392066,382.2862032700051,379.93218618661143,381.6398010253906,2702700
2024-05-15,383.24138385790394,385.42175162399786,382.9519675359219,385.2095031738281,3421200
2024-05-16,385.6629160429079,386.86886637449925,385.0647693891821,385.1419372558594,2877200
2024-05-17,385.61915410824986,386.49839756318096,384.97181815434266,386.4307861328125,2702900
2024-05-20,386.25690548607207,387.1748052417972,384.3921507044605,384.64337158203125,2094800
2024-05-21,384.8558807936528,385.570857667002,384.3244543589624,385.3003234863281,1618300
2024-05-22,384.49838693303525,385.3679589667905,382.1408621835567,383.2519836425781,2647200
2024-05-23,383.63852499026933,383.6675097470107,377.05871983580846,377.4548645019531,3361200
2024-05-24,377.9958675352025,378.9910499924534,376.97170032622637,377.43548583984375,2072200
2024-05-28,376.6335992540109,377.02974392945464,373.9378988697091,375.4645080566406,2176100
2024-05-29,372.2857183977302,372.681863083467,371.25187954612596,371.58038330078125,2715000
2024-05-30,368.4789384795276,369.4741212723267,367.55139662556525,368.5852355957031,4063400
2024-05-31,369.06824753084874,374.50791639534077,368.38222586055247,374.4306335449219,4748400
2024-06-03,374.7591417753072,374.7784846026577,369.9861222104657,373.1842346191406,3614300
2024-06-04,371.98621066366104,375.2519644516665,371.5417678628502,374.411376953125,2822500
2024-06-05,375.46452203535796,375.8220105522089,372.9234167580389,375.3968811035156,2181400
2024-06-06,375.66738753252804,377.3872185436346,374.68187633043954,376.1697998046875,2241900
2024-06-07,375.73504666892757,378.3824194977145,374.7785201768371,375.35821533203125,1952000
2024-06-10,374.91368500196614,376.1987149439291,374.102082488198,376.131103515625,1380600
2024-06-11,374.5561939704627,375.0779489706864,371.88947895377794,374.855712890625,2522600
2024-06-12,378.3437297867978,378.6625915799089,373.6190377746687,374.5852355957031,3866700
2024-06-13,373.744673307992,374.56594740822743,371.59004140742474,373.8026428222656,3136100
2024-06-14,371.6190195283373,373.47413241002323,370.66249307388455,373.3968200683594,2884300
2024-06-17,372.2277036837148,376.05383872831146,371.9668408918163,375.44512939453125,2025300
2024-06-18,375.76403095661726,377.0007630961845,374.9041006674549,375.98626708984375,1848700
2024-06-20,375.5996535657957,379.8219324497105,375.25183657569363,378.8171081542969,3588000
2024-06-21,379.27630035000465,380.05097392735354,378.1045674079934,378.95672607421875,2592100
2024-06-24,380.05086431719405,383.0721317701573,379.49889403777735,381.5130920410156,3096600
2024-06-25,381.1064543210919,381.6390386767136,377.48480977830286,378.6468200683594,2879100
2024-06-26,377.74613728268054,379.3342559331205,376.70032539357703,378.8597412109375,1501900
2024-06-27,378.2497272168815,379.9734301974263,377.8139845127235,379.169677734375,1601100
2024-06-28,378.9856309374008,381.84229407331645,376.8843141461565,378.75323486328125,3624400
2024-07-01,379.67319122366337,381.8132802967336,377.9108049101683,379.07281494140625,2536500
2024-07-02,378.42401858636583,380.84490966796875,378.3271770327231,380.84490966796875,1711600
2024-07-03,381.27101959880764,381.59056424450654,379.73133629301316,380.39947509765625,2319100
2024-07-05,380.7481025949752,381.5324690122955,379.2568252791273,381.2419738769531,2011000
2024-07-08,381.9295331174328,384.17612753933037,380.3511071188746,381.00958251953125,3374500
2024-07-09,380.77718114476266,382.5395972386222,379.0825571049511,380.50604248046875,3821600
2024-07-10,380.5059331249104,384.88289303399483,380.2057450311397,384.6892395019531,4234300
2024-07-11,384.92177736128826,386.2678073211242,383.7694305567339,385.04766845703125,4020700
2024-07-12,386.2385832963867,389.94740450962104,385.52200908419485,387.65240478515625,4711800
2024-07-15,389.7344642756464,390.80932586789663,388.69831566827054,389.6279296875,4433500
2024-07-16,391.0803842927446,397.01641349157654,391.0707208244569,396.6968688964844,6547600
2024-07-17,395.6316633979452,399.29204917636673,395.6316633979452,398.89501953125,4490600
2024-07-18,397.68465923371,400.7640259576501,393.2011636972588,393.8499755859375,4922200
2024-07-19,392.729899886771,393.3983869307042,389.41655760170164,390.3853759765625,4284500
2024-07-22,391.4414788127246,392.1099660177941,389.6782218496138,391.54803466796875,2314000
2024-07-23,391.68361130187293,392.6524297317707,390.6469684860441,390.9085388183594,1693500
2024-07-24,389.20353540516015,390.07546629599597,385.66732360266025,386.23895263671875,3701300
2024-07-25,386.200185859789,391.78059078362935,385.94828354792145,387.0333557128906,4179800
2024-07-26,389.2809904644388,394.9098240373902,389.1841026934386,393.311279296875,2810600
2024-07-29,394.17357376962394,394.30922258332333,391.3640053695769,392.8656921386719,2039000
2024-07-30,393.2144014545739,395.97554038481735,392.6428020270354,394.7063903808594,2576400
2024-07-31,394.7548644903575,399.16300737377134,393.8151091561792,395.75274658203125,5634800
2024-08-01,396.9249648557575,398.1165927292884,388.45747077119654,390.6567077636719,5497900
2024-08-02,387.4596593194399,387.89563956503065,381.28828887168044,384.7469787597656,4844900
2024-08-05,374.46778308546595,378.12991648912543,372.92736494232344,374.7487487792969,8680200
2024-08-06,375.47537811096663,382.2183480761511,374.2159256102457,377.800537109375,4058000
2024-08-07,380.38721476889634,382.47986628992726,375.204029848222,375.6787414550781,3969400
2024-08-08,377.36456142736927,382.8190151517161,377.102961469904,382.21832275390625,2993500
2024-08-09,381.8889190661396,384.1268877278884,380.18381838852025,382.82867431640625,3380200
2024-08-12,383.60377697736635,383.6909671126477,380.36789649381245,381.4917297363281,1902000
2024-08-13,382.75116480978045,385.71574730947316,381.7823462264561,385.3863525390625,3510800
2024-08-14,385.3379247744103,388.380029561704,385.11511540461436,387.6146545410156,5230400
2024-08-15,392.1195623378978,393.47593179421625,390.6082079506781,393.2240295410156,3764100
2024-08-16,392.71708385041273,394.98594428249595,392.300162955124,394.3750915527344,2789200
2024-08-19,394.9761739243896,396.8766109025071,394.8792376129221,396.6729736328125,2012400
2024-08-20,396.19794414016604,396.9057627869261,395.3834836973723,396.1397705078125,1999600
2024-08-21,396.8765946096122,397.5262099010016,395.1991763143778,396.5566101074219,1439000
2024-08-22,397.2450726774908,398.02074072603943,393.6769227205848,395.0925598144531,2353500
2024-08-23,396.84751003193264,399.7853962394133,396.139691526296,399.3102722167969,3818300
2024-08-26,400.095723834787,401.91854682273726,399.135799796151,400.17327880859375,3145000
2024-08-27,399.75624698879375,400.51253353031825,398.85449682826476,400.3380126953125,1710200
2024-08-28,400.1150840019993,401.34646517870044,396.2851526977789,398.835205078125,2732600
2024-08-29,401.7730034047534,403.64432363313654,398.7963253690353,401.3269958496094,5024800
2024-08-30,401.908918160838,403.88688091861366,399.591559884532,403.5572204589844,2283800
2024-09-03,401.59854591437625,402.55844025332925,396.1978678947393,397.7783203125,3754700
2024-09-04,397.5068140248593,400.00836838131113,396.78931967258944,397.9431457519531,2131200
2024-09-05,398.83514602502873,399.14542503757343,393.63810571916355,396.0426940917969,2234700
2024-09-06,396.527504629945,398.50549640088445,391.50498503720735,392.17401123046875,3351000
2024-09-09,394.97618101388736,398.3988968934147,393.7641812004023,396.61480712890625,3038200
2024-09-10,397.63293727382603,397.66202408813695,392.65888489776506,395.848876953125,1970500
2024-09-11,394.7726083857515,397.4680950267049,388.62534833666615,396.8281555175781,3134600
2024-09-12,397.24512464919394,399.47519277291127,395.09261150454233,399.44610595703125,3131600
2024-09-13,400.0471791738609,403.65409162465835,399.81448468988617,402.32574462890625,5210300
2024-09-16,403.7898685982501,405.82600460749507,403.01417096582617,404.69158935546875,3881100
2024-09-17,405.57388185698755,406.73738378628724,403.1692638593644,404.5751953125,2561700
2024-09-18,404.8079236373486,408.2015229971827,402.9171921580772,403.5377502441406,3173600
2024-09-19,409.15173905263356,409.9274070657913,406.63077362511393,408.59906005859375,4073000
2024-09-20,407.83856580514254,409.7057103216469,406.98277886935847,408.9958190917969,2902200
2024-09-23,409.53066935300865,410.09472422998925,408.4414967767071,409.52093505859375,2318700
2024-09-24,410.06560701486376,411.0186183103885,408.81109965085267,410.512939453125,2790700
2024-09-25,410.8143331354886,411.30057299293736,406.86606786722314,407.585693359375,2048000
2024-09-26,409.6474511557015,410.50323827374825,408.6360933595857,410.0169982910156,2703700
2024-09-27,410.9602251000712,414.470892524888,410.61985124282506,411.3103332519531,3667700
2024-09-30,410.7949593884611,411.65071674402776,407.5468505090664,411.4756774902344,3819800
2024-10-01,410.7949631006003,411.504854417754,407.75109633418907,409.9002685546875,5101300
2024-10-02,410.22116570467193,410.8727402681505,408.03308602277053,410.2989807128906,2599600
2024-10-03,408.7721365718884,409.53066959352435,406.76883065121564,408.42205810546875,2534400
2024-10-04,410.7462422064552,411.9521075260334,408.1108305544601,411.75762939453125,2520900
2024-10-07,410.49348618524095,411.29092684501506,406.74946222266334,408.0622863769531,2632600
2024-10-08,408.9374846516619,409.6862834035296,407.187003228753,409.219482421875,1872900
2024-10-09,409.3069282184009,413.9456449445565,408.4705803808048,413.3524169921875,3935100
2024-10-10,413.3039672491903,413.3720479664517,411.39791490999426,412.97332763671875,2179000
2024-10-11,413.57614669640276,417.2618529004434,413.31358787340315,416.93121337890625,3753500
2024-10-14,416.5325799932948,419.54727348930726,415.4336730050751,419.0318603515625,2180600
2024-10-15,417.51476543382324,418.2927671288307,415.2780736258534,415.7740478515625,3291200
2024-10-16,415.4239291843708,419.2165946089013,415.17110460788837,418.86651611328125,2583700
2024-10-17,420.63646982614375,420.97684373119745,419.3333503042146,420.5489501953125,3462800
2024-10-18,420.509109652031,421.42355831898215,418.63155374514207,420.8787841796875,2303700
2024-10-21,420.6744130536922,421.26784568336774,417.1041983766437,417.6976013183594,2702600
2024-10-22,416.0146063058817,418.7190307238137,415.54764443454246,417.6391906738281,2306100
2024-10-23,415.4212714807518,416.13143726067887,411.4230152800304,413.60211181640625,4006500
2024-10-24,412.7849415434275,413.1254327917441,410.46963668043014,412.2596130371094,1936600
2024-10-25,413.88417571357235,414.4192121169433,409.03954606735675,409.69134521484375,2518800
2024-10-28,412.03580418342216,413.271298302107,411.76341715586227,412.54168701171875,2912000
2024-10-29,410.75169389570164,413.41719753292097,410.29446965177385,411.01434326171875,2697700
2024-10-30,410.5474089051188,413.1059173126708,409.99292687300175,410.2847595214844,2933600
2024-10-31,407.83329355828675,408.5142463296986,405.68335076715874,406.3157043457031,4297100
2024-11-01,408.26126403003076,411.7925573684393,407.9110352095207,408.9908752441406,3856400
2024-11-04,408.4266805617775,408.8741671869754,405.1191152197804,406.6853332519531,3125400
2024-11-05,406.8994408211781,411.1311932719411,406.35466663360046,410.81988525390625,3093100
2024-11-06,422.84382165118745,425.8887377126712,421.91963541630986,425.3439636230469,7271800
2024-11-07,425.6357819453228,426.3362099923837,424.5656794167629,425.4996032714844,4267900
2024-11-08,426.3848673581055,429.6924626106273,425.5093396627754,428.1456604003906,5014300
2024-11-11,429.867572018114,432.776279875917,429.8092054829581,430.96685791015625,4065100
2024-11-12,431.52122709456677,432.1438428906184,427.114376715485,427.4451599121094,3483000
2024-11-13,427.95104720253227,429.5464483535729,426.5210079750722,427.853759765625,2631000
2024-11-14,428.61265959701814,428.95315086588477,425.21754393675263,425.8012390136719,2528300
2024-11-15,424.2495738991173,424.9017694608175,421.9912632185629,422.9549560546875,3486900
2024-11-18,422.62394466232297,423.7530701451582,421.66999552708785,422.6434020996094,2243000
2024-11-19,419.27547185796624,422.57530507089325,418.21446213671175,421.329345703125,3202500
2024-11-20,422.020412102448,423.3442605022193,419.46037774266136,422.7407531738281,3956000
2024-11-21,424.2689549001957,428.8245200263536,422.0982773552926,427.2962646484375,7558000
2024-11-22,427.8998394656002,431.77400875131815,427.63703035581585,431.3749084472656,5492800
2024-11-25,434.7331497067507,436.47555600813087,433.5553359237241,435.65789794921875,2976100
2024-11-26,434.68452971497345,437.3808558039792,432.8350627724127,436.9428405761719,4126500
2024-11-27,437.2348073672448,438.6560025147924,435.4729436449704,435.8330993652344,2985900
2024-11-29,436.3781688118451,439.27893118673416,436.3197667920699,438.1205749511719,3474100
2024-12-02,438.62669241940154,439.00633521649974,436.017970106759,436.8064270019531,2661200
2024-12-03,437.20553696900936,437.64358178987396,434.7330760653488,435.97906494140625,1697400
2024-12-04,437.8869579170622,439.541731286873,436.84540574235064,438.9479675292969,3694400
2024-12-05,438.5001751736134,439.4735816832907,436.4268145550392,436.7383117675781,1917600
2024-12-06,437.5365264414495,437.99402873515453,434.89860285315643,435.2587585449219,1973900
2024-12-09,435.74546707201625,436.3587179949734,432.97125226655,433.2438049316406,1998600
2024-12-10,432.68894755693884,433.9446205963767,431.17043574170384,431.8907470703125,2461000
2024-12-11,432.2995837519789,432.91283465284744,430.6156093735428,430.7421569824219,2084300
2024-12-12,430.72270102166647,431.33595196693216,428.34758640832734,428.5617370605469,3585300
2024-12-13,429.13600470609117,429.78820017637884,427.24762329635695,427.6856384277344,2548400
2024-12-16,427.9582702385308,428.9511641319993,426.30349659277744,426.7123107910156,1987500
2024-12-17,424.580458067263,425.2131663779246,422.876996619938,423.9866943359375,3130300
2024-12-18,424.38583976594543,426.39105507809194,412.7049600263671,412.9385681152344,6135700
2024-12-19,416.1411191846764,417.56228468779375,413.16249697783337,413.2403564453125,4948000
2024-12-20,412.02293737929625,421.8046398145009,411.69102653570474,418.3488464355469,6069600
2024-12-23,417.1383678446224,419.2274908100209,414.87356240065793,418.6905822753906,2602700
2024-12-24,418.69061561773793,422.34166544438955,418.09510648704287,422.2147521972656,1431700
2024-12-26,420.72108546424727,423.3568885672275,420.6722864330892,422.9078063964844,1867400
2024-12-27,420.3403027158794,422.00965841296886,417.2652192719367,419.77410888671875,2429100
2024-12-30,415.3518910954418,417.4898130474759,412.4720331843561,415.6447448730469,3858300
2024-12-31,416.75760623098915,417.5678547941385,413.9558628080818,415.3811340332031,2442700
2025-01-02,418.15353807283435,418.75878893443104,411.5640614745176,413.72149658203125,4231500
2025-01-03,415.7228340618017,417.5971577093781,414.1120787982115,417.0016784667969,2203200
2025-01-06,418.66122121419687,420.8674854513626,415.9473338764442,416.9723815917969,3463300
2025-01-07,418.70025735826596,419.11028238225504,413.7801060295719,415.21514892578125,2053900
2025-01-08,415.29330646812105,416.4159523005601,413.19444168715444,415.9961853027344,2020200
2025-01-10,414.19011360749306,414.2389126310348,408.8404238282719,409.3578186035156,3415500
2025-01-13,408.8014184475132,413.1748598639158,408.5573637330502,412.9015197753906,2608100
2025-01-14,414.77589085067086,415.3909135241452,411.52506523140255,415.0394592285156,2643300
2025-01-15,421.297085187362,422.9761831225281,420.26229539158015,421.9609069824219,4059800
2025-01-16,421.81448352515713,422.6149902919967,420.516125303883,421.2970886230469,2532500
2025-01-17,424.36554253408985,426.1722319720513,423.8088815532046,424.54132080078125,2771000
2025-01-21,426.13309243047286,430.1175481902876,426.094020665301,429.7952880859375,2113800
2025-01-22,431.1527675024817,431.65083569602285,430.03947541477663,430.94769287109375,3724100
2025-01-23,431.1820245818961,435.02002829482433,431.1820245818961,434.95166015625,2352500
2025-01-24,434.3851707678512,435.0492714852078,432.95936443930225,433.7210998535156,2022000
2025-01-27,430.322624303739,436.836432524832,430.2249597987449,436.65087890625,3822400
2025-01-28,436.7290758970545,439.20958177004434,435.7329395483964,437.9107360839844,2233500
2025-01-29,437.71538506153263,439.08259882107876,435.33251402217013,436.7095031738281,2225100
2025-01-30,436.0844825200893,439.57086998491144,435.8989288972276,438.31109619140625,2322600
2025-01-31,439.49279779366407,439.81505791470653,434.6196453926748,434.9614562988281,3085400
2025-02-03,429.3166926954996,435.4594231964293,428.42802620959293,433.8675842285156,4527700
2025-02-04,433.82862570791684,435.5571714664856,432.89108208693966,435.0981750488281,1890500
2025-02-05,435.28367278579793,438.3403900466271,433.0277627555612,438.16461181640625,2273400
2025-02-06,438.8287098769185,439.19981714342896,434.96143955812107,436.8852844238281,1867200
2025-02-07,437.29542910077674,437.98879642145357,432.43202285858257,432.7445373535156,2259200
2025-02-10,435.3814105688594,435.8208562183719,432.72509647625856,434.3657531738281,1858100
2025-02-11,432.9593589714651,436.0844441099627,432.8519488850707,435.66448974609375,1436200
2025-02-12,431.98287200866645,434.3755186569727,430.7426190220784,433.24267578125,2444500
2025-02-13,434.90276517482596,437.3637794686778,433.310955999655,436.78759765625,2961500
2025-02-14,436.63137537964946,437.54936811784773,434.9223507845179,435.35205078125,2005400
2025-02-18,434.8540358504087,435.55717867626726,433.24267556703245,435.47906494140625,2451200
2025-02-19,434.3656650188124,436.3383568522185,433.1644542145425,436.21142578125,2239400
2025-02-20,434.8442799074584,435.12749808967385,429.6683879043684,432.03173828125,2960000
2025-02-21,429.45844856288494,429.7420892325295,423.8347044387402,424.61712646484375,3842200
2025-02-24,426.26021273216014,427.30672527993966,423.83468664457945,424.98876953125,3629300
2025-02-25,425.9765779738711,427.93266269452397,423.1500212257353,426.5536193847656,2953100
2025-02-26,426.85678175253634,428.8910965938873,423.4923138688742,424.8028869628906,2427800
2025-02-27,424.9007640729396,429.1161246417352,422.6121483232154,422.8566589355469,3296900
2025-02-28,423.55110329573694,429.1846379213741,421.5558881412421,428.7445068359375,3249900
2025-03-03,429.8888461898,431.0135891931084,420.0497401720049,422.6024169921875,3925200
2025-03-04,420.2451725336994,421.6242156410275,414.5431995428844,416.2254333496094,3586900
2025-03-05,415.87346152400784,422.1231677031618,415.1301694873129,421.0179748535156,3018300
2025-03-06,416.81239991278636,420.67565001419615,414.7291645394426,416.5483093261719,2824100
2025-03-07,414.7878155918622,419.8931984557187,412.7143703405811,418.8564758300781,3719500
2025-03-10,414.093442492158,416.69500936489175,407.47207543946007,410.279052734375,3442800
2025-03-11,409.2814405185599,409.82914192319953,403.1980150586452,405.6333312988281,3893400
2025-03-12,407.80457475689576,408.40119617671525,401.54510899785606,404.8606872558594,2960500
2025-03-13,404.27392218225486,405.09547439980275,398.30785624203475,399.80426025390625,2557200
2025-03-14,401.80912390717236,406.77759573984986,400.90934166336956,406.2396545410156,2422700
2025-03-17,405.8289572591861,411.54072187638104,405.73114703970737,410.00518798828125,2141000
2025-03-18,409.2325171619862,409.4770277637913,405.77023868313063,407.3840026855469,1844100
2025-03-19,408.440332658391,413.21318505087527,407.6481205851907,411.18865966796875,1813800
2025-03-20,408.7434967276976,413.84887929689586,408.46964604705994,410.8951721191406,1646500
2025-03-21,407.69186638199045,411.57233458608835,405.86924669284144,411.1901550292969,2485700
2025-03-24,414.8451759674503,417.66732339906116,414.2964284006926,416.9421691894531,2474900
2025-03-25,417.7556109545474,418.265153843373,415.8349641103831,417.2656555175781,3997600
2025-03-26,417.765338709189,419.53900468655723,414.6394509152161,415.7075500488281,2442100
2025-03-27,415.1686058771458,416.5502837113587,412.9932026771411,414.4434814453125,1646000
2025-03-28,413.502755835096,413.89471416062645,406.85896203726924,407.2705078125,2600600
2025-03-31,403.9192386172501,412.89519511585206,403.1744968492204,411.4449462890625,2985300
2025-04-01,410.00444860958703,412.816787595834,406.66294946042024,411.1607360839844,2384800
2025-04-02,408.00539882458753,415.1391472700142,407.8192134058669,413.55169677734375,2299800
2025-04-03,402.6649405200153,403.3410514286839,396.86385569362346,397.0794372558594,7440100
2025-04-04,386.99617059860134,388.68161839487317,374.99226312701876,375.52142333984375,8667200
2025-04-07,363.91923132649816,384.33075753214877,358.9608857025369,371.9447021484375,12718200
2025-04-08,385.57532368954185,386.43762009911865,363.5763136207407,368.9168395996094,7283000
2025-04-09,364.5660088020762,399.5978185949215,364.5660088020762,397.9221496582031,9861100
2025-04-10,391.5723424066634,392.15048616169463,376.5894986381325,387.7310791015625,6624200
2025-04-11,386.51600291993145,395.97213578167117,384.80115908836456,393.8359375,3789900
2025-04-14,399.29403485314396,399.66637581060087,393.6399308046105,397.2754211425781,2286200
2025-04-15,397.6379930769018,399.82317491854957,395.4233852043232,395.5997619628906,2387300
2025-04-16,394.2278775554207,396.16811153770664,386.12402670395966,388.7991638183594,3004400
2025-04-17,383.80605785238293,386.68842914962886,381.8746734106142,383.6883850097656,4537500
2025-04-21,380.8452284764779,381.0805442364724,370.9334234880486,374.1393127441406,2881800
2025-04-22,378.50206109381423,384.9628768763714,377.6491200759939,384.1883544921875,3308100
2025-04-23,391.4629181915834,395.8354825752424,387.15895889281774,388.149169921875,4049200
2025-04-24,387.757006229194,393.8060417596607,386.0805050425458,393.1197814941406,4010500
2025-04-25,392.0412981230364,393.5020806041365,389.35501895125435,393.158935546875,1790800
2025-04-28,393.92370294570867,396.24727014950906,390.90409181472205,394.3844909667969,1534700
2025-04-29,394.51199185072863,398.3551636422643,394.31593028055846,397.26690673828125,1888100
2025-04-30,394.54133721804516,399.7864695407404,389.6197528075371,398.37469482421875,2487400
2025-05-01,400.541448481312,402.8747996785647,399.04144127155837,399.4336242675781,1917600
2025-05-02,403.7080794741337,405.7571066492734,402.28649113800765,404.9433898925781,2277700
2025-05-05,402.7668448131569,406.3158784181293,402.4138862105784,404.1786193847656,3866000
2025-05-06,400.4629289317694,403.6688176728674,399.52175580105927,400.2374267578125,1745600
2025-05-07,401.82569521529666,404.7080661887387,400.14922390849273,402.99237060546875,2420600
2025-05-08,405.0022283740466,409.5610709355981,403.5022213397462,405.7669372558594,2001000
2025-05-09,406.31593290475456,407.0316338341854,403.5021969318691,404.3355407714844,1789200
2025-05-12,414.66890803960956,415.9826370670256,412.83556954672775,415.9140319824219,2398600
2025-05-13,414.39436264741806,415.67868083793985,413.1590822781297,413.247314453125,3018000
2025-05-14,413.80609804907516,414.3747452637872,411.38451541111084,412.30609130859375,3064800
2025-05-15,410.33557544204456,415.3748030022284,410.2865376157392,415.1787414550781,3927000
2025-05-16,415.7497335686101,418.7324181670086,414.5331252204485,418.5067443847656,2430300
2025-05-19,415.7105598052966,420.57702373027877,415.64187256644135,419.9687194824219,3121500
2025-05-20,419.3407382911106,420.125671079557,417.01543291820406,418.9188537597656,1971000
2025-05-21,415.1120414599999,416.56414476481837,410.20632346792894,410.8538818359375,3624800
2025-05-22,409.9904784911912,413.2086283576283,409.499906682636,410.9225769042969,2638600
2025-05-23,406.1346049510535,410.2848533704828,406.0266635796271,408.4795227050781,3117800
2025-05-27,412.7671306531115,415.8675181262813,411.2855942135345,415.85772705078125,3126600
2025-05-28,415.7399498526343,416.81918375884806,412.8063104000456,413.4735107421875,1790900
2025-05-29,414.4938659667969,415.0433039199484,410.68702447558786,414.4938659667969,2751400
2025-05-30,414.19956495114025,416.26976347087015,411.5995405302443,414.8765563964844,2957500
2025-06-02,413.36556797134165,415.85768085949513,411.1776071745707,415.7203063964844,2636100
2025-06-03,415.09236458640504,418.33012597902473,414.50367253080464,417.9769287109375,2332600
2025-06-04,418.3399730680859,419.10526380542683,416.8486157753328,416.9271240234375,2163300
2025-06-05,417.9181083636514,418.77169846399374,414.88634843590967,415.9754333496094,3018800
2025-06-06,419.71364544555223,421.98008496833114,418.5068279307478,420.3023376464844,3081100
2025-06-09,420.4395487891054,421.6169328173906,418.3889627259064,420.2825622558594,2680200
2025-06-10,420.1943349643144,421.9898444180849,419.80188353499494,421.5090637207031,2022600
2025-06-11,421.75431399990083,423.91284159210977,420.09620909667217,421.4992370605469,3025000
2025-06-12,420.12560921371295,422.43127221355894,418.91879207163214,422.3724060058594,2587700
2025-06-13,418.0750725979337,418.8698264370687,413.65013545409573,414.8373107910156,4826100
2025-06-16,417.03506494673326,420.12569116442467,416.86828730642577,418.24188232421875,3177100
2025-06-17,416.4561720610662,418.3792349275799,414.39576467101523,415.1316223144531,2450200
2025-06-18,415.6810650624283,418.1731479056279,414.268216077216,414.86669921875,2786700
2025-06-20,416.5678830255959,417.33534988437583,413.9604654943094,414.9837646484375,3810500
2025-06-23,415.21992376626997,419.11629189445154,412.8781573065431,418.8801574707031,4315000
2025-06-24,421.645074814448,424.7936744230736,420.8087252283501,423.8687744140625,4958200
2025-06-25,423.8293590349953,423.9867919997198,421.6253575833881,422.9536437988281,3265500
2025-06-26,423.89826351228953,427.2141148050212,423.8785656236378,426.9582824707031,2444800
2025-06-27,428.1587346678719,432.4978857981339,428.10954999480157,430.96295166015625,3621000
2025-06-30,433.37357431022673,434.170558139087,431.6123247253499,433.5703430175781,2827800
2025-07-01,433.11768805734926,438.8048224638073,432.93073829090594,437.7421875,4520300
2025-07-02,437.5355771878287,438.2440105665842,436.24662660009255,437.5650939941406,3141700
2025-07-03,438.50973593512236,441.64845674606414,438.4113365617671,440.8908386230469,2807100
2025-07-07,440.1922164682366,440.64481751423176,434.4657157396663,436.86651611328125,3657500
2025-07-08,436.5615031091398,437.24041969800084,434.9478375856813,435.2725524902344,3563200
2025-07-09,437.25025716830544,438.44080839012554,435.17414170441316,437.3781433105469,3251900
2025-07-10,437.24035979522034,440.6152443876292,436.5712922427883,439.3262939453125,2262600
2025-07-11,436.5418197725107,437.31910567239066,435.6464366214436,436.44342041015625,3345500
2025-07-14,435.990780787514,437.61429516630824,435.3709278741188,437.4371643066406,2244700
2025-07-15,437.4371261437536,438.01767331141593,433.0684891893714,433.07830810546875,3810700
2025-07-16,434.76081038526735,435.4987604567804,430.60864014239513,435.2527770996094,4230300
2025-07-17,434.94775137799434,438.4505519113736,434.8788988600949,438.06683349609375,3790800
2025-07-18,438.7471321961817,438.79633687226203,435.1936714223306,436.3158264160156,3901900
2025-07-21,437.24108425472133,439.0227260225497,436.197692833987,436.49298095703125,2548800
2025-07-22,435.92205923872444,438.47151025634855,435.90238337662305,437.9891662597656,3091600
2025-07-23,440.2432713690667,443.1962726303461,439.35737699857935,443.1568908691406,5486500
2025-07-24,440.00705940206745,442.09384224156025,439.7511230026824,440.10546875,5078300
2025-07-25,440.5188869763217,442.3694392538128,439.4164379700247,441.98553466796875,3710600
2025-07-28,441.63118663839646,442.4383475279141,440.3712406321054,441.3161926269531,2864200
2025-07-29,441.60169382039294,441.81824846597544,438.6683681737733,439.4853820800781,3146200
2025-07-30,439.7117301919924,440.37124703557424,435.6759557252019,437.79229736328125,3765000
2025-07-31,438.294323926695,439.20977724002637,433.59906226193254,434.4160461425781,4223300
2025-08-01,430.89214795366166,430.9020009049139,426.61028964742434,428.8939514160156,5980000
2025-08-04,431.02003412131694,434.9770446779051,430.7345689447073,434.8884582519531,5065800
2025-08-05,434.8786377450281,436.05985025813413,432.32921694306486,434.22900390625,4081600
2025-08-06,435.18378109511576,436.0106478823331,433.2348194895553,435.0459899902344,2975300
2025-08-07,437.3100060068196,438.0384335114554,431.1185674740768,432.831298828125,5205100
2025-08-08,433.90410866018857,435.94168650077694,433.411941841079,434.9967346191406,3684500
2025-08-11,435.40026931210224,435.9318178686716,432.34885917498366,433.11663818359375,3538100
2025-08-12,434.77035283648365,438.17613901552465,434.22898131916816,437.7135009765625,5012600
2025-08-13,439.44594716907346,442.60564999065605,439.0620426003629,442.3792724609375,6203200
2025-08-14,440.7255240621173,442.5957819659962,439.97745094004375,442.123291015625,4553200
2025-08-15,445.084035113853,445.23176666860275,442.19823520103097,442.7497863769531,5584400
2025-08-18,442.57247068058825,443.183114426213,441.86332922112155,442.2769775390625,3809100
2025-08-19,443.0649483694454,445.330245599446,441.449669952915,442.5133972167969,5794900
2025-08-20,443.00581253142946,443.7247826831606,440.91779336335026,442.582275390625,4731400
2025-08-21,440.9670312721366,442.2966752059422,439.154787636697,441.1935729980469,3780700
2025-08-22,443.62631764712455,450.9639310854778,443.49827363105305,449.75250244140625,8534700
2025-08-25,448.7676332724019,449.3093256441084,446.1969840608716,446.23638916015625,3898200
2025-08-26,445.96057734538476,447.89100625150746,445.714348095109,447.6349182128906,3190500
2025-08-27,447.42809811331006,449.75251788676314,447.35914670886046,449.1517028808594,2943900
2025-08-28,449.64418050286224,450.3040881528416,447.93043445088205,449.9002685546875,3576500
2025-08-29,449.24030069983735,449.94944208446316,447.4280571740778,449.21075439453125,3605900
2025-09-02,445.17262773667755,446.85685745747315,443.37024284165835,446.7681884765625,6009200
2025-09-03,446.0492191596307,446.8962333585738,443.73465818058116,446.4234924316406,3948200
2025-09-04,446.70907118842,450.3631347185692,445.73401302507347,450.1562805175781,4524200
2025-09-05,450.22528907017494,451.7519285726783,446.14774800443297,448.1274108886719,5828200
2025-09-08,448.51151366856095,449.4077917562246,446.78790889781135,449.31915283203125,4395200
2025-09-09,449.08276968896985,451.6337012415221,448.3539406903215,451.10186767578125,5979400
2025-09-10,450.8063738000833,450.993510443859,447.8516226549295,449.05322265625,5412200
2025-09-11,449.9593141962409,455.34681110997076,449.7130849589722,454.9528503417969,6352100
2025-09-12,454.2929111743952,454.7262770064392,452.145799588445,452.39202880859375,3784600
2025-09-15,453.07170572091354,453.95812506215,451.90948074829186,453.13079833984375,4862200
2025-09-16,453.17015590433385,453.84975105310576,450.87531247162326,451.8602294921875,4526100
2025-09-17,452.8550575732504,456.8538187337261,451.05264238549137,454.3028869628906,5998000
2025-09-18,454.332375459456,457.365906621717,453.71187293467307,455.65216064453125,6681000
2025-09-19,457.04289084474027,458.08988329630927,455.21558246083515,457.26019287109375,5871400
2025-09-22,455.5020476636649,458.593650625753,454.51431662878224,457.98126220703125,4074900
2025-09-23,458.5244216954579,461.2703122844874,456.36128869748944,457.19097900390625,5904600
2025-09-24,457.7639482748483,458.7220485595067,455.1464369859197,455.3637390136719,4588800
2025-09-25,454.2574781811802,455.4229935199199,452.094344892538,453.7932434082031,4767200
2025-09-26,455.6106584312745,457.72441719783126,454.67233208588425,456.6082763671875,4167200
2025-09-29,458.07011524398365,458.08985901145707,455.6501623580262,457.35894775390625,3752700
2025-09-30,456.94403924391594,458.39600479354897,455.1858795434146,458.05029296875,4253300
2025-10-01,456.8947579967389,459.4332340238406,456.8749840841617,458.56402587890625,4551600
2025-10-02,458.61345261732384,460.0555316712444,456.9441845450006,459.40362548828125,5458300
2025-10-03,460.07521043666753,464.608891907542,459.9665443570658,461.77410888671875,9693900
2025-10-06,462.5742797757361,462.7224334261288,458.5344628114881,461.1124267578125,7405400
2025-10-07,461.813622977469,462.86061543958454,458.6924195029997,460.2530212402344,7368700
2025-10-08,461.5864398240164,462.3864994907921,459.22574835904743,460.3517761230469,4621200
2025-10-09,460.45064042588774,461.0531419547016,456.93428982333745,457.8133850097656,5411000
2025-10-10,459.4134894924933,460.7765632484814,449.14109196746165,449.28924560546875,9309100
2025-10-13,452.6080006468161,455.89713171313304,452.44007310875645,455.0279235839844,6272500
2025-10-14,451.4227451026464,459.51226525312205,448.9830480708655,457.0330505371094,7827400
2025-10-15,458.96902520337034,461.21116395715364,454.60324046217664,457.0330505371094,6187100
2025-10-16,457.68494489108997,458.57389683285436,452.22279323426943,453.92169189453125,8149500
2025-10-17,453.81793069253405,457.5824533442612,453.44249157925327,456.2683410644531,8439900
2025-10-20,457.9184036923976,461.9496926967092,457.8986231086211,461.4457702636719,4556600
2025-10-21,461.49520511489027,465.62530669931795,461.33711120668295,463.6195373535156,5951600
2025-10-22,463.6096650547541,463.6393057791102,458.93613997905743,460.2206115722656,7604700
2025-10-23,459.9932722168696,462.3844008273752,459.3115055125791,461.7125244140625,5144200
2025-10-24,464.410019602922,467.59158818507154,463.6788615941462,466.5738830566406,7228900
2025-10-27,469.09337629803554,469.94309704922193,468.0558907804319,469.67633056640625,4720200
2025-10-28,473.0851951540811,473.68793008277174,471.12884705395356,471.45489501953125,9435500
2025-10-29,472.9369589235435,474.65621126530897,468.8266079235301,470.6841735839844,10006500
2025-10-30,468.4412814702253,474.4190583066144,468.25354684464213,469.3404235839844,9338300
2025-10-31,470.1802887145887,471.4647904659507,467.7694394334637,469.9925842285156,7990900
2025-11-03,470.47671258504505,470.6150259108059,465.67470428607214,467.8188171386719,4858700
2025-11-04,464.8052284073208,467.06787397865077,463.2045388879566,465.27947998046875,6013300
2025-11-05,465.18061730350684,468.8957483765556,464.7853976507696,467.4630432128906,7030200
2025-11-06,466.45529139536956,467.7891842871609,462.2659082361607,463.6788330078125,7125200
2025-11-07,462.6907332993724,464.3408138911391,459.31154024201976,464.2518615722656,8604400
2025-11-10,466.26757597010726,468.5401421413643,463.8468363255057,468.1646728515625,5636600
2025-11-11,468.599371753326,474.13250755936014,468.34246539328564,473.6878967285156,4839100
2025-11-12,474.7549995752385,478.6183345555124,474.7549995752385,476.9979248046875,7066900
2025-11-13,475.654119865757,476.65207439881726,468.5598258480141,469.0736083984375,8722300
2025-11-14,465.75370058225235,468.39181507165625,463.2736498276004,466.1686706542969,10940200
2025-11-17,465.24983088236814,466.72203703639764,458.9953971474233,460.754150390625,7599500
2025-11-18,456.6537086862827,458.56066562318205,454.0452043585055,455.7940673828125,12817500
2025-11-19,456.0015801080825,457.86900601827836,453.9365292698954,456.24859619140625,5833400
2025-11-20,461.0703407731883,463.43179877735895,452.2469036318693,452.63226318359375,13414200
2025-11-21,454.62669547847446,460.83954972304997,452.9547622169509,457.6242980957031,11821400
2025-11-24,458.7917095961106,460.88903829508604,456.081014601166,459.4743347167969,6206800
2025-11-25,460.602140485618,466.85457612584304,458.4949391880936,466.14227294921875,7203600
2025-11-26,467.15131385852703,470.7029264435297,466.88418133940377,469.2783203125,5689100
2025-11-28,469.74334154878613,472.5034897758958,469.74334154878613,472.0780944824219,2281800
2025-12-01,469.268452401159,471.8505625270393,467.89332968963055,468.2593688964844,4413900
2025-12-02,469.1398276719406,471.36577109633566,468.0614853692996,470.1786193847656,5233500
2025-12-03,469.7531621009728,475.0459665898559,469.59489936984824,474.2842102050781,5994200
2025-12-04,474.5810175108732,476.0847852635292,472.3946548915332,473.9478759765625,4003800
2025-12-05,474.35350609249446,476.77729306510224,474.16553511939424,474.8976135253906,4596600
2025-12-08,475.3527280071539,475.38240604804025,471.74175880661556,473.0377502441406,4427600
2025-12-09,472.95855480280886,475.14491736207196,470.99971379575874,471.3262023925781,4266900
2025-12-10,471.0393315691591,477.58854720987176,470.27754491094487,476.2035217285156,5476200
2025-12-11,477.04441758955926,483.1583349103661,476.80696309572625,482.6537780761719,6972300
2025-12-12,483.4748788764638,484.42460619562274,478.9933144065958,480.21014404296875,7089900
2025-12-15,482.3669335145296,482.51535391437494,478.5383151774288,479.98272705078125,4891300
2025-12-16,479.28027794109323,480.2893917029428,475.19442993909985,476.8268127441406,5373200
2025-12-17,477.6479325915398,479.6067738726038,474.3634218261856,474.67010498046875,6381600
2025-12-18,477.02459473821915,479.4484117731757,474.28422204182516,475.3724670410156,6422800
2025-12-19,476.51667089487233,478.67805174251106,476.3282906115703,477.0421447753906,6439100
2025-12-22,477.7460515892925,480.2941171872385,477.7460515892925,479.3323974609375,4162000
2025-12-23,478.0633092212142,480.9782109541905,478.0633092212142,480.0958251953125,3677800
2025-12-24,480.0561199124523,483.4072672330219,479.4612364978317,482.85205078125,1544000
2025-12-26,482.6835069477336,483.4568463385766,481.58299830796904,482.87188720703125,2711500
2025-12-29,481.74161685902993,482.7528974818274,479.61987307800945,480.45269775390625,3390100
2025-12-30,480.48250878399966,480.53210005876923,478.69788854698885,479.4613037109375,3042700
2025-12-31,479.5207315624535,479.679369160046,476.2588121492067,476.467041015625,3441900
2026-01-02,477.73617465952515,479.81825179960447,474.29579884081767,479.5009765625,7021100
2026-01-05,480.2743377071412,487.8392011783571,480.115700081433,485.58856201171875,7574400
2026-01-06,485.15225653619785,490.89283199246586,484.78542030924126,490.3871765136719,6061400
2026-01-07,491.4183091952563,492.01319265844074,485.320821775933,485.7768859863281,5603700
2026-01-08,483.64524765870107,489.3064892184102,483.64524765870107,488.324951171875,6544800
2026-01-09,488.6521387796497,491.4679185920979,487.7102676638162,490.793701171875,6004600
2026-01-12,488.126610100543,492.1023835182715,485.86607731658637,491.6661376953125,5722400
2026-01-13,491.3191855312903,491.7256887505308,486.44120741446767,487.7400207519531,5966400
2026-01-14,486.4709282077007,487.7399988260959,484.3789268814612,487.383056640625,6767800
2026-01-15,488.1663603190189,491.5968119145886,488.0077226966125,490.25836181640625,8519900
2026-01-16,490.4557058474664,491.9434380188945,488.24393312280074,489.3845520019531,5845500
2026-01-20,482.193795164436,485.06014310350156,480.28948486985723,480.9143371582031,7416300
2026-01-21,481.697870757543,488.8786473831989,481.5887546736807,486.785888671875,6718600
2026-01-22,489.43408080801026,491.9533155018176,488.43233156282224,489.65228271484375,5087200
2026-01-23,487.79762207432833,488.1050842956267,485.5560959608738,486.9148864746094,4915700
2026-01-26,487.8868771153442,490.80283450423775,487.4504732702045,490.019287109375,3722800
2026-01-27,486.6768237328789,487.56945689993086,484.5642394011317,486.0519714355469,5971400
2026-01-28,486.2701355464837,487.37107290572675,484.93117076599174,486.1213684082031,4726500
2026-01-29,486.0718030081098,488.918355761115,481.91609932020134,486.20074462890625,9706500
2026-01-30,485.1097278982142,486.4685485782235,480.5969528449698,485.0303955078125,8112100
2026-02-02,484.87170013801136,490.76312139796863,482.99717351965353,489.989501953125,5584500
2026-02-03,489.1068285804939,492.45915954808277,484.286560749864,488.2835998535156,8799100
2026-02-04,489.8804453444272,492.4393312705774,487.0933993289557,490.7036437988281,8797100
2026-02-05,488.481939845313,489.4043264309658,484.2369457034854,484.911376953125,7767500
2026-02-06,488.3431344129187,497.56709228384676,488.1051069448653,496.93231201171875,10635300
2026-02-09,496.0197595863697,498.05301150960474,494.23449326800346,497.1206970214844,6414800
2026-02-10,498.23153931873406,501.1673220750048,497.16038556576564,497.7951354980469,8163100
2026-02-11,500.08624777048163,500.9888088552558,495.04780849577105,497.22979736328125,5743800
2026-02-12,499.01506750271204,500.413539201474,490.2771240611867,490.624267578125,9160300
2026-02-13,490.9912511254588,493.70883194726275,487.18266076162155,491.2292785644531,8378100
2026-02-17,491.27885023174025,493.5005506119861,488.085184311373,491.79461669921875,6779400
2026-02-18,492.71700927381863,495.25606950957297,490.60442495444823,492.9352111816406,4454300
2026-02-19,491.5070730936089,492.4294598486409,488.3828413397319,490.33673095703125,4625400
2026-02-20,489.1181906632253,493.5471972678376,487.9761861069175,492.6335754394531,6086800
2026-02-23,491.0645617703134,493.537253303692,483.76561834011716,484.6196594238281,8269200
2026-02-24,484.997039847672,489.4260465607103,484.06356785222226,488.3734130859375,5335000
2026-02-25,490.20065001793984,491.69022919212614,488.4826577937079,491.38238525390625,4446200
2026-02-26,493.5471748390991,494.7487600790051,488.8202344527193,491.4220275878906,6467000
2026-02-27,486.22841885848163,487.53925575110657,483.3783623381595,486.2582092285156,7198400
2026-03-02,480.97515310670155,487.56903774623265,480.786470664539,485.7815246582031,7218500
2026-03-03,476.8241941455071,484.0039761680119,473.4180306144327,482.1469421386719,11570700
2026-03-04,483.1797674704832,485.63260909630435,480.58791421169275,484.3515625,7590700
2026-03-05,480.4587386161865,482.1171195644274,472.84201148446004,476.5063781738281,8758600
2026-03-06,470.42891703391325,472.92148895982905,467.1915555975983,471.9284362792969,8206100
2026-03-09,467.60862912097775,476.04957650951144,463.43779593618365,474.55999755859375,10305600
2026-03-10,474.4209869090638,479.51535210582745,471.7099724352881,474.38128662109375,6265600
2026-03-11,474.08335540890374,474.45078006094343,469.1776726206927,471.5113525390625,6701700
2026-03-12,467.0724160577061,468.204510713344,464.16277884045064,464.2322998046875,8000200
2026-03-13,466.67521377998617,468.820211365941,462.54411068543214,463.16973876953125,7471700
2026-03-16,466.8042405897316,469.41597376338586,465.72181689788414,467.0326232910156,7059900
2026-03-17,470.09129112302435,471.8291333448751,467.36039620297305,467.6285095214844,6189400
2026-03-18,465.513320124515,466.486522715756,459.54509378919784,459.7834167480469,7090700
2026-03-19,456.7744487590675,460.1508218567245,454.97702580781464,457.85687255859375,7882800
2026-03-20,456.5273177214113,458.3584789112979,451.36223622075187,453.7009582519531,10543300
2026-03-23,461.07537042450474,464.79743280101553,458.70682392987015,459.75177001953125,9978100
2026-03-24,456.2188016969236,461.7122851824446,455.2434964643066,458.9555969238281,8188000
2026-03-25,463.49370806368387,464.9964368212623,459.5825557228486,461.9113464355469,7019700
2026-03-26,459.32382581833673,463.19513136125596,456.7363041983089,457.1045227050781,8284000
2026-03-27,455.16386925295916,455.3032115897968,448.3268619514036,449.2225646972656,6938500
2026-03-30,453.412384521343,453.9298767413942,448.277157275441,449.8893737792969,9181600
2026-03-31,454.6165417298495,461.59289166565,452.4868331198639,460.9659118652344,11656300
2026-04-01,463.7623957334134,465.6532663800067,462.2695983222544,463.2449035644531,7790300
2026-04-02,457.95043885566554,465.2750835333769,456.67658628688787,462.826904296875,3955900
2026-04-06,461.93123361141824,464.7774860914565,461.2345826725485,464.5286865234375,2905300
2026-04-07,463.5135637099963,464.07087227479,459.89102766779797,463.6429443359375,3943200
2026-04-08,476.5805986019133,477.8942677347246,473.2765327361311,476.8592529296875,4697500
2026-04-09,475.1972313781793,480.9494763958036,474.719555626791,479.5860595703125,4213700
2026-04-10,479.8846079702365,480.0836293974762,476.33174293111654,476.9487609863281,2659000
2026-04-13,473.8138971201319,479.9642150708717,472.8684466257933,479.81494140625,3768700
2026-04-14,480.09358574849716,483.6364890469086,479.5462084948473,483.1587829589844,4217900
2026-04-15,484.173930535591,484.7411704797769,480.5414324746387,482.39251708984375,3474500
2026-04-16,483.4872468455319,484.44262871250635,481.02910582231567,483.29815673828125,4111500
2026-04-17,488.52116213079074,494.8632603480363,488.2124917985513,492.05560302734375,10238700
2026-04-20,491.28897952372125,492.6131415050863,490.153957496327,492.16510009765625,3764000
2026-04-21,495.0623839494402,496.19740603269366,488.1727063215877,489.2081298828125,4322200
2026-04-22,493.15080682849504,493.967223019168,491.0699634039234,492.59326171875,4022400
2026-04-23,490.39293146120957,492.96164971370155,486.3706459735065,490.8409729003906,4077300
2026-04-24,490.8907305096633,491.3288060095833,488.62071673004596,490.0544128417969,3372300
2026-04-27,489.4471131240988,491.3885551434195,488.14285251528526,489.67608642578125,2132100
2026-04-28,491.2989274262671,491.65736663801283,488.6207056106749,489.26788330078125,3057100
2026-04-29,488.79995152371964,489.3375647776698,484.8672379534819,486.5299377441406,3322300
2026-04-30,488.82985384626886,495.4009260465027,488.2424412894083,494.4750061035156,5352300
2026-05-01,496.6553899035126,497.74061274082055,492.7426081317279,492.85211181640625,4402600
2026-05-04,491.33876319653365,492.1651149207215,486.85847052300903,487.416015625,3310400
2026-05-05,489.73582600513816,491.42836277572695,487.8839559103421,490.8011169433594,3386200
2026-05-06,494.8035293982768,497.8899289054243,494.72386273645617,496.86444091796875,4317300
2026-05-07,498.3181118970209,499.0050925909074,492.6032285828942,493.7382507324219,4490500
2026-05-08,496.2969899828076,496.3666603361596,492.7625184632333,493.957275390625,3495200
2026-05-11,493.6286922965885,495.6597668732263,492.59326872600695,494.9329528808594,4249100
2026-05-12,494.33557246136655,496.22724544281374,491.0301049201012,495.70953369140625,7445700
2026-05-13,493.98711048349674,495.43074209374385,492.47377814052584,494.96282958984375,3256800
2026-05-14,499.1942238938051,499.96084081248506,496.6653390791464,498.6067810058594,4920500
2026-05-15,495.4150770768555,495.8334512881113,493.18363648098347,493.4725341796875,5300700
2026-05-18,493.7514253097474,495.7338233623499,491.7092899176156,495.1062316894531,5496200
2026-05-19,492.9345799299353,494.43880572406016,490.6931983747769,492.0878601074219,5361300
2026-05-20,493.9705964122313,499.01121196968666,490.60353842469453,498.3238525390625,6516100
2026-05-21,496.86946043570583,502.1192631626269,495.30546690353964,501.182861328125,6576000
2026-05-22,505.06797152577263,506.79132552135684,503.7530203240192,504.1813659667969,5172200
2026-05-26,505.62581806531466,506.293234682036,502.039601376259,503.314697265625,3897800
2026-05-27,503.9920727752701,506.7514819927373,503.8725372887211,504.9384460449219,4247800
2026-05-28,503.40434656672966,506.2633484804659,501.7108764718307,505.1077880859375,3709600
2026-05-29,505.9545434784851,509.35148552781726,505.2572429855012,508.8235168457031,5346700
2026-06-01,507.8970815176992,509.89936176046314,506.3828842547202,509.4809875488281,4424800
2026-06-02,507.1300293025965,512.5193107280277,506.9806099360417,512.0809936523438,5078000
2026-06-03,509.2120285751664,510.88555580883906,506.0441861378762,506.31317138671875,4098000
2026-06-04,511.72240576303636,515.5975204136839,510.7162646572072,514.7208862304688,6390700
2026-06-05,515.7269782585946,515.7668031535429,506.8012768795074,507.7476501464844,6610700
2026-06-08,508.8135236618216,511.7920913681214,506.372926439724,506.9606628417969,4825700
2026-06-09,509.52084916549825,511.57292575392097,501.1530000207964,507.4587707519531,6249400
2026-06-10,505.546089809293,506.79130178277404,498.18441243042827,498.3338317871094,5153400
2026-06-11,501.26258610675563,508.8035973147969,499.64879621033117,507.408935546875,6353900
2026-06-12,510.9254557850516,513.3261978391612,507.52851370091656,511.09478759765625,8384500
2026-06-15,517.241114682104,518.8449939246017,515.8863386374726,516.4541625976562,5379400
2026-06-16,518.3270437844055,521.295610138111,518.0680299250989,519.4427490234375,4812600
2026-06-17,519.2633495181406,522.1621761569163,513.3261571098552,514.3223266601562,6563500
2026-06-18,517.8534533091957,518.9422679597349,514.85678957084,514.9467163085938,7134400
2026-06-22,516.2652815265023,518.3329259583188,515.4161901777405,516.5050048828125,6552200
2026-06-23,514.107626192277,518.1431114317724,512.3995059047012,516.0454711914062,5039200
2026-06-24,515.6159335602632,521.8489841325076,515.4361410592113,517.943359375,4395900
2026-06-25,520.6104025406712,525.984424480063,517.9733237740062,518.6825561523438,5357500
2026-06-26,516.425028433954,520.7002977788995,515.5260049646629,517.1741943359375,3823600
2026-06-29,520.050972459182,522.3983344576462,518.8223599457269,521.0997924804688,5733400
2026-06-30,521.7690264643859,522.5581868583288,519.0121473038711,521.8090209960938,3607900
2026-07-01,520.8500778562403,526.1341725690525,519.0420933088317,521.8190307617188,3438400
2026-07-02,524.9056119498302,527.6725510432186,523.147559426982,527.29296875,3518700
2026-07-06,528.1319558341445,529.50048828125,525.2651525763463,529.50048828125,3236900
2026-07-07,531.9177869825128,531.9477219154921,526.5237681222028,527.8623046875,4489200
2026-07-08,522.7579719991566,523.8767214661672,519.4516557950445,522.1885986328125,3575000
2026-07-09,523.0676781412103,524.5660100053017,521.5593476432603,523.6070556640625,3056400
2026-07-10,525.0553925421052,525.8844255113287,521.1597057743865,525.1952514648438,3469400
2026-07-13,525.2551900972999,527.2729020052334,522.3184575125211,523.8866577148438,2723800
2026-07-14,522.737973895809,526.1341558554799,521.9788094085668,524.1064453125,3664000
2026-07-15,525.3151801022778,527.1431010945205,523.1176144907313,525.3651123046875,3246900
2026-07-16,526.2241163637253,527.3428659007595,522.4882854846348,524.246337890625,3173300
2026-07-17,519.2095263843481,524.9247584603673,518.4701491841938,520.3785400390625,4741300
2026-07-20,521.6075043352433,522.9664240184392,516.7315421959331,517.5109252929688,2336600
2026-07-21,519.1994945843294,522.5766991536548,517.6907358526108,521.0779418945312,3240700
2026-07-22,521.1978654680814,523.9355857836151,520.5783839799501,521.0379638671875,3204100
2026-07-23,514.6433197905752,517.7407273354341,514.2935731422237,515.8323364257812,4305100
2026-07-24,516.8515067996294,520.1287578866829,515.8423337411698,518.3302612304688,3328400
2026-07-27,524.2653386997539,524.9048231453985,518.8597863162865,520.8281860351562,3355200
2026-07-28,525.7540589574571,528.0321382868459,523.2361272387634,526.4534912109375,5157900
2026-07-29,522.0271792621223,522.7365520179364,514.3934941403661,514.9829711914062,7369400
2026-07-30,518.4101710489763,521.5475232297872,515.4425999639255,521.0779418945312,3225300
2026-07-31,523.6458287092661,525.1745294270598,518.8198131787835,523.8856201171875,3981100
2026-08-03,529.1113077329301,531.2096046803155,528.2520347946135,530.7799072265625,4328000
2026-08-04,537.4544273717906,541.6409588100173,535.5559769402913,539.9822998046875,6705400
2026-08-05,542.849874814786,546.2970287569466,542.2004499173057,542.3602905273438,5256700
2026-08-06,543.3494784018259,544.1188600128147,537.2445548484288,537.744140625,3651800
2026-08-07,538.2637543105071,539.7724521986628,536.9847853905668,539.1729736328125,2230100
2026-08-10,538.2537192399399,539.5726329870805,537.4343912613559,538.54345703125,3408900
2026-08-11,539.4626648763239,541.2711628758917,536.4651503366254,536.8348999023438,2826800
2026-08-12,538.56346151789,538.743305076934,536.4152183131135,536.7050170898438,3167600
2026-08-13,538.2537400437179,539.5226464753741,535.2462238432298,537.46435546875,2033100
2026-08-14,536.964765664867,537.8341010350777,535.7558070974129,536.3552856445312,2089100
2026-08-17,534.0571772551467,535.5359315891661,533.0480042627617,533.7474365234375,2668100
2026-08-18,532.938148219251,533.8174240983179,531.5792894914548,532.468505859375,3825700
2026-08-19,534.8865119600056,536.2353691309871,533.1379617833902,533.827392578125,3062700
2026-08-20,529.9106111187631,531.3394801124089,526.7632573034381,527.072998046875,2868500
2026-08-21,530.030029296875,532.9099731445312,529.4299926757812,532.219970703125,3034400
2026-08-24,531.8300170898438,534.47998046875,531.8300170898438,533.6500244140625,4587500
2026-08-25,536.3699951171875,536.52001953125,533.1900024414062,535.239990234375,2443900
2026-08-26,535.3400268554688,535.9500122070312,533.3099975585938,534.22998046875,1761300
2026-08-27,533.5599975585938,536.6300048828125,532.9199829101562,535.219970703125,2500300
2026-08-31,533.5599975585938,533.5599975585938,530.780029296875,531.5700073242188,1744800
2026-09-01,528.6699829101562,531.6500244140625,526.8499755859375,527.75,3088015
