date,open,high,low,close,volume
2007-04-11,31.223058700561523,31.23502756449875,31.223058700561523,31.223058700561523,1900
2007-04-12,31.244024276733395,31.244024276733395,31.223079321717083,31.2440242767334,6100
2007-04-13,31.235052776993797,31.264973819575015,31.187179565429688,31.187179565429688,3400
2007-04-16,31.199152143765698,31.199152143765698,31.16324779890936,31.175216674804688,7600
2007-04-17,31.163215793809762,31.23801947920881,31.160223007202152,31.16022300720215,28100
2007-04-18,31.175205547929284,31.199141008347382,31.163236676305814,31.169219970703125,6300
2007-04-19,31.178161782231747,31.288872010932952,31.136271919009957,31.27690315246582,47500
2007-04-20,31.27994001727874,31.27994001727874,31.253009477070773,31.258995056152344,4900
2007-04-23,31.29485529875335,31.315802513190576,31.25296543553156,31.27690315246582,1700
2007-04-24,31.294859229963638,31.510294143781906,31.243993287208387,31.492341995239258,398500
2007-04-25,31.501336131494128,31.54023551940918,31.501336131494128,31.54023551940918,16300
2007-04-26,31.546231404624578,31.59709739685059,31.504341495399764,31.597097396850586,48200
2007-04-27,31.570169147846997,31.59709739685059,31.570169147846997,31.597097396850586,8300
2007-04-30,31.585137898937155,31.606082859765515,31.516319720285196,31.600099563598633,15500
2007-05-01,31.58597090557289,31.63397956119494,31.58597090557289,31.603975296020508,8600
2007-05-02,31.609970635027075,31.621972797186615,31.564963099223398,31.591968536376953,4700
2007-05-03,31.616010179025043,31.649015591627506,31.56500035734237,31.595006942749023,17200
2007-05-04,31.60999643428744,31.637001893482147,31.567989977033655,31.634000778198242,4600
2007-05-07,31.60099051607045,31.63099479675293,31.59499057560591,31.63099479675293,4200
2007-05-08,31.666991408911155,31.669992522795305,31.639985962312114,31.65498924255371,16100
2007-05-09,31.68198846156932,31.6849895750804,31.55297033991822,31.570972442626953,9400
2007-05-10,31.71501901612122,31.748024423404186,31.658011549234853,31.685014724731445,17400
2007-05-11,31.696989259043328,31.738995688195143,31.672984931191234,31.702991485595703,12200
2007-05-14,31.712014379224293,31.715013205387347,31.67000792113877,31.70001220703125,11600
2007-05-15,31.71500019979388,31.784012089308636,31.675994873046875,31.675994873046875,39400
2007-05-16,31.75400601222256,31.763007064869928,31.751004898280367,31.760005950927734,78100
2007-05-17,31.771998849096267,31.784001012184596,31.711990322833167,31.750995635986328,14500
2007-05-18,31.79001022281203,31.79001022281203,31.760005950927734,31.760005950927734,5200
2007-05-21,31.787000184473627,31.79300012106219,31.759994746879087,31.78999900817871,14600
2007-05-22,31.829022939256955,31.832021764500702,31.72400682623645,31.79301643371582,10200
2007-05-23,31.78101843595795,31.83802817158481,31.715007645059455,31.76901626586914,22500
2007-05-24,31.817028105890515,31.817028105890515,31.760018364602164,31.77802276611328,17100
2007-05-25,31.796025395517475,31.946049105195915,31.745017883630037,31.823028564453125,7400
2007-05-29,31.71497207631561,31.72097429921838,31.678967895608213,31.696969985961914,4900
2007-05-30,31.76601744023185,31.78702066559229,31.73001092996543,31.76901626586914,4300
2007-05-31,31.77201666096809,31.77201666096809,31.70000593124636,31.718008041381836,6200
2007-06-01,31.713756561279297,31.71978994218091,31.66548030631227,31.713756561279297,13500
2007-06-04,31.74093627929687,31.746971967090747,31.68662659885411,31.740936279296875,21800
2007-06-05,31.743931688634508,31.743931688634508,31.695657730102536,31.69565773010254,4500
2007-06-06,31.68057696242763,31.698679412642743,31.644369760058154,31.65643882751465,74600
2007-06-07,31.602153683722406,31.602153683722406,31.43922459961032,31.508621215820312,12100
2007-06-08,31.44224148653006,31.46034395023297,31.354742408731063,31.42413902282715,17800
2007-06-11,31.348702523686747,31.399994361507467,31.258185620052135,31.35775375366211,2900
2007-06-12,31.309459319091836,31.31247716131543,31.098256402223075,31.197824478149414,67300
2007-06-13,31.267211297376704,31.321520934785653,31.037905985595458,31.252126693725586,24600
2007-06-14,31.179730694554856,31.276283264160156,31.12542332706181,31.276283264160156,18200
2007-06-15,31.22798686123144,31.282296495676338,31.22798686123144,31.270227432250977,13500
2007-06-18,31.35170852669146,31.35170852669146,31.197830769405634,31.288345336914062,14600
2007-06-19,31.33059885512498,31.33059885512498,31.185774566584314,31.32758331298828,19600
2007-06-20,31.33062735668925,31.33062735668925,31.050029754638672,31.050029754638672,16900
2007-06-21,31.077162594831858,31.206902297742296,31.077162594831858,31.10733413696289,13900
2007-06-22,31.143508279246127,31.185748853737916,31.028853318249563,31.167646408081055,27800
2007-06-25,31.167665166713235,31.179731936454562,30.97154678028593,30.986631393432617,29000
2007-06-26,31.05904788709386,31.134477863659026,30.986633452194354,31.077150344848633,43600
2007-06-27,31.01380438182693,31.016822226886656,30.920271902447233,30.96854591369629,6800
2007-06-28,30.941366876459078,30.968520553936848,30.75429976894544,30.805591583251953,9500
2007-06-29,30.80558524422027,30.926273601589877,30.71808624267578,30.71808624267578,14600
2007-07-02,30.867733634984937,31.040738544324427,30.776679760185537,30.958789825439453,19600
2007-07-03,30.928416014851106,30.928416014851106,30.83735989069458,30.901098251342773,11700
2007-07-05,30.913265085182005,30.916300909367994,30.649206272385218,30.7888240814209,14600
2007-07-06,30.78577784420048,30.8950443213839,30.68865234399906,30.822200775146484,8200
2007-07-09,30.78580236678652,30.952738038694246,30.773661380133554,30.91631507873535,8400
2007-07-10,30.800944823614838,30.882893497546185,30.655255461937738,30.83432960510254,19700
2007-07-11,30.843458834890512,30.846492343568308,30.52172860957238,30.603679656982422,17200
2007-07-12,30.655259069364725,30.69471549987793,30.567238740693007,30.69471549987793,8300
2007-07-13,30.746321405749917,30.825234282651046,30.655265236212205,30.822200775146484,5200
2007-07-16,30.76755772647329,30.90110379938563,30.734170629331743,30.83432960510254,17100
2007-07-17,30.867762284287757,30.870798110961914,30.72207502312992,30.870798110961914,10600
2007-07-18,30.858645045100957,30.858645045100957,30.594586119205744,30.640111923217773,15600
2007-07-19,30.664379645674966,30.673484802246094,30.664379645674966,30.673484802246094,6400
2007-07-20,30.649209144147974,30.75240401958703,30.53083514635673,30.594575881958008,18600
2007-07-23,30.564220234922857,30.5672560591913,30.503517643486546,30.527799606323242,9000
2007-07-24,30.50353308677673,30.50656891258215,30.309281917048793,30.351774215698242,44900
2007-07-25,30.32140306892541,30.32140306892541,29.95111129522671,30.063413619995117,28100
2007-07-26,29.89648399182729,30.200001595805233,29.256061662181388,29.63849449157715,43200
2007-07-27,29.441210892697196,29.441210892697196,28.982898610829313,29.143762588500977,44600
2007-07-30,29.438172094846188,29.44727725256376,29.24392101135271,29.4260311126709,24600
2007-07-31,29.441197644769492,29.805417720298546,29.441197644769492,29.526182174682617,34000
2007-08-01,29.58421582215174,29.58421582215174,29.10153416966005,29.465072631835938,33500
2007-08-02,29.630056341130256,29.73392619295784,29.630056341130256,29.63311195373535,28800
2007-08-03,29.740035087418516,29.740035087418516,29.44370359496124,29.63311195373535,20100
2007-08-06,30.167718490242237,30.167718490242237,29.34288053723886,29.568946838378906,30400
2007-08-07,30.320487423239395,30.320487423239395,29.57202292292552,29.779760360717773,68800
2007-08-08,30.24411311322237,30.702357251301496,29.938617021169616,30.131078720092773,30300
2007-08-09,30.128003576530023,30.21965093919669,29.941650909134722,30.100507736206055,12800
2007-08-10,29.999712730701585,30.05164883326009,29.862240433384983,30.0394287109375,18800
2007-08-13,30.250221129645574,30.259387969970703,30.060815049762258,30.259387969970703,21300
2007-08-14,30.34185544882502,30.34185544882502,29.990534665786754,30.024139404296875,12400
2007-08-15,30.045518700513224,30.25631159912345,30.024134082592514,30.192157745361328,9100
2007-08-16,30.549611704774733,30.549611704774733,29.93251057386846,30.1524658203125,15300
2007-08-17,30.24411757976314,30.549613716932466,30.1219186587453,30.457963943481445,30000
2007-08-20,30.549604198600672,30.549604198600672,30.167734146118164,30.167734146118164,49300
2007-08-21,30.32045706978279,30.50375407710293,29.956916334895183,30.011905670166016,33700
2007-08-22,30.12192261444829,30.305219854670927,29.96917452580428,30.244121551513672,52700
2007-08-23,30.296029621655233,30.488493541629893,30.244095874987007,30.427392959594727,59400
2007-08-24,30.45793263718236,30.503757476806637,30.292966943732015,30.50375747680664,11600
2007-08-27,30.549602603437886,30.702350616455075,30.519053466984392,30.702350616455078,11800
2007-08-28,30.70233438710138,30.824533199070384,30.549586454827242,30.59541130065918,55800
2007-08-29,30.54960851457097,30.82455545735214,30.448794247092845,30.717632293701172,18300
2007-08-30,30.775682365967707,30.867332145851613,30.61682538901976,30.78179359436035,42900
2007-08-31,31.00174698027009,31.062845271373043,30.85816343235271,31.059789657592773,11300
2007-09-04,31.34349515753814,31.34349515753814,31.045336599139087,31.27587127685547,13500
2007-09-05,31.24512738069165,31.315823354091545,31.116028550476557,31.28816032409668,14400
2007-09-06,31.195954914500327,31.27279981441937,31.195954914500327,31.26972770690918,16400
2007-09-07,31.321987271620504,31.321987271620504,30.876285365394384,30.913171768188477,50700
2007-09-10,31.199038968227878,31.199038968227878,30.925471227938807,31.04534912109375,10000
2007-09-11,31.192891745180223,31.352728150959365,31.045348463204864,31.300474166870117,24100
2007-09-12,31.35268749876467,31.50637714336646,31.162111495216024,31.44182777404785,32000
2007-09-13,31.429530401149865,31.429530401149865,31.112930127829003,31.33116912841797,10900
2007-09-14,31.337346100524897,31.641653562117597,31.112960328572303,31.626283645629883,33900
2007-09-17,31.660095122369256,31.81378490451668,31.46337238883015,31.770751953125,20100
2007-09-18,31.890632334635068,32.078134071392896,31.65395108313691,31.998214721679688,31400
2007-09-19,32.04432782471708,32.612979695987704,32.028957904498725,32.60990524291992,85900
2007-09-20,32.594535608224795,32.594535608224795,31.660101269911973,31.81071662902832,410400
2007-09-21,32.27179424722472,32.39782105066718,31.383467096305477,31.890644073486328,105100
2007-09-24,31.561732228640192,32.10579299926758,31.552511217376654,32.10579299926758,45500
2007-09-25,31.66009949692631,32.18264389038086,31.66009949692631,32.18264389038086,167500
2007-09-26,32.18264891406274,32.18264891406274,32.00744260466123,32.06584548950195,25300
2007-09-27,32.121148430384125,32.13651833897249,31.09450232391212,31.967458724975586,49200
2007-09-28,32.111927423278615,32.11500187402005,31.844506491624998,31.967458724975586,46700
2007-10-01,32.312340169835345,32.321618725880086,31.95974088160613,32.08964538574219,50300
2007-10-02,31.712305981134197,32.16388052761046,31.712305981134197,32.15150833129883,72100
2007-10-03,32.16697586373931,32.31234622837667,31.956653234855416,31.98139762878418,35300
2007-10-04,32.10510377027509,32.1514965397352,31.947361274847832,32.11747360229492,17600
2007-10-05,32.157682849507964,32.16696140312126,32.018497466045766,32.13603210449219,22900
2007-10-08,32.23501847075227,32.28759853265749,32.12367106921473,32.24429702758789,18600
2007-10-09,32.265949329737865,32.27213424800697,32.16697411914608,32.26904296875,14600
2007-10-10,32.31543265863456,32.31543265863456,32.21336382626439,32.2411994934082,21200
2007-10-11,32.31850405467197,32.32159769125852,32.16694889847738,32.287574768066406,22300
2007-10-12,32.2968727384001,32.35254643166841,32.2968727384001,32.321617126464844,73700
2007-10-15,32.538092986298054,32.538092986298054,32.32158570062546,32.476234436035156,24600
2007-10-16,32.32160976434142,32.37728344492854,32.19789021195291,32.3525390625,60600
2007-10-17,32.17625662392823,32.368022150369185,31.953561782836918,31.953561782836914,15200
2007-10-18,32.238097042797264,32.24428195787874,31.934984289218033,31.938077926635742,13200
2007-10-19,31.935007157566734,32.148423456889226,31.548384794884328,31.79582405090332,40200
2007-10-22,31.795808372437733,31.795808372437733,31.501974105834964,31.50197410583496,64600
2007-10-23,31.607137169145446,31.764877319335938,31.53290401166867,31.764877319335938,27000
2007-10-24,31.733948016931205,31.780343150415558,31.641160109717003,31.764877319335938,22200
2007-10-25,31.854550242390008,31.854550242390008,31.746296584657173,31.811248779296875,16600
2007-10-26,31.7648892365509,31.885515213012695,31.733959922542436,31.885515213012695,10800
2007-10-29,32.00923330213757,32.01232694131748,31.87623513446459,31.98139762878418,19900
2007-10-30,31.950464444419126,31.950464444419126,31.764883872197796,31.919532775878906,10500
2007-10-31,32.04632891893533,32.16695481069514,31.87002935715148,32.12055969238281,12000
2007-11-01,31.977354297772894,32.03650896080909,31.756305787621475,31.91197395324707,29400
2007-11-02,31.90887804056075,31.911992070727358,31.731416326009068,31.834157943725586,32300
2007-11-05,33.00164017056998,33.00164017056998,31.600627144460873,31.818561553955078,13800
2007-11-06,31.818554218760518,32.114324992383075,31.818554218760518,31.983564376831055,34900
2007-11-07,31.700267535749077,32.09877768965556,31.700267535749077,31.9431095123291,11900
2007-11-08,32.020938066213375,32.020938066213375,31.261279107375685,31.538368225097656,121000
2007-11-09,31.622447114638753,31.678487777709957,31.29243119616883,31.67848777770996,38400
2007-11-12,32.07388745329981,32.07388745329981,31.725192068835977,31.80302619934082,41400
2007-11-13,32.05209061464538,32.05209061464538,31.619333084660102,31.67848777770996,15300
2007-11-14,31.98980794233434,31.98980794233434,31.66290384535529,31.756305694580078,7800
2007-11-15,31.75320444374225,31.862171728148013,31.656690902598374,31.746978759765625,15500
2007-11-16,32.067642024919095,32.067642024919095,31.609977239271505,31.756305694580078,18400
2007-11-19,31.974240175694312,31.974240175694312,31.687811321856262,31.756305694580078,16700
2007-11-20,31.678473345123898,31.877728417417497,31.261283779792873,31.444971084594727,26500
2007-11-21,31.351582951853747,31.351582951853747,30.19963891253026,30.853445053100586,139600
2007-11-23,30.884554983804193,31.289293058061148,30.794269561767578,30.794269561767578,3100
2007-11-26,30.51098617553711,31.4449959564209,30.51098617553711,31.13365936279297,69500
2007-11-27,31.289301332207295,31.594411982373167,30.97796500054354,31.180334091186523,25700
2007-11-28,31.002876404732337,31.50723980572568,31.002876404732337,31.476106643676758,11700
2007-11-29,31.67849111449611,31.67849111449611,31.164785378118125,31.631790161132812,20200
2007-11-30,31.75630827360365,31.911976451415434,31.603754124434314,31.759422302246094,34900
2007-12-03,32.27072316884471,32.27072316884471,31.675437506106643,32.07960510253906,31400
2007-12-04,32.2707457261927,32.2707457261927,31.95743751525879,31.95743751525879,16300
2007-12-05,31.85717125093293,32.114083825926286,31.412274273077596,31.58146095275879,270600
2007-12-06,31.835235349692187,31.87909829124813,31.330809131447797,31.863431930541992,33200
2007-12-07,31.518807536569007,32.11095990148068,31.518807536569007,31.847782135009766,27100
2007-12-10,31.55953310284115,31.844642295344133,31.55953310284115,31.800779342651367,23500
2007-12-11,32.01072045938933,32.107847694306614,31.597153443682558,31.769474029541016,30300
2007-12-12,32.11411019891804,32.505745689148746,31.800801806733475,31.941789627075195,29400
2007-12-13,31.87910879201979,32.045161752657066,31.716189582626185,31.926105499267578,44500
2007-12-14,32.11407497649877,32.11407497649877,31.703642197808918,31.973087310791016,15600
2007-12-17,32.11408751351493,32.11408751351493,31.681723098249808,31.800779342651367,18900
2007-12-18,31.772599658736336,31.95745043052389,31.772599658736336,31.83212661743164,53200
2007-12-19,31.67858750008507,31.98876190185547,31.67858750008507,31.98876190185547,24000
2007-12-20,31.769439966927706,31.94175797767641,31.769439966927706,31.91982650756836,31300
2007-12-21,32.10783942623733,32.10783942623733,31.766332095937408,32.020111083984375,37600
2007-12-24,31.963698422608143,32.038894104393016,31.7067858190556,31.907302856445312,66800
2007-12-26,31.810174593219863,31.8634364025343,31.706782334890864,31.766311645507812,48400
2007-12-27,31.878161051946353,32.01048729459093,31.878161051946353,31.975830078125,22900
2007-12-28,31.947471643915335,32.0167860685137,31.585147772262342,31.66391372680664,88500
2007-12-31,31.572560641983447,31.739544164111038,31.46544004429683,31.733243942260742,38800
2008-01-02,31.367787663319415,31.78997489659118,31.285872710687364,31.34888458251953,61800
2008-01-03,31.380351173579562,31.49062301290083,31.27323064502342,31.288982391357422,64800
2008-01-04,31.509536853530957,31.522139696197303,31.140910315843094,31.25433349609375,48600
2008-01-07,31.345712063536673,31.345712063536673,30.970787593385435,31.068456649780273,177200
2008-01-08,31.3457274940538,31.3457274940538,30.87628264525207,30.888885498046875,42100
2008-01-09,31.030628871779182,31.030628871779182,30.539130178190405,30.551733016967773,51600
2008-01-10,30.61474900379275,30.929812805178894,30.54543458288843,30.778583526611328,154800
2008-01-11,30.825880203740123,31.033823729738952,30.65889656217996,30.844785690307617,71700
2008-01-14,30.762853711203807,30.898331349124582,30.68093638499061,30.737648010253906,20600
2008-01-15,30.86050737334788,30.86050737334788,30.750235491491853,30.81639862060547,20000
2008-01-16,30.82586040009571,30.844765874517645,30.69038518859917,30.78175163269043,20700
2008-01-17,30.718742270627615,30.718742270627615,30.56436157226562,30.564361572265625,31600
2008-01-18,30.70929044842295,31.17558385244692,30.570661510268287,30.803808212280273,84500
2008-01-22,30.4666772008615,30.83215246705225,29.395461897881372,30.58955192565918,192400
2008-01-23,30.5107851851933,30.74708309674063,29.937369015988303,30.6494140625,59600
2008-01-24,30.643104536915054,31.03378295898437,30.52337875969112,31.033782958984375,62700
2008-01-25,30.91091419974411,31.348852754466595,30.580096199128068,31.0810489654541,43700
2008-01-28,31.033815010096127,31.033815010096127,30.718750898318504,30.939294815063477,44800
2008-01-29,30.80695244928968,30.986538803490753,30.80695244928968,30.970787048339844,39200
2008-01-30,31.008603531902086,31.109423932752943,30.854222818919077,31.09052085876465,27400
2008-01-31,30.920370162424682,31.153516769409183,30.797495436868882,31.15351676940918,76500
2008-02-01,31.224552368695402,31.243583218592214,30.767792611202488,31.17062759399414,83100
2008-02-04,30.847125528222435,31.205553981926606,30.847125528222435,31.1770076751709,44900
2008-02-05,31.018397212584606,31.018397212584606,30.767813697228064,30.926410675048828,66300
2008-02-06,30.983495515164343,30.993010943510996,30.824898589394664,30.86296272277832,101100
2008-02-07,30.736098032530013,30.862976112189198,30.450622958296368,30.732925415039062,58100
2008-02-08,30.609219993217966,30.609219993217966,30.450622998434454,30.501375198364258,80400
2008-02-11,30.21587749214925,30.51721058854107,30.21587749214925,30.260284423828125,74500
2008-02-12,30.212713570856923,30.54259545825069,30.212713570856923,30.374483108520508,85200
2008-02-13,30.44744636556897,30.469649845110574,30.295194625854492,30.295194625854492,60700
2008-02-14,30.631400890466658,30.631400890466658,30.276143012891904,30.444257736206055,48800
2008-02-15,30.371321420884314,30.371321420884314,30.244443353925437,30.368148803710938,49700
2008-02-19,30.37130824411948,30.450606699064963,30.133412879283036,30.212711334228516,102900
2008-02-20,30.399857917492746,30.399857917492746,30.1429316692075,30.29201316833496,65800
2008-02-21,30.41889384364782,30.450612747927455,30.292015806532,30.396690368652344,55800
2008-02-22,30.431584069267654,30.475991022439608,30.33959754626934,30.45061492919922,48200
2008-02-25,30.38717629978729,30.58700758369289,30.35862759065941,30.542600631713867,81000
2008-02-26,30.545773157010796,30.751947253441323,30.514051831408523,30.739261627197266,80200
2008-02-27,30.758301514970515,30.76147413246147,30.606047335379873,30.732925415039062,75900
2008-02-28,30.609227636371777,30.745621182743125,30.3523012150671,30.688526153564453,61300
2008-02-29,30.571140289306644,30.596516376360718,30.352278193456605,30.57114028930664,72900
2008-03-03,30.70713330882756,30.70713330882756,30.486860968522915,30.579439163208008,53500
2008-03-04,30.582652948726498,30.630536154723167,30.49007469119143,30.544343948364258,29900
2008-03-05,30.486880641438482,30.646497817571667,30.486880641438482,30.630535125732422,73300
2008-03-06,30.627332460741194,30.627332460741194,30.48686862174226,30.55071449279785,21000
2008-03-07,30.40067573720897,30.486867904663086,30.40067573720897,30.486867904663086,44200
2008-03-10,30.474080570667653,30.50281290019869,30.407041715845086,30.41661834716797,26800
2008-03-11,30.371958871119432,30.550729345437798,30.343228945846143,30.493267059326172,36200
2008-03-12,30.410252374085672,30.49006092880992,30.407059349938837,30.486867904663086,53200
2008-03-13,30.397492370499304,30.397492370499304,29.94418022018132,30.272991180419922,80100
2008-03-14,30.272957141787227,30.327226330686244,30.02395504160412,30.090993881225586,37300
2008-03-17,30.017579405466176,30.017579405466176,29.78453989678249,29.95054054260254,55100
2008-03-18,30.154865371881563,30.96252759208227,30.100596136779963,30.391098022460938,46700
2008-03-19,30.47409943440308,30.512408418970598,30.359174916264426,30.423023223876953,75800
2008-03-20,30.410266288073935,30.56669044494629,30.391110569992172,30.56669044494629,55600
2008-03-24,30.643294231850412,30.8380273144695,30.579448357625527,30.799720764160156,104900
2008-03-25,30.80609549007599,30.885904027615044,30.71671031772237,30.879520416259766,90200
2008-03-26,30.83801423216364,30.89228344578875,30.77416838502386,30.80609130859375,149700
2008-03-27,30.838011322387214,30.838011322387214,30.681587306760356,30.70712661743164,97800
2008-03-28,30.710336720826657,30.723106384277344,30.649683863891234,30.723106384277344,46400
2008-03-31,30.652883067623588,30.869962536163715,30.528381858445496,30.86038589477539,246500
2008-04-01,30.812818391092392,30.999212754867283,30.812818391092392,30.99599838256836,988000
2008-04-02,30.98634628549736,31.06026211001629,30.931714235809803,31.012056350708008,92200
2008-04-03,31.06349356840167,31.06349356840167,30.722841146592856,30.957441329956055,98300
2008-04-04,31.012021306761476,31.56798919241944,30.91882426457169,31.0762939453125,142200
2008-04-07,31.108478962339593,31.34307664846368,31.076340143442472,31.323795318603516,117300
2008-04-08,31.220927337739514,31.42981719970703,31.140585271740104,31.42981719970703,85300
2008-04-09,31.172746652942415,31.23701937664257,31.10204518576389,31.15667724609375,79400
2008-04-10,31.143818186177985,31.65800722439048,31.121320040529664,31.26915168762207,176900
2008-04-11,31.204876500658052,31.214517162015827,31.012055917962346,31.018482208251953,59600
2008-04-14,31.105250889820045,31.140601613558594,31.01848003997213,31.12774658203125,54700
2008-04-15,31.105257096415823,31.237016905130318,31.05705133153118,31.12453842163086,59400
2008-04-16,31.230603299501944,31.30773108353751,31.12133669125751,31.259525299072266,84700
2008-04-17,31.291624069213864,31.291624069213864,31.204853277875607,31.291624069213867,61900
2008-04-18,31.43624373217959,31.510159512289395,31.278773968105146,31.50373077392578,123700
2008-04-21,31.487686088116934,31.487686088116934,31.416984627215093,31.452335357666016,70500
2008-04-22,31.539099587068467,31.596946006326142,31.343064635797827,31.494108200073242,77600
2008-04-23,31.622669219970703,31.715866403741053,31.423419814822264,31.622669219970703,103800
2008-04-24,31.670879800678165,31.670879800678165,31.461989698609305,31.632314682006836,114400
2008-04-25,31.744771547054203,31.783336639404297,31.686925134452274,31.783336639404297,87600
2008-04-28,31.870121615885505,31.976173836147332,31.651590882549485,31.96974754333496,595700
2008-04-29,31.96652392211992,31.96652392211992,31.786558353270703,31.876541137695312,144500
2008-04-30,31.88298513915954,32.1240116392607,31.654813679952245,31.908695220947266,113400
2008-05-01,32.063182447737226,32.586795806884766,32.063182447737226,32.586795806884766,428500
2008-05-02,32.42515961944432,32.447784731933275,32.19567563106994,32.25708770751953,133900
2008-05-05,32.163377353386494,32.22478700772006,32.163377353386494,32.20539474487305,121900
2008-05-06,32.08902625804658,32.08902625804658,31.89509629201525,31.975900650024414,121400
2008-05-07,32.06964149511821,32.07287436066095,31.875711483770196,31.998533248901367,65700
2008-05-08,32.05346670460475,32.059932433082274,31.917715998011523,31.930644989013672,59700
2008-05-09,31.95651586066136,31.998533248901367,31.833691629576304,31.998533248901367,73100
2008-05-12,31.972696653324245,31.97592952103049,31.836945801128458,31.9565372467041,91900
2008-05-13,31.99207775819936,32.01147002426053,31.90480762901512,31.94682502746582,59500
2008-05-14,31.979126141606876,32.04376862672871,31.707622278999125,31.901552200317383,153100
2008-05-15,32.050252134152096,32.0793405288074,31.75612299199322,31.985607147216797,146600
2008-05-16,31.908054311507968,32.04380516462516,31.86926729663639,32.03087615966797,79300
2008-05-19,32.111659687710755,32.186000801332476,32.06317656717084,32.15690994262695,58900
2008-05-20,32.16013964173348,32.16013964173348,32.02115602504563,32.095497131347656,49300
2008-05-21,32.11165400316036,32.11165400316036,32.0049916500452,32.037315368652344,97300
2008-05-22,31.998511431680495,32.07608289013916,31.911243849158517,31.988815307617188,51700
2008-05-23,31.901582477513628,31.93713661786023,31.5783648132391,31.798152923583984,401400
2008-05-27,31.791681510539775,31.791681510539775,31.5266431923736,31.620376586914062,65800
2008-05-28,31.546022877854767,31.785203102291216,31.546022877854767,31.7755069732666,73700
2008-05-29,31.756112128950676,31.804595236078658,31.67530777238846,31.743183135986328,76300
2008-05-30,31.749650864200504,31.749650864200504,31.69793488908741,31.746417999267578,53600
2008-06-02,31.747701825992575,31.773727795591586,31.171891519959573,31.484195709228516,374500
2008-06-03,31.653377090514645,31.653377090514645,31.328059761658274,31.506982803344727,80200
2008-06-04,31.53303312426656,31.53303312426656,31.376879593818895,31.474475860595703,46100
2008-06-05,31.555809194782835,31.620871726105197,31.51677018680353,31.611112594604492,49200
2008-06-06,31.546024602964064,31.679403429119827,31.48421351071108,31.523252487182617,43100
2008-06-09,31.643625612585822,31.67615934146251,31.42891739745493,31.624107360839844,47100
2008-06-10,31.555810864603,31.640394145379098,31.51026659387201,31.63714027404785,52400
2008-06-11,31.718461325452477,31.874614842508738,31.555802549424513,31.630626678466797,66500
2008-06-12,31.533011828913107,31.669644524546836,31.461441612540824,31.578556060791016,41200
2008-06-13,31.58832497279315,31.71845245361328,31.344336876996124,31.71845245361328,58900
2008-06-16,31.425642854371862,31.578542344395064,31.26623811203792,31.279251098632812,61200
2008-06-17,31.24021998660341,31.49071569802781,31.220701742794667,31.334562301635742,87300
2008-06-18,31.328067637168317,31.506990723833947,31.24673828450898,31.402889251708984,67200
2008-06-19,31.302027706324065,31.302027706324065,31.116596964132963,31.204431533813477,86600
2008-06-20,31.165409027642728,31.191432534272803,30.986483458452263,31.080825805664062,40500
2008-06-23,31.097082037257525,31.113348896366187,30.934423374067833,30.966957092285156,37800
2008-06-24,30.937671976896524,31.110089733417354,30.73922824302098,30.836824417114258,176700
2008-06-25,30.788056451641182,30.950715246285093,30.742512187698985,30.940956115722656,92900
2008-06-26,30.63839558328549,30.775028307884185,30.514775853692626,30.69695281982422,96000
2008-06-27,30.586343547389397,30.64490078382116,30.446456953801025,30.612369537353516,58300
2008-06-30,30.54730655312782,30.61236904501671,30.430192082147844,30.579837799072266,84900
2008-07-01,30.27877527554148,30.79308521587791,30.252567794678786,30.547395706176758,957200
2008-07-02,30.472075350810435,30.629317868430036,30.32466252121115,30.524490356445312,81800
2008-07-03,30.586709873069864,30.6555026424972,30.462225576625293,30.511363983154297,41700
2008-07-07,30.65223131068421,30.65223131068421,30.370507064432193,30.53757667541504,102500
2008-07-08,30.514644535511746,30.534298900981383,30.354128052514874,30.455678939819336,170000
2008-07-09,30.399997112963334,30.531029579541443,30.318100571709966,30.350858688354492,79000
2008-07-10,30.275525880224397,30.495008105992525,30.249318375847107,30.390180587768555,99100
2008-07-11,30.239478092622186,30.403271175128918,30.21327309887702,30.350858688354492,310000
2008-07-14,30.517932366719464,30.517932366719464,30.105173044437006,30.278793334960938,41200
2008-07-15,30.042919068620286,30.072403115419938,29.72188611012106,29.810333251953125,149100
2008-07-16,29.875843067835305,29.99705079109681,29.81032686564595,29.90860366821289,25300
2008-07-17,30.03962888091875,30.318078921768123,29.96100895725704,29.99704360961914,41900
2008-07-18,30.167395146894165,30.478603363037106,30.062567721282942,30.47860336303711,48800
2008-07-21,30.63584978587989,30.69154132017866,30.465506120161578,30.62929916381836,49500
2008-07-22,30.563777686228626,30.757052244826173,30.504812100688465,30.734121322631836,103000
2008-07-23,30.67844252216573,30.77016624151412,30.645684408010435,30.65223503112793,193500
2008-07-24,30.73084528352085,30.87170737918363,30.550674463020254,30.724294662475586,64100
2008-07-25,30.711220673118955,30.966737629233617,30.694840355712408,30.789840698242188,188000
2008-07-28,30.60964462180179,30.704644886488808,30.56378276978509,30.684988021850586,75200
2008-07-29,30.64897102269072,30.737420716348264,30.531039764003953,30.691558837890625,65900
2008-07-30,30.580137516999343,30.70789579404207,30.465482973407354,30.698068618774414,103900
2008-07-31,30.58673085822127,30.760351181030277,30.465523038861733,30.760351181030273,82000
2008-08-01,30.583158571886187,30.70522818400354,30.484185455650824,30.62274932861328,25200
2008-08-04,30.47759938609096,30.510592956666116,30.36542930071477,30.411617279052734,75800
2008-08-05,30.461100817129594,30.913083472344788,30.358825293487527,30.62605857849121,70600
2008-08-06,30.438011296486916,30.467702489700986,30.352232543219515,30.4215145111084,44200
2008-08-07,30.40832883059966,30.43802255184992,30.352243766863264,30.385234832763672,42700
2008-08-08,30.375341633088894,30.44462363542012,30.342350562986972,30.438026428222656,62300
2008-08-11,30.302732715777182,30.401708354779462,30.141074854658182,30.35222053527832,49800
2008-08-12,30.411608156648725,30.50728394509404,30.319232227682296,30.470993041992188,95000
2008-08-13,30.451205018069277,30.51718711853027,30.352229350322,30.517187118530273,47200
2008-08-14,30.484196068299774,30.51718711853027,30.405017044335427,30.517187118530273,58400
2008-08-15,30.497393561277327,30.59636671381693,30.49079384087452,30.586469650268555,39900
2008-08-18,30.599666002634407,30.678845026598758,30.358826553545782,30.517187118530273,91100
2008-08-19,30.566684888375356,30.599675949329885,30.434718127500616,30.576581954956055,101400
2008-08-20,30.576581641335753,30.622769629609675,30.461111670650947,30.569984436035156,30700
2008-08-21,30.47429155713426,30.55017070241425,30.434700796300028,30.527076721191406,103100
2008-08-22,30.50068147672668,30.59965711572896,30.35222053527832,30.35222053527832,58300
2008-08-25,30.38852026069228,30.523784321754054,30.38852026069228,30.517187118530273,60600
2008-08-26,30.53697237655718,30.53697237655718,30.319229494629248,30.35222053527832,259900
2008-08-27,30.477610824107618,30.477610824107618,30.296158703126867,30.385234832763672,68400
2008-08-28,30.477591617119867,30.490788538574723,30.35882184108155,30.4281063079834,74100
2008-08-29,30.50068615886028,30.546874126270268,30.352225194621806,30.48419189453125,59500
2008-09-02,30.636988397383647,30.7333105449336,30.431060560744257,30.490846633911133,57200
2008-09-03,30.557274511832645,30.59048843383789,30.500810591017743,30.59048843383789,50200
2008-09-04,30.723308563232425,30.723308563232425,30.660200415826026,30.723308563232422,46700
2008-09-05,30.643620338065343,30.700084236035284,30.39783183973951,30.696762084960938,62400
2008-09-08,30.93591478287436,30.93591478287436,30.607092689794058,30.660234451293945,59300
2008-09-09,30.746568529456248,30.859498801843454,30.623674342987893,30.726640701293945,168700
2008-09-10,30.71670806927906,30.71670806927906,30.55727767944336,30.55727767944336,61200
2008-09-11,30.61374160611139,30.67020553277942,30.444349826107295,30.55727767944336,101600
2008-09-12,30.517419448469415,30.567241603671825,30.384563746676417,30.55727767944336,121100
2008-09-15,30.517396305498178,30.517396305498178,29.228678223365282,29.434608459472656,377800
2008-09-16,28.909845197741873,29.032739522350244,27.31555126718825,28.75705909729004,283800
2008-09-17,28.620885081075762,28.69727941537935,26.32244622111051,27.0299129486084,283100
2008-09-18,27.564668261646883,29.295140608961745,27.039881936244395,29.16228485107422,226400
2008-09-19,29.560852938355143,30.57389441784444,29.26192245800906,29.53428077697754,77800
2008-09-22,29.59404098218784,29.959399012277355,29.42796891996001,29.50768280029297,34600
2008-09-23,29.750174829411897,29.809960924829696,28.89656379342823,29.2187442779541,64200
2008-09-24,29.245295191843844,29.79001142810018,29.245295191843844,29.481117248535156,57700
2008-09-25,29.511020703742727,29.511020703742727,28.73048210144043,28.73048210144043,73600
2008-09-26,28.39170986045065,28.876640473166972,28.209029391865904,28.63085174560547,50900
2008-09-29,28.64079322082592,28.64079322082592,25.242957207976794,26.312461853027344,174700
2008-09-30,27.405236110551012,27.448413971796978,26.77083906804821,27.235841751098633,113200
2008-10-01,27.577493143542014,28.53883492546802,27.466954785338867,28.421598434448242,991400
2008-10-02,28.428301924961627,28.428301924961627,27.135344940981444,27.681333541870117,230900
2008-10-03,27.878943013596384,28.056472812579173,27.383197157730745,27.58082389831543,51400
2008-10-06,26.964498015636266,27.383201400972233,25.976359048468446,26.57929039001465,134200
2008-10-07,26.63288184150582,27.691362519379837,26.09024141170543,26.13043785095215,240800
2008-10-08,25.66483894055674,26.19407798074237,24.860928076412062,25.0384578704834,157800
2008-10-09,25.18919794571139,26.21418570532781,24.455631256103516,24.455631256103516,113800
2008-10-10,23.906276636458646,23.906276636458646,21.42420306764346,22.8243465423584,274300
2008-10-13,23.63163236479558,25.62466049194336,23.60148437650002,25.62466049194336,230000
2008-10-14,26.210832917845096,26.57259326985457,25.289685435109323,25.792129516601562,372300
2008-10-15,25.45382040699729,25.45382040699729,24.077123205398653,24.666658401489258,374900
2008-10-16,24.89443616196493,24.89778650565297,23.447396911909618,23.732114791870117,167400
2008-10-17,23.618221299609495,23.728757051222992,23.27990824835641,23.447389602661133,120700
2008-10-20,23.966588618518365,24.05032931591981,23.44739527240411,23.916343688964844,1460200
2008-10-21,23.856051435129178,24.41543870741344,23.6014789871937,23.779008865356445,398300
2008-10-22,24.010126978834066,24.010126978834066,23.537828334529756,23.581375122070312,113300
2008-10-23,23.58139531668755,24.080489462781475,23.480905396142408,23.979999542236328,157700
2008-10-24,23.581367213244413,23.715352762437067,23.13251600678329,23.380390167236328,155600
2008-10-27,23.46079947221343,23.574685620132808,22.1912899017334,22.1912899017334,1313600
2008-10-28,22.67360880770269,23.01191903846017,22.44248390197754,22.44248390197754,158600
2008-10-29,22.57983854767344,23.782353505284597,22.57983854767344,23.464139938354492,318700
2008-10-30,23.765600213435896,24.107263565063477,23.614868035434654,24.107263565063477,169900
2008-10-31,23.98333918004937,24.204415884320042,23.97998883604305,24.117324829101562,126500
2008-11-03,24.438618677655267,24.438618677655267,24.249222706963867,24.3134822845459,168900
2008-11-04,24.614497441792498,24.614497441792498,24.266147582720166,24.587440490722656,430300
2008-11-05,24.614469630457037,24.763280112910657,24.350671106318316,24.384490966796875,392100
2008-11-06,24.015850101087626,24.51977298900108,24.01246734095278,24.384490966796875,198100
2008-11-07,24.563740200549677,24.668585129456904,24.350672742953282,24.638145446777344,221000
2008-11-10,24.705813491161226,24.830947371736126,24.350698111583508,24.64155387878418,148600
2008-11-11,24.888425325053344,24.888425325053344,24.36759355700955,24.597572326660156,107100
2008-11-12,24.584055233227947,24.584055233227947,24.19512002782205,24.249231338500977,129400
2008-11-13,24.053072503687282,24.303342773406552,23.900879135930314,24.120712280273438,211900
2008-11-14,24.14098376660533,24.14098376660533,23.67426350078005,23.826454162597656,115200
2008-11-17,23.826461876222936,23.992183632188244,23.373269923887076,23.457820892333984,157200
2008-11-18,23.33607996212045,23.484890573079646,22.862593765671164,22.96405601501465,174700
2008-11-19,22.673190236414612,22.920077643577958,22.003545365182262,22.179412841796875,174100
2008-11-20,21.990019792557774,22.09824495383279,21.137746970053424,21.44213104248047,606400
2008-11-21,21.95620230141909,22.074573181267123,21.377873791054423,21.655200958251953,238500
2008-11-24,22.03737333438523,22.2166210371125,21.65520117243524,21.753280639648438,232500
2008-11-25,22.267342629752537,22.267342629752537,21.567261978647814,21.979869842529297,313500
2008-11-26,22.341732929548236,22.504071821498464,22.017057725936926,22.490543365478516,256400
2008-11-28,22.111778864312374,22.50071402035548,22.111778864312374,22.406017303466797,420700
2008-12-01,22.25492775343444,22.442921580285866,21.76272763059847,21.943883895874023,409700
2008-12-02,22.309606767660114,22.309606767660114,21.96096688438287,22.17972183227539,501700
2008-12-03,22.14897887472,22.193412613672553,22.015675050095528,22.18315887451172,247800
2008-12-04,22.18656525374233,22.217326454028225,21.933627659597715,22.053258895874023,214200
2008-12-05,21.916549816914564,22.063526153564453,21.704629659396897,22.063526153564453,485500
2008-12-08,22.063518102396607,22.3472143259046,21.80716299844454,22.31987190246582,703700
2008-12-09,22.289125533058396,22.333559287713605,22.046444058677945,22.152402877807617,631800
2008-12-10,22.237822405432752,22.261748640298247,21.875510103822673,22.135282516479492,379100
2008-12-11,22.056683664096315,22.217332485464556,21.964397430419922,21.964397430419922,914500
2008-12-12,21.995151601426933,22.319867921592387,21.892611664347246,22.268596649169922,320000
2008-12-15,22.01909900607424,22.436101931093624,22.01909900607424,22.152402877807617,611300
2008-12-16,22.562543869018555,22.569378820114114,22.08059767219578,22.562543869018555,523700
2008-12-17,22.689026473383183,23.276931788922724,22.42241885535165,23.140209197998047,1671500
2008-12-18,23.48886080421704,24.767211905347196,23.273521794678405,24.48351287841797,2134800
2008-12-19,24.264731726588444,24.35360174030614,23.970779272400062,24.319421768188477,1174700
2008-12-22,24.384390932967182,25.416644487482795,24.199818350038036,25.293594360351562,1764700
2008-12-23,25.423448995997205,25.734492724743045,25.228620296021266,25.6627140045166,1220400
2008-12-24,25.52599928603484,25.80627930128788,25.11583430051125,25.25939178466797,787700
2008-12-26,25.290171137619744,25.751607729480572,24.96203839212388,25.74135398864746,1291200
2008-12-29,25.90104568253187,26.086913966673833,25.642895725563115,25.914813995361328,1020000
2008-12-30,26.214286191120376,26.214286191120376,25.749613861083123,25.993995666503906,530100
2008-12-31,26.00086900813931,26.210831223818552,25.83909458366144,26.162643432617188,707400
2009-01-02,26.014643745845554,26.31409614708853,26.014643745845554,26.080039978027344,673600
2009-01-05,25.95957738153408,28.179670155460368,25.942368947868317,27.339820861816406,1907500
2009-01-06,27.60138531043682,27.74594860932446,27.370769427693613,27.570405960083008,2267000
2009-01-07,27.51534740884574,27.659910771075808,26.761548607730102,27.07132911682129,1748100
2009-01-08,26.954298213617257,26.954298213617257,26.455209318581712,26.678939819335938,972100
2009-01-09,27.143610797936322,27.143610797936322,26.69270966172649,27.07132911682129,826600
2009-01-12,27.1883623089507,27.226224526058264,26.231486551588105,26.48275375366211,867700
2009-01-13,26.782201422958693,26.782201422958693,26.097244151515536,26.38637351989746,613500
2009-01-14,26.004308142515765,26.2280360166676,25.36065326911813,26.049053192138672,1006000
2009-01-15,25.85286221464425,25.997425584420732,25.64978284906887,25.9457950592041,1122500
2009-01-16,25.897630560026226,26.200528513151653,25.398541161502678,26.155780792236328,574800
2009-01-20,25.818445450732277,25.997428314100166,25.477685524145958,25.708301544189453,544100
2009-01-21,25.753062635343085,25.82878711061345,25.360674559887105,25.71175765991211,534200
2009-01-22,25.77026116507575,25.77026116507575,25.388198862781266,25.642906188964844,454800
2009-01-23,25.40883621556087,25.584378897796544,24.92007299353044,25.233293533325195,1556100
2009-01-26,25.395091230660316,25.55342301311463,25.150709395173923,25.298715591430664,573600
2009-01-27,25.52932741967513,25.622262941402738,25.322807831225738,25.53277015686035,637500
2009-01-28,25.794330692709952,26.458636330378692,25.735814738090326,26.4379825592041,1549400
2009-01-29,26.1419908790302,26.28311414994404,25.64978473766075,25.780582427978516,685200
2009-01-30,26.01806961575816,26.01806961575816,25.68075517869586,25.897600173950195,469800
2009-02-02,25.68657073641608,25.801305653736897,25.172006356904454,25.34584617614746,1037900
2009-02-03,25.544012999699266,25.55792049785162,25.21024100179492,25.391033172607422,642100
2009-02-04,25.54750898786828,25.5787988918707,25.324991509311904,25.37019157409668,891500
2009-02-05,25.495324245963214,25.64482645423504,25.043340085350923,25.16155242919922,836600
2009-02-06,25.345841619316136,25.67265861697793,25.24153668548886,25.6691837310791,830900
2009-02-09,25.623996999007485,25.93343177015796,25.575322045292985,25.867374420166016,831400
2009-02-10,25.91951523528389,25.92646766014502,25.56140301919207,25.69700050354004,831000
2009-02-11,25.81523406691333,25.846523986479816,25.589241588335355,25.637916564941406,592100
2009-02-12,25.411896844766098,25.557924270629883,25.324976957921088,25.557924270629883,509200
2009-02-13,25.61356001716692,25.65876007080078,25.41538271628433,25.65876007080078,299100
2009-02-17,25.65179975948965,25.67265968608993,24.893858146190418,25.005115509033203,1521100
2009-02-18,25.144178763877527,25.196331214063772,24.163722780194565,24.85560417175293,1414600
2009-02-19,24.970355403514127,25.151147676434984,24.866050434753856,24.980785369873047,385300
2009-02-20,24.403617037011024,24.744341351029032,24.174147368213287,24.61570167541504,647700
2009-02-23,24.62266764027041,24.925149828459087,23.732608768245814,23.996843338012695,884500
2009-02-24,24.097657215606887,24.511396530696324,23.989877455575126,24.337556838989258,647300
2009-02-25,24.39321742758003,24.39321742758003,24.059442466334612,24.219377517700195,567600
2009-02-26,24.250652431685186,24.29237493918638,23.513570714673303,23.73956298828125,603200
2009-02-27,23.645684006339163,23.798661185613728,23.29452696165631,23.381446838378906,824700
2009-03-02,23.310819704069637,23.47950798319687,22.77312145731732,22.8961238861084,993600
2009-03-03,23.09292108126057,23.300270270790026,22.80825801692887,22.987491607666016,752700
2009-03-04,23.068324307504906,23.35298741755476,22.77663095600235,22.983980178833008,572900
2009-03-05,22.96639613955047,22.983969053424538,21.87342873221359,21.894514083862305,1117900
2009-03-06,22.035093387961695,22.400588077249736,21.743400124214883,21.789087295532227,1216800
2009-03-09,21.90155587337097,22.080789511639388,21.613377612454975,21.662578582763672,645100
2009-03-10,21.912107870554046,22.811788884205715,21.912107870554046,22.734472274780273,1111400
2009-03-11,23.005049795198488,23.17725305540649,22.822303861278726,23.096424102783203,769500
2009-03-12,23.10697566181945,23.490040587311633,23.0261439968643,23.4794979095459,762800
2009-03-13,23.553290929671764,23.5849216329316,23.3705449906974,23.53220558166504,632300
2009-03-16,23.606022117169132,23.837971818968732,23.567363833535865,23.6657657623291,514600
2009-03-17,23.651695476619224,23.686838617047016,23.34242940585527,23.53220558166504,460100
2009-03-18,23.535740370840944,24.115612056920178,23.3986801317452,24.07343864440918,611000
2009-03-19,24.059367876754415,24.115599063137683,23.634129584420485,23.862564086914062,711800
2009-03-20,23.89420156572838,24.031261785165988,23.73254086283406,23.816884994506836,394900
2009-03-23,24.112085585794695,24.319432066890307,23.767676248868035,24.308889389038086,461200
2009-03-24,24.273752055237324,24.410812262676842,24.11911892633064,24.354583740234375,425000
2009-03-25,24.386219093256273,24.618168856163344,24.386219093256273,24.484621047973633,800700
2009-03-26,24.639248697841193,24.871195727481478,24.50570360085143,24.864168167114258,660200
2009-03-27,24.81144295110337,24.81144295110337,24.217516452914285,24.61112403869629,1157900
2009-03-30,24.477569726285957,24.477569726285957,23.458402633666992,23.458402633666992,1299900
2009-03-31,23.94691802337538,24.168322377905554,23.72199854793949,23.827430725097656,632700
2009-04-01,24.067839249093996,24.160312867958194,23.79753592242543,23.865110397338867,654300
2009-04-02,24.19944138854898,24.768504715639928,23.975373466681038,24.732938766479492,1469600
2009-04-03,24.793420693643007,25.181097171530958,24.718731327483336,25.08150863647461,1355600
2009-04-06,24.93924954609459,25.213110608258113,24.700951754485587,24.999711990356445,648200
2009-04-07,24.928550526391216,24.928550526391216,24.583557866744865,24.711597442626953,459900
2009-04-08,24.46973396544356,25.10992883710818,24.46973396544356,25.003231048583984,721600
2009-04-09,25.252231808854443,25.803514011212474,25.252231808854443,25.714597702026367,1123800
2009-04-13,25.41226898866849,25.778606301974175,25.25222078739153,25.696802139282227,801800
2009-04-14,25.69325193207849,25.69325193207849,25.433617869348144,25.56521224975586,617000
2009-04-15,25.686146633635918,25.78573247662531,25.49052964668482,25.782175064086914,501700
2009-04-16,25.86039553858204,26.436573675395508,25.846168616419096,26.191164016723633,1109500
2009-04-17,26.280100516780774,26.94163798335383,26.141391310580943,26.763805389404297,683000
2009-04-20,26.543300286616432,26.657113073752182,25.743053363893253,25.785734176635742,1003100
2009-04-21,25.753727104105018,26.248101681448265,25.44073988609591,26.077381134033203,264800
2009-04-22,25.97422163114165,26.37612492788338,25.650567803505332,26.201847076416016,715200
2009-04-23,26.216066396283328,26.319209570220085,26.059572930516037,26.173385620117188,701300
2009-04-24,26.315670815266852,26.617985731934837,26.21252756821345,26.57886505126953,522500
2009-04-27,26.39034996347848,26.504162689650265,26.25164078825379,26.36901092529297,813400
2009-04-28,26.283663375846345,26.625101701372817,26.088046396555374,26.42593002319336,460200
2009-04-29,26.67132490976278,26.959415484010773,26.625089423937244,26.91673469543457,1167900
2009-04-30,27.144359810038072,27.204822224652208,26.87049888216213,27.126575469970703,919500
2009-05-01,27.159199786755796,27.273901331278395,26.743407713374076,27.083927154541016,609400
2009-05-04,27.202209957842758,27.223715639736962,26.88319624781141,27.0194034576416,1043400
2009-05-05,27.02657205874222,27.25597509948285,27.0086488352125,27.252389907836914,799800
2009-05-06,27.35991803997113,27.52480126999502,27.080333313639347,27.47820472717285,738600
2009-05-07,27.797217488092347,27.836646382604762,26.807915403897795,27.026565551757812,1546800
2009-05-08,27.395794506052606,27.635950623841005,27.316936620282647,27.510496139526367,1375800
2009-05-11,27.44593272700717,27.517620108604913,27.033723446074372,27.367074966430664,531000
2009-05-12,27.24162506000745,27.474613189697266,27.13409123562792,27.474613189697266,682300
2009-05-13,27.41368069024145,27.428015982182817,27.062405874300865,27.116172790527344,1118700
2009-05-14,27.065981903069115,27.108993233732225,26.664525497125883,26.829408645629883,966300
2009-05-15,26.829442515552298,26.843780555439917,26.1949999750586,26.453079223632812,1007100
2009-05-18,26.646602564275724,27.040891330788867,26.585668022068443,27.01580047607422,831000
2009-05-19,27.044489889165614,27.288230937830882,26.833010092742647,27.195037841796875,902800
2009-05-20,27.2810548617021,27.66817336081474,27.195029440132238,27.59648323059082,1158400
2009-05-21,27.488962533330778,27.574987987434532,27.241636276245117,27.241636276245117,1274700
2009-05-22,27.359930400301323,27.739878765713456,27.25239650250136,27.618009567260742,762300
2009-05-26,27.531962862338787,27.704016436312834,27.37783250419286,27.546300888061523,855100
2009-05-27,27.721937540109128,27.78287483447417,27.59648323059082,27.59648323059082,757300
2009-05-28,27.775709977391717,27.8509825780709,27.596488718241456,27.693269729614258,583900
2009-05-29,27.883238804631343,28.0194459525611,27.761366948316173,27.901159286499023,621200
2009-06-01,28.141750825063504,28.57225284065851,28.141750825063504,28.561397552490234,1293700
2009-06-02,28.456493944317007,28.481817435279783,28.192403744230752,28.478199005126953,782200
2009-06-03,28.550541649439253,28.55777850736264,28.221336375292747,28.315393447875977,776100
2009-06-04,28.224950734774918,28.470951451758083,28.224950734774918,28.402217864990234,638100
2009-06-05,28.5758478517588,28.5758478517588,28.329847272123825,28.492643356323242,704400
2009-06-08,28.568635559391733,28.669929505943045,28.333487320581593,28.543312072753906,593000
2009-06-09,28.43839267969087,28.662688334606116,28.43839267969087,28.597570419311523,559600
2009-06-10,28.677136192705728,28.76034343215174,28.478166919331148,28.633726119995117,636700
2009-06-11,28.626507308937637,28.926773381322626,28.626507308937637,28.698862075805664,524400
2009-06-12,28.800160413934858,28.894220245287624,28.698866484809987,28.84718894958496,566000
2009-06-15,28.81461572911589,28.836320770703395,28.391350857853148,28.420289993286133,574500
2009-06-16,28.575876240135234,28.662702008651358,27.957257129739638,28.14899253845215,1180400
2009-06-17,28.141740545442705,28.31538645196472,27.863179545321252,27.986181259155273,1240800
2009-06-18,27.874044436784963,28.29369115556144,27.874044436784963,28.253896713256836,766200
2009-06-19,28.112816106664596,28.322640904117556,28.112816106664596,28.282846450805664,667900
2009-06-22,28.246645603640133,28.246645603640133,27.675055558451973,27.899351119995117,1096700
2009-06-23,27.805284721666833,28.123637232612246,27.805284721666833,27.946372985839844,582200
2009-06-24,28.033218961168544,28.32625100943983,27.946395979483967,28.08748435974121,576400
2009-06-25,28.177901243245486,28.376873278132614,28.07660739277583,28.355165481567383,647900
2009-06-26,28.340692149259045,28.35878151819748,28.14172289118722,28.347929000854492,495900
2009-06-29,28.376893496262394,28.70248031616211,28.36604097027272,28.70248031616211,647700
2009-06-30,28.760356178158567,28.886973546429445,28.659062283541868,28.836326599121094,538900
2009-07-01,28.933101029688828,29.0280242861619,28.765161597706346,28.90754508972168,922100
2009-07-02,28.812594526832623,28.823546664240563,28.37084067726819,28.40369987487793,651200
2009-07-06,28.301474594405903,28.491320935264227,27.969247675982878,27.980199813842773,794500
2009-07-07,28.159098883672932,28.228466156150837,27.58956527709961,27.58956527709961,886300
2009-07-08,27.604188838014192,28.071499084422275,27.582284540647805,27.757524490356445,1382300
2009-07-09,27.976543297657525,28.250357837985035,27.815907328060884,28.155437469482422,544900
2009-07-10,28.093399105564846,28.440232878275886,27.79402835044145,27.9400634765625,393700
2009-07-13,28.188308103585733,28.188308103585733,27.848777790807947,28.002113342285156,521500
2009-07-14,27.965605874759806,28.25767598559176,27.925446164885738,28.11164093017578,506600
2009-07-15,28.25767788040266,28.732288360595703,28.213866525224006,28.732288360595703,1040200
2009-07-16,28.670208167387095,28.84179906317146,28.476712999080682,28.819894790649414,515600
2009-07-17,28.77975097457155,28.84911547094536,28.714035335373566,28.84546661376953,597100
2009-07-20,28.92576888922256,29.283551657443784,28.92576888922256,29.24704360961914,784700
2009-07-21,29.331023501100667,29.517218240025894,29.137528263862528,29.38943862915039,938600
2009-07-22,29.35292725818853,29.484358496099038,29.206892239911713,29.42594337463379,483000
2009-07-23,29.571987162151906,29.860405642794657,29.36023646212754,29.725322723388672,750700
2009-07-24,29.86403898091588,29.94070671454273,29.473397032215953,29.90054702758789,639300
2009-07-27,29.999130824698245,30.042942169158007,29.798335096377336,29.955322265625,512700
2009-07-28,29.98819923400879,30.09042298907607,29.864071184395215,29.98819923400879,591800
2009-07-29,30.097732596004516,30.214560167091353,29.958997940383956,30.090429306030273,627900
2009-07-30,30.247389648267255,30.63438289559099,30.174373525957545,30.338661193847656,976900
2009-07-31,30.57596092430863,30.904538971915695,30.440878064351867,30.831520080566406,740700
2009-08-03,30.8422013154268,30.9968378667596,30.812749275668676,30.890066146850586,880400
2009-08-04,31.03735221051255,31.052076832847355,30.56608283566002,30.823808670043945,615100
2009-08-05,30.757519805061044,30.919518651811266,30.488749246495335,30.724382400512695,756000
2009-08-06,30.820121983892484,30.853259402135237,30.41144494904139,30.481399536132812,619500
2009-08-07,30.639724837223785,30.967402510909537,30.481408436872297,30.6949520111084,711300
2009-08-10,30.790648975835612,30.84219354363506,30.580788147232646,30.83483123779297,527800
2009-08-11,30.834849547980077,30.94530386397873,30.64707833437035,30.761215209960938,623000
2009-08-12,30.66179012395059,30.794334111953596,30.558700979719028,30.683879852294922,491400
2009-08-13,30.683899607167437,30.687582167251897,30.219998159456924,30.29363250732422,825300
2009-08-14,30.41879489038007,30.41879489038007,30.09847978238474,30.142662048339844,585500
2009-08-17,29.965941030904823,30.061667886054334,29.317948395150406,29.406312942504883,1160800
2009-08-18,29.656675270973487,29.96594277783655,29.454176682692307,29.914398193359375,639200
2009-08-19,29.873895539219784,30.0358943939209,29.63826237363757,30.0358943939209,501700
2009-08-20,30.065369768410676,30.131639008066365,29.918098237132774,29.943870544433594,601200
2009-08-21,30.08008015343066,30.3525333404541,30.013808136177595,30.3525333404541,570400
2009-08-24,30.36726336066928,30.37462567033965,30.08744784070978,30.1942195892334,874600
2009-08-25,30.330437103495616,30.330437103495616,30.116896459645744,30.19053077697754,565000
2009-08-26,30.315711918064473,30.356211638279966,30.179488140039055,30.308349609375,476100
2009-08-27,30.39301743307123,30.426152020173635,30.146336668002885,30.153701782226562,968500
2009-08-28,30.374644031868645,30.374644031868645,30.234737591800055,30.304689407348633,595800
2009-08-31,30.337804462071606,30.374621623457685,30.19789531624741,30.308349609375,498500
2009-09-01,30.3317548033283,30.3317548033283,29.93069762159099,30.023534774780273,742300
2009-09-02,30.023523876697446,30.038378155795662,29.745012518224996,29.86384391784668,698800
2009-09-03,29.964127698681793,30.10895346594236,29.875001970240092,30.056964874267578,486000
2009-09-04,30.146074245300518,30.417159922988493,30.075517116895874,30.287185668945312,667000
2009-09-08,30.424594588232065,30.717960357666012,30.387460290377266,30.717960357666016,974200
2009-09-09,30.632561980222594,30.747682035758594,30.35776465916328,30.428321838378906,1454000
2009-09-10,30.58799556947492,30.914781428296756,30.458021248889267,30.899927139282227,695600
2009-09-11,31.026181134933726,31.245275480591644,30.92220113208896,31.193286895751953,607200
2009-09-14,31.219252460006622,31.24896100490998,31.011298312008666,31.230392456054688,579300
2009-09-15,31.330690801225543,31.460662279435944,31.237853626337294,31.45323371887207,1289500
2009-09-16,31.68346169572475,31.869135991370854,31.583198822668415,31.857995986938477,1143900
2009-09-17,31.858001054270122,31.91370391845703,31.624052424483544,31.91370391845703,733400
2009-09-18,31.831998259744047,31.958255407223415,31.512638279083223,31.824569702148438,565700
2009-09-21,31.750310113756722,31.84314727783203,31.538641492991626,31.84314727783203,510600
2009-09-22,31.943400719519897,31.98424928628318,31.750300721955387,31.80600357055664,413400
2009-09-23,31.898831651258906,32.069651594153854,31.861697373788488,31.902545928955078,464900
2009-09-24,32.047373138360335,32.11792741900434,31.82827607435026,31.96196174621582,774000
2009-09-25,31.97311314362629,32.07709029588172,31.73173599265337,31.857995986938477,454800
2009-09-28,31.99168414952088,32.13650988453135,31.698318400017193,32.11051559448242,455200
2009-09-29,32.10308143308678,32.11793571526034,32.006532848705604,32.0733757019043,693000
2009-09-30,32.06591796875,32.192177835764156,31.91366667303646,32.06591796875,688000
2009-10-01,31.959249342021543,31.977970757058603,31.221670150756836,31.221670150756836,3014800
2009-10-02,31.09062188693784,31.30403283096561,30.70123996412666,31.232894897460938,1694100
2009-10-05,31.326503170157167,31.65223693847656,31.281576344517855,31.652236938476562,556200
2009-10-06,31.745823139698906,31.888096113756262,31.52492254534916,31.543643951416016,813300
2009-10-07,31.4949757413022,31.854404496532084,31.4949757413022,31.775779724121094,637400
2009-10-08,31.77579652801119,31.98171784375024,31.77579652801119,31.977975845336914,824700
2009-10-09,31.86563857412014,32.10151290893555,31.805732348873413,32.10151290893555,680100
2009-10-12,32.15016309956347,32.15390509344489,32.03035359622887,32.09400177001953,354200
2009-10-13,32.15019513055487,32.15019513055487,31.89559932525651,32.086544036865234,295500
2009-10-14,32.19887536483252,32.24380505646778,32.09404227417106,32.21385192871094,749900
2009-10-15,32.22506601322312,32.23629771586731,32.10525642420854,32.20634460449219,382100
2009-10-16,32.22509633047462,32.232583187119054,32.04912520620019,32.202632904052734,443100
2009-10-19,32.26248805126503,32.299927991441784,32.18011846898556,32.2100715637207,534700
2009-10-20,32.24751894449736,32.35984164742863,32.20259214851284,32.26998519897461,419300
2009-10-21,32.322426062140096,32.547068780845564,32.255032960879745,32.326168060302734,869100
2009-10-22,32.44972202672968,32.57327651977539,32.37484207387676,32.57327651977539,646200
2009-10-23,32.64816172815864,32.64816172815864,32.427263832142565,32.517120361328125,420200
2009-10-26,32.44595212578616,32.588225056449794,32.43097557679767,32.53580856323242,779800
2009-10-27,32.535838222527055,32.535838222527055,32.217594121746885,32.28124237060547,1527900
2009-10-28,32.34112322588752,32.378566034639306,31.74582027233949,31.74956512451172,1266000
2009-10-29,31.891846726782454,32.36734024802092,31.843175061296954,32.19511413574219,1350500
2009-10-30,32.198856029707166,32.27748080048979,31.775779066023798,31.891843795776367,1466000
2009-11-02,32.06287178205471,32.30448509062831,31.95716631958598,32.14215087890625,1437000
2009-11-03,31.934518485552665,32.30826656559703,31.934518485552665,32.21388626098633,1135400
2009-11-04,32.42904958977835,32.46680110803878,32.202537599959555,32.262939453125,687800
2009-11-05,32.32714593033104,32.338473988064614,32.17991286264106,32.28939437866211,506800
2009-11-06,32.26669688936442,32.3346507352068,32.22894539284189,32.319549560546875,547700
2009-11-09,32.38752371137357,32.459253615914804,32.353545327022736,32.44792556762695,571400
2009-11-10,32.41775591168753,32.45928348618916,32.338476782255064,32.43663024902344,667800
2009-11-11,32.45173698027366,32.54234130360808,32.42153457907568,32.45551300048828,509500
2009-11-12,32.50079332657494,32.50834536226501,32.37243752242082,32.49324417114258,619900
2009-11-13,32.425282058060255,32.56118986356351,32.37242934261532,32.42905807495117,491100
2009-11-16,32.591391851189506,32.71219846795162,32.48568642155477,32.5800666809082,714900
2009-11-17,32.64802716056616,32.64802716056616,32.52344450185785,32.5725212097168,438400
2009-11-18,32.60269831631645,32.632900673243206,32.48944091796875,32.48944091796875,630200
2009-11-19,32.54230619484355,32.58006059573886,32.417726464760776,32.55740737915039,679700
2009-11-20,32.51966715824529,32.59517022575845,32.46681443493459,32.549869537353516,544200
2009-11-23,32.572501664414546,32.60648004197223,32.50454778955497,32.515872955322266,428600
2009-11-24,32.56497334711451,32.580074537883675,32.485694255769594,32.53477096557617,526800
2009-11-25,32.561194709454746,32.71220372473849,32.54609351990064,32.549869537353516,548900
2009-11-27,32.22520033895366,32.410184865813164,32.10816972322217,32.32335662841797,570000
2009-11-30,32.31580061027947,32.50456113122766,32.31580061027947,32.42905807495117,674100
2009-12-01,32.547704317954654,32.63897231842694,32.456439218747576,32.589534759521484,749100
2009-12-02,32.5895378093895,32.688410035188085,32.55151092293326,32.62376403808594,537400
2009-12-03,32.67700378464359,32.80249512694565,32.65038467275517,32.66559600830078,489600
2009-12-04,32.783483273638886,32.91657884542871,32.783483273638886,32.7986946105957,532000
2009-12-07,32.832919461347366,32.870949256131254,32.76447279377478,32.84052658081055,397200
2009-12-08,32.83670198321847,32.89374373758271,32.77585957282365,32.87853240966797,359000
2009-12-09,32.90134795090801,32.94317837735751,32.86712463904795,32.87853240966797,357000
2009-12-10,32.93938037753247,33.04205322265625,32.935576819931036,33.04205322265625,401000
2009-12-11,33.0839003018762,33.10671585643794,33.02305495469043,33.06108474731445,444100
2009-12-14,33.083910108251395,33.37291979051723,33.083910108251395,33.32728576660156,1132700
2009-12-15,33.312034133447696,33.350060990082845,33.182742240635555,33.29302215576172,417600
2009-12-16,33.36906051635742,33.38427183226559,33.20173894262945,33.36906051635742,621100
2009-12-17,33.31205551641638,33.380505062802605,33.270225076887854,33.35008239746094,350200
2009-12-18,33.380493139771346,33.399508024134306,33.3158471749597,33.331058502197266,281600
2009-12-21,33.39192092259309,33.4413584910605,33.331078478442265,33.42995071411133,646800
2009-12-22,33.464170379537705,33.50980438360172,33.41473571775076,33.502197265625,432500
2009-12-23,33.52117743145415,33.635257971528915,33.50976966757291,33.5820198059082,440100
2009-12-24,33.61247756742781,33.75698089636087,33.57825424002214,33.70754623413086,188800
2009-12-28,33.741779206094016,33.76839832204008,33.55924605298812,33.608680725097656,532400
2009-12-29,33.62778144971713,33.64692193606359,33.41725070204699,33.428733825683594,494600
2009-12-30,33.49381740639898,33.60099715483081,33.46702246929103,33.57037353515625,421600
2009-12-31,33.62399673461914,33.646965932354725,33.524474252682296,33.62399673461914,346000
2010-01-04,33.685234600653374,33.88811111450195,33.685234600653374,33.88811111450195,1316800
2010-01-05,33.9723367644024,34.09865714003575,33.84601638876906,34.048892974853516,733000
2010-01-06,34.083327211318576,34.16754075034614,34.06801539327441,34.13691711425781,715700
2010-01-07,34.21346435269852,34.30916100017014,34.11011325841834,34.27471160888672,956000
2010-01-08,34.28235741611484,34.378054039469724,34.26321984370137,34.32829284667969,711400
2010-01-11,34.259390392633684,34.339775203997306,34.251735947925816,34.29766845703125,895800
2010-01-12,34.25939303946556,34.56179473629895,34.087140276153946,34.12158966064453,1133900
2010-01-13,34.1063093071755,34.22880098794749,34.1063093071755,34.198177337646484,868900
2010-01-14,34.23643112182617,34.251742934794414,34.148388927366206,34.23643112182617,394600
2010-01-15,34.26706077295665,34.26706077295665,34.06418430891731,34.098636627197266,835300
2010-01-19,34.068013370616235,34.14456953586115,34.05653023787255,34.113948822021484,796900
2010-01-20,34.12543336726685,34.148399633704834,34.014424878765574,34.064186096191406,588500
2010-01-21,34.12926132004151,34.12926132004151,33.53211212158203,33.53211212158203,1416800
2010-01-22,33.68141309941368,33.700553609509996,33.15316831367804,33.214412689208984,1394400
2010-01-25,33.394302384597175,33.47086145735568,33.206737767091354,33.264156341552734,711300
2010-01-26,33.37899426129367,33.467036474594686,33.264160020101876,33.30626678466797,576000
2010-01-27,33.28714063653275,33.4632222186248,33.271828813685836,33.31776428222656,876500
2010-01-28,33.34454016317671,33.39430136863333,33.130180606834436,33.17611312866211,833700
2010-01-29,33.405789791972666,33.405789791972666,33.003865560149194,33.007694244384766,1357000
2010-02-01,33.15544002368804,33.282739108106036,33.039715991265595,33.167015075683594,924700
2010-02-02,33.278887022003374,33.41004448177621,33.17473507891125,33.26731491088867,1238500
2010-02-03,33.3290205502869,33.44860289772257,33.259584974311075,33.43703079223633,641200
2010-02-04,33.290446960663566,33.309732822744735,32.93555237028022,32.962554931640625,1762600
2010-02-05,32.916290875614614,32.916290875614614,32.191073645539376,32.76970291137695,3261500
2010-02-08,32.71182681065376,32.839122951983356,32.55366680706898,32.62696075439453,1202400
2010-02-09,32.73497224479411,32.808266194842915,32.58067058614053,32.69253921508789,853800
2010-02-10,32.673226724588694,32.75809272249554,32.24889967811168,32.25275802612305,1463200
2010-02-11,32.36850269189827,32.56523440262309,32.167909687985066,32.38393020629883,1157700
2010-02-12,32.38778349326811,32.46879117497189,32.16404630967192,32.36463928222656,743100
2010-02-16,32.27590721994314,32.79667244584665,32.27590721994314,32.68480682373047,1061300
2010-02-17,32.854550620378994,32.970277586002425,32.83912016209194,32.9355583190918,1400200
2010-02-18,32.977987781156806,33.32516569746408,32.977987781156806,33.248016357421875,1153400
2010-02-19,33.31744968242474,33.475606701708976,33.29044712093433,33.47174835205078,1485600
2010-02-22,33.518045209421096,33.58362244906033,33.44860961949163,33.51418685913086,1596200
2010-02-23,33.56819601579185,33.599056935696055,33.15544077701583,33.27116775512695,1014900
2010-02-24,33.39461729520266,33.552777344111526,33.309751214623276,33.398475646972656,1047000
2010-02-25,33.28274608306282,33.42547565699369,33.174735786276145,33.40232849121094,503400
2010-02-26,33.46404506620515,33.64534929710752,33.4293287375946,33.626060485839844,697900
2010-03-01,33.690568521512,33.725544040060846,33.61672736231053,33.651702880859375,1468800
2010-03-02,33.764391292689346,33.88875357688775,33.69055313224797,33.86932373046875,1291800
2010-03-03,33.91986542875063,33.95872811015196,33.84602425856534,33.904319763183594,986800
2010-03-04,33.97817464369315,33.97817464369315,33.842153721387284,33.93153762817383,641100
2010-03-05,34.04035100867838,34.13750922431913,33.923762928929534,34.13362503051758,975800
2010-03-08,34.18803639856304,34.23855760772407,34.11808235855271,34.14139938354492,937900
2010-03-09,34.12974066358494,34.28908157348633,34.12196931031267,34.28908157348633,630800
2010-03-10,34.20748047832551,34.31630022525141,34.199709121776834,34.30075454711914,640200
2010-03-11,34.265735646523744,34.29682696614592,34.20744016349001,34.269622802734375,488500
2010-03-12,34.27352059277193,34.3434746011103,34.257974928137585,34.27740478515625,636700
2010-03-15,34.281305761922646,34.2968514328237,34.1724890306488,34.238555908203125,471400
2010-03-16,34.28518285533727,34.3862282040121,34.19579601515709,34.35513687133789,923300
2010-03-17,34.38234104616965,34.44840790432783,34.331816889315895,34.35513687133789,918300
2010-03-18,34.386225049861935,34.448404744474104,34.35902087752554,34.40565490722656,637200
2010-03-19,34.234676361083984,34.43288000284985,34.18804230304558,34.234676361083984,674600
2010-03-22,34.18024802003781,34.401768561441614,34.125839674081256,34.397884368896484,759000
2010-03-23,34.40176472694207,34.432856054032435,34.32792653139263,34.39399337768555,699200
2010-03-24,34.38621133352867,34.42895818869249,34.33568720146295,34.374549865722656,430800
2010-03-25,34.44840244336004,34.514469291044904,34.39788125954789,34.4561767578125,1005200
2010-03-26,34.4406234075498,34.47171176332478,34.393986426340014,34.44450759887695,1312500
2010-03-29,34.48727035522461,34.495044670857105,34.471724688992275,34.48727035522461,546200
2010-03-30,34.49115989644334,34.53779689836304,34.41731871799537,34.45229721069336,605600
2010-03-31,34.42120834827375,34.432866858332794,34.12584657830131,34.343482971191406,1255400
2010-04-01,34.39358865399845,34.45623779296875,34.26046371459961,34.26046371459961,773100
2010-04-05,34.31921096340021,34.44842262639066,34.22524020271471,34.244815826416016,930200
2010-04-06,34.264383313945935,34.48756566516889,34.24088839094439,34.467987060546875,679100
2010-04-07,34.421014743533696,34.550223420674506,34.41709842383953,34.51890182495117,859000
2010-04-08,34.495392888729924,34.593279930404684,34.46015498761923,34.57761764526367,736100
2010-04-09,34.573700652329336,34.67941733173919,34.5580383688473,34.628517150878906,679800
2010-04-12,34.67159724813468,34.714667792772936,34.62852670349642,34.636356353759766,443300
2010-04-13,34.70682804355433,34.777306830586596,34.70682804355433,34.73031997680664,1162900
2010-04-14,34.80863275874052,34.85561662707944,34.76947853936627,34.82429504394531,857700
2010-04-15,34.855594307500944,35.03179266277066,34.81644011319886,34.918243408203125,1251000
2010-04-16,34.90652559062229,34.9848340423595,34.49539875081201,34.636356353759766,1334100
2010-04-19,34.55802485178986,34.64807921249373,34.47580013612695,34.56977081298828,757200
2010-04-20,34.7146691179258,35.368553975447576,34.655936283242916,34.94176483154297,1299400
2010-04-21,34.980901342746215,35.008312574021666,34.88301433027521,34.94566345214844,553100
2010-04-22,34.9339141688394,34.9339141688394,34.761632087334576,34.84385681152344,250700
2010-04-23,34.847790086284476,35.08271841075934,34.79688989528557,35.07097244262695,676000
2010-04-26,35.00440996502629,35.12187263362586,35.00440996502629,35.07097244262695,440100
2010-04-27,35.07096545696477,35.133614590892925,34.60110890160412,34.628517150878906,1220700
2010-04-28,34.76948516852667,34.81646904582355,34.65201950073242,34.65201950073242,988000
2010-04-29,34.812537838971764,34.937833092887885,34.804705205260106,34.890846252441406,812200
2010-04-30,34.832120033712,35.051386022698814,34.832120033712,35.00440216064453,809800
2010-05-03,35.02018135179844,35.13454640948043,35.00046157836914,35.00046157836914,639000
2010-05-04,34.925549609539615,34.95315550251199,34.629770895342794,34.6416015625,786100
2010-05-05,34.40892862615068,34.44836519186709,33.95540059836923,34.16836166381836,2567500
2010-05-06,34.026375231017695,34.11708200707405,31.139575742944572,33.32044982910156,6587300
2010-05-07,33.30465650642957,33.56888757543364,32.539578197689025,33.316490173339844,2584000
2010-05-10,34.266923181040276,34.46805339334475,33.76212838129239,33.93959426879883,1670100
2010-05-11,33.78577848040005,34.26296725013553,33.75028651820783,33.900146484375,1524400
2010-05-12,34.113128305964935,34.32214468007082,34.085522426532364,34.31425857543945,1031200
2010-05-13,34.345811497875424,34.40891238028283,34.10130310058594,34.10130310058594,1151600
2010-05-14,33.99874677292752,34.09733959027465,33.663531795710064,33.90409851074219,1050700
2010-05-17,33.896213562507036,33.99086484512853,33.56888765542112,33.860721588134766,1120800
2010-05-18,34.042146656624446,34.09735842413023,33.683270167836845,33.78974914550781,1067400
2010-05-19,33.68324362071983,33.77789186058857,33.22971616609494,33.59253692626953,1565100
2010-05-20,33.083795696531546,33.083795696531546,32.07420651035513,32.5908317565918,3092800
2010-05-21,32.13731705031683,33.284939000965714,32.113655734654564,33.24550247192383,1815000
2010-05-24,33.16664013960114,33.600448156333876,33.12325903704631,33.296783447265625,1266200
2010-05-25,32.81172799739408,33.25736999511719,32.342427666598056,33.25736999511719,1507500
2010-05-26,33.379601911824224,33.54129566326906,32.80776446788866,32.859031677246094,1738300
2010-05-27,33.182398719269415,33.47423261925906,33.182398719269415,33.31254196166992,828500
2010-05-28,33.43876195821543,33.458478729171375,33.25340686009696,33.367774963378906,1253900
2010-06-01,33.2259103703439,33.51997929172133,33.13053723970798,33.21001434326172,770300
2010-06-02,33.35304973649839,33.4365015401868,33.26164840949405,33.38086700439453,1414500
2010-06-03,33.468308538135034,33.53983912069576,33.26563804890363,33.39280319213867,877200
2010-06-04,33.18616404401099,33.44049435402933,33.1146334548273,33.206031799316406,1439000
2010-06-07,33.17026493812376,33.488176280174805,32.97554397583008,32.97554397583008,992900
2010-06-08,33.19012001842914,33.19012001842914,32.80465300446091,33.027191162109375,1085200
2010-06-09,33.10271057293504,33.16231686778648,32.98746668312842,33.09873580932617,1081900
2010-06-10,33.22590261885013,33.436519622802734,33.13052951046444,33.436519622802734,588200
2010-06-11,33.25770549631944,33.49216509575859,33.21796390901473,33.48421859741211,468300
2010-06-14,33.51996261437807,33.6590489923254,33.4802240823725,33.52791213989258,843100
2010-06-15,33.63915676661179,33.949121335324904,33.6033899915315,33.8537483215332,1387200
2010-06-16,33.774290617836456,33.90543049342893,33.69878832158919,33.881587982177734,1877200
2010-06-17,33.976971907575084,34.15182513086075,33.92133734232172,34.135929107666016,1097000
2010-06-18,34.167718132154164,34.306804532986334,34.14784734695408,34.282958984375,734300
2010-06-21,34.48166459729158,34.50153538819003,34.362448947471904,34.40616226196289,1094400
2010-06-22,34.37436272676836,34.41410126805809,34.024659318819815,34.15977096557617,1011000
2010-06-23,34.187588909156595,34.21143142802049,33.89352005969504,34.135929107666016,882300
2010-06-24,34.06439066652823,34.08425841704933,33.85774544448996,33.901458740234375,613600
2010-06-25,34.02862117203192,34.07233446431742,33.877613546226385,34.05643844604492,536500
2010-06-28,34.10413309902312,34.255140754044255,34.044523776932444,34.13195037841797,682200
2010-06-29,34.004794895832866,34.00876966026258,33.59150731899389,33.79020309448242,1354400
2010-06-30,33.71866604822376,33.825963444316,33.583554402011416,33.7385368347168,1111300
2010-07-01,33.81178751199452,33.91587390884727,33.41145850561864,33.89986038208008,2044000
2010-07-02,33.85184065405228,34.08803650152681,33.82782187624023,33.90788650512695,880400
2010-07-06,34.11203612991125,34.19210376812033,33.97192158088049,34.176090240478516,1176600
2010-07-07,34.180094949593844,34.62045937068536,34.10803559471236,34.58843231201172,1173900
2010-07-08,34.692508420838976,34.764564700049135,34.47633042040595,34.74855422973633,1525200
2010-07-09,34.74856664442745,34.74856664442745,34.61645731014149,34.66849899291992,778800
2010-07-12,34.71252794107245,34.716532086350234,34.37224889489171,34.64046859741211,786500
2010-07-13,34.72854076319146,34.968737552429126,34.63646374927862,34.908687591552734,1464900
2010-07-14,34.84864030047705,34.93270902306935,34.780582049958454,34.87666320800781,640400
2010-07-15,34.812618944101786,34.94873242935014,34.79660541323323,34.928714752197266,565900
2010-07-16,34.90470029811071,34.91270553740027,34.62046696216023,34.71654510498047,1215300
2010-07-19,34.82061696173295,34.91669506432464,34.72053471403849,34.83262634277344,556000
2010-07-20,34.82864728511068,35.29303071496176,34.77260143037279,35.11288070678711,2442800
2010-07-21,35.26099157792497,35.40511031345818,34.97675825347586,35.09685516357422,1376100
2010-07-22,35.20895404028015,35.41312279978051,35.20895404028015,35.40911865234375,809300
2010-07-23,35.3850933421841,35.569244384765625,35.24497875046653,35.569244384765625,985400
2010-07-26,35.54920364999822,35.6132546787674,35.41709439443662,35.58523178100586,887200
2010-07-27,35.625292909594236,35.66932936378101,35.42112722665841,35.5372200012207,887100
2010-07-28,35.58123653327397,35.6092594380418,35.43711786467726,35.46113967895508,603100
2010-07-29,35.5812537705887,35.60127144980651,35.46115685808894,35.569244384765625,628800
2010-07-30,35.46916074377608,35.577251320597256,35.36907846004406,35.477169036865234,1038700
2010-08-02,35.625890190013706,35.690380210781555,35.549309059115245,35.662166595458984,1021600
2010-08-03,35.53721794898463,35.722622146112045,35.50497293860071,35.662166595458984,1705900
2010-08-04,35.70246835579278,35.70649667546614,35.5855825091486,35.64200973510742,1844200
2010-08-05,35.605723487364315,35.633940167594744,35.5291454590537,35.625877380371094,708100
2010-08-06,35.605718931063734,35.62587282149151,35.41628650628156,35.61781311035156,830300
2010-08-09,35.706488607188916,35.706488607188916,35.504961967143686,35.55332946777344,1266200
2010-08-10,35.56140222120669,35.58961583571757,35.44854468810984,35.5412483215332,1271500
2010-08-11,35.30345633209785,35.3477924652913,35.02535149440313,35.0777473449707,1558600
2010-08-12,34.92457643283061,35.1220717305085,34.74320056450932,34.95682144165039,1261600
2010-08-13,35.05355811605172,35.19865760023764,34.924581138447984,35.1099853515625,776300
2010-08-16,35.06161992825372,35.255086943754144,35.05759160765759,35.15432357788086,1087600
2010-08-17,35.287315368652344,35.38001589964279,35.25507036871982,35.287315368652344,860800
2010-08-18,35.30746978911423,35.37195979555805,35.267165072613224,35.347774505615234,717000
2010-08-19,35.34778396154289,35.392120084070235,35.17850226192226,35.27523422241211,882800
2010-08-20,35.27521558640646,35.37597888890712,35.25103337782293,35.359859466552734,557700
2010-08-23,35.38807306825084,35.392101386313456,35.29536947692738,35.359859466552734,633300
2010-08-24,35.27117724821654,35.29535944993019,35.16638258237224,35.174442291259766,1000800
2010-08-25,35.14626090511458,35.19462842791628,34.98101058355309,35.1261100769043,788400
2010-08-26,35.154328497769264,35.243000764156164,34.9850467574239,35.0777473449707,1012400
2010-08-27,35.14626878760503,35.23897245833609,35.029385962631146,35.0737190246582,1302000
2010-08-30,35.07773641368653,35.23895838641612,35.07773641368653,35.1381950378418,620800
2010-08-31,35.14626090511458,35.21881065179018,35.10595617364011,35.1261100769043,1154800
2010-09-01,35.282408889992006,35.50568771362305,35.27428785799599,35.50568771362305,1697900
2010-09-02,35.530041143208315,35.56657958908755,35.45696734871575,35.56251907348633,603900
2010-09-03,35.61528600451116,35.668060302734375,35.513794825206155,35.668060302734375,999600
2010-09-07,35.594988304982316,35.61934519810548,35.46101919827463,35.61528778076172,883500
2010-09-08,35.615295152304604,35.6680694640829,35.58687773869078,35.6234130859375,835500
2010-09-09,35.77766229973387,35.77766229973387,35.655874767142485,35.76548385620117,789300
2010-09-10,35.81826416835442,35.875098974327955,35.73300886212947,35.85886001586914,957600
2010-09-13,35.960367716443685,36.05779841472673,35.907590302871405,36.04561996459961,1103500
2010-09-14,36.04156662012129,36.04156662012129,35.93601486924078,36.037506103515625,658700
2010-09-15,35.915692166524394,36.025301256437,35.915692166524394,36.0050048828125,570800
2010-09-16,36.0253144799409,36.090270332816644,35.988779135647455,36.06591033935547,751400
2010-09-17,36.1511626663504,36.1511626663504,36.09026733365628,36.130863189697266,922800
2010-09-20,36.171459402228315,36.2201762883168,36.15116302264043,36.18769836425781,631900
2010-09-21,36.22425342748784,36.22425342748784,36.07810579941637,36.1268196105957,810900
2010-09-22,36.17145193363971,36.17145193363971,35.976590624050864,35.980648040771484,832700
2010-09-23,35.92787917939132,35.93599711132446,35.82638799526874,35.88728332519531,758800
2010-09-24,35.94004900867749,36.08619652655383,35.94004900867749,36.029361724853516,917200
2010-09-27,36.10246470835343,36.163360072973454,36.06592625067466,36.09028625488281,615900
2010-09-28,36.19582474147319,36.19582474147319,36.04967715888122,36.14304733276367,1038800
2010-09-29,36.2120706624105,36.297326023647244,36.175535305251856,36.228309631347656,826600
2010-09-30,36.32571657959734,36.43126515372849,36.22422542174977,36.41096878051758,2290800
2010-10-01,36.45469493196364,36.503732747932034,36.364793828189406,36.45878219604492,837800
2010-10-04,36.48328670860719,36.48328670860719,36.32391775986987,36.33209228515625,2490600
2010-10-05,36.47104677802806,36.49965139589228,36.39340433625252,36.46287536621094,993500
2010-10-06,36.45876893998883,36.50371947553236,36.38930106420987,36.4301643371582,1990200
2010-10-07,36.51194415504056,36.57324071273046,36.42204295278503,36.5037727355957,1371700
2010-10-08,36.556893871470244,36.64679507155011,36.51603053989004,36.62636184692383,1524800
2010-10-11,36.638572174174215,36.732557392989825,36.62631038602316,36.70395278930664,644900
2010-10-12,36.68355003197322,36.75710523357293,36.64268672390017,36.67129135131836,855200
2010-10-13,36.748937513340685,36.87970198292233,36.70398693464035,36.793888092041016,880300
2010-10-14,36.826551774439324,36.83063592015876,36.59362764402306,36.61814498901367,994400
2010-10-15,36.69172048080287,36.7775343535073,36.67128727020506,36.71215057373047,524200
2010-10-18,36.75711321638235,36.81840975063942,36.66312789916992,36.66312789916992,516300
2010-10-19,36.69171135196957,36.757091997809596,36.64676079397418,36.659019470214844,601800
2010-10-20,36.703981012825,36.78570762400118,36.63042581569828,36.7734489440918,965600
2010-10-21,36.81430101211629,36.82656280595314,36.71622848510742,36.71622848510742,521000
2010-10-22,36.80615039404717,36.89196429336882,36.78163302786132,36.883792877197266,418000
2010-10-25,36.96959662717689,37.09218654212244,36.96142209557832,37.02680587768555,1051500
2010-10-26,37.01859683914305,37.09215196661398,37.00225402652055,37.083980560302734,568100
2010-10-27,37.06359339954576,37.10445983485878,36.9941254477877,37.04316329956055,910700
2010-10-28,37.14121054815684,37.145297812434116,37.00227473942103,37.063568115234375,1078600
2010-10-29,37.108530160569906,37.14530931511637,37.047236765776006,37.079925537109375,898000
2010-11-01,37.14614200460804,37.187277745409915,37.002162204117674,37.01039123535156,921400
2010-11-02,37.10502849933866,37.19552907406443,37.051552313572515,37.1914176940918,859800
2010-11-03,37.2078410196055,37.35182080838264,37.16259076686793,37.314796447753906,1301600
2010-11-04,37.46288716607735,37.8331150756665,37.45877265084426,37.80020523071289,1495800
2010-11-05,37.75499116319657,37.80024145876212,37.64803563381812,37.75910568237305,1281500
2010-11-08,37.72206732347303,37.75909170543922,37.61922635133874,37.64802169799805,1178800
2010-11-09,37.717924965511166,37.717924965511166,37.4752188386176,37.541038513183594,705400
2010-11-10,37.53693694020236,37.53693694020236,37.22018827790152,37.23252868652344,1250800
2010-11-11,37.20376861676171,37.24078987771764,36.94460723623464,37.08447265625,1051000
2010-11-12,37.08033625431927,37.12558652775653,36.948699951171875,36.948699951171875,1088500
2010-11-15,37.0926805738168,37.1050209881526,36.85408876846674,36.8787727355957,1071300
2010-11-16,36.8499773031258,36.89933896035354,36.40158903974388,36.47152328491211,1674100
2010-11-17,36.714225976054784,36.763590771077304,36.61138500693418,36.65663528442383,1827000
2010-11-18,36.94868036371363,37.12145233154297,36.84995397330478,37.12145233154297,1197000
2010-11-19,37.02274102556621,37.109127044677734,36.95692131283935,37.109127044677734,592000
2010-11-22,36.9240135620611,37.00217054566716,36.83351302882154,36.84996795654297,424600
2010-11-23,36.76768681038422,36.76768681038422,36.33164228754042,36.3439826965332,1975700
2010-11-24,36.4345165607154,36.61962914194486,36.4345165607154,36.56203842163086,690700
2010-11-26,36.5167716310597,36.557910531385176,36.40981927789432,36.43038558959961,365000
2010-11-29,36.40981252922016,36.619605817398465,36.397472116792834,36.524993896484375,598300
2010-11-30,36.44272311422914,36.660748597908345,36.37279201075363,36.607269287109375,1459300
2010-12-01,36.84661984359496,36.9584254548648,36.76793983164028,36.94600296020508,1710800
2010-12-02,36.962600925448676,36.98744593734345,36.854933941679356,36.966739654541016,775600
2010-12-03,36.937698508751076,37.041223452059604,36.92113729803259,37.02880096435547,1621000
2010-12-06,37.02882459675496,37.02882459675496,36.95014773797239,37.008121490478516,776300
2010-12-07,37.19445507049024,37.23172570652596,37.13233944998519,37.1985969543457,946300
2010-12-08,37.1571826411373,37.26898821567857,37.02467080941035,37.0785026550293,1216200
2010-12-09,37.132344019014845,37.132344019014845,36.99569026895521,36.99983215332031,457200
2010-12-10,37.061946817682994,37.107498066518325,36.98326681345251,37.016395568847656,613100
2010-12-13,37.02053319001065,37.090929417619876,36.78035448005155,36.830047607421875,1176600
2010-12-14,37.02055183813985,37.02055183813985,36.80521800373134,37.01226806640625,1366900
2010-12-15,37.02055063726539,37.02055063726539,36.817642467039235,36.867332458496094,566500
2010-12-16,36.81348930055929,37.00397491455078,36.763796164996755,37.00397491455078,498600
2010-12-17,36.99981894049383,37.07435703578732,36.95012898318547,37.05779266357422,989700
2010-12-20,37.11577781614971,37.124061584472656,37.061945959378264,37.124061584472656,587700
2010-12-21,37.1903134085701,37.22344216094805,37.12820094702608,37.202735900878906,785400
2010-12-22,37.20686464846777,37.32695396394022,37.17373590778629,37.30624771118164,803000
2010-12-23,37.33111006959995,37.37251943156358,37.31868757694404,37.34353256225586,560500
2010-12-27,37.40150349921646,37.418067874627475,37.318684781492955,37.37251663208008,590800
2010-12-28,37.45462897512328,37.46713140211707,37.31709591886959,37.39628219604492,575100
2010-12-29,37.44213023661954,37.53381895760747,37.3921205194709,37.52131652832031,535700
2010-12-30,37.56715300199384,37.56715300199384,37.492135262358474,37.562984466552734,335400
2010-12-31,37.56298914742659,37.63800689641022,37.52965039872599,37.62967300415039,715700
2011-01-03,37.62967060360038,37.80471094684186,37.62133353221111,37.658843994140625,1448800
2011-01-04,37.7421917514359,37.833880449328745,37.708853008288216,37.8297119140625,1077800
2011-01-05,37.77553975920239,37.92974379228538,37.771371223264666,37.925575256347656,2537800
2011-01-06,37.94223164825976,37.97557356363362,37.79636474307418,37.971405029296875,2046600
2011-01-07,37.975554927662145,37.975554927662145,37.800511547679484,37.82551956176758,917900
2011-01-10,37.763056217986815,37.81306913526929,37.746385245559324,37.7963981628418,517400
2011-01-11,37.888063426655364,37.96307798656761,37.86305539369039,37.94224166870117,493300
2011-01-12,37.946413223695664,38.06310678794837,37.946413223695664,38.02143096923828,609600
2011-01-13,38.025602099955705,38.113122286436145,37.99642870446222,38.013099670410156,1563900
2011-01-14,38.07143494996544,38.09227444601466,38.025590602385705,38.07560348510742,912500
2011-01-18,38.13396079084125,38.13396079084125,38.0297696411395,38.07144546508789,1186800
2011-01-19,38.03809788184916,38.08811077095257,37.95057771066401,37.95474624633789,1073200
2011-01-20,37.95474414959246,37.979749002932266,37.82554816778888,37.87972640991211,766000
2011-01-21,37.91721915806645,38.06725138768467,37.91721915806645,38.033912658691406,681100
2011-01-24,38.046443679521545,38.113124367292215,38.046443679521545,38.08811950683594,697300
2011-01-25,38.10478566476162,38.146461486816406,38.06310984270684,38.146461486816406,686400
2011-01-26,38.192308855217185,38.225650787353516,38.14646449344514,38.225650787353516,985500
2011-01-27,38.24648044848882,38.27982237481772,38.21314170182102,38.27565383911133,679400
2011-01-28,38.29231051169831,38.29647904584902,38.03808398272398,38.04642105102539,2015100
2011-01-31,38.146453560519674,38.25064468383789,38.07560435978186,38.25064468383789,1183200
2011-02-01,38.30055599979324,38.35927962925918,38.25861100734582,38.32572555541992,944600
2011-02-02,38.37605968527325,38.38445060419166,38.32572697255436,38.367671966552734,550400
2011-02-03,38.371867426011946,38.4054215010919,38.28377877835807,38.367671966552734,1240800
2011-02-04,38.46413998122506,38.5438376992866,38.38863772206084,38.53544998168945,1667600
2011-02-07,38.59419782146958,38.61097646738914,38.501916869011716,38.606781005859375,2260600
2011-02-08,38.64033206609032,38.657110709303964,38.589996136449415,38.648719787597656,2632400
2011-02-09,38.64871898418901,38.64871898418901,38.43060302734375,38.43060302734375,936900
2011-02-10,38.42221731775125,38.55225101754308,38.38027230499877,38.47255325317383,801800
2011-02-11,38.53546142238184,38.56901550292969,38.43478958014303,38.56901550292969,586700
2011-02-14,38.53124682633249,38.598358154296875,38.53124682633249,38.598358154296875,660000
2011-02-15,38.61515766552144,38.61515766552144,38.49351491760471,38.52287673950195,1109100
2011-02-16,38.594173605461904,38.62772767604796,38.53544998168945,38.53544998168945,1378100
2011-02-17,38.59000837675686,38.63195339799595,38.57322972822123,38.623565673828125,658800
2011-02-18,38.66549502673839,38.74519277493691,38.63613320374926,38.740997314453125,870300
2011-02-22,38.66967630919726,38.69064720352995,38.41799997562477,38.42219543457031,1305600
2011-02-23,38.43478756346447,38.518680760928255,38.418008923971705,38.459957122802734,1062700
2011-02-24,38.52706456783522,38.55223412461731,38.46834093567356,38.489315032958984,857300
2011-02-25,38.51030459187175,38.62355965177894,38.497721407481954,38.606781005859375,1907800
2011-02-28,38.64870099009115,38.81228868161152,38.58158965007641,38.799705505371094,4044100
2011-03-01,38.82039596611606,38.82461785242486,38.69798702600643,38.740196228027344,1692100
2011-03-02,38.727525220771554,38.782396849222515,38.70641901425312,38.773956298828125,1271400
2011-03-03,38.795081956061935,38.925931485086394,38.795081956061935,38.91326904296875,1615300
2011-03-04,38.913260962161154,38.921701515034606,38.80351445267076,38.83306121826172,1057200
2011-03-07,38.88791895961523,38.8921408447205,38.799278694533015,38.841487884521484,1086800
2011-03-08,38.833056504320055,38.85838138022215,38.79506919046692,38.80773162841797,971400
2011-03-09,38.816181307986845,38.83728752310545,38.685331791249084,38.697994232177734,1241700
2011-03-10,38.723313969111786,38.74864206796018,38.48271796236506,38.49538040161133,1098400
2011-03-11,38.457380277283406,38.558682977874895,38.436274071997566,38.4869270324707,1023500
2011-03-14,38.44897862359872,38.520737867961955,38.30968846534163,38.33079147338867,1643400
2011-03-15,37.94665267492248,38.195689223681235,37.777812644729636,38.13237380981445,1598300
2011-03-16,38.140783238486584,38.25052964234367,37.87064072157133,37.895965576171875,2882900
2011-03-17,38.08171592765942,38.309649436721145,38.08171592765942,38.30542755126953,1634200
2011-03-18,38.470042712312996,38.60933593834803,38.41938975183986,38.4869270324707,1300400
2011-03-21,38.6177915657076,38.74020051937678,38.584026132564,38.72331619262695,943800
2011-03-22,38.672663130607674,38.76130342320852,38.634672593575445,38.74441909790039,2285400
2011-03-23,38.70221611927271,38.75708777008229,38.6346788071782,38.697994232177734,749400
2011-03-24,38.731773376464844,38.769760709537444,38.68534226691578,38.731773376464844,923100
2011-03-25,38.76552208926872,38.773965862100674,38.73175665900824,38.74441909790039,478500
2011-03-28,38.79083345538644,38.79083345538644,38.70219320101965,38.75706481933594,844000
2011-03-29,38.70643141984413,38.795074939348225,38.697990866744505,38.77819061279297,1010700
2011-03-30,38.81193311490448,38.8583641804103,38.72751475235978,38.83726119995117,1868800
2011-03-31,38.845731769319364,38.845731769319364,38.778197671161855,38.816184997558594,924100
2011-04-01,38.816179456387516,38.87564155802524,38.76945877075195,38.76945877075195,1322400
2011-04-04,38.83741528682983,39.015801582450166,38.799187800373275,39.00730514526367,3254100
2011-04-05,38.92235222062989,39.03703141600084,38.92235222062989,38.96482467651367,1338100
2011-04-06,39.037032756763196,39.06676380094705,39.00729847213856,39.049774169921875,835300
2011-04-07,39.04553641189482,39.10499851619173,39.041288192890285,39.088008880615234,1156700
2011-04-08,39.11349171375915,39.12623637077276,39.0370432143274,39.088008880615234,1168900
2011-04-11,39.109236258289584,39.147460497765636,39.045525952055385,39.049774169921875,1045900
2011-04-12,39.06675194892523,39.06675194892523,38.9138485565271,38.92658996582031,940100
2011-04-13,39.020030091401004,39.113468170166016,39.00304046605109,39.113468170166016,1128100
2011-04-14,39.07526116451909,39.08375436071728,38.922357709422634,38.956336975097656,1538700
2011-04-15,39.01155336385692,39.03279121638182,38.97332911784171,39.00730514526367,658300
2011-04-18,38.94785449542323,38.94785449542323,38.828930263385296,38.871402740478516,1736400
2011-04-19,38.92236021604675,39.015801582450166,38.909618800708344,39.00730514526367,1020800
2011-04-20,39.075233491410785,39.1729230009324,39.037009274927655,39.15593338012695,716400
2011-04-21,39.21117742085887,39.25789810395198,39.121984273256025,39.24940490722656,632000
2011-04-25,39.26639799110174,39.26639799110174,39.202690903703036,39.20693588256836,978700
2011-04-26,39.26638483094184,39.29611587524414,39.21541917810405,39.29611587524414,575400
2011-04-27,39.28336676570158,39.32159423828125,39.27912178909063,39.32159423828125,738800
2011-04-28,39.321592239965625,39.355571493767364,39.308850829899974,39.34282684326172,697600
2011-04-29,39.39803981189486,39.43626403808594,39.36406056165414,39.43626403808594,799000
2011-05-02,39.45038191490414,39.497392706844494,39.40764572056635,39.416194915771484,848700
2011-05-03,39.49738787048368,39.50166246756283,39.36063010901084,39.42473602294922,977700
2011-05-04,39.48027678947572,39.48027678947572,39.36916339481445,39.41189956665039,959400
2011-05-05,39.41192911706737,39.41192911706737,39.22816050588131,39.24952697753906,1300000
2011-05-06,39.364921262599246,39.51022501878153,39.364921262599246,39.45039367675781,968900
2011-05-09,39.48454901470109,39.53583437416227,39.441812845430455,39.501644134521484,620500
2011-05-10,39.45896096719284,39.5871696472168,39.45896096719284,39.5871696472168,723600
2011-05-11,39.61279271512344,39.6298878487243,39.4760349068799,39.52731704711914,595200
2011-05-12,39.518750788075884,39.56576156616211,39.429003828246266,39.56576156616211,1129800
2011-05-13,39.57432942992895,39.57432942992895,39.40338134765625,39.40338134765625,1053400
2011-05-16,39.428999721308145,39.518746671789685,39.428999721308145,39.480281829833984,540400
2011-05-17,39.476038916138634,39.57005726964702,39.3649221667295,39.54869079589844,1674000
2011-05-18,39.52304743474955,39.59997390903042,39.50167770167462,39.595699310302734,813000
2011-05-19,39.604250541219386,39.604250541219386,39.53587325525368,39.578609466552734,715900
2011-05-20,39.578606467597396,39.578606467597396,39.49313405147571,39.54869079589844,538900
2011-05-23,39.42901054629004,39.4674721382438,39.352084101820296,39.36063003540039,1204800
2011-05-24,39.45038842539984,39.476032754684695,39.28798955589052,39.29653549194336,808100
2011-05-25,39.33072575728106,39.33927495389707,39.27516902152967,39.29653549194336,1407900
2011-05-26,39.30507291955119,39.31789345007323,39.26233673095703,39.26233673095703,787900
2011-05-27,39.29652813683387,39.42901457507925,39.27516167041933,39.38200378417969,1225700
2011-05-31,39.488853454589844,39.514494523419025,39.42902212027963,39.488853454589844,1848000
2011-06-01,39.45700549638756,39.51290460518458,39.19470387394745,39.25920486450195,2091600
2011-06-02,39.28503043844806,39.302230932904706,39.21622846062148,39.233428955078125,1177000
2011-06-03,39.113044801837866,39.16464630635248,39.052844686900926,39.078643798828125,1141100
2011-06-06,39.104416557088605,39.134516591746504,38.94531449923532,38.98401641845703,1660100
2011-06-07,39.08723292408419,39.10013247583482,38.93243174175838,38.95392990112305,995500
2011-06-08,38.941018425453606,38.94962031109285,38.76041819492716,38.769020080566406,1642600
2011-06-09,38.79050267828983,38.88940463953244,38.751804050405866,38.794803619384766,1480700
2011-06-10,38.81632377080441,38.8507247577542,38.459424193341036,38.54112243652344,3870000
2011-06-13,38.59270191685011,38.69590153821098,38.394901275634766,38.394901275634766,2015400
2011-06-14,38.687328413701216,38.70882657195293,38.61422877045922,38.63572692871094,1253000
2011-06-15,38.519632547776,38.635731802826975,38.42933239814537,38.47233200073242,1319400
2011-06-16,38.44654988824157,38.57124780666124,37.6811421889894,37.78864288330078,7149900
2011-06-17,38.22288132255883,38.347582308651155,37.9691816920179,38.20568084716797,3486900
2011-06-20,38.24872881822473,38.515331603319474,38.244431154427595,38.47233200073242,1555600
2011-06-21,38.53682778066257,38.73462855007017,38.511025398107535,38.73032760620117,2212000
2011-06-22,38.65721972129104,38.717419799985464,38.44651944586058,38.4508171081543,1667400
2011-06-23,38.37772806012336,38.70022997659499,38.197127774257446,38.657230377197266,2999800
2011-06-24,38.72173428866047,38.72173428866047,38.41213190097867,38.47233200073242,1416400
2011-06-27,38.48952842705192,38.52822708108949,38.425027389663605,38.46372604370117,1137600
2011-06-28,38.571225917633235,38.618526458740234,38.536828208276404,38.618526458740234,1477500
2011-06-29,38.74322368003943,39.022725954578604,38.67872265042905,39.001224517822266,1752700
2011-06-30,39.00120997426137,39.38821272695153,39.00120997426137,39.263511657714844,2514300
2011-07-01,39.550003999324424,39.57596858733383,39.31198427023001,39.47210693359375,1749800
2011-07-05,39.40718916690391,39.52836163734192,39.342277701813686,39.5240364074707,2253200
2011-07-06,39.3769153139251,39.545691809135725,39.346622181495086,39.54136657714844,1969400
2011-07-07,39.632228784292614,39.6971435546875,39.51538153724135,39.6971435546875,2662100
2011-07-08,39.450490624152295,39.60628153189125,39.441833556014295,39.58897399902344,1771000
2011-07-11,39.38558844175055,39.43751766040381,39.18651873293434,39.199501037597656,1967100
2011-07-12,39.17350801629785,39.23409756873061,39.086957172884844,39.091285705566406,1407200
2011-07-13,39.20812735625821,39.411525458126704,39.18216276511001,39.39421463012695,1056800
2011-07-14,39.32495847641571,39.59759647665886,39.298990594224826,39.372562408447266,823300
2011-07-15,39.454815635292796,39.454815635292796,39.333643095672976,39.3596076965332,688800
2011-07-18,39.27305247920866,39.38124270642411,39.16919078555887,39.29036331176758,2103500
2011-07-19,39.28605650931678,39.4808010070499,39.255763361007915,39.46781539916992,894100
2011-07-20,39.558675733857754,39.558675733857754,39.46779303871518,39.50241470336914,878500
2011-07-21,39.576000860832316,39.714484279317254,39.53272541162549,39.692848205566406,936300
2011-07-22,39.640912135609604,39.75343093483529,39.61494752875169,39.744773864746094,670000
2011-07-25,39.61923843633687,39.701460713866496,39.5283557952382,39.532684326171875,1050600
2011-07-26,39.57166901603083,39.65821989998479,39.52406503934478,39.61494445800781,570200
2011-07-27,39.60626450297194,39.63223239451682,39.3033332824707,39.3033332824707,1158100
2011-07-28,39.34661891691088,39.459137671616894,39.30767202203391,39.363929748535156,689700
2011-07-29,39.15621182996612,39.41586773711349,39.12591869582732,39.40288543701172,1199100
2011-08-01,39.529581938509544,39.625369538384646,39.29446782658142,39.490394592285156,907000
2011-08-02,39.398943370972205,39.40329825668594,38.998380252225715,39.00273513793945,1286700
2011-08-03,39.01580092141387,39.168188720723066,38.667483104302946,38.9809684753418,2361600
2011-08-04,38.750205366285535,38.90259314999429,37.840230227992876,37.857643127441406,3396500
2011-08-05,38.07099645916598,38.37141719694608,36.83882598019426,37.81846618652344,4671900
2011-08-08,36.51665017802902,37.3830869667086,35.846140187990315,36.20751953125,6491600
2011-08-09,36.68208549996572,37.31340789794922,36.159612020379754,37.31340789794922,5124100
2011-08-10,37.073963007843396,37.134918170496796,36.52536322215561,36.682106018066406,3395000
2011-08-11,36.42521808943544,37.4048587434359,36.42521808943544,37.3482551574707,2916900
2011-08-12,37.43531610442937,37.535455234772854,37.02168828079638,37.174076080322266,2273600
2011-08-15,37.430959506939374,37.831522653610094,37.30469438687485,37.779273986816406,3280700
2011-08-16,37.67478941416915,37.78363833924039,37.49627890439121,37.539817810058594,2712000
2011-08-17,37.71835029431003,37.95781939770218,37.70528894718091,37.95346450805664,1668900
2011-08-18,37.52243239464092,37.54420352625458,37.05655874566025,37.4919548034668,2342700
2011-08-19,37.12618360744126,37.69655413694343,37.047812261804594,37.16537094116211,1879400
2011-08-22,37.44402978445666,37.600772500461616,37.16102191823629,37.20891571044922,1681100
2011-08-23,37.130543571950476,37.54852303190912,36.87801327682792,37.48756790161133,2588800
2011-08-24,37.22633919642206,37.470159770286145,37.091367567576754,37.317771911621094,2550900
2011-08-25,37.53981845618762,37.64431249594898,37.00863516120843,37.01734161376953,1678800
2011-08-26,37.030393619799376,37.465789178777364,36.70384695056589,37.39176940917969,1629000
2011-08-29,37.64865100460787,37.814100105737495,37.522385905665196,37.77056121826172,2082100
2011-08-30,37.70960904004807,37.86199681895016,37.65736037793688,37.84022903442383,1774500
2011-08-31,38.22339063144886,38.48027251160759,38.127603041625015,38.327884674072266,3213700
2011-09-01,38.33795171496741,38.39053669172428,38.22402261344024,38.30289840698242,1624000
2011-09-02,37.93480848291074,38.36862365552224,37.93480848291074,38.123233795166016,1814600
2011-09-06,37.579865255871646,37.81649260123165,37.47469531803224,37.6718864440918,3004100
2011-09-07,37.94358772118261,38.018083970117026,37.73325441752243,37.85594940185547,916900
2011-09-08,37.930439737666816,38.05751763231246,37.85594683696717,37.97426223754883,1533100
2011-09-09,37.92604535971735,38.03559488029055,37.52290058318656,37.632450103759766,1978400
2011-09-12,37.382724319019275,37.4484547826207,37.16362500247467,37.308231353759766,2110000
2011-09-13,37.39583779985179,37.68505025537884,37.308199485370054,37.5930290222168,2331900
2011-09-14,37.715695636835264,37.93041168607608,37.536036224298826,37.8427734375,1648300
2011-09-15,37.930433084312604,38.10571302353282,37.84717770415274,38.09695053100586,1534000
2011-09-16,38.18898284909727,38.18898284909727,37.9479724447051,38.075050354003906,1217200
2011-09-19,38.00931964154299,38.09257838844112,37.85156798594007,38.01808547973633,1251000
2011-09-20,38.088180673974875,38.158293979535166,37.934811997044754,38.07941818237305,1509100
2011-09-21,38.07943456668779,38.15831039778756,37.74640290835677,37.75078582763672,2524900
2011-09-22,37.32133826675032,37.47470696143561,37.15044124364573,37.23808288574219,2295700
2011-09-23,37.128522549879285,37.51851855010058,37.11537379999612,37.3388557434082,2251300
2011-09-26,37.41775558888363,37.851571004796796,37.25124142499473,37.479103088378906,2451400
2011-09-27,37.70257777342932,37.70257777342932,37.465950317609305,37.52291488647461,3481300
2011-09-28,37.50101891341467,37.5097814101872,37.032146771156896,37.102256774902344,2696800
2011-09-29,37.24684354234648,37.3695384920467,36.96639698783551,37.032127380371094,1643100
2011-09-30,36.799911301749155,36.799911301749155,36.252163179714955,36.295982360839844,2510700
2011-10-03,36.13185899847013,36.370033282832786,35.858402252197266,35.858402252197266,2560600
2011-10-04,35.55405455848539,35.805460092471925,34.35877538005535,35.74812316894531,4870500
2011-10-05,35.91575435380844,36.21567727938474,35.60701165029301,36.1848030090332,2563800
2011-10-06,36.29506666076236,36.74936091205856,36.123052397942295,36.74494934082031,2317200
2011-10-07,36.95226284261167,36.961085988287515,36.46268257396996,36.77583694458008,2686900
2011-10-10,37.21687903440951,37.56973063163118,36.991939422096856,37.5653190612793,2014300
2011-10-11,37.50358999237616,37.50358999237616,37.12868707898997,37.15074157714844,2278800
2011-10-12,37.388912383173626,38.05491851512673,37.23454099233521,38.01522445678711,4223000
2011-10-13,37.86087641135754,37.94026794909062,37.538902049751286,37.856468200683594,3361300
2011-10-14,38.06812685885499,38.13428694780996,37.931398476045445,38.121055603027344,2760400
2011-10-17,37.94023726713375,37.96229176285344,37.81233196009906,37.900543212890625,1904100
2011-10-18,37.89614293834344,38.18724621641784,37.680022949043845,38.10344314575195,2890000
2011-10-19,38.174007320796534,38.46951874892374,37.95788400914178,37.97993850708008,3574500
2011-10-20,38.10783585104169,38.319544162051166,38.0196212505853,38.31513595581055,1759800
2011-10-21,38.5709743001419,38.787097684285015,38.48276300889026,38.77827453613281,2405600
2011-10-24,38.81355636060827,39.907394429572356,38.747396216530106,39.8280029296875,5630300
2011-10-25,39.435437758992535,39.6206833799739,39.104640565078775,39.12228012084961,4506500
2011-10-26,39.47512826426824,39.47512826426824,39.01201088833514,39.28988265991211,2839500
2011-10-27,40.022081590465945,40.322004759255805,39.69569570135651,39.86771011352539,5132100
2011-10-28,39.76628109436146,39.78392067059978,39.62513756407914,39.74863815307617,2820700
2011-10-31,39.54571509265615,39.55012330037066,39.34282312629113,39.378108978271484,2972600
2011-11-01,38.83506279979493,39.09683409467889,38.48899514298923,38.67533874511719,3132800
2011-11-02,38.879417379926466,39.12344110330609,38.80399309633172,39.0435791015625,1812500
2011-11-03,39.34971487703254,39.48281594828585,39.09681911816561,39.4295768737793,1409900
2011-11-04,39.21218453335946,39.42515105059913,39.07464570273907,39.38965606689453,3759500
2011-11-07,39.367461455122296,39.39408099176133,39.052447808288484,39.25654220581055,1756000
2011-11-08,39.37633313302015,39.40739038713404,39.189989608336774,39.34527587890625,1823800
2011-11-09,38.914913790363904,39.03027077157849,38.51116943359375,38.51116943359375,2151500
2011-11-10,38.85279454897856,38.91490905785088,38.54222200461696,38.55109405517578,2487700
2011-11-11,38.7773758394709,39.09238614683485,38.746318580575505,39.06132888793945,1270200
2011-11-14,38.99032649902678,38.99032649902678,38.59989202814178,38.79954528808594,1603100
2011-11-15,38.7374390721562,38.77737176367439,38.55553325631353,38.697509765625,1450000
2011-11-16,38.58658666988034,38.653138892459395,38.31150572954736,38.32038116455078,1788500
2011-11-17,38.38247156419573,38.49782506690127,37.94766691673906,38.134010314941406,2131700
2011-11-18,38.280467151215746,38.29377692522708,38.06306627739125,38.1074333190918,2226100
2011-11-21,38.06306332965827,38.120740140903465,37.63269595001664,37.67706298828125,3219000
2011-11-22,37.66816758610183,37.77464908893221,37.35315740919691,37.388648986816406,4123400
2011-11-23,37.27330551009127,37.35760183783046,36.66102908711157,36.714271545410156,4483000
2011-11-25,36.82075307702046,37.13132900628191,36.616662064356184,36.714271545410156,1476200
2011-11-28,37.5040112615086,37.67704499760915,37.277735073920795,37.53506851196289,2455000
2011-11-29,37.67705511227354,37.77910232543945,37.543954025303144,37.77910232543945,2010300
2011-11-30,38.28931185405877,38.457907831176875,38.18726469357571,38.42241287231445,2944100
2011-12-01,38.3996269426466,38.631809234567285,38.32818414108314,38.59162521362305,2442000
2011-12-02,38.70774902700132,38.84616530753079,38.5916560848827,38.81044387817383,2664700
2011-12-05,39.0426228924554,39.1319230435515,38.89974060675218,39.02922821044922,2719200
2011-12-06,39.01137073392278,39.23015850685885,38.90420645582199,39.203369140625,2355600
2011-12-07,39.105135209387065,39.14978528668189,38.93099752332946,39.07834243774414,1740600
2011-12-08,39.02030556266613,39.07835033422013,38.81937847094724,38.8238410949707,1994200
2011-12-09,38.89079905585669,39.18102958595788,38.8461489912061,39.1587028503418,1355900
2011-12-12,39.01580683563461,39.01580683563461,38.868462014925676,38.94883346557617,1772000
2011-12-13,39.073849025032246,39.16314910925482,38.78808466762421,38.80147933959961,1742400
2011-12-14,38.81491436867677,38.837241116236164,38.6095212361472,38.73454284667969,1317700
2011-12-15,38.99796926657777,39.00243529609084,38.81490293553082,38.872947692871094,1562200
2011-12-16,38.95779042113699,39.073883357897046,38.84616351448617,39.05602264404297,1383900
2011-12-19,39.087264639453224,39.27033093216797,39.00242712938106,39.006893157958984,2268000
2011-12-20,39.26588628966728,39.52485815387922,39.230164857850724,39.49360275268555,1957100
2011-12-21,39.38644441623536,39.60523223876953,39.33732829595046,39.60523223876953,1792300
2011-12-22,39.573975954937175,39.81062789585447,39.498070464034484,39.75704574584961,1885800
2011-12-23,39.734685775275125,39.966871491243644,39.68110707665203,39.94007873535156,1255200
2011-12-27,39.99174653992131,40.11303085506234,39.88843382547538,40.099552154541016,2282000
2011-12-28,40.16243581903546,40.19836873323388,39.87045904355021,39.910884857177734,1899200
2011-12-29,40.02318253401314,40.17591026777281,39.91537693946859,40.148956298828125,1558600
2011-12-30,40.144478130964224,40.2702519311962,40.095066505576085,40.17142868041992,1553400
2012-01-03,40.34661550368562,40.42297768117472,40.18041244643363,40.30169677734375,3118800
2012-01-04,40.29269650131136,40.29718940045529,40.027673712144164,40.23430252075195,3010000
2012-01-05,40.220860929612215,40.23882911415579,39.97380267598898,40.05915069580078,2579700
2012-01-06,40.15348057266371,40.15348057266371,39.86599647786304,39.93337631225586,1916400
2012-01-09,39.93785071102277,40.08159269182429,39.93785071102277,39.98725891113281,2157800
2012-01-10,40.15795025300938,40.193886600848415,40.06810938341181,40.12650680541992,2318000
2012-01-11,40.0995997095893,40.12655371551863,39.99628687262228,40.086124420166016,1191100
2012-01-12,40.0860971659681,40.17593807951253,39.99625967950411,40.032196044921875,1558100
2012-01-13,40.009719987883955,40.03667053832201,39.77614055423616,39.98725891113281,1929400
2012-01-17,40.148966492885236,40.148966492885236,40.00522452130289,40.068111419677734,4144200
2012-01-18,40.07261427318177,40.18491282346882,39.9558228213009,40.180419921875,2725800
2012-01-19,40.301698397742854,40.360092401627206,40.184906962894864,40.23881149291992,2953000
2012-01-20,40.25228676865637,40.31068077254072,40.2208433162449,40.23881149291992,2037500
2012-01-23,40.32416628758607,40.43646485001088,40.274758073032885,40.37807083129883,1680100
2012-01-24,40.378079513873175,40.50385338250153,40.30171729750323,40.48139572143555,2863800
2012-01-25,40.56225290988711,40.87668759749696,40.391556856257985,40.83626174926758,3882800
2012-01-26,41.01144712900028,41.0923022522442,40.840751075995854,40.935081481933594,6487500
2012-01-27,40.88114596991602,40.95750812568071,40.78681564331055,40.78681564331055,2431100
2012-01-30,40.63410553980447,40.75538988884731,40.584693905317344,40.65656661987305,2553000
2012-01-31,40.764376782542826,40.81828132443385,40.66555350261598,40.759883880615234,2864400
2012-02-01,40.78112734145789,40.97988449515931,40.78112734145789,40.83533477783203,4284200
2012-02-02,40.92115652176452,40.93471096481955,40.8398505414558,40.86243438720703,2079600
2012-02-03,41.20575576054461,41.21478861276122,40.916656240879554,40.979896545410156,2312900
2012-02-06,40.943731920935775,40.99793933839955,40.880491657062656,40.9889030456543,2270500
2012-02-07,41.01148738988482,41.10182963284263,40.95727997630874,41.07020950317383,2467000
2012-02-08,41.12443434937561,41.14701819652052,41.02053762423028,41.10636520385742,3336000
2012-02-09,41.13344538142053,41.14699637178733,40.95727561398155,41.124412536621094,3258700
2012-02-10,40.916649825434355,40.93471897337257,40.767581939697266,40.767581939697266,2909600
2012-02-13,40.880499247807975,40.97987780844301,40.80370797689419,40.88501739501953,2193100
2012-02-14,40.86243010529828,40.948257670635186,40.83080996749045,40.88501739501953,3000100
2012-02-15,40.89403693308146,41.00244830651778,40.74496914064688,40.754005432128906,1986600
2012-02-16,40.754045529306225,40.934733627032834,40.650148753053315,40.925697326660156,2514100
2012-02-17,41.034064097038886,41.04310038756584,40.85789434144891,40.91210174560547,2402700
2012-02-21,40.96180383541154,41.147006493206455,40.94825284171144,41.06570053100586,2265100
2012-02-22,41.11989835534088,41.21927688939201,41.09279637199443,41.19668960571289,3570600
2012-02-23,41.22381317917426,41.440636034047024,41.196707737562306,41.34577560424805,3212300
2012-02-24,41.35481143103731,41.490324852211025,41.323191288129735,41.47225570678711,1795500
2012-02-27,41.37287785017902,41.53549671548739,41.37287785017902,41.481292724609375,1608100
2012-02-28,41.51288322553268,41.61226173296341,41.49029594790399,41.56257247924805,2813200
2012-02-29,41.60323596531657,41.6755125149402,41.454168166469515,41.61678695678711,3085800
2012-03-01,41.64270489665169,41.72903220441791,41.57454920464705,41.688140869140625,3802800
2012-03-02,41.679036985971294,41.679036985971294,41.50183087699265,41.515464782714844,1709000
2012-03-05,41.551830929687604,41.56546484179651,41.279211618733875,41.283756256103516,2333700
2012-03-06,41.138345123342596,41.22921704069632,40.73395919799805,40.73395919799805,5792700
2012-03-07,40.8611913268724,40.89754148937805,40.729424587696165,40.84756088256836,5840700
2012-03-08,41.006598857965514,41.174715802070054,40.911182257217476,41.165626525878906,2249700
2012-03-09,41.206514584806804,41.32010625278429,41.179250227243244,41.211055755615234,2531300
2012-03-12,41.174709056434814,41.22014503031729,41.12018380785028,41.211055755615234,2153000
2012-03-13,41.338271063200615,41.510929107666016,41.23830986557369,41.510929107666016,2890700
2012-03-14,41.488211599706,41.506386679017716,41.19741726380232,41.40642547607422,2928800
2012-03-15,41.43822198092033,41.43822198092033,41.22921381413042,41.26556396484375,1726800
2012-03-16,41.30646387044455,41.34735519515914,41.02930000335148,41.11562728881836,3570300
2012-03-19,41.115639869097016,41.28375678851552,41.04294300295838,41.27012634277344,2283900
2012-03-20,41.23833465576172,41.311031546301514,41.17017893763178,41.23833465576172,2756600
2012-03-21,41.315537366260955,41.315537366260955,41.09743996647252,41.106529235839844,3280100
2012-03-22,41.09743532743602,41.24737705620651,41.088349525634854,41.206485748291016,3500900
2012-03-23,41.19285179413624,41.2337430985593,41.074715581569805,41.12015151977539,3465200
2012-03-26,41.17470126989223,41.37462021047699,41.15198155397621,41.370079040527344,2081200
2012-03-27,41.35189237710255,41.48820023478857,41.32008686365504,41.44276428222656,4196700
2012-03-28,41.46095960046513,41.46095960046513,41.24286206852089,41.30647659301758,2803700
2012-03-29,41.26556787562688,41.324634276227954,41.16560668496236,41.301918029785156,2158600
2012-03-30,41.33374167555227,41.37917765490597,41.16108010084795,41.220149993896484,4020300
2012-04-02,41.30469792845673,41.354980597246325,41.231558232947286,41.290985107421875,5883800
2012-04-03,41.28184306293912,41.37783630270126,41.24984531635173,41.254417419433594,4099700
2012-04-04,41.12642605847,41.18584944802163,41.04414564121009,41.10356903076172,2297600
2012-04-05,41.08071778750291,41.09443060989749,40.95272330766986,41.00300598144531,3658900
2012-04-09,40.925333597776564,40.94361853952227,40.74705977512593,40.79277038574219,2692500
2012-04-10,40.8064308241361,40.87957049720656,40.55502104481243,40.591590881347656,4471100
2012-04-11,40.792729376742905,40.86129696748419,40.71502106806596,40.83843994140625,2003700
2012-04-12,40.875021782032036,41.23614127757257,40.838451924573704,41.20414352416992,2753500
2012-04-13,41.19043309409159,41.23157157050362,41.0441571432481,41.07158279418945,2767400
2012-04-16,41.15841610546378,41.21783948389937,41.00756812079021,41.13555908203125,3804300
2012-04-17,41.25898005492124,41.364113989229466,41.20869739503747,41.3138313293457,2787400
2012-04-18,41.249853884295966,41.35041924802825,41.22700033912543,41.30013656616211,3322600
2012-04-19,41.28641905266601,41.36412737490889,41.176712980823524,41.2224235534668,2597800
2012-04-20,41.35041441378043,41.35041441378043,41.19042566631666,41.28641891479492,2241500
2012-04-23,41.149264161864,41.213263117939924,41.071555876795955,41.199546813964844,2850700
2012-04-24,41.24531022222866,41.295589447021484,41.185883296344656,41.295589447021484,2049300
2012-04-25,41.40068951291179,41.59724807739258,41.35040684612653,41.59724807739258,3351000
2012-04-26,41.59725392060067,41.6612494168637,41.57896899488367,41.62467956542969,2641100
2012-04-27,41.66124286055944,41.66581496314242,41.55153681101503,41.606388092041016,2413000
2012-04-30,41.610981838678256,41.697834395469215,41.50584783703111,41.688690185546875,3989000
2012-05-01,41.76178258125186,41.9088795312328,41.70662341692646,41.72041320800781,3624600
2012-05-02,41.674425214852654,41.91345632381016,41.646842139424585,41.88127899169922,2040700
2012-05-03,41.92264765023207,41.94563296153059,41.80772810787172,41.85369873046875,1871900
2012-05-04,41.803150549998264,41.867505238861966,41.738795861134555,41.770973205566406,2381400
2012-05-07,41.7571778042815,41.94104983765302,41.651453752363324,41.83992004394531,1906100
2012-05-08,41.780142677939565,41.86288487711239,41.70199824179456,41.83070755004883,1688900
2012-05-09,41.72499744558345,41.76637031595859,41.57330627305349,41.68362808227539,3146800
2012-05-10,41.821540663507506,41.84452247832622,41.61008552194186,41.63766860961914,3354000
2012-05-11,41.619243290165564,41.899647128829734,41.591663734580415,41.74335479736328,2765200
2012-05-14,41.600890215940474,41.633067559802704,41.37105104347672,41.43540573120117,4544000
2012-05-15,41.417014877521545,41.45378998388264,41.2331428527832,41.2331428527832,5242100
2012-05-16,41.283701383748266,41.394026685825914,40.814831124651484,40.82862091064453,6224400
2012-05-17,40.82861600386179,40.83321376766246,40.162084042479655,40.26321029663086,8867800
2012-05-18,40.45627779853057,40.58498712841958,40.21264892308836,40.26321029663086,6525600
2012-05-21,40.30919547371651,40.709113392105465,40.30459770825586,40.68153381347656,4276900
2012-05-22,40.80102926643538,40.961915900528794,40.626349343363444,40.67691421508789,3675300
2012-05-23,40.58497514286902,40.76424930042351,40.42868278339847,40.63554000854492,4320900
2012-05-24,40.56660422950793,40.750476224879364,40.56660422950793,40.64474868774414,2183000
2012-05-25,40.713702590406974,40.74587992772562,40.49305548660289,40.51604080200195,1651500
2012-05-29,40.69528477445608,41.02625343048775,40.65850969999386,40.96189880371094,4380300
2012-05-30,40.787271705124844,40.82404331691914,40.695333907968205,40.778076171875,2543300
2012-05-31,40.81941867769896,40.81941867769896,40.33675524628464,40.345947265625,10706100
2012-06-01,40.046225130475534,40.31449590214665,39.94446700819635,39.99534606933594,5945600
2012-06-04,40.02772903442383,40.17111357504609,39.976849966037044,40.02772903442383,3125700
2012-06-05,40.02772794482503,40.416255152267,39.986098013251976,40.28211975097656,2970100
2012-06-06,40.467129998886506,40.72152530736422,40.38387367328081,40.71227264404297,2334800
2012-06-07,40.93430627041252,41.045313570523106,40.721540808176215,40.864925384521484,5454300
2012-06-08,40.85567357558758,41.119318101650926,40.79091902735154,41.022186279296875,3738100
2012-06-11,41.119312698216795,41.160939104244946,40.749283732186,40.753910064697266,5266700
2012-06-12,40.89266526000728,41.08230251630483,40.82328439888098,41.04067611694336,3648400
2012-06-13,40.98056890738585,41.12857985287042,40.823308821684435,40.920440673828125,3527200
2012-06-14,40.92966720686232,41.27656799956439,40.9019162726805,41.22568893432617,3874100
2012-06-15,41.16557388058994,41.34133573463487,41.16557388058994,41.29970932006836,2683200
2012-06-18,41.20720268611389,41.322836327319315,41.1655762691321,41.3135871887207,3628200
2012-06-19,41.48472022543589,41.678983867532175,41.322830328164166,41.604976654052734,2809100
2012-06-20,41.711355559232445,41.785359233950246,41.54484288004527,41.76686096191406,3719000
2012-06-21,41.81311420077036,41.95187241585062,41.35982889558292,41.424583435058594,4843700
2012-06-22,41.567986881318724,41.75762423737112,41.55873421291087,41.70674514770508,3211700
2012-06-25,41.54019823372048,41.65120899014225,41.475443723569185,41.6419563293457,3385600
2012-06-26,41.67898760368092,41.683613937152636,41.47084847261398,41.58185577392578,2357900
2012-06-27,41.65584250681833,41.84085695292308,41.65584250681833,41.831607818603516,1918000
2012-06-28,41.715973337078744,41.85473152204146,41.66509427726866,41.82698059082031,3068700
2012-06-29,42.08136223417891,42.22474670410156,41.98885327869993,42.22474670410156,3394900
2012-07-02,42.23780462757118,42.27036666870117,42.05173430011565,42.27036666870117,3810700
2012-07-03,42.30756136229019,42.45176767293917,42.25174277016341,42.42385482788086,1987500
2012-07-05,42.33082267056916,42.52154566304209,42.200574553268154,42.42850875854492,2221300
2012-07-06,42.20988194042474,42.3912994914656,42.19127455711344,42.3726921081543,2612400
2012-07-09,42.32617901200992,42.44247250581619,42.279662324286576,42.386653900146484,1916600
2012-07-10,42.423885110987726,42.489009214285936,42.14478130413862,42.20060348510742,1832600
2012-07-11,42.26567627919243,42.368015045567105,42.163337512817755,42.335453033447266,3188700
2012-07-12,42.29825377426076,42.312208420421086,42.07962152043043,42.242431640625,1989100
2012-07-13,42.288964206746655,42.3912994914656,42.21918740657813,42.3726921081543,2316400
2012-07-16,42.186612824290954,42.344770211898656,42.172658178207264,42.209869384765625,2178900
2012-07-17,42.33081434436663,42.419198499005574,42.18661160700356,42.40989303588867,4036500
2012-07-18,42.39127900722408,42.58665466308594,42.37267163290419,42.58665466308594,3958600
2012-07-19,42.56804252154889,42.744807234301135,42.55408787962021,42.69363784790039,4718200
2012-07-20,42.56806661603385,42.614583298456736,42.437818485651626,42.49363708496094,2733500
2012-07-23,42.25639195351069,42.46572232097086,42.13544930457273,42.42385482788086,4561700
2012-07-24,42.38664945665909,42.40525683959694,42.13080237750802,42.16336441040039,3447700
2012-07-25,42.27965552662577,42.298262908522595,42.07032869102806,42.07497787475586,2891000
2012-07-26,42.279664610486506,42.526206262847786,42.251755306142506,42.507598876953125,4330900
2012-07-27,42.5029720599294,42.76812123772329,42.5029720599294,42.75881576538086,5556800
2012-07-30,42.749513842036265,42.77277042489667,42.63322028074074,42.75881576538086,3889700
2012-07-31,42.77273802275891,42.79134540435006,42.582018572191075,42.65644454956055,3530800
2012-08-01,42.75700443229014,42.88797378540039,42.63538850355324,42.88797378540039,3598100
2012-08-02,42.780404743408944,42.8412109447256,42.635403418689265,42.71492004394531,4516600
2012-08-03,42.84587253248738,42.98619887232464,42.831840612233066,42.89264678955078,4602000
2012-08-06,42.86927200331207,43.02830523022421,42.864593505859375,42.864593505859375,2864400
2012-08-07,42.94882018567831,42.98624105550964,42.73365553712401,42.78042984008789,3680600
2012-08-08,42.83653146754655,42.89733766240781,42.78975719698804,42.80846405029297,3162100
2012-08-09,42.8552440274945,42.873954450380964,42.74298149017572,42.81314468383789,2975600
2012-08-10,42.76171345977254,42.83655518902953,42.71026066307087,42.7757453918457,1533600
2012-08-13,42.75702988367803,42.79912567138672,42.68218816955233,42.79912567138672,2007800
2012-08-14,42.799108816113446,42.934756693058006,42.7850768924033,42.864593505859375,2381000
2012-08-15,42.906693365912005,42.906693365912005,42.658782958984375,42.658782958984375,2580400
2012-08-16,42.72426558555915,42.836528108474106,42.602653205373,42.81781768798828,2914300
2012-08-17,42.79442877021904,42.86927045216235,42.747654503328384,42.81781768798828,2222000
2012-08-20,42.827178608479294,42.89266330731532,42.75701898018958,42.86927795410156,2333200
2012-08-21,42.90670188318089,42.96750808828188,42.89266638786648,42.96282958984375,2531200
2012-08-22,42.92071533203125,42.972168086753726,42.883294497933605,42.92071533203125,1889100
2012-08-23,42.92542032767054,42.96284118798028,42.85058217570071,42.9113883972168,1141700
2012-08-24,42.92540218703353,43.10782791178646,42.8879849111863,43.1031494140625,2082100
2012-08-27,43.089125922735775,43.13590020318536,42.99557379318775,43.07041549682617,1883600
2012-08-28,43.06570131042162,43.103122131230876,43.00957007920775,43.032958984375,1795700
2012-08-29,43.09379577636719,43.112506200072744,43.032989575810454,43.09379577636719,1617600
2012-08-30,43.07040212834504,43.11717639427651,43.03298128814076,43.075077056884766,2022400
2012-08-31,43.149941810684254,43.22010503142343,43.0751000902559,43.18736267089844,1801800
2012-09-04,43.20992731776987,43.20992731776987,43.06412018551087,43.18640899658203,3921500
2012-09-05,43.22875566818734,43.23345646327841,43.158204269496146,43.19112777709961,1541000
2012-09-06,43.20524458999042,43.44981874631942,43.20524458999042,43.44511795043945,3306000
2012-09-07,43.50623422464143,43.55326727369245,43.445091619714276,43.52034378051758,3403300
2012-09-10,43.496839046934575,43.60501472577444,43.42158328044384,43.44980239868164,2138600
2012-09-11,43.473285754396116,43.7460823059082,43.473285754396116,43.7460823059082,4400300
2012-09-12,43.802521392113846,43.8871822688515,43.77900667481372,43.877777099609375,1957400
2012-09-13,43.89660813063167,44.16940479401269,43.86368464287127,44.159996032714844,5946800
2012-09-14,44.16470508797731,44.23055207046768,44.07533978814406,44.155296325683594,3467200
2012-09-17,44.10829752922855,44.20236728325328,44.070669627618656,44.117706298828125,3075500
2012-09-18,44.131789074612094,44.174117746931934,44.03301858414045,44.13648986816406,4099400
2012-09-19,44.18353011767907,44.18353011767907,44.080055236816406,44.080055236816406,3306500
2012-09-20,44.03771392981916,44.04241831118118,43.86839208470244,43.87309646606445,2122200
2012-09-21,43.962431786121726,43.962431786121726,43.75548220803865,43.81192398071289,3121700
2012-09-24,43.750796413305345,43.79783303804088,43.71317213726385,43.75550079345703,1867200
2012-09-25,43.764928964795025,43.78844369920161,43.332215508685344,43.36513900756836,5726800
2012-09-26,43.355742063916075,43.365147241786126,43.02650701257042,43.1487922668457,6554200
2012-09-27,43.355725978760645,43.61911392211914,43.27106505576805,43.61911392211914,3882600
2012-09-28,43.58149992551178,43.586200719616144,43.40747365705396,43.41217803955078,3668200
2012-10-01,43.62728913505482,43.62728913505482,43.31049922609225,43.338871002197266,5386700
2012-10-02,43.42397403242223,43.48544320577202,43.32941106820912,43.44761657714844,3151900
2012-10-03,43.48548002688216,43.66515125396111,43.45711183506677,43.55640411376953,3201000
2012-10-04,43.60839024652677,43.76914805250607,43.584747695131284,43.740779876708984,1847200
2012-10-05,43.86844698542427,43.873176217896145,43.63203586469459,43.71714401245117,2513500
2012-10-08,43.6226146895217,43.688809565849404,43.58951725135784,43.65571212768555,1143300
2012-10-09,43.74076147971649,43.74076147971649,43.523263806273825,43.532718658447266,5777300
2012-10-10,43.570562843389666,43.59893101868942,43.405075808563076,43.428714752197266,5431800
2012-10-11,43.59420656186991,43.67458907960148,43.556383526443106,43.665130615234375,2811000
2012-10-12,43.70768246916343,43.85898541899266,43.64621327847392,43.740779876708984,3696800
2012-10-15,43.85896363571114,43.9582558090327,43.773855543243364,43.9393424987793,2378500
2012-10-16,44.00085496812111,44.128519046618926,43.94411858421002,44.10014724731445,3536300
2012-10-17,44.161609532848736,44.23725923529119,44.11432801790365,44.19943618774414,2971500
2012-10-18,44.13793554854821,44.22304365779761,44.11429661157913,44.17576217651367,1676300
2012-10-19,44.14741874692952,44.17105769714452,43.9157332263269,43.95355987548828,2041200
2012-10-22,43.97244847512631,44.06228581453367,43.93462184723418,43.96299362182617,3021700
2012-10-23,43.83061709399476,43.88262782529087,43.73605409564574,43.79751968383789,3916900
2012-10-24,43.89683136007792,43.911019062727696,43.73607347020134,43.75971603393555,4332900
2012-10-25,43.93462598605236,43.95353930178013,43.78332306757628,43.830604553222656,2005600
2012-10-26,43.84480237737985,43.873170553853896,43.632030231783645,43.72659683227539,4591800
2012-10-31,43.72659929078408,43.81643305711841,43.70768596962234,43.77860641479492,2914100
2012-11-01,43.58476185515471,43.79753045745185,43.52802187777972,43.75497817993164,2092300
2012-11-02,43.811713716899845,43.854265990107294,43.68404968258214,43.69350814819336,2829300
2012-11-05,43.68875338495552,43.77858711167982,43.5516345725025,43.62255859375,3361700
2012-11-06,43.702973462138395,43.74552574552623,43.62732014853974,43.68878936767578,1409000
2012-11-07,43.61784433800486,43.627299193989174,43.405075808563076,43.428714752197266,3698200
2012-11-08,43.480712758395384,43.57527932730757,43.26321506091598,43.28685760498047,5829400
2012-11-09,43.159212868056656,43.34834248280059,43.14502877823665,43.21122360229492,3953900
2012-11-12,43.25851551081167,43.29634216432986,43.178136577596696,43.22541809082031,2066000
2012-11-13,43.15923039055446,43.20651191159974,43.05993811415473,43.12613296508789,4347400
2012-11-14,43.24431080503753,43.26322412278152,42.85659680965181,42.88969421386719,5017500
2012-11-15,42.81402936027911,42.98897117448723,42.59652808706349,42.870765686035156,6989700
2012-11-16,42.9133763714851,43.02685277534013,42.80462559591789,42.99375534057617,4730200
2012-11-19,43.135569818030156,43.55638127695319,43.12611135415154,43.53746795654297,9498500
2012-11-20,43.53745348464452,43.58473496628014,43.423973599904066,43.542179107666016,4010400
2012-11-21,43.49964314388743,43.60839383897991,43.48545905482041,43.528011322021484,2984700
2012-11-23,43.617870146420444,43.70770756448831,43.55167529332273,43.67461013793945,1041100
2012-11-26,43.64619818457834,43.684024810791016,43.504353747299234,43.684024810791016,2160700
2012-11-27,43.62257537540795,43.76914909698645,43.62257537540795,43.72659683227539,4194100
2012-11-28,43.69347452345505,43.84950301249014,43.61309205700952,43.736026763916016,6528000
2012-11-29,43.844804426392194,43.948822280773776,43.78333523136317,43.92991256713867,3870500
2012-11-30,43.92518495432791,44.04339050931408,43.911000864905134,43.99610900878906,3276200
2012-12-03,44.138217310510186,44.21902084350586,44.04315475715103,44.21902084350586,5444400
2012-12-04,44.20000760755324,44.28556535613806,44.13346309492104,44.21902084350586,3121100
2012-12-05,44.33308695776082,44.342595386864026,44.13345346343135,44.29030990600586,4580900
2012-12-06,44.27605409867862,44.39012987136527,44.27605409867862,44.371116638183594,2261500
2012-12-07,44.418679430302404,44.442446895247286,44.28083973812127,44.304603576660156,2294400
2012-12-10,44.44241471438595,44.44241471438595,44.28555826270424,44.34259796142578,2140700
2012-12-11,44.45668233655718,44.54224008799655,44.37112458511782,44.38538360595703,3206300
2012-12-12,44.466211948123295,44.585042013589785,44.413926429205574,44.518497467041016,3305600
2012-12-13,44.48995285092119,44.585019030131505,44.347359021711625,44.36161804199219,4898700
2012-12-14,44.37589280449525,44.442437340346984,44.32836151123047,44.32836151123047,2741400
2012-12-17,44.356849459469565,44.53746970186127,44.356849459469565,44.499446868896484,2195600
2012-12-18,44.57074369573405,44.58975692616372,44.48043538419675,44.52321243286133,3409800
2012-12-19,44.55650010121198,44.55650010121198,44.4756965637207,44.4756965637207,2566400
2012-12-20,44.48994422851683,44.63729587113425,44.485190013876725,44.63254165649414,3191200
2012-12-21,44.413899282483776,44.527975060212434,44.413899282483776,44.504207611083984,3187900
2012-12-24,44.40914246339923,44.46618216212077,44.29506669235952,44.34259796142578,1221400
2012-12-26,44.44535800036863,44.51226469921549,44.34499795209834,44.450138092041016,2257200
2012-12-27,44.469252375907665,44.54093551635742,44.39278549790602,44.54093551635742,2332600
2012-12-28,44.45016282072523,44.56007946734791,44.3784759903249,44.421485900878906,2426100
2012-12-31,44.43099894953953,44.63649903404757,44.41188223863881,44.61260223388672,2918500
2013-01-02,44.956724787894046,45.0331916809082,44.82769146361032,45.0331916809082,3975200
2013-01-03,44.961506625464146,45.06186669183419,44.86592300548628,44.89459991455078,3950700
2013-01-04,44.91374896566954,44.961538986984685,44.842062110624376,44.92330551147461,2968000
2013-01-07,44.932821356768805,44.966274706001585,44.84202149236076,44.96149826049805,4137300
2013-01-08,44.97105706872928,44.980617252502356,44.88981373736704,44.92804718017578,2179100
2013-01-09,45.03797703649153,45.03797703649153,44.92806041371774,45.01408386230469,2183900
2013-01-10,45.08099292805104,45.10488610348032,45.01886265042018,45.09054946899414,1684300
2013-01-11,45.06663551669808,45.17177200317383,45.02362198692682,45.17177200317383,1982600
2013-01-14,45.13833055090688,45.14789073610484,45.02841394412664,45.109657287597656,2182400
2013-01-15,45.02841339139097,45.123993365343324,45.00451657483173,45.11921691894531,2136000
2013-01-16,45.05705360094189,45.114403730927194,45.00448355999026,45.04271697998047,3272700
2013-01-17,45.12398738119104,45.214790896703406,45.071417308646176,45.205230712890625,6058900
2013-01-18,45.181352493977926,45.26737594604492,45.1526792253366,45.26737594604492,2836800
2013-01-22,45.233897725880546,45.33903784797693,45.18132766483235,45.296024322509766,2295200
2013-01-23,45.26259359453066,45.3008270482404,45.23392032731976,45.24347686767578,2227900
2013-01-24,45.291256218983285,45.36772310843423,45.25302642039979,45.34382629394531,3175400
2013-01-25,45.38682555187759,45.38682555187759,45.29602206075732,45.32947540283203,2525100
2013-01-28,45.29123605446892,45.32468939217416,45.25300627290604,45.30557632446289,2331000
2013-01-29,45.2625907790337,45.28170750469945,45.181347429561235,45.2291374206543,1514300
2013-01-30,45.1383292156313,45.16700612423454,44.87070237628258,44.90415573120117,6595600
2013-01-31,44.88982085059097,44.97584428747099,44.741670793908526,44.76556396484375,5963700
2013-02-01,44.94287026493253,45.04857356002995,44.90443203659324,44.91404342651367,5713000
2013-02-04,44.82274196935896,44.8755936032519,44.688211870602466,44.726646423339844,3878000
2013-02-05,44.79871085873685,44.87558728472787,44.779491752239096,44.82754135131836,2590900
2013-02-06,44.76028823852539,44.822747602034106,44.712238626642524,44.76028823852539,2850500
2013-02-07,44.736264601957764,44.74587232518304,44.59212309388285,44.673805236816406,4071400
2013-02-08,44.64495336520173,44.731437495514385,44.64015133872313,44.68339157104492,3220400
2013-02-11,44.63053150771934,44.72182131290229,44.61611809967327,44.6785774230957,3146100
2013-02-12,44.644973742342366,44.856380305302395,44.640171713672,44.83235549926758,3490600
2013-02-13,44.88519519854256,44.91402569124829,44.76507853166635,44.89960861206055,3672200
2013-02-14,44.803525170548525,44.94766666417504,44.803525170548525,44.880401611328125,2731800
2013-02-15,44.90442342566971,45.000518978090525,44.808331538919404,44.88520431518555,2483000
2013-02-19,44.92363821511498,44.96687846029234,44.88039796993761,44.928443908691406,3074300
2013-02-20,44.9620807571222,45.02934581098152,44.87559659277872,44.88520431518555,3830300
2013-02-21,44.88519686245395,44.96687531919688,44.827543206244776,44.93324279785156,7185300
2013-02-22,44.98610487176478,45.04376220703125,44.92845120216906,45.04376220703125,3367000
2013-02-25,45.05816432041642,45.130235055000995,44.899609437464306,44.904415130615234,5259300
2013-02-26,44.990927596131705,45.125457763671875,44.9092490895069,45.125457763671875,4075600
2013-02-27,45.091799699328085,45.23594117763382,45.04375376178286,45.202308654785156,3681600
2013-02-28,45.19748454529833,45.22631136294576,45.13502521850604,45.18307113647461,3822000
2013-03-01,45.161834798828565,45.40336777471244,45.15700679287141,45.27294158935547,4833200
2013-03-04,45.23912102594095,45.31158164604502,45.21979794821319,45.277767181396484,2222500
2013-03-05,45.30677060398357,45.417873744678644,45.30677060398357,45.36956787109375,3733400
2013-03-06,45.42267357973948,45.43716496310099,45.33088990445085,45.340553283691406,2118000
2013-03-07,45.3840712272733,45.408226013183594,45.359920126865894,45.408226013183594,2124900
2013-03-08,45.490309370226086,45.49997275092767,45.36954290995544,45.461326599121094,2464100
2013-03-11,45.4468453621772,45.480659831184,45.40819920174065,45.43235397338867,2782800
2013-03-12,45.40335389298796,45.45649142627608,45.38886250854567,45.41301727294922,1526200
2013-03-13,45.45648290956099,45.49029736209073,45.384022315426144,45.42266845703125,1431200
2013-03-14,45.49032446886563,45.59659957885742,45.44201860582421,45.59659957885742,2954100
2013-03-15,45.528961487238874,45.60142210999503,45.50480671782003,45.591758728027344,2024300
2013-03-18,45.40817906641267,45.63038886213735,45.40817906641267,45.60140609741211,3000600
2013-03-19,45.62555988417904,45.664206029775315,45.509625132889504,45.52411651611328,3742800
2013-03-20,45.56761025073736,45.69803643075898,45.562778559477124,45.673885345458984,2553200
2013-03-21,45.58693072254387,45.67871073823466,45.514470099787715,45.591758728027344,3532400
2013-03-22,45.59178644078584,45.630432621146745,45.52898916182633,45.5579719543457,2201500
2013-03-25,45.55310776883531,45.62073668800646,45.4806471595806,45.49030685424805,2131700
2013-03-26,45.59658823994417,45.601419930697105,45.52895931140385,45.57243347167969,1169400
2013-03-27,45.49997558103219,45.5482814310451,45.49031219972954,45.49514389038086,2195100
2013-03-28,45.52415582129749,45.59178479173163,45.4855133278369,45.577293395996094,1959100
2013-04-01,45.56174521879853,45.68799272223645,45.47434110621531,45.65885925292969,3823000
2013-04-02,45.620002044172416,45.73168649286119,45.60543531274825,45.62485885620117,2528700
2013-04-03,45.63942558762534,45.66856275513578,45.537454762994074,45.62485885620117,2773100
2013-04-04,45.60542608690297,45.717110512998325,45.5811494409945,45.61028289794922,3040600
2013-04-05,45.532616355552456,45.65401077270508,45.488916143616045,45.65401077270508,2243800
2013-04-08,45.67826862738247,45.71711571084642,45.61999800218655,45.70254898071289,2346800
2013-04-09,45.74137036119316,45.84819793701172,45.702527001071864,45.84819793701172,2985400
2013-04-10,45.81423909446202,46.01332765947812,45.81423909446202,45.99390411376953,2932600
2013-04-11,46.00847084688534,46.02789439259392,45.955057022352364,45.99390411376953,2676200
2013-04-12,45.95503956489854,46.03758682430498,45.91133938215201,46.008453369140625,2040900
2013-04-15,46.008470714429784,46.008470714429784,45.70741131380724,45.717124938964844,3910600
2013-04-16,45.84335524952308,46.037583208244506,45.799651365548165,46.03273010253906,4138300
2013-04-17,45.94047636252335,45.96960981992324,45.83850555696232,45.95989990234375,5778600
2013-04-18,45.94046442312122,45.969597872949656,45.867627093889666,45.88705062866211,2476900
2013-04-19,45.93562269249726,45.96475985655098,45.85307542111201,45.86278533935547,2474800
2013-04-22,45.979329559812626,46.07644356717444,45.901635390193654,45.9696159362793,3641900
2013-04-23,46.018149740940686,46.15411446923032,46.018149740940686,46.14925765991211,2217400
2013-04-24,46.173571396358376,46.25612240245523,46.13472800458322,46.231842041015625,3872600
2013-04-25,46.23667603557352,46.38234701833077,46.19782895830711,46.358070373535156,2453100
2013-04-26,46.353213275198776,46.36292689678572,46.29008955352829,46.309513092041016,2679000
2013-04-29,46.31922128463244,46.41633526891963,46.314364474019776,46.396915435791016,1785300
2013-04-30,46.435759672768505,46.54258728027344,46.39691630112579,46.54258728027344,2953100
2013-05-01,46.52207229446162,46.62942401553939,46.44400068457392,46.453758239746094,4812400
2013-05-02,46.60014514244616,46.761172715476754,46.536711730117396,46.75141143798828,3368200
2013-05-03,46.829519008803786,46.90759066828124,46.77584311417092,46.82463836669922,2407400
2013-05-06,46.80512853568127,46.873442646945854,46.78560968634284,46.85392379760742,1458700
2013-05-07,46.90271539623104,46.9173536002197,46.80512116490782,46.819759368896484,2590900
2013-05-08,46.85393211544824,46.990564085073125,46.85393211544824,46.98568344116211,3801200
2013-05-09,46.94176614323964,46.98568449374163,46.84417559987613,46.849056243896484,1644900
2013-05-10,46.86855942376579,46.86855942376579,46.58066108829087,46.60506057739258,4654400
2013-05-13,46.55625031704865,46.600164915870934,46.409860875298094,46.41474151611328,2710000
2013-05-14,46.453796910886616,46.58066757076083,46.40988229179931,46.463558197021484,4473900
2013-05-15,46.46354510903978,46.5220979179962,46.4001079355519,46.46842575073242,3179800
2013-05-16,46.497694234442484,46.6684794362039,46.44401835348344,46.58064651489258,6036800
2013-05-17,46.648960595597146,46.663598795342665,46.5220899930723,46.58064651489258,4313300
2013-05-20,46.580671743971685,46.66850471285521,46.53187647744533,46.62946701049805,2086200
2013-05-21,46.62945602276064,46.73680781752644,46.619698460890724,46.717288970947266,4666500
2013-05-22,46.70752313844996,46.78559478810297,46.404986654302704,46.429386138916016,5243800
2013-05-23,46.35620428413541,46.365961846987865,46.2049378614643,46.302528381347656,3294400
2013-05-24,46.23419855992861,46.25371740183964,46.19516087610655,46.21467971801758,3420400
2013-05-28,46.37082027213054,46.37082027213054,46.01948861234088,46.043888092041016,3486700
2013-05-29,45.88778548941014,45.995137347393445,45.64868599298284,45.8585090637207,10958100
2013-05-30,45.86823102879758,46.04389689226688,45.716964649691825,45.9511833190918,5462100
2013-05-31,45.853603249274705,45.9219173536132,45.33148618163647,45.341243743896484,6809400
2013-06-03,45.31131034779657,45.379978414277026,45.02682996186136,45.3015022277832,14320900
2013-06-04,45.37017029426366,45.6399403712433,45.21812011021821,45.3015022277832,7927000
2013-06-05,45.21810570702313,45.24262787031005,44.85023957856932,44.909095764160156,10309200
2013-06-06,44.83063207339069,45.41431061492152,44.791392110662734,45.26226043701172,11849800
2013-06-07,45.340761747512076,45.60072007446911,45.223041803805415,45.291709899902344,8879800
2013-06-10,45.29171094031231,45.41433307789227,45.16418661156323,45.19852066040039,7678000
2013-06-11,44.91892623901367,45.24264662030664,44.77668416133987,44.91892623901367,9065200
2013-06-12,45.09060230785898,45.18379630866971,44.94345427943464,44.95326614379883,9193300
2013-06-13,44.95327767430515,45.52714839652413,44.95327767430515,45.46828842163086,7526400
2013-06-14,45.507529441230155,45.586009409541724,45.39471916444584,45.52224349975586,3909200
2013-06-17,45.581103781852406,45.83615619631478,45.51734161376953,45.51734161376953,3830700
2013-06-18,45.49771197025527,45.669382188009294,45.49771197025527,45.63014221191406,3609700
2013-06-19,45.59087201887621,45.74782807709894,44.93852562377628,44.948333740234375,7971700
2013-06-20,44.6785977247079,44.91893979510128,44.28130321890768,44.506927490234375,11094000
2013-06-21,44.63933806019283,44.688386138283335,44.2028038035689,44.2175178527832,9245400
2013-06-24,43.87417870954823,44.14394878229158,43.29540234249526,43.67308044433594,12116100
2013-06-25,43.89868438771214,44.29597854614258,43.89868438771214,44.29597854614258,6233300
2013-06-26,44.48730704354559,44.72274317849963,44.423544883433024,44.663883209228516,5527200
2013-06-27,44.83062874014894,45.09549285567625,44.83062874014894,44.879676818847656,5578600
2013-06-28,44.78159238348603,44.791400504941734,44.37448611367827,44.575584411621094,6112000
2013-07-01,44.65941778018376,44.86651586737646,44.62490143231831,44.81720733642578,5213400
2013-07-02,44.76789503663276,44.89610021591121,44.5509330043153,44.67913818359375,3799800
2013-07-03,44.5213343879058,44.80239703888545,44.5164024082049,44.78267288208008,1679600
2013-07-05,44.570668208083035,44.59532435859015,44.19591653997713,44.30439758300781,3312600
2013-07-08,44.422747142507006,44.91584014892578,44.378370577689836,44.91584014892578,5638400
2013-07-09,44.920762740385996,44.96514305792529,44.80735347934172,44.940486907958984,6127700
2013-07-10,44.9601914473336,45.13770511599329,44.91088293092783,45.11798095703125,6529900
2013-07-11,45.45329673480876,45.69491116557035,45.36453987587597,45.68505096435547,5865400
2013-07-12,45.56672890463546,45.69493038434761,45.48783221373449,45.640689849853516,5788300
2013-07-15,45.69489669086095,45.90199470876874,45.64065619636151,45.83296203613281,6791500
2013-07-16,45.90200444891202,45.90200444891202,45.596289337224334,45.71956253051758,3292100
2013-07-17,45.8724401042481,46.114054615179164,45.85764791651776,46.05488586425781,8660500
2013-07-18,46.10417144214315,46.35071781349151,46.07458708142105,46.33099365234375,6825000
2013-07-19,46.32607450590581,46.33593847021197,46.237317637150895,46.301422119140625,2603100
2013-07-22,46.316171389993,46.35561968666716,46.227414603474465,46.33589553833008,3888200
2013-07-23,46.29648359474212,46.34086390384817,46.18800257470466,46.22251892089844,2483700
2013-07-24,46.12388866681152,46.17319718126597,45.68996847281446,45.83296203613281,5249800
2013-07-25,45.61600287416388,45.798444750061776,45.581486538561705,45.72941207885742,5995400
2013-07-26,45.60123514699049,45.74916076660156,45.55685482770685,45.74916076660156,4213600
2013-07-29,45.66038052283486,45.72448497766057,45.57162369169031,45.65052032470703,3850100
2013-07-30,45.620941297076314,45.79352677569134,45.620941297076314,45.714630126953125,4239400
2013-07-31,45.60612974012473,45.862539977588504,45.50258075414817,45.847747802734375,4076500
2013-08-01,45.7947197290842,45.87895494500659,45.39336058699424,45.41318130493164,4616600
2013-08-02,45.56681617090082,45.71546975992055,45.492489376390964,45.69069290161133,4309400
2013-08-05,45.67584522893073,45.67584522893073,45.43800015442344,45.457820892333984,2231000
2013-08-06,45.551922550078025,45.551922550078025,45.26948393519706,45.41318130493164,3398800
2013-08-07,45.314105984381044,45.35870357266618,45.234826843588685,45.26951217651367,2253300
2013-08-08,45.29923590991235,45.383471168209724,45.27941518200403,45.36860656738281,2857100
2013-08-09,45.30421405612787,45.42313470095928,45.15060806570315,45.37358474731445,1765600
2013-08-12,45.30914263889772,45.44788393691998,45.29923038594365,45.33391571044922,3840800
2013-08-13,45.32896336438902,45.37355716143182,45.23977198988659,45.33391571044922,2290500
2013-08-14,45.30418645007371,45.33391564806133,45.21995120216424,45.24472427368164,4605800
2013-08-15,45.09113901724929,45.135732834643456,44.9672622617074,45.01185607910156,6446100
2013-08-16,45.0762816280942,45.14069619033798,44.80375121010291,44.85825729370117,6922400
2013-08-19,44.87807161539997,44.90780082750543,44.49653286517817,44.56094741821289,6536300
2013-08-20,44.744277196751035,45.02175986723179,44.73436494113795,44.97220993041992,4208300
2013-08-21,44.92760971491262,44.982115776345076,44.77895991316581,44.80868911743164,3098100
2013-08-22,44.87804510799396,45.05147171020508,44.838403661655306,45.05147171020508,4049900
2013-08-23,45.04156931860021,45.26950199518954,45.01679246619004,45.23977279663086,3370400
2013-08-26,45.24968040015185,45.284365724609685,45.15553289930195,45.24472427368164,2365400
2013-08-27,45.11592226999054,45.15555996425946,44.94744789277602,44.9524040222168,3578500
2013-08-28,44.97221884296645,45.13573328880896,44.92266889633482,45.12086868286133,3860600
2013-08-29,45.046544861934436,45.33889218821932,45.00194726445625,45.30420684814453,4012900
2013-08-30,45.324022896479825,45.38348131307861,45.18528155052513,45.26456069946289,2486900
2013-09-03,45.29942536184514,45.41897413053838,44.98560461849349,45.025455474853516,9986800
2013-09-04,45.095178036479254,45.249595304613095,45.08521722579361,45.19480514526367,3507400
2013-09-05,45.11511032503598,45.154961174615295,44.96567153930664,44.96567153930664,3622300
2013-09-06,45.22470406960969,45.37912138107935,45.040396716923524,45.115116119384766,4713800
2013-09-09,45.19482200077536,45.32931389731138,45.18485738598779,45.22969055175781,4227400
2013-09-10,45.2695389131284,45.39406999884932,45.2645604059783,45.38909149169922,5287100
2013-09-11,45.32434431016106,45.45884004483023,45.27951493219673,45.448875427246094,3514200
2013-09-12,45.423955899042596,45.48372838248701,45.37912273607249,45.394065856933594,3594500
2013-09-13,45.448862053859216,45.488712911693405,45.31935246647857,45.35919952392578,2789300
2013-09-16,45.6829957995838,45.7328074877186,45.55348237012276,45.6082763671875,4331300
2013-09-17,45.663053226874446,45.81747434264263,45.63316698528753,45.75769805908203,5978600
2013-09-18,45.74773608496357,46.26578583789062,45.68298129099281,46.196048736572266,7476300
2013-09-19,46.32057691511784,46.32057691511784,46.026685406603804,46.061553955078125,5821100
2013-09-20,46.046602862770904,46.07150679286305,45.96690116554941,46.006752014160156,4033900
2013-09-23,46.00177764892578,46.0565716251277,45.93702285904476,46.00177764892578,6564600
2013-09-24,45.96194841428586,46.03168934439322,45.85734271970762,45.90217590332031,7947700
2013-09-25,45.89716812810649,45.95694440629398,45.80252330440626,45.82244873046875,3535700
2013-09-26,45.88223042188244,45.89219123589565,45.71286618056271,45.797550201416016,4751200
2013-09-27,45.762692439039476,45.79756099688532,45.63317902401728,45.747745513916016,6779700
2013-09-30,45.62318071378266,45.80250567895188,45.57835137268284,45.618202209472656,6248900
2013-10-01,45.63074877358353,45.82596557323243,45.58069005043713,45.81595230102539,5743900
2013-10-02,45.78090267557745,45.83596420288086,45.67578625589191,45.83596420288086,2765700
2013-10-03,45.876006768970775,45.89602948845736,45.765883721266206,45.86599349975586,3169700
2013-10-04,45.8509951427363,45.98614759679035,45.8209629613664,45.946102142333984,2048300
2013-10-07,45.78091760494885,45.931086150009435,45.78091760494885,45.82596969604492,2391700
2013-10-08,45.92606359434933,45.981125120522876,45.79591782167154,45.805931091308594,2944700
2013-10-09,45.94108476055608,45.94108476055608,45.80593615705689,45.845977783203125,2973700
2013-10-10,45.96110640378671,46.10126163936682,45.96110640378671,46.05621337890625,2899500
2013-10-11,46.13130600682237,46.17134763929762,46.056221740146555,46.14131546020508,3293900
2013-10-14,46.05120206350661,46.25643207970853,46.05120206350661,46.21138000488281,1003900
2013-10-15,46.25141160655588,46.25141160655588,46.07621763230354,46.19635009765625,2310100
2013-10-16,46.216427974748704,46.44668373272954,46.21142133552503,46.44167709350586,6949700
2013-10-17,46.426605184289194,46.676883379352745,46.41659573682121,46.666873931884766,7277900
2013-10-18,46.6918967496822,46.80201976014856,46.67688066988078,46.7619743347168,2873800
2013-10-21,46.777008113158445,46.782014747967224,46.656875610351555,46.65687561035156,2471400
2013-10-22,46.74197749626964,46.85710720338112,46.731968043841896,46.79703903198242,5488400
2013-10-23,46.8370704650879,46.847079914520634,46.71193134299255,46.83707046508789,2434200
2013-10-24,46.852092742919915,46.8971448186808,46.782015130797156,46.85209274291992,2284400
2013-10-25,46.87211021094887,46.90214237879513,46.827061959179474,46.867103576660156,2026000
2013-10-28,46.87709744747527,46.902122970677254,46.84205865983936,46.85707473754883,1697900
2013-10-29,46.84708479771995,46.947198397197525,46.83707534724386,46.93218231201172,1864600
2013-10-30,46.9321801684064,46.967218971887334,46.70692744407766,46.741966247558594,3691100
2013-10-31,46.772008740890286,46.82206363583317,46.661885680649725,46.76700210571289,5846500
2013-11-01,46.77707130212526,46.90784698454631,46.67647698483351,46.6865348815918,7882000
2013-11-04,46.81727633940671,46.81727633940671,46.74182873787838,46.7669792175293,2025500
2013-11-05,46.73682931376476,46.73682931376476,46.641265869140625,46.641265869140625,2770300
2013-11-06,46.72173344830216,46.78209232843684,46.68652506091354,46.777061462402344,4936700
2013-11-07,46.827366792092064,46.8474864223189,46.736830374784844,46.807247161865234,4802700
2013-11-08,46.621124291668195,46.75692693190104,46.60603553580068,46.726749420166016,4191100
2013-11-11,46.74688943092986,46.74688943092986,46.54066611098766,46.55072784423828,1607600
2013-11-12,46.555718699768825,46.57080745049397,46.4601553327016,46.48530197143555,2148900
2013-11-13,46.460176955830484,46.66639637409098,46.43502646796731,46.6613655090332,2795100
2013-11-14,46.65131956584612,46.80221485682491,46.601022414662076,46.797183990478516,4216800
2013-11-15,46.807255844217174,46.86761474609376,46.756958678033925,46.86761474609375,2990600
2013-11-18,46.89273796114152,46.90279585355439,46.691545576054025,46.73178482055664,3694600
2013-11-19,46.716693134769194,46.78208286771462,46.671426861892186,46.711666107177734,1415800
2013-11-20,46.69158956726296,46.81230357707781,46.6111110024336,46.666439056396484,2470600
2013-11-21,46.69155175975267,46.82735443115235,46.656343375506374,46.827354431152344,1895800
2013-11-22,46.80724750683106,46.87766429443041,46.77203911303138,46.86257553100586,1649200
2013-11-25,46.87765538477845,46.94807215899426,46.807238610562635,46.9329833984375,2813900
2013-11-26,46.88772219140855,46.99334736416404,46.85251380049005,46.968196868896484,2835300
2013-11-27,47.09896050602536,47.09896050602536,46.92794946165456,46.93800735473633,1845300
2013-11-29,46.9430302414759,47.00338526456011,46.93296851267842,46.98829650878906,958700
2013-12-02,46.94788318262586,47.01864079952801,46.92766616979654,47.00347900390625,5748100
2013-12-03,46.93270507366937,47.00346266597689,46.882164487163934,46.957977294921875,2710300
2013-12-04,46.87710392887069,46.937754939364225,46.77096755250635,46.836669921875,3076100
2013-12-05,46.83668648285369,46.88217572080816,46.77098409025334,46.801307678222656,5354700
2013-12-06,46.91755076216311,46.99336358200593,46.82657614955178,46.93271255493164,2487900
2013-12-09,47.02873283012208,47.12981399871151,46.95292002568031,47.10454177856445,4313000
2013-12-10,47.104541778564446,47.124758783482214,47.04894597904044,47.10454177856445,1473200
2013-12-11,47.104558441375325,47.104558441375325,46.897340815665814,46.963043212890625,3586600
2013-12-12,46.96809177039501,47.00852578880066,46.87711715698242,46.87711715698242,4268800
2013-12-13,46.93270200186879,46.98829780018583,46.897323208030606,46.952919006347656,3523200
2013-12-16,46.93777042749075,47.02368982870819,46.93777042749075,46.99336624145508,3108500
2013-12-17,47.04387558972027,47.04387558972027,46.942790606022115,46.99838638305664,2799900
2013-12-18,47.00348707962262,47.1450023377408,46.87713361973116,47.07929992675781,4893500
2013-12-19,47.003479143179256,47.048964530179305,46.95799375617921,47.028751373291016,5775500
2013-12-20,47.02875081088474,47.05907440185547,46.96809977294238,47.05907440185547,12743900
2013-12-23,47.04897028512626,47.17027237729904,47.0085401104034,47.094459533691406,5525100
2013-12-24,47.05403680723472,47.10963264883658,47.05403680723472,47.06919860839844,1281600
2013-12-26,47.04225858778384,47.123530315398426,47.04225858778384,47.113372802734375,1577400
2013-12-27,47.12860671018788,47.12860671018788,47.06257319531024,47.1082878112793,1357300
2013-12-30,47.12354525187434,47.1743444575983,47.07274992158567,47.14894485473633,1888600
2013-12-31,47.16415556565261,47.220031559020384,47.12351777494277,47.17939376831055,2413400
2014-01-02,47.169217579592,47.26573132545069,47.09302272104206,47.260650634765625,7412500
2014-01-03,47.235283863037345,47.29624056729978,47.20988814283697,47.245445251464844,1903300
2014-01-06,47.31654660412581,47.35718439591869,47.27082811950055,47.347023010253906,2622700
2014-01-07,47.35718439591869,47.39781831227843,47.321627296958205,47.347023010253906,3953000
2014-01-08,47.347027617589845,47.387665413337174,47.30131300394922,47.316551208496094,4540500
2014-01-09,47.36734589731337,47.39274548818236,47.336869488617346,47.387664794921875,3036600
2014-01-10,47.44863167940803,47.529903411865234,47.41815138873158,47.529903411865234,2423900
2014-01-13,47.51974470600204,47.550221120479335,47.448630488598866,47.47910690307617,4716600
2014-01-14,47.48417553900005,47.585766145082246,47.48417553900005,47.550209045410156,2636100
2014-01-15,47.595921709832794,47.64672088623047,47.55020710159455,47.64672088623047,1797400
2014-01-16,47.641634380085875,47.66195327307894,47.61115797831256,47.62639617919922,1269800
2014-01-17,47.66198102078498,47.69245744030096,47.60610500138246,47.63658142089844,2192300
2014-01-21,47.69752502441406,47.722920741885076,47.656887225939926,47.69752502441406,2056000
2014-01-22,47.71274856784533,47.71782925995174,47.61115797831256,47.62639617919922,3235400
2014-01-23,47.63654768098919,47.6517858799543,47.534957104267036,47.565433502197266,4989500
2014-01-24,47.474030489031485,47.47911118371383,47.235288219610155,47.250526428222656,7575400
2014-01-27,47.31654703818876,47.35210413747542,47.21495255777459,47.23527145385742,5482900
2014-01-28,47.296225768441566,47.48417264120039,47.26066867093941,47.44353485107422,5393600
2014-01-29,47.36737556250602,47.372456258948446,47.29118061761321,47.30134201049805,5781700
2014-01-30,47.392760266642725,47.45879379788647,47.347041763908855,47.382598876953125,3940200
2014-01-31,47.30639483190569,47.42830823205914,47.301318013474734,47.36735153198242,7756900
2014-02-03,47.485795801317956,47.485795801317956,47.118246135773155,47.22544860839844,16150600
2014-02-04,47.347917431535,47.37344347321644,47.26113512138153,47.28155517578125,5246900
2014-02-05,47.28155517578125,47.32239138985356,47.23560907970008,47.28155517578125,3893000
2014-02-06,47.363260361571186,47.46025470539593,47.30200405576989,47.450042724609375,3426100
2014-02-07,47.5062028235789,47.68997955322265,47.5062028235789,47.689979553222656,5193300
2014-02-10,47.68995664736755,47.751216826068394,47.63380245724048,47.72058868408203,5199700
2014-02-11,47.74611859737738,47.85842699588433,47.70017637693114,47.80227279663086,3950800
2014-02-12,47.81761164984061,47.84313771535786,47.71040918518352,47.72572326660156,2432100
2014-02-13,47.70019161825553,47.87375636614879,47.70019161825553,47.863548278808594,3078400
2014-02-14,47.832906750779415,47.96052923826253,47.82780465548514,47.94011306762695,2158700
2014-02-18,47.89415371605149,48.031984250776524,47.89415371605149,48.00646209716797,3734700
2014-02-19,48.04222285011053,48.08306299218915,47.87376018508394,47.88397216796875,7273600
2014-02-20,47.92989744163829,48.0319938659668,47.91968935709701,48.0319938659668,3756900
2014-02-21,48.03713799550562,48.103504229267784,48.03713799550562,48.072872161865234,2574600
2014-02-24,48.113672353548644,48.210666679407474,48.113672353548644,48.18003463745117,3531600
2014-02-25,48.19029811702341,48.25155447694272,48.180086127214885,48.23624038696289,2979500
2014-02-26,48.27703858887921,48.31787872314453,48.24130444507944,48.31787872314453,2722100
2014-02-27,48.31788641092105,48.41487687682121,48.31788641092105,48.40977478027344,4377300
2014-02-28,48.40464978777198,48.50674620487221,48.353601579221866,48.4608039855957,3919300
2014-03-03,48.411056369637315,48.477743920553415,48.27767735398676,48.41618347167969,9488700
2014-03-04,48.53419630324347,48.606014903980146,48.46750872079375,48.59062576293945,9313600
2014-03-05,48.575202186298164,48.580329287130255,48.477732477044434,48.50338363647461,4531600
2014-03-06,48.54440778410268,48.5649279237144,48.411032747351165,48.43155288696289,4075500
2014-03-07,48.380285227479966,48.416194519061996,48.22638994090808,48.246910095214844,4552000
2014-03-10,48.24176367258286,48.267410921911654,48.180203229321364,48.25202178955078,1908200
2014-03-11,48.293068089581375,48.30333012164322,48.19047125187383,48.20072937011719,1618500
2014-03-12,48.21099545068897,48.29307214498369,48.20586443422717,48.282814025878906,2595000
2014-03-13,48.31357870091109,48.31357870091109,48.13403231346306,48.1545524597168,4829700
2014-03-14,48.16482738296218,48.22638784320478,48.08787778611369,48.11865997314453,4088200
2014-03-17,48.17506750742624,48.22636591072262,48.144285334394574,48.185325622558594,2943100
2014-03-18,48.23661411681498,48.339214816148214,48.18531572405661,48.32895278930664,2903500
2014-03-19,48.31871662864264,48.37001504470712,47.985271053496106,48.082740783691406,9983600
2014-03-20,48.169960495019275,48.257168215458606,48.051970586210174,48.246910095214844,4872300
2014-03-21,48.22636844428369,48.30331801017943,48.20071728437927,48.21610641479492,6106500
2014-03-24,48.32383359864742,48.32383359864742,48.20071664314261,48.23149490356445,5986100
2014-03-25,48.2673923697067,48.369993069039936,48.2673923697067,48.32895278930664,3468800
2014-03-26,48.40077464966412,48.40077464966412,48.30330887086703,48.33921813964844,3887200
2014-03-27,48.308462027103104,48.34437131525301,48.25716360314879,48.26742172241211,2255400
2014-03-28,48.339213933060755,48.40077043771966,48.308431766914886,48.34947204589844,2732600
2014-03-31,48.45210014111602,48.47262029386869,48.39567069950091,48.421321868896484,2641400
2014-04-01,48.47544481465116,48.51152420043945,48.43421010736223,48.51152420043945,4514900
2014-04-02,48.52182061470287,48.52182061470287,48.43935514998238,48.45996856689453,2285900
2014-04-03,48.50120053902845,48.526973207255814,48.47027648304127,48.48058319091797,2812400
2014-04-04,48.54243366470858,48.635209762025525,48.52697163721525,48.59397506713867,4555000
2014-04-07,48.58883709629206,48.6043030616646,48.48575425462517,48.490909576416016,1520900
2014-04-08,48.52699116639612,48.604305267333984,48.49091177693959,48.604305267333984,2804400
2014-04-09,48.60426947819074,48.68673490807249,48.55272416061456,48.68157958984375,4383400
2014-04-10,48.70738868135823,48.70738868135823,48.54245376586914,48.54245376586914,3226900
2014-04-11,48.56304096246227,48.56304096246227,48.33109880098981,48.33625411987305,7228500
2014-04-14,48.36720544758574,48.52183364244441,48.36720544758574,48.490909576416016,3355800
2014-04-15,48.5630711218501,48.5630711218501,48.44967763013412,48.54245376586914,3104900
2014-04-16,48.563036209941586,48.57849823272203,48.50118418646406,48.56819152832031,3450100
2014-04-17,48.54244826472709,48.578527650515376,48.501213557438156,48.51152420043945,2443800
2014-04-21,48.573372329014724,48.59398968265919,48.501213557438156,48.51152420043945,1682200
2014-04-22,48.578515159271504,48.58882186726446,48.511511726424516,48.563053131103516,2442800
2014-04-23,48.57332826471907,48.676414939424205,48.55271092977805,48.57848358154297,1591300
2014-04-24,48.578526144900884,48.65584023558188,48.52698472856622,48.58883285522461,1021700
2014-04-25,48.60944363760565,48.614598958249665,48.532133489732814,48.5733642578125,1195400
2014-04-28,48.58367047944653,48.604287827789555,48.516663114242434,48.563053131103516,1903900
2014-04-29,48.635231018066406,48.6455377301142,48.547610202404854,48.635231018066406,1775300
2014-04-30,48.635203827118545,48.66612787833158,48.552734447408504,48.62489318847656,4393100
2014-05-01,48.673068117345224,48.69377833159878,48.5746955871582,48.5746955871582,7322200
2014-05-02,48.6885757446289,48.6885757446289,48.579850136046296,48.688575744628906,2146000
2014-05-05,48.5488211206576,48.70932434084441,48.53846798551843,48.667903900146484,3541300
2014-05-06,48.74553563233663,48.74553563233663,48.65752021367009,48.678226470947266,2567800
2014-05-07,48.71447133545641,48.80249070959207,48.69376507690868,48.75071716308594,1578600
2014-05-08,48.807657835774386,48.82836804122362,48.714463886286744,48.740352630615234,4522400
2014-05-09,48.750711099358824,48.823194845465395,48.740354021304796,48.78695297241211,1736600
2014-05-12,48.864614655171046,48.864614655171046,48.78177777540324,48.83872985839844,1123000
2014-05-13,48.80768653814676,48.9888999548769,48.79733340436767,48.91641616821289,1933600
2014-05-14,48.874982218938975,48.973350787886694,48.86980367844624,48.94228744506836,1721400
2014-05-15,48.97851252830445,48.97851252830445,48.84389817215059,48.89567565917969,4240700
2014-05-16,48.926781957090114,49.00444430576639,48.864651288134866,48.99408721923828,3185000
2014-05-19,48.97849768036429,49.10793345856297,48.93190269624468,49.06651306152344,7351000
2014-05-20,49.066559382365625,49.07173792440094,48.99925413618734,49.004432678222656,4217800
2014-05-21,49.04582838583494,49.066534643395855,48.92674567948448,48.999229431152344,2925900
2014-05-22,49.009607135480614,49.045849026566785,48.97336129432457,49.035491943359375,1950900
2014-05-23,49.00960128355575,49.10279132087592,49.00960128355575,49.05101776123047,2289100
2014-05-27,49.06654318174881,49.10796360421488,49.04065838025919,49.09761047363281,4384700
2014-05-28,49.108007337631086,49.133896112245004,49.08729710795444,49.11318588256836,3904400
2014-05-29,49.13384801939839,49.185621567877185,49.10278073025628,49.159732818603516,4734800
2014-05-30,49.17527544987481,49.221870465128916,49.14938669690979,49.211517333984375,4445800
2014-06-02,49.278593687905506,49.278593687905506,49.04975251078947,49.054954528808594,5722500
2014-06-03,49.1017850747827,49.11218514714768,49.04977280902148,49.060176849365234,2978300
2014-06-04,49.04977280902148,49.096583054610825,49.02377064411965,49.060176849365234,2527200
2014-06-05,49.106974284748375,49.195388771856436,49.06016801556577,49.179786682128906,2034100
2014-06-06,49.20058307270129,49.3618138998747,49.195381054282166,49.32020568847656,3059100
2014-06-09,49.393032053853915,49.398234073745336,49.29421351580968,49.3774299621582,2906800
2014-06-10,49.28382240133053,49.40864312556091,49.28382240133053,49.35143280029297,2091000
2014-06-11,49.34622819153786,49.36703230581509,49.29421988983434,49.356632232666016,1699500
2014-06-12,49.30978777916998,49.372200078708545,49.30978777916998,49.32538986206055,1354000
2014-06-13,49.39822019103058,49.39822019103058,49.32020578649839,49.38261413574219,1276500
2014-06-16,49.36703230581509,49.40864053436953,49.35143021210194,49.356632232666016,1869500
2014-06-17,49.351409863036444,49.40862016171452,49.29419956435837,49.32020568847656,7251700
2014-06-18,49.325389807427165,49.569833020378724,49.325389807427165,49.54383087158203,4284800
2014-06-19,49.54904935493269,49.5698534633356,49.486640997701926,49.533447265625,2882500
2014-06-20,49.54384740622768,49.61665979592076,49.53344336885573,49.58025360107422,2372300
2014-06-23,49.585442792145464,49.63225301600018,49.55944063931678,49.575042724609375,1551000
2014-06-24,49.54904935493269,49.62186571833184,49.533447265625,49.533447265625,1839300
2014-06-25,49.5646388985785,49.616647168269,49.53863277974494,49.60624313354492,2385000
2014-06-26,49.58543771841767,49.61144383656226,49.51262534918465,49.55423355102539,1806400
2014-06-27,49.56983563472153,49.58023966916998,49.50742729993696,49.55423355102539,1702700
2014-06-30,49.46584707327059,49.57506568888818,49.46584707327059,49.51265335083008,2647600
2014-07-01,49.58841575477891,49.64065178020416,49.51005972396439,49.52573013305664,3472700
2014-07-02,49.557037353515625,49.62494373653426,49.52569257374911,49.557037353515625,2819400
2014-07-03,49.551838914252926,49.57795891372564,49.46825810422214,49.48393249511719,2776100
2014-07-07,49.46823694186071,49.52047691845804,49.442120938912716,49.44734573364258,1941300
2014-07-08,49.489150257396446,49.51004545861666,49.44736384030815,49.45780944824219,2035300
2014-07-09,49.49437678910954,49.520496787888504,49.40557516982471,49.42124557495117,3945400
2014-07-10,49.38465881248607,49.38465881248607,49.254066845238754,49.269737243652344,6011600
2014-07-11,49.274984136367316,49.379456162877034,49.274984136367316,49.35334014892578,2071400
2014-07-14,49.52047460853871,49.52047460853871,49.33242186054207,49.337642669677734,2632700
2014-07-15,49.3428961390153,49.36901614127481,49.25409450789746,49.25931930541992,2888400
2014-07-16,49.31675931621602,49.31675931621602,49.17049294476397,49.18094253540039,4264900
2014-07-17,49.160055064978366,49.17572546804448,48.83096464453472,48.836185455322266,5767800
2014-07-18,48.98241807867925,49.09211880413761,48.919736504530846,49.039878845214844,1994800
2014-07-21,49.02423957061564,49.03990997409979,48.9093179645961,48.95633316040039,3111700
2014-07-22,48.98243294195731,49.102579304447964,48.977212132760286,49.02422332763672,3707100
2014-07-23,49.08168620784358,49.14437178903993,49.06601580888217,49.11825180053711,1995900
2014-07-24,49.139159174826474,49.25408077616439,49.09736877700328,49.20706558227539,3089100
2014-07-25,49.196605302797394,49.22272528998462,49.107803722921616,49.12347412109375,3072300
2014-07-28,49.10781826122094,49.12348866403228,48.96677666521554,48.97722625732422,5355100
2014-07-29,49.00855674989803,49.10258313233142,48.89885996795088,48.909305572509766,3877100
2014-07-30,48.961567812829614,48.982459031446055,48.632473332007145,48.705604553222656,5415100
2014-07-31,48.491410263091154,48.56454144596434,48.28768711289435,48.3085823059082,7460000
2014-08-01,48.3143465932414,48.46654304247797,47.92598558719571,48.30385208129883,10942000
2014-08-04,48.3143403394457,48.61348394122116,48.29859657156439,48.597740173339844,7020400
2014-08-05,48.60300416787368,48.61349868163995,48.42981466064497,48.50328826904297,3612500
2014-08-06,48.48231783274154,48.66600594335595,48.466574052749046,48.618770599365234,4167700
2014-08-07,48.64496989624096,48.78141853822063,48.63447138285195,48.65021514892578,3833900
2014-08-08,48.54526020059261,48.83915454863185,48.54526020059261,48.80241775512695,3426300
2014-08-11,48.87066090677242,49.06483944388479,48.80243255242577,49.03335189819336,6908300
2014-08-12,49.05433376044564,49.10156506822834,48.97561091013064,49.02284622192383,4231700
2014-08-13,49.14879556943827,49.17503384763479,49.04907970186523,49.1645393371582,4960200
2014-08-14,49.185551959090006,49.31150615504342,49.1803026997552,49.25902557373047,4246600
2014-08-15,49.34298635520002,49.39022167415589,49.26426749695873,49.358734130859375,6051300
2014-08-18,49.36924284608628,49.510940835694186,49.33775529373169,49.50044631958008,5112800
2014-08-19,49.52666241135014,49.531907664625805,49.4584340786651,49.484676361083984,2747200
2014-08-20,49.500457001953755,49.58442916503716,49.421734100066345,49.52145004272461,2470000
2014-08-21,49.52145004272461,49.57393064264517,49.510951520332625,49.52145004272461,1869100
2014-08-22,49.51615159362289,49.54764312550295,49.37969896616699,49.400691986083984,3065500
2014-08-25,49.46895090704243,49.53192600174542,49.374484260976324,49.50568771362305,1958000
2014-08-26,49.505690254522136,49.57916387145443,49.495191735525054,49.54242706298828,1562400
2014-08-27,49.57916562033677,49.584414880020475,49.48994822577357,49.49519348144531,3685200
2014-08-28,49.47945989787963,49.53718975425535,49.40073700245702,49.421730041503906,1815400
2014-08-29,49.45845413208008,49.479447165724984,49.39547903515711,49.45845413208008,2046000
2014-09-02,49.43737287112993,49.54809251057294,49.42683025051741,49.516456604003906,4484800
2014-09-03,49.51643170306801,49.51643170306801,49.38462688868226,49.38990020751953,3200200
2014-09-04,49.416281718604395,49.437366957307155,49.16848792901167,49.22648239135742,4754500
2014-09-05,49.2317436699667,49.26864886523255,49.1632065994343,49.168479919433594,4752700
2014-09-08,49.15794173115197,49.215936194021374,49.07358870848349,49.121036529541016,2549200
2014-09-09,49.10521381748487,49.10521381748487,48.87850931817619,48.894325256347656,4647900
2014-09-10,48.899581711326334,48.93648689511959,48.794139478306555,48.91539764404297,3290600
2014-09-11,48.862676527533075,48.94702950947623,48.80995541102319,48.91539764404297,2822400
2014-09-12,48.87324926155549,48.925974432922274,48.77834958440746,48.8574333190918,5372500
2014-09-15,48.89958129058014,48.90485460889476,48.75196055667727,48.76777648925781,3592400
2014-09-16,48.74145297965379,48.95761495778104,48.7309103569394,48.86798858642578,5132200
2014-09-17,48.96285168374658,49.07883653637989,48.904857246248156,49.02611541748047,4399300
2014-09-18,49.02084592276019,49.07356704144615,48.98394073744367,49.04193115234375,3640300
2014-09-19,49.08412490429253,49.131576741505334,49.04194638729554,49.115760803222656,6000600
2014-09-22,49.11574574420938,49.15792022591079,48.98394093577905,49.02611541748047,4355300
2014-09-23,48.92070236061838,48.98923945383328,48.736176323219844,48.778350830078125,3573100
2014-09-24,48.76778493047317,48.76778493047317,48.5358071528366,48.630706787109375,6342700
2014-09-25,48.5569166061865,48.5569166061865,48.240585701143935,48.298580169677734,7348000
2014-09-26,48.09296149191044,48.36184455231712,47.95060998013291,48.266944885253906,11842500
2014-09-29,47.99805706479858,48.17204044088782,47.9189733463612,48.16676712036133,6289400
2014-09-30,48.3143808243542,48.51999604869115,48.266933013675406,48.47781753540039,6905400
2014-10-01,48.57895766501915,48.65837911216204,48.45717757412772,48.531307220458984,9996600
2014-10-02,48.510083920482415,48.64774332855252,48.39359977554699,48.626564025878906,6197300
2014-10-03,48.76428868352148,48.93901512024518,48.69545889308972,48.79076385498047,6371600
2014-10-06,48.870179391874956,48.944305015500724,48.78546208513492,48.84370422363281,4213800
2014-10-07,48.78013935416713,48.822497984187514,48.610708873626905,48.658363342285156,4994200
2014-10-08,48.64776325370845,48.912498586250585,48.56834588557828,48.891319274902344,7589400
2014-10-09,48.790730344120234,48.8330889735439,48.32479349954236,48.3724479675293,7177500
2014-10-10,48.27716192755665,48.34599169759823,47.92241735654239,47.98065948486328,14239800
2014-10-13,47.94356438914204,48.160645234324576,47.73177534148438,47.74236297607422,7908500
2014-10-14,47.91710189015358,48.060057212317254,47.76885072952721,47.90121841430664,11695300
2014-10-15,47.76357586168619,47.911827087402344,47.23410489010398,47.911827087402344,11711300
2014-10-16,47.64709125427244,48.2348043516078,47.572965641954724,48.18185806274414,12623100
2014-10-17,48.573639841098206,48.838375185398235,48.39362174595376,48.58952331542969,13575900
2014-10-20,48.621287100260744,48.97603143957669,48.568340847153024,48.938968658447266,7331400
2014-10-21,49.03957635252783,49.346666280112466,49.03957635252783,49.33607864379883,7453700
2014-10-22,49.32550866075131,49.34668394095708,48.94958078465257,49.013118743896484,8363900
2014-10-23,49.17195408577833,50.25736678959364,48.98134427680306,48.9919319152832,9482300
2014-10-24,48.949574535102435,49.19842646094162,48.949574535102435,49.12959671020508,5764300
2014-10-27,49.09780565779604,49.108393291350886,48.89130842784941,48.928375244140625,4911400
2014-10-28,48.99724393151051,49.08725302670521,48.91252663753226,49.00783157348633,6024200
2014-10-29,49.044924149885276,49.07139933020959,48.82254717752437,48.97079849243164,5320700
2014-10-30,48.9760448557248,50.273246590141,48.91780274948983,48.94956970214844,3341700
2014-10-31,49.14018309125473,49.14018309125473,48.976048437792194,48.9919319152832,5065400
2014-11-03,49.0418952719498,49.196115553231564,49.020623089298454,49.09507369995117,4936200
2014-11-04,49.0791661823504,49.0791661823504,48.903673555346984,48.94089889526367,5886200
2014-11-05,49.010048545579544,49.0206826211925,48.87710028549356,48.93027877807617,4399300
2014-11-06,48.96748041696871,49.06851828677218,48.96216135310844,49.057884216308594,3747700
2014-11-07,49.057895438375404,49.1270270553451,48.999397894301865,49.10575485229492,3456300
2014-11-10,49.08978882890405,49.148286357622766,49.0791547587992,49.12701416015625,2680400
2014-11-11,49.12701723655478,49.25465042934644,49.057885633402094,49.23869323730469,2730700
2014-11-12,49.18017013448917,49.196123259663196,49.06317514020683,49.07912826538086,3218900
2014-11-13,49.12701055367058,49.12701055367058,48.8185738561909,48.877071380615234,5081300
2014-11-14,48.82389583699641,48.893031497877864,48.611181962073104,48.632450103759766,7868000
2014-11-17,48.66968802619417,48.7494577785517,48.579284200242775,48.62714767456055,5213700
2014-11-18,48.611179945701124,48.69094561686017,48.526091153455575,48.531410217285156,5227200
2014-11-19,48.44631274596811,48.53140152297015,48.31868363772124,48.5207633972168,7733300
2014-11-20,48.39311770086419,48.5526570744283,48.35057332694645,48.526065826416016,3274300
2014-11-21,48.722833915116524,48.930232680879456,48.674970476803104,48.79196548461914,7983000
2014-11-24,48.85581780626257,48.89304314897057,48.72818458218539,48.78668212890625,4569100
2014-11-25,48.76539788952664,48.89834608885169,48.74412974802084,48.86643981933594,4878500
2014-11-26,48.89836843671947,48.99409134627174,48.87178121905763,48.93027877807617,3055800
2014-11-28,48.70691216200721,48.73882249651391,48.41442848695904,48.46228790283203,5290500
2014-12-01,48.43930943243882,48.43930943243882,47.94246843250041,47.974525451660156,12432400
2014-12-02,48.108077962078596,48.25232026206689,48.01191507011714,48.23629379272461,6821200
2014-12-03,48.252345853785386,48.35385231466642,48.18823586650632,48.31645584106445,7627000
2014-12-04,48.273702724132114,48.348495651000185,48.24164977716261,48.284385681152344,4581600
2014-12-05,48.220242646951945,48.28969200386411,48.1027098307116,48.246952056884766,5237400
2014-12-08,48.15081032191792,48.18820677294184,47.921088101083164,48.001224517822266,6770800
2014-12-09,47.71274616207925,48.01726135069257,47.670010263046834,47.974525451660156,9702100
2014-12-10,47.74481645514763,47.81426587680328,47.23728828241799,47.42427062988281,15409400
2014-12-11,47.34410024301755,47.499029513946994,46.97013177238937,47.25327682495117,12053000
2014-12-12,46.90603381880015,46.98082671034013,46.53206528519329,46.61220169067383,11563300
2014-12-15,46.71372254335333,46.79919841333957,46.190168064520506,46.58550262451172,14114000
2014-12-16,46.17949372696476,46.83126417036033,46.00853787918141,46.419898986816406,14875500
2014-12-17,46.45730638120075,47.53646873590469,46.41990990807199,47.36551284790039,16864000
2014-12-18,48.0813456315379,48.24695785108989,47.397522701367684,47.74477767944336,16638700
2014-12-19,47.8783348306765,48.246955692409145,47.82490785497364,48.204219818115234,9952800
2014-12-22,48.16151625904754,48.24165270724743,47.921106914447854,48.08672332763672,6622400
2014-12-23,48.20960691919655,48.30043042214389,48.054677503474636,48.2576904296875,5314400
2014-12-24,48.276983147670215,48.44867262642036,48.24478855619202,48.421844482421875,2285700
2014-12-26,48.4754710555922,48.55595135165021,48.23403426081609,48.27159118652344,1815500
2014-12-29,48.298423767089844,48.41646100973636,48.14283368549065,48.298423767089844,4717100
2014-12-30,48.16429014495063,48.266232141813184,48.10527561841804,48.201847076416016,3624300
2014-12-31,48.22334796516779,48.287733082902996,47.98727738694241,48.0731201171875,4185400
2015-01-02,48.12140997883937,48.25017612090792,48.01410144928069,48.0731201171875,3271900
2015-01-05,47.804848337690196,47.87996225131676,47.56341134294782,47.62779235839844,7523100
2015-01-06,47.53657505764553,47.72972625775276,47.39707605903462,47.44536590576172,9489700
2015-01-07,47.815577164066084,47.90141987515727,47.681444602097834,47.74046325683594,8353100
2015-01-08,47.917492225126054,48.19649011297541,47.7404404389359,48.09991455078125,8388600
2015-01-09,48.13745164285703,48.36279316395175,47.949667041944764,48.341331481933594,6766700
2015-01-12,48.378908937399714,48.378908937399714,48.09454869340264,48.28233337402344,8698500
2015-01-13,48.28769982015519,48.41110352079116,48.04089651228228,48.28233337402344,7738700
2015-01-14,48.02480498071718,48.20185678276469,47.93895820956742,48.1696662902832,7415500
2015-01-15,48.2769587056627,48.2769587056627,47.86382842028896,47.87456130981445,7061300
2015-01-16,47.933599291679975,48.12675046370474,47.92823693769039,48.057003021240234,7685500
2015-01-20,48.20185341578144,48.20185341578144,47.890669125598706,47.97114944458008,5915300
2015-01-21,47.94434975968526,48.23944307327367,47.912159250348886,48.22871017456055,6110700
2015-01-22,48.29845699089248,48.37893735654898,48.16969086188295,48.293094635009766,6940100
2015-01-23,48.293094635009766,48.362842102097964,48.25017122753945,48.293094635009766,5134500
2015-01-26,48.325261565340355,48.550603204510054,48.250147685617115,48.51304626464844,8252300
2015-01-27,48.33066728654283,48.51845213844891,48.29311031616161,48.475528717041016,8771100
2015-01-28,48.50771735263411,48.556003125716096,48.293104365442204,48.37358474731445,5622400
2015-01-29,48.470112907807625,48.566688460928944,48.368175002522996,48.545230865478516,4923200
2015-01-30,48.49156705474919,48.54522331522588,48.38962916531899,48.41109085083008,6383000
2015-02-02,48.499997950735434,48.59696578979492,48.41919073318155,48.59696578979492,4120600
2015-02-03,48.68853321748427,48.930954809563445,48.64543960758056,48.87169647216797,11682400
2015-02-04,48.828621917682206,48.828621917682206,48.64546268612826,48.66700744628906,8333900
2015-02-05,48.78014304514104,48.95791404258483,48.699335804470046,48.95252990722656,10172500
2015-02-06,49.06026893786066,49.06565718311228,48.90404270577904,48.990238189697266,6076700
2015-02-09,48.957887802000165,49.01714613939564,48.860919987173446,48.87169647216797,4672800
2015-02-10,48.96866938410512,49.038700103759766,48.963281141047,49.038700103759766,6846600
2015-02-11,49.01177248356744,49.03870548176129,48.93096526893455,49.022544860839844,5688000
2015-02-12,49.09796954703724,49.09796954703724,48.99022932166907,49.01716232299805,3185400
2015-02-13,49.02791132348033,49.12487911595601,48.99020185474111,49.0871696472168,4676600
2015-02-17,49.151815516496676,49.173364372990804,49.038687102420596,49.054847717285156,6624200
2015-02-18,49.10333849622451,49.232627537867586,49.044080162549655,49.22185516357422,4744400
2015-02-19,49.16799600202951,49.19493311103952,49.09796527263959,49.108741760253906,2964800
2015-02-20,49.10335027296581,49.24879996594526,49.06564078885815,49.24341583251953,5470600
2015-02-23,49.2649937060447,49.281158447265625,49.16802580886051,49.281158447265625,4165700
2015-02-24,49.27034675714466,49.34576572218747,49.23263727462326,49.32960510253906,3689300
2015-02-25,49.36193300160723,49.507386818117816,49.32961175794971,49.49122619628906,9048500
2015-02-26,49.475057618283735,49.545092454131755,49.421187513033736,49.480445861816406,7928200
2015-02-27,49.507386818117816,49.53431981782377,49.45890084260565,49.49122619628906,4521800
2015-03-02,49.536130507672624,49.5577719518057,49.39546731233275,49.48202896118164,6933000
2015-03-03,49.406293971819856,49.4495768670956,49.298090861314584,49.34136962890625,10032000
2015-03-04,49.260185725828,49.3196986342767,49.22231425024077,49.24936294555664,7832800
2015-03-05,49.325139575098866,49.34136962890624,49.25480796603885,49.34136962890625,6412500
2015-03-06,49.206118814132346,49.216941602923235,48.97888978173774,49.027584075927734,9271900
2015-03-09,49.087063796932085,49.092471059982046,48.897702270458886,48.92475509643555,9607500
2015-03-10,48.843619502447396,48.876079603938905,48.6380319801957,48.735416412353516,12447300
2015-03-11,48.88150805380105,48.94102101242454,48.7300220237357,48.870689392089844,9214800
2015-03-12,49.01671150988215,49.03835293780221,48.88686707004213,48.968021392822266,4469900
2015-03-13,48.8868930587247,48.90853449814953,48.675894183935775,48.80032730102539,6184500
2015-03-16,48.83819049104338,48.87606197168227,48.719168785951034,48.75162887573242,4772600
2015-03-17,48.627192789419055,48.70293575246834,48.41619394554149,48.50817108154297,13059600
2015-03-18,48.50818920305573,48.94641709979274,48.41621203269375,48.94100570678711,11633900
2015-03-19,48.78409293031681,48.886888726554744,48.51899254429926,48.55145263671875,9226000
2015-03-20,48.746244612348576,48.95183630252807,48.67591300278849,48.93019485473633,9127300
2015-03-23,48.92473853698215,48.984251431842225,48.85981425322198,48.968021392822266,5459200
2015-03-24,48.951815890910616,49.08166039583522,48.935581716072946,49.04378890991211,6767200
2015-03-25,49.07625267044209,49.141176991595735,48.90853666706522,48.91394805908203,5364600
2015-03-26,48.968059388792085,48.978878047306516,48.81657340348892,48.908546447753906,4876400
2015-03-27,48.903135872058805,48.9951089178611,48.88149442698469,48.94641876220703,3822000
2015-03-30,48.968031541210074,49.11951744036487,48.962620151188496,49.08164596557617,4197700
2015-03-31,49.06543864657437,49.146588896074796,48.99510292676322,49.02215576171875,4498400
2015-04-01,49.10147588358054,49.144953559778834,48.96561125515544,49.12321472167969,9298200
2015-04-02,49.16127395629883,49.231922095294266,49.10149316704851,49.16127395629883,4774400
2015-04-06,49.11777611920915,49.351463432360916,49.11777611920915,49.286251068115234,5020700
2015-04-07,49.329761458967205,49.56344894675036,49.286287899069286,49.54714584350586,8659800
2015-04-08,49.56887252538714,49.617785969372655,49.46018243293684,49.5362663269043,7151900
2015-04-09,49.55800275214138,49.59604469726553,49.45474426697821,49.48735046386719,3415700
2015-04-10,49.48191352281921,49.60690669491429,49.48191352281921,49.601470947265625,3012700
2015-04-13,49.60146212709089,49.6286367142414,49.49820781769064,49.50907516479492,2866600
2015-04-14,49.52537937770681,49.56342131282125,49.41668931916842,49.53081512451172,2830000
2015-04-15,49.58518954389251,49.75909622838781,49.56888644007458,49.72649002075195,4438300
2015-04-16,49.693855548964244,49.693855548964244,49.601464436107484,49.62320327758789,5285400
2015-04-17,49.58515316352202,49.58515316352202,49.45472428241114,49.47102737426758,3901300
2015-04-20,49.585185479051525,49.661269388139694,49.51453731954454,49.57975387573242,3641000
2015-04-21,49.715624245130876,49.715624245130876,49.58519111792212,49.61236572265625,3730700
2015-04-22,49.68845487920194,49.69389062997438,49.55259013373177,49.56345748901367,4031100
2015-04-23,49.59605929950164,49.65040435907074,49.498236533772356,49.54714584350586,4755200
2015-04-24,49.55798728652824,49.63950275331206,49.55798728652824,49.62863540649414,4221400
2015-04-27,49.699326457830956,49.72106531650506,49.601503666929126,49.644981384277344,5049600
2015-04-28,49.60690867227215,49.623211769607394,49.54712788453575,49.56886672973633,4697400
2015-04-29,49.454728292910424,49.56341834494041,49.41125061359454,49.47646713256836,8152700
2015-04-30,49.454719345349474,49.49819701679918,49.35146091222115,49.449283599853516,11463800
2015-05-01,49.48862771139955,49.57050496489893,49.461332517125136,49.55958938598633,8053700
2015-05-04,49.646924773136064,49.657844516328296,49.483166107208554,49.548667907714844,6683700
2015-05-05,49.50498198062504,49.55410831170521,49.395805414902206,49.48314666748047,12736900
2015-05-06,49.48315700667677,49.504992324383686,49.30301875909044,49.33576965332031,13677500
2015-05-07,49.29209624739016,49.444939285173255,49.27571663791875,49.33030700683594,8676400
2015-05-08,49.59778808690594,49.71788024902344,49.56503719347786,49.71788024902344,10319600
2015-05-11,49.67967352108618,49.70696454627305,49.390362833205636,49.40673828125,5499200
2015-05-12,49.32487695785471,49.52685061684046,49.28666617530746,49.40129852294922,6569200
2015-05-13,49.46677459980805,49.54865182386297,49.30847169220115,49.33030700683594,4349000
2015-05-14,49.45037679860607,49.603223944820414,49.45037679860607,49.57046890258789,5147100
2015-05-15,49.61962615682102,49.71788300721715,49.57049564929238,49.67967224121094,8939400
2015-05-18,49.67418837131153,49.67418837131153,49.537720820840896,49.5977668762207,2843700
2015-05-19,49.60870322263772,49.60870322263772,49.477695485427844,49.521366119384766,4743200
2015-05-20,49.5268325587448,49.597794224841074,49.4613265991211,49.461326599121094,2841700
2015-05-21,49.455866061455936,49.58141810787724,49.455866061455936,49.53228759765625,3709300
2015-05-22,49.526802454042695,49.59230420918994,49.504967147440645,49.57046890258789,3716900
2015-05-26,49.49407263988008,49.55957859307586,49.4613217456127,49.46678161621094,3951500
2015-05-27,49.554153436503086,49.619659435587586,49.499567186264635,49.57598876953125,3737800
2015-05-28,49.57050600524277,49.581425749046474,49.505004201068566,49.55413055419922,5440700
2015-05-29,49.54321775765027,49.65785008605546,49.54321775765027,49.625099182128906,4764000
2015-06-01,49.70293567928234,49.768728392917275,49.59875830514931,49.70841979980469,9372600
2015-06-02,49.757757875691205,49.757757875691205,49.532954978199356,49.61520004272461,5203700
2015-06-03,49.56037704063217,49.59327339692714,49.31364600210347,49.34654235839844,9532700
2015-06-04,49.308163702051814,49.35202830083667,49.187538146972656,49.187538146972656,11381700
2015-06-05,49.06693251167221,49.1436934991293,48.979207461647015,49.039520263671875,7747600
2015-06-08,49.08338069710444,49.13272943656118,48.98468740135103,49.039520263671875,6487800
2015-06-09,49.02852933405695,49.0394975747105,48.8914556079945,48.957252502441406,11416200
2015-06-10,48.968219375471946,49.06143269375411,48.94080713857822,49.02305221557617,5187500
2015-06-11,49.05594953217722,49.12722636928447,49.00660081175031,49.121742248535156,5202100
2015-06-12,49.02852853584154,49.08335718874225,48.929835287357044,48.94080352783203,5713500
2015-06-15,48.836616079695034,48.91886113365053,48.69405826504933,48.710506439208984,12726200
2015-06-16,48.694073078048866,48.98466873168945,48.694073078048866,48.98466873168945,5249800
2015-06-17,48.907902989565144,49.01756447852463,48.765349328654935,48.94080352783203,5660400
2015-06-18,48.95725627448186,49.17657508971139,48.95725627448186,49.121742248535156,6869900
2015-06-19,49.214932458219025,49.214932458219025,49.05044237824875,49.14913558959961,12585700
2015-06-22,49.28622135166784,49.34104999738846,49.149147645787544,49.247840881347656,5035400
2015-06-23,49.220411422946654,49.236863777144556,49.14913462071476,49.21493148803711,3474800
2015-06-24,49.18204437156649,49.23139308130156,49.083351135253906,49.083351135253906,2636900
2015-06-25,49.110779844019014,49.14916032423977,48.935325622558594,48.935325622558594,5176700
2015-06-26,48.93532060390101,48.97370108018559,48.77083045801959,48.792762756347656,6683200
2015-06-29,48.606370293569896,48.68861541016295,48.452848306948404,48.45832824707031,10156900
2015-06-30,48.66668158231677,48.72151026394861,48.56798828211535,48.68861389160156,4912700
2015-07-01,48.91163610798789,48.91163610798789,48.6638026704562,48.69684600830078,13614700
2015-07-02,48.823485520115106,48.93363270498255,48.751886068290084,48.87855911254883,5586300
2015-07-06,48.78495912223913,48.87858469857035,48.691333545907916,48.718868255615234,4719100
2015-07-07,48.64729137546492,48.812512301769495,48.53713988941231,48.75743865966797,8406300
2015-07-08,48.5591477017047,48.69683384412885,48.49856546289027,48.51508712768555,5744800
2015-07-09,48.713372561754134,48.86758462480537,48.625255584716804,48.6252555847168,6291000
2015-07-10,48.790483075121124,48.9446951589785,48.7739614023131,48.90614318847656,7097900
2015-07-13,48.9667402656419,48.98326194344656,48.86209737041118,48.95021438598633,6119200
2015-07-14,48.87306915508859,48.92263834849912,48.81799554162483,48.90060806274414,6354100
2015-07-15,48.89509944084356,48.961190298108484,48.82350416352541,48.90060806274414,5983300
2015-07-16,48.955718568492934,49.03282252581604,48.950209942441134,48.97774887084961,7523600
2015-07-17,49.01075612151581,49.01075612151581,48.79596608406845,48.84553527832031,7788400
2015-07-20,48.823528068182505,48.829036692780186,48.61424235196482,48.6197509765625,6740400
2015-07-21,48.58118884579482,48.64177109814837,48.52611521688665,48.53162384033203,4904800
2015-07-22,48.393939097074686,48.42698243502624,48.20117508742751,48.21770095825195,10578500
2015-07-23,48.2012100443214,48.30585295952291,48.19019699096679,48.1901969909668,4918400
2015-07-24,48.19014584779056,48.217684754728204,48.02492080985923,48.052459716796875,4702900
2015-07-27,47.92030480280741,48.06349542122765,47.81015332496579,47.84870529174805,11061700
2015-07-28,47.89827768509139,48.16263284575166,47.876247388061444,48.10755920410156,10471000
2015-07-29,48.10753539447831,48.4269682405429,48.10753539447831,48.3884162902832,8839500
2015-07-30,48.3608901283136,48.55915855386184,48.3608901283136,48.53162384033203,6127600
2015-07-31,48.4710239667854,48.59769284704003,48.43247202038003,48.44899368286133,5936500
2015-08-03,48.457889024304336,48.46342256041264,48.33618077588101,48.35831069946289,5416900
2015-08-04,48.408085727667256,48.48000479267089,48.37489296241174,48.385955810546875,3691400
2015-08-05,48.48552559965399,48.53531895531654,48.314024063053076,48.31955337524414,7778300
2015-08-06,48.25871975185793,48.3140424407552,48.10934384889964,48.12041091918945,10794800
2015-08-07,48.048472328842664,48.070602241526736,47.95442336557231,47.97101974487305,5483500
2015-08-10,48.004220804812675,48.11487038736758,47.982095109151686,48.109336853027344,3234500
2015-08-11,47.926753477941936,47.96547976472176,47.83270452731217,47.88802719116211,4598600
2015-08-12,47.72206895511389,47.84378137297382,47.60035653725395,47.821651458740234,6371900
2015-08-13,47.782910241795236,47.82163652439769,47.73311689510738,47.760780334472656,7422100
2015-08-14,47.73866300947512,47.86037542140453,47.73312947597395,47.7884521484375,3437900
2015-08-17,47.73866300947512,47.86037542140453,47.68886964966338,47.7884521484375,4153600
2015-08-18,47.72760009765624,47.79952337688494,47.6778109543592,47.72760009765625,5471300
2015-08-19,47.694374301856215,47.82714947953664,47.589258333233865,47.683311462402344,7208500
2015-08-20,47.522896776360064,47.56162306521241,47.384587998908984,47.45097351074219,11099100
2015-08-21,47.31822154716381,47.43993400654007,47.22970608088625,47.27949523925781,13158600
2015-08-24,46.36663222363212,47.23521115886279,46.156404405848164,46.892208099365234,19116200
2015-08-25,47.33482297158209,47.406746280242274,46.97522331168698,46.98628616333008,18194700
2015-08-26,47.168842389584434,47.46758995510809,47.13011608780454,47.37907028198242,10654800
2015-08-27,47.5007850308104,47.8271918444126,47.5007850308104,47.7331428527832,12772100
2015-08-28,47.69992551484547,47.85483064970531,47.61140588301221,47.77737808227539,9100000
2015-08-31,47.71101760864257,47.74421460135634,47.42887060610673,47.71101760864258,5408800
2015-09-01,47.62376098360601,47.66266003674422,47.479281208909136,47.55707931518555,4739100
2015-09-02,47.75156784057617,47.7682382553282,47.61264206473831,47.75156784057617,5259700
2015-09-03,47.790469525601516,47.918283111884314,47.71267142601318,47.81825637817383,8779000
2015-09-04,47.71263431310964,47.82933137172023,47.7070760989829,47.76820373535156,4671000
2015-09-08,47.9849654911016,48.03498097854292,47.92383780627249,48.029422760009766,5450300
2015-09-09,48.12390373690419,48.135020176848755,47.92385021469815,47.96830749511719,4914800
2015-09-10,47.94605806437528,48.12388286926281,47.94605806437528,48.084983825683594,4744100
2015-09-11,47.8737993836736,48.09608136236094,47.85157076183725,48.068294525146484,4834900
2015-09-14,47.99052449670048,48.03498176633777,47.912726394674515,47.98496627807617,4383100
2015-09-15,47.92940822880512,48.01832278926129,47.901621368742674,47.9738655090332,4247800
2015-09-16,47.80713292466563,47.91827607896405,47.75712168498971,47.80157470703125,5026700
2015-09-17,47.79602777584792,48.018309877538925,47.70711323930013,47.84048080444336,6576800
2015-09-18,47.70155314040783,47.81825452494594,47.618201065278164,47.70711135864258,10827600
2015-09-21,47.71267836787203,47.7349070052283,47.573752564154645,47.61820983886719,7579000
2015-09-22,47.42925492960215,47.61819617306724,47.212531077174276,47.273658752441406,7366900
2015-09-23,47.26257465892169,47.295915505372506,47.156989658920274,47.190330505371094,7686000
2015-09-24,47.095838772474664,47.095838772474664,46.87355667959517,46.956912994384766,9167500
2015-09-25,47.0124708118177,47.10138532281502,46.70127850268153,46.71794891357422,8384200
2015-09-28,46.49566244995355,46.69015762465015,45.96774637010895,46.0010871887207,12416300
2015-09-29,45.96219979184252,46.17336542931412,45.91774252931864,45.995540618896484,11417600
2015-09-30,46.19560465012673,46.312301811244325,46.028896236963966,46.28451919555664,14539800
2015-10-01,46.20522172580312,46.277808455929076,45.96512191380542,45.987457275390625,12179800
2015-10-02,45.72502906623665,46.04888546849715,45.59660604260474,46.032135009765625,14060200
2015-10-05,46.27223998085963,46.60726197268436,46.23873479965213,46.58492660522461,13531400
2015-10-06,46.61282116353228,46.89200671270045,46.545815098119895,46.84175109863281,13985800
2015-10-07,47.098611111315876,47.36663116880619,47.014854577098006,47.32196044921875,18000700
2015-10-08,47.24939057061204,47.534156924431755,47.160049099584505,47.51740646362305,9466900
2015-10-09,47.58999346334658,47.79658814262499,47.45040062165665,47.522987365722656,9900600
2015-10-12,47.5620667978748,47.60115261789279,47.36663769778485,47.43363952636719,3867000
2015-10-13,47.344295809012465,47.43363298815304,47.2549543698376,47.32196044921875,7772600
2015-10-14,47.32756086406048,47.43364853280414,47.26055476272052,47.288475036621094,7748100
2015-10-15,47.361049223210486,47.43363595204994,47.24379177199234,47.4001350402832,8049200
2015-10-16,47.411317600981036,47.62349719928836,47.40014778736524,47.61791229248047,5978200
2015-10-19,47.54529726258672,47.77981208859266,47.506211458252395,47.74631118774414,10347000
2015-10-20,47.673750508112626,47.846848545870905,47.62349912491678,47.79100799560547,10294800
2015-10-21,47.82449062620882,47.891492438875346,47.606726214974884,47.7407341003418,14332200
2015-10-22,47.78540469793344,47.84124096169615,47.69048262353344,47.757484436035156,11805100
2015-10-23,47.96411177378354,48.07019945990569,47.78543306764288,47.925025939941406,13201700
2015-10-26,47.98084012725178,47.98642503238038,47.841247319277706,47.87474822998047,9354100
2015-10-27,47.83568707336984,47.84127198137745,47.65142344944819,47.71842956542969,5585800
2015-10-28,47.7184126264187,47.85800545680023,47.62907543019277,47.846839904785156,8637000
2015-10-29,47.71285209386496,47.8412794378368,47.701686536146106,47.724021911621094,6064500
2015-10-30,47.75748413115612,47.88591137102097,47.67931251038059,47.77981948852539,8803100
2015-11-02,47.78209104134782,47.95037905591012,47.742824408582216,47.927940368652344,5476000
2015-11-03,47.88303621168415,48.00644678270358,47.88303621168415,47.978397369384766,5873700
2015-11-04,48.0008577975377,48.0008577975377,47.8157418571161,47.83818054199219,6082100
2015-11-05,47.821352724928836,47.8718365562276,47.64745826635548,47.6530647277832,8529600
2015-11-06,47.46794254547097,47.507209165469405,47.31087178573663,47.423065185546875,8207700
2015-11-09,47.32209152320178,47.3669688814735,47.19307018810568,47.22673034667969,10127900
2015-11-10,47.17622698611064,47.22671506776741,47.04720997249491,47.12013244628906,9673000
2015-11-11,47.14260437848544,47.17626027017567,46.97992710241251,47.00797653198242,3943900
2015-11-12,46.822846112616425,46.94064597690605,46.68260756754676,46.693824768066406,11570600
2015-11-13,46.71625530109909,46.76113265483214,46.5535781036218,46.55918884277344,7487900
2015-11-16,46.50871374696551,46.806018781627145,46.45261490441435,46.77796936035156,8228200
2015-11-17,46.8957551343384,46.974288354622395,46.766738106617346,46.81161117553711,9106400
2015-11-18,46.78356735377208,46.92941660113317,46.78356735377208,46.9013671875,7479000
2015-11-19,46.74430861032857,46.834059045529735,46.47504874524435,46.48065948486328,9428300
2015-11-20,46.491886773204236,46.67700270313644,46.452620146831464,46.46944808959961,9763700
2015-11-23,46.41335928048526,46.49750328450979,46.38531413230496,46.4301872253418,5138900
2015-11-24,46.36285764729228,46.50870691296072,46.31798029174196,46.49187469482422,9529200
2015-11-25,46.4694316326139,46.55357559639664,46.4694316326139,46.5423583984375,7132500
2015-11-27,46.57042566690564,46.64335246738944,46.52555257400232,46.61530303955078,2259900
2015-11-30,46.61525672912184,46.64330612909452,46.55355147297198,46.58721160888672,5356300
2015-12-01,46.698845409367884,46.94121738459076,46.670665221762356,46.918670654296875,9849200
2015-12-02,46.88484788582687,47.03139946748631,46.800298731009946,46.822845458984375,11871300
2015-12-03,46.73829297633221,46.85666006450854,46.62556364483523,46.69883728027344,15290200
2015-12-04,46.670643394094,46.74391700801753,46.50154514615098,46.591732025146484,14027900
2015-12-07,46.405726247008616,46.50154658364309,46.23099023864003,46.26481246948242,11989900
2015-12-08,45.89844579954058,46.005541669932114,45.63352715194985,45.68989181518555,25199100
2015-12-09,45.68990104292502,46.05064012090775,45.684267585707396,45.926639556884766,16703900
2015-12-10,45.808274267107016,45.97737261389602,45.65608919527658,45.73500061035156,14206800
2015-12-11,45.39678813688805,45.39678813688805,44.314571237111245,44.82185745239258,54233300
2015-12-14,44.754240105024074,44.81624254372388,44.08348879564404,44.43295669555664,38540500
2015-12-15,44.97969897069143,45.34607151052318,44.95715224048887,45.16006851196289,36337800
2015-12-16,45.31225356406381,45.59408124106401,45.1262462651599,45.50389862060547,30575300
2015-12-17,45.486986148521225,45.54898858258078,44.97969976126901,44.99660873413086,17345300
2015-12-18,44.844435071308574,44.97407774253409,44.72043015979303,44.8275260925293,23548900
2015-12-21,44.92330712464695,45.036040718267344,44.56820598052321,44.68657302856445,14468700
2015-12-22,44.75423090020296,45.238974793783925,44.73168417255401,45.227699279785156,12569500
2015-12-23,45.37991017998873,45.594097743908684,45.329178943584935,45.51518630981445,12824900
2015-12-24,45.52875009570008,45.727069863774105,45.483418627841246,45.60807800292969,5284300
2015-12-28,45.46644706285341,45.472114580420026,45.262459660947776,45.336124420166016,7151600
2015-12-29,45.42109431384365,45.63074479220783,45.41542679946854,45.59674835205078,7485500
2015-12-30,45.54007109055936,45.693059343629685,45.432409968333154,45.63072967529297,13145300
2015-12-31,45.60243737751866,45.8290861828737,45.55143837017958,45.65909957885742,7935200
2016-01-04,45.33610936240921,45.421104805481384,45.14345273657577,45.38710403442383,14787700
2016-01-05,45.52307870011847,45.630739846342244,45.3700904129472,45.472084045410156,11491300
2016-01-06,45.29076251248116,45.517415509403996,45.29076251248116,45.472084045410156,11320100
2016-01-07,45.143462752892574,45.33045190453046,45.115133814281506,45.17746353149414,11004700
2016-01-08,45.35312590631609,45.45511961459238,45.047144781487205,45.058475494384766,17902100
2016-01-11,45.25113579286549,45.30213048952996,44.93948712530516,44.99048614501953,16917700
2016-01-12,45.26810955765319,45.30210600372107,44.93379964319213,45.03579330444336,15217700
2016-01-13,45.0697737481126,45.11510520880618,44.474810214885956,44.537139892578125,20352700
2016-01-14,44.571147000321375,44.78646498472632,44.35582469286979,44.73546600341797,18572700
2016-01-15,44.01016576770072,44.58246346937631,43.86850822036831,44.14616012573242,27309900
2016-01-19,44.16886015309078,44.27085384928171,43.85154835296303,43.99320602416992,15975700
2016-01-20,43.647548368374345,43.86853392585941,42.961925956299176,43.69854736328125,25973500
2016-01-21,43.69855997020116,44.17452767039279,43.5172383239783,43.99320602416992,20065800
2016-01-22,44.42382540266956,44.718471316342544,44.3331624612028,44.667476654052734,17653100
2016-01-25,44.53149397338966,44.616489422644506,44.21418224075624,44.22551727294922,16448400
2016-01-26,44.40118006240827,44.64483142570954,44.29918636793219,44.62216567993164,12010900
2016-01-27,44.60516389116662,44.8091512638374,44.412507228955945,44.55416488647461,14563000
2016-01-28,44.826146609535364,44.92814028931439,44.616491733587274,44.78081512451172,14622600
2016-01-29,44.87712830216184,45.018785909584125,44.837464345005486,44.92812728881836,14218700
2016-02-01,44.84899139804507,44.866073863232295,44.59274138681982,44.661075592041016,8865500
2016-02-02,44.444658332746,44.5414617951489,44.31938121929793,44.342159271240234,15442100
2016-02-03,44.478849804637356,44.64398752150019,44.20551736254362,44.558570861816406,15465200
2016-02-04,44.54149883628214,44.638302379187785,44.37636108072221,44.416221618652344,8989700
2016-02-05,44.41050580214743,44.41050580214743,44.006205003017136,44.07453918457031,14632300
2016-02-08,43.715800193606746,43.73288700126912,43.43677649106009,43.56205368041992,15649900
2016-02-09,43.3285888567668,43.59622574248292,43.203315991374545,43.39692306518555,18685000
2016-02-10,43.510799372630146,43.693019525142766,43.24885383045157,43.33427047729492,13086000
2016-02-11,42.90719734256313,43.20330784540701,42.75914209114119,43.043861389160156,22158200
2016-02-12,43.19761458660124,43.72719268342666,43.14636285105197,43.68733215332031,17751500
2016-02-16,43.7385673387504,43.86384449683116,43.6702375030487,43.72718048095703,14106000
2016-02-17,43.94928105159093,44.182748670152385,43.90942051454518,44.08594512939453,16353000
2016-02-18,44.245390335221416,44.27386401128154,44.097339384233194,44.12580871582031,13247300
2016-02-19,43.93219604441282,44.233997856659826,43.87525304399361,44.211219787597656,12879900
2016-02-22,44.438988780388804,44.61551335582041,44.387737047361476,44.592735290527344,13826600
2016-02-23,44.45036952036748,44.5756466899939,44.26814936758482,44.50162124633789,16809700
2016-02-24,44.165656587554516,44.62690480948493,44.10871359624028,44.575653076171875,13622100
2016-02-25,44.60411842881327,44.831894696079175,44.45036760200864,44.8148078918457,10699100
2016-02-26,44.95719927214459,45.1565063620807,44.90595185665749,45.11664581298828,12060200
2016-02-29,45.14507544353472,45.62909721235325,45.133688587155426,45.60062789916992,23746800
2016-03-01,45.69738419028762,46.372856143857064,45.53137789004434,46.32133483886719,24023200
2016-03-02,46.080930339937595,46.143898420222826,45.9206495418749,46.00651550292969,14987400
2016-03-03,45.94923927340063,46.29270289827823,45.78895857769584,46.161041259765625,12018400
2016-03-04,46.24118424229295,46.50450316699982,46.080903537455875,46.29270553588867,18029900
2016-03-07,46.18396542264592,46.367144088797595,46.17823986101884,46.349971771240234,12656200
2016-03-08,46.24693048899026,46.28127512186996,46.00078376293066,46.023681640625,17813700
2016-03-09,46.10954163763577,46.19540320875071,46.00077782445944,46.138160705566406,7699600
2016-03-10,46.40148953705148,46.475908737536024,46.109551398812634,46.458736419677734,18167000
2016-03-11,46.7792894003015,47.088404166901405,46.73349364954822,47.019710540771484,18662700
2016-03-14,46.87086958517028,46.97390782542661,46.67051866448368,46.88804626464844,12512400
2016-03-15,46.59609224493419,46.6418879774859,46.430085989925324,46.45298385620117,16442600
2016-03-16,46.3270381415064,46.933816186010326,46.26407011417254,46.762088775634766,21567100
2016-03-17,46.87089492385614,47.139939605934956,46.779307753739346,47.05979919433594,18423000
2016-03-18,47.11130607430525,47.2887591645076,47.099854951975296,47.168548583984375,12922000
2016-03-21,47.16283831102168,47.202908517518495,47.019729806772354,47.117042541503906,12653600
2016-03-22,47.0196894021873,47.08265743933381,46.928102309178605,46.991065979003906,8941200
2016-03-23,46.979628399560845,46.979628399560845,46.75637963058474,46.77355194091797,11354200
2016-03-24,46.43580946979861,46.64760708055743,46.4129116045477,46.567466735839844,13497800
2016-03-28,46.51598607561104,46.61329880329572,46.33280737812973,46.35570526123047,11298900
2016-03-29,46.218297977804205,46.55031058821556,46.18395335166605,46.533138275146484,11348400
2016-03-30,46.61899066271006,46.773545802748664,46.59036723769627,46.69913101196289,11796400
2016-03-31,46.647599468063866,46.882299273093814,46.64187827817572,46.762088775634766,9436700
2016-04-01,46.571765394228734,46.87656877513065,46.46824685093371,46.79605484008789,10822400
2016-04-04,46.732780280452424,46.8765557513234,46.62926176591815,46.6810188293457,9269700
2016-04-05,46.47973085414597,46.623506315138464,46.45672625386571,46.508487701416016,13254500
2016-04-06,46.58901106508951,46.939823612132635,46.57175870829718,46.899566650390625,13935000
2016-04-07,46.70977065439917,46.81904140456508,46.61775225685342,46.66951370239258,11306100
2016-04-08,46.91681424302386,46.95131895310473,46.82479583256911,46.88230514526367,7953000
2016-04-11,46.95706876456918,47.07783963126602,46.93981641042378,46.94556427001953,8126900
2016-04-12,47.026081719399194,47.23887100778721,46.99732925621989,47.22161865234375,11772800
2016-04-13,47.33664762515377,47.62995089482805,47.33664762515377,47.53218460083008,13596100
2016-04-14,47.53219071592545,47.578199938201436,47.44592452107821,47.51493835449219,10758400
2016-04-15,47.428635852885385,47.48614514286637,47.388378911130935,47.44013595581055,7857300
2016-04-18,47.25036659084915,47.716197650675376,47.23310985098123,47.710445404052734,9211400
2016-04-19,47.819740553630766,47.96926832837243,47.77948358208656,47.9117546081543,11623600
2016-04-20,47.951973159435376,48.13600550871217,47.85995917863564,48.00373458862305,10128800
2016-04-21,48.06124685413146,48.078499202370956,47.831205306357155,47.854209899902344,13349500
2016-04-22,47.89449097584796,47.99225725692151,47.854234013777685,47.963504791259766,10982300
2016-04-25,47.87724627718063,47.94626010363164,47.762227620776116,47.77947998046875,8972400
2016-04-26,47.9002528260025,47.94626204549992,47.825491135079695,47.94050979614258,8291000
2016-04-27,47.98650055827268,48.25679913425243,47.9692482045172,48.2222900390625,10505400
2016-04-28,48.21075646108542,48.331527241204995,48.1072380227435,48.14174270629883,9229000
2016-04-29,48.09576692795036,48.25679913425243,47.93473910932727,48.2222900390625,20284700
2016-05-02,48.1714616506716,48.258122636392876,48.11946770389534,48.24079132080078,11420700
2016-05-03,48.06744591103015,48.07900305429668,47.85946140981945,47.92879104614258,18449200
2016-05-04,47.84216050788116,47.87104897664833,47.72661544833544,47.749725341796875,17645200
2016-05-05,47.899916078089056,47.90569024305755,47.68615296474787,47.70926284790039,18782100
2016-05-06,47.507064236061034,47.78437406131121,47.49550708881549,47.680381774902344,16204400
2016-05-09,47.60529570746501,47.7150622006836,47.535966021409706,47.5937385559082,11622800
2016-05-10,47.62261047239299,48.00969116751336,47.62261047239299,47.998138427734375,11420700
2016-05-11,47.998137493166944,48.159902293484826,47.91147651935086,47.963470458984375,20692000
2016-05-12,48.09059488532298,48.09059488532298,47.928830010153376,48.03860092163086,11312400
2016-05-13,47.9923648669056,48.05591596172887,47.8017115824358,47.82482147216797,11332400
2016-05-16,47.91148764614781,48.1136936935048,47.87682501167554,48.09058380126953,12981700
2016-05-17,48.00967902645091,48.13678117067867,47.95768509895366,47.992347717285156,7489900
2016-05-18,48.00969116751336,48.14257191765335,47.865257677594386,47.998138427734375,16612500
2016-05-19,47.830594636386444,47.899924297741016,47.715045200795494,47.865257263183594,20290200
2016-05-20,47.87104157502717,48.04436354530892,47.87104157502717,48.032806396484375,10556700
2016-05-23,48.02123978719585,48.29854957024841,47.92880025433865,48.044349670410156,10457400
2016-05-24,48.16569707866671,48.333240509033196,48.13103003281597,48.3332405090332,10838400
2016-05-25,48.43145034688311,48.48344429982057,48.38523056132002,48.40834045410156,15119600
2016-05-26,48.49499211001891,48.49499211001891,48.26389763447332,48.269676208496094,12269000
2016-05-27,48.2927899294482,48.35056686401367,48.25812729491792,48.35056686401367,6225600
2016-05-31,48.385222770379954,48.4545524375612,48.25234201022273,48.30434036254883,11994100
2016-06-01,48.17779465615782,48.404199174704175,48.1255495037502,48.380977630615234,16488600
2016-06-02,48.29968055049644,48.42159470392549,48.24743542393068,48.3925666809082,12118900
2016-06-03,48.43900820189458,48.50866836842818,48.31709848140645,48.479644775390625,13093000
2016-06-06,48.636406366677804,48.723486042908014,48.54352462667355,48.6944580078125,16126200
2016-06-07,48.752493286138474,48.967284709638676,48.72346526342278,48.90923309326172,18423500
2016-06-08,48.97311052298039,49.112435343068434,48.96730403033534,49.09502029418945,14652800
2016-06-09,49.095005275898785,49.095005275898785,48.845379317196844,48.9034309387207,11188300
2016-06-10,48.706064748110364,48.77572493691726,48.56673994144082,48.665428161621094,15259900
2016-06-13,48.47384712715765,48.653808495601545,48.34032440185547,48.34032440185547,17257900
2016-06-14,48.25904949554896,48.322907610247476,48.05006010727288,48.17777633666992,20578800
2016-06-15,48.33452676584982,48.40418695146909,48.166173935510685,48.20100402832031,14202800
2016-06-16,48.09647689472631,48.27063609946937,47.86426609808641,48.22999954223633,19195500
2016-06-17,48.23584980432257,48.375179078973105,48.2184347522555,48.259071350097656,16113800
2016-06-20,48.60736091287968,48.74668567479132,48.49125325374137,48.54350280761719,13368400
2016-06-21,48.630601158743644,48.75251536612088,48.549327973196434,48.72929382324219,12141800
2016-06-22,48.75830745732916,48.83377856351263,48.70025582653416,48.77572250366211,10759500
2016-06-23,48.990481306194084,49.13561248779297,48.94984475250849,49.13561248779297,9920200
2016-06-24,48.1777937177554,48.88022880380143,48.12554856636541,48.328731536865234,31416700
2016-06-27,48.18359637463831,48.21842647279186,47.60887760982355,47.63209915161133,27244200
2016-06-28,48.08486834796796,48.24741457690013,48.00359523350188,48.22999954223633,13910300
2016-06-29,48.520294352579185,48.93827318001864,48.497072814493045,48.83958053588867,23604300
2016-06-30,48.79893929032468,49.22853106030122,48.72927911177558,49.170475006103516,26304600
2016-07-01,49.168741770167436,49.40204184008331,49.13957703647116,49.26789474487305,16343000
2016-07-05,49.16872449992806,49.16872449992806,48.90625533859314,48.987911224365234,12078200
2016-07-06,48.92378041982752,49.20958063366922,48.84795832529184,49.2037467956543,9607000
2016-07-07,49.215399114202455,49.34371682260434,49.13957703647116,49.26789474487305,13058100
2016-07-08,49.47202370283839,49.95029586134607,49.45452664641572,49.9211311340332,21395600
2016-07-11,49.95029830932617,50.11361011049156,49.926967416314994,49.95029830932617,18313500
2016-07-12,50.19527688591942,50.34692549839042,50.07862684550406,50.09029006958008,16074300
2016-07-13,50.08446630009218,50.10196336312561,49.87449264386235,49.944480895996094,13040300
2016-07-14,50.10194606985041,50.10777990548604,49.926966600083674,50.04362106323242,7764400
2016-07-15,50.07279862479369,50.1252942638083,49.926983832962655,49.944480895996094,9163800
2016-07-18,49.973628408035545,50.12527698524139,49.94446367975692,50.113609313964844,7447200
2016-07-19,50.002796378772395,50.084452283352235,49.89197574402272,49.97946548461914,7349700
2016-07-20,50.049424327574165,50.15441106465784,49.95610525567225,50.10775375366211,7247500
2016-07-21,50.03195074108949,50.20693020158519,50.00861984969589,50.037784576416016,11265000
2016-07-22,50.04945252448088,50.31192174001546,50.00279518719929,50.25942611694336,10523500
2016-07-25,50.21276245238952,50.21276245238952,49.97362858930592,50.02029037475586,14768400
2016-07-26,49.98528632635114,50.01445105153561,49.79864365494248,49.82780838012695,14292600
2016-07-27,49.91530663817598,49.99696254275582,49.77532127325649,49.97946548461914,11730800
2016-07-28,49.87447990432527,49.87447990432527,49.71699747742179,49.769493103027344,17968100
2016-07-29,49.68200675333558,49.82782151787931,49.57118610831004,49.816158294677734,15202400
2016-08-01,49.78272643517567,49.788586545856795,49.49564359116701,49.53665542602539,18335300
2016-08-02,49.51908578246135,49.57181785006397,49.38433449739323,49.46635818481445,21959800
2016-08-03,49.50738351521777,49.73587877384529,49.478087417462675,49.68900680541992,13733700
2016-08-04,49.87063502950874,50.069834192234254,49.800327076216625,50.00538635253906,11832000
2016-08-05,50.169430642658035,50.25731446129934,50.09912716371035,50.116703033447266,12314900
2016-08-08,50.21045370259615,50.345209517251895,50.15186596707709,50.321773529052734,10800900
2016-08-09,50.35104893321316,50.53267217964688,50.33932870895274,50.497520446777344,13772300
2016-08-10,50.509245393323596,50.53268137615372,50.38620983593298,50.403785705566406,7250400
2016-08-11,50.4858169073156,50.597136724799775,50.444805048762056,50.52682876586914,6732600
2016-08-12,50.49752946847812,50.57955317313165,50.45651761615136,50.567832946777344,3996500
2016-08-15,50.673312342438145,50.74948043349506,50.579572844929075,50.720184326171875,9396400
2016-08-16,50.737754983044375,50.737754983044375,50.59128340141321,50.61471939086914,8104400
2016-08-17,50.649871856511716,50.70846406595931,50.573708242171044,50.685028076171875,14139600
2016-08-18,50.72600998490613,50.88419723510742,50.690853786007224,50.88419723510742,8582700
2016-08-19,50.81977929074993,50.86079115527607,50.70846392701211,50.731895446777344,7474000
2016-08-22,50.67916793087812,50.71431968055923,50.567848096943976,50.649871826171875,5364700
2016-08-23,50.77878563663521,50.86666951212493,50.731913640379425,50.81979751586914,7476400
2016-08-24,50.813920702087096,50.84321233507574,50.67330477189379,50.67916488647461,6655300
2016-08-25,50.70845940857342,50.83735063562914,50.69673917977716,50.77290725708008,7482800
2016-08-26,50.743613425121,50.98382448669936,50.626437951661956,50.714317321777344,10544900
2016-08-29,50.790488153582146,50.99554747822151,50.772912278607066,50.966251373291016,10038500
2016-08-30,50.96624833041235,51.054132169998795,50.84907285760225,50.99554443359375,16157400
2016-08-31,50.95452509502542,50.9896768377194,50.749465812715336,50.79633331298828,16985000
2016-09-01,50.83808739981991,50.91457827498523,50.67333505997795,50.89692687988281,14952700
2016-09-02,51.04994418400464,51.208811325763875,50.96756796395654,51.132320404052734,13540100
2016-09-06,51.1146635663978,51.19703977769201,51.10289297097473,51.19115447998047,12662000
2016-09-07,51.16173574525343,51.197043044608805,51.01463471724618,51.04994201660156,8245100
2016-09-08,51.055845843009784,51.0852678575424,50.94993287552918,50.95581817626953,8430700
2016-09-09,50.808690292248166,50.93225460762942,50.4497634522121,50.46741485595703,25087600
2016-09-12,50.36738933067349,50.73808678135669,50.33797181960094,50.64393997192383,17718300
2016-09-13,50.520380044095944,50.585104858917035,50.173219265585814,50.25559997558594,21907200
2016-09-14,50.32618875429472,50.49094114081384,50.18497306430202,50.243812561035156,14257700
2016-09-15,50.308536283460654,50.56155015427744,50.2732334840053,50.53801345825195,9964800
2016-09-16,50.47330165404773,50.56156316456294,50.35562263280539,50.54979705810547,8396600
2016-09-19,50.585116561961634,50.64395609200244,50.496855022316225,50.57923126220703,9855500
2016-09-20,50.60276961414599,50.661609146096175,50.438017129018064,50.52039337158203,8705600
2016-09-21,50.54980029751814,50.9675666856174,50.532144402950124,50.93814468383789,17484300
2016-09-22,51.10877227783204,51.26763938408688,51.0205107791721,51.10877227783203,11813600
2016-09-23,51.07347871978278,51.1735063414276,51.01463471724618,51.04994201660156,13122600
2016-09-26,50.93814557278675,51.002870386497456,50.785159241364425,50.82634735107422,6590500
2016-09-27,50.75573165020143,50.97932356006292,50.679236255095525,50.97343826293945,8516500
2016-09-28,51.061694827858915,51.32647930282606,50.879291037158794,51.3147087097168,11149300
2016-09-29,51.291166844367375,51.30293743629059,50.93224010652267,51.12052917480469,13425800
2016-09-30,51.191148984515024,51.3617866864967,51.17938287952189,51.34413528442383,12158000
2016-10-03,51.312217712402344,51.365411713560476,51.2117456657968,51.312217712402344,10708800
2016-10-04,51.3831531223603,51.41861279171409,51.15856319214999,51.223575592041016,11057500
2016-10-05,51.40088344677971,51.41270183363904,51.276770093745284,51.35951232910156,9424500
2016-10-06,51.400876239041665,51.412694624243755,51.25903307105151,51.38905334472656,9455200
2016-10-07,51.41270186690057,51.53090828113862,51.26494723093824,51.507266998291016,10824200
2016-10-10,51.54271908835182,51.714114981957,51.50725942385177,51.65501403808594,4182300
2016-10-11,51.57819147314562,51.584102921724515,51.282682171798335,51.36542892456055,8855400
2016-10-12,51.34177982901191,51.436340446318724,51.25903759795093,51.347686767578125,7915300
2016-10-13,51.18812152160142,51.28268215325903,51.08173799279029,51.217674255371094,10614800
2016-10-14,51.365413931208735,51.406785040956734,51.26493737115264,51.33586120605469,6766300
2016-10-17,51.3240202013459,51.41267383641155,51.24718945581497,51.26491928100586,7790000
2016-10-18,51.448187862238996,51.48955899748726,51.312251555500104,51.471824645996094,8404600
2016-10-19,51.513211681500074,51.64914350918207,51.501388777891556,51.619590759277344,9874300
2016-10-20,51.619534874175756,51.660910482894316,51.524974293265004,51.62544631958008,12558000
2016-10-21,51.5249959901793,51.68456901039794,51.45998359069041,51.637290954589844,8332900
2016-10-24,51.702307595463964,51.74958565515049,51.584101173462784,51.66684341430664,7200800
2016-10-25,51.61364967212902,51.6668391758307,51.55454872053373,51.637290954589844,6906500
2016-10-26,51.5072590212057,51.62546090802382,51.412693904460845,51.430423736572266,13813300
2016-10-27,51.47179551419539,51.49543679368765,51.15264951383239,51.24129867553711,19333100
2016-10-28,51.18220206730993,51.21766624410921,50.951705209124896,50.99307632446289,19745600
2016-10-31,50.98124508362412,51.01079329620747,50.78620794230253,50.83939743041992,21174600
2016-11-01,50.86671480659214,50.86671480659214,50.44520079148738,50.641117095947266,26184000
2016-11-02,50.558002958272425,50.60549411503923,50.35614855662125,50.4155158996582,19593600
2016-11-03,50.52237407138779,50.599555686409296,50.38582964847475,50.42738723754883,12699700
2016-11-04,50.51646900344825,50.61146042882439,50.40961044406079,50.451168060302734,10970400
2016-11-07,50.90827011952925,51.187301595914825,50.87265062192689,51.157615661621094,14416200
2016-11-08,50.92014157817362,51.13386762183451,50.902331829441486,51.04481887817383,20370600
2016-11-09,50.73013712801166,51.05666411728001,50.64108843042509,50.68857955932617,24858900
2016-11-10,50.58174388890365,50.58174388890365,49.9939995204834,50.023685455322266,33213300
2016-11-11,49.863385106154496,49.988057870618476,49.42406138431417,49.55467224121094,16442900
2016-11-14,49.424065099723784,49.982128064984586,49.41812700684461,49.92275619506836,21036000
2016-11-15,50.17803331431078,50.647042943180885,50.17803331431078,50.58173751831055,17888600
2016-11-16,50.3680295122209,50.46302090216736,50.30272859343118,50.379905700683594,11965700
2016-11-17,50.37395421500679,50.51643673261005,50.24334335327148,50.243343353271484,12017600
2016-11-18,50.35020637383332,50.427387990006494,50.154294610667925,50.243343353271484,17781800
2016-11-21,50.373959357673954,50.67080060849047,50.36802126441498,50.64705276489258,11581600
2016-11-22,50.730172305136,51.0745092726905,50.71236255326912,51.021080017089844,16648100
2016-11-23,50.63517653954406,50.87265042466015,50.629238446820814,50.831092834472656,10662900
2016-11-25,50.860764987146844,50.91419875306072,50.81920740451908,50.89638900756836,2009600
2016-11-28,50.83110124866528,51.0566989856786,50.742047960825836,50.89046859741211,16897400
2016-11-29,50.75983649158717,50.87857113944202,50.71827891189433,50.82514190673828,9164000
2016-11-30,50.878588878297045,50.93796075236099,50.71829659486333,50.848907470703125,15211300
2016-12-01,50.85544544149292,50.87929938622004,50.6109504699707,50.6109504699707,18249400
2016-12-02,50.73024523467946,50.921072354130395,50.67657723999517,50.91510772705078,9360400
2016-12-05,50.93895083513708,51.08803463262906,50.91509688157719,51.04629135131836,9782100
2016-12-06,51.12381367420162,51.32060081311028,51.07610577096725,51.302711486816406,16090600
2016-12-07,51.368277970389684,51.642591425285715,51.32653471746362,51.559104919433594,20886400
2016-12-08,51.50547733219391,51.582999277038724,51.362353596004695,51.55318069458008,10782100
2016-12-09,51.52932301246263,51.65455284925823,51.49950443479294,51.5770263671875,6463400
2016-12-12,51.672462530866966,51.6903518646453,51.45181679835226,51.505489349365234,8457100
2016-12-13,51.69631548689775,51.78576215404955,51.61878897579568,51.63071823120117,10739200
2016-12-14,51.63069121340556,51.78573505512113,51.19536461246445,51.243072509765625,15672400
2016-12-15,51.15957770561118,51.36829403551627,51.135723760811345,51.26691818237305,11221700
2016-12-16,51.410078053202014,51.43989664525708,51.3027374913535,51.314666748046875,15722200
2016-12-19,51.35639228235482,51.51143616831027,51.34446302978791,51.445838928222656,5897900
2016-12-20,51.46374228091999,51.57108282539827,51.39814502875672,51.51741027832031,11072400
2016-12-21,51.49355213714543,51.65456521562725,51.48162743302842,51.60685729980469,17461400
2016-12-22,51.61641923583727,51.718135833740234,51.55658889662289,51.718135833740234,8507600
2016-12-23,51.73606762896434,51.81983098953581,51.70017035007965,51.813846588134766,4230500
2016-12-27,51.748050194532844,51.849766795332265,51.72411714521312,51.76599884033203,5840600
2016-12-28,51.837807625037776,51.837807625037776,51.67028081341858,51.6942138671875,6961200
2016-12-29,51.736085952254186,51.78395205089363,51.68223545009421,51.76599884033203,3794300
2016-12-30,51.80188800297325,51.87368256857721,51.68222278569783,51.783939361572266,7513400
2017-01-03,51.981402102014606,52.02328380549881,51.873705640946184,51.99935531616211,14050100
2017-01-04,52.05317198330474,52.286513423566284,52.05317198330474,52.2805290222168,11912400
2017-01-05,52.20873556114309,52.30446316094076,52.172833717053216,52.20275115966797,10458600
2017-01-06,52.14893708024605,52.22073168273834,52.07713791299012,52.190818786621094,6836400
2017-01-09,52.17884826660156,52.22072997160426,52.08312061149403,52.17884826660156,6648800
2017-01-10,52.23866420306489,52.31046334815062,52.160885219460354,52.184818267822266,11777000
2017-01-11,52.20276888152827,52.24465057655046,52.11900549148389,52.2147331237793,11914200
2017-01-12,52.20278584554606,52.23270330803932,52.13098667442057,52.22671890258789,12512300
2017-01-13,52.208769750386054,52.29253316684734,52.113037523136676,52.244667053222656,8861000
2017-01-17,52.20876743724417,52.22671608786724,52.142952675117144,52.190818786621094,8633000
2017-01-18,52.17285559957307,52.23867034912109,52.11302525401016,52.238670349121094,12715500
2017-01-19,52.20276595580544,52.23268340689987,52.017290540353976,52.071136474609375,10703200
2017-01-20,52.089099597959226,52.18483181626125,52.03525364873689,52.1728630065918,9262000
2017-01-23,52.13098130227551,52.18483181626125,52.07713535305318,52.1728630065918,13561300
2017-01-24,52.1429369362054,52.24464896887764,52.119003887677415,52.2087516784668,7490500
2017-01-25,52.29250642895142,52.39421844482422,52.2566045797081,52.39421844482422,8953900
2017-01-26,52.35234783223386,52.406193770346746,52.29850189412098,52.370296478271484,7443900
2017-01-27,52.32839265437817,52.46600649041105,52.32240825330877,52.41814041137695,7888100
2017-01-30,52.34039567059222,52.37629297095301,52.23867904496412,52.31047821044922,7637600
2017-01-31,52.28650160270343,52.304450237933324,52.16085659133447,52.25658416748047,12249400
2017-02-01,52.40203883683148,52.48016407945232,52.251803628486414,52.45011520385742,12489400
2017-02-02,52.4440696982037,52.50416740949925,52.3659490922558,52.48012924194336,10886200
2017-02-03,52.59435373449683,52.630413311782135,52.54027124579276,52.57032012939453,12674000
2017-02-06,52.58235908441678,52.600386588246295,52.49221698045135,52.53428268432617,7004900
2017-02-07,52.594367767516495,52.594367767516495,52.45014317434162,52.456153869628906,11170100
2017-02-08,52.45610582805041,52.498171486901576,52.35394702581372,52.49216079711914,11107300
2017-02-09,52.49219740795425,52.60637766939118,52.49219740795425,52.56431198120117,7292600
2017-02-10,52.594342548561634,52.61237462577713,52.52223257895945,52.6003532409668,5471800
2017-02-13,52.642422483605735,52.71453704290713,52.63641179079347,52.67848205566406,7477200
2017-02-14,52.67245383467557,52.73855767916687,52.56428432412742,52.71451950073242,8785000
2017-02-15,52.66044465209254,52.74457600369567,52.62438966849543,52.73255920410156,10582800
2017-02-16,52.67847773752928,52.93087179717215,52.58833569199543,52.690494537353516,8917800
2017-02-17,52.63641357966216,52.756604515915896,52.58834178997609,52.74458312988281,6247300
2017-02-21,52.74459936066746,52.91887283325195,52.74459936066746,52.91887283325195,10437800
2017-02-22,52.888826743203204,52.95493063004921,52.84676105019362,52.942909240722656,10963600
2017-02-23,53.057078299141395,53.06308899253403,52.930881246790314,52.99097442626953,8150200
2017-02-24,52.948896300460525,53.10514219824512,52.91884742537381,53.03302764892578,8390200
2017-02-27,53.0330248692702,53.09912872314453,52.99696988890762,53.09912872314453,5693300
2017-02-28,53.06307093304618,53.10513660284657,53.02701136977859,53.05706024169922,5868400
2017-03-01,53.22244818554406,53.30091010503098,53.22244818554406,53.252628326416016,10612100
2017-03-02,53.264716566899,53.264716566899,53.08364486694337,53.08364486694336,9193000
2017-03-03,53.12585999099008,53.16810941303589,53.00514867224253,53.10775375366211,15059300
2017-03-06,53.02329590649539,53.04743910988044,52.92672769780039,52.93879699707031,17066300
2017-03-07,52.83010920653114,52.87235862471418,52.58264964427084,52.59471893310547,17023100
2017-03-08,52.46800726703264,52.55250616232388,52.23865378050563,52.244686126708984,22433500
2017-03-09,52.136025754697954,52.34124057478036,52.02738369814676,52.10585021972656,21260700
2017-03-10,52.43782195455069,52.43782195455069,51.95497182968273,52.0877571105957,20643900
2017-03-13,52.13600670711908,52.19636696469523,51.97908293097626,52.129974365234375,13512300
2017-03-14,51.97911281689607,52.03343155413635,51.90064627886839,51.97307586669922,12808500
2017-03-15,52.14809303930603,52.691303253173835,52.099806663663955,52.69130325317383,19654600
2017-03-16,52.81202721638505,52.83013346037002,52.52835044770496,52.54042434692383,15807500
2017-03-17,52.66112254955646,52.66112254955646,52.534374268493885,52.55851745605469,9984500
2017-03-20,52.55250079987607,52.55250079987607,52.45593261718749,52.4559326171875,12220600
2017-03-21,52.55852465951404,52.61284338533891,52.07567005180427,52.08170700073242,16918200
2017-03-22,52.05151428766293,52.250692110594144,51.918729072375456,52.20844268798828,14054600
2017-03-23,52.166229685871684,52.359370696176754,52.13001718545352,52.226585388183594,10618900
2017-03-24,52.268820143856786,52.4257486096201,52.268820143856786,52.40764236450195,8920800
2017-03-27,52.22050155438177,52.377429923382735,52.148076618566535,52.35328674316406,7788700
2017-03-28,52.32917135458828,52.66113450284725,52.32917135458828,52.643028259277344,16871700
2017-03-29,52.67923744811713,52.842202839729275,52.64302496324463,52.75166702270508,12266300
2017-03-30,52.872400966456915,53.01122322585475,52.79393901409417,52.999149322509766,16367900
2017-03-31,52.95084253197584,53.05344763775617,52.92669934152586,52.98101806640625,11778400
2017-04-03,53.0131393225329,53.01920203288117,52.873729355973914,52.9525260925293,20664400
2017-04-04,52.95857470262912,53.03130870947077,52.91008228174016,52.97069549560547,8473900
2017-04-05,53.05559199029529,53.16469770128261,52.897993824536925,52.92830276489258,11102300
2017-04-06,52.97679634359728,53.04953040280191,52.916183086095046,52.99497985839844,7234500
2017-04-07,53.067680337383386,53.11011004953828,52.97069549560547,52.97069549560547,5457800
2017-04-10,53.05556256718434,53.11011770467078,53.007070139305824,53.04344177246094,7996900
2017-04-11,53.07983670547663,53.07983670547663,52.87980880361601,52.94042205810547,8005800
2017-04-12,52.976783752441406,53.0980102386336,52.92829130816692,52.976783752441406,8723800
2017-04-13,52.9585826691822,53.03131668696522,52.83129351356943,52.86766052246094,10446700
2017-04-17,52.93434258274387,53.037385536193,52.873729352743965,53.025264739990234,7158700
2017-04-18,53.01922723349361,53.07377777907742,52.87375448744159,53.01316452026367,9062800
2017-04-19,53.04345820567286,53.15862197694726,52.934352521390785,52.964656829833984,8643200
2017-04-20,53.02528953511945,53.1525787649888,53.00104330688312,53.14045333862305,7766000
2017-04-21,53.12227632153418,53.16470607001401,53.03135411065005,53.09803009033203,11328200
2017-04-24,53.316221980303,53.35258900151213,53.267729535694784,53.34653091430664,8904700
2017-04-25,53.38289871848836,53.46169547376189,53.358652495828636,53.443511962890625,12493400
2017-04-26,53.395015716552734,53.47987980206765,53.38289491833277,53.395015716552734,7269000
2017-04-27,53.39501721031547,53.43745156650695,53.34652939158534,53.43138885498047,6897900
2017-04-28,53.437446597775526,53.48593441199715,53.382891448097645,53.41320037841797,7542800
2017-05-01,53.41622481241762,53.477097074235864,53.38578635938055,53.440574645996094,10336000
2017-05-02,53.50149246215379,53.50758108679659,53.42235891883667,53.45888137817383,10792800
2017-05-03,53.50146066486449,53.537983102495424,53.446677008418085,53.50754928588867,7413400
2017-05-04,53.47102856626666,53.47102856626666,53.17275112019021,53.22145080566406,20562500
2017-05-05,53.22146769472519,53.36147817382838,53.191029220580425,53.31277847290039,14935200
2017-05-08,53.33100421599655,53.40405371878517,53.288393167100516,53.37361526489258,8199200
2017-05-09,53.44670351172891,53.47713734342729,53.33104287620071,53.33713150024414,10810000
2017-05-10,53.47712109837217,53.592781698765485,53.40407620907784,53.56843185424805,10824900
2017-05-11,53.531889986217536,53.59276225329539,53.46492909915502,53.574501037597656,8461400
2017-05-12,53.604961836291885,53.611050459341854,53.51365571183541,53.55626678466797,8929900
2017-05-15,53.64148658501737,53.72062010417264,53.635397962233604,53.678009033203125,10690200
2017-05-16,53.73277220220965,53.781471877380184,53.67798855083529,53.75712203979492,12638900
2017-05-17,53.58059808148498,53.62929776472749,53.48929198072704,53.51972579956055,14055700
2017-05-18,53.36143864700868,53.665804585964686,53.34317278949657,53.5805778503418,10731800
2017-05-19,53.67192041041936,53.757142552358395,53.64757056354272,53.678009033203125,15998800
2017-05-22,53.78757015958575,53.84235382080078,53.732781854113234,53.84235382080078,7181800
2017-05-23,53.86667266282539,53.86667266282539,53.781450587141784,53.836238861083984,6998400
2017-05-24,53.87280955242606,53.93977047821273,53.81193725014517,53.92759323120117,8533600
2017-05-25,53.92757123320128,54.02497059252697,53.866698955751254,53.88496017456055,7985500
2017-05-26,53.8728056445977,53.92758931939891,53.8728056445977,53.9154167175293,2909500
2017-05-30,53.90930740740871,53.99452952056893,53.884957568754814,53.970184326171875,5371100
2017-05-31,53.97628011328977,53.99454133521175,53.891057981481936,53.964107513427734,13758400
2017-06-01,54.01729051005147,54.16400886948425,53.97449746087972,54.1212158203125,19189300
2017-06-02,54.13344759142782,54.200694480984794,54.102879127413644,54.15178680419922,9491600
2017-06-05,54.13342031628804,54.1884379268816,54.07839804160406,54.10285186767578,10384400
2017-06-06,54.09065735640015,54.10899657012635,53.986727371796675,54.017295837402344,14386500
2017-06-07,54.06621236125648,54.06621236125648,53.84001780541388,53.907264709472656,13329000
2017-06-08,53.91947426252785,54.00506035944516,53.815548953998615,53.950042724609375,14208300
2017-06-09,54.00506440052429,54.072311290861606,53.919478297202765,53.99283981323242,10414900
2017-06-12,54.011168375146305,54.127322919930904,53.97448995641091,54.084529876708984,9900000
2017-06-13,54.10900092727405,54.18847241451805,54.10288630084194,54.18235778808594,8640400
2017-06-14,54.24960120121897,54.25571582725824,54.1151074129134,54.18846893310547,8850700
2017-06-15,54.05396291860832,54.07230212848501,53.870566155749394,53.98060607910156,10860500
2017-06-16,54.02951211256096,54.02951211256096,53.876679136232504,53.88890838623047,11996100
2017-06-19,53.992841884621065,54.0723133652991,53.97450267093329,54.05397415161133,6398400
2017-06-20,53.888883298396166,53.931676325282254,53.85831485172462,53.86442947387695,18318500
2017-06-21,53.87059540013449,53.895049247942524,53.50379234710854,53.55270004272461,26728100
2017-06-22,53.607690551936315,53.72384042997518,53.57100746994717,53.69938659667969,18699400
2017-06-23,53.723868524333355,53.93172388399506,53.71775856088318,53.91949462890625,11337700
2017-06-26,53.9072537099109,54.01729365190898,53.88891449692669,53.99283981323242,9504500
2017-06-27,53.99283892134482,54.00506350843475,53.78498829216675,53.8216667175293,15293300
2017-06-28,53.92557444549816,54.06618280368621,53.864442201799925,54.04172897338867,9755500
2017-06-29,53.95617239680519,54.035643890650206,53.833903178473875,53.907264709472656,14548400
2017-06-30,53.98064212367197,54.090682120501306,53.925619793209734,54.03565979003906,8202000
2017-07-03,54.033805417623626,54.18115228226175,53.953988824387345,54.009246826171875,13882000
2017-07-05,54.0460785355796,54.09519571499718,53.92942640548087,53.96626663208008,16269100
2017-07-06,53.94780208388401,53.96007902605732,53.74519740751452,53.83115005493164,15424700
2017-07-07,53.78821479241784,53.8496089182878,53.689980443768654,53.782073974609375,15731200
2017-07-10,53.782058345584396,53.86801103363887,53.76364058158275,53.84345245361328,12286600
2017-07-11,53.84345708268381,53.85573871578759,53.73294580510279,53.80662155151367,9261400
2017-07-12,54.02150058162438,54.15657043457031,53.94782952297778,54.15657043457031,17979900
2017-07-13,54.162718908827934,54.224113027737346,54.107460922959746,54.199554443359375,11744600
2017-07-14,54.236379077115146,54.377589737889295,54.181125786423145,54.353031158447266,12626700
2017-07-17,54.365342899217524,54.3898968081881,54.32236653241,54.37147903442383,10158100
2017-07-18,54.359191071259424,54.420585199397834,54.31621471315536,54.396026611328125,9221100
2017-07-19,54.451274055691144,54.537226755246124,54.414433838688424,54.48810958862305,8250900
2017-07-20,54.54335272278961,54.549493538490744,54.43898227622018,54.518798828125,11827800
2017-07-21,54.50652479276837,54.51266560932528,54.42671291381089,54.475830078125,8771700
2017-07-24,54.46354085495474,54.518798828125,54.42670532888787,54.518798828125,4707500
2017-07-25,54.56177648197023,54.586335061295365,54.51265932331995,54.54335403442383,7292900
2017-07-26,54.62317276000977,54.66614910451994,54.555637835198034,54.623172760009766,7279800
2017-07-27,54.61703572628067,54.64159430828297,54.52494221478967,54.5802001953125,11624500
2017-07-28,54.54949401805493,54.586334228515625,54.500376860154,54.586334228515625,4945300
2017-07-31,54.518799307419336,54.63544670234657,54.512658491664226,54.586334228515625,9779900
2017-08-01,54.628255065072516,54.67141002678107,54.60359441501933,54.64058303833008,14946800
2017-08-02,54.640606160758956,54.69609382274401,54.61594550027005,54.65293884277344,7422700
2017-08-03,54.60360153350783,54.65908917924575,54.51112525963709,54.548118591308594,9548300
2017-08-04,54.54812353158713,54.57277948354959,54.504968560344174,54.56045150756836,6451600
2017-08-07,54.56045014463162,54.56045014463162,54.4988008591873,54.535789489746094,5204700
2017-08-08,54.51113364568409,54.56045495980795,54.2460374616926,54.3015251159668,18534700
2017-08-09,54.19055012147828,54.23987143160707,54.054918870393614,54.0919075012207,15001700
2017-08-10,53.98093128329759,54.03025258828976,53.70350717390906,53.74666213989258,24749700
2017-08-11,53.863813949106195,53.9192969049017,53.79599831188514,53.83915328979492,17434300
2017-08-14,53.99942698946645,54.21520652848766,53.99942698946645,54.12273025512695,12566000
2017-08-15,54.128873049852686,54.18435596761251,54.085718101527284,54.14120101928711,6830500
2017-08-16,54.1843847191134,54.233706030095355,54.12890177191303,54.147396087646484,11716100
2017-08-17,54.07959942752914,54.12892075580889,53.81450316745142,53.8453254699707,14112300
2017-08-18,53.93780787060659,54.06111120521872,53.81450923953574,53.925479888916016,14324400
2017-08-21,53.993270637305855,54.01176495308001,53.91312233089902,53.98093795776367,7763400
2017-08-22,54.03023815337507,54.25217926300672,53.999411170106185,54.202857971191406,12982200
2017-08-23,54.11040659588342,54.23370988209604,54.07341796178935,54.209049224853516,6449500
2017-08-24,54.2336749520252,54.295324203655596,54.17818733308235,54.28915786743164,8480100
2017-08-25,54.27686965536281,54.40633458967834,54.258375336680565,54.387840270996094,6622800
2017-08-28,54.41863787829062,54.41863787829062,54.338494299181505,54.39398193359375,5161700
2017-08-29,54.258356261313516,54.34466618718027,54.246023584167865,54.326171875,8991600
2017-08-30,54.34467525682963,54.498800822105075,54.3385089172277,54.47414016723633,13431100
2017-08-31,54.511141652860395,54.62827861522603,54.511141652860395,54.62211227416992,12705200
2017-09-01,54.57254788525383,54.69636345922915,54.57254788525383,54.677791595458984,10535700
2017-09-05,54.64065745734902,54.64065745734902,54.4549293405294,54.553985595703125,9560500
2017-09-06,54.622090349535654,54.653041889527586,54.504462217083486,54.516841888427734,9023300
2017-09-07,54.60348607029503,54.60348607029503,54.516814245045374,54.523006439208984,8784000
2017-09-08,54.51683336921949,54.51683336921949,54.349681854248054,54.34968185424805,7688700
2017-09-11,54.44252680812294,54.59729859939165,54.38680650717089,54.523006439208984,8047600
2017-09-12,54.54780480718399,54.59733294512927,54.51066106535663,54.59114074707031,4752800
2017-09-13,54.54162211672114,54.62210653572792,54.51067056755733,54.60972213745117,11725900
2017-09-14,54.58497992205902,54.708800338088764,54.57879244370697,54.68403625488281,9554600
2017-09-15,54.65305135750182,54.745915440090435,54.628287287260626,54.73353576660156,8248000
2017-09-18,54.71494678157293,54.739710846206435,54.67780304625386,54.70875930786133,7442200
2017-09-19,54.72733685164882,54.770672788436514,54.67780871724492,54.76448059082031,7208300
2017-09-20,54.77687737830122,54.807828926858726,54.677821087083785,54.75830078125,10087200
2017-09-21,54.776896525895964,54.78308400381197,54.677840200052785,54.69021987915039,6932300
2017-09-22,54.68401807751702,54.74592590332031,54.66544620210246,54.74592590332031,7570500
2017-09-25,54.72733115419955,54.78923895412801,54.70256708957569,54.776859283447266,4326200
2017-09-26,54.82639120319423,54.900683408602326,54.814011530591095,54.84496307373047,8816500
2017-09-27,54.8449716454337,54.888312314476124,54.78306382621628,54.86973571777344,7490100
2017-09-28,54.86973571777344,54.89449979011317,54.83878416979665,54.86973571777344,5934000
2017-09-29,54.913088792440774,54.95023727416993,54.85118095391261,54.95023727416992,8906900
2017-10-02,54.866276478746556,54.95330622079722,54.85384094830204,54.92222213745117,13097600
2017-10-03,54.92222889860984,55.027907206571484,54.92222889860984,55.02169418334961,5928800
2017-10-04,55.003045871880296,55.021694427160185,54.93466467401015,54.96574401855469,5832400
2017-10-05,54.959543487755056,55.03413772583008,54.959543487755056,55.03413772583008,5967900
2017-10-06,54.98441416509837,55.009280496158006,54.92225070883314,54.95333480834961,5847400
2017-10-09,54.978208959542485,54.99685752479787,54.940907086263344,54.95956039428711,3278400
2017-10-10,55.03415400679937,55.03415400679937,54.95334197738886,55.003074645996094,8786500
2017-10-11,55.00304055211989,55.00304055211989,54.93465936086341,54.94709014892578,7948700
2017-10-12,54.95331467134425,54.95331467134425,54.88493347167968,54.88493347167969,6181100
2017-10-13,54.95952267412296,54.971953461505514,54.87870595645843,54.9097900390625,3941200
2017-10-16,54.94709377290404,54.953311538728,54.87871257713755,54.94087600708008,6060300
2017-10-17,54.94087745380709,55.05277352775643,54.94087745380709,55.02169418334961,7468100
2017-10-18,55.04037010738761,55.10875133895734,55.027934569228655,55.077667236328125,7974400
2017-10-19,55.00303126552643,55.108709545892914,54.97816495083469,55.08384323120117,7270600
2017-10-20,55.11495739652367,55.15847228529707,55.08387330049959,55.13360595703125,7107000
2017-10-23,55.139792316783044,55.164658633023684,55.0714111328125,55.0714111328125,7227200
2017-10-24,55.090064427066636,55.13357929479654,55.065198110825996,55.0714111328125,7103700
2017-10-25,55.03414476620707,55.03414476620707,54.84143663617139,54.91603088378906,16817000
2017-10-26,54.971956398647926,54.99060495210071,54.82276322826031,54.84762954711914,10649800
2017-10-27,54.891182133466046,55.00929130073794,54.847667231256686,54.99686050415039,13720000
2017-10-30,54.8911703356852,55.02171501425526,54.8911703356852,54.984413146972656,5954500
2017-10-31,55.00929130073794,55.02172684009412,54.97821193788476,54.99686050415039,7198400
2017-11-01,55.044256358741315,55.0567387849542,54.93813906729702,54.94437789916992,9505500
2017-11-02,54.93815855807766,54.98185420902557,54.869493283378254,54.91318893432617,6096800
2017-11-03,54.94440990480984,54.98186673020161,54.85077974750505,54.9194450378418,7003200
2017-11-06,54.88821856989184,54.95688384366465,54.8632489464773,54.9256706237793,12262400
2017-11-07,54.913193145000065,54.91943674203388,54.750892959404794,54.76961898803711,11805400
2017-11-08,54.76963970065053,54.76963970065053,54.50122207631671,54.52619171142578,18120000
2017-11-09,54.39506672203927,54.39506672203927,54.132892880141945,54.25773620605469,38343500
2017-11-10,54.27025973139212,54.42007277528443,54.23280289856595,54.37637710571289,24521600
2017-11-13,54.332657923261195,54.40756679402535,54.326414326747,54.33890151977539,16280500
2017-11-14,54.25776514140314,54.28273477239537,54.07050005266665,54.10795211791992,13870600
2017-11-15,53.97062152869774,54.15789137990438,53.82080850521452,54.10795211791992,25382000
2017-11-16,54.382573830702356,54.682199660229074,54.332634604959004,54.63850402832031,30075200
2017-11-17,54.53242418561532,54.62605910755405,54.51993698937284,54.60108947753906,15942100
2017-11-20,54.63229338262548,54.700958668817194,54.57611529163383,54.61356735229492,8930300
2017-11-21,54.66351519125549,54.75090652149969,54.66351519125549,54.72593688964844,10102400
2017-11-22,54.7571458791478,54.850780800720365,54.74465868295415,54.813323974609375,9473800
2017-11-24,54.85078811645508,54.88199658616174,54.8258184832074,54.85078811645508,3126500
2017-11-27,54.85075656644811,54.85075656644811,54.64476078249593,54.682212829589844,10645400
2017-11-28,54.70721391589858,54.86327055184363,54.70097031696901,54.85078811645508,10403700
2017-11-29,54.81956036560201,54.85701242431925,54.732169053615564,54.782108306884766,11806200
2017-11-30,54.80081451786959,54.90068822581997,54.79457092285156,54.79457092285156,17981500
2017-12-01,54.80211446986671,54.85226626116262,54.52628918321531,54.77703857421875,15485800
2017-12-04,54.85228463467865,54.92124217512427,54.73944545783486,54.75825119018555,14801700
2017-12-05,54.789570272434624,54.82091154999812,54.71434259735507,54.72688293457031,9347600
2017-12-06,54.72063563091737,54.79586333743074,54.664213655347524,54.676753997802734,10081700
2017-12-07,54.70179748535156,54.7331387574391,54.64537554321564,54.70179748535156,8955900
2017-12-08,54.745715629531645,54.770791533579114,54.70809938209061,54.75825119018555,9100400
2017-12-11,54.75821924644149,54.7832951358607,54.720607803681126,54.77075958251953,11847900
2017-12-12,54.82091228544123,54.82091228544123,54.7394192233981,54.745689392089844,8846700
2017-12-13,54.770773187360305,54.820920195918156,54.745697291712354,54.77703857421875,7495000
2017-12-14,54.751970714776334,54.78958695513841,54.58271437273265,54.664207458496094,19337000
2017-12-15,54.726885516667785,54.75195662680656,54.66419339310826,54.67046356201172,14223900
2017-12-18,54.689266705661886,54.783300103827,54.683001319791565,54.72688293457031,11735200
2017-12-19,54.72689860179648,54.75823988833237,54.59524893703424,54.61405944824219,10985000
2017-12-20,54.66419003788097,54.70180626625535,54.59523253238806,54.65792465209961,11857400
2017-12-21,54.72149093826,54.75925874968735,54.68372312683264,54.71519470214844,11195700
2017-12-22,54.74668005603398,54.809628019607146,54.708912238414435,54.76556396484375,11136900
2017-12-26,54.727846641300395,54.84744644165039,54.72155039834739,54.84744644165039,5798900
2017-12-27,54.8159602358983,54.897792161992655,54.8159602358983,54.87261199951172,5625500
2017-12-28,54.885219096742254,54.89780678002207,54.82856251541756,54.84744644165039,6116500
2017-12-29,54.85370454008946,54.96071658274493,54.81593671388703,54.92924499511719,5116800
2018-01-02,54.95443508950731,54.99220292254294,54.92295869356179,54.979610443115234,7223500
2018-01-03,54.97959126083908,55.256568080126996,54.97959126083908,55.243980407714844,20557100
2018-01-04,55.28175288664336,55.38876492034268,55.25027649902711,55.338409423828125,13610900
2018-01-05,55.37618637084961,55.401366524566896,55.31952982432991,55.37618637084961,9851600
2018-01-08,55.36988299773802,55.413947060410095,55.306935022866845,55.332115173339844,9804000
2018-01-09,55.38876789232355,55.38876789232355,55.14956366252148,55.16215133666992,13550400
2018-01-10,55.08031695666043,55.118084780020084,54.9355322960776,55.04254913330078,33182000
2018-01-11,55.09288545646517,55.23137383074963,55.055117646249705,55.22508239746094,12911500
2018-01-12,55.13699059569249,55.21253107504388,55.1118152385331,55.130699157714844,12088500
2018-01-16,55.168449233544685,55.22510577547268,55.048844713736706,55.099205017089844,18474100
2018-01-17,55.11806786380758,55.199904526133786,55.092887721754984,55.1054801940918,16340400
2018-01-18,55.08031595640156,55.11808377907535,55.017367984404444,55.0488395690918,16134900
2018-01-19,55.042532240270816,55.11177643026021,55.01105586204981,55.1054801940918,14401800
2018-01-22,55.07403182632538,55.17475244576192,55.07403182632538,55.15586853027344,16674700
2018-01-23,55.193642131620734,55.3321305965129,55.162165734100164,55.31953811645508,11600300
2018-01-24,55.26915490958027,55.31951039670727,55.1747305669571,55.23767852783203,10746300
2018-01-25,55.33210901289813,55.33210901289813,55.14955654426052,55.19991683959961,11039300
2018-01-26,55.21880026026848,55.294335899985505,55.162143727858655,55.243980407714844,7164100
2018-01-29,55.162147839735574,55.19362422704534,55.03625189574134,55.0488395690918,19590800
2018-01-30,55.04886368254997,55.0551599232944,54.853723443093465,54.86001968383789,18469300
2018-01-31,54.954383850097656,55.029919445739615,54.89772735074693,54.954383850097656,12692800
2018-02-01,54.90763740301444,54.98981380186207,54.81913825876571,54.85074234008789,17920000
2018-02-02,54.711685691446064,54.75593527165035,54.45882888048907,54.50307846069336,24787000
2018-02-05,54.44617621331346,54.686392322349825,54.09850236404582,54.199642181396484,28071300
2018-02-06,54.05426514568275,54.59158290671342,54.05426514568275,54.52836990356445,33924300
2018-02-07,54.6041878008721,54.755904696434435,54.275477506166716,54.3260498046875,24298100
2018-02-08,54.30711192757117,54.36400217302059,53.84564792661012,53.85197067260742,25419300
2018-02-09,53.90884442267099,53.99734354818527,53.14395636767437,53.70023727416992,47230300
2018-02-12,53.85829872378127,54.149087220234556,53.83301738072212,54.0669059753418,23448100
2018-02-13,53.9341403570667,53.99735334063481,53.801391644721235,53.89621353149414,14679900
2018-02-14,53.725555989311495,54.010021770449896,53.668665726789946,53.991058349609375,19332400
2018-02-15,54.11745716078735,54.42720413208008,54.11745716078735,54.42720413208008,21931600
2018-02-16,54.420885972957514,54.686388222135484,54.408245305302145,54.64845657348633,29195600
2018-02-20,54.49041679133398,54.60420208134373,54.43352655774965,54.45881271362305,22740600
2018-02-21,54.51571601506114,54.60421517041145,54.19964622514082,54.2122917175293,15656700
2018-02-22,54.237611092732585,54.45253636652705,54.19967941518134,54.25025177001953,14626900
2018-02-23,54.29445731161275,54.6294904505373,54.2565304876866,54.61052703857422,15919500
2018-02-26,54.6484310453469,54.793825181093474,54.61050423725617,54.705326080322266,10996300
2018-02-27,54.6674267933791,54.68006746149326,54.49042367988897,54.559959411621094,13840900
2018-02-28,54.623188887212486,54.667438469325475,54.43986781193216,54.4777946472168,8751000
2018-03-01,54.5228304295189,54.535521309888985,54.116649627685554,54.11664962768555,24974200
2018-03-02,54.148410365437556,54.4466970398623,54.129371614644775,54.42131042480469,18767600
2018-03-05,54.307073078046315,54.459387926390235,54.307073078046315,54.42131042480469,9000200
2018-03-06,54.47210711790399,54.548262153877644,54.38325634793218,54.497493743896484,14462900
2018-03-07,54.433969543234646,54.459356143476434,54.326080123706234,54.36416244506836,8195200
2018-03-08,54.42765426635742,54.453040879538726,54.33245567742789,54.42765426635742,10201800
2018-03-09,54.491109767100994,54.66246332649413,54.44033654876207,54.624385833740234,8942600
2018-03-12,54.57995162397428,54.624376972313804,54.44667557895572,54.535526275634766,10126500
2018-03-13,54.5355159442018,54.605327884366986,54.3324279842664,54.36416244506836,19020400
2018-03-14,54.40864128534513,54.44037093534815,54.27536029252,54.30074691772461,10802500
2018-03-15,54.294365541328006,54.42129373568987,54.262631071737424,54.33879089355469,8647900
2018-03-16,54.3514984311508,54.45938791361905,54.3197639518358,54.45304489135742,11006000
2018-03-19,54.36418071735703,54.38321946343773,54.16743570985514,54.230899810791016,14298800
2018-03-20,54.21820571951075,54.35782963850894,54.21820571951075,54.33879089355469,14317800
2018-03-21,54.31341231820561,54.459379279107466,54.2753299806652,54.35783767700195,8643700
2018-03-22,54.23090844021559,54.307068278657795,54.021477358001825,54.0341682434082,15972300
2018-03-23,54.12938821205943,54.19285234816227,53.83110144617255,53.89456558227539,21847400
2018-03-26,54.16743910688867,54.25628982217114,54.02781517087312,54.24359893798828,12454200
2018-03-27,54.24992730719582,54.34512100936289,54.0785689592969,54.192806243896484,12661500
2018-03-28,54.173797815534556,54.224571046432395,54.07225135373887,54.167449951171875,14642900
2018-03-29,54.25628001549273,54.389556064327145,54.192815922047764,54.351478576660156,10299600
2018-04-02,54.24252210855073,54.338105367287504,54.09595300879806,54.140560150146484,18902700
2018-04-03,54.2361680902068,54.29989190658915,54.0959727770763,54.29351806640625,12994100
2018-04-04,54.102297148515724,54.44641127651637,54.102297148515724,54.414546966552734,9677200
2018-04-05,54.44009278145251,54.53568094669934,54.42734996160043,54.45920944213867,10152000
2018-04-06,54.427304285916186,54.484654219846284,54.27436140514534,54.33808517456055,12680800
2018-04-09,54.45280080827497,54.5547627492065,54.427315184855026,54.542015075683594,9043200
2018-04-10,54.61213720778945,54.76508018783664,54.59939439035975,54.73958969116211,11434100
2018-04-11,54.720445141663575,54.803285567268524,54.68220698523521,54.7586784362793,7675500
2018-04-12,54.82241636545879,54.968985469006206,54.78418306097421,54.95623779296875,23692600
2018-04-13,54.99447198208903,55.06456960978394,54.956233818555916,54.98809814453125,16213400
2018-04-16,55.05183289977596,55.12830438026007,54.981735258119144,55.07094955444336,10781600
2018-04-17,55.153759818659545,55.22385741576313,55.07728838677979,55.096405029296875,15577600
2018-04-18,55.13464954675558,55.15377105497966,55.01994480647319,55.039066314697266,13745600
2018-04-19,54.93711728116,54.95623393205926,54.796922025480626,54.86701965332031,19345500
2018-04-20,54.8351658523507,54.86065148163945,54.72046107329507,54.73320388793945,17693500
2018-04-23,54.694943588778244,54.70131256205014,54.53563174437086,54.586612701416016,15971100
2018-04-24,54.60575445317004,54.656730571842914,54.408204369237296,54.478302001953125,17872600
2018-04-25,54.42733021453023,54.51017066805313,54.31899440692116,54.48468017578125,15078400
2018-04-26,54.52928462139672,54.71408703485533,54.49742029218129,54.67585372924805,17479700
2018-04-27,54.72045391863862,54.75231338199099,54.55476817904065,54.65035629272461,7014700
2018-04-30,54.61211013793945,54.707698237634546,54.6057411632891,54.61211013793945,12473000
2018-05-01,54.5756461740248,54.652442932128906,54.511651316852024,54.652442932128906,18707700
2018-05-02,54.65244152920057,54.74843625374286,54.60124369177875,54.633243560791016,12057000
2018-05-03,54.65243378446808,54.65243378446808,54.53724110784006,54.626834869384766,21626200
2018-05-04,54.53085057347031,54.6844392108108,54.4988555853757,54.66524124145508,14862100
2018-05-07,54.67163759319974,54.73563244650059,54.65243962545892,54.716434478759766,23063900
2018-05-08,54.684436515718325,54.697238416321035,54.59484274147739,54.633243560791016,13693500
2018-05-09,54.62044367684453,54.74203732458712,54.61404272630684,54.72283935546875,10476200
2018-05-10,54.761241726158175,54.902033359557024,54.7484447060743,54.882835388183594,13375800
2018-05-11,54.88280345947237,54.93399639252102,54.79960578859503,54.86360549926758,8505100
2018-05-14,54.85724779492537,54.92124267355179,54.76125303573761,54.87644577026367,14695800
2018-05-15,54.75480785295284,54.78040676022422,54.56921943710458,54.60762023925781,20008800
2018-05-16,54.63322360653608,54.69721843869261,54.58202578781376,54.67802047729492,13028100
2018-05-17,54.61402346373014,54.75481503093338,54.61402346373014,54.710018157958984,13198300
2018-05-18,54.6204430622952,54.69083886993364,54.6076460438585,54.652442932128906,14241600
2018-05-21,54.646032347283594,54.761225022883366,54.646032347283594,54.729225158691406,7000400
2018-05-22,54.7548334445937,54.79963033263297,54.72283845741971,54.767635345458984,6220700
2018-05-23,54.70365101372737,54.812442779541016,54.646052213740674,54.812442779541016,13053100
2018-05-24,54.72922489697257,54.857219470634554,54.72922489697257,54.844417572021484,12468600
2018-05-25,54.76765038460529,54.80604633275541,54.690853605809096,54.75484848022461,12895700
2018-05-29,54.63322973359586,54.65242769714658,54.49883910624756,54.52443313598633,13519800
2018-05-30,54.58206134510909,54.710051092800626,54.58206134510909,54.690853118896484,15145000
2018-05-31,54.71004807429245,54.716449026072645,54.626855231132524,54.639652252197266,17391000
2018-06-01,54.738643948183494,54.790073092832124,54.70649950663981,54.76435852050781,12891000
2018-06-04,54.8157808518173,54.91220926853737,54.790071184941425,54.880069732666016,13830900
2018-06-05,54.880067222933135,54.97649073069063,54.835067951128714,54.94435119628906,10614100
2018-06-06,54.9057822977111,55.09863421955097,54.88649269142957,55.079349517822266,6920900
2018-06-07,55.047196050561666,55.1371945802373,54.99577182256989,55.09862518310547,13764400
2018-06-08,55.02791586848994,55.11148944187104,55.0086311683412,55.066490173339844,9784000
2018-06-11,55.09220976605696,55.18863818873171,55.08578480121774,55.16935348510742,10429300
2018-06-12,55.17580130774068,55.26579989030685,55.13722698338738,55.21437072753906,12432400
2018-06-13,55.22721379843752,55.3172123538348,55.17578465119523,55.233638763427734,9958900
2018-06-14,55.33648260331918,55.40719643616762,55.304338168550935,55.39433670043945,13954300
2018-06-15,55.355764193776295,55.387908626739424,55.278620497395906,55.3621940612793,16303700
2018-06-18,55.31721595920424,55.36864020524474,55.27221667857272,55.35578536987305,11512000
2018-06-19,55.24648976944761,55.30434387253484,55.201490498862206,55.278629302978516,12543200
2018-06-20,55.336483001708984,55.36862253215647,55.30433856670932,55.336483001708984,10422800
2018-06-21,55.330077958481375,55.330077958481375,55.20150996990307,55.220794677734375,8132500
2018-06-22,55.310768218743284,55.342907749065326,55.20790995078754,55.22719955444336,7385200
2018-06-25,55.1371945802373,55.1629091465092,55.047196050561666,55.09862518310547,13975400
2018-06-26,55.09862728616429,55.111487022067095,55.02791345235549,55.09219741821289,7503900
2018-06-27,55.06005595814043,55.098625355392876,54.944342861831075,54.97648239135742,13119200
2018-06-28,54.86719240518825,54.90576670224182,54.74505436074769,54.82219314575195,13829300
2018-06-29,54.892888999083304,54.9764576236654,54.68074760066359,54.693607330322266,17450500
2018-07-02,54.65554159165878,54.75886256132205,54.62971134924297,54.74594497680664,22438600
2018-07-03,54.78467973314216,54.86217044887028,54.720106600009196,54.75239562988281,10098600
2018-07-05,54.823444126299414,54.97196188473764,54.81698533304947,54.959049224853516,12729400
2018-07-06,54.971949718294795,55.10110092163086,54.96549585308899,55.10110092163086,9640300
2018-07-09,55.1269251800299,55.236699995992005,55.12046638891032,55.18503952026367,11517200
2018-07-10,55.210876881372776,55.262537363766285,55.185046640176026,55.191505432128906,7531700
2018-07-11,55.13986350690705,55.17860641843362,55.081749139617195,55.107574462890625,14111200
2018-07-12,55.19799582322101,55.30777071618885,55.17216556723723,55.28194046020508,10327300
2018-07-13,55.32714217652229,55.35297243250606,55.28194046020508,55.28194046020508,9860300
2018-07-16,55.2883848405181,55.29483870786814,55.217352886737274,55.24318313598633,7963100
2018-07-17,55.20441582325428,55.307736783799925,55.17858558311787,55.262535095214844,10721000
2018-07-18,55.28193231858212,55.32713402824227,55.23027181422286,55.28839111328125,12838600
2018-07-19,55.2560763035271,55.301277992112176,55.20441582325428,55.262535095214844,6907300
2018-07-20,55.28839111328124,55.33359282294139,55.26256086110161,55.28839111328125,9329000
2018-07-23,55.32065768035025,55.333575265649756,55.268997192382805,55.26899719238281,7459200
2018-07-24,55.2754333328997,55.423955943287005,55.2754333328997,55.38520812988281,11803700
2018-07-25,55.39814489391482,55.501460936672714,55.35294320146793,55.488548278808594,11342300
2018-07-26,55.49500274658204,55.54020443550657,55.469172506251645,55.49500274658203,9233600
2018-07-27,55.501411230099336,55.52078758946469,55.41100792616996,55.4755859375,10811200
2018-07-30,55.49500274658204,55.54020443550657,55.43688347418501,55.49500274658203,8400500
2018-07-31,55.59832661636728,55.63061565298418,55.56604250636567,55.611244201660156,10709500
2018-08-01,55.61577963069295,55.69359704939657,55.557411618965666,55.66117477416992,23297900
2018-08-02,55.61577085041765,55.70007468993706,55.58983006571195,55.69358825683594,10989200
2018-08-03,55.680662017466034,55.76496592009019,55.674175579509566,55.7390251159668,6940500
2018-08-06,55.687103169453664,55.842742919921875,55.687103169453664,55.842742919921875,7521900
2018-08-07,55.687098528268514,55.92056060836239,55.687098528268514,55.86867904663086,8408200
2018-08-08,55.85572754952631,55.88166834031552,55.82330527181474,55.836273193359375,10103600
2018-08-09,55.84277369843323,55.86222805950199,55.771437742713665,55.79737854003906,6354700
2018-08-10,55.70656349026152,55.77789941430886,55.65468191864546,55.700077056884766,9473300
2018-08-13,55.745478626998704,55.745478626998704,55.62226111711854,55.66117477416992,10479000
2018-08-14,55.693595110848335,55.77790390844211,55.680627190748964,55.75844955444336,9767700
2018-08-15,55.68711556297098,55.70656991764689,55.59632527601704,55.66117477416992,14684800
2018-08-16,55.71305525874288,55.764931887627675,55.680628036452845,55.73250961303711,14931800
2018-08-17,55.70658822325075,55.81683290110782,55.70658822325075,55.79737854003906,15280900
2018-08-20,55.82977326392014,55.86868691454797,55.79086456099104,55.82329177856445,8174900
2018-08-21,55.84276615092301,55.959497249259776,55.82979328016308,55.907615661621094,9281400
2018-08-22,55.90111838479559,55.952999962372374,55.90111838479559,55.927059173583984,8297400
2018-08-23,55.92703659855226,55.978918155186975,55.89461433642874,55.920555114746094,7751800
2018-08-24,55.95300328123537,56.037312086723325,55.93354892541503,56.017852783203125,7458500
2018-08-27,56.03083274802143,56.069741464589555,56.01137838973737,56.03731918334961,5581700
2018-08-28,56.0113639831543,56.03730477009436,55.978936762554426,56.0113639831543,8175300
2018-08-29,55.9919069765483,56.02433419847694,55.95299826839346,55.978939056396484,7403700
2018-08-30,55.985444826346594,55.99841275097722,55.91410887162539,55.933563232421875,8481700
2018-08-31,55.95949147961897,56.04379534006437,55.953005044907776,56.004886627197266,9569300
2018-09-04,55.94041491192679,55.9664676285103,55.82969459323256,55.888309478759766,16029000
2018-09-05,55.88177918081999,55.901317468707354,55.81013547920248,55.829673767089844,13369200
2018-09-06,55.881770002624556,55.90130828730289,55.829664597452364,55.8752555847168,13137500
2018-09-07,55.771051768248775,55.86223375421216,55.771051768248775,55.81664276123047,12374700
2018-09-10,55.88178479412499,55.94039966367493,55.86224153522876,55.92737579345703,6997900
2018-09-11,55.855716355942796,55.99900373322195,55.855716355942796,55.94038391113281,17897800
2018-09-12,55.9599355390171,56.10973736981386,55.9599355390171,56.070655822753906,14041900
2018-09-13,56.12277174028298,56.213953752073365,56.12277174028298,56.17487716674805,10375800
2018-09-14,56.16836989160152,56.266066336390175,56.16186043925052,56.22698974609375,12945000
2018-09-17,56.21394562328356,56.226974462539275,56.16184517339941,56.18789291381836,13279900
2018-09-18,56.2009271466929,56.24651815037081,56.16836001447437,56.18138885498047,19882300
2018-09-19,56.16837242667533,56.20093956609061,56.0641665248325,56.07719039916992,14471100
2018-09-20,56.09021661002207,56.15534591674805,55.966467448909405,56.15534591674805,15360100
2018-09-21,56.15533779197655,56.19441437654886,56.14230895108786,56.16836166381836,10966700
2018-09-24,56.14229965209961,56.174866779880276,56.06414649589968,56.14229965209961,10229400
2018-09-25,56.09668350219727,56.12925061537561,56.07063080546337,56.096683502197266,13240400
2018-09-26,56.13580762163501,56.23349909720018,56.12277877886126,56.15534591674805,19504800
2018-09-27,56.213938120551916,56.27255795128632,56.18788541456391,56.25952911376953,7996600
2018-09-28,56.2400022886661,56.318160422559316,56.1944112861567,56.298622131347656,17085200
2018-10-01,56.369911729015485,56.46150588989258,56.35682399660024,56.46150588989258,22566000
2018-10-02,56.43532942485594,56.461499895400515,56.38298848376678,56.41570281982422,13577600
2018-10-03,56.448451032200126,56.46807765074584,56.20638274812264,56.265262603759766,17930600
2018-10-04,56.14749096193363,56.19983193259378,55.99047304146286,56.0558967590332,24935100
2018-10-05,56.03625166710343,56.04933440970009,55.807266235351555,55.80726623535156,25063300
2018-10-08,55.83998221227942,55.84652608010812,55.66333771297372,55.68296432495117,12869500
2018-10-09,55.70258929865142,55.81381009092494,55.689506554887444,55.76801300048828,19488500
2018-10-10,55.68297162398059,55.68297162398059,55.35584807078673,55.36893081665039,25204700
2018-10-11,55.49978921428188,55.61101003639231,55.32968355066546,55.41473388671875,37665300
2018-10-12,55.68298173369159,55.74840545790673,55.57176090337484,55.70915222167969,31877600
2018-10-15,55.66336010786558,55.73532770840986,55.637189617530325,55.669898986816406,16658500
2018-10-16,55.77456500028997,55.87270306310845,55.76802113169961,55.859615325927734,18955700
2018-10-17,55.78113126521228,55.846555002856064,55.702619785132995,55.748416900634766,18739400
2018-10-18,55.7091392777308,55.73530975963821,55.512863159179695,55.51286315917969,28653800
2018-10-19,55.64371988451422,55.656802630728116,55.51286746482805,55.54558181762695,20606400
2018-10-22,55.67644286951156,55.709157230315476,55.52596878943911,55.5717658996582,15049900
2018-10-23,55.38201408272229,55.54557584611397,55.3165903756674,55.519405364990234,20873200
2018-10-24,55.53249424740901,55.55866473142518,55.22500229111524,55.24462890625,23827800
2018-10-25,55.355857849121094,55.39511108515527,55.23809314950839,55.355857849121094,29513700
2018-10-26,55.159563292196125,55.303498431671144,55.067969110986304,55.10722732543945,27424100
2018-10-29,55.21845909180192,55.24462957613543,54.982929724309834,55.05489730834961,23379400
2018-10-30,55.067965328215905,55.18572998046875,54.95020067596307,55.18572998046875,24105300
2018-10-31,55.25115367805184,55.342747852969815,55.18572998046875,55.18572998046875,23047900
2018-11-01,55.287646443463686,55.49804545132704,55.22847548464345,55.43886947631836,33115700
2018-11-02,55.50459859058233,55.57692197194588,55.320504534815775,55.405975341796875,19675800
2018-11-05,55.405999018881,55.51777475723682,55.379704156409105,55.452022552490234,12299600
2018-11-06,55.49805377860776,55.59667205810547,55.47832510651902,55.59667205810547,14675500
2018-11-07,55.64926471356206,55.93198211647081,55.64926471356206,55.9188346862793,26155500
2018-11-08,55.787322681663106,55.93854568368866,55.767599032743995,55.78074645996094,20677500
2018-11-09,55.669008735218426,55.67558496081458,55.412591115062725,55.46519088745117,20869300
2018-11-12,55.445464659138835,55.49806442909136,55.10357117063761,55.123294830322266,22319600
2018-11-13,55.13643043427558,55.24162492584888,54.98520739591499,55.03123092651367,22907600
2018-11-14,55.10355856214746,55.22190550936606,54.79454125462172,54.92604064941406,44747700
2018-11-15,54.695888156023415,54.9128532409668,54.56438884495156,54.9128532409668,32332600
2018-11-16,54.67620530734417,54.76825238567791,54.571005779997286,54.7485237121582,64912800
2018-11-19,54.603887011991034,54.72880519220455,54.50526369989297,54.57758712768555,36567300
2018-11-20,54.426366573915715,54.55128977611926,54.37376680286261,54.40664291381836,21901900
2018-11-21,54.682735443115234,54.7945060948275,54.6169882960013,54.682735443115234,16560400
2018-11-23,54.459255510121594,54.50527906658412,54.38035583496093,54.38035583496094,9708100
2018-11-26,54.590737165987285,54.663060597230036,54.5118425254972,54.63676071166992,19807100
2018-11-27,54.53155611870334,54.617026968852485,54.48553258151698,54.610450744628906,14370700
2018-11-28,54.64333313900435,55.07726868010897,54.61045703029176,55.06412124633789,23513100
2018-11-29,54.958900696183065,55.156147240655464,54.92602961622966,55.077247619628906,17927900
2018-11-30,54.939177116036554,55.057524039635474,54.93260590975017,54.965476989746094,15081000
2018-12-03,55.246866913155024,55.36574859543804,55.14779800477684,55.3459358215332,27052900
2018-12-04,55.23364073504068,55.286478144340485,54.94964595862012,55.00248336791992,32066500
2018-12-06,54.718488286577106,54.876995474740525,54.63263127608289,54.810951232910156,27661900
2018-12-07,54.98927890732478,55.075135922001415,54.705284118652344,54.705284118652344,28901200
2018-12-10,54.69865684827716,54.79111976305096,54.52693784704686,54.74488830566406,23434700
2018-12-11,54.93642654872697,54.98926394593032,54.79773216020682,54.843963623046875,19243900
2018-12-12,55.028887580864506,55.20720749172542,55.00907481730789,55.022281646728516,17571500
2018-12-13,55.147778677765935,55.21382291392096,55.1015472085722,55.15438461303711,15859200
2018-12-14,55.06193510302679,55.13458529217074,54.88361007918128,54.923240661621094,16397600
2018-12-17,54.87699780916127,54.92323432314732,54.52035788033558,54.56658935546875,24124900
2018-12-18,54.65351762460898,54.69996893017529,54.34826546477145,54.46771240234375,25284300
2018-12-19,54.49424545824862,54.58714805016706,53.91028052297665,53.97663879394531,32062700
2018-12-20,53.797460315156634,53.877093262254924,53.09405366895862,53.50547790527344,68796100
2018-12-21,53.478955341157736,53.70457958496615,53.15379620150565,53.24006652832031,56295000
2018-12-24,53.24005965504902,53.31968756144403,52.84189987182617,52.84189987182617,18853600
2018-12-26,52.908240942784865,53.73109436035156,52.788794070653424,53.73109436035156,25010300
2018-12-27,53.41259185817412,53.73111868231245,53.339596233117675,53.69793701171875,31806100
2018-12-28,53.744379522577546,53.96336636193,53.651476935484624,53.77756118774414,30106400
2018-12-31,53.877093530034145,53.96999610403862,53.810730209050455,53.81736755371094,14153600
2019-01-02,53.56522452351635,53.82402537280567,53.51877321884423,53.74439239501953,26977400
2019-01-03,53.69129190988911,53.85719009762777,53.605021612066025,53.77091979980469,32776600
2019-01-04,54.19563980547288,54.74642321776916,54.12928151716543,54.67342758178711,38754000
2019-01-07,54.79949266949272,55.20428466796875,54.79285532414412,55.20428466796875,38127600
2019-01-08,55.33699030876411,55.56924672215035,55.2507250874521,55.56261444091797,30795000
2019-01-09,55.64224835596282,55.74842562092367,55.60243441300783,55.62897872924805,40909400
2019-01-10,55.5161878436475,55.88116092330916,55.4431922151527,55.847984313964844,50520000
2019-01-11,55.622310944734366,55.72848815158889,55.59576664302073,55.66876220703125,19793300
2019-01-14,55.52281588903808,55.589174165473075,55.443187982440875,55.48963928222656,20137700
2019-01-15,55.489632749976344,55.70198224725768,55.44318145565891,55.675437927246094,24799000
2019-01-16,55.74842623495547,55.83469146657832,55.715244573587064,55.761695861816406,26508100
2019-01-17,55.7019724395222,55.93422887021479,55.668790779647345,55.91432189941406,24574400
2019-01-18,56.02049687694477,56.186395058927765,56.000589905156524,56.073585510253906,36236400
2019-01-22,55.960777542302004,55.96740982454494,55.62898116896376,55.70197677612305,25504200
2019-01-23,55.78161477927957,55.89442941440524,55.65553557726304,55.814796447753906,18529400
2019-01-24,55.794895250754784,55.88779785673117,55.7019926447784,55.8745231628418,17875500
2019-01-25,55.98069238683079,56.06695763341771,55.967417694856444,56.01387405395508,16775200
2019-01-28,55.867914233839976,55.96081687865356,55.788281225650714,55.927635192871094,14694100
2019-01-29,55.9740485150956,55.9740485150956,55.76169903356714,55.8944206237793,18717000
2019-01-30,55.96740821989233,56.42528882207059,55.96077593783955,56.33902359008789,25993500
2019-01-31,56.32574593424227,56.56463970864114,56.32574593424227,56.47837448120117,27070400
2019-02-01,56.4377192485987,56.504382201157256,56.35772065389407,56.4510498046875,24749900
2019-02-04,56.457719201239826,56.617711309056475,56.40438680328181,56.58437728881836,15968400
2019-02-05,56.62438212079431,56.844369373388766,56.61771429918306,56.78437423706055,33188300
2019-02-06,56.73772022153433,56.80438319188535,56.677719987977376,56.73105239868164,25936800
2019-02-07,56.551028661555904,56.59769322200456,56.43770116990284,56.53769302368164,27119400
2019-02-08,56.47105495675103,56.537717917307226,56.384393616633766,56.52438735961914,16728100
2019-02-11,56.51104643736501,56.57771447775184,56.46438186072867,56.551048278808594,10051800
2019-02-12,56.71771162175469,56.844369716787504,56.71104380010316,56.824371337890625,20174000
2019-02-13,56.85770467264774,56.87103522973192,56.697712557349384,56.74437713623047,25088400
2019-02-14,56.6510495163636,56.811041636005235,56.57105091351389,56.751041412353516,19406700
2019-02-15,56.85104691738364,56.971042296618755,56.85104691738364,56.93104553222656,24052000
2019-02-19,56.864361781940886,56.98435711732399,56.83769558673834,56.95102310180664,11317700
2019-02-20,56.97103734961398,57.03103757705077,56.88437600560318,56.997703552246094,9925700
2019-02-21,56.96435720181602,57.017689595540496,56.897694252688936,56.944358825683594,15479800
2019-02-22,57.01102509103899,57.111022063574765,56.99102671374329,57.05768966674805,12330300
2019-02-25,57.137687606186894,57.21768620050879,57.07769247498841,57.1043586730957,13698200
2019-02-26,57.144340600702726,57.24433754614583,57.111006590203054,57.177669525146484,16049300
2019-02-27,57.19769287109374,57.23768962875575,57.15102829180217,57.19769287109375,14818900
2019-02-28,57.18433552944582,57.217669538887485,57.13100314876146,57.164337158203125,21340600
2019-03-01,57.286225028955364,57.35988393594698,57.25274184984432,57.32640075683594,26455300
2019-03-04,57.39335972185718,57.42014524231672,57.145597489218154,57.239349365234375,16034400
2019-03-05,57.239367163309744,57.246059713893885,57.15901057694495,57.212581634521484,14510100
2019-03-06,57.18580053666643,57.19919074768946,57.092053733052325,57.118839263916016,16806400
2019-03-07,57.13891250504467,57.145605054433815,56.97150681162229,57.078643798828125,28101100
2019-03-08,56.90455757744216,56.99830437685796,56.7907177991652,56.98490905761719,21043400
2019-03-11,56.96478955703179,57.17906856654594,56.95139935404354,57.17237091064453,17922400
2019-03-12,57.12547129220229,57.30627215677441,57.112081095365795,57.272789001464844,20180500
2019-03-13,57.30630945062241,57.43353428420737,57.29291413625628,57.426841735839844,24524800
2019-03-14,57.40006829081683,57.473727208879076,57.373282765265415,57.38667297363281,12342500
2019-03-15,57.42683349021971,57.507184929617054,57.42013583399832,57.440223693847656,21775300
2019-03-18,57.44691719748412,57.473702711618635,57.366560655080576,57.42013168334961,10498900
2019-03-19,57.46032871883943,57.56077315690673,57.42015298713904,57.453636169433594,14067200
2019-03-20,57.460320922918285,57.78843971667509,57.353183949980945,57.701385498046875,31184400
2019-03-21,57.627723401096574,57.761650995867356,57.61433319602718,57.687992095947266,16400700
2019-03-22,57.60095529094746,57.62104826784732,57.42015936938394,57.48042297363281,27030400
2019-03-25,57.44021640295432,57.52727059633807,57.353167318384735,57.460304260253906,23592100
2019-03-26,57.554059697897145,57.687987281490756,57.51388397722653,57.60093307495117,18762700
2019-03-27,57.63443469620906,57.74826934708966,57.50720472827393,57.64113235473633,16706700
2019-03-28,57.6478246351704,57.754966735839844,57.61434656032361,57.754966735839844,19706700
2019-03-29,57.80181542740928,57.94243554283476,57.78842522495587,57.902259826660156,22358900
2019-04-01,57.98232019430099,58.02939993866828,57.874711549164594,57.888160705566406,21353900
2019-04-02,57.90159622205213,57.93522680209522,57.80071474453499,57.9150505065918,15129300
2019-04-03,57.97557903118464,58.04956220177274,57.908323002824375,57.93522644042969,13746500
2019-04-04,57.94193126315233,58.02936355321073,57.9284769838793,58.02263641357422,14435700
2019-04-05,58.083188367518915,58.17734782632875,58.0697340840857,58.13026809692383,14227000
2019-04-08,58.10339538868239,58.11684967923074,58.049588489105695,58.0966682434082,11472100
2019-04-09,58.06302444539608,58.12355333982568,58.02266671780293,58.056297302246094,19118700
2019-04-10,58.13027116008464,58.31186294555664,58.13027116008464,58.31186294555664,16767000
2019-04-11,58.30515539324996,58.41949118028173,58.27825194960004,58.399314880371094,20976100
2019-04-12,58.46654856132209,58.520355428041675,58.37238911021545,58.486724853515625,17442800
2019-04-15,58.479971711229396,58.479971711229396,58.39926657833804,58.446346282958984,13940000
2019-04-16,58.48674487246864,58.49347201593748,58.39258538913291,58.41276168823242,11543800
2019-04-17,58.473284292066644,58.473284292066644,58.264783935726406,58.27151107788086,11818600
2019-04-18,58.37238403138228,58.37238403138228,58.231144867011174,58.29840087890625,15295500
2019-04-22,58.25804376353228,58.284947192457246,58.19078262556766,58.197509765625,24591400
2019-04-23,58.27152480586076,58.43294033645309,58.23789421847155,58.399314880371094,15094100
2019-04-24,58.41274771765155,58.41274771765155,58.31186111497603,58.31858825683594,11938800
2019-04-25,58.3118474877269,58.38583063697899,58.22441518920378,58.34547805786133,14369000
2019-04-26,58.41274748610782,58.50018493602269,58.41274748610782,58.49345779418945,11937200
2019-04-29,58.480005701936975,58.51363628105766,58.466556549072266,58.466556549072266,7601200
2019-04-30,58.49350013081874,58.54057989511548,58.45986952861701,58.473323822021484,11168100
2019-05-01,58.48408852077152,58.67320874579601,58.274711855743455,58.28146743774414,24574300
2019-05-02,58.32873128828077,58.40978279256249,58.20715660835715,58.32197570800781,24936600
2019-05-03,58.43679686104212,58.490831199128614,58.403029264486634,58.4705696105957,18522700
2019-05-06,58.2071951356074,58.504379028347984,58.085620375213644,58.497623443603516,18893700
2019-05-07,58.355782337705435,58.389549952679836,58.05184288493038,58.146400451660156,30266300
2019-05-08,58.1531186315597,58.288204463572335,58.105839878604684,58.166629791259766,27527500
2019-05-09,58.0788459777832,58.126124749677444,57.86946929553722,58.0788459777832,30890400
2019-05-10,58.0585830694944,58.29497692361702,57.916746757020825,58.24094772338867,33782400
2019-05-13,57.86946484123418,57.93024962056251,57.6938557792869,57.707366943359375,34801600
2019-05-14,57.82218353419753,57.97077541447495,57.76814918627864,57.835689544677734,18128500
2019-05-15,57.7411024097694,57.92346695225174,57.70733482438124,57.88969421386719,19543700
2019-05-16,57.97073870062202,58.15985364556939,57.9504771212342,58.0652961730957,29384100
2019-05-17,57.94374611121117,58.15312272431947,57.94374611121117,58.04505920410156,27089400
2019-05-20,58.031562462148536,58.13963116221548,57.93700492608957,57.99103927612305,15780000
2019-05-21,58.07883191392318,58.18690059665515,58.07883191392318,58.17338943481445,15004300
2019-05-22,58.13966052671232,58.220706939697266,58.06536454614156,58.220706939697266,14976200
2019-05-23,58.05857855117732,58.078840143811064,57.862707900719165,57.93024826049805,18333400
2019-05-24,57.997812206418125,58.06535258766301,57.84246469185418,57.849220275878906,17611600
2019-05-28,57.91673689849642,57.9640156612732,57.7411278568975,57.795162200927734,20544600
2019-05-29,57.72088308262778,57.761406275957206,57.579046752974605,57.63983154296875,25441900
2019-05-30,57.74112909483909,57.84919778521649,57.707361493845234,57.761390686035156,20311900
2019-05-31,57.57229349067588,57.63983386661442,57.32914401489683,57.342655181884766,34947400
2019-06-03,57.4349365234375,57.52313952241795,57.312806506714345,57.4349365234375,58940600
2019-06-04,57.61132310615983,58.018421262619086,57.61132310615983,58.011634826660156,34113300
2019-06-05,58.065910904814054,58.160900293831624,57.96413508042852,58.1473274230957,28368700
2019-06-06,58.133776342602374,58.32375517493045,58.059141061825635,58.269474029541016,23538600
2019-06-07,58.35090953283559,58.493393690743055,57.780972901205715,58.418758392333984,29934000
2019-06-10,58.527296880932695,58.581572840512706,58.47301574481864,58.50694274902344,17482200
2019-06-11,58.69696414544573,58.79874005538515,58.5001987666396,58.588401794433594,34293700
2019-06-12,58.57480486140246,58.58837256024012,58.439101990349776,58.452674865722656,18195500
2019-06-13,58.55447994214566,58.62911526433206,58.52055291331992,58.588401794433594,19438500
2019-06-14,58.5680073309112,58.595147899981306,58.50015849650307,58.54765319824219,8842000
2019-06-17,58.51371809276446,58.54764509353916,58.43230157335882,58.459442138671875,10554000
2019-06-18,58.73766828924696,58.87336604188787,58.717314144004575,58.86658477783203,22540400
2019-06-19,58.82583440144639,59.158302486928285,58.72406373908887,59.14472961425781,28212600
2019-06-20,59.321164504821894,59.47043510483376,59.22617506418457,59.443294525146484,48362000
2019-06-21,59.287217729340355,59.33471243383199,59.2532958984375,59.2532958984375,22467800
2019-06-24,59.25329217367247,59.280432742609385,59.21936516836778,59.24650573730469,13764100
2019-06-25,59.239705136961234,59.239705136961234,58.95473699605977,58.995445251464844,26173600
2019-06-26,59.11082979898679,59.13797037790089,58.94798632550218,58.968345642089844,19554600
2019-06-27,59.07011602790189,59.165105465327535,59.042975449132264,59.13118362426758,12995100
2019-06-28,59.16507984123676,59.19900684413921,59.13115801486817,59.151512145996094,14690800
2019-07-01,59.380488270625825,59.46908867992595,59.15559193826324,59.169219970703125,26036100
2019-07-02,59.21011707779218,59.332790184150696,59.18285580976193,59.2987174987793,20683200
2019-07-03,59.3260044992339,59.55771757866285,59.3123712595278,59.52363967895508,16237900
2019-07-05,59.34646492828291,59.35327635038836,59.18971382735702,59.285125732421875,17591400
2019-07-08,59.257815180448716,59.257815180448716,59.162403354705916,59.169219970703125,16679400
2019-07-09,59.12832785248899,59.155589115622504,59.087433358011566,59.10106658935547,19189100
2019-07-10,59.244188529797,59.34641697392135,59.21692726472687,59.26463317871094,24497000
2019-07-11,59.298753434978536,59.298753434978536,59.0670351160732,59.14881896972656,19191200
2019-07-12,59.14880504525689,59.251033538367956,59.10109910841268,59.24421691894531,21291200
2019-07-15,59.230608357784,59.33964830661861,59.196530449021324,59.285125732421875,10735200
2019-07-16,59.27829917944875,59.27829917944875,59.1079200782426,59.162437438964844,20147200
2019-07-17,59.21012888032304,59.21012888032304,59.08064433081284,59.08745574951172,9361300
2019-07-18,59.094278548218995,59.12835644350255,58.957977366198406,59.114723205566406,17236600
2019-07-19,59.11472925970285,59.14199053881025,58.992056103498236,59.01250076293945,14771000
2019-07-22,59.08064423487973,59.21012878417968,59.053382961459675,59.21012878417969,12852800
2019-07-23,59.257817251940274,59.33278443186663,59.18966668824942,59.312339782714844,14051800
2019-07-24,59.298731492329594,59.366882078710056,59.28509825531963,59.36006546020508,12713700
2019-07-25,59.39415013965955,59.39415013965955,59.2305876737462,59.27829360961914,14272500
2019-07-26,59.37369174539188,59.42139767022816,59.34643047412032,59.40776443481445,8512700
2019-07-29,59.39412000744976,59.40093662327536,59.264630304535174,59.31915283203125,14731800
2019-07-30,59.22378906312933,59.35327367155388,59.182894534548076,59.34646224975586,13794100
2019-07-31,59.39415134890059,59.46911856387823,59.005687234724256,59.24421691894531,23449700
2019-08-01,59.23530782526256,59.536442743945884,59.19423993784177,59.21477127075195,28839000
2019-08-02,59.19424824232257,59.19424824232257,58.98208414368523,59.12580871582031,23559600
2019-08-05,58.76990026889277,58.76990026889277,58.414006496277935,58.509822845458984,47727900
2019-08-06,58.76990186102157,58.94100323513723,58.633017628769316,58.88624954223633,28695000
2019-08-07,58.646722004069275,58.94785694032895,58.48246088799955,58.879417419433594,38028500
2019-08-08,58.89310056745169,59.146327283003146,58.89310056745169,59.11211013793945,27074700
2019-08-09,59.00947506800564,59.09844595151144,58.91365866373712,59.030006408691406,19090800
2019-08-12,58.86574059506513,58.95471146365844,58.77676450487028,58.82467269897461,17466700
2019-08-13,58.817806715450004,59.13947811607848,58.776738837293664,59.08472442626953,30078600
2019-08-14,58.81783204439258,58.83836338151261,58.51669184236151,58.55775451660156,29745300
2019-08-15,58.66041179282844,58.790450546457976,58.6193491218301,58.728851318359375,27296500
2019-08-16,58.817843050215195,58.947876616840695,58.817843050215195,58.927345275878906,15780200
2019-08-19,59.03687092394578,59.10531048878551,59.00949405368906,59.09846496582031,13603000
2019-08-20,59.12581570767997,59.180569423997085,59.02999931492592,59.14634704589844,16126800
2019-08-21,59.29690475915759,59.44062931824356,59.25584209130466,59.399566650390625,18334300
2019-08-22,59.50224249567695,59.56383651190095,59.37220372151261,59.50908279418945,20677200
2019-08-23,59.39956166536028,59.639102577067064,59.18739760379145,59.23530578613281,30340300
2019-08-26,59.42008703182936,59.52959442138672,59.365333337050686,59.52959442138672,14187800
2019-08-27,59.64597528392598,59.66650662548835,59.3995887419722,59.50225067138672,14722700
2019-08-28,59.488538533254044,59.67333098498898,59.46800719897256,59.64595413208008,13576000
2019-08-29,59.77601630598273,59.82392973773797,59.67335958537375,59.707576751708984,16271400
2019-08-30,59.803374025623135,59.81021954533986,59.52277037645664,59.652809143066406,14413600
2019-09-03,59.60539026301551,59.60539026301551,59.378569602837416,59.48167037963867,20561500
2019-09-04,59.584727588188564,59.625965771186436,59.51599029129943,59.6053466796875,13526700
2019-09-05,59.660366979988986,59.887182354184006,59.64661741553937,59.83906936645508,23399100
2019-09-06,59.92153684722332,60.004018482643275,59.82531089452727,59.89404296875,25162700
2019-09-09,59.928423474490124,59.97653646034914,59.81157315689923,59.95591735839844,17484200
2019-09-10,59.962767203002294,60.010880173059675,59.86654126288752,59.99026107788086,14055800
2019-09-11,59.95589454918237,60.004007516737616,59.91465111704918,59.98338317871094,13999200
2019-09-12,60.031494100672894,60.0933566248046,59.969636820461176,60.01774978637695,23246400
2019-09-13,59.91467211961722,60.01089808845889,59.873433916948514,59.90780258178711,34407300
2019-09-16,60.004031236849,60.12775109431575,59.92154958389709,60.12087631225586,23020800
2019-09-17,60.14150241282226,60.162121517479,60.03152686275585,60.15524673461914,14626400
2019-09-18,60.11400153019598,60.16898929883058,59.92842436595698,60.12087631225586,15913800
2019-09-19,60.086491251213616,60.16897288166032,60.024633961319196,60.052127838134766,13327000
2019-09-20,60.07274357268854,60.14835041871968,60.03150013781304,60.12773132324219,23298400
2019-09-23,60.079634957661575,60.148367042889966,60.065885394262715,60.10025405883789,15456800
2019-09-24,60.15521390501632,60.16208868412428,59.9421429479493,60.01774978637695,21934200
2019-09-25,59.96966167839152,59.99715556229984,59.81844793885685,59.95591735839844,15142100
2019-09-26,59.955920115980256,59.976539218879296,59.825325472389785,59.914676666259766,13873100
2019-09-27,59.90780982102552,59.95592281126031,59.797834275390215,59.845947265625,13419200
2019-09-30,59.839069793015014,59.914676666259766,59.811575907842155,59.914676666259766,21827700
2019-10-01,59.928478996943646,59.94228399087017,59.72835397057164,59.77666091918945,27665700
2019-10-02,59.7421595805128,59.749062078155546,59.37640618139243,59.424713134765625,33789500
2019-10-03,59.431593282919756,59.514402163240035,59.176253616789765,59.459197998046875,30387800
2019-10-04,59.53511944164124,59.652440826871036,59.4868124942157,59.645538330078125,17588600
2019-10-07,59.604100979311006,59.68690983486764,59.521286858694886,59.597198486328125,14542500
2019-10-08,59.53514351706517,59.569650749921685,59.37642288208008,59.37642288208008,15471500
2019-10-09,59.53511297695772,59.61102463824954,59.52131324993277,59.55582046508789,11351300
2019-10-10,59.56960576266318,59.68002461236354,59.555806038980904,59.631717681884766,11092800
2019-10-11,59.79042323837776,59.92154427332738,59.742116319984625,59.88013458251953,18661400
2019-10-14,59.88019823636418,59.94921270605462,59.82499403170259,59.921607971191406,9842600
2019-10-15,59.92847761087419,60.08720344698304,59.90087815378451,60.052696228027344,26321500
2019-10-16,60.032003072269845,60.04580806796273,59.99750111316402,60.004398345947266,11813000
2019-10-17,60.04578428015368,60.10789094097784,60.03888178504174,60.087188720703125,14814300
2019-10-18,60.08720963892959,60.12861409389321,60.01129796145433,60.101009368896484,21363700
2019-10-21,60.149312637149336,60.15620986857511,60.114805419771834,60.121707916259766,10090400
2019-10-22,60.16309894691063,60.16309894691063,60.09408979260887,60.135494232177734,15464300
2019-10-23,60.14241265717969,60.197622101268934,60.10100294158156,60.19071960449219,9097500
2019-10-24,60.21833827668892,60.259742736816406,60.15622632143409,60.259742736816406,14832800
2019-10-25,60.24596823497156,60.32877718990532,60.24596823497156,60.308074951171875,11593600
2019-10-28,60.31494101103776,60.34254573435924,60.28733628771627,60.3011360168457,10646500
2019-10-29,60.294235995893935,60.31493822116181,60.17691461093869,60.19071960449219,10655700
2019-10-30,60.22522075054157,60.23212324722574,60.03889546056722,60.11480712890625,24566400
2019-10-31,60.100988362494675,60.10789085759704,59.89396089497355,59.90776062011719,24576400
2019-11-01,60.005478763477754,60.227238707000964,59.998552730528694,60.16486740112305,23894100
2019-11-04,60.27575446183033,60.32426313341906,60.24803446562982,60.28961181640625,14135800
2019-11-05,60.33812384943802,60.345055170636456,60.164877828819776,60.22724914550781,21946800
2019-11-06,60.22724636026747,60.22724636026747,60.13715505000097,60.15794372558594,8976900
2019-11-07,60.24800304715597,60.2757230289009,60.116334455629,60.130191802978516,15077600
2019-11-08,60.12330672388948,60.20646143871653,60.0401467220129,60.185672760009766,11692800
2019-11-11,60.13024134011404,60.178750026369144,60.067875295093316,60.15103530883789,4933600
2019-11-12,60.11635873523936,60.213376067006735,60.102501382293184,60.16486740112305,14690200
2019-11-13,60.10251998901367,60.130234703486025,60.06786866534869,60.10251998901367,15333600
2019-11-14,60.10941409814983,60.15099672187193,60.047048093137,60.06783676147461,14965100
2019-11-15,60.13020889445488,60.2549462042396,60.12328286233442,60.24802017211914,12996200
2019-11-18,60.19955686353438,60.22034554965181,60.144116842520305,60.171836853027344,13135800
2019-11-19,60.10943135718727,60.11636267763893,59.956974029541016,59.956974029541016,20175500
2019-11-20,59.92234001052597,59.998568689626225,59.82532265295282,59.83224868774414,22566100
2019-11-21,59.894608522998695,59.908465876973096,59.783728543009694,59.846099853515625,17853800
2019-11-22,59.936198579612224,60.074798583984375,59.87383254293193,60.074798583984375,20394800
2019-11-25,60.08863919290801,60.24802783174857,60.08863919290801,60.23416519165039,16885300
2019-11-26,60.2549352574239,60.303443908691406,60.22028924197367,60.303443908691406,11469400
2019-11-27,60.28270521225905,60.3935852425233,60.25498520469299,60.379722595214844,11814700
2019-11-29,60.365826162735985,60.365826162735985,60.241088852951265,60.24802017211914,11519500
2019-12-02,60.269585620953215,60.269585620953215,60.07478692607123,60.206974029541016,20966400
2019-12-03,60.067850146639046,60.15829622204252,59.998279917160566,60.12350845336914,29757200
2019-12-04,60.15134369264558,60.32527193787341,60.15134369264558,60.30440139770508,12406800
2019-12-05,60.34615198055269,60.39485168457031,60.23484064617083,60.39485168457031,18158900
2019-12-06,60.492198657451716,60.533945016044754,60.422628470283385,60.47828674316406,16094700
2019-12-09,60.45741621780007,60.526986404968405,60.45741621780007,60.47828674316406,18034300
2019-12-10,60.47829445908221,60.6313520750989,60.457423931055516,60.624393463134766,15117100
2019-12-11,60.638299669006706,60.76352281441365,60.58959470197321,60.749610900878906,14127500
2019-12-12,60.77746359680305,60.95139177666847,60.75659306447789,60.88877487182617,18958100
2019-12-13,60.90965968603577,60.97922990665858,60.874871921790564,60.95140075683594,18088100
2019-12-16,61.041842480595534,61.10445939565609,61.0140133303317,61.069671630859375,17517400
2019-12-17,61.076612923344726,61.25749969482421,61.076612923344726,61.25749969482422,18650700
2019-12-18,61.28531370321572,61.39663025485257,61.26444317675015,61.36880111694336,31575700
2019-12-19,61.37859594661736,61.392557564453014,61.245936606449774,61.336700439453125,29429300
2019-12-20,61.40653139929117,61.43445996734758,61.23198184406086,61.245948791503906,31918800
2019-12-23,61.2668583882348,61.30177040978495,61.25289677571071,61.273841857910156,9720200
2019-12-24,61.2878228002025,61.32273483276367,61.25291609446961,61.32273483276367,4854900
2019-12-26,61.39955919102454,61.434465909349,61.364647145869874,61.41352081298828,11382700
2019-12-27,61.45541217911886,61.45541217911886,61.364648317546,61.38559341430664,11627100
2019-12-30,61.44142863667948,61.455390253928776,61.280840740756396,61.34368133544922,12524300
2019-12-31,61.34368663472773,61.40652190802029,61.30877459834596,61.39954376220703,8310800
2020-01-02,61.51124648192777,61.6648509035779,61.47633977589803,61.657867431640625,15756600
2020-01-03,61.52522824136983,61.63693718512467,61.4693711060776,61.59504699707031,17342200
2020-01-06,61.5182649375142,61.567138615211526,61.47637473572546,61.5322265625,17936900
2020-01-07,61.539195608994724,61.55316255753698,61.4693768467738,61.47636032104492,9640300
2020-01-08,61.490336360711254,61.60205066792306,61.45542430799973,61.5322265625,16088100
2020-01-09,61.6089862391164,61.6997553827034,61.56011259519558,61.692771911621094,16649500
2020-01-10,61.69977205398632,61.72770061903419,61.650898396859844,61.7137336730957,16182900
2020-01-13,61.72071714606494,61.75562385725294,61.68580510804784,61.7137336730957,17762400
2020-01-14,61.699770816402186,61.78355118303618,61.636930214597676,61.706748962402344,29157100
2020-01-15,61.72070693969727,61.81147076597195,61.713723467882836,61.720706939697266,24637900
2020-01-16,61.76957818702913,61.811468362630485,61.706737596799066,61.74164962768555,22349200
2020-01-17,61.77655758412578,61.797502670545036,61.692771911621094,61.692771911621094,29626700
2020-01-21,61.678823482885484,61.741664087833065,61.56013107299805,61.56013107299805,19724900
2020-01-22,61.65788516392507,61.6997806807692,61.60203335284933,61.671852111816406,17731800
2020-01-23,61.56710783207126,61.58106945007634,61.45539358071583,61.48332214355469,28566200
2020-01-24,61.490319520234706,61.490319520234706,61.197077534361526,61.225006103515625,40838300
2020-01-27,60.91078515513812,61.0085324379618,60.71529058949078,60.81303787231445,41372700
2020-01-28,61.09233217611439,61.413502654620814,61.0155299609467,61.336700439453125,32628300
2020-01-29,61.420473070956746,61.60200602520406,61.28781375898822,61.301780700683594,17308200
2020-01-30,61.099306893251644,61.37858715140314,61.09232342192019,61.364620208740234,20103300
2020-01-31,61.301813033314,61.301813033314,61.015549172676245,61.11329650878906,35659700
2020-02-03,61.22967726303322,61.32783502400268,61.08944806936485,61.10347366333008,25754700
2020-02-04,61.34886112117206,61.48207750277795,61.33484087799068,61.46805191040039,25063800
2020-02-05,61.61528843849309,61.741492023712155,61.58724260297817,61.720458984375,36687700
2020-02-06,61.69943077441473,61.80460132852862,61.60828581375421,61.7695426940918,18329900
2020-02-07,61.69243363892924,61.734505080773,61.6153089029466,61.67841339111328,12865100
2020-02-10,61.664365903662855,61.76953644714051,61.61528702993275,61.76252365112305,14220000
2020-02-11,61.88874338343442,61.895756181281875,61.804611206054695,61.80461120605469,16821500
2020-02-12,61.92379237733561,62.02195013511979,61.88172629519856,61.965858459472656,26688200
2020-02-13,61.91677924611412,62.021949800085224,61.902759001876376,61.98689651489258,13297900
2020-02-14,62.007919490346055,62.042972769848646,61.94481502852826,61.97987365722656,11398800
2020-02-18,61.944828437150576,61.979887073437695,61.80460459039585,61.85368347167969,26635300
2020-02-19,61.91678241296207,61.958853846220286,61.87471632890071,61.88172912597656,18547500
2020-02-20,61.92379204283128,62.00792955584748,61.741496772561135,61.98689651489258,31277000
2020-02-21,61.93781646898981,61.96586230855548,61.81161821473972,61.930809020996094,23027000
2020-02-24,61.348885159273,61.41899710104395,61.1385439847619,61.264747619628906,57828300
2020-02-25,61.53111996951755,61.56617323132794,60.78091169710462,60.836997985839844,68418000
2020-02-26,60.94922918354992,61.17359056247592,60.71785500707076,60.900150299072266,69233800
2020-02-27,60.388319891561146,60.78095629596819,59.960630199622884,60.07982635498047,72596300
2020-02-28,59.37868638072996,60.40233527970164,59.37868638072996,60.32521057128906,97472600
2020-03-02,60.31111563985824,60.846339566194175,60.02238002195564,60.782955169677734,72357700
2020-03-03,60.83225807894953,61.402696215181834,60.38154484348548,60.522396087646484,58721000
2020-03-04,61.02947034643438,61.38159051587489,60.980168364702415,61.35342025756836,52664700
2020-03-05,60.818168307208104,60.92380538435916,60.45900439406447,60.5787239074707,62455700
2020-03-06,59.5293992295346,60.05757916644341,59.21953194721236,59.895606994628906,69860600
2020-03-09,56.08567982925979,58.79700307659222,56.08567982925979,57.31809997558594,73609600
2020-03-10,58.184308525314904,58.36036851863088,57.13498709664601,58.19839096069336,57598000
2020-03-11,57.2195042450542,57.52937158737887,56.48005004102496,56.930763244628906,60006600
2020-03-12,53.78987185485882,56.515283733651266,53.68424010883851,54.656089782714844,82926400
2020-03-13,56.430759107114724,56.5363962001225,55.02932276712707,56.37442398071289,69164600
2020-03-16,53.32506487548082,54.684248576273696,52.32504515464952,53.2757682800293,43080100
2020-03-17,53.20536577784149,54.719478379587,52.55746050926232,53.77579879760742,68569400
2020-03-18,52.00812410800988,52.641941197006986,50.64190213053269,51.4024772644043,54289800
2020-03-19,50.606680491514936,51.1771131007342,49.83905619373644,50.24751663208008,45706300
2020-03-20,50.28979165441153,50.80388395470404,48.8813113554224,49.120750427246094,55796500
2020-03-23,49.33202195947258,49.381318552360284,47.55028996412988,48.33199691772461,48862100
2020-03-24,49.360201042341664,50.67008845656312,49.226399036236685,50.32501220703125,51304000
2020-03-25,50.88135795847499,53.219435368777816,50.76163840572217,51.74053192138672,45692600
2020-03-26,52.12080161964925,54.10675811767578,51.90248357563058,54.10675811767578,41965200
2020-03-27,53.127854181917506,55.19127708659273,53.07151370634738,54.24759292602539,66536800
2020-03-30,54.296897987615374,54.95888524674971,53.97294826182657,54.71240234375,35016900
2020-03-31,54.48705005596368,54.72648907397908,54.21239688921672,54.27577590942383,31103400
2020-04-01,53.21058357925157,53.274280807766026,52.637286923018706,52.785919189453125,36859100
2020-04-02,52.63729424142319,54.00330190846262,52.53820605002356,53.19643783569336,31824800
2020-04-03,53.08318809304148,53.22474110132914,51.8941244637613,52.056915283203125,39986200
2020-04-06,53.125634275363495,53.47952207181521,52.94869037713764,53.32381057739258,32347800
2020-04-07,54.095288781604914,54.30054435153482,53.25303409808208,53.32381057739258,35120800
2020-04-08,53.76266363714934,54.94464824633577,53.57156649550514,54.71108627319336,46291400
2020-04-09,58.01638728410667,59.48856234797188,57.67665250017578,58.29241943359375,88846900
2020-04-13,57.90314556783967,57.981001350064524,56.919337483254694,57.45724868774414,40390500
2020-04-14,57.97391348320344,58.101307932560296,57.3086025593157,57.6978759765625,37632800
2020-04-15,56.79901356824865,57.26614823440745,56.59375791795778,57.15998077392578,34367500
2020-04-16,57.01842036232496,57.15289950088365,56.57252352380571,57.103355407714844,25821900
2020-04-17,57.55632641995359,57.61294977853276,57.22367093817686,57.39353561401367,38251800
2020-04-20,56.827328214077696,57.18121616753447,56.42389616313303,56.53006362915039,24676200
2020-04-21,55.88598908322278,55.95676559915323,55.38346880024395,55.4967155456543,42335600
2020-04-22,56.098293069626955,56.17614881415158,55.80102322694245,55.98504638671875,15720900
2020-04-23,56.09122425875402,56.38141488788067,55.72318327048856,55.95674514770508,23896700
2020-04-24,55.99921373165132,56.077069488423966,55.319749727008116,55.43299102783203,37915200
2020-04-27,55.701953498161295,55.86474430869667,55.56747976761555,55.659488677978516,20550700
2020-04-28,55.963843934561055,55.99923489188528,55.5179470317463,55.82936477661133,23927600
2020-04-29,56.21865352325372,56.87688548513614,56.10540675996506,56.81318283081055,34838300
2020-04-30,56.51590696878895,57.01842723144101,56.28941888703166,56.92641830444336,34636000
2020-05-01,56.41373631915285,56.55594713370053,55.894681764220515,55.944454193115234,31859400
2020-05-04,55.83781072949029,56.07956645937258,55.603166898225204,55.86625289916992,20400900
2020-05-05,56.04401540338746,56.349761962890625,56.04401540338746,56.349761962890625,26484200
2020-05-06,56.406645872580135,56.477748587660855,56.00846090350709,56.0297966003418,18823300
2020-05-07,56.314179541789215,56.67681026114578,56.15064392065853,56.171974182128906,19581700
2020-05-08,56.40663046850735,56.71237694216873,56.36396451127901,56.705265045166016,21770400
2020-05-11,56.58439397273319,56.683938838748986,56.41374098117324,56.44929504394531,14285100
2020-05-12,56.81904217485125,56.883032983058584,56.378196716308594,56.378196716308594,25332700
2020-05-13,56.420865983076595,56.470638427644715,55.987132355501736,56.07957077026367,29962000
2020-05-14,55.78802457048417,56.10088293523915,55.44672946783133,55.887569427490234,30429100
2020-05-15,55.724047120762535,56.0582304065948,55.581836273269836,55.965797424316406,34133400
2020-05-18,56.85460625279869,56.9968171287428,56.641298076067876,56.95415115356445,31900200
2020-05-19,56.9114709856615,57.18877531717728,56.80481422166581,57.02523422241211,18536500
2020-05-20,57.323873107563166,57.771824997698474,57.27410067532591,57.62961959838867,36053700
2020-05-21,57.61540603637695,57.75761688573239,57.45187034060473,57.61540603637695,23307300
2020-05-22,57.558503749933244,57.82870156706647,57.458958898817066,57.757598876953125,11311900
2020-05-26,58.184227298254534,58.418871085585344,57.72205162087849,58.19133377075195,27673800
2020-05-27,58.60373275304937,58.625063018566095,58.06334794399971,58.31221008300781,24905000
2020-05-28,58.39752556410774,58.696165527164645,58.2624320871499,58.369083404541016,23282500
2020-05-29,58.34064495845212,58.74593622701172,58.21976442764255,58.60372543334961,32189000
2020-06-01,58.49023906650644,59.06842980892573,58.40457896000059,59.04701614379883,46987000
2020-06-02,59.13984128626846,59.660931008207086,58.97566613752143,59.63237762451172,35930900
2020-06-03,59.87506969784356,60.23197880405722,59.80368896580098,59.910762786865234,35991000
2020-06-04,59.84651410539125,59.94645366176051,59.61809250369131,59.72516632080078,36405800
2020-06-05,60.36757145000664,60.69592698623754,60.246223730399116,60.2890510559082,35306500
2020-06-08,60.43182544664899,60.446099408272374,60.21053819649916,60.36043930053711,20493100
2020-06-09,60.0392673636377,60.06782075377809,59.66094447478148,59.889366149902344,28412400
2020-06-10,59.81082775621148,60.11776980069141,59.43250498078287,59.803688049316406,36663100
2020-06-11,58.9470739494765,58.97562731437544,58.15473577302284,58.268943786621094,48794500
2020-06-12,59.06129482433859,59.15409464196772,58.42599729348713,58.84715270996094,36156800
2020-06-15,58.46169931877521,59.80367529071357,58.33321185207902,59.418212890625,39432300
2020-06-16,60.139183708659736,60.196290472040474,59.46819285393785,59.660926818847656,40976300
2020-06-17,59.61808221951162,59.689468382604126,59.353973021668,59.38252639770508,17066700
2020-06-18,59.218351423022,59.39680595555738,59.12555702666365,59.36111831665039,22223600
2020-06-19,59.47530214249489,59.510995212852976,59.0398728249163,59.16122055053711,32037600
2020-06-22,59.15408219752542,59.26829021196744,59.02559477752968,59.11838912963867,21536000
2020-06-23,59.325422629380135,59.34683630098503,59.16838177627771,59.20407485961914,17438000
2020-06-24,59.018464507736496,59.089845208921304,58.20471253303318,58.59730911254883,43720600
2020-06-25,58.440304585148276,58.6544468016977,58.16905015311721,58.61875915527344,31159700
2020-06-26,58.54023208990188,58.54023208990188,57.98345476542347,58.06196975708008,33705800
2020-06-29,58.133330895355755,58.14046515316041,57.44806637222365,57.73358917236328,76540200
2020-06-30,57.92634541006388,58.390328308365156,57.87637835615454,58.2618408203125,40554300
2020-07-01,58.35716012957943,58.61521401841633,58.35716012957943,58.44317626953125,28799100
2020-07-02,58.95211989468824,59.14566713028718,58.75857812807025,58.873268127441406,30623300
2020-07-06,59.22452548677369,59.310541628626865,59.07399176954909,59.296207427978516,22888200
2020-07-07,59.23171133398168,59.38224510579988,58.87329602899066,58.90196990966797,22408000
2020-07-08,58.873303425394894,59.138532753243766,58.86613905606315,59.0596809387207,21155700
2020-07-09,59.05967472019428,59.10985264515432,58.65825132051399,58.93064498901367,21655600
2020-07-10,58.83027256192989,59.16718373557704,58.76576044900959,59.13134002685547,17903400
2020-07-13,59.35357343515459,59.43242523544175,58.80161083314448,58.808780670166016,20039400
2020-07-14,58.808767773199286,59.339220747814615,58.808767773199286,59.310546875,31929700
2020-07-15,59.66896879198102,59.719146707804015,59.43241888537699,59.647464752197266,21291300
2020-07-16,59.61160986802513,59.71196567165632,59.55426213195555,59.704795837402344,17570400
2020-07-17,59.84100627832482,59.89118418930964,59.64745900096756,59.86967468261719,22863700
2020-07-20,59.919870061064074,60.256781334025895,59.862527766781156,60.22810745239258,16701600
2020-07-21,60.428842413925295,60.62955417546383,60.407332894630166,60.507694244384766,22331600
2020-07-22,60.57218791239818,60.65820955637416,60.45749238709686,60.62953567504883,15251400
2020-07-23,60.6223419652859,60.65818567007375,60.1922448527392,60.58649826049805,28434900
2020-07-24,60.45748239994669,60.715541820261386,60.42881399234084,60.64385986328125,14977500
2020-07-27,60.73706877290627,60.80158091202122,60.579365140868404,60.78724670410156,12931500
2020-07-28,60.72989152519565,60.787239287846305,60.57218791239818,60.62953567504883,14862900
2020-07-29,60.815895265336195,61.00944255746219,60.71553943570885,60.966434478759766,18012800
2020-07-30,60.77287822005572,61.12412357192785,60.74420434882387,61.095455169677734,54812400
2020-07-31,61.07393310577804,61.217302432456,60.858887319232,61.21013259887695,28623100
2020-08-03,61.19647666218315,61.254054343676216,61.06692962427872,61.22526550292969,17480600
2020-08-04,61.15327997236277,61.22524930973929,61.03093154973183,61.20365905761719,17120700
2020-08-05,61.21808419095931,61.34043817137825,61.182102248057305,61.311649322509766,14566000
2020-08-06,61.31164317651994,61.46278049974561,61.246866900331256,61.44838333129883,13258600
2020-08-07,61.426772971228196,61.426772971228196,61.210864933368015,61.29722595214844,14289900
2020-08-10,61.36199525737296,61.39078409067557,61.182069167413076,61.32600784301758,13708700
2020-08-11,61.354805630699005,61.36919730399643,60.74305793373606,60.771846771240234,20535400
2020-08-12,61.03812360192039,61.18926085511364,60.78622817993164,60.78622817993164,18003400
2020-08-13,60.80064605680577,61.038144397935866,60.56314222476541,60.62071990966797,28444900
2020-08-14,60.606308315774,60.67108456859708,60.39759337586911,60.51274871826172,14072300
2020-08-17,60.57035638588454,60.901419922853385,60.5271703656457,60.87263107299805,13756500
2020-08-18,60.90143097647989,61.00938231939101,60.75029360549165,60.96620178222656,24900300
2020-08-19,60.937372832850585,61.02373934126652,60.72146479817432,60.793434143066406,18738300
2020-08-20,60.692689986668725,60.994964599609375,60.68549140324338,60.994964599609375,19912800
2020-08-21,60.994953403881375,61.03813391468695,60.90858689136092,60.987754821777344,17570600
2020-08-24,61.102926509085506,61.29724435057527,61.09572792505677,61.268455505371094,16058100
2020-08-25,61.27563232150092,61.37639049846628,61.11010338401877,61.33320999145508,24018600
2020-08-26,61.34040500512314,61.44116317622799,61.29721900971498,61.32600784301758,16243100
2020-08-27,61.40520286591016,61.42679312768985,61.10292821917265,61.23247528076172,19861800
2020-08-28,61.268474073917076,61.36923231721298,61.2396852199879,61.28287124633789,14418500
2020-08-31,61.268452976645236,61.34042783214047,61.16769476804457,61.19648361206055,21473800
2020-09-01,61.211651401586344,61.5874077538143,61.16106945182709,61.529598236083984,22774200
2020-09-02,61.565765842582344,61.70306215990783,61.38511511474258,61.601898193359375,15878600
2020-09-03,61.49346664267238,61.50792177878689,60.96596994789432,61.21887969970703,34169800
2020-09-04,61.27671062660998,61.377874562679104,60.68417663833897,61.05270004272461,36087300
2020-09-08,60.799780395011844,60.99488617811647,60.63358488957325,60.71306610107422,34967600
2020-09-09,60.9731699910378,61.23330721699575,60.87923369228187,61.1899528503418,32976800
2020-09-10,61.2839030429321,61.29835817710533,60.87924749437572,60.90092468261719,32866300
2020-09-11,60.94428267504837,61.05267413570516,60.77085964580872,61.02376937866211,20807100
2020-09-14,61.14661457966297,61.20441857941194,60.8936993395596,60.958736419677734,28958000
2020-09-15,61.096039718127784,61.2188808122379,61.01655300711083,61.12493896484375,22176900
2020-09-16,61.168298860956135,61.41398104917637,61.0671349583926,61.12493896484375,26951200
2020-09-17,60.922586941766454,61.17550211065565,60.86478295829354,61.05988311767578,25752400
2020-09-18,61.18272511823541,61.1971802490921,60.879233526450214,60.908138275146484,29891800
2020-09-21,60.6480187378395,60.72027787414594,60.25058521862599,60.416786193847656,42968900
2020-09-22,60.4890655828595,60.66248867066353,60.35176931879518,60.62636184692383,41396800
2020-09-23,60.68413960875883,60.68413960875883,59.947082223699326,60.01211929321289,39577800
2020-09-24,59.882075678947515,60.22169424864187,59.658065138188284,60.04827117919922,38755800
2020-09-25,59.97601652143377,60.09163558507427,59.802593438993405,59.939884185791016,36032200
2020-09-28,60.25057617430013,60.42400469102437,60.113285489832464,60.33006286621094,20277000
2020-09-29,60.38064193725586,60.41677425477827,60.185541756480696,60.38064193725586,20243400
2020-09-30,60.380674085599274,60.72029820427172,60.37345202866367,60.62636184692383,28797600
2020-10-01,60.82008545348775,60.87814199021274,60.73300618497635,60.83460235595703,31098000
2020-10-02,60.435470586692844,60.863630624319526,60.435470586692844,60.83460235595703,26284300
2020-10-05,60.95072233577057,61.30631454337233,60.89992423990992,61.29179763793945,27394000
2020-10-06,61.306334352161095,61.502268346195805,61.11765327660911,61.153934478759766,37848500
2020-10-07,61.33534107836569,61.415167453456945,61.29905988569173,61.37162780761719,20968200
2020-10-08,61.56754960032907,61.57480805206246,61.42241378512023,61.509498596191406,18738800
2020-10-09,61.60383356416498,61.70542973757759,61.50949584216075,61.64737319946289,21287800
2020-10-12,61.84333836540184,62.02476097007079,61.778023348700195,61.95944595336914,10503400
2020-10-13,61.799771673597995,61.87233957640025,61.63286051423432,61.683658599853516,25183100
2020-10-14,61.654658005464924,61.69819765937408,61.48049385324971,61.53129196166992,31620600
2020-10-15,61.284564447391624,61.52404365655516,61.190226669499694,61.487762451171875,32232100
2020-10-16,61.58207231898289,61.64012886517928,61.33533476593671,61.4151611328125,27456900
2020-10-19,61.538539314223534,61.582078960277855,61.17569416623065,61.19746398925781,20998100
2020-10-20,61.30631202941549,61.5167573203677,61.29905357699669,61.4151611328125,27650700
2020-10-21,61.40789031982422,61.53851474240752,61.34257534024489,61.40789031982422,26901600
2020-10-22,61.400669445542,61.567575148634326,61.284556315931034,61.51677703857422,28977800
2020-10-23,61.611106217930924,61.6256175875166,61.4441950165195,61.58933639526367,20734700
2020-10-26,61.36432460275516,61.407869753415916,61.023249528209035,61.04502487182617,50102400
2020-10-27,61.088592786792454,61.20470032367278,61.045053152534344,61.07408142089844,30880900
2020-10-28,60.67495952885777,60.75478589570992,60.45725024897426,60.566104888916016,45794300
2020-10-29,60.522576368059504,60.76930842979047,60.428233079039316,60.74028015136719,37112600
2020-10-30,60.689514662205326,60.89996564143491,60.54437872867228,60.87093734741211,36801700
2020-11-02,61.05967605214453,61.1106925089599,60.84832057094464,61.01594924926758,25665400
2020-11-03,61.139817297216304,61.54066467285156,61.139817297216304,61.54066467285156,39777600
2020-11-04,61.72287441766975,62.24761811403196,61.701011023717136,62.116432189941406,57673400
2020-11-05,62.41525250711144,62.59016525086554,62.25491350851357,62.3350830078125,55079000
2020-11-06,62.35693508379504,62.37151438668002,62.02897305375608,62.116432189941406,25953400
2020-11-09,63.31894674442145,63.3335260434852,62.56098444393537,62.59013748168945,59347100
2020-11-10,62.51723257683547,62.72129819884102,60.7680899362046,62.50265884399414,39295700
2020-11-11,62.61929732545826,62.626586975782445,62.407941949049224,62.48082733154297,14416200
2020-11-12,62.42253693416495,62.42253693416495,62.05813217163086,62.05813217163086,43300100
2020-11-13,62.130998470638616,62.335064203521604,62.1237088200716,62.269474029541016,20277100
2020-11-16,62.604727101192324,62.64845388484515,62.45167779803312,62.619300842285156,28350400
2020-11-17,62.51727803586554,62.75778650541532,62.47355124517475,62.64117431640625,23747100
2020-11-18,62.70676902241284,62.77964885914671,62.50270325540797,62.524566650390625,22098900
2020-11-19,62.46623945766172,62.779627654101965,62.422512682466,62.73590087890625,21704200
2020-11-20,62.61930084228516,62.692180668497976,62.56828440789876,62.619300842285156,48530200
2020-11-23,62.779644287837996,62.830660725874445,62.64845836711931,62.714054107666016,23790600
2020-11-24,62.910854107149326,63.05661382537479,62.830684594012276,62.903564453125,26080100
2020-11-25,62.896250970897555,62.983704536819,62.81608149522008,62.87438201904297,26510900
2020-11-27,62.99096838821351,63.04198480089762,62.96181535805516,62.97639465332031,7338500
2020-11-30,62.991008574799004,62.991008574799004,62.78694279387402,62.91083908081055,24256900
2020-12-01,63.109142785274315,63.2115803675488,63.05792399413707,63.07255554199219,26256700
2020-12-02,63.08718639338528,63.328648777184306,63.035967607345704,63.24816131591797,23705000
2020-12-03,63.30667529385351,63.43838150414808,63.24814354227725,63.284725189208984,20748400
2020-12-04,63.416427647595214,63.5847210772922,63.30667154843867,63.548133850097656,19362000
2020-12-07,63.511562141428996,63.540825228850196,63.42375613188148,63.51887512207031,17811300
2020-12-08,63.48959002419597,63.54812734874769,63.43837126081984,63.4676399230957,21408300
2020-12-09,63.54813831239429,63.54813831239429,63.28472588889282,63.37253189086914,36608500
2020-12-10,63.27742447171075,63.57010003359145,63.26278734415961,63.4896125793457,24251500
2020-12-11,63.453031948292114,63.55546951308752,63.321325710351076,63.423763275146484,17699600
2020-12-14,63.53350193755042,63.57008358210418,63.36520850883651,63.438377380371094,20705200
2020-12-15,63.54813074553953,63.6578868393341,63.42374311103821,63.63593673706055,25052800
2020-12-16,63.614022270125496,63.63597238469507,63.36524127933376,63.54084777832031,42386700
2020-12-17,63.620903157862095,63.68703243293594,63.562128431308786,63.63560104370117,23911400
2020-12-18,63.66500100977769,63.716432406929336,63.59152838607561,63.687042236328125,26741200
2020-12-21,63.466625260587804,63.59153489983805,63.34907017174353,63.45928192138672,30308300
2020-12-22,63.50334573124042,63.584167283538676,63.44456540127791,63.54008483886719,21975100
2020-12-23,63.64296814067831,63.85604270131613,63.62827025064668,63.82665252685547,15913900
2020-12-24,63.88541078757298,63.95888900756836,63.878067450054374,63.95888900756836,7327300
2020-12-28,64.05439564812808,64.09113475399751,63.95153287841431,64.03970336914062,22575500
2020-12-29,64.14991668387309,64.14991668387309,63.95154006444859,63.95888900756836,22893000
2020-12-30,63.98094425730672,64.12788951830866,63.98094425730672,64.09115600585938,21080100
2020-12-31,64.07645646472658,64.17197032135559,64.04706629216328,64.14258575439453,12059900
2021-01-04,64.21606344815761,64.21606344815761,63.82665344078253,64.01033782958984,34528300
2021-01-05,63.936836826448854,64.1058288704513,63.9074522676317,64.03235626220703,33725500
2021-01-06,63.98830572015866,64.17199015123813,63.90014078082705,63.914833068847656,37148100
2021-01-07,64.0544282771692,64.19403022386501,64.01768915258502,64.0985107421875,25868200
2021-01-08,64.17934049716828,64.20138173248168,64.02504624437036,64.19403839111328,27403600
2021-01-11,63.93685112563225,64.04706286544736,63.84133727411352,63.84868621826172,26608000
2021-01-12,63.84134912398213,63.973602115187916,63.76787648566846,63.92951965332031,41746100
2021-01-13,63.907452661867566,64.1499117100093,63.885405834217664,64.12052154541016,47710300
2021-01-14,64.12053487288505,64.20135644093132,64.08380136370157,64.10584259033203,25484800
2021-01-15,64.02501668900587,64.12053053314068,63.958893013589815,64.00297546386719,48134800
2021-01-19,64.17934233699651,64.20138357294177,64.0323970269586,64.18669128417969,24270500
2021-01-20,64.3776927016729,64.3776927016729,64.19400835254126,64.30421447753906,24534700
2021-01-21,64.2674789428711,64.34095155908476,64.20134966435789,64.2674789428711,20451400
2021-01-22,64.12788786531176,64.20870943846026,64.05441523670467,64.14258575439453,26615900
2021-01-25,64.14256480139703,64.17194935875922,63.944182602799486,64.15725708007812,28718200
2021-01-26,64.13521729619387,64.16460745981496,64.054395747636,64.0617446899414,39103500
2021-01-27,63.93684556256462,64.08379640473274,63.782551382489196,63.87807083129883,46378600
2021-01-28,64.03973774070685,64.28219691053657,64.02503984823018,64.06912231445312,38836200
2021-01-29,64.0176825072692,64.19402356024422,63.841347059897,63.90012741088867,46095900
2021-02-01,64.01663895782782,64.13463108957824,63.90602836702995,64.10513305664062,35620700
2021-02-02,64.2673856822689,64.34850388682395,64.22313580858146,64.260009765625,29522300
2021-02-03,64.30423144678439,64.42222356697587,64.28210933079198,64.31160736083984,31911000
2021-02-04,64.41486841552225,64.50336253418985,64.38537037596639,64.44436645507812,21181100
2021-02-05,64.62134035927372,64.6360921901519,64.5107297585624,64.54022216796875,21653100
2021-02-08,64.59184221969153,64.7319564819336,64.56972009958488,64.7319564819336,16590100
2021-02-09,64.63609764691222,64.69509372305554,64.5771015707689,64.61397552490234,14404300
2021-02-10,64.61392632040155,64.65817053072864,64.50331016841261,64.59917449951172,20469400
2021-02-11,64.6286849975586,64.65818301886432,64.55494275738039,64.6286849975586,17047200
2021-02-12,64.56234981033268,64.73933239736081,64.56234981033268,64.7319564819336,17800100
2021-02-16,64.69505695203956,64.70242723773679,64.57706486681663,64.6286849975586,22264400
2021-02-17,64.49596643442719,64.60658264160156,64.47384431822712,64.60658264160156,20276700
2021-02-18,64.50332783688668,64.59181628177924,64.44433178950982,64.51807403564453,26366700
2021-02-19,64.62132366078706,64.62132366078706,64.51071308865811,64.52545928955078,28124800
2021-02-22,64.42958762415564,64.4959539599196,64.32634735107422,64.32634735107422,25455400
2021-02-23,64.29685036405289,64.53282893864328,64.16411206420999,64.48120880126953,29015900
2021-02-24,64.38535579535638,64.54759216308594,64.32636535577929,64.54759216308594,21791800
2021-02-25,64.40009562654598,64.46646196852095,63.861766472663994,63.935508728027344,59413400
2021-02-26,64.06824910274638,64.09774713107697,63.72165992875249,63.74378204345703,46615300
2021-03-01,64.14119985674411,64.50383445847415,64.05979254992532,64.45942687988281,48014200
2021-03-02,64.49640872137415,64.50381092280975,64.33359416714312,64.36319732666016,23988500
2021-03-03,64.26698776525792,64.31879753078968,64.1337820123781,64.1559829711914,30197000
2021-03-04,64.20038983149074,64.34839999912484,63.70454955906799,63.911766052246094,49020300
2021-03-05,64.00799055220126,64.17820737566296,63.71196448535304,64.10420227050781,46950100
2021-03-08,64.06719219504508,64.11899632947626,63.62315595045967,63.63795471191406,39868700
2021-03-09,63.80818726139069,63.97839846812179,63.70457896697301,63.72677993774414,31441100
2021-03-10,63.808182914364714,64.01539948908315,63.7563787706851,63.92658996582031,23776600
2021-03-11,64.07457964315658,64.28179613316142,64.07457964315658,64.16338348388672,27728500
2021-03-12,64.05982591148697,64.08942909722235,63.919217837031816,63.98582077026367,21842000
2021-03-15,63.941386627978666,64.05239710704836,63.87477808204585,63.99319076538086,14719400
2021-03-16,63.963608492285644,64.00801043992921,63.778592848798326,63.84519577026367,22931400
2021-03-17,63.71935649674918,64.12639297933158,63.674954570004445,63.93397521972656,28345800
2021-03-18,63.68977678859553,63.77118411509621,63.430756043470076,63.445560455322266,37150300
2021-03-19,63.54175190842856,63.75637066101024,63.386339497157856,63.689762115478516,47467800
2021-03-22,63.79336694368401,64.03018664990796,63.756367217033905,63.91918182373047,32979500
2021-03-23,63.90441342104895,64.01542395599907,63.830408279825654,63.98582077026367,24705800
2021-03-24,64.04498996632208,64.23740773879653,64.02278900146484,64.02278900146484,31374500
2021-03-25,63.97838626308277,64.13380432128906,63.911783363475074,64.13380432128906,24070300
2021-03-26,64.2078029968932,64.33361222548604,64.06718936127358,64.32621002197266,25948000
2021-03-29,64.28179004954464,64.3853982847416,64.16337741147649,64.36319732666016,17447500
2021-03-30,64.25962885668724,64.29662859431075,64.19302029499877,64.20782470703125,19622100
2021-03-31,64.2818036719537,64.54082431483698,64.27440146894945,64.51862335205078,41604700
2021-04-01,64.58101791079397,64.6552734375,64.49190787954663,64.6552734375,30806600
2021-04-05,64.66268332612437,64.73693883289081,64.63297999035139,64.6849594116211,20758300
2021-04-06,64.69980369158442,64.8260442760645,64.69980369158442,64.79634094238281,15367900
2021-04-07,64.81118039368576,64.84088372306722,64.72949765421943,64.77405548095703,15645400
2021-04-08,64.84832035999285,64.87059644392122,64.78148644287616,64.79634094238281,11052100
2021-04-09,64.71466798399354,64.75922015859209,64.67753739493976,64.75179290771484,17413100
2021-04-12,64.67753216134484,64.70723549711782,64.61812548979889,64.6849594116211,15464500
2021-04-13,64.61069977612117,64.75178353036232,64.53644427409978,64.72950744628906,20643500
2021-04-14,64.7443411443576,64.81859662252167,64.67008000086372,64.69978332519531,17992800
2021-04-15,64.8483459267761,64.95973205566406,64.80378807602061,64.95973205566406,20944400
2021-04-16,64.97456846730276,64.99684455575259,64.82605743408203,64.82605743408203,32509300
2021-04-19,64.75177408022466,64.81860798802207,64.69237308647577,64.72207641601562,23904900
2021-04-20,64.64781980078851,64.70722646404136,64.57356430438807,64.6106948852539,22901000
2021-04-21,64.58100913046835,64.82605743408203,64.57358187920748,64.82605743408203,19527000
2021-04-22,64.84088413526418,64.84831138398945,64.69237315274356,64.70722198486328,18506500
2021-04-23,64.75179588962654,64.93743751277951,64.74437430373999,64.87803649902344,14388700
2021-04-26,64.88544492522571,64.95970609169188,64.81861667380407,64.84832000732422,12746100
2021-04-27,64.88541301800741,64.88541301800741,64.7591781616211,64.7591781616211,17660600
2021-04-28,64.78149342408454,64.93743169371945,64.7295140008729,64.88545227050781,14795000
2021-04-29,65.01171149376727,65.01171149376727,64.86319476680536,64.95973205566406,17152900
2021-04-30,64.87802088981215,64.96712522167473,64.86316639094747,64.93000030517578,23367500
2021-05-03,64.99259337544423,65.06709939305979,64.94788521731907,64.95533752441406,15782400
2021-05-04,64.90319188846804,64.93299543660252,64.79888231222013,64.9180908203125,23089700
2021-05-05,64.96279569621075,65.05965295941057,64.94789108067522,65.04475402832031,13676300
2021-05-06,65.03729688737714,65.07454705455719,64.9329873241612,65.02239227294922,23110100
2021-05-07,65.08199945490671,65.12670761380956,64.99259450599075,65.06710052490234,17872700
2021-05-10,65.0894598009744,65.10435873281885,64.9180908203125,64.9180908203125,16580800
2021-05-11,64.74672649718383,64.88828624302046,64.67966709383343,64.85103607177734,28683600
2021-05-12,64.76160394414312,64.80631209302662,64.5380859375,64.5380859375,31630100
2021-05-13,64.64985930350444,64.82122827020221,64.6424126804118,64.76907348632812,28689600
2021-05-14,64.85847553839666,64.9776840209961,64.83611861874269,64.9776840209961,22550800
2021-05-17,64.97023854864355,64.97769085597878,64.8137742012734,64.85848236083984,13545000
2021-05-18,64.9478784274309,64.9478784274309,64.69455685713218,64.7020034790039,16447500
2021-05-19,64.52318734218817,64.7020029010632,64.50083610788431,64.5306396484375,34701000
2021-05-20,64.5828116775741,65.07455601696843,64.5828116775741,64.80633544921875,28013700
2021-05-21,64.88086988031135,64.91812006892822,64.76165563406188,64.9032211303711,36466200
2021-05-24,64.95533278578648,65.05219003317629,64.89572570226458,64.9776840209961,24277800
2021-05-25,65.0149338490598,65.02983277633848,64.9255232320562,64.9851303100586,15466600
2021-05-26,64.94040786905647,65.02236047054755,64.94040786905647,65.00746154785156,14354900
2021-05-27,65.10434481014686,65.10434481014686,64.97023171444478,64.9776840209961,12682100
2021-05-28,65.0447481562196,65.08199832280499,64.95533752441406,64.95533752441406,15464100
2021-06-01,65.08316005680314,65.15792129530861,65.03830787648523,65.15044403076172,22655300
2021-06-02,65.15044846924117,65.24015283598824,65.1280223775544,65.23268127441406,13698300
2021-06-03,65.06074864477488,65.21026545203608,65.03084528332263,65.09812927246094,16701800
2021-06-04,65.21026805128828,65.2700690730934,65.1654101555804,65.24016571044922,26829200
2021-06-07,65.25511886399731,65.29997105527376,65.23269276835909,65.2625961303711,9189800
2021-06-08,65.36724842939634,65.36724842939634,65.27006108682355,65.30744171142578,10983900
2021-06-09,65.38968272064442,65.40463155026991,65.33735326173029,65.35977935791016,13232200
2021-06-10,65.41209184610277,65.5317052660069,65.38218849112674,65.4793701171875,15290000
2021-06-11,65.52424189101383,65.55414525232868,65.4494863394682,65.50181579589844,12559600
2021-06-14,65.47939152989335,65.47939152989335,65.3896871391124,65.4420166015625,19408600
2021-06-15,65.39716486632804,65.46444315988714,65.36726150136278,65.43453979492188,16037000
2021-06-16,65.43454540251757,65.46444877004551,65.2327048010593,65.34484100341797,21267200
2021-06-17,65.38217880338799,65.41208215393321,65.32237210229754,65.38965606689453,21099000
2021-06-18,65.29249536588726,65.37472818753565,65.2551204400819,65.35977935791016,35134500
2021-06-21,65.42702496944054,65.48683166503906,65.37469553666193,65.48683166503906,21265000
2021-06-22,65.46446189434657,65.53174591064453,65.42708125157156,65.53174591064453,14604400
2021-06-23,65.50929921983618,65.5990093200238,65.46444702148438,65.46444702148438,16583100
2021-06-24,65.5915194736693,65.66627502441406,65.5616161126748,65.66627502441406,12722300
2021-06-25,65.67370619840342,65.74846169668214,65.65875738013925,65.73351287841797,16175000
2021-06-28,65.76349301025074,65.76349301025074,65.68126015507742,65.72611236572266,16019300
2021-06-29,65.7410484241365,65.8083267211914,65.73357115663573,65.8083267211914,12728000
2021-06-30,65.76347406266109,65.8382296266933,65.75599679521268,65.81580352783203,26093500
2021-07-01,65.87726867468294,65.94477081298828,65.86226438453063,65.94477081298828,31932400
2021-07-02,65.97480037376093,66.05730683561261,65.94479750377285,66.0498046875,11464800
2021-07-06,66.049820776941,66.0648250768212,65.95981786751474,66.01232147216797,17784300
2021-07-07,66.0723198604807,66.07982201023415,65.95231407674342,66.03482055664062,11463700
2021-07-08,65.86230059245814,65.95230921547436,65.8322977181194,65.89230346679688,21936400
2021-07-09,65.91482076109638,66.0198279864463,65.90732433247467,66.00482940673828,17698100
2021-07-12,66.00483105362136,66.01982963370361,65.92232455700716,65.98233032226562,17546700
2021-07-13,65.94480326983187,65.97480614244333,65.77979033170017,65.78729248046875,26938600
2021-07-14,65.86230059245814,65.91480419193515,65.80979699298113,65.89230346679688,16100200
2021-07-15,65.83229337104686,65.86979839210952,65.79479407244698,65.84729766845703,16384800
2021-07-16,65.88479398167229,65.88479398167229,65.73478534914442,65.75728607177734,17820400
2021-07-19,65.59979232436554,65.62229305284094,65.23976922383093,65.31477355957031,54224700
2021-07-20,65.37474580607623,65.65226227830348,65.31474007925804,65.64476013183594,26941300
2021-07-21,65.68979015318115,65.82480022428523,65.67478585502343,65.80229949951172,18522600
2021-07-22,65.80978747423916,65.89229393612115,65.7422853085879,65.83979034423828,17110500
2021-07-23,65.91481969139974,65.99732618461638,65.87732038150597,65.96732330322266,19441000
2021-07-26,65.9447934326438,65.9822984484291,65.8397862553993,65.86978912353516,15282700
2021-07-27,65.7797622680664,65.83226584212116,65.67475511995688,65.7797622680664,19919000
2021-07-28,65.85476656658753,65.89226584625375,65.75725585004363,65.83226013183594,15129200
2021-07-29,65.8773026927577,66.00481061259546,65.8773026927577,65.97480773925781,18675000
2021-07-30,65.95230403515356,65.98230690713568,65.88479614257812,65.88479614257812,21062100
2021-08-02,65.96981596743424,65.98486875858713,65.72149658203125,65.72149658203125,27274400
2021-08-03,65.75914956564263,65.81182287418645,65.67637640350804,65.7967758178711,16058700
2021-08-04,65.74407953674393,65.78170003486682,65.67635345458984,65.67635345458984,17113300
2021-08-05,65.71397030156623,65.85693735953267,65.71397030156623,65.82684326171875,15465700
2021-08-06,65.78922841306617,65.85694875630257,65.74408151757522,65.75160217285156,12923200
2021-08-09,65.72148307723437,65.73653586529412,65.60108947753906,65.60108947753906,10788700
2021-08-10,65.60864245150026,65.61616310762042,65.44309616151472,65.45062255859375,31522900
2021-08-11,65.4958000330432,65.58609961726746,65.47322657222752,65.55599975585938,15834400
2021-08-12,65.55594839713851,65.68386840218493,65.53336921305056,65.66881561279297,14127800
2021-08-13,65.69142731394177,65.81182098388672,65.69142731394177,65.81182098388672,10016800
2021-08-16,65.796752975913,65.8343734741211,65.7290268936055,65.8343734741211,12598100
2021-08-17,65.75912277043336,65.76664916600424,65.61614995937512,65.68387603759766,18468400
2021-08-18,65.69141950312635,65.75913985798834,65.53339385986328,65.53339385986328,12147600
2021-08-19,65.46567158033073,65.61616508068352,65.42804533476303,65.52587127685547,20026700
2021-08-20,65.54090322653943,65.71397587892348,65.53337683096854,65.68387603759766,16784100
2021-08-23,65.77417196197247,65.90961262908988,65.77417196197247,65.88703918457031,21933100
2021-08-24,65.90211682932939,65.99241064146123,65.87954337629643,65.97736358642578,20828100
2021-08-25,65.99236304984083,66.0826625378111,65.96226896147284,66.04503631591797,19085400
2021-08-26,66.03755376514678,66.04507442110015,65.90210732552231,66.00745391845703,17676100
2021-08-27,66.03001419972932,66.21060750289294,66.01496714986469,66.18803405761719,18519700
2021-08-30,66.20310026812129,66.29339406752729,66.18804747424778,66.27082061767578,11640000
2021-08-31,66.26329233448249,66.2933921804139,66.19557198685573,66.2858657836914,19163900
2021-09-01,66.30474707160279,66.41042933905399,66.28965289564565,66.34249114990234,22973500
2021-09-02,66.42552185058594,66.44061602616488,66.37268359765321,66.42552185058594,16521300
2021-09-03,66.39531562191812,66.45570383108699,66.3424773786295,66.43305969238281,6491000
2021-09-07,66.41796756832413,66.41796756832413,66.25190285305644,66.25945281982422,11728800
2021-09-08,66.26699037914834,66.35757268658988,66.20660217418731,66.33492279052734,13020900
2021-09-09,66.32737703844626,66.41040937859866,66.31982707326802,66.39530944824219,23024700
2021-09-10,66.4859195892697,66.4934637986704,66.28966072502018,66.29721069335938,16112600
2021-09-13,66.38776107082732,66.47079341296558,66.34247279654689,66.46324920654297,17136900
2021-09-14,66.48589793567143,66.51609204025587,66.40286558779837,66.43305969238281,20108000
2021-09-15,66.4406295043652,66.53121185302734,66.43308529451414,66.53121185302734,17069500
2021-09-16,66.508544921875,66.53118906154866,66.38776849836631,66.508544921875,13859700
2021-09-17,66.48591007077697,66.4934542790976,66.40287770774871,66.42552185058594,38948500
2021-09-20,66.12356726445182,66.28208197711706,66.08582895701875,66.1915054321289,49641000
2021-09-21,66.2972119550065,66.33495027954365,66.1839854635179,66.30475616455078,27304200
2021-09-22,66.40287770774871,66.48591007077697,66.31229537746218,66.42552185058594,24344800
2021-09-23,66.46324607095964,66.54627840918062,66.39530790380796,66.45569610595703,27590300
2021-09-24,66.39533567399968,66.44062396508558,66.31985326921041,66.35759735107422,21713200
2021-09-27,66.24437243286202,66.34249898551754,66.22172828678293,66.29721069335938,17652900
2021-09-28,66.16886153061016,66.19904987308932,65.9575028207041,65.99524688720703,35515900
2021-09-29,66.07073955232251,66.20661015038563,66.0556453787319,66.11602783203125,19783400
2021-09-30,66.15377669834747,66.18397080665366,65.9575178738259,66.0405502319336,41680700
2021-10-01,66.15338550202426,66.2518430095237,65.9943454260899,66.1988296508789,30062800
2021-10-04,66.15339984196264,66.17611903230338,65.94892135087198,65.96406555175781,24726400
2021-10-05,66.03219618856228,66.05491536764798,65.9110195294104,65.9337387084961,22347700
2021-10-06,65.78987018915855,65.91861609814549,65.71413186337986,65.8958969116211,28905900
2021-10-07,65.9867498887426,66.11550152937514,65.85800402613098,65.9034423828125,29054000
2021-10-08,65.88831748551483,65.92618664585349,65.70655822753906,65.70655822753906,28064300
2021-10-11,65.706582379652,65.74444577588568,65.5020980834961,65.5020980834961,16068400
2021-10-12,65.58540658203614,65.71415253151571,65.57026237893112,65.62327575683594,32922200
2021-10-13,65.66111106407376,65.79743194580078,65.5550843536219,65.79743194580078,29370400
2021-10-14,65.92617812381958,66.17609490447197,65.91860313712652,66.16852569580078,26937000
2021-10-15,66.18370811623437,66.18370811623437,66.01709298088794,66.05496215820312,29782900
2021-10-18,65.90346624528136,66.02464294433594,65.88074705871439,66.02464294433594,20338400
2021-10-19,66.02462999515272,66.077643346086,65.97919163093044,66.070068359375,26103300
2021-10-20,66.07765975591707,66.10795393226252,66.03222138041055,66.09280395507812,19720100
2021-10-21,66.07765069083486,66.10794486302431,65.88074146061471,65.92618560791016,19273600
2021-10-22,65.90348707821298,65.93378126255298,65.73687773138015,65.76716613769531,20734400
2021-10-25,65.84288155036583,65.94890826960774,65.71412986726679,65.88074493408203,20230000
2021-10-26,65.97920444755924,66.03978701894995,65.8958969116211,65.8958969116211,19617200
2021-10-27,65.96405880718731,65.98677799520512,65.83531288973757,65.84288787841797,18521300
2021-10-28,65.87316247179878,66.00948333740234,65.87316247179878,66.00948333740234,16374700
2021-10-29,65.90345417808037,65.92617913850934,65.83529663085938,65.83529663085938,26521600
2021-11-01,65.89381934291738,65.93180376816433,65.75706265974155,65.76465606689453,29987000
2021-11-02,65.76463825213969,65.9773695246774,65.76463825213969,65.92418670654297,26441600
2021-11-03,65.8786283196373,66.06856785664347,65.86343570713446,66.05337524414062,22984200
2021-11-04,66.11413116184012,66.52440113120277,66.09893855400871,66.22809600830078,28989800
2021-11-05,66.32687152897674,66.49401340936444,66.28888131277903,66.47882080078125,27595000
2021-11-08,66.5472053350654,66.56240374222027,66.35726582108725,66.39525604248047,11957900
2021-11-09,66.39526534164956,66.44844818115234,66.31169148007449,66.44844818115234,13732600
2021-11-10,66.36486258008527,66.36486258008527,66.05336480281214,66.07615661621094,30438400
2021-11-11,66.12174485150305,66.12934405533021,65.96219635009766,65.96219635009766,10086100
2021-11-12,66.03815291200925,66.13692514522758,65.97737089102759,65.98497009277344,26392400
2021-11-15,66.03057591298794,66.03816932012792,65.89381923004636,65.90901184082031,17057100
2021-11-16,65.92418605742193,66.00016647957364,65.90139424937337,65.93938446044922,14302000
2021-11-17,65.96218286446373,65.97737547251783,65.87100982666016,65.87100982666016,17919200
2021-11-18,65.95458961758472,65.95458961758472,65.81783294677734,65.81783294677734,23421300
2021-11-19,65.81783889943546,65.92420456451732,65.76465606689453,65.76465606689453,45282700
2021-11-22,65.82542135737445,65.84821316602329,65.50632444330574,65.51392364501953,26266000
2021-11-23,65.51394069397435,65.6203063596772,65.36198560261737,65.42276763916016,33967100
2021-11-24,65.33919444083067,65.42276829278848,65.1568541258746,65.4075698852539,31158800
2021-11-26,65.04288146212664,65.05048066498341,64.83774356044765,64.93651580810547,36123400
2021-11-29,65.1948469731047,65.43796935661555,65.15686254234996,65.33920288085938,31728900
2021-11-30,65.30880381107308,65.39237766352844,64.97450840125164,65.06568145751953,35465700
2021-12-01,65.37972402067726,65.50931400100136,65.03670574578264,65.07482147216797,41845200
2021-12-02,65.11292168078673,65.60077266448155,65.10530318915953,65.55503845214844,42383500
2021-12-03,65.59315417285434,65.63126407791779,65.42545430677629,65.55503845214844,47368800
2021-12-06,65.5779262509072,65.92095039857152,65.55505913752509,65.84471893310547,28211300
2021-12-07,66.09626551810102,66.3706824963009,66.04290698432015,66.19535827636719,42893500
2021-12-08,66.14963857664947,66.21824574408582,66.07341291388875,66.18013000488281,26598200
2021-12-09,66.1648537066583,66.1648537066583,65.8828125,65.8828125,24939100
2021-12-10,65.98191216682063,66.05814361465364,65.95904505872791,66.03527069091797,20247200
2021-12-13,66.03527069091797,66.0962535229272,65.98191216682063,66.03527069091797,17125800
2021-12-14,65.93617938498507,66.00478071075557,65.80659522587875,65.92093658447266,20310500
2021-12-15,65.91332461423254,66.19536009382753,65.80660754374078,66.17249298095703,31699000
2021-12-16,66.20000451845544,66.26119014901153,66.0776215862645,66.1235122680664,27374000
2021-12-17,66.05468938904576,66.16942195191963,65.93995682617191,66.06233978271484,27248200
2021-12-20,65.87877469543992,66.00115766934778,65.84817895196296,65.94761657714844,27560400
2021-12-21,66.03938525425572,66.30709649923831,66.03938525425572,66.29944610595703,24390500
2021-12-22,66.27652575112172,66.49069015942597,66.26887535495587,66.47539520263672,17433300
2021-12-23,66.51362436840482,66.70484339171631,66.49832941417816,66.6666030883789,15612100
2021-12-27,66.67423637879793,66.78896894050165,66.64364063997425,66.73542785644531,13396700
2021-12-28,66.7124767479106,66.72777169823087,66.60539458904879,66.70482635498047,17150700
2021-12-29,66.65894691481384,66.68189226193543,66.58246047922816,66.5977554321289,16760300
2021-12-30,66.62074082768106,66.62074082768106,66.53660394729644,66.56719970703125,12326100
2021-12-31,66.5901125577587,66.63600909272586,66.52892690370521,66.55187225341797,11505300
2022-01-03,66.4830551154127,66.52130126953125,66.36067792621219,66.52130126953125,35368400
2022-01-04,66.54420818581706,66.54420818581706,66.29179771975494,66.35298919677734,33609900
2022-01-05,66.34534554337645,66.37594128499592,65.84053039550781,65.84053039550781,44808500
2022-01-06,65.85580255228643,66.02407615517438,65.8175622651549,65.84815216064453,42823200
2022-01-07,65.84818423113752,65.85583462650546,65.672265986468,65.67991638183594,34630100
2022-01-10,65.59575868932104,65.74873153480506,65.29745755574919,65.73343658447266,52621800
2022-01-11,65.77170032993257,66.0394058227539,65.58813168278967,66.0394058227539,32513100
2022-01-12,66.13880346638392,66.1770437504966,66.03936588950613,66.14645385742188,24621400
2022-01-13,66.13118518585952,66.1617809293288,65.88642507364668,65.90937042236328,31699700
2022-01-14,65.86345294392835,65.95524013701423,65.77931614248438,65.84815216064453,31046200
2022-01-18,65.65694400548655,65.66459439838538,65.48102581759319,65.52691650390625,46331500
2022-01-19,65.64167574290731,65.74875794486707,65.4428062954639,65.46575164794922,31390200
2022-01-20,65.58812866036567,65.75640234396816,65.32807357519222,65.34336853027344,38217700
2022-01-21,65.34333990345026,65.47336738907214,65.26685349046912,65.35099029541016,57098000
2022-01-24,65.15980363183303,65.32807732509461,64.83855120126901,65.28218078613281,79230800
2022-01-25,65.08330724633274,65.23628597400025,64.93798474947583,65.09095764160156,43642700
2022-01-26,65.37397703310775,65.67992871431215,64.78501902556928,64.86915588378906,63574900
2022-01-27,65.02976722234543,65.1062595052108,64.44081515885838,64.58614349365234,47351000
2022-01-28,64.44078700609964,64.77733422994325,64.21132192883549,64.76968383789062,51496700
2022-01-31,64.63204599831487,64.88445657256639,64.4178815724807,64.78501892089844,78932100
2022-02-01,64.98074740946201,65.08053853215554,64.76580907958041,65.04216003417969,42377300
2022-02-02,65.17266646063814,65.21872300721536,64.95005005779647,65.14196014404297,29261500
2022-02-03,64.84258465560622,64.89631924862044,64.55087755927349,64.55855560302734,44760800
2022-02-04,64.29754937184426,64.405018538969,63.86766684671487,64.30522155761719,65508300
2022-02-07,64.12868831112239,64.37433303777,64.03656934239244,64.25918579101562,37620700
2022-02-08,64.31289812784111,64.36663271017346,64.15937242307162,64.19007873535156,39549000
2022-02-09,64.43573419436561,64.573909694507,64.43573419436561,64.52784729003906,37641800
2022-02-10,64.12865764326382,64.35127398542654,63.66807473314033,63.67574691772461,57751400
2022-02-11,63.89070645129489,63.90605668078711,63.29194208174282,63.45315170288086,58997100
2022-02-14,63.44551161870693,63.583687193329574,63.115425849143634,63.3457145690918,36550200
2022-02-15,63.5145584774806,63.56829306564966,63.37638298552718,63.45315170288086,32724800
2022-02-16,63.414757199896684,63.85231187831614,63.36102262032342,63.80625534057617,38996000
2022-02-17,63.69111014110487,63.69111014110487,63.491522043576374,63.53757858276367,30755200
2022-02-18,63.47617019454474,63.7064587412286,63.42243561465552,63.629695892333984,43848800
2022-02-22,63.59129863626291,63.75250819984953,63.39938862465184,63.483829498291016,37004300
2022-02-23,63.59901728469112,63.64507969939629,63.353372547249414,63.36872863769531,36545400
2022-02-24,62.877385209395214,63.852285277403205,62.81597261357318,63.82157897949219,56132500
2022-02-25,63.88302432711812,64.1977537929647,63.88302432711812,64.18240356445312,44118800
2022-02-28,63.883034016737724,64.38967362729261,63.883034016737724,64.22846984863281,54006400
2022-03-01,64.28008510009923,64.44188252274658,63.91025822104898,64.04894256591797,43268500
2022-03-02,64.01042425298954,64.2261541549888,63.9025593019899,64.20304107666016,41489200
2022-03-03,64.318617500533,64.33402426125367,63.34012066608511,64.01042938232422,23594200
2022-03-04,63.90255989201263,63.90255989201263,63.5481456385702,63.5943717956543,32141100
2022-03-07,63.478800833622714,63.494213471525086,62.985702228329636,63.039634704589844,43675900
2022-03-08,63.08586264527179,63.24766007862627,62.793087177039766,62.816200256347656,57474500
2022-03-09,63.18602729369134,63.42487028464438,63.06274969952253,63.340118408203125,31143000
2022-03-10,62.99340713466129,63.07815900662665,62.731445199986844,62.80849075317383,46408900
2022-03-11,62.893263990114114,62.90867663290657,62.30000656302472,62.353939056396484,40097000
2022-03-14,62.29225520607195,62.3076678377215,61.54490128237854,61.6142463684082,61536700
2022-03-15,61.73753065866535,62.22292872556827,61.71441758466004,62.0765380859375,57385300
2022-03-16,62.37702993415366,62.97799346867692,62.0611414077858,62.947174072265625,66254800
2022-03-17,63.00110223494143,63.40945480079631,62.98569547688955,63.37863540649414,48573700
2022-03-18,63.25534216006174,63.59434953521033,63.13977092960681,63.58664321899414,59780500
2022-03-21,63.47880923246697,63.525035395892154,62.73145490669415,62.854732513427734,62364300
2022-03-22,62.916339172324356,63.2322275913395,62.79306162857428,63.17829513549805,40148600
2022-03-23,63.07044355944201,63.186014811594916,62.862414129927174,62.97798538208008,36294900
2022-03-24,62.970309150015744,63.132106613949674,62.80850580788149,63.10899353027344,18435800
2022-03-25,63.11669059933635,63.11669059933635,62.60818515103614,62.65441131591797,36497500
2022-03-28,62.62358481703205,63.06275096824512,62.6081780565506,63.04734420776367,26886100
2022-03-29,63.332428443550874,63.840939833512884,63.29390859407544,63.82552719116211,49781100
2022-03-30,63.65600393357139,63.71763684383842,63.47879388628287,63.63288497924805,43905200
2022-03-31,63.70994822261841,63.74076762256836,63.386347462243634,63.40176010131836,40717600
2022-04-01,63.30429232268841,63.45901143538388,63.16504276040016,63.39712142944336,31316100
2022-04-04,63.45124943687236,63.88447341057744,63.43577989238276,63.87673568725586,32710900
2022-04-05,63.73746744411758,63.79935740819201,63.025750563717075,63.04895782470703,51886400
2022-04-06,62.61576495834403,62.97162354106701,62.42236316976714,62.55387496948242,67118000
2022-04-07,62.61576489946207,62.69312443438924,62.44557038132978,62.45330810546875,42831400
2022-04-08,62.25990396819453,62.45330574929309,62.06650218709598,62.07423400878906,42177200
2022-04-11,61.87313152461753,61.94275336779488,61.56368733879645,61.64878463745117,42293400
2022-04-12,62.074249865816945,62.36822442556185,61.942738037591845,62.120670318603516,38031000
2022-04-13,62.228950324256985,62.56933339820769,62.18252988978173,62.491973876953125,31635500
2022-04-14,62.49198256422042,62.5770798200761,61.911777220924755,62.07423400878906,45130400
2022-04-18,62.01234222766096,62.16706127247488,61.888562270087235,61.97365951538086,20864100
2022-04-19,61.85763133893465,62.03556359284683,61.780271798946366,61.91952133178711,29920800
2022-04-20,62.10518494386968,62.22896492864918,62.01235585743959,62.11292266845703,25769700
2022-04-21,62.26764438825841,62.3063271106813,61.63328669474457,61.68743896484375,38695100
2022-04-22,61.610088815613096,61.62556426780365,61.246492417158954,61.31612014770508,28243000
2022-04-25,61.42441598735517,61.888579150553355,61.32384326885642,61.83442687988281,35914500
2022-04-26,61.81122574723538,61.81122574723538,61.46309891363847,61.4708366394043,31171600
2022-04-27,61.478568681587156,61.633287769667554,61.107234607177375,61.169124603271484,37598600
2022-04-28,61.30062898961989,61.6023353063227,61.06855038562381,61.50950622558594,30808800
2022-04-29,61.22327800588141,61.308375276544915,60.71270028405539,60.75137710571289,35697100
2022-05-02,60.70091992593704,60.80964678548873,60.444632646206855,60.75528335571289,38674400
2022-05-03,60.887273853037556,61.16685874236311,60.84844031417773,61.07366180419922,42665700
2022-05-04,61.081447266901655,61.858070866162535,60.63877205232967,61.69498062133789,55154900
2022-05-05,61.32995778421072,61.368785403503445,60.42907169421473,60.59992980957031,53807900
2022-05-06,60.289282510135024,60.57663534933956,60.118430310649224,60.258216857910156,39256900
2022-05-09,59.90096860184525,60.04076106927178,59.58255604697582,59.62138366699219,38442700
2022-05-10,60.10288907841955,60.21161588877552,59.675743805473424,59.963096618652344,48419700
2022-05-11,59.80001756500344,60.18056147227917,59.59809376872395,59.60586166381836,42473500
2022-05-12,59.53594310429026,59.78446231527826,59.33401939374833,59.58253860473633,49069700
2022-05-13,59.78448106279905,59.846606441153625,59.35733575754577,59.65245056152344,49084400
2022-05-16,59.67573958953994,59.76893653118955,59.46605387728626,59.567012786865234,33300100
2022-05-17,59.69127170064135,59.69903959325882,59.36509131269962,59.51264572143555,41666500
2022-05-18,59.186466662476676,59.217532308478106,58.95348320521513,59.02337646484375,47647800
2022-05-19,58.98453957310482,59.54370931901262,58.92241420979956,59.41945266723633,53929100
2022-05-20,59.629168922749244,59.64470471541289,59.20202942720028,59.38064956665039,56691000
2022-05-23,59.52041999745262,59.69127810236501,59.47382448708256,59.613616943359375,29917100
2022-05-24,59.47382859481692,60.001932807763644,59.450530838022765,59.97086715698242,42246500
2022-05-25,60.04075802483606,60.9183463300796,60.009692375297924,60.879512786865234,56661500
2022-05-26,61.10473492501504,61.757095796465286,60.94164470715248,61.726036071777344,64773400
2022-05-27,61.97453745176975,62.27742004394531,61.8269771388557,62.27742004394531,52813100
2022-05-31,61.92795367761399,62.02115062683156,61.60177324310278,61.7415657043457,68424700
2022-06-01,61.77041469295449,61.941929204997415,61.396187693641814,61.51313400268555,87646100
2022-06-02,61.52870662991802,61.77818924270716,61.34939416192237,61.7703971862793,34752500
2022-06-03,61.48972030873675,61.48972030873675,61.216843718625825,61.310401916503906,36008000
2022-06-06,61.419582065002594,61.43517808014734,60.780282251218274,60.8504524230957,35756100
2022-06-07,60.64776171966295,61.06096700697762,60.60098555827292,60.99080276489258,31499900
2022-06-08,60.84264510174463,60.86603317274454,60.39045590195951,60.46841812133789,25361600
2022-06-09,60.23455203098357,60.429460620051344,59.86812293183406,59.985069274902344,49468700
2022-06-10,59.40811725183505,59.42371326510923,58.690855292765676,58.96372604370117,59907000
2022-06-13,57.887844949617296,57.93462110273825,56.82754185920092,56.99126434326172,122714600
2022-06-14,57.26411465988555,57.872234173549046,56.95226581981444,57.36547088623047,62818600
2022-06-15,57.84885042978346,58.77661695370942,57.72411206123156,58.4803581237793,70628200
2022-06-16,57.61497302897612,57.80988159406187,57.08482149401737,57.5526008605957,61583400
2022-06-17,57.68512098901132,58.13731016003737,57.54478662380101,57.731903076171875,49281000
2022-06-21,58.08273003552411,58.215266381207115,57.638338916130735,57.69291305541992,45924600
2022-06-22,57.59158122224823,57.887840080658314,57.54479912492465,57.67734146118164,38204800
2022-06-23,57.84105535268129,58.14511217357145,57.755295126467544,58.090538024902344,30961800
2022-06-24,58.27764762049618,58.75322488629359,58.15290331229018,58.50374221801758,38198600
2022-06-27,58.550522029490196,58.550522029490196,58.14511489868164,58.14511489868164,25658200
2022-06-28,58.23088128418995,58.30884351587837,57.4980232204174,57.505821228027344,39303800
2022-06-29,57.4746219044323,57.52919604885483,57.24852732092879,57.420047760009766,36806800
2022-06-30,57.17056222846789,57.56037922561036,56.960057719055165,57.388858795166016,45139900
2022-07-01,57.5603494567795,58.132039910245076,57.521190366533446,57.936256408691406,38849300
2022-07-05,57.56820337128263,57.936277443815584,57.19229628288884,57.8814582824707,38316200
2022-07-06,57.78748239912825,57.951939889943155,57.57603278605144,57.66217803955078,44706000
2022-07-07,58.02243914235716,58.641116187967285,57.97545297871477,58.60196304321289,44430400
2022-07-08,58.39047864109239,58.70373348709587,58.233854205510276,58.6489143371582,31230300
2022-07-11,58.57843539203017,58.67240766385834,58.30433366629335,58.31999969482422,28213700
2022-07-12,58.390497027210884,58.65676582135083,58.343510876709004,58.554954528808594,24036500
2022-07-13,57.951937369710905,58.67241948142669,57.88928519264681,58.49230194091797,46874900
2022-07-14,58.01456691053784,58.44528701640328,57.64649298245263,58.38264083862305,53953100
2022-07-15,58.55496475667097,59.12665557861328,58.547137713447576,59.12665557861328,48360800
2022-07-18,59.27544269393713,59.29893576918808,58.49230831975312,58.554954528808594,33302800
2022-07-19,58.76639219574492,59.47121418403496,58.76639219574492,59.33024978637695,31028200
2022-07-20,59.56519482296273,60.003754107673394,59.42423040552729,59.588687896728516,82881900
2022-07-21,59.53387671366344,60.34833723748864,59.46339748291816,60.29351806640625,52282000
2022-07-22,60.387481375229406,60.724229335475954,60.02724034389312,60.21519088745117,51055800
2022-07-25,60.26219684722302,60.37183519825713,60.02726008422508,60.19955062866211,26032000
2022-07-26,60.003774482139676,60.07425372736847,59.737505614419995,59.77666473388672,24151200
2022-07-27,60.042915359169214,60.669425293575706,60.042915359169214,60.43448257446289,35075700
2022-07-28,60.72423899444446,61.10014014135247,60.48146925478134,61.05315399169922,42335900
2022-07-29,61.05314903537362,61.35857093300744,60.888691550096986,61.233272552490234,33606800
2022-08-01,61.039865128824125,61.385791067656264,60.93766246424234,61.252140045166016,31595600
2022-08-02,61.142107627148576,61.21286797808283,60.92983857067554,60.96915054321289,40604400
2022-08-03,61.14996015310672,61.51947103468258,60.98486069502972,61.50374984741211,35660900
2022-08-04,61.590199344572866,61.676680833419965,61.40937877564619,61.6688232421875,24386400
2022-08-05,60.92978442170334,61.40936126926241,60.8433029575101,61.35432815551758,31006700
2022-08-08,61.590187140763945,61.83391037838645,61.362197076972656,61.409366607666016,19465600
2022-08-09,61.26785431547759,61.2914390817089,60.92979200378823,60.95337677001953,24675700
2022-08-10,61.73173751424525,61.92828533694468,61.62953480578042,61.865394592285156,38121800
2022-08-11,62.26634722106398,62.36069233437303,61.4251227880896,61.51160430908203,37778700
2022-08-12,61.73171158925259,62.08550112043141,61.55089102727851,62.06191635131836,16912300
2022-08-15,61.96759114966307,62.10910580788604,61.833940083053314,61.95186996459961,18441100
2022-08-16,61.89682468266462,61.89682468266462,61.52731392541737,61.66096496582031,22963200
2022-08-17,61.22854471823776,61.354338140503394,61.00054863900168,61.024139404296875,28774600
2022-08-18,61.17350998893153,61.228543110187275,61.055586156355176,61.11847686767578,19089300
2022-08-19,60.796170145853736,60.82761851529388,60.36376256375565,60.497413635253906,45428900
2022-08-22,60.03353657176177,60.06498492700038,59.758370961124506,59.81340408325195,42014200
2022-08-23,59.829140397915076,60.06500012279437,59.61687144405329,59.962791442871094,33240000
2022-08-24,59.93918613170829,60.14359742335086,59.876295425030506,60.033531188964844,16917400
2022-08-25,60.20650246845783,60.64676746699081,60.10429380939786,60.5995979309082,20080000
2022-08-26,60.63105337943745,60.63105337943745,59.54610593734991,59.601139068603516,34460600
2022-08-29,59.23947598628513,59.569674684989344,59.16872169291701,59.37312698364258,28020200
2022-08-30,59.43603147054593,59.483207003795286,58.72845845341168,58.91714859008789,66233900
2022-08-31,58.9407364229092,59.058666264924746,58.57908930604621,58.594810485839844,39161800
2022-09-01,58.425751358396106,58.789189343476856,58.157130096460605,58.74968338012695,38499700
2022-09-02,59.25531778364593,59.310622505800154,58.64696583994939,58.710166931152344,22364500
2022-09-06,58.710170133984285,58.77337725639803,58.3467382217497,58.55215835571289,28820900
2022-09-07,58.631159876234584,59.40543199870444,58.6153611106898,59.39752960205078,26853200
2022-09-08,59.176312789975974,59.689860090720444,59.081502110099805,59.65825653076172,26928000
2022-09-09,59.950576021590386,60.17969729942319,59.753058302192706,59.89527130126953,29526800
2022-09-12,60.10860704439535,60.22711890767234,59.86368091955258,60.077003479003906,30276100
2022-09-13,59.239519017785845,59.38962839062582,58.6864657684809,58.710166931152344,47111300
2022-09-14,58.749659605539684,59.184200915485306,58.71015365817689,58.797061920166016,29672400
2022-09-15,58.694378019243004,58.81288988025928,58.39415319539693,58.425750732421875,46282300
2022-09-16,58.070205701646245,58.623252868652344,57.96749866427712,58.623252868652344,56479900
2022-09-19,58.39413090007554,58.852367345142724,58.33882016199084,58.8444709777832,26891900
2022-09-20,58.481055321867245,58.52056128469796,58.20453166534311,58.24403762817383,32769500
2022-09-21,58.386239059763994,58.65486026482005,57.801588298117764,58.07020950317383,37851300
2022-09-22,57.87269918557829,57.98330864036721,57.51716965629436,57.72258377075195,48278100
2022-09-23,57.32755812126446,57.461874791788176,56.79030952246231,56.98782730102539,53312000
2022-09-26,56.821898563740675,57.027318688704234,56.30045489607958,56.316253662109375,42287400
2022-09-27,56.79819805012067,56.821899213317664,56.016029525806076,56.1977424621582,45295500
2022-09-28,56.62438687770788,57.27224485378702,56.44267392404361,57.201141357421875,48935800
2022-09-29,56.82979354111502,56.86139709681126,56.34784986533085,56.66387939453125,38068800
2022-09-30,56.67177966528418,57.106314977348596,56.395250070252104,56.40315246582031,42928700
2022-10-03,56.84858027449382,57.269385844219244,56.73742431485108,57.14235305786133,48967900
2022-10-04,57.880740797908956,58.38094253954452,57.77752023869043,58.37300109863281,45901300
2022-10-05,57.89662878978267,58.277739278977236,57.65049859194505,58.142765045166016,47833500
2022-10-06,58.07923073411942,58.32536086887014,57.880737126728405,57.968074798583984,37196000
2022-10-07,57.61871868434023,57.7775111322795,57.24554976838499,57.26143264770508,33983000
2022-10-10,57.22175989462457,57.25351961147712,56.308687722140284,56.56275939941406,37759700
2022-10-11,56.67392257483217,57.18206599389259,56.60246774600213,56.73744201660156,46344600
2022-10-12,56.6977360214319,57.04708076898688,56.6977360214319,56.83271026611328,32784800
2022-10-13,55.951394545052764,57.09471997927015,55.89581656186419,56.959739685058594,48832500
2022-10-14,57.31704084469846,57.459956546248584,56.63422205479753,56.777137756347656,37152100
2022-10-17,57.285277839508694,57.64256404410757,57.2773363961153,57.475830078125,33820000
2022-10-18,58.06337864568345,58.20629436109833,57.62669611236667,57.880767822265625,37648400
2022-10-19,57.48377264329312,57.67432488562798,57.15030470482047,57.324974060058594,33194000
2022-10-20,57.33291172738981,57.761658787563874,56.95180726782144,57.00738525390625,47281100
2022-10-21,56.84065445224895,57.626693885428566,56.81683617685813,57.555233001708984,60211200
2022-10-24,57.61078267654493,57.745762933317955,57.29319775072272,57.594905853271484,29551200
2022-10-25,57.73783168977149,58.15863724259256,57.72194880614886,58.15069580078125,37459200
2022-10-26,58.00778739680573,58.5238721433258,57.92044969858483,58.30950164794922,50552100
2022-10-27,58.45241556084647,58.865279711033885,58.24598045697985,58.73824691772461,49481500
2022-10-28,58.95259734820474,59.30194801164514,58.84938286016269,59.190792083740234,123446800
2022-10-31,58.88908358718372,58.89702502780753,58.29360274882932,58.301544189453125,60269700
2022-11-01,58.93119660602503,58.939162365125405,58.34937391289484,58.65223693847656,39586700
2022-11-02,58.62832481448751,59.210147480969766,58.08635526461035,58.11823654174805,50659500
2022-11-03,57.520480549743056,57.89507798302168,57.29731767393425,57.70379638671875,37507100
2022-11-04,58.0784083646246,58.34939018718828,57.703810837535194,58.102317810058594,39849100
2022-11-07,58.22185877159875,58.26967765232639,57.92696148540234,58.09433364868164,24913000
2022-11-08,58.14215330437361,58.237797147836254,57.85522785471829,58.038543701171875,39489200
2022-11-09,57.86318717105587,57.97476859057819,57.241517524936825,57.34512710571289,45728900
2022-11-10,58.96307904700325,59.19420768011309,58.54862849779251,59.13045120239258,67165700
2022-11-11,59.15434440943408,59.52894173663773,58.92320975901628,59.33765411376953,20934800
2022-11-14,59.17826463230604,59.210145908597106,58.87540162863846,58.89931106567383,37932800
2022-11-15,59.489086694132965,59.53690555792994,59.03478924587053,59.4173583984375,50673700
2022-11-16,59.36955230087335,59.43331485999778,59.22608958320956,59.289852142333984,31124900
2022-11-17,58.82758383180817,59.11450927260834,58.76382735220003,59.03480911254883,34338000
2022-11-18,59.34564802936638,59.34564802936638,58.994960004375486,59.16233825683594,31663800
2022-11-21,59.09856544012482,59.257965743432855,58.99494977031599,59.13841247558594,19070500
2022-11-22,59.25000277420181,59.60866263143655,59.18624629177287,59.568809509277344,24572500
2022-11-23,59.52097238396253,60.01512297590799,59.50503478842338,59.903541564941406,30316300
2022-11-25,59.89558183024298,59.919491268748644,59.69632840171971,59.784000396728516,9465900
2022-11-28,59.616627316494984,59.72023690864734,59.13044847202355,59.15435791015625,31668900
2022-11-29,59.15436060173187,59.45722363307986,59.042779164880905,59.40940475463867,27162300
2022-11-30,59.45720923695072,60.32595716292369,59.2898371221994,60.30204772949219,41702100
2022-12-01,60.48533062900995,60.5573687359459,60.17317974740007,60.525352478027344,42134200
2022-12-02,60.02111580518041,60.50134755506758,60.02111580518041,60.47733688354492,27535800
2022-12-05,60.25323868178955,60.26924986965869,59.781012449792286,59.901065826416016,29736500
2022-12-06,59.92507836080718,60.02912664866592,59.572905530395204,59.684959411621094,24976800
2022-12-07,59.668966694331814,60.085166038478754,59.668966694331814,60.01313400268555,24614200
2022-12-08,60.085167905906474,60.14119485986909,59.869065685330675,60.0611572265625,23839500
2022-12-09,59.885070769399995,60.28526504241295,59.885070769399995,60.0611572265625,20687300
2022-12-12,60.205215455891135,60.34928560983114,60.10916665110487,60.29325866699219,22415700
2022-12-13,61.31775861035007,61.38979063852691,60.58140271430625,60.917564392089844,45923300
2022-12-14,60.837509089448325,60.99758428764052,60.20520167557761,60.57337951660156,57177300
2022-12-15,60.27248729253653,60.433404565693344,60.04719451607632,60.34489822387695,41666500
2022-12-16,59.99891524060339,60.19201717898563,59.8701826612152,60.02305221557617,38197100
2022-12-19,59.78969987404278,59.9103908511334,59.58855029175778,59.717288970947266,24135100
2022-12-20,59.41959844548273,59.69316512961793,59.29086587658338,59.56442642211914,32917800
2022-12-21,59.862114674133345,60.183955221457296,59.81383460194614,60.071311950683594,23211500
2022-12-22,59.83799261752551,59.93454050876159,59.47591960959199,59.70120620727539,26893700
2022-12-23,59.604664234331544,59.90236178000112,59.500062490307094,59.854087829589844,13196500
2022-12-27,59.79776318333502,59.837995565731894,59.202361983179394,59.23454666137695,22108000
2022-12-28,59.331093129286494,59.403510188137865,58.40580360382711,58.43798828125,41064800
2022-12-29,58.671307658044306,59.23453016171757,58.53452741775431,59.194297790527344,33378900
2022-12-30,58.9931568639319,59.27476508777127,58.96097218997899,59.24258041381836,15170300
2023-01-03,59.628787440572026,59.69315678532345,59.26672061889275,59.355220794677734,28787700
2023-01-04,59.7494866559686,60.071327285450735,59.532241622163404,60.03914260864258,37120100
2023-01-05,59.829927842287475,59.974755776416856,59.685099908158094,59.918434143066406,35142000
2023-01-06,60.24026586644055,60.972446992888436,60.103479515230006,60.771297454833984,60041200
2023-01-09,60.94832353623831,61.117288449013934,60.859817228794206,60.988555908203125,35806900
2023-01-10,60.95639296980408,61.04489930880141,60.77133258682775,60.916160583496094,35695500
2023-01-11,61.1494897836089,61.350639421054986,61.0287987734213,61.31845474243164,31826700
2023-01-12,61.47131157823173,61.71268738597814,61.18970339989529,61.66441345214844,29404900
2023-01-13,61.35866830689715,61.76900902164543,61.32648363814472,61.66441345214844,26301500
2023-01-17,61.56788165425168,61.59202476847317,61.382827415421005,61.455238342285156,30961200
2023-01-18,61.83339414910854,62.018454507043124,61.511553517995914,61.52764892578125,52989700
2023-01-19,61.31844114563485,61.414995160094925,61.10924385027055,61.165565490722656,50070900
2023-01-20,61.1494822488615,61.28626251220703,60.932243368171484,61.28626251220703,36625400
2023-01-23,61.229948672324554,61.44719371930985,61.12535307030188,61.278228759765625,26764800
2023-01-24,61.15753748791468,61.350639421054986,61.052935747738864,61.31845474243164,27774500
2023-01-25,61.117299999494556,61.37477126837345,61.05293064762502,61.310401916503906,25857700
2023-01-26,61.439142750982754,61.52764907822299,61.22189771553871,61.463279724121094,25512400
2023-01-27,61.36672895310801,61.44719371930985,61.18972242782343,61.278228759765625,35813400
2023-01-30,61.05291273363541,61.173603698328144,60.92418020626796,60.940269470214844,32002000
2023-01-31,61.101208012373384,61.43913788675473,61.08511260582247,61.415000915527344,41006600
2023-02-01,61.429546955162614,62.238043194187284,61.26784400635561,62.06017303466797,46900900
2023-02-02,62.51294586779949,62.52911308288591,62.31082175335778,62.415924072265625,56399900
2023-02-03,61.93081558795413,62.14102635390869,61.712524300170855,61.76103210449219,39682300
2023-02-06,61.494224359806076,61.52656495082623,61.27593308084134,61.3648681640625,40944200
2023-02-07,61.30827082728176,61.73677284382733,61.26784354829805,61.58315658569336,37101300
2023-02-08,61.494234952381966,61.575089528028315,61.19509522850761,61.3244514465332,34066600
2023-02-09,61.53467519991871,61.53467519991871,60.87170825102372,60.92830276489258,42581900
2023-02-10,60.66148613746766,60.83935633894754,60.386600312153845,60.4593620300293,65905000
2023-02-13,60.499779456577116,60.81509251931365,60.435098272339566,60.61296844482422,38741300
2023-02-14,60.499794159051376,60.79085339051545,60.241075527565386,60.629150390625,54193600
2023-02-15,60.41083645910284,60.540192642300596,60.297647485678645,60.53211212158203,44897600
2023-02-16,60.26532890844631,60.30575003181139,60.014696971231295,60.04703140258789,89945400
2023-02-17,59.950021386689606,60.37852357819229,59.72364333595907,60.28150177001953,75910300
2023-02-21,59.70746460813889,59.85299422320724,59.10917893211954,59.35173034667969,98782400
2023-02-22,59.50533099967277,59.98234706070935,59.50533099967277,59.73979568481445,70093300
2023-02-23,60.01470771150677,60.418956027534236,59.93385311362945,60.330020904541016,47908100
2023-02-24,59.82873598097434,60.087454592536915,59.764054785999136,59.96617889404297,47576500
2023-02-27,60.24915048135713,60.45127458628005,60.135961476067344,60.370426177978516,40292000
2023-02-28,60.346175399652196,60.346175399652196,60.168305191168116,60.257240295410156,32999000
2023-03-01,60.25724064430862,60.273506066872706,59.94001215494149,60.08642578125,45341400
2023-03-02,59.76920519989669,60.23284737691644,59.76920519989669,60.159637451171875,37886100
2023-03-03,60.428036085783326,60.85100520039449,60.330424964347245,60.777801513671875,50123300
2023-03-06,60.91607928135188,60.99741877964565,60.7289990558568,60.777801513671875,33430800
2023-03-07,60.78595872687487,60.81848957300115,60.33858202003703,60.346717834472656,40222100
2023-03-08,60.387368315717964,60.484979445368644,59.93999793455018,60.06200408935547,54303900
2023-03-09,60.118973171056744,60.37112760191554,59.66346058542309,59.72853469848633,52669500
2023-03-10,59.7691894209189,60.15148575600597,59.51702886082292,59.73665237426758,81516000
2023-03-13,59.53329012324636,60.175882719678796,59.24046296016813,59.411277770996094,78478100
2023-03-14,59.94000310584548,60.118953756074056,59.59836722549684,59.84239196777344,66395600
2023-03-15,59.22418808729405,59.70410165826521,59.06150909709016,59.64716339111328,81454700
2023-03-16,59.4844841606553,60.151478016671525,59.39500884532819,60.037601470947266,63386700
2023-03-17,59.736656301509434,60.01321190751651,59.573971057557465,59.679718017578125,55132200
2023-03-20,59.56584511708269,59.83426492596644,59.43569691390812,59.51703643798828,38540800
2023-03-21,59.90747636388997,60.257241911548945,59.78546397176557,60.16776657104492,38203400
2023-03-22,60.175879398363925,60.83473737602227,59.95625593527402,60.22468185424805,55263500
2023-03-23,60.216556973400195,60.49311875382447,59.8017174056672,59.98880386352539,54660900
2023-03-24,59.744778405297254,59.940000673519336,59.6959759411451,59.866790771484375,44225600
2023-03-27,59.988816343364746,60.07829168454492,59.72039031982422,59.72039031982422,30905100
2023-03-28,59.60650380954513,59.76105322870675,59.49262724989143,59.687843322753906,38277200
2023-03-29,59.90746777656418,60.44431353682709,59.90746777656418,60.43618392944336,44457300
2023-03-30,60.574484323457376,60.80223753131405,60.41179902798155,60.79410171508789,37130200
2023-03-31,60.98116024832846,61.534277587312644,60.96488862334875,61.452938079833984,54218900
2023-04-03,61.39738672862587,61.52812677121734,61.25848010889369,61.40555953979492,43302900
2023-04-04,61.40554105981233,61.49542325353685,61.160406670740635,61.22577667236328,46144300
2023-04-05,61.18493191881793,61.24212912393618,60.80906368032259,60.882606506347656,37633900
2023-04-06,60.7845529456784,61.2503034082854,60.702843541261515,61.15224838256836,35719600
2023-04-10,60.93978578949009,61.127716736454644,60.800879222772636,61.09503173828125,29083900
2023-04-11,61.09503666911798,61.364683250291556,61.046012284914234,61.22577667236328,28875100
2023-04-12,61.53631422022596,61.59351144975278,61.16044582133109,61.209476470947266,41457600
2023-04-13,61.31569945274558,61.7896229271739,61.31569945274558,61.626197814941406,95864000
2023-04-14,61.60981953181309,61.732386730113795,61.34834575131735,61.51176452636719,43767600
2023-04-17,61.340200600440355,61.41374344619166,61.12775110986151,61.34837341308594,26391100
2023-04-18,61.495426119316456,61.57713550813931,61.266637337001754,61.389198303222656,28030700
2023-04-19,61.14409637451172,61.274830205922584,61.10323854555426,61.14409637451172,26979400
2023-04-20,60.99698990415338,61.18492087245799,60.915280516454565,61.08687210083008,30203900
2023-04-21,61.184920964808725,61.307488163555284,61.02967499815466,61.274803161621094,33061800
2023-04-24,61.3075007069948,61.49543794806148,61.24213068975178,61.446407318115234,24661600
2023-04-25,61.41374344619166,61.52813788711193,61.291176192625805,61.34837341308594,34575300
2023-04-26,61.332020461788055,61.3728782861061,61.02152219266859,61.11140441894531,33762700
2023-04-27,61.22580684888904,61.4872807502265,61.11958521941836,61.31568908691406,39687600
2023-04-28,61.33200258700012,61.675192002776825,61.33200258700012,61.5771369934082,33821100
2023-05-01,61.491789937901835,61.549235640722024,61.16352609559558,61.29483413696289,37748300
2023-05-02,61.29483431382579,61.33586338103745,61.03222449144545,61.237388610839844,39045300
2023-05-03,61.30304555521507,61.582072055174336,61.18815413202978,61.20457077026367,33178300
2023-05-04,61.04042770895869,61.065052663088395,60.80243657460213,61.024017333984375,45207600
2023-05-05,61.20456505304174,61.43434787794792,61.122500652877015,61.3522834777832,31591500
2023-05-08,61.30301361358524,61.30301361358524,61.04040388869136,61.1799201965332,18367400
2023-05-09,61.015809015941144,61.12249836716673,60.950154993819574,61.024017333984375,21732900
2023-05-10,61.3604949736289,61.48359472336766,61.1635391307149,61.3933219909668,35392700
2023-05-11,61.33586320405616,61.36048189653452,61.22918011627924,61.29483413696289,25265500
2023-05-12,61.28664138122706,61.37691411731146,60.958377455566826,61.07326889038086,27553200
2023-05-15,61.081472945057406,61.13071033907847,60.974789837640714,61.056854248046875,19764500
2023-05-16,60.94195372881798,60.95836410400554,60.57265454541931,60.63010025024414,40998700
2023-05-17,60.69576942922799,61.00761672455927,60.671150729743125,60.79425048828125,38534100
2023-05-18,60.6136920623487,60.88451022105796,60.57265673123064,60.827064514160156,29129200
2023-05-19,60.884517210523605,61.024027334560635,60.78603616120225,60.89271926879883,36044900
2023-05-22,60.909145923015245,61.27843896174601,60.909145923015245,61.16354751586914,34897700
2023-05-23,61.04864713180673,61.122509485407164,60.78603725666365,60.843482971191406,32415500
2023-05-24,60.671130464576336,60.74498653836177,60.2936292559679,60.41672897338867,38083200
2023-05-25,60.638292592409094,60.654709224383716,60.35927245994652,60.37568283081055,21457900
2023-05-26,60.44134860933586,60.818849823844566,60.41672991768927,60.74498748779297,23547600
2023-05-30,61.01581100996187,61.01581100996187,60.802438561649765,61.00760269165039,27482600
2023-05-31,60.843477795743404,60.93375051962446,60.68755104338289,60.8188591003418,43393600
2023-06-01,60.85432960689115,61.27486311005282,60.83783439632821,61.18415832519531,42425700
2023-06-02,61.39853756236874,61.65415664616658,61.266607364339485,61.49748992919922,49950900
2023-06-05,61.44801330566406,61.4727561167696,61.29958789442253,61.44801330566406,24080200
2023-06-06,61.39028212060147,61.563450313213885,61.28308845519702,61.54695510864258,23006600
2023-06-07,61.59645365926099,61.670669528424554,61.13468839719385,61.20890426635742,32340900
2023-06-08,61.20889384932231,61.6294273023865,61.20889384932231,61.59644317626953,33987800
2023-06-09,61.645914419639205,61.72837157856933,61.588193779280324,61.61293029785156,27016700
2023-06-12,61.67064397861834,61.67889158090399,61.415024927458425,61.54695510864258,30629500
2023-06-13,61.703653930974376,61.79435872086136,61.53049195693919,61.62119674682617,39425900
2023-06-14,61.67889629099434,61.835562999922,61.3573089791458,61.645912170410156,32864600
2023-06-15,61.728347830443745,61.967477903097574,61.69536372134575,61.94274139404297,42412300
2023-06-16,61.91802868966679,61.93452389777119,61.76136195914661,61.78609848022461,47560800
2023-06-20,61.6871587194968,61.78611111512257,61.62119674682617,61.62119674682617,31930500
2023-06-21,61.497503630357855,61.59644972815469,61.34083058740692,61.46451950073242,39751900
2023-06-22,61.32433567364232,61.41504044847594,61.26661502520991,61.283103942871094,31504700
2023-06-23,61.19240368328216,61.233635417095776,61.019241725207706,61.1759147644043,33811100
2023-06-26,61.18416144924966,61.29136145014371,61.093456659760776,61.20890426635742,36111900
2023-06-27,61.27485495568872,61.47275970962981,61.25836603839965,61.4150390625,31707600
2023-06-28,61.40683018565001,61.769649505615234,61.365598429805715,61.769649505615234,35679600
2023-06-29,61.546962281791025,61.61293052561017,61.37380036007426,61.60468292236328,41712000
2023-06-30,61.810834078892164,62.04171666027945,61.75311343354534,61.90153884887695,35842000
2023-07-03,61.912326244991476,61.92061836495555,61.77967762570348,61.8045539855957,13046500
2023-07-05,61.77967697540661,61.796261215160186,61.51438606465737,61.61387252807617,37947100
2023-07-06,61.16619110107422,61.23251540803666,61.00038665870215,61.16619110107422,52251100
2023-07-07,61.14961017799286,61.62215977303897,61.124740145364186,61.224220275878906,42269100
2023-07-10,61.2822509275716,61.59728819974515,61.27396513359177,61.53096389770508,45752200
2023-07-11,61.68848659984522,61.8625831604004,61.5890001402277,61.86258316040039,32000700
2023-07-12,62.25221235458391,62.43460099990827,62.19418017880187,62.343406677246094,42820700
2023-07-13,62.592123777317695,62.782804553296316,62.51751368565206,62.71648025512695,33954200
2023-07-14,62.65015300335336,62.69989306211881,62.21905773564262,62.26050567626953,36081800
2023-07-17,62.227318511057874,62.476031354959176,62.17757847228975,62.37654495239258,28836600
2023-07-18,62.42631666167478,62.633575340730765,62.40144030716041,62.55066680908203,25990800
2023-07-19,62.6667322475433,62.716478632399784,62.55896000958148,62.60041427612305,26794800
2023-07-20,62.35169803152698,62.42631444235156,62.1610235955926,62.32682800292969,27028500
2023-07-21,62.34339997737235,62.58382077264138,62.34339997737235,62.48434066772461,37447800
2023-07-24,62.5340635085321,62.62525779629389,62.35996704781333,62.37654495239258,20925500
2023-07-25,62.310254938950635,62.40144294255611,62.22734640380043,62.33512496948242,30067600
2023-07-26,62.3102741155171,62.64188305804088,62.2771119562577,62.5838508605957,33068400
2023-07-27,62.69990600979994,62.74965240387105,61.95377967410959,62.086421966552734,48675800
2023-07-28,62.35169965800952,62.49263404042568,62.30195959951744,62.442893981933594,27588400
2023-07-31,62.525796828909456,62.67502333094876,62.49263468123039,62.59212112426758,30744800
2023-08-01,62.44050324477663,62.44050324477663,62.20726865431835,62.28223419189453,34529700
2023-08-02,62.015716552734375,62.074025235218464,61.857453760374554,62.015716552734375,37500500
2023-08-03,61.81578063964843,61.94072958903177,61.71582020910825,61.81578063964844,30348000
2023-08-04,62.182308197021484,62.42387451903272,62.11566789677656,62.182308197021484,37411900
2023-08-07,62.29890823364258,62.33222837450626,62.14063915333189,62.29890823364258,19412600
2023-08-08,62.257260143225764,62.473837894038645,62.1906262127327,62.432186126708984,32545600
2023-08-09,62.44053649902344,62.515508431693725,62.3072622428542,62.44053649902344,27569200
2023-08-10,62.48216348340993,62.765375137360564,62.25725412982153,62.42385482788086,43697200
2023-08-11,62.20727686527518,62.35721431538427,62.12397969414053,62.33222579956055,23329000
2023-08-14,62.22395693322333,62.41554621784202,62.11567120593311,62.323917388916016,28545100
2023-08-15,62.157316883246004,62.29892274853377,62.099008211941126,62.12399673461914,32968600
2023-08-16,62.098985172289765,62.26557949844656,61.93238449096679,61.9323844909668,31759400
2023-08-17,61.96571474370853,61.990703261195044,61.524233987667635,61.674171447753906,38546600
2023-08-18,61.54922975422146,61.907413375770616,61.52424123379188,61.715824127197266,44130500
2023-08-21,61.7075122300321,61.757489281721966,61.50759131293396,61.699180603027344,30768700
2023-08-22,61.832443339808606,61.85743185842982,61.68250587291382,61.73248291015625,18135400
2023-08-23,61.974038536097,62.323890447030806,61.974038536097,62.232261657714844,33378000
2023-08-24,62.24060668599043,62.24060668599043,61.82411441036702,61.89075469970703,34336100
2023-08-25,61.90741669930785,62.22394856702228,61.85743965576565,62.148983001708984,31149300
2023-08-28,62.39054140242331,62.415529921029645,62.21561541701148,62.38220977783203,21461600
2023-08-29,62.315564356251954,62.77370834350586,62.29057583970483,62.77370834350586,42178200
2023-08-30,62.77371441007534,62.87367484109119,62.69041722847927,62.74872589111328,29458200
2023-08-31,62.69873395870024,62.79036275252672,62.60711152004048,62.70706558227539,30824500
2023-09-01,62.92553249342915,62.9673730104167,62.640987607186204,62.825103759765625,33213100
2023-09-05,62.73302701081788,62.73302701081788,62.36479481526437,62.41501235961914,29500600
2023-09-06,62.356416548732746,62.38989277580885,62.13882426520677,62.26435852050781,30797500
2023-09-07,62.163936690255895,62.50706326689827,62.163936690255895,62.47358703613281,28757400
2023-09-08,62.59914530534111,62.66609140760055,62.398287843740995,62.44850540161133,26389100
2023-09-11,62.532168288129604,62.557273864746094,62.40663402010905,62.557273864746094,29159400
2023-09-12,62.39824727906366,62.56562838825044,62.39824727906366,62.45682907104492,21668500
2023-09-13,62.43174649562264,62.6911857141841,62.43174649562264,62.62423324584961,27498900
2023-09-14,62.6911711019849,62.76648782260211,62.62421864925584,62.69953536987305,29575900
2023-09-15,62.515432562745886,62.64096684197603,62.4652214050293,62.4652214050293,41636900
2023-09-18,62.38990881630995,62.57401853515713,62.38990881630995,62.50707244873047,19549700
2023-09-19,62.37317991135766,62.465237981560165,62.27275756927519,62.314598083496094,33937200
2023-09-20,62.45683884502361,62.56563817925532,62.25598786750442,62.26435852050781,26715100
2023-09-21,62.01328873119139,62.06350626323879,61.82080841064453,61.82080841064453,43327300
2023-09-22,61.94634231371212,62.15556396030455,61.921236737711105,61.92960739135742,36657300
2023-09-25,61.770608879283444,61.954724985590445,61.703662791940225,61.84593200683594,30197500
2023-09-26,61.79570711695597,61.83755400339459,61.53627429886412,61.578121185302734,39193000
2023-09-27,61.7538710079317,61.804082167278764,61.38563881288292,61.49443817138672,45532200
2023-09-28,61.38564883514334,61.812462914094716,61.35217259513344,61.787357330322266,45776600
2023-09-29,62.0467804995056,62.10536231412047,61.686918956888874,61.695289611816406,51698300
2023-10-02,61.49759477665569,61.61537351691964,61.24521451257292,61.320926666259766,69255900
2023-10-03,61.076941597364275,61.24520148943408,60.673130693313944,60.698368072509766,77754200
2023-10-04,60.841409085651264,61.102204002099604,60.6731555431287,61.00966262817383,138971500
2023-10-05,60.96758151291826,61.14424959742999,60.90869215141434,61.06853103637695,56138500
2023-10-06,60.824557808018305,61.2620206647422,60.65629792584895,61.15265655517578,52741500
2023-10-09,61.161049828521115,61.615341771965454,61.161049828521115,61.60693359375,27277200
2023-10-10,61.447098518694176,61.78361183824815,61.37137997302712,61.59011459350586,50761600
2023-10-11,61.70786973211285,61.78358824887008,61.312467213988526,61.5816764831543,53330500
2023-10-12,61.55647391965978,61.55647391965978,61.06852983765725,61.25361251831055,60368000
2023-10-13,61.421871100029506,61.6153619576808,61.14424708500765,61.2031364440918,54191200
2023-10-16,61.177883773035724,61.337729029936455,61.13581720486485,61.18629837036133,39352900
2023-10-17,60.92551356437998,61.085358864212175,60.81614944360257,60.90027618408203,50948700
2023-10-18,60.83297399398842,60.9591673176081,60.563764565547324,60.605831146240234,58306500
2023-10-19,60.60583489964998,60.908696327710246,60.38710021972656,60.38710021972656,70971900
2023-10-20,60.45440104279316,60.64789191160303,60.42074906159598,60.51329040527344,64845500
2023-10-23,60.378671831647225,60.92550519735428,60.302959701151075,60.75725173950195,47508700
2023-10-24,60.91710675118891,61.09377483570064,60.849802789910434,61.06853103637695,46427900
2023-10-25,60.91710341786384,60.96757817683126,60.673131385423545,60.74042892456055,42518300
2023-10-26,60.74885819928889,61.060134264521416,60.656316839853815,60.95076370239258,45233400
2023-10-27,61.00962817719977,61.08534672150097,60.76566260384314,60.87502670288086,35621800
2023-10-30,60.8666121425255,60.99280543746695,60.79930819609571,60.891849517822266,29094000
2023-10-31,60.91710671741224,61.24520550538912,60.89186291810255,61.05170822143555,42185900
2023-11-01,61.13458689281396,61.63361358642578,61.13458689281396,61.63361358642578,59313100
2023-11-02,62.02267440020053,62.41174262232289,62.01421457170962,62.32716369628906,68930600
2023-11-03,62.71622019473525,62.97841675231469,62.58934860292167,62.93613052368164,88763600
2023-11-06,62.79237081646182,62.9192424719986,62.62321291105309,62.68241882324219,93899100
2023-11-07,62.640100605578226,62.76697220943713,62.504775626964474,62.690853118896484,50458200
2023-11-08,62.67394459070817,62.78390301162174,62.64011172680853,62.72469711303711,41143500
2023-11-09,62.631683648463465,62.7500954934611,62.31873437070597,62.33564758300781,62856100
2023-11-10,62.513244845909384,62.67394287884468,62.47941198293385,62.64011001586914,35563300
2023-11-13,62.41174804753474,62.640111812972705,62.41174804753474,62.58090591430664,37530100
2023-11-14,63.11376740997906,63.375964047483784,63.11376740997906,63.21525955200195,68210800
2023-11-15,63.10530683079472,63.18988576579539,62.95306216660987,63.01226806640625,44022800
2023-11-16,63.037649256119,63.15606107102944,62.96998351818163,63.09685516357422,52928200
2023-11-17,63.10528326046773,63.24060821533203,62.99533133133069,63.24060821533203,44272100
2023-11-20,63.13914594625958,63.392882776381924,63.13914594625958,63.30830383300781,30846200
2023-11-21,63.26600288289813,63.40978769851022,63.26600288289813,63.39286804199219,29493900
2023-11-22,63.477465098278266,63.57050386737153,63.333673803250875,63.502838134765625,40866800
2023-11-24,63.45207097865097,63.46053080651598,63.39286508951181,63.435157775878906,8536200
2023-11-27,63.43517472847137,63.60433261323009,63.375968823509844,63.52821350097656,31007400
2023-11-28,63.51973974183611,63.8326888582699,63.47745350639906,63.807315826416016,44031100
2023-11-29,64.06109022157472,64.31483359505582,64.03571717481901,64.15412902832031,48815500
2023-11-30,64.12875199676519,64.16258487465785,63.84118221412003,64.03571319580078,55047100
2023-12-01,63.971125963516705,64.58288434077004,63.89465292515302,64.56588745117188,60321100
2023-12-04,64.19202613679249,64.44692108338924,64.19202613679249,64.4044418334961,33105700
2023-12-05,64.29399174881637,64.54039477407396,64.29399174881637,64.46392822265625,32466500
2023-12-06,64.54037905295878,64.5998551837118,64.42992523367808,64.47240447998047,21297200
2023-12-07,64.56590410699377,64.69335488220189,64.50642794288541,64.58290100097656,27779300
2023-12-08,64.41293571418163,64.49790718132617,64.29398343907465,64.4554214477539,30123200
2023-12-11,64.40444901752561,64.42143942289555,64.20902370249792,64.4129409790039,30141700
2023-12-12,64.37895339680743,64.5828771548112,64.23451226336475,64.55738830566406,29203400
2023-12-13,64.65934149753738,65.5514900817473,64.62535420569563,65.5429916381836,64201300
2023-12-14,65.85807319689893,66.07153772283596,65.70437847764747,65.83245849609375,67220400
2023-12-15,65.77269377923494,66.0459281330018,65.53361453399157,65.68730926513672,36336400
2023-12-18,65.81536495126825,65.81536495126825,65.51651600524518,65.72998046875,34793600
2023-12-19,65.80685508174875,65.99470493909851,65.78124037655041,65.91785430908203,25269400
2023-12-20,65.99467127261319,66.20813572626464,65.89220598966996,65.92636108398438,38376400
2023-12-21,66.18253073822378,66.284989521772,66.02029564504696,66.2252197265625,22861400
2023-12-22,66.33622625625316,66.38745564866693,66.10568096155282,66.14837646484375,18048400
2023-12-26,66.17399343746281,66.28499262965079,66.15691914421058,66.27645874023438,12374700
2023-12-27,66.31915255656877,66.66923748069917,66.26792315866476,66.54969787597656,22835300
2023-12-28,66.51551385794585,66.52405425869058,66.20812457530567,66.3362045288086,22648100
2023-12-29,66.31914969473382,66.48138480032218,66.08007049560547,66.08007049560547,36993900
2024-01-02,65.85804748535156,65.9519723612484,65.78120341293659,65.85804748535156,41547100
2024-01-03,65.50798010769229,65.81536947743207,65.36282582598707,65.67874908447266,39495500
2024-01-04,65.58481307981808,65.66166366644042,65.40550373025631,65.4225845336914,32856100
2024-01-05,65.40552859527826,65.74707313522843,65.36283959929715,65.47383880615234,31158500
2024-01-08,65.49090326683773,65.89221755243196,65.49090326683773,65.84098815917969,33479100
2024-01-09,65.75560874812521,66.0203026529469,65.71291324083536,65.9434585571289,25593500
2024-01-10,66.09715101242939,66.16545470157956,65.98614530302369,66.06299591064453,35702800
2024-01-11,66.04591343760319,66.28499262965079,65.89221874065554,66.27645874023438,35947100
2024-01-12,66.32769804306425,66.53262216480148,66.28500253192631,66.34477233886719,31155500
2024-01-16,66.21667612844777,66.21667612844777,65.85805089535555,65.92636108398438,43669900
2024-01-17,65.8153830704152,65.8153830704152,65.51653404211821,65.64460754394531,54160800
2024-01-18,65.73852397770507,65.78975988624912,65.61898438180128,65.78121948242188,34837600
2024-01-19,65.8068274278086,65.8922119140625,65.55920785757917,65.8922119140625,44359700
2024-01-22,65.90076304983906,66.11422755744874,65.90076304983906,65.9434585571289,36758900
2024-01-23,65.90929553878341,65.960524929843,65.77267514339918,65.8666000366211,24561500
2024-01-24,66.08861853298632,66.1142332337915,65.7726886894082,65.83245849609375,27623300
2024-01-25,66.06297033473032,66.3362045288086,66.00320055835124,66.3362045288086,48268800
2024-01-26,66.30208447262393,66.40454327802932,66.25084855550075,66.28500366210938,26232800
2024-01-29,66.31061329802174,66.45576758994464,66.23376269296767,66.4301528930664,25924900
2024-01-30,66.43016336114304,66.45577806205765,66.19961802407083,66.34477233886719,32486600
2024-01-31,66.3447493744239,66.51552484544335,66.1142106315703,66.15690612792969,55548900
2024-02-01,66.35771559253803,66.59798559024775,66.1689301523757,66.53791809082031,48019300
2024-02-02,66.11744434911172,66.32338912228751,66.10886140739339,66.23757934570312,42727400
2024-02-05,66.0316266427365,66.08311774510177,65.78278025991337,65.92865753173828,51908600
2024-02-06,65.96298527696204,66.26332277365135,65.96298527696204,66.16893005371094,32948200
2024-02-07,66.30622170884703,66.33197053340787,66.09169399890311,66.28047943115234,42954100
2024-02-08,66.2290030762517,66.33197874664707,66.1775185144875,66.24616241455078,25548400
2024-02-09,66.28906827400729,66.42636916309027,66.19467554947943,66.38346099853516,33951400
2024-02-12,66.35771434229451,66.46926639716759,66.22041346226646,66.23757934570312,36249100
2024-02-13,65.79136092782163,65.90291953447047,65.59399908767868,65.70555114746094,69904200
2024-02-14,65.89433936120908,66.0659589291418,65.84285480020263,65.9629898071289,38603100
2024-02-15,66.07453663345694,66.27190501311314,66.023052076532,66.19467163085938,44319900
2024-02-16,66.0144814223997,66.08313187565547,65.9200886858899,65.99732208251953,50322900
2024-02-20,65.98014518709455,66.18608996563277,65.9200776872348,66.13460540771484,31994100
2024-02-21,66.12600973894475,66.17750083381901,65.92006500004331,66.01445770263672,38674100
2024-02-22,66.20325228012234,66.3405466094567,66.16034411959316,66.33197021484375,45450200
2024-02-23,66.39202855148821,66.46925537354656,66.32337812285954,66.37486267089844,24686900
2024-02-26,66.34911712205248,66.37485939480135,66.14317239319661,66.16033172607422,32795300
2024-02-27,66.2032607953696,66.24616241455078,66.11745101014027,66.24616241455078,30926600
2024-02-28,66.2032541256961,66.31480618056918,66.16034596397077,66.23757934570312,24667600
2024-02-29,66.3319771411277,66.47785442717338,66.28048603374283,66.35771942138672,43322400
2024-03-01,66.3905200645514,66.63215875558502,66.26106888459466,66.60626983642578,39342900
2024-03-04,66.55447614183227,66.64940654557313,66.4768028186993,66.58899688720703,21607300
2024-03-05,66.58899296421974,66.75295826489143,66.50268781378787,66.5372085571289,38076900
2024-03-06,66.70981896652995,66.80474937420209,66.60625672611694,66.70118713378906,34335200
2024-03-07,66.87376949801136,66.89103315967618,66.72706129464918,66.77883911132812,30393000
2024-03-08,66.87377115809878,67.08089559827177,66.78747260010566,66.79610443115234,38317900
2024-03-11,66.74433826186286,66.82201159418557,66.70982409656358,66.78749084472656,27177600
2024-03-12,66.89106060773105,66.89106060773105,66.67531083749441,66.84790802001953,33351700
2024-03-13,66.79612018101005,67.03775883402994,66.79612018101005,66.87378692626953,28482200
2024-03-14,66.85655281458274,66.89107357461174,66.47683103842559,66.55450439453125,46677200
2024-03-15,66.51996148405229,66.65803789402851,66.41639923845045,66.5113296508789,53985300
2024-03-18,66.6839364670107,66.72708905496768,66.60626970968076,66.66667938232422,34649300
2024-03-19,66.64941182255642,66.95146013830168,66.64077998948956,66.93419647216797,41841500
2024-03-20,66.91693831661254,67.18446587995778,66.85652865443268,67.15857696533203,36886700
2024-03-21,67.2707621891182,67.27939402175559,67.03775538118155,67.12405395507812,34693300
2024-03-22,67.14993833469434,67.21897982281338,67.02049377466949,67.05500793457031,26955700
2024-03-25,66.93419812543206,67.02912853903383,66.91694104303157,66.95146179199219,29373100
2024-03-26,67.02912700094795,67.03775883402994,66.85652984426503,66.87378692626953,28522200
2024-03-27,67.03776215359146,67.22762298583984,66.96872065383572,67.22762298583984,28891100
2024-03-28,67.1413193907403,67.24487504848308,67.0722778961389,67.0809097290039,31546700
2024-04-01,67.09393941936177,67.09393941936177,66.78167232668766,66.80769348144531,47857400
2024-04-02,66.58216287379008,66.71227524676347,66.54746579981118,66.6949234008789,45551200
2024-04-03,66.59950590477344,66.78166057381083,66.53878768176098,66.74696350097656,29542300
2024-04-04,66.88575399886784,66.9811692978623,66.59950810188444,66.6949234008789,36056400
2024-04-05,66.64286171143395,66.7296010622524,66.60816464754892,66.63418579101562,30857300
2024-04-08,66.6428713998848,66.82502604842144,66.59949840927594,66.79032897949219,31067800
2024-04-09,66.8944182274969,66.9898335098111,66.80767224881923,66.92911529541016,32219100
2024-04-10,66.48672145916281,66.58213672067866,66.183130453334,66.33926391601562,76623900
2024-04-11,66.36530381962937,66.40867019398684,66.10507910232677,66.278564453125,50836000
2024-04-12,66.25252001002339,66.28721707144906,66.13975952373079,66.24385070800781,41441700
2024-04-15,66.31326185855534,66.31326185855534,65.78414306427327,65.86221313476562,55560400
2024-04-16,65.84485407318904,65.84485407318904,65.5672775411245,65.64534759521484,55746100
2024-04-17,65.82750145897153,65.95761380240354,65.67136797041084,65.73208618164062,48158800
2024-04-18,65.73208399321359,65.82749926736783,65.61064757479703,65.78412628173828,40291400
2024-04-19,65.84484515077797,65.99230270011422,65.8361692308794,65.90556335449219,54739500
2024-04-22,66.0443545765441,66.2959033478357,66.01833343085683,66.26988220214844,40772500
2024-04-23,66.33062723313043,66.58217610612695,66.2525571467149,66.53880310058594,43554400
2024-04-24,66.50409506461509,66.53011621653667,66.24387692760881,66.3913345336914,40496500
2024-04-25,65.99230727468549,66.2698771705898,65.84484971512752,66.25252532958984,46371600
2024-04-26,66.24385692723558,66.49540568284722,66.24385692723558,66.46070861816406,34500800
2024-04-29,66.54744154038444,66.66020202636719,66.50406855927459,66.66020202636719,33157800
2024-04-30,66.44337065877353,66.58215894650289,66.17447662353516,66.17447662353516,49937500
2024-05-01,66.2267781835019,66.81972395289121,66.20934153705048,66.52325439453125,71484700
2024-05-02,66.68892962465749,66.95051922627314,66.5581314975151,66.9330825805664,41497900
2024-05-03,67.2731735719311,67.48244664551419,67.09005880096201,67.2121353149414,44204400
2024-05-06,67.29059600830078,67.34291925514707,67.24700106404347,67.29059600830078,29547100
2024-05-07,67.36906866166467,67.38650530653258,67.16851065600541,67.29930877685547,34064000
2024-05-08,67.13365048001137,67.19468873402394,67.09877052733692,67.14237213134766,22959500
2024-05-09,67.10749632134021,67.19469288207372,67.02029976060669,67.1598129272461,24590900
2024-05-10,67.15110162853851,67.16853828057764,66.97670184478967,67.05518341064453,24633800
2024-05-13,67.19469145240086,67.19469145240086,67.01157668295518,67.03773498535156,22109800
2024-05-14,67.07261222599878,67.1685304326858,67.05517557599694,67.14237213134766,27298700
2024-05-15,67.36034358282686,67.543458281625,67.30802699821837,67.53473663330078,56544400
2024-05-16,67.54347809120223,67.54347809120223,67.3690849895812,67.37779998779297,31749800
2024-05-17,67.33420378676269,67.41267868523194,67.2818871877832,67.38652038574219,31550300
2024-05-20,67.34291183613044,67.42138671875,67.316746889255,67.42138671875,18665000
2024-05-21,67.37781747850146,67.49117901138617,67.3603808248811,67.36910247802734,20295900
2024-05-22,67.27316370432587,67.30804365358539,67.15980220606494,67.22084045410156,31110700
2024-05-23,67.29058852540891,67.33419011748727,66.95923904468773,66.98539733886719,36464700
2024-05-24,67.090048960216,67.23828375506636,67.00284576073217,67.22084045410156,20488500
2024-05-28,67.29061754095696,67.30806084637737,66.93310961189981,66.95054626464844,27771700
2024-05-29,66.74126308981778,66.83718129713027,66.72381978703145,66.74998474121094,38800000
2024-05-30,66.8197133093429,67.03770794494352,66.8197133093429,67.02027130126953,44210200
2024-05-31,67.07259968869423,67.27315771591596,67.07259968869423,67.2557144165039,45381900
2024-06-03,67.34155715998625,67.46420288085938,67.31527020520728,67.46420288085938,36791300
2024-06-04,67.38537141253897,67.54305976026878,67.37661577588717,67.4291763305664,39230600
2024-06-05,67.5605825799789,67.64818572998047,67.42041219302286,67.64818572998047,29793700
2024-06-06,67.61317219347062,67.61317219347062,67.49052639401673,67.5343246459961,24398300
2024-06-07,67.27148955798837,67.40289763145546,67.23644695948433,67.35909271240234,32498800
2024-06-10,67.28900209337154,67.42917247609303,67.24520386153985,67.42041015625,24875700
2024-06-11,67.38536512565408,67.51677318378422,67.3240422563522,67.50801086425781,25339600
2024-06-12,67.9723263307772,68.01613125295833,67.7620774084317,67.77960205078125,51775700
2024-06-13,67.93729419899122,67.93729419899122,67.68324034030849,67.77084350585938,38532000
2024-06-14,67.55181577819836,67.61313864750022,67.4116454005418,67.50801086425781,52953300
2024-06-17,67.40288521482317,67.62189640235904,67.315275392856,67.55181121826172,33165000
2024-06-18,67.63066924884137,67.81464457483925,67.61315129020443,67.76207733154297,46845500
2024-06-20,67.73580256699691,67.75332052706021,67.57811419165407,67.7182846069336,26989000
2024-06-21,67.70952360061438,67.8146514141166,67.63943839161288,67.79712677001953,26857600
2024-06-24,67.7708175421172,67.90222558194623,67.72701263427734,67.72701263427734,28766200
2024-06-25,67.77085418712632,67.82341475800223,67.70076897016233,67.81465911865234,26111600
2024-06-26,67.68321219707431,67.69196783140356,67.60436470227877,67.66568756103516,29282000
2024-06-27,67.63067011617397,67.74456024169922,67.61315215731237,67.74456024169922,29404500
2024-06-28,67.78835101345967,67.91099676305925,67.5781021118164,67.5781021118164,34952000
2024-07-01,67.69698197419898,67.74101136258962,67.53846139426602,67.56488037109375,31113100
2024-07-02,67.57370873960176,67.76745019943871,67.53848118718543,67.74983978271484,30418400
2024-07-03,67.7410389459823,67.98762512207031,67.7410389459823,67.98762512207031,22067300
2024-07-05,68.05807626828427,68.20778833518777,68.02284871390069,68.19017791748047,25941500
2024-07-08,68.17256164550781,68.234208180643,68.08448940762749,68.17256164550781,26962000
2024-07-09,68.17256353822191,68.17256353822191,68.014042912192,68.09329986572266,19108500
2024-07-10,68.17255884782081,68.26942621137076,68.13733129790803,68.25181579589844,25361900
2024-07-11,68.48079504016306,68.55124342465119,68.43675892076057,68.49840545654297,44932500
2024-07-12,68.5072389244832,68.70978902183104,68.5072389244832,68.67456817626953,31688100
2024-07-15,68.72739336597792,68.75381235471508,68.60410027255804,68.68335723876953,23235600
2024-07-16,68.75381495469456,68.98279073069165,68.6921684056534,68.94756317138672,41375400
2024-07-17,68.74500067436689,68.91232988742252,68.71858168682535,68.86829376220703,32750400
2024-07-18,68.90353282573624,68.92995181768985,68.66575517918317,68.72740173339844,42513000
2024-07-19,68.7978612926476,68.8066631445525,68.58649590545299,68.67456817626953,36125700
2024-07-22,68.8418813595288,68.93875546909359,68.78904337939164,68.92994689941406,32378800
2024-07-23,68.92114080139932,69.06204431273848,68.89472181295884,68.93875122070312,28826900
2024-07-24,68.86829422971832,68.96516833067453,68.70097173449618,68.71858215332031,37612800
2024-07-25,68.76262929566009,68.98279652056759,68.72740173339844,68.72740173339844,35409000
2024-07-26,69.01801828999658,69.01801828999658,68.87710805277685,68.94756317138672,23683700
2024-07-29,69.0444306764062,69.079658232342,68.81545492230806,68.88591003417969,28468400
2024-07-30,68.98277385329457,69.0003842691535,68.79783425141865,68.92112731933594,33652100
2024-07-31,69.10608568806978,69.22057021966357,69.00921157711731,69.16773223876953,50714800
2024-08-01,69.21995928170067,69.31734050093266,68.99863955692648,69.01634216308594,51319800
2024-08-02,68.88352926265017,69.02517708795364,68.7064762351609,68.78614807128906,71578700
2024-08-05,67.84775048176266,68.50285474608829,67.79463592777776,68.36121368408203,104456100
2024-08-06,68.59141603979099,68.88355296023634,68.31697497238628,68.61797332763672,60113400
2024-08-07,69.03405191862029,69.06060920508251,68.70649629258806,68.75076293945312,56107800
2024-08-08,68.96324129958121,69.0694704659391,68.86586006099091,69.03406524658203,31528100
2024-08-09,69.06943688170027,69.1314061166583,68.90123853203704,69.02517700195312,29759900
2024-08-12,69.08714447438801,69.08714447438801,68.93664872963502,69.0694351196289,33878400
2024-08-13,69.14913836420956,69.39701538610326,69.13142900313585,69.3881607055664,37310200
2024-08-14,69.37044387210705,69.5386489971003,69.31732930806324,69.5120849609375,36086900
2024-08-15,69.5474936225582,69.600614938223,69.45011242367009,69.57405090332031,39411300
2024-08-16,69.5386471205662,69.83078396906457,69.5297924420842,69.79537200927734,33682600
2024-08-19,69.76882881681757,69.93703397123844,69.71571424348134,69.91047668457031,29604300
2024-08-20,69.94588432731715,69.96358693262079,69.73341253882347,69.84850311279297,33189300
2024-08-21,69.91931649612934,70.0344002985987,69.85734725570113,70.00784301757812,34266700
2024-08-22,70.00785331669883,70.0167012422469,69.83964817330238,69.91932678222656,29292100
2024-08-23,70.09637527969038,70.2911376953125,70.00784875099156,70.2911376953125,32590900
2024-08-26,70.28226823985626,70.31768019471892,70.14062717454541,70.14947509765625,20460100
2024-08-27,70.06980999726343,70.26457239065131,70.03439803899833,70.1937484741211,22784300
2024-08-28,70.21145501741051,70.22030969600895,70.09637121219417,70.15834045410156,22351600
2024-08-29,70.22919464111328,70.2557519342131,70.14066807939933,70.22919464111328,18353000
2024-08-30,70.30883814363538,70.30883814363538,70.14948769520693,70.2380142211914,27633300
2024-09-03,70.1668654314612,70.23803021225918,69.9622751699758,69.98896026611328,31596800
2024-09-04,69.97117032017026,70.31809013262125,69.97117032017026,70.2469253540039,32371800
2024-09-05,70.37143816680452,70.52265818376961,70.31806799296855,70.48707580566406,44675300
2024-09-06,70.5137852618312,70.61163513877679,70.26471531565957,70.39814758300781,49888900
2024-09-09,70.51379982889327,70.61164972605313,70.41595671838185,70.56717681884766,24823800
2024-09-10,70.57606914592134,70.60276103491017,70.36258154055095,70.43374633789062,38347600
2024-09-11,70.3536494818246,70.54934918448734,70.24690912520514,70.54045867919922,42342700
2024-09-12,70.49596853146316,70.70945599962613,70.46038615566195,70.63829803466797,28515000
2024-09-13,70.73616502267247,70.87849457404307,70.71837722207441,70.83401489257812,31806800
2024-09-16,70.86069707660495,71.0741845877999,70.84290249179543,71.01191711425781,31402400
2024-09-17,71.07418854015634,71.10977092510848,70.98523597109903,71.02970886230469,27423900
2024-09-18,71.0564052192701,71.41222233855477,70.97634993042077,71.09198760986328,39546900
2024-09-19,71.42110335132331,71.45668573380493,71.2431914389152,71.30546569824219,48785900
2024-09-20,71.30546424800988,71.39441680908203,71.16313472097814,71.39441680908203,43626300
2024-09-23,71.33217400443334,71.34996180814068,71.23432411742374,71.2610092163086,29049400
2024-09-24,71.26988220214844,71.32325238171418,71.16313505637153,71.26988220214844,28674500
2024-09-25,71.23430664366109,71.26099173600008,71.18092967233702,71.18982696533203,28899100
2024-09-26,71.33215078844202,71.33215078844202,71.18092396623375,71.30546569824219,32732300
2024-09-27,71.35883297961831,71.4922652118422,71.34103839577767,71.48336791992188,36712700
2024-09-30,71.45669302749394,71.4922754136075,71.33215806941956,71.43000793457031,31551500
2024-10-01,71.5015179150928,71.51045863195705,71.33168521328467,71.39425659179688,45992200
2024-10-02,71.31378866361446,71.4031753540039,71.23334268819416,71.4031753540039,41214300
2024-10-03,71.31381392383713,71.34062925847556,71.17973043087528,71.23336791992188,31147700
2024-10-04,71.22439751275172,71.25121283621249,71.09925479009017,71.15288543701172,40122800
2024-10-07,71.0992616045655,71.0992616045655,70.84003541998776,70.8489761352539,69202500
2024-10-08,70.94731644048407,71.02776243319995,70.88474506178213,71.0188217163086,40947200
2024-10-09,71.00988476940552,71.04564081566649,70.92049124386881,70.97412872314453,42426500
2024-10-10,70.97414106224292,70.98308178030466,70.84005757039549,70.93838500976562,30091700
2024-10-11,70.92048021554105,71.1439503550956,70.92048021554105,71.1260757446289,26970800
2024-10-14,71.17076780192916,71.179701696689,70.97411300094105,71.16182708740234,12065800
2024-10-15,71.15289213126601,71.26016025496808,71.13501752053277,71.14395141601562,31134400
2024-10-16,71.24228948353655,71.3406169066997,71.20654025672137,71.26911163330078,31626300
2024-10-17,71.30484442099653,71.33166656457699,71.04562507762162,71.16182708740234,46599300
2024-10-18,71.24229439473997,71.3316879272461,71.19760444825594,71.3316879272461,28905600
2024-10-21,71.20653018567737,71.25122012275993,70.97411932563818,71.0456314086914,36341500
2024-10-22,71.00094969453035,71.02776502641467,70.86686621533971,70.94731903076172,35466600
2024-10-23,70.84898167539276,70.88473771948578,70.67914217089296,70.73277282714844,39761500
2024-10-24,70.88475434093452,70.99201567859672,70.81324223597994,70.93838500976562,30163900
2024-10-25,71.02776587843472,71.10821869482179,70.8400517332237,70.86686706542969,35590200
2024-10-28,70.99199393651769,71.08138063045043,70.95623789499108,71.0456314086914,31854500
2024-10-29,70.84005974823573,71.08140458516505,70.82218513133242,71.06352996826172,42992200
2024-10-30,71.05458706548956,71.19761127539874,70.91156967535007,70.93838500976562,28728700
2024-10-31,70.95624392516278,70.95624392516278,70.74171447753906,70.74171447753906,43194600
2024-11-01,70.99774151132812,71.0426624754976,70.72823628824175,70.74620056152344,44045700
2024-11-04,71.01572610034881,71.0606402190554,70.87198447094025,70.94385528564453,27291200
2024-11-05,70.9169036013437,71.15047346209775,70.9169036013437,71.14149475097656,31611900
2024-11-06,71.16844466556579,71.29421516117144,71.04267416996014,71.26726531982422,43173100
2024-11-07,71.24033279263516,71.59967323656895,71.19541181015362,71.57272338867188,51325800
2024-11-08,71.67151251590487,71.7164334786114,71.57269188113173,71.68948364257812,30543400
2024-11-11,71.68051339221846,71.707463234009,71.608642578125,71.608642578125,11008700
2024-11-12,71.51879300514464,71.59964251414443,71.2672520607319,71.32115173339844,44594900
2024-11-13,71.50083326004807,71.50981882491507,71.31217752170757,71.3391342163086,33873600
2024-11-14,71.38403500409756,71.44692023846933,71.18639373779297,71.18639373779297,32749300
2024-11-15,71.14147854219854,71.22232804773631,71.01570807537776,71.17741394042969,33709500
2024-11-18,71.21335891099385,71.3211651305542,71.14149495193159,71.31217956542969,27780900
2024-11-19,71.25829223855457,71.48288342776509,71.24032795916857,71.41999816894531,34523200
2024-11-20,71.41100202680343,71.41998759215532,71.32116693521898,71.40202331542969,19934000
2024-11-21,71.45591254565431,71.54574762409597,71.39302730534745,71.42896270751953,28040000
2024-11-22,71.41999630863603,71.50084584473589,71.37507533037234,71.4110107421875,29564900
2024-11-25,71.61762622745442,71.73441115674851,71.61762622745442,71.68051147460938,35003000
2024-11-26,71.68948745473264,71.68948745473264,71.49184617467664,71.54574584960938,41103500
2024-11-27,71.60863983484258,71.76136016845703,71.59067555899645,71.76136016845703,30239600
2024-11-29,71.87813286903294,71.9320325362405,71.77032668064183,71.90508270263672,25037800
2024-12-02,72.13160976631038,72.13160976631038,71.77063448968752,71.8789291381836,32387400
2024-12-03,71.94209929521529,71.9601449607826,71.84283092201824,71.8789291381836,24868500
2024-12-04,71.93307048685112,72.05038452148438,71.86990033204393,72.05038452148438,22733500
2024-12-05,72.00525805311125,72.03232998969183,71.93306163220993,71.9872055053711,23106300
2024-12-06,72.09551931699029,72.19478770088153,72.05942109693608,72.10454559326172,29931300
2024-12-09,72.10452430754226,72.14062251694006,71.99622967934887,72.0142822265625,22095100
2024-12-10,72.1406335012351,72.1406335012351,71.96014242676415,72.05038452148438,27195200
2024-12-11,72.14063209732869,72.14965148710385,72.04136372955912,72.06843566894531,24730000
2024-12-12,72.0233158208804,72.18575435269481,71.86087728906598,71.86990356445312,29081600
2024-12-13,71.93307217675122,71.93307217675122,71.63526706065079,71.66234588623047,34201100
2024-12-16,71.78867958527772,71.85184973574941,71.72550943480603,71.79769897460938,22269000
2024-12-17,71.66234728950947,71.74356311274686,71.64429473876953,71.64429473876953,29039500
2024-12-18,71.78851851026725,71.78851851026725,70.89048362883611,70.90862274169922,80034500
2024-12-19,71.16261900015125,71.21705018558087,70.8360595703125,70.8360595703125,69005700
2024-12-20,70.75442379625382,71.36218449353933,70.75442379625382,71.28054809570312,63276200
2024-12-23,71.34403119572461,71.38031633888893,71.09004211425781,71.09004211425781,29239400
2024-12-24,71.11726862865925,71.33497261100379,71.07191046035692,71.31683349609375,11926100
2024-12-26,71.217028802804,71.49822998046875,71.18074366364038,71.49822998046875,18384900
2024-12-27,71.42567220636143,71.44381823946132,71.23518038291573,71.25332641601562,20631800
2024-12-30,71.28055621685543,71.4256899142168,71.20798590783195,71.3531265258789,20659200
2024-12-31,71.46197674018833,71.5164010128861,71.25334574772305,71.34405517578125,18664900
2025-01-02,71.55267308818051,71.61617036828231,71.40753941395545,71.51638793945312,30415400
2025-01-03,71.65245627228626,71.68874142139612,71.59803200896374,71.625244140625,32611000
2025-01-06,71.79761647972897,71.83390163874986,71.67968798273947,71.75225830078125,32110000
2025-01-07,71.78852309456626,71.86109339202103,71.49824882543167,71.51638793945312,43790200
2025-01-08,71.52545812884995,71.65245268403247,71.44382173795441,71.60710144042969,35304900
2025-01-10,71.48010672934113,71.48010672934113,71.20797158558115,71.23518371582031,37417300
2025-01-13,71.1989026100406,71.26239989109764,71.09005408290545,71.21704864501953,39180700
2025-01-14,71.3803171743851,71.41660231797412,71.25332263216524,71.30774688720703,29581100
2025-01-15,71.80666785659798,71.94272851105859,71.7159515260451,71.93366241455078,53574900
2025-01-16,71.8520172342406,72.03344296994798,71.77038084368543,72.01529693603516,32363000
2025-01-17,72.10600851772433,72.1332206487299,72.01529910747762,72.07879638671875,29546400
2025-01-21,72.21487047185259,72.296506872228,72.20579745380476,72.26929473876953,32962700
2025-01-22,72.29651209619568,72.31465813360252,72.13323236296168,72.16951751708984,25028500
2025-01-23,72.13319905933304,72.26926659432041,72.06063570526443,72.26020050048828,27434800
2025-01-24,72.29650736968456,72.4144358430627,72.26022913861367,72.34186553955078,23648600
2025-01-27,72.2692914465978,72.44164417823005,72.21486718216012,72.39628601074219,28540600
2025-01-28,72.36002182836926,72.39630698873681,72.2693123877937,72.36909484863281,30439900
2025-01-29,72.35092733938731,72.4144246149435,72.22393278827494,72.32371520996094,20072100
2025-01-30,72.5142166481772,72.5142166481772,72.37814906232602,72.45978546142578,34495300
2025-01-31,72.47793885411049,72.54143614452836,72.2693009452029,72.31465911865234,37101100
2025-02-03,72.14151232830169,72.3237610719799,72.0230558589699,72.22352600097656,29965100
2025-02-04,72.25997612448961,72.45133209228516,72.1961908018911,72.45133209228516,28938600
2025-02-05,72.4786721616225,72.68824954084054,72.4786721616225,72.64269256591797,31834000
2025-02-06,72.64267442155645,72.7064597321794,72.51510380031057,72.5333251953125,24224100
2025-02-07,72.49689798352517,72.51512633626949,72.29642781581533,72.3055419921875,28778200
2025-02-10,72.47866766595898,72.52422463805578,72.41488234336047,72.45133209228516,23382600
2025-02-11,72.4695605776261,72.4695605776261,72.35110409609588,72.42400360107422,24410000
2025-02-12,72.17796022226447,72.3784303591196,72.12328907660526,72.26908111572266,34362700
2025-02-13,72.37843826317985,72.62446539759212,72.33287433543569,72.59712982177734,36149900
2025-02-14,72.70648902193655,72.79760993780911,72.64270368561773,72.67915344238281,26668300
2025-02-18,72.67003523077936,72.7247063868517,72.56980014326017,72.61536407470703,23274200
2025-02-19,72.56980122690203,72.67915049275942,72.49690171633044,72.67003631591797,38958600
2025-02-20,72.66089808101027,72.7337975674448,72.60622694222322,72.715576171875,25789000
2025-02-21,72.68824549363164,72.77025916725253,72.57890319824219,72.57890319824219,32016500
2025-02-24,72.59713680534638,72.75204305125104,72.56980122690203,72.67003631591797,21029200
2025-02-25,72.85225677490234,72.87959929740794,72.75202171528231,72.85225677490234,30604400
2025-02-26,72.89781299577724,72.97071247727155,72.87047742823619,72.95248413085938,21777500
2025-02-27,72.94339706784658,72.9707326429419,72.77937666519547,72.81582641601562,40521800
2025-02-28,72.88872572306077,73.01629638671875,72.83405456780157,73.01629638671875,44321200
2025-03-03,72.95587402982184,73.0108015513774,72.79108448047543,72.86431884765625,40729100
2025-03-04,72.79106389684321,72.910075821453,72.60796056896918,72.85514831542969,66274600
2025-03-05,72.73612983340307,72.94669691552566,72.72697990546395,72.89176940917969,32302200
2025-03-06,72.71783920143798,72.78192363468511,72.58051342028571,72.61713409423828,50431500
2025-03-07,72.64458158869775,72.7910642517111,72.62627474815999,72.73612976074219,52828900
2025-03-10,72.59881256979061,72.67204691820804,72.45232990359983,72.46148681640625,57602100
2025-03-11,72.51642729264464,72.56220488018556,72.14107761659008,72.20516204833984,75826700
2025-03-12,72.37909242939944,72.42487001119419,72.21430291348803,72.28754425048828,53763000
2025-03-13,72.1960073459431,72.20516426066769,71.85727134792754,71.88473510742188,81223200
2025-03-14,72.16852384185204,72.29669267421286,72.05866184925239,72.21429443359375,51469800
2025-03-17,72.22347034777854,72.41572364690155,72.20516350320084,72.38825988769531,33954200
2025-03-18,72.33332740221041,72.38825491685107,72.26008605957031,72.26008605957031,40195900
2025-03-19,72.28753882844995,72.81852800485666,72.28753882844995,72.73612976074219,45212700
2025-03-20,72.68120696365139,72.78191205482855,72.5621950307503,72.63542938232422,42977600
2025-03-21,72.57135959513754,72.60798027064911,72.38826320225931,72.52558898925781,35124000
2025-03-24,72.70866600759663,72.78190733910331,72.64458158869775,72.73612976074219,36393500
2025-03-25,72.78190755606899,72.855148887794,72.67204555848147,72.69951629638672,29075500
2025-03-26,72.69037126583252,72.70867810941732,72.29670777430903,72.40656280517578,51236100
2025-03-27,72.36995407070803,72.45234534949662,72.2600920476438,72.26924896240234,38493100
2025-03-28,72.3150069468637,72.32416386002424,72.01289865934817,72.14106750488281,58896900
2025-03-31,71.88473659021206,72.2509363552757,71.88473659021206,72.22347259521484,47853500
2025-04-01,72.3816981889216,72.4184970473831,72.15171058753569,72.39089965820312,54256000
2025-04-02,72.25290356615133,72.54728740651059,72.25290356615133,72.5380859375,49072400
2025-04-03,71.84812029269881,72.01371163497363,71.51693760814914,71.63653564453125,116401400
2025-04-04,70.65218581711447,71.13975835291882,70.41299677399137,70.61538696289062,181273300
2025-04-07,69.79663982439368,71.38815009619505,69.57584667353271,70.00822448730469,193374800
2025-04-08,70.85458279933117,70.95577791350719,69.38266343676882,69.68624877929688,106007700
2025-04-09,69.08826671975788,71.60892859818532,69.06987080181192,71.5537338256836,152382200
2025-04-10,70.90056878272262,71.00176387641996,70.04501472970377,70.3853988647461,93884100
2025-04-11,70.16461467702311,70.99257144969155,69.9162311545549,70.59699249267578,71884000
2025-04-14,71.09375210667044,71.25934342754815,70.78097239982542,70.94656372070312,50011400
2025-04-15,71.05697131699588,71.29616040098668,71.00177653556146,71.1397705078125,39790500
2025-04-16,71.15815921653338,71.31454909385673,70.93737309450839,71.13056182861328,52028800
2025-04-17,71.40654584381743,71.56293571259636,71.32374666591666,71.5445327758789,37355500
2025-04-21,71.2869521259691,71.30535506380043,70.97417236947943,71.1213607788086,36078000
2025-04-22,71.36975673579538,71.58134140629437,71.30536048581766,71.39735412597656,33941100
2025-04-23,72.30809520318199,72.43688768908032,71.72852901663953,71.7561264038086,63723400
2025-04-24,72.01372318694109,72.43689956982348,71.92172954173454,72.40010070800781,49007800
2025-04-25,72.2989014385282,72.62088970624822,72.25290812790023,72.46449279785156,47981700
2025-04-28,72.47369197843766,72.55649116481663,72.262107315169,72.50128936767578,42220700
2025-04-29,72.35410372413298,72.72208530495637,72.35410372413298,72.6944808959961,51198600
2025-04-30,72.33569522753066,72.40929294177405,72.17930534876169,72.30809783935547,69994200
2025-05-01,72.49396990221523,72.57718663287051,72.32752938624795,72.40150451660156,50848600
2025-05-02,72.58642552573512,72.68813955262772,72.45697259235467,72.6234130859375,41354100
2025-05-05,72.5586926735278,72.71588452651213,72.49396620143682,72.5956802368164,39815300
2025-05-06,72.50321114365182,72.60491811916752,72.42923602086223,72.54019165039062,36292600
2025-05-07,72.64190699565816,72.69739186608284,72.45697623999223,72.60491943359375,32676200
2025-05-08,72.74360997575502,72.83607533953975,72.54018194263558,72.58641815185547,32684900
2025-05-09,72.6696480500045,72.77136208502195,72.62341888705059,72.6326675415039,23971200
2025-05-12,73.27071142932881,73.40941308017348,73.07653194000989,73.35393524169922,70558600
2025-05-13,73.40011364754353,73.58505140562505,73.34463584744614,73.48333740234375,52141900
2025-05-14,73.41865334375173,73.4463922598173,73.17823764675306,73.21522521972656,45406500
2025-05-15,73.10427085924702,73.35393524169922,73.10427085924702,73.35393524169922,49301300
2025-05-16,73.40013859547997,73.4463748143791,73.29842455762714,73.43712615966797,30657200
2025-05-19,73.10425299372561,73.40939514008015,73.09501139267775,73.400146484375,26228800
2025-05-20,73.29841745350691,73.40013148150157,73.24293963993014,73.36314392089844,25933700
2025-05-21,73.12273402905005,73.25218696147869,72.86382816419278,72.8730697631836,54737300
2025-05-22,72.87307635821688,73.09500173788375,72.81759854062834,73.02102661132812,43242700
2025-05-23,72.826835620867,73.03026365923633,72.80833831483966,73.00251770019531,29598900
2025-05-27,73.30767900223879,73.45562927067597,73.20596495635249,73.44638061523438,33524700
2025-05-28,73.43713405253834,73.45563136394864,73.27994217883713,73.400146484375,27012900
2025-05-29,73.56657858760501,73.57582724225084,73.42788404119992,73.51110076904297,28616300
2025-05-30,73.46485824060156,73.58506957670303,73.41862908065596,73.57582092285156,28930300
2025-06-02,73.51634944528773,73.57209773950981,73.37699643010575,73.56280517578125,45527200
2025-06-03,73.61854480082637,73.72074173519792,73.55351103242168,73.70216369628906,28458700
2025-06-04,73.7114628265314,73.86940808318674,73.7114628265314,73.84153747558594,41403600
2025-06-05,73.83224644449378,73.85082448723018,73.64643057637656,73.68359375,44563900
2025-06-06,73.74863567355102,73.75792824002042,73.62786066205439,73.67431640625,41300100
2025-06-09,73.65573033581306,73.79509047847469,73.65573033581306,73.71147155761719,30169000
2025-06-10,73.77651803620746,73.90658562239477,73.70219167605704,73.88800048828125,24234400
2025-06-11,73.9437192738582,73.99017500689179,73.85081489594076,73.86940002441406,30114400
2025-06-12,73.8693987468473,73.95301055908203,73.8322355786931,73.95301055908203,28373200
2025-06-13,73.78579798455416,73.8601243391335,73.67431554083646,73.73005676269531,35271000
2025-06-16,73.8786849975586,73.95301133464643,73.85081439318806,73.8786849975586,26225100
2025-06-17,73.87868627745074,73.99017578501397,73.73933325318387,73.79507446289062,27747200
2025-06-18,73.8508297554775,74.05522368091185,73.79508853514126,73.90657806396484,32833500
2025-06-20,73.97160136682601,74.14811756892448,73.94372367245774,74.13883209228516,45845800
2025-06-23,74.11095226275727,74.27818298339844,74.05521105192685,74.27818298339844,32361400
2025-06-24,74.37109204483859,74.51973763162452,74.3246363118838,74.48257446289062,50893200
2025-06-25,74.49186749189393,74.52903066085972,74.39896311355434,74.46399688720703,24156100
2025-06-26,74.57549925806686,74.68698879479237,74.51046546701487,74.67769622802734,28889100
2025-06-27,74.69626648981586,74.76130026791985,74.6033621051173,74.64051818847656,47849500
2025-06-30,74.81705355829497,74.94712113549886,74.74272720327808,74.92854309082031,52885900
2025-07-01,74.86224596992498,74.92758679998926,74.76890294434979,74.83424377441406,45411000
2025-07-02,74.83423271497874,74.97425079345703,74.75022614086095,74.97425079345703,32359500
2025-07-03,74.95559423017437,75.03960081459235,74.91825559656098,75.02093505859375,19750000
2025-07-07,74.98360101566553,74.9929303334279,74.73156700374909,74.76890563964844,37027200
2025-07-08,74.75956464190094,74.78757395833007,74.61955366783614,74.66622161865234,31358900
2025-07-09,74.80623357877904,74.88091083989941,74.75022919374656,74.87157440185547,30277500
2025-07-10,74.87159042407366,74.88092686411557,74.79691314697266,74.79691314697266,28776200
2025-07-11,74.71290394459895,74.7222403843151,74.610224472572,74.70356750488281,30482200
2025-07-14,74.68488949072305,74.76889606953162,74.64755085960289,74.75955963134766,23716200
2025-07-15,74.8249103411938,74.83423965810671,74.53553771972656,74.53553771972656,37039500
2025-07-16,74.62891077070837,74.75026315556777,74.44222465470462,74.7315902709961,39780100
2025-07-17,74.7128932481427,74.84357489899186,74.67555461624069,74.80623626708984,25703200
2025-07-18,74.91824909668877,74.97425348144185,74.84357183594098,74.9089126586914,27686400
2025-07-21,74.97427329823351,75.09561853781034,74.97427329823351,75.01161193847656,28483300
2025-07-22,75.08628381248448,75.16095396597662,74.99293365778969,75.14228820800781,26017700
2025-07-23,75.16094595785302,75.18895527424732,75.0862758123167,75.17961883544922,26025000
2025-07-24,75.08628845214844,75.15162929150212,75.05828625265649,75.08628845214844,27013700
2025-07-25,75.14228626865346,75.21696354183517,75.05827967753659,75.13294982910156,30123100
2025-07-28,75.16096004225874,75.16096004225874,75.08628988273,75.09561920166016,22093800
2025-07-29,75.13295176821495,75.18896328535521,75.09561313066042,75.14228820800781,21371800
2025-07-30,75.09559794075345,75.1609387628529,74.9089119123595,74.98358917236328,38392400
2025-07-31,75.04895394866325,75.12363123250259,74.98361310570826,75.03028106689453,41501300
2025-08-01,75.09031439954038,75.13721809695235,74.86515804222483,75.03402709960938,68963100
2025-08-04,75.13720638211817,75.28731536865234,75.10906273654062,75.28731536865234,37539200
2025-08-05,75.24979400634766,75.27793765412596,75.1465958594332,75.24979400634766,29656300
2025-08-06,75.24978986534568,75.33422796162495,75.18411897161316,75.32484436035156,30512900
2025-08-07,75.34360855147234,75.39051940283018,75.2028903125808,75.24979400634766,29405000
2025-08-08,75.24041858539555,75.28732944185397,75.20289848933893,75.25918579101562,24679000
2025-08-11,75.25918579101562,75.32485669550236,75.2122749345572,75.25918579101562,30159800
2025-08-12,75.3060818288284,75.42804718017578,75.24979453287793,75.42804718017578,40846200
2025-08-13,75.4843432507251,75.62506866455078,75.4843432507251,75.62506866455078,35039600
2025-08-14,75.51247812410148,75.51247812410148,75.3811363284897,75.42804718017578,36559900
2025-08-15,75.49372045517825,75.49372045517825,75.39990590644304,75.48433685302734,22754000
2025-08-18,75.46557443000644,75.51247812410148,75.40927997646493,75.42804718017578,25400800
2025-08-19,75.47496503854822,75.50311584939752,75.39053407877749,75.40929412841797,21700500
2025-08-20,75.43742084993836,75.45618089358823,75.34359915891878,75.3811264038086,29704900
2025-08-21,75.29671193891052,75.3342391920078,75.23104103538817,75.24041748046875,35825900
2025-08-22,75.35299616907109,75.85960332885236,75.33423612208276,75.8502197265625,59541500
2025-08-25,75.78456524346916,75.81270889884429,75.70013427734375,75.70013427734375,32714800
2025-08-26,75.79394115472628,75.89713931902247,75.74703029546721,75.8689956665039,33659900
2025-08-27,75.82208128800683,75.98156674993773,75.82208128800683,75.96280670166016,24335000
2025-08-28,75.9628008127271,76.00032806396484,75.89712991245885,76.00032806396484,24203800
2025-08-29,75.98156972378769,75.98156972378769,75.85961151123047,75.85961151123047,35070300
2025-09-02,75.66448559031001,75.81530900244874,75.59850214541335,75.77760314941406,51804000
2025-09-03,75.79646326909786,75.9849853515625,75.79646326909786,75.9849853515625,34283100
2025-09-04,76.03212305688646,76.20178862411935,76.00383827069085,76.19236755371094,37999700
2025-09-05,76.33373840802567,76.44684875015864,76.20176435611303,76.23004913330078,39147800
2025-09-08,76.30545363083792,76.3243101489631,76.21119261517562,76.23004913330078,27003400
2025-09-09,76.21120896919066,76.23948656079195,76.04153622792697,76.14522552490234,36704500
2025-09-10,76.2017822265625,76.29605045598662,76.15465530350664,76.2017822265625,38106100
2025-09-11,76.2677583294547,76.44685210958693,76.2677583294547,76.39029693603516,34221500
2025-09-12,76.38088670788282,76.38088670788282,76.29605392752858,76.31490325927734,25702800
2025-09-15,76.42801846311635,76.54112883342688,76.41859020170503,76.53170776367188,27248800
2025-09-16,76.55055513866802,76.56941166100879,76.44686584076216,76.47514343261719,33075600
2025-09-17,76.5316937366215,76.57882065172785,76.26775999873006,76.39972686767578,35955700
2025-09-18,76.48457226359206,76.60711089309547,76.41858881822003,76.56941223144531,43250000
2025-09-19,76.58826613516909,76.62597199072674,76.49400509210328,76.59769439697266,32042900
2025-09-22,76.53170484219415,76.66367173028968,76.52227658114273,76.65424346923828,26670200
2025-09-23,76.67309891643134,76.69195544003847,76.54113201780788,76.59769439697266,37088500
2025-09-24,76.58826433675084,76.58826433675084,76.46572570280836,76.49400329589844,28124300
2025-09-25,76.35259522930895,76.36202348929702,76.24890594440586,76.27718353271484,33509900
2025-09-26,76.39030318386644,76.45628662229178,76.31489148519306,76.42800903320312,31046800
2025-09-29,76.50341949314856,76.5788239989456,76.47513471286247,76.55997467041016,28558500
2025-09-30,76.51285124084926,76.5505570948382,76.44686779428267,76.53170776367188,54970300
2025-10-01,76.5326437100131,76.71258913250409,76.50423279605413,76.6747055053711,58042600
2025-10-02,76.65575872285572,76.68416963363406,76.56104605284492,76.64628601074219,33348900
2025-10-03,76.63682530208459,76.65577072927904,76.54211984280253,76.5610580444336,35109200
2025-10-06,76.60842037789934,76.62736580657537,76.55159854299912,76.58000946044922,29485100
2025-10-07,76.60840184443194,76.60840184443194,76.48528549007837,76.4947509765625,27672300
2025-10-08,76.54211113002877,76.5610493295041,76.37163843250059,76.38111114501953,34932200
2025-10-09,76.37164062979384,76.38111334258534,76.0591061377398,76.16328430175781,65586700
2025-10-10,76.21063477661426,76.22957297517738,75.71815490722656,75.71815490722656,83840400
2025-10-13,75.98334706191449,76.19169616699219,75.92651801001797,76.19169616699219,31926800
2025-10-14,75.93600156368275,76.37165248741508,75.86970701497486,76.27694702148438,63860100
2025-10-15,76.44741846828104,76.55159664672681,76.33376757573191,76.52318572998047,59802200
2025-10-16,76.52317840505299,76.54211660588317,76.20117118643542,76.24852752685547,75725200
2025-10-17,76.18224002339232,76.45689092696236,76.1727673093206,76.44741821289062,70044200
2025-10-20,76.49475982041372,76.6273561277058,76.49475982041372,76.59893798828125,43762300
2025-10-21,76.598926536405,76.65575558119485,76.48528289794922,76.48528289794922,45418100
2025-10-22,76.48528262326577,76.53263173059831,76.33374813845299,76.40951538085938,50698600
2025-10-23,76.4284749332967,76.58000946044922,76.4284749332967,76.58000946044922,37962400
2025-10-24,76.74100425280041,76.7978260838329,76.68418242176791,76.78836059570312,39905600
2025-10-27,76.87358215616544,77.02511665095317,76.8356985324685,76.9777603149414,36495000
2025-10-28,76.97776768189107,76.97776768189107,76.873589513145,76.9020004272461,31591400
2025-10-29,76.90199703852322,76.93041517693514,76.61788068446896,76.66522979736328,51827100
2025-10-30,76.5137130158771,76.65577482517256,76.48530209913076,76.52318572998047,39967300
2025-10-31,76.60841848021948,76.67471302781553,76.47582938502738,76.52318572998047,45044600
2025-11-03,76.52316917541651,76.53269020003016,76.27567337235901,76.28519439697266,54615100
2025-11-04,76.13288716079742,76.3613408931592,76.11384511335957,76.29470825195312,49705000
2025-11-05,76.33280328541149,76.41847073206897,76.3137612334332,76.37088012695312,42273700
2025-11-06,76.44701992228043,76.46606197260843,76.27567778140002,76.39942932128906,46629200
2025-11-07,76.38990315237496,76.48509161036243,76.23759580966392,76.46605682373047,47233800
2025-11-10,76.58028953086792,76.77067373278122,76.56125474188396,76.72307586669922,51875200
2025-11-11,76.73259266132445,76.8468231761737,76.73259266132445,76.80874633789062,17001100
2025-11-12,76.80875573602611,76.81826949995022,76.61837152131574,76.65644836425781,43962900
2025-11-13,76.5517346673274,76.5517346673274,76.29472506956952,76.34231567382812,53631300
2025-11-14,76.22808571311006,76.53269315076587,76.22808571311006,76.3613510131836,40853500
2025-11-17,76.33279796230977,76.408944377668,76.19001163208964,76.23760223388672,42954200
2025-11-18,76.17097049850737,76.33279888132624,76.14241468460243,76.25664520263672,44098700
2025-11-19,76.2851872282342,76.43749455808418,76.23758937205278,76.29470825195312,33510100
2025-11-20,76.54220208795978,76.61834848853782,76.24710845947266,76.24710845947266,65471200
2025-11-21,76.39942564731028,76.54221196824653,76.27567411337233,76.50413513183594,62331700
2025-11-24,76.55174087177743,76.72308303830806,76.5327060810142,76.71356201171875,38964900
2025-11-25,76.69452222989601,77.00865072516217,76.66596641440181,76.98009490966797,56524800
2025-11-26,76.94201301261822,77.0847993431222,76.90393617365618,77.05623626708984,27454800
2025-11-28,77.10383560072087,77.17046825457058,77.0467239723967,77.09431457519531,29430800
2025-12-01,76.88870771797863,77.02259294120104,76.86957708826262,76.95565032958984,45274800
2025-12-02,77.02259028173887,77.11822153842469,76.96521298696683,77.0990982055664,38842600
2025-12-03,77.08953059163812,77.26166976701694,77.05127663086537,77.1660385131836,35019100
2025-12-04,77.1755922876728,77.24253489129495,77.05127239414496,77.2234115600586,34777400
2025-12-05,77.20428822882222,77.28078884996427,77.14690364271996,77.2234115600586,30486800
2025-12-08,77.19473176879244,77.21385510222211,76.97477330526534,77.03215789794922,43160800
2025-12-09,77.03214103214037,77.08951831606436,76.92694448081588,76.9460678100586,30558800
2025-12-10,76.91739124032249,77.26166959029266,76.90782592610194,77.20429229736328,53052100
2025-12-11,77.21386363095212,77.2329942626923,77.13736299258603,77.19474029541016,44546400
2025-12-12,77.16604668450974,77.18517001882263,77.01303082521551,77.05128479003906,45566100
2025-12-15,77.1469082381477,77.17559688480945,77.05127698387622,77.08953094482422,28983600
2025-12-16,77.08954033807966,77.1469176383945,77.04172105701869,77.13735961914062,27908000
2025-12-17,77.12779077202576,77.14691410585576,76.99390554662311,77.04171752929688,36999700
2025-12-18,77.25209045410156,77.27122107911981,77.1468939050882,77.25209045410156,52680500
2025-12-19,77.2818976000243,77.32033284366425,77.18581315631097,77.21463775634766,34413300
2025-12-22,77.31071546666682,77.31071546666682,77.14737119350336,77.28189086914062,37203900
2025-12-23,77.22425542237637,77.33955383300781,77.20503413342192,77.33955383300781,24341800
2025-12-24,77.35876405845839,77.48367309570312,77.32032881682014,77.48367309570312,10533500
2025-12-26,77.48367908005596,77.54132828157942,77.4356331916042,77.44524383544922,10922900
2025-12-29,77.40680022049838,77.50289198701108,77.39719690846515,77.47406005859375,22012700
2025-12-30,77.48367399693457,77.58936907997592,77.4548493980638,77.55093383789062,20146700
2025-12-31,77.56054118230068,77.58936577994547,77.47406005859375,77.47406005859375,17457100
2026-01-02,77.56055046664439,77.56055046664439,77.43563408753383,77.51250457763672,28403300
2026-01-05,77.57975949106445,77.74311110484012,77.54132424845682,77.71427917480469,38563200
2026-01-06,77.7334976196289,77.77193286083138,77.65662713722396,77.7334976196289,31721500
2026-01-07,77.79114966001995,77.82958490262759,77.67584393219705,77.71427917480469,27022700
2026-01-08,77.67585035881604,77.78154545203861,77.63742244380197,77.77194213867188,33516900
2026-01-09,77.78153633006221,77.85840681262233,77.78153633006221,77.82958221435547,31849200
2026-01-12,77.74310244812294,77.87762211688437,77.73349180584795,77.86801147460938,23983600
2026-01-13,77.89683607066223,77.90644671293724,77.80075164022865,77.86801147460938,27607400
2026-01-14,77.82957623628151,77.87762211688437,77.7623164019008,77.86801147460938,42994000
2026-01-15,77.92566066671509,77.9352713089901,77.82957623628151,77.86801147460938,30412400
2026-01-16,77.9064504600079,77.9256644147099,77.81996933691771,77.91605377197266,52466300
2026-01-20,77.5893701344096,77.7815390166748,77.51249964919434,77.71427917480469,38653400
2026-01-21,77.81036557944502,77.98332049386266,77.7911442940806,77.94488525390625,42023500
2026-01-22,78.01214360148307,78.06018215243195,77.95448707726318,78.00253295898438,35231900
2026-01-23,78.00254657405623,78.02176053163505,77.86802687868374,77.964111328125,38360500
2026-01-26,78.01214360148307,78.04096819820687,77.9448837655368,78.00253295898438,27027500
2026-01-27,78.00253056407863,78.04096580212104,77.96409532603622,77.992919921875,22961500
2026-01-28,77.99292050109581,78.0025311433708,77.85840083233438,77.86801147460938,35559200
2026-01-29,77.87762735273681,77.89684130780645,77.73349703201023,77.85840606689453,38201600
2026-01-30,77.75270905412417,77.95448856581602,77.75270905412417,77.94488525390625,59848000
2026-02-02,77.89565099290945,78.03083561969518,77.86668391102816,77.9922103881836,42890700
2026-02-03,77.98255680971663,78.03083282211809,77.76046357823995,77.94393157958984,49372700
2026-02-04,77.924601783478,77.94391807870024,77.77010825674047,77.84735870361328,42829400
2026-02-05,77.78942697937485,77.84736850532889,77.68320944330299,77.76045989990234,75554200
2026-02-06,77.89563053323289,78.03081512451172,77.84735453178057,78.03081512451172,40915900
2026-02-09,77.98253803886548,78.13703155517578,77.98253803886548,78.13703155517578,33716900
2026-02-10,78.16600909469201,78.22395061719781,78.0597915649414,78.0597915649414,37886100
2026-02-11,78.1177403202618,78.14670740069242,77.94393047066876,78.0501480102539,27272300
2026-02-12,78.12738843018963,78.18532258360646,77.97288753173366,78.01151275634766,48457000
2026-02-13,78.05014144875723,78.15635897941291,78.04048330042254,78.06945037841797,36612400
2026-02-17,78.04047327160526,78.07909849297175,77.9632228288723,78.03081512451172,35682000
2026-02-18,78.05978833252935,78.19498030143893,78.03082125598026,78.12738800048828,33943100
2026-02-19,78.0984152901311,78.15635681152344,78.050139283814,78.15635681152344,29531000
2026-02-20,78.1467021281463,78.21429443359375,78.08876797119386,78.21429443359375,37959800
2026-02-23,78.17566924083779,78.22395261632515,78.05979355987341,78.0887680053711,33666000
2026-02-24,78.0694403458782,78.08875664006528,77.87632160605351,78.03081512451172,54979900
2026-02-25,78.0404721866059,78.14668970213505,78.0404721866059,78.13703155517578,29428200
2026-02-26,78.1080756047481,78.15635897941291,77.98254914443167,78.06945037841797,54533600
2026-02-27,77.97289866043259,78.02118203984342,77.87633926862031,77.94393157958984,62450000
2026-03-02,77.68580730857889,78.02543393290699,77.6566981472122,77.89928436279297,74327000
2026-03-03,77.56937144038248,77.92839430502752,77.47233103066277,77.74403381347656,118126800
2026-03-04,77.85077495449379,78.06424461486762,77.82165838871434,78.01573181152344,58694100
2026-03-05,77.88957593693071,77.92839061835356,77.64698973039553,77.70521545410156,79841000
2026-03-06,77.38500054762373,77.62758675623698,77.28796754480715,77.3267822265625,82125600
2026-03-09,77.22973973834327,77.8022470248693,77.18122693981476,77.79254150390625,88695000
2026-03-10,77.67611024575648,77.99631842828511,77.65669920248571,77.6664047241211,67499600
2026-03-11,77.6178795262929,77.66639972820482,77.44321716381073,77.49173736572266,59983500
2026-03-12,77.38501141717039,77.38501141717039,76.96776278362287,76.99687194824219,68674300
2026-03-13,77.17151865259797,77.3170718492528,76.77368114509405,76.85130310058594,68652900
2026-03-16,77.15212068332208,77.30737200885618,77.0938949584961,77.0938949584961,57535600
2026-03-17,77.24914842202753,77.45291993717068,77.21033374250362,77.4432144165039,47967800
2026-03-18,77.32679583736076,77.38501416866939,77.03568937452788,77.04539489746094,50281900
2026-03-19,76.68635407882122,77.33648336655395,76.6475393955492,77.29767608642578,103981600
2026-03-20,77.1424221994118,77.1715313629085,76.51169651212108,76.57962036132812,109084800
2026-03-23,76.94835030998537,77.33648233122182,76.82220074025413,77.08419799804688,79015800
2026-03-24,76.8901284372782,77.05509269802825,76.7154660577119,76.82220458984375,71941600
2026-03-25,77.09389798034152,77.2200475531228,76.99686497268637,77.06478881835938,49917700
2026-03-26,76.89983596608032,76.97746533750103,76.46318370734139,76.57962036132812,74979300
2026-03-27,76.50198046120416,76.50198046120416,76.23999062264642,76.38554382324219,68174300
2026-03-30,76.67664903854077,76.75427840557212,76.42436470040474,76.4728775024414,55210700
2026-03-31,76.81249818915055,77.24915038941467,76.7736835086381,77.20063018798828,101521300
2026-04-01,77.37029583940301,77.47755204518846,77.26303963361757,77.38980102539062,69789200
2026-04-02,77.10703006898409,77.64330362219631,77.10703006898409,77.5750503540039,53828200
2026-04-06,77.52630847560074,77.72131570345915,77.51655588249315,77.71156311035156,37098300
2026-04-07,77.68231594368707,77.7505692201308,77.34104956146841,77.73107147216797,47264100
2026-04-08,78.46235941804395,78.51110750726002,78.0333345742671,78.18934631347656,58556400
2026-04-09,78.15033802983507,78.38434818358374,78.00407889409891,78.27709197998047,45207500
2026-04-10,78.33560464400352,78.33560464400352,77.95533529633747,77.965087890625,33005600
2026-04-13,77.88707471922949,78.26734403127809,77.88707471922949,78.25759887695312,38561400
2026-04-14,78.33559593096699,78.55010834713437,78.28684784305102,78.49160766601562,42038000
2026-04-15,78.44284597934038,78.48184891003984,78.34534237211592,78.45259857177734,47834900
2026-04-16,78.52085401694465,78.52085401694465,78.25759352623751,78.34534454345703,37743400
2026-04-17,78.58911525914124,78.7451270020873,78.55011232340472,78.63787078857422,61651600
2026-04-20,78.61835104766818,78.65735397618464,78.49159710927569,78.5696029663086,21104400
2026-04-21,78.54035473939341,78.56960507680446,78.30633716200863,78.3648452758789,58623500
2026-04-22,78.49160766601562,78.55986094033716,78.41360179849131,78.49160766601562,28004500
2026-04-23,78.45259628811208,78.54035473939341,78.16008547495336,78.3648452758789,49921700
2026-04-24,78.43310400131526,78.52085501965536,78.29659745786488,78.47210693359375,33626300
2026-04-27,78.43309713708017,78.53060073971882,78.41359195312361,78.50135040283203,24643700
2026-04-28,78.34534847697068,78.423354344448,78.32585072962584,78.39410400390625,36382400
2026-04-29,78.31609856332265,78.33559631077378,77.98458478331044,78.1308364868164,56809400
2026-04-30,78.17958842034642,78.41359857424827,78.16983582754465,78.37459564208984,51626100
2026-05-01,78.47163391113281,78.63826685113922,78.44223029761106,78.47163391113281,43740400
2026-05-04,78.43242586481377,78.43242586481377,78.10897864107821,78.216796875,35069300
2026-05-05,78.30500800773775,78.43242615829037,78.30500800773775,78.33441162109375,26357900
2026-05-06,78.50103034669283,78.64805587888777,78.49123412843458,78.56964874267578,38323100
2026-05-07,78.62846256371888,78.64806247990963,78.27560424804688,78.27560424804688,44772900
2026-05-08,78.42262305935596,78.55984489499903,78.41281936308741,78.55004119873047,29715200
2026-05-11,78.49124116110397,78.55985208520514,78.39322662353516,78.39322662353516,34366600
2026-05-12,78.23640463706917,78.30501556753367,78.11878269425976,78.28541564941406,37418900
2026-05-13,78.25599707657813,78.3638153110087,78.20699354694688,78.32461547851562,33257100
2026-05-14,78.38342240719567,78.46183702794329,78.26580047607422,78.26580047607422,27235600
2026-05-15,78.05997409398216,78.10898510546821,77.883544921875,77.883544921875,54466000
2026-05-18,78.05016304820658,78.11877397100956,77.86393767375837,77.96195220947266,38596100
2026-05-19,77.83453339231203,77.87373322383726,77.65810423832981,77.77571868896484,42904700
2026-05-20,77.92274593237487,78.28540794515716,77.8247313953615,78.27560424804688,58906300
2026-05-21,78.16778616172999,78.40302254661286,78.06977162453128,78.31481170654297,37584600
2026-05-22,78.422630015808,78.43242623491633,78.25599707657813,78.32461547851562,22429400
2026-05-26,78.55004897569427,78.59905998386029,78.45203443739217,78.5892562866211,30406100
2026-05-27,78.5794523669682,78.61865967778405,78.49124152615497,78.54024505615234,22523800
2026-05-28,78.49123435507583,78.6774597168999,78.45202704784202,78.63825988769531,32001600
2026-05-29,78.66766364967853,78.76567817893665,78.61865264603485,78.71666717529297,39142200
2026-06-01,78.60732369244263,78.69598607096789,78.45954554525842,78.65657806396484,32671000
2026-06-02,78.6565748465521,78.71569061279297,78.60732047704462,78.71569061279297,25237500
2026-06-03,78.5679092711027,78.59746339486497,78.44968525974546,78.49894714355469,28203400
2026-06-04,78.56791250480958,78.66642876017461,78.56791250480958,78.646728515625,22697900
2026-06-05,78.51864966718897,78.53835742780817,78.17383901943684,78.25265502929688,46035600
2026-06-08,78.42013119678911,78.46939308063655,78.30191470164839,78.36102294921875,25217800
2026-06-09,78.4398422241211,78.60732061008525,78.24280219683223,78.4398422241211,34705500
2026-06-10,78.38073086147529,78.45954687681898,78.27236071945492,78.29206848144531,30345200
2026-06-11,78.39057803301313,78.78465055969399,78.34131614856241,78.75509643554688,55089500
2026-06-12,78.75509643554688,78.8142046838411,78.61717217865481,78.75509643554688,29873300
2026-06-15,78.95212342344306,78.98167754552489,78.84375329827118,78.85360717773438,32019600
2026-06-16,78.84376525878906,78.92258127383542,78.77480312470072,78.84376525878906,24471900
2026-06-17,78.80435855210298,78.88317456845037,78.52851001119615,78.5482177734375,47184800
2026-06-18,78.84375877670234,78.88316678098562,78.73538864400041,78.82405853271484,41111700
2026-06-22,78.75509643554688,78.79450443984578,78.68613430710084,78.75509643554688,26479500
2026-06-23,78.64672633406433,78.78465059101121,78.63687245390861,78.6861343383789,29811300
2026-06-24,78.75509750225531,78.80435187106488,78.65657373201942,78.66642761230469,38841000
2026-06-25,78.735391892628,78.79450765964619,78.63687563600917,78.69598388671875,29322400
2026-06-26,78.63687463519595,78.76494501553964,78.6270207547669,78.646728515625,27647500
2026-06-29,78.7649427681358,78.84375877670234,78.66642651558173,78.82405853271484,37325700
2026-06-30,78.81419920265816,78.86346108368294,78.73538319954164,78.7846450805664,38103900
2026-07-01,78.74406680895909,78.84304729586444,78.69458411665738,78.77375793457031,38152300
2026-07-02,78.91233146706666,78.97171372006582,78.85294166291631,78.89253234863281,26111800
2026-07-06,78.91233206543512,79.09048637693468,78.91233206543512,79.05089569091797,25159400
2026-07-07,79.0310976123033,79.06078873941871,78.90243354441935,78.94202423095703,28558300
2026-07-08,78.79355785174839,78.8628396625944,78.72427604090238,78.84304809570312,30771300
2026-07-09,78.9123297100135,79.0409937723639,78.85293990718552,78.93212127685547,21882200
2026-07-10,78.96181416084889,79.01130440578231,78.80345896913408,78.89253234863281,24550300
2026-07-13,78.85293858067791,78.87273769833784,78.64509315215405,78.70447540283203,32133300
2026-07-14,78.86283874511719,78.87273830402317,78.75396625060421,78.86283874511719,28248700
2026-07-15,78.89253554116594,79.0211996115878,78.89253554116594,78.99150848388672,26948800
2026-07-16,78.94202247352338,79.0211962936848,78.91233134706896,78.98161315917969,22780300
2026-07-17,78.93211807409756,79.02119144799875,78.81334602441193,78.83314514160156,42020100
2026-07-20,78.9222209962512,78.9519121218182,78.8529391862112,78.86283874511719,19767900
2026-07-21,78.90242694946383,78.92221851550275,78.7836548997782,78.83314514160156,27198800
2026-07-22,78.79355632999993,78.83314701416889,78.66489226981398,78.70447540283203,24851700
2026-07-23,78.46694027331266,78.55602120209755,78.33827621079116,78.4174575805664,52554200
2026-07-24,78.4372491474347,78.4966313991906,78.34817576980083,78.4174575805664,41964600
2026-07-27,78.52632832467148,78.58571813196468,78.42735538071825,78.45704650878906,28939800
2026-07-28,78.50652633676083,78.60549926757812,78.43724453007367,78.60549926757812,33698300
2026-07-29,78.55602452438774,78.66489702464536,78.32837996444415,78.42735290527344,53074500
2026-07-30,78.56591784525631,78.68468990692658,78.51643514959063,78.65499877929688,30570700
2026-07-31,78.64509498588232,78.72427635606648,78.42734999345143,78.6648941040039,38659800
2026-08-03,78.81805314795504,78.89761893435254,78.71859970886366,78.87772369384766,30860100
2026-08-04,78.93740532712147,79.16614748839145,78.93740532712147,79.11642456054688,46524700
2026-08-05,79.11642122996469,79.12636126242833,79.00702017037624,79.08657836914062,25771800
2026-08-06,79.07663938873576,79.07663938873576,78.97718594809882,79.02690887451172,25818200
2026-08-07,79.23576460291953,79.25565984404162,79.13631116074286,79.17609405517578,23459400
2026-08-10,79.136312158193,79.136312158193,78.97718816626696,79.04680633544922,30292400
2026-08-11,79.1164201608165,79.1363078132861,79.05674202778589,79.0766372680664,17988300
2026-08-12,79.20592932904765,79.22582457016975,79.1561988140537,79.17609405517578,25243300
2026-08-13,79.30537965541691,79.42472833402661,79.24570911001754,79.35511016845703,28659200
2026-08-14,79.36505661747974,79.38494426971573,79.2258202883952,79.27554321289062,26611000
2026-08-17,79.23576460291953,79.27554749735245,79.1561988140537,79.17609405517578,22620500
2026-08-18,79.12636237304118,79.14625761386979,79.03685655274579,79.09652709960938,29462900
2026-08-19,79.25565556065463,79.30537848515004,79.20592504834836,79.27554321289062,29670000
2026-08-20,79.1164180001687,79.19597619568526,79.04679983671,79.12635803222656,41762500
2026-08-21,79.22582457016975,79.22582457016975,79.11642350743203,79.17609405517578,37545400
2026-08-24,79.18603628678159,79.27554210230595,79.14625339505606,79.26559448242188,20714600
2026-08-25,79.39489207120076,79.5042931282759,79.32527390649938,79.4843978881836,29540300
2026-08-26,79.42473279093285,79.47446330676358,79.34516700072822,79.46451568603516,28585000
2026-08-27,79.49434767030156,79.53413056375734,79.38494661025095,79.43467712402344,32490100
2026-08-31,79.27554655900053,79.375,79.19598077107648,79.375,36481400
2026-09-01,79.2699966430664,79.30000305175781,79.05999755859375,79.0999984741211,48220144
