date,open,high,low,close,volume
2002-07-30,40.222039009127386,40.310396088462504,40.10422707331065,40.138587951660156,41300
2002-07-31,40.27602258370137,40.53618397322417,40.27602258370137,40.50672912597656,32600
2002-08-01,40.5165091653861,40.69322309641429,40.50668964419006,40.673587799072266,71400
2002-08-02,40.75219562693714,41.08598876814916,40.6932933782304,40.987815856933594,120300
2002-08-05,41.076153909379165,41.19396209716797,41.00252238761562,41.19396209716797,159300
2002-08-06,40.992713597237554,40.992713597237554,40.757093436380735,40.86017608642578,90100
2002-08-07,40.83564672103252,41.06144741287352,40.791466289445964,40.987815856933594,38100
2002-08-08,40.90433441145816,40.93869527624723,40.78652252213559,40.845428466796875,142600
2002-08-09,40.899411879904406,41.17429871241227,40.899411879904406,41.149757385253906,99600
2002-08-12,41.28232847879969,41.370685575819586,41.20869694044051,41.23324203491211,38100
2002-08-13,41.39027234402694,41.59643741351883,41.26264474360526,41.562076568603516,109300
2002-08-14,41.719184996099564,41.83699690127741,41.409937171378964,41.439388275146484,146100
2002-08-15,41.23322867194267,41.395217254824075,41.110510729466654,41.19886779785156,60500
2002-08-16,41.35592692480032,41.36574270770116,40.874871171501745,40.92886734008789,55800
2002-08-19,40.99271907712377,40.99271907712377,40.80618533253523,40.96817398071289,41600
2002-08-20,41.13506295300538,41.34613800048828,41.0859727714542,41.34613800048828,56900
2002-08-21,41.125214804069415,41.25284244620108,41.085944184174686,41.24302291870117,37900
2002-08-22,41.13504262161738,41.13504262161738,40.98777963986008,41.02214050292969,43600
2002-08-23,41.095773192895585,41.23321664918434,41.066322093706084,41.20867156982422,26500
2002-08-26,41.193967822575935,41.33141135160814,41.169426475280346,41.228328704833984,27800
2002-08-27,41.11053110663851,41.198888218819214,41.022173994457816,41.105621337890625,38800
2002-08-28,41.27740592845855,41.316676569429866,41.23322926615666,41.257774353027344,40200
2002-08-29,41.51301163717839,41.52282742149098,41.39520350016154,41.44919967651367,101500
2002-08-30,41.51791325203804,41.54736434424782,41.38046982832253,41.52772903442383,28900
2002-09-03,41.91194174655089,42.1631484775916,41.86761313645086,41.98090362548828,110700
2002-09-04,41.94642638822661,42.08926553227026,41.90702067224551,41.96612548828125,77300
2002-09-05,42.16312401434277,42.18775351095424,41.961176422276274,42.13357162475586,57900
2002-09-06,41.911912603964375,41.9907239777011,41.788772650950584,41.808475494384766,32200
2002-09-09,41.83805442791612,41.941491593838506,41.744466810109365,41.749393463134766,88800
2002-09-10,41.724764298463505,41.971044340662864,41.7001385490047,41.897159576416016,21400
2002-09-11,41.675514383641946,41.74447250366211,41.616405813080796,41.74447250366211,77500
2002-09-12,41.76911394642219,41.98091502068537,41.76911394642219,41.961212158203125,39900
2002-09-13,42.05481545876641,42.187808902391396,42.01048681618376,42.15825271606445,125900
2002-09-16,42.21734421909765,42.32078143447015,42.17301559448242,42.17301559448242,108700
2002-09-17,42.06465199989044,42.34048457602799,42.06465199989044,42.31093215942383,30400
2002-09-18,42.32072463577348,42.46849403537669,42.31580174493679,42.360130310058594,76400
2002-09-19,42.567045239822484,42.591674749327254,42.41927945660049,42.57197189331055,61100
2002-09-20,42.507923256139996,42.596584193427624,42.45866425703152,42.55717849731445,128600
2002-09-23,42.79360392725734,42.88226486199481,42.71479629523174,42.79853057861328,293700
2002-09-24,42.8822786154892,43.0743767427091,42.793617652315774,42.951236724853516,158200
2002-09-25,42.70495205793458,42.84779491410844,42.55718630729364,42.62614440917969,88900
2002-09-26,42.52273385184529,42.65079683090976,42.38974045936064,42.59661865234375,256100
2002-09-27,42.64587260906093,42.877376556396484,42.61139353762395,42.877376556396484,199400
2002-09-30,43.04974764667773,43.19751340185422,43.00541528957041,43.12855529785156,97200
2002-10-01,42.86080120901242,42.98924257137468,42.75211715698242,42.75211715698242,150100
2002-10-02,42.76694060004529,42.91020561069606,42.673076407436646,42.8953857421875,43000
2002-10-03,42.90524743977163,42.915129860898496,42.692820614015936,42.87066650390625,37500
2002-10-04,42.569325049379124,42.95959784126727,42.56438760689046,42.915138244628906,61400
2002-10-07,43.068283313892344,43.10780546935727,42.95465805919073,43.08310317993164,80300
2002-10-08,42.94479465712452,43.22638351900092,42.915154914519064,43.00407791137695,134600
2002-10-09,43.19673320906243,43.221431732177734,43.06334686188549,43.221431732177734,94500
2002-10-10,43.176974523126454,43.211555472637734,42.92996666403425,42.97442626953125,120400
2002-10-11,42.82126494127035,42.86572452842991,42.57425718405698,42.668121337890625,133600
2002-10-14,42.781754986404955,42.781754986404955,42.54956702541509,42.63355255126953,51300
2002-10-15,42.15931834121038,42.277884880045,41.892553051438725,41.91725158691406,167000
2002-10-16,41.95677376652561,42.100038840835566,41.89749049710829,41.91725158691406,124200
2002-10-17,41.606038494922416,41.76412350356935,41.606038494922416,41.69496154785156,205300
2002-10-18,41.69987674340233,41.84807922644225,41.43804519551951,41.81843948364258,98600
2002-10-21,41.843146978202554,41.843146978202554,41.487458681272635,41.497337341308594,572300
2002-10-22,41.52204060326656,41.58626131758837,41.4331175847212,41.477577209472656,197500
2002-10-23,41.59611846375226,41.74432467435433,41.522019127491724,41.56647872924805,64300
2002-10-24,41.52202862481637,41.848077086061224,41.45780415997986,41.764095306396484,41800
2002-10-25,41.97157886735747,41.97157886735747,41.85795735227291,41.94688034057617,566500
2002-10-28,42.04567767300531,42.100019703007746,41.99133564300286,41.99627685546875,22100
2002-10-29,42.198813468114125,42.53968545291394,42.154353871335054,42.37665939331055,118300
2002-10-30,42.302587940732316,42.47549655276864,42.27788940261491,42.37174987792969,53000
2002-10-31,42.31241814443787,42.83113203316276,42.292657076909556,42.58906555175781,71100
2002-11-01,42.497367973451865,42.5122387201288,42.18010898909582,42.33378219604492,63400
2002-11-04,42.11073430169036,42.1999626159668,42.04133492191785,42.1999626159668,85000
2002-11-05,42.135538482925924,42.135538482925924,42.01161042856438,42.085968017578125,426300
2002-11-06,41.966966763755856,42.45772043311342,41.966966763755856,42.224735260009766,135100
2002-11-07,42.47258744557454,42.6659147462464,42.40814627267756,42.636173248291016,68000
2002-11-08,42.67585422933705,42.740299224853516,42.62628377415897,42.740299224853516,27300
2002-11-11,42.680779317398276,42.84932327270508,42.680779317398276,42.84932327270508,52100
2002-11-12,42.859256804180525,42.8741275582785,42.690716548427126,42.71549987792969,48200
2002-11-13,42.69566487558894,42.81463845542412,42.68079412360496,42.76506423950195,330200
2002-11-14,42.46269105191416,42.48747438232582,42.229705810546875,42.229705810546875,71800
2002-11-15,42.08597715064758,42.25947570800781,41.96204906939242,42.25947570800781,40900
2002-11-18,42.199958121243355,42.353631401785464,42.16030403844159,42.299102783203125,35300
2002-11-19,42.44283938098288,42.46762269811766,42.29412435025287,42.33378219604492,11000
2002-11-20,42.42799041870987,42.43294859791668,42.041335644196664,42.10082244873047,251800
2002-11-21,41.92242392657934,41.96208185123915,41.75883782384853,41.85798263549805,95000
2002-11-22,41.912440988280295,41.91739538405616,41.768684089168815,41.8083381652832,144800
2002-11-25,41.887641898268754,41.892600074607685,41.73892686394427,41.7438850402832,49700
2002-11-26,41.90750251450178,42.125617054600305,41.86784463775963,42.12065887451172,103800
2002-11-27,41.92239891319332,41.942227863692096,41.51591488293239,41.63984298706055,324900
2002-11-29,41.62492225553671,41.71910871185353,41.585264402142144,41.69927978515625,15000
2002-12-02,41.400016770608836,41.72423453051616,41.39502775123916,41.684329986572266,78000
2002-12-03,41.80900143976316,41.80900143976316,41.59950842957389,41.67931365966797,38200
2002-12-04,41.86886051634664,41.88881277634222,41.769099216368744,41.82396697998047,135600
2002-12-05,41.71927985385281,42.00858232733552,41.71927985385281,41.938751220703125,194900
2002-12-06,42.30784497034431,42.30784497034431,41.97365281325707,42.10832595825195,194800
2002-12-09,42.14823443975763,42.29288564183326,42.10334465575605,42.2679443359375,143900
2002-12-10,42.24795351257655,42.29284706113399,42.16814825642685,42.23299026489258,154600
2002-12-11,42.377631533665785,42.46741480450954,42.292837279397965,42.372642517089844,287200
2002-12-12,42.34772070093111,42.462441486056925,42.30781616458037,42.40757369995117,69800
2002-12-13,42.3876332747252,42.3876332747252,42.183125341278895,42.25295639038086,32400
2002-12-16,42.292855092368015,42.29784411104524,42.06340970479683,42.078372955322266,37600
2002-12-17,42.2230628488205,42.2230628488205,42.09337488259488,42.17816925048828,73700
2002-12-18,42.337738668537966,42.4375,42.31778640224556,42.4375,106600
2002-12-19,42.50234945850326,42.69687933205728,42.44249264913804,42.65697479248047,187800
2002-12-20,42.62704829055103,42.68690509991625,42.58215853765688,42.65697479248047,79900
2002-12-23,42.5821745847295,42.66197988845137,42.507354496203654,42.63205337524414,109300
2002-12-24,42.811643114465355,42.836580620394656,42.78670180302622,42.791690826416016,37400
2002-12-26,42.79665713548232,42.856510162353516,42.74178932384518,42.856510162353516,85200
2002-12-27,43.03107653124016,43.16575341734344,42.971223520089204,43.11088562011719,149600
2002-12-30,43.11584997758612,43.27546425853512,43.10088673335726,43.19066619873047,60700
2002-12-31,43.238818570024094,43.33404844612827,43.143592517798666,43.17867660522461,194300
2003-01-02,42.903028758973946,42.973196959293965,42.47199334336231,42.49705505371094,106700
2003-01-03,42.451913647895594,42.56719207763672,42.401794087786236,42.56719207763672,518400
2003-01-06,42.50203794387967,42.50203794387967,42.35668853972953,42.46194076538086,214500
2003-01-07,42.4619667586371,42.62235174693523,42.44191815711486,42.5972900390625,101700
2003-01-08,42.68751025500135,42.75266917114047,42.6624523690002,42.69753646850586,162600
2003-01-09,42.391775062823285,42.411823653230385,42.13114721140868,42.181270599365234,98000
2003-01-10,42.381758856396424,42.406820556288444,42.111108557852425,42.22638702392578,235800
2003-01-13,42.2013088822132,42.33162278789947,42.171237913161384,42.301551818847656,219700
2003-01-14,42.40181732177734,42.44692762730799,42.37174633400985,42.401817321777344,204500
2003-01-15,42.48201955705381,42.622355957693856,42.46197095355093,42.49705505371094,239000
2003-01-16,42.43190173287616,42.50206993612754,42.261490507922616,42.48202133178711,205700
2003-01-17,42.67743917473797,42.71252323421626,42.63232891319405,42.65739059448242,60100
2003-01-21,42.567183542244734,42.80274963378906,42.567183542244734,42.80274963378906,82600
2003-01-22,42.877959837290554,42.978199005126946,42.82783642949322,42.97819900512695,120500
2003-01-23,42.817771340841134,42.958107565408866,42.817771340841134,42.887939453125,78300
2003-01-24,43.003249850688455,43.11852448220551,42.948117175135714,42.973175048828125,209400
2003-01-27,42.9180386139074,42.948113413133356,42.802763992487726,42.84286117553711,413800
2003-01-28,42.822804376957244,42.85287534654221,42.66241949937556,42.847862243652344,1596500
2003-01-29,42.86792885733328,42.86792885733328,42.60229165062644,42.662437438964844,83200
2003-01-30,42.60226469366082,42.85787935250815,42.57219373045865,42.82780456542969,31700
2003-01-31,42.91302110958926,42.91302110958926,42.72757454143537,42.847862243652344,44000
2003-02-03,42.866960462914484,42.89210390975,42.67085385392187,42.78147888183594,57400
2003-02-04,42.93736389371346,42.952448429516764,42.85188229992679,42.922279357910156,88700
2003-02-05,42.87199452382772,42.947421036083384,42.640689366234994,42.75634002685547,138100
2003-02-06,42.8820513715334,42.95747788690184,42.866966835730096,42.922279357910156,92500
2003-02-07,42.78651176518285,42.98764786495593,42.75131323544896,42.9423942565918,44200
2003-02-10,42.94240209509312,42.98263008966117,42.80160795045768,42.86194610595703,29100
2003-02-11,42.821754207506395,42.91729097113722,42.7513532457994,42.90220642089844,272100
2003-02-12,42.972567986941556,43.08822250366211,42.93233999535593,43.08822250366211,50300
2003-02-13,43.14353252656089,43.374837710211786,43.11335961644836,43.24409866333008,107100
2003-02-14,43.148570445946355,43.19382790583809,42.99269173862067,43.093257904052734,51300
2003-02-18,43.002746820622555,43.093257904052734,42.92732411472516,43.093257904052734,62600
2003-02-19,43.143502548702976,43.27423766839241,43.143502548702976,43.25412368774414,34600
2003-02-20,43.25414956705033,43.42008712941816,43.22900995346091,43.40500259399414,59400
2003-02-21,43.379863331603694,43.38992224709194,43.22901412644992,43.24409866333008,21500
2003-02-24,43.38995664701188,43.43018466815355,43.314530066460065,43.415096282958984,47000
2003-02-25,43.52567826102338,43.62624821414815,43.47036574589262,43.47539520263672,72800
2003-02-26,43.50051791066427,43.63628248721617,43.47034502093637,43.60611343383789,52900
2003-02-27,43.5960944613452,43.661465918681166,43.505583381948064,43.64638137817383,209300
2003-02-28,43.62126915014025,43.82240545239766,43.550872019803535,43.792232513427734,80700
2003-03-03,43.772019084922896,43.90816276076154,43.75689286470821,43.88294982910156,24800
2003-03-04,43.87793536623226,43.98886618345693,43.852726264925785,43.96869659423828,41100
2003-03-05,44.0594526819668,44.08970898574277,43.928356137773896,44.04936981201172,50500
2003-03-06,44.05440364573528,44.06448651351042,43.903133700426636,43.95859909057617,83600
2003-03-07,44.23088106699282,44.23592442417327,43.9787670653314,44.10482406616211,79800
2003-03-10,44.20063463333894,44.28130912443378,44.20063463333894,44.25105667114258,58500
2003-03-11,44.26112493063825,44.30146408634837,44.16532039756515,44.2409553527832,61200
2003-03-12,44.20566207712248,44.21574879010271,44.11994425155981,44.140113830566406,51600
2003-03-13,43.8375896355444,43.908181257585944,43.640940996006535,43.651023864746094,326900
2003-03-14,43.74174186107861,43.83250297789607,43.69636322614542,43.79216384887695,50800
2003-03-17,43.91823076135641,43.91823076135641,43.41904642845199,43.44929885864258,98700
2003-03-18,43.48967210739553,43.54009414624499,43.212345123291016,43.212345123291016,203900
2003-03-19,43.18716447424477,43.21237358679697,42.995555214668975,43.00564193725586,152800
2003-03-20,43.16190367411719,43.21232569029139,42.87953730597909,43.03584671020508,170600
2003-03-21,42.924890922634496,42.924890922634496,42.62235515514555,42.64252471923828,148800
2003-03-24,42.985427233141394,43.101401339450454,42.950131435039246,43.0560188293457,45800
2003-03-25,43.11148769706552,43.1871226553985,42.91483911357205,43.061065673828125,107500
2003-03-26,43.06107837860608,43.161922454833984,43.03082207817377,43.161922454833984,75400
2003-03-27,43.25768373723843,43.303062372049446,43.14675305621009,43.242557525634766,45800
2003-03-28,43.37873490162745,43.38882161607934,43.2879737063325,43.31318664550781,144700
2003-03-31,43.5148779724788,43.66110070727221,43.5148779724788,43.62580490112305,99300
2003-04-01,43.60506930481621,43.625293240171175,43.08421230508397,43.569671630859375,36500
2003-04-02,43.28650851520258,43.34719192646854,43.195485327333174,43.261226654052734,147400
2003-04-03,43.23086979201419,43.37751843082578,43.215699908354004,43.33706283569336,170400
2003-04-04,43.256168738599136,43.36741973022386,43.210655215634894,43.261226654052734,26400
2003-04-07,42.90721169473924,43.160053253173835,42.861702066087894,43.16005325317383,62300
2003-04-08,43.1752355462397,43.32188415527344,43.1752355462397,43.32188415527344,41500
2003-04-09,43.347150639890366,43.47862931004178,43.23589975422805,43.46851348876953,101000
2003-04-10,43.423048349411395,43.4837279069829,43.33202515499479,43.35225296020508,77900
2003-04-11,43.13472813547438,43.29654641619944,43.08415678808044,43.24092102050781,102800
2003-04-14,43.22581818460786,43.22581818460786,43.04882591039263,43.11962127685547,107700
2003-04-15,43.28647114473638,43.306698931028464,43.1549924628657,43.27130126953125,27600
2003-04-16,43.23082644392367,43.38253284452338,43.23082644392367,43.36736297607422,23700
2003-04-17,43.46348171001125,43.46853962368838,42.85666324271798,43.3117790222168,20600
2003-04-21,43.16512803652804,43.23086547851563,43.079162798992535,43.230865478515625,24300
2003-04-22,43.35217181189106,43.39768139488305,43.19035353116601,43.24092102050781,24200
2003-04-23,43.246026932634614,43.28142460343059,43.17523159104266,43.22074508666992,75600
2003-04-24,43.362370354872894,43.5545287413049,43.362370354872894,43.4736213684082,87400
2003-04-25,43.49383550175233,43.605086480310504,43.483719672033246,43.544403076171875,325600
2003-04-28,43.66573192834585,43.66573192834585,43.48874362705616,43.49885559082031,41300
2003-04-29,43.40789524557569,43.458466711681496,43.31687586593209,43.42306900024414,54900
2003-04-30,43.41289713103384,43.696082315088425,43.387615288673246,43.68596649169922,113200
2003-05-01,43.783481617003076,43.88502263005026,43.661636274740054,43.72256088256836,77200
2003-05-02,43.681924910731716,43.732693457817554,43.47376883227037,43.483924865722656,158900
2003-05-05,43.48901995648691,43.65655584030653,43.417939314589844,43.62101745605469,76900
2003-05-06,43.641322271918966,43.895168960708666,43.56009334567066,43.89009094238281,74900
2003-05-07,44.017044393004674,44.24550889321355,44.017044393004674,44.194740295410156,159400
2003-05-08,44.321627380872606,44.45870286987323,44.199778197991435,44.240394592285156,113200
2003-05-09,44.17941544422489,44.32157264870472,44.154033134180025,44.31141662597656,82800
2003-05-12,44.57546429410552,44.58053843723898,44.37238624040783,44.49930953979492,36300
2003-05-13,44.3571395697682,44.53990936279297,44.35206155513133,44.53990936279297,120300
2003-05-14,44.63129807659249,44.82422004200123,44.53483515719282,44.78360366821289,177500
2003-05-15,44.621143927845154,44.82929994724411,44.59068358291487,44.7379150390625,68500
2003-05-16,44.880088148861084,44.986703276232475,44.78362518311877,44.97654724121094,137800
2003-05-19,45.144076726372774,45.144076726372774,44.90546031155237,44.96638488769531,69000
2003-05-20,44.905422946938636,45.26588821411133,44.90034880819246,45.26588821411133,130900
2003-05-21,45.10347109998361,45.367473786179204,45.10347109998361,45.123779296875,83500
2003-05-22,45.22532009887313,45.33701324462891,45.18978172280469,45.337013244628906,414300
2003-05-23,45.367472409123316,45.43854915938952,45.25577926630717,45.28623962402344,82200
2003-05-27,45.316694335767906,45.362384862744406,45.108538272719656,45.11869430541992,176200
2003-05-28,45.01717873537534,45.16948832465048,44.91564159145442,45.12887191772461,204400
2003-05-29,45.24563209928491,45.38270759753149,45.22532390076823,45.36747741699219,97800
2003-05-30,45.29130299562887,45.367457738685815,45.128841351356584,45.342071533203125,165000
2003-06-02,45.15578979914282,45.18633750769842,45.05906639340094,45.16597366333008,165700
2003-06-03,45.293199029270845,45.53246910391656,45.293199029270845,45.466285705566406,77000
2003-06-04,45.55792804675799,45.629199499126365,45.445928940464015,45.598655700683594,183600
2003-06-05,45.69539450269965,45.72593830889274,45.40521669185379,45.435760498046875,61500
2003-06-06,45.29318760347685,45.40518666412182,45.22700422182231,45.384822845458984,110900
2003-06-09,45.578315908046015,45.654679328423704,45.496864441246736,45.634315490722656,48800
2003-06-10,45.766653018093905,45.91937588983228,45.766653018093905,45.888832092285156,65600
2003-06-11,45.92447338854771,46.00592870389176,45.78702239890864,45.792110443115234,79600
2003-06-12,45.85829202557375,46.061926421794496,45.83283626954502,45.97029113769531,50100
2003-06-13,46.08232132430894,46.20450438513247,46.056869432975205,46.13832092285156,75200
2003-06-16,46.22482695589586,46.22482695589586,45.88882966464166,45.89901351928711,161200
2003-06-17,45.79720532065423,45.82774912387365,45.62411859040619,45.64957046508789,135200
2003-06-18,45.53246387849108,45.56300766868448,45.359373338057594,45.3746452331543,252300
2003-06-19,45.37976924071381,45.50194837186367,45.23213434373899,45.440860748291016,202600
2003-06-20,45.31864112178436,45.39500447356343,45.23718972815439,45.36955261230469,61300
2003-06-23,45.369546441218986,45.60881254771345,45.35936259089955,45.542633056640625,38100
2003-06-24,45.59867393298954,45.771764589380986,45.52231052234639,45.75648880004883,132200
2003-06-25,45.89903694089238,45.89903694089238,45.31358928811481,45.41031265258789,164700
2003-06-26,45.237201338788026,45.237201338788026,44.916479839800864,44.96229553222656,470200
2003-06-27,45.03866084992625,45.053932748061456,44.74339120597043,44.92156982421875,244200
2003-06-30,44.9164967222961,45.048855806165435,44.86049715450375,45.02849197387695,126500
2003-07-01,45.25572879097361,45.42499239206983,45.10184852088124,45.14801025390625,167200
2003-07-02,44.89664563631165,45.24543728671531,44.89664563631165,45.19414520263672,86900
2003-07-03,45.14802917024952,45.17367719712366,44.87617730407728,44.90695571899414,205300
2003-07-07,44.70689066429619,44.809474892412084,44.65559463690078,44.665855407714844,196100
2003-07-08,44.81969090790647,44.82995166937041,44.57861780017844,44.68120193481445,156700
2003-07-09,44.794106964622394,44.86078635031595,44.69151877893329,44.763328552246094,90600
2003-07-10,44.89153078247476,44.94795326847904,44.76842895543656,44.86588668823242,292800
2003-07-11,44.79920855921504,45.03002891382276,44.79920855921504,45.024898529052734,37900
2003-07-14,44.96850101028514,45.06595880835499,44.75307169034675,44.763328552246094,187400
2003-07-15,44.706887771981386,44.75304949764587,44.055465834243094,44.152923583984375,530600
2003-07-16,43.86568574673361,44.178572745439624,43.86568574673361,44.16831588745117,304400
2003-07-17,43.84003810676638,44.096502582492555,43.8349077215174,44.075984954833984,173800
2003-07-18,44.019545797906865,44.06058103769422,43.94773608494691,43.9631233215332,182600
2003-07-21,43.82460695713114,43.906673472206876,43.291160912471916,43.388614654541016,497800
2003-07-22,43.43480024913947,43.563032417575364,43.332216079724844,43.54251480102539,121500
2003-07-23,43.72719543551656,43.8554276801955,43.6399984483359,43.6759033203125,209400
2003-07-24,43.496380715122626,43.542542446667234,43.4194405825439,43.50663757324219,186300
2003-07-25,43.547656853592976,43.75795563125034,43.41429426694668,43.450199127197266,34700
2003-07-28,43.316830103214116,43.32709086938158,43.116788209641136,43.13217544555664,124100
2003-07-29,43.07065394861325,43.419445867196146,42.71160125732422,42.71160125732422,297800
2003-07-30,42.93216153973548,43.25017897153777,42.90651743427064,43.055267333984375,158600
2003-07-31,42.82957352158973,42.94241853305014,42.41922873688605,42.76802062988281,241800
2003-08-01,42.79229327024161,43.11306874665041,42.75607700252426,42.94233322143555,160400
2003-08-04,42.98894154230106,43.28385082885195,42.94237941112864,43.25798034667969,498600
2003-08-05,43.22691628357011,43.33556514667671,42.854403640187904,42.96822738647461,169300
2003-08-06,43.07687944895223,43.48043352682897,43.05618386197399,43.40800094604492,338000
2003-08-07,43.54768501779231,43.57873036747501,43.29934590400498,43.56320571899414,292400
2003-08-08,43.65114584874373,43.84774789912996,43.511451698058714,43.55801773071289,235900
2003-08-11,43.48562888279146,43.48562888279146,43.23211078341507,43.376976013183594,150300
2003-08-12,43.38729255267072,43.51146209061012,43.25277325065729,43.299339294433594,197500
2003-08-13,43.07171324152555,43.09758371727947,42.77163309081387,42.818199157714844,346200
2003-08-14,42.683678155653446,42.91649663940854,42.50777155855497,42.906150817871094,314300
2003-08-15,42.9941066399635,42.9941066399635,42.89063262939453,42.89063262939453,10700
2003-08-18,43.01479887057456,43.05619005048024,42.875108572493104,43.01997375488281,137700
2003-08-19,42.983774017595934,43.361457824707024,42.94238282174544,43.36145782470703,162100
2003-08-20,43.387302224109604,43.40799780959249,43.05618075094216,43.154483795166016,99000
2003-08-21,43.07168702258328,43.14929445532282,42.771607054538684,42.99407958984375,129800
2003-08-22,42.88029256937205,43.06137804979172,42.8647718590004,43.02516174316406,241900
2003-08-25,42.99411255698961,43.09759052908012,42.76129402752777,42.83890151977539,99600
2003-08-26,42.704349384712685,42.99407958984375,42.68365380616361,42.99407958984375,87500
2003-08-27,43.02515200095857,43.02515200095857,42.76646302725568,42.89063262939453,50800
2003-08-28,42.97341024133509,43.22692827284469,42.97341024133509,43.190711975097656,64600
2003-08-29,43.206250993432846,43.216596819768036,42.97342845442909,43.07173156738281,62600
2003-09-02,43.0268056128988,43.18345421100265,42.896263122558594,42.896263122558594,118000
2003-09-03,42.953685157942395,43.02678860492875,42.91713343444922,43.00590133666992,105600
2003-09-04,43.1312316933158,43.31399035625153,43.03202212420215,43.28266143798828,145000
2003-09-05,43.663849847370294,43.86227298143714,43.53852619905831,43.8309440612793,130000
2003-09-08,43.76302331337206,44.05544093431766,43.627262115478516,43.627262115478516,224000
2003-09-09,43.7369529927608,43.857049841702505,43.595964885414986,43.83616256713867,69300
2003-09-10,43.91448629748598,44.16512959383864,43.8727117507872,44.13379669189453,136800
2003-09-11,44.008486517627574,44.01893214847289,43.88838964979277,43.97715759277344,79200
2003-09-12,44.22777415819803,44.400091123741696,44.13900626098058,44.15467071533203,146000
2003-09-15,44.10249349457307,44.2904750805093,43.992838233417324,44.233036041259766,125700
2003-09-16,44.16513180420495,44.26434137777972,44.050253786953924,44.19646072387695,80100
2003-09-17,44.26958505356673,44.509782846534826,44.201704367676435,44.44190216064453,177100
2003-09-18,44.44710258068053,44.47843149932902,44.21734655368465,44.4366569519043,132200
2003-09-19,44.410550847643925,44.47843149932902,44.321778938406354,44.4366569519043,195200
2003-09-22,44.206921306383805,44.269579166922405,43.99282965929933,44.243473052978516,249500
2003-09-23,44.180794740975735,44.3635534058292,44.133797379247646,44.3478889465332,96300
2003-09-24,44.31653714074889,44.65072537927294,44.2852042544986,44.5723991394043,258000
2003-09-25,44.61939473555507,44.72905386718538,44.561955755687094,44.63506317138672,314800
2003-09-26,44.77084518131859,44.98493674811847,44.734293448430826,44.974491119384766,281300
2003-09-29,44.85439925025002,44.94316718513053,44.760408500423445,44.78129577636719,97500
2003-09-30,44.87525740098815,45.36609412365847,44.87525740098815,45.214664459228516,450400
2003-10-01,45.43114206901227,45.531200353988226,45.315289971064885,45.41534423828125,102100
2003-10-02,45.146757496318685,45.36793508572489,45.05722979014724,45.252079010009766,163500
2003-10-03,44.85185305833499,44.85185305833499,44.57801469356975,44.62540817260742,319500
2003-10-06,44.53589099729782,44.82026396642577,44.53589099729782,44.7570686340332,89900
2003-10-07,44.72542232355054,44.73595285814355,44.47791257419227,44.49897766113281,93000
2003-10-08,44.41475319315227,44.65699987978659,44.41475319315227,44.578006744384766,116100
2003-10-09,44.32524796350397,44.446371357234554,44.28838502067456,44.43583679199219,173700
2003-10-10,44.578043266998414,44.65703646711904,44.535913024565936,44.567508697509766,73400
2003-10-13,44.63063144119534,44.63063144119534,44.4199845895444,44.49897766113281,62100
2003-10-14,44.33049972104109,44.4621536161478,44.277838966550014,44.319969177246094,118700
2003-10-15,44.15146036965739,44.19885787405002,44.051406114178086,44.16199493408203,62800
2003-10-16,44.214649879830674,44.31470813989137,43.90394857212853,43.91974639892578,89600
2003-10-17,44.0092484662944,44.18303251116999,43.935522632302934,44.156700134277344,84800
2003-10-20,44.10403307725628,44.30941273076272,44.05663962694989,44.18829345703125,90700
2003-10-21,44.31999115334345,44.404247598756186,44.2357306901707,44.26732635498047,213400
2003-10-22,44.50431698939243,44.63597098260157,44.43059107461619,44.58857345581055,167300
2003-10-23,44.604362966942006,44.63069536777341,44.36212014678208,44.446380615234375,146700
2003-10-24,44.63068198700714,44.84132907722329,44.56222339023449,44.7570686340332,136500
2003-10-27,44.66231472516172,44.76237308008353,44.56752365675223,44.635986328125,171300
2003-10-28,44.58327274012422,44.904504517388375,44.46741668057438,44.846580505371094,174300
2003-10-29,44.77284077270235,44.78864261005293,44.556930541992195,44.55693054199219,111400
2003-10-30,44.314695073451034,44.45161622825287,44.27256486924164,44.3936882019043,302000
2003-10-31,44.47268837046027,44.58328118844751,44.45162728087627,44.55168151855469,77600
2003-11-03,44.41378027395833,44.434915081531344,44.23942516582264,44.382080078125,133500
2003-11-04,44.46659191062202,44.54584235137572,44.42960299687045,44.54056167602539,84700
2003-11-05,44.50888489251069,44.53530440974005,44.33981046297898,44.382080078125,172900
2003-11-06,44.24996983892273,44.26053522223698,44.1337304672136,44.15486526489258,143700
2003-11-07,44.02277097603525,44.11787553963815,43.96993600315587,44.08089065551758,112900
2003-11-10,44.11785646492834,44.20767628309397,43.99633245190262,44.06502151489258,97800
2003-11-11,44.012234615576595,44.249994165837634,44.012234615576595,44.13375473022461,27300
2003-11-12,44.16018874887792,44.28170890342506,44.16018874887792,44.27642822265625,80200
2003-11-13,44.445503631960655,44.672697872348515,44.44021892002956,44.66212844848633,134700
2003-11-14,44.67794964441078,44.9104284463046,44.67794964441078,44.90514373779297,70000
2003-11-17,44.952669917885885,45.100609415209085,44.952669917885885,44.957950592041016,113300
2003-11-18,44.87873099667636,45.14291000366211,44.84174609694042,45.14291000366211,95700
2003-11-19,45.1746435015738,45.19049360871086,44.81535962593313,44.83649444580078,524800
2003-11-20,45.07950451154992,45.11648941040039,44.905145403661265,45.11648941040039,59600
2003-11-21,45.16404510969717,45.20103000968021,45.09007127867932,45.09535598754883,237400
2003-11-24,44.95800175137683,44.97913656519435,44.80478140554352,44.85761642456055,164400
2003-11-25,44.894585643468645,45.04780996678023,44.894585643468645,44.96855545043945,126400
2003-11-26,44.91573615479534,44.98970598762989,44.80478140554352,44.85761642456055,56800
2003-11-28,44.68853447817202,44.68853447817202,44.556444937173204,44.56172561645508,121400
2003-12-01,44.35298058878529,44.36887326982258,44.11457824757928,44.289405822753906,201100
2003-12-02,44.32122785846238,44.41658401489258,44.183484451587816,44.41658401489258,278700
2003-12-03,44.395378470236864,44.4695470342309,44.24174243285391,44.300018310546875,119300
2003-12-04,44.31589921643693,44.47483007908289,44.28410981040172,44.39536666870117,78000
2003-12-05,44.77682931539215,45.03112450277836,44.72385233023645,44.93576431274414,1858200
2003-12-08,44.935760299353134,44.935760299353134,44.73974102571092,44.766231536865234,107200
2003-12-09,44.88277388436846,44.95164354025465,44.448356269191976,44.54371643066406,282800
2003-12-10,44.702631045346244,44.70792995290881,44.52780751460335,44.65495300292969,158200
2003-12-11,44.580769003806694,44.96750424222706,44.51189535502549,44.92512512207031,52200
2003-12-12,44.96220937838296,45.11584530935845,44.909228404895636,44.92512512207031,96700
2003-12-15,44.903995513916016,45.004650610320205,44.80333637562545,44.903995513916016,204500
2003-12-16,45.38554158794568,45.45510060436336,45.26247123945434,45.444400787353516,79000
2003-12-17,45.610266192178564,45.711932805821064,45.53000329100506,45.562110900878906,92600
2003-12-18,45.56747465657924,45.733348368267535,45.52466722054943,45.7172966003418,71900
2003-12-19,45.647726216578754,45.72263717651367,45.56746738974929,45.72263717651367,342100
2003-12-22,45.76542194293982,45.78682564694239,45.5567409318386,45.59954833984375,80500
2003-12-23,45.53000352500519,45.546059371195,45.28921890258789,45.28921890258789,87400
2003-12-24,45.44974107743305,45.5781592603144,45.412285603995144,45.57280731201172,33900
2003-12-26,45.674489164311986,45.72799641817836,45.65308544629708,45.7172966003418,120800
2003-12-29,45.546048230321,45.58885156266823,45.439029693603516,45.439029693603516,88300
2003-12-30,45.34807316421014,45.45508763313646,45.28386203345016,45.3908805847168,86500
2003-12-31,45.41720241224194,45.486995062168305,45.36351859401513,45.47088623046875,182200
2004-01-02,45.374250499441686,45.374250499441686,44.960880623035166,45.10582733154297,259700
2004-01-05,44.98772126629033,45.10045849701091,44.944772579593284,45.06824493408203,210700
2004-01-06,45.14876041001999,45.46550176844124,45.14876041001999,45.40644836425781,144300
2004-01-07,45.3795809888704,45.59432015722987,45.35810666245356,45.5084228515625,66500
2004-01-08,45.47084380428526,45.57284583081303,45.417160036147635,45.5084228515625,140000
2004-01-09,46.00772045761071,46.07214347996188,45.92719679943639,46.0452995300293,914600
2004-01-12,46.00772045761071,46.24930371956881,45.97014138519212,46.0452995300293,136000
2004-01-13,46.03992182519275,46.30297526246558,45.98086842762795,46.292240142822266,77200
2004-01-14,46.22245509790552,46.40498492821291,46.16340169067177,46.38351058959961,114200
2004-01-15,46.383533822892026,46.6358523082193,46.233217473117485,46.41037368774414,472900
2004-01-16,46.50158800932261,46.50158800932261,46.168742114933124,46.21705627441406,64400
2004-01-20,46.104348791231715,46.28687862354949,46.0828744523819,46.13656234741211,86900
2004-01-21,46.21709075544956,46.29225299706602,46.11509275517847,46.27077865600586,248700
2004-01-22,46.34055657749935,46.469398498535156,46.25466332874576,46.469398498535156,176000
2004-01-23,46.52844529278483,46.587498684835666,46.07212697805496,46.120445251464844,344900
2004-01-26,46.11508037265306,46.11508037265306,45.88960599578189,45.92718505859375,283700
2004-01-27,45.916426778282215,46.12579634070412,45.916426778282215,46.10969161987305,138100
2004-01-28,46.0936351415412,46.29226979657361,45.5138400099438,45.776893615722656,805400
2004-01-29,45.653401775442894,45.76613898702205,45.55676929468769,45.72319030761719,155100
2004-01-30,45.889626816870575,45.95404575617019,45.78225509168369,45.93257141113281,110000
2004-02-02,45.88678741455078,46.12908868192238,45.84909601500288,45.88678741455078,78600
2004-02-03,46.02679986091192,46.064491271972656,45.946031377765856,46.064491271972656,89200
2004-02-04,46.01599477629117,46.01599477629117,45.90292062607303,45.98907470703125,126100
2004-02-05,45.97295812108238,46.03757373856308,45.76834816114459,45.81680679321289,209700
2004-02-06,46.09140846773145,46.17217694580751,46.04833139835016,46.09679412841797,297000
2004-02-09,46.2044677734375,46.2529304878557,46.145237849178656,46.2044677734375,176000
2004-02-10,46.14525732599715,46.17218152404401,46.04295441114197,46.075260162353516,344200
2004-02-11,46.02138234849699,46.468297418947095,45.972919648928105,46.317527770996094,202200
2004-02-12,46.36062748746248,46.41447176261001,46.21524753375866,46.29063034057617,109000
2004-02-13,46.41986679283845,46.52217381190883,46.34986963182254,46.40909957885742,205900
2004-02-17,46.479096739873334,46.479096739873334,46.36063684580357,46.40909957885742,48000
2004-02-18,46.58674562133243,46.58674562133243,46.365983004331426,46.39828872680664,74200
2004-02-19,46.317555214944555,46.441400757843134,46.296020789102045,46.430633544921875,39700
2004-02-20,46.40370217299949,46.41446938425531,46.2098595059573,46.27447509765625,62300
2004-02-23,46.31753168940925,46.44676282715721,46.285225958998865,46.42522430419922,230200
2004-02-24,46.500630117167006,46.6083186772532,46.446785837123905,46.50601577758789,299600
2004-02-25,46.5598258972168,46.597517276398754,46.52213451803484,46.5598258972168,108700
2004-02-26,46.479100949106375,46.51679236353691,46.41448533520142,46.4898681640625,169800
2004-02-27,46.61370554384323,46.70524123309059,46.54370838878149,46.672935485839844,161900
2004-03-01,46.79222748739079,46.83542960870871,46.635622887599126,46.722023010253906,284600
2004-03-02,46.59784018273688,46.608638657275215,46.365633840327355,46.45203399658203,284500
2004-03-03,46.37106220470415,46.43046414929499,46.279256577618725,46.40886306762695,270400
2004-03-04,46.387223371251274,46.55462646484376,46.3494225397955,46.55462646484375,383700
2004-03-05,47.22426683965211,47.25126921291011,47.105467109274535,47.13246536254883,904800
2004-03-08,47.35388524232926,47.402484582482664,47.29988048217915,47.3970832824707,208400
2004-03-09,47.39169527323786,47.59689939356931,47.37549549005189,47.57529830932617,254300
2004-03-10,47.48891682360578,47.60772077381062,47.47811421723051,47.569915771484375,245100
2004-03-11,47.688700911613466,47.69950351372781,47.37009418899472,47.57529830932617,486800
2004-03-12,47.548270076025226,47.61306916792851,47.42406494990566,47.429466247558594,245600
2004-03-15,47.4402592742949,47.5374620209689,47.36465759576873,47.456459045410156,432800
2004-03-16,47.38628331413098,47.72109386461617,47.32688137581934,47.688690185546875,178400
2004-03-17,47.81830565693192,47.81830565693192,47.607700243295454,47.65629959106445,522300
2004-03-18,47.559093265491505,47.67249585523501,47.46729175760178,47.50509262084961,207200
2004-03-19,47.4726998605121,47.50509942794282,47.38089421948228,47.4402961730957,329500
2004-03-22,47.52126267603824,47.64546778900656,47.49426031061567,47.618465423583984,87300
2004-03-23,47.59688868815057,47.688690185546875,47.57528760876592,47.688690185546875,200400
2004-03-24,47.66709807279577,47.6995017579605,47.61309742416841,47.65629959106445,397900
2004-03-25,47.57528810481024,47.6292887438426,47.53208594559049,47.591487884521484,71000
2004-03-26,47.548263562659955,47.548263562659955,47.2188544906656,47.28905487060547,316200
2004-03-29,47.1000703290459,47.1108688073948,47.002867543969394,47.08926773071289,196500
2004-03-30,47.22431055201249,47.22431055201249,47.062308522461244,47.10551071166992,78500
2004-03-31,47.14867568886761,47.31608302455694,47.13787720913829,47.278282165527344,222000
2004-04-01,47.23819982792511,47.25444711422626,47.05405427502306,47.162376403808594,438500
2004-04-02,46.41497821278421,46.46914135492092,46.225419611508535,46.29041290283203,321800
2004-04-05,46.10625196048487,46.14416366811849,45.98168669200279,46.06292724609375,214500
2004-04-06,46.19835590256127,46.25793207096348,46.144192744327384,46.225433349609375,87400
2004-04-07,46.24166510970467,46.35540026606344,46.198340382568546,46.2308349609375,144100
2004-04-08,46.182057658665514,46.257885176908836,46.1387329608953,46.14414596557617,43200
2004-04-12,46.04129564370204,46.04129564370204,45.94380773571124,45.99796676635742,98900
2004-04-13,45.73256252377846,45.8029688163882,45.64048767089843,45.64048767089844,382100
2004-04-14,45.33178536230739,45.61341885007513,45.33178536230739,45.608001708984375,473900
2004-04-15,45.54842785303419,45.640498595886065,45.467187260842714,45.54301071166992,128200
2004-04-16,45.689234924228266,45.759641218774796,45.602577209031956,45.710899353027344,135900
2004-04-19,45.77046040474626,45.79753783276488,45.575484741922125,45.591732025146484,211700
2004-04-20,45.53759942772985,45.60258859829086,45.261383056640625,45.261383056640625,395700
2004-04-21,45.288450181231205,45.461761467538814,45.288450181231205,45.35343933105469,340300
2004-04-22,45.526790344445665,45.60261384011531,45.44013669171061,45.53220748901367,1074000
2004-04-23,45.36967538979506,45.40758709516484,45.27218755712048,45.34259796142578,94800
2004-04-26,45.28845067250405,45.375104250564334,45.28845067250405,45.33719253540039,51700
2004-04-27,45.434659126002934,45.515899658203125,45.315506896384676,45.515899658203125,65700
2004-04-28,45.41303533869003,45.472611506800696,45.19098209287932,45.21805953979492,86800
2004-04-29,45.261368727103296,45.33177501694352,45.012234010668244,45.11513900756836,197000
2004-04-30,45.14767198920149,45.26140723049691,45.06643135054176,45.22349548339844,57000
2004-05-03,45.18434371880869,45.276710906867066,45.16260953125865,45.20607376098633,69400
2004-05-04,45.31473639412821,45.45057193239276,45.07566452026367,45.07566452026367,588700
2004-05-05,45.23324876813894,45.23324876813894,44.967012188346224,44.972442626953125,290200
2004-05-06,44.96697740172338,45.005011169413564,44.90720946030027,44.9289436340332,256000
2004-05-07,44.54321390376155,44.54321390376155,44.293272739893325,44.37477493286133,428400
2004-05-10,44.396525164651386,44.4671582132057,44.30959250069033,44.36392593383789,275300
2004-05-11,44.37473431099577,44.47253602395222,44.34756970178949,44.450801849365234,132400
2004-05-12,44.429088155724955,44.50515987453195,44.33672098017826,44.385623931884766,74100
2004-05-13,44.28239703221808,44.30413122145776,44.179160669672775,44.24979782104492,143200
2004-05-14,44.33672912754559,44.51603307446546,44.3204295224388,44.472564697265625,186900
2004-05-17,44.67359596878307,44.793131915029875,44.67359596878307,44.760528564453125,623700
2004-05-18,44.651880307676024,44.68991411131752,44.58667772484474,44.673614501953125,148000
2004-05-19,44.46166398762504,44.52686235571944,44.42363022444688,44.46709442138672,59200
2004-05-20,44.66272304955046,44.71162599861929,44.58122504338846,44.68989181518555,136900
2004-05-21,44.809412965149,44.809412965149,44.55404157578465,44.59207534790039,212800
2004-05-24,44.60839903425966,44.63556780560192,44.52146642763493,44.624698638916016,64000
2004-05-25,44.70074739164674,44.73878116827865,44.63011441943628,44.64098358154297,74600
2004-05-26,44.78770194768554,44.885503718750186,44.73879898946702,44.86376953125,131000
2004-05-27,45.04849347912476,45.12456103808135,44.97785635625716,45.10825729370117,577000
2004-05-28,45.059363007245004,45.10826180916727,44.87462452744966,44.98329544067383,59800
2004-06-01,44.84645080862584,44.86825847995955,44.65563888369091,44.759220123291016,188900
2004-06-02,44.748314854568534,44.79737899167682,44.67743888845075,44.682891845703125,141200
2004-06-03,44.693814450371605,44.79194692062182,44.650199094840566,44.753780364990234,165000
2004-06-04,44.77014596964837,44.77014596964837,44.55207331861663,44.56842803955078,157000
2004-06-07,44.53025323730692,44.63928745276528,44.46483021239869,44.63383865356445,119600
2004-06-08,44.53026816272878,44.622947692871094,44.47029807630962,44.622947692871094,627400
2004-06-09,44.503001521937904,44.55752279998159,44.38306552465459,44.49209976196289,146000
2004-06-10,44.47029255912253,44.573877997248005,44.41032248014352,44.54116439819336,156600
2004-06-14,44.43211999845347,44.45938063153313,44.29582515183245,44.32308578491211,185900
2004-06-15,44.65022703259813,44.9609793562641,44.61206461247747,44.91191101074219,423700
2004-06-16,44.74831710914032,44.85189834582805,44.71015472522633,44.81373596191406,55100
2004-06-17,44.721044940099226,44.939117431640625,44.67742960991359,44.939117431640625,91500
2004-06-18,44.94457942392073,44.966387093398005,44.84099403375057,44.8464469909668,114600
2004-06-21,44.922780839178365,44.96094322863427,44.85190485919704,44.917327880859375,44300
2004-06-22,44.89009317805788,44.900999100995335,44.84102900301207,44.857383728027344,209400
2004-06-23,44.802842765765774,44.933684655698315,44.797389807196886,44.92278289794922,149000
2004-06-24,45.11357608402517,45.18990083467921,45.0590589991847,45.09722137451172,188800
2004-06-25,45.04272809596914,45.124501686755906,45.0318221776048,45.11905288696289,61200
2004-06-28,44.95002358568637,44.97728420956827,44.781019363902814,44.78647232055664,102800
2004-06-29,44.8246729218206,44.999130249023445,44.759249864348,44.99913024902344,103600
2004-06-30,45.064521981293325,45.309850997348896,45.037261353114765,45.27714157104492,452200
2004-07-01,45.27332839720722,45.41007277993458,45.16393456026829,45.36631774902344,115500
2004-07-02,45.79295744793037,45.85859207783011,45.645271184441576,45.754669189453125,146900
2004-07-06,45.76014940054896,45.79843766678053,45.65075137338159,45.66716003417969,107100
2004-07-07,45.67262866303193,45.7601470803283,45.65074905870784,45.68903732299805,61500
2004-07-08,45.721850157070925,45.809368565780694,45.678095125823454,45.69450378417969,186500
2004-07-09,45.7491622863126,45.79292145392177,45.6999363525802,45.77104187011719,192300
2004-07-12,45.79843258725382,45.85859627913805,45.79296164322523,45.82577896118164,182400
2004-07-13,45.72186212359457,45.738274959353845,45.623410147689924,45.727333068847656,84200
2004-07-14,45.69451806207664,45.74374405252668,45.6726384530626,45.7054557800293,252300
2004-07-15,45.705458101336205,45.727337711461466,45.645290216768956,45.68357849121094,77600
2004-07-16,45.902343246354306,46.12660598754883,45.902343246354306,46.12660598754883,225800
2004-07-19,46.07193709083102,46.13210080325082,46.060995199039056,46.115692138671875,44700
2004-07-20,46.01176214446334,46.08286773776343,45.79297024639828,45.814849853515625,111200
2004-07-21,45.69995334883172,45.73824159145354,45.5850844478608,45.71636199951172,98800
2004-07-22,45.77651280934431,45.842147387654165,45.74369134708547,45.77104187011719,54400
2004-07-23,45.78202177395515,45.89141979381311,45.78202177395515,45.88047790527344,54000
2004-07-26,45.77655244230013,45.80389881590419,45.71638457802066,45.72185134887695,65300
2004-07-27,45.71090109620934,45.71090109620934,45.38271549122453,45.39912414550781,73800
2004-07-28,45.32255184189988,45.48117580317637,45.273321701383225,45.47023391723633,83600
2004-07-29,45.44835351441161,45.51946325244354,45.42647808913206,45.51399230957031,39600
2004-07-30,45.683563628191244,45.83672084923882,45.678096857270226,45.82577896118164,64700
2004-08-02,45.96463509459352,45.96463509459352,45.83292825800532,45.871341705322266,226300
2004-08-03,45.871384337556385,46.03052710627509,45.871384337556385,45.98114013671875,167700
2004-08-04,45.98109902956533,46.096339375594084,45.93719674914907,45.95365905761719,103100
2004-08-05,46.04143723009868,46.134726382451234,46.04143723009868,46.090824127197266,130000
2004-08-06,46.67252166892903,46.75483316960721,46.56825485240362,46.72190856933594,235700
2004-08-09,46.64506031321335,46.667011432241075,46.56274466354634,46.568233489990234,96100
2004-08-10,46.628598890770995,46.66701230309939,46.365189644270636,46.37616729736328,151600
2004-08-11,46.398125091127774,46.53531646728516,46.381658609120116,46.535316467285156,174900
2004-08-12,46.48042818788733,46.623108365658084,46.42555248466712,46.595672607421875,80100
2004-08-13,46.75484353810117,46.80423463621098,46.678016662597656,46.678016662597656,78300
2004-08-16,46.6615523832784,46.66704121322503,46.529849771812714,46.62862777709961,304300
2004-08-17,46.66704698666423,46.848140716552734,46.6505846815382,46.848140716552734,66400
2004-08-18,46.91943089143682,46.946870829814735,46.66699936799777,46.694435119628906,79600
2004-08-19,46.70543703100256,46.82067729590761,46.65604595361528,46.8097038269043,61800
2004-08-20,46.77131823137068,46.826193982532885,46.710953649066816,46.71643829345703,36700
2004-08-23,46.60119139297881,46.623142527700644,46.5408268191815,46.557289123535156,73100
2004-08-24,46.50786902614892,46.606646968541625,46.48042908063788,46.601158142089844,94300
2004-08-25,46.63411797281952,46.73838062435606,46.60667800903321,46.6066780090332,88900
2004-08-26,46.72189932788201,46.8097038269043,46.6505613124881,46.8097038269043,98700
2004-08-27,46.79875457107521,46.86460798530521,46.74387881925929,46.754852294921875,62200
2004-08-30,46.8426372535712,46.94141524022293,46.80422382469273,46.919464111328125,41400
2004-08-31,46.96335885433102,47.188350562688896,46.930430072883006,47.122501373291016,127600
2004-09-01,47.17532107407443,47.20284627950452,46.98265723533392,47.114768981933594,209500
2004-09-02,47.10929428651977,47.10929428651977,46.85607821058732,46.86157989501953,107100
2004-09-03,46.7349739074707,46.76800081306547,46.602862085332525,46.7349739074707,211800
2004-09-07,46.696439324891365,46.77350490149314,46.64139308442709,46.76249313354492,53300
2004-09-08,46.67992179985922,47.048736198525305,46.6468906986555,47.032222747802734,142700
2004-09-09,47.05976522048911,47.15334848351298,46.92765335471961,46.94967269897461,105300
2004-09-10,47.10928996907584,47.14782275536545,47.026718512809886,47.04323196411133,150300
2004-09-13,47.07630297808174,47.169886289410435,47.03226846660297,47.15887451171875,90300
2004-09-14,47.13673823572888,47.21930956455176,47.054171106658245,47.169769287109375,119500
2004-09-15,47.14784459788178,47.164358056833535,47.065273103362344,47.12031936645508,66900
2004-09-16,47.14781257898993,47.4395613550344,47.14781257898993,47.37900924682617,249500
2004-09-17,47.34050406309528,47.41206377825371,47.21389389038086,47.21389389038086,142100
2004-09-20,47.34599816512557,47.5001293284969,47.34599816512557,47.48361587524414,181200
2004-09-21,47.43404920844687,47.560659290641674,47.31845088979453,47.51662063598633,81700
2004-09-22,47.47808529657984,47.73130124752409,47.46157185191607,47.70928192138672,93600
2004-09-23,47.73684583394783,47.75335929200069,47.51665659380208,47.54418182373047,246700
2004-09-24,47.50013678928651,47.54417547138377,47.401051854447616,47.53866958618164,93100
2004-09-27,47.6322473860007,47.692799522355635,47.582707019761074,47.670780181884766,201200
2004-09-28,47.67074852425839,47.720293057355796,47.54414265032821,47.62120819091797,202800
2004-09-29,47.42858069617804,47.43958826766152,47.31297809692038,47.32398986816406,226100
2004-09-30,47.175355832486964,47.28545253556896,47.07627089959307,47.27444076538086,175000
2004-10-01,47.12371620611054,47.14580164049829,47.00224842316083,47.08506774902344,270200
2004-10-04,46.935977717396284,47.12369751669305,46.93045530789808,47.10161209106445,278100
2004-10-05,47.10161209106445,47.15130535181986,47.04640063317506,47.10161209106445,220000
2004-10-06,47.07953748563104,47.07953748563104,46.913903073895455,46.94702911376953,137100
2004-10-07,46.93599456297585,46.963598195645524,46.83661221816041,46.86421585083008,130500
2004-10-08,47.250712469846356,47.30592395672441,47.2010191829996,47.26175308227539,123400
2004-10-11,47.23963367084091,47.34453836911944,47.23411547477823,47.33901596069336,48800
2004-10-12,47.399749816290054,47.41631282920489,47.333497764630685,47.33901596069336,142700
2004-10-13,47.30037201055476,47.51569962358776,47.2672459815847,47.51018142700195,130600
2004-10-14,47.52124464521782,47.70344631598026,47.47707377733011,47.675838470458984,81300
2004-10-15,47.59852822433815,47.631654259791624,47.36663755143459,47.515708923339844,195100
2004-10-18,47.5654084658127,47.59853450563762,47.44946311406029,47.587493896484375,207800
2004-10-19,47.416347676741395,47.620634815008444,47.399784651653945,47.570945739746094,65300
2004-10-20,47.73106206593673,47.79179597160853,47.66480995965251,47.786277770996094,110700
2004-10-21,47.73656042423073,47.89667662101241,47.71999740600586,47.71999740600586,156600
2004-10-22,47.71997735425404,47.85248565673829,47.659243504706474,47.85248565673828,64100
2004-10-25,47.92428207351476,47.96293051823676,47.863548201470955,47.90771484375,172300
2004-10-26,47.896664601803664,47.92979062994075,47.802804713839464,47.82489013671875,37400
2004-10-27,47.880116406111405,47.92428726554038,47.48810950650048,47.53227615356445,126800
2004-10-28,47.449459706081356,47.65926496384558,47.4052888479105,47.60405349731445,49500
2004-10-29,47.59850469700999,47.74205780029297,47.537770853788835,47.74205780029297,341100
2004-11-01,47.661790559495685,47.71163660132654,47.48456816969222,47.50672149658203,128800
2004-11-02,47.523317093458665,47.62854429924334,47.46793591026641,47.62300491333008,191300
2004-11-03,47.36275137245843,47.628587206705205,47.323984086767986,47.6064338684082,139800
2004-11-04,47.68395840468247,47.722725682214325,47.556582017927674,47.5787353515625,435100
2004-11-05,47.24641937641126,47.279651475316285,47.11904304410472,47.224266052246094,886400
2004-11-08,47.168892391771124,47.18550633122116,47.09135785746079,47.15781784057617,300600
2004-11-09,47.16334911535609,47.21873031243411,47.13011701685768,47.16888427734375,95000
2004-11-10,47.11900983365486,47.17993037584238,46.963940899109005,47.074703216552734,118700
2004-11-11,47.18548513354813,47.18548513354813,47.063648223876946,47.06364822387695,94500
2004-11-12,47.16334454537861,47.30733479876636,47.10795912835277,47.24087905883789,154700
2004-11-15,47.240859030632656,47.29624019886505,47.179938477983335,47.26300811767578,144700
2004-11-16,47.19662380937754,47.22431232272736,47.15785651043286,47.21323776245117,125900
2004-11-17,47.213215233506666,47.48458619662818,47.19660128836079,47.462432861328125,199600
2004-11-18,47.39596714657215,47.52888290519673,47.39042775757902,47.501190185546875,110100
2004-11-19,47.462403825684916,47.49009653419784,47.16334454537861,47.24087905883789,2162100
2004-11-22,47.21317306659292,47.31286087375191,47.20763368138606,47.27409362792969,168100
2004-11-23,47.22426179110842,47.4014841431241,47.191033920516155,47.229801177978516,183600
2004-11-24,47.263005865950625,47.29623794555664,47.21316408450974,47.29623794555664,51900
2004-11-26,47.102366464053546,47.14666882814991,47.085748324044864,47.124515533447266,62600
2004-11-29,46.93071106390375,46.95286437351232,46.80333481529421,46.84210205078125,455700
2004-11-30,46.781226176665214,46.864300110695964,46.74245890415964,46.7978401184082,182100
2004-12-01,46.92115807941903,46.92115807941903,46.72116227394787,46.78227233886719,257600
2004-12-02,46.687829083141054,46.76004813933736,46.59894017847829,46.67671585083008,886300
2004-12-03,47.12672122631439,47.26560699847366,47.08227676199364,47.14338684082031,224100
2004-12-06,47.210039855753415,47.28225891050237,47.1544821722245,47.23225784301758,325500
2004-12-07,47.1933758112853,47.25448587991727,47.1378223593808,47.22671127319336,1053000
2004-12-08,47.3322504566433,47.587803904676,47.3322504566433,47.576690673828125,158500
2004-12-09,47.543374747182,47.66003827786711,47.4267112164969,47.465599060058594,169400
2004-12-10,47.54337552599326,47.610037979787,47.4878220683461,47.537818908691406,191900
2004-12-13,47.498913615346815,47.654464934998565,47.48224800802063,47.57113265991211,141800
2004-12-14,47.498940018442894,47.67115704115059,47.44894316867276,47.65449142456055,190900
2004-12-15,47.74889976569718,47.82667541503906,47.710011941026245,47.82667541503906,95000
2004-12-16,47.73222908702382,47.73222908702382,47.46001434326172,47.46001434326172,478500
2004-12-17,47.33225909935674,47.49892368486165,47.33225909935674,47.39892578125,163600
2004-12-20,47.51002502820451,47.51002502820451,47.40447476360873,47.454471588134766,62900
2004-12-21,47.46002337345755,47.53779902933078,47.39335670908535,47.52113342285156,168400
2004-12-22,47.54334982690965,47.54334982690965,47.393350910039885,47.471126556396484,465100
2004-12-23,47.44891480233224,47.4655804089591,47.38780475239682,47.4100227355957,66400
2004-12-27,47.276692026276976,47.31002747684533,47.12669733331278,47.21002960205078,165200
2004-12-28,47.18780979592264,47.226697624863036,47.03781085682722,47.20447540283203,366800
2004-12-29,47.24893595762484,47.24893595762484,47.07671473777519,47.110050201416016,127800
2004-12-30,47.171159199443764,47.32115394781385,47.12115812434919,47.28782272338867,135000
2004-12-31,47.360839306301756,47.4667267316402,47.3441162109375,47.3441162109375,151300
2005-01-03,47.32738819667407,47.46114742170034,47.27723167628467,47.4388542175293,323400
2005-01-04,47.43883332686736,47.43883332686736,47.13788158107943,47.14345169067383,1181000
2005-01-05,47.19361376651922,47.29950537967589,47.15460173830237,47.22148132324219,369000
2005-01-06,47.17135506351371,47.31625881084171,47.17135506351371,47.26609802246094,389100
2005-01-07,47.33853969681606,47.371977379033716,47.2047804639571,47.227073669433594,182400
2005-01-10,47.26606346120989,47.282782294446804,47.17132057153928,47.22148132324219,226300
2005-01-11,47.26050371494838,47.344097899463826,47.2159173152114,47.31623458862305,483900
2005-01-12,47.29950715841642,47.42211335742854,47.26049512873249,47.388675689697266,100600
2005-01-13,47.43884528023996,47.58931906505344,47.35524684334664,47.57817459106445,101600
2005-01-14,47.466698364565126,47.61717636895142,47.42768633601909,47.550296783447266,510300
2005-01-18,47.44999758812311,47.550314878558645,47.38869234107952,47.53359603881836,215100
2005-01-19,47.53914675889059,47.5781587828797,47.46112271091238,47.56143569946289,95500
2005-01-20,47.52798349509068,47.65059389068342,47.49454584247099,47.64501953125,151800
2005-01-21,47.62275913078704,47.745369610789396,47.589321455147605,47.73979949951172,324700
2005-01-24,47.739800590205014,47.778812630006755,47.661772258608096,47.73422622680664,217000
2005-01-25,47.70635145863545,47.73979338198287,47.51686565163555,47.555877685546875,270900
2005-01-26,47.58931743016226,47.63390382857272,47.53916092094523,47.56702423095703,674400
2005-01-27,47.48898588057578,47.49456024169922,47.44997385669515,47.49456024169922,60300
2005-01-28,47.61718901950936,47.75094397406041,47.61718901950936,47.73979949951172,103200
2005-01-31,47.7007422750616,47.762047462454824,47.63386698117059,47.75647735595703,74900
2005-02-01,47.75148206827382,47.790613293324576,47.67881101174634,47.723533630371094,115300
2005-02-02,47.74587344685277,47.75146057292807,47.63965834167767,47.72909927368164,220900
2005-02-03,47.55023607013179,47.650859832763665,47.55023607013179,47.65085983276367,65000
2005-02-04,47.85210507982811,48.019812764558075,47.85210507982811,47.896827697753906,414100
2005-02-07,47.924768346909076,48.00861790320193,47.88563713231157,47.99184799194336,149600
2005-02-08,47.98067418603542,48.09806784135983,47.919181662058406,48.03657531738281,120800
2005-02-09,48.02538888489088,48.27135467529297,48.02538888489088,48.27135467529297,325200
2005-02-10,48.170741361146035,48.18192414697997,47.9694938659668,47.9694938659668,175800
2005-02-11,47.94714361961588,48.003049031715356,47.87447255486435,47.90801239013672,176400
2005-02-14,47.89123142506189,48.00303795848544,47.857691597526404,47.9694938659668,129200
2005-02-15,47.90800621974357,47.96391162464262,47.86328786680135,47.896827697753906,130000
2005-02-16,47.86887574342607,47.90800696847681,47.67881101174634,47.723533630371094,64900
2005-02-17,47.60615393304956,47.69559493157654,47.58379261717159,47.617332458496094,128000
2005-02-18,47.40487911715172,47.48872867228455,47.332203816059994,47.37692642211914,243900
2005-02-22,47.4048953377806,47.44402656522635,47.33781140573763,47.38253402709961,104700
2005-02-23,47.53342541932352,47.54460819724591,47.32659094254086,47.42162322998047,258300
2005-02-24,47.522269937695306,47.522269937695306,47.32102248736063,47.3433837890625,142500
2005-02-25,47.37696353912158,47.44963463216429,47.309879577476615,47.41050338745117,425500
2005-02-28,47.321060136361034,47.393731225973156,47.041550040180496,47.10304260253906,397900
2005-03-01,47.07552851789849,47.159608556826925,47.02507621783548,47.103553771972656,300500
2005-03-02,47.06994760041145,47.148425197637174,47.04752481881721,47.09797286987305,149600
2005-03-03,47.15960256050639,47.18763208772256,47.05309976583684,47.069915771484375,598500
2005-03-04,47.22133168987898,47.33904817461217,47.19890889135197,47.28299331665039,179400
2005-03-07,47.305383447502905,47.36704503169268,47.288567429398164,47.29417419433594,163100
2005-03-08,47.17081608207502,47.17642284285933,47.05309976583684,47.069915771484375,696200
2005-03-09,46.91859250496687,46.91859250496687,46.666343709114344,46.71118927001953,262300
2005-03-10,46.75041583388578,46.89055496751451,46.64390872378172,46.79526138305664,262300
2005-03-11,46.716795531434386,46.75043184318449,46.587869879302325,46.59907913208008,203400
2005-03-14,46.54862731926929,46.711189270019524,46.53741379068896,46.71118927001953,192300
2005-03-15,46.8008722452933,46.8008722452933,46.565439485070456,46.62149429321289,99600
2005-03-16,46.72237862017815,46.907363272585506,46.68313984027716,46.72798538208008,223700
2005-03-17,46.913004989956555,46.97466658670384,46.83452737167992,46.90739822387695,342100
2005-03-18,46.81772102507672,46.82893456057755,46.73924338341382,46.789695739746094,200300
2005-03-21,46.7616373285876,46.77845334475364,46.71118928008945,46.733612060546875,448200
2005-03-22,46.851314958194415,46.89616050619466,46.391658782958984,46.391658782958984,302800
2005-03-23,46.29076953502738,46.537411554739506,46.29076953502738,46.498172760009766,355900
2005-03-24,46.52059090770648,46.582252475672334,46.48135211688343,46.53740692138672,132000
2005-03-28,46.42532050598299,46.44213652806434,46.358052140948,46.38608169555664,68500
2005-03-29,46.475733591409515,46.58223640019955,46.475733591409515,46.576629638671875,349300
2005-03-30,46.548656900587986,46.68879615994307,46.53744336488154,46.683189392089844,244500
2005-03-31,46.873732715458125,46.91297149658203,46.78404162905696,46.91297149658203,675000
2005-04-01,47.06990157118886,47.09239934991634,46.72681795486663,47.008033752441406,367200
2005-04-04,46.95741899741576,47.12615021507468,46.94617225204462,46.98554229736328,135900
2005-04-05,46.991214752197266,47.04745711725625,46.92934686332716,46.991214752197266,75100
2005-04-06,47.09242391527306,47.13179397583008,47.06992612480979,47.13179397583008,51200
2005-04-07,47.14866303351359,47.24427541820697,46.94056170416818,46.951812744140625,196500
2005-04-08,46.93495183165467,47.00807074280896,46.85621168965459,47.002445220947266,86300
2005-04-11,46.991158367936265,47.14301300048828,46.957409556581844,47.14301300048828,41900
2005-04-12,47.0755306366725,47.39611652765149,47.03616059009659,47.39049530029297,146100
2005-04-13,47.45236443242266,47.48610896155345,47.3005054693074,47.412994384765625,171500
2005-04-14,47.45797638126231,47.53671646118164,47.38486181876937,47.53671646118164,194700
2005-04-15,47.649230476446846,47.8460807800293,47.53112029429738,47.8460807800293,177900
2005-04-18,47.879794376794464,47.89667092706445,47.73356526921745,47.74481201171875,326100
2005-04-19,47.784180795527654,48.02040100097657,47.7729340533209,48.02040100097656,107600
2005-04-20,47.73919369673934,48.02040950282738,47.73919369673934,47.99229049682617,229300
2005-04-21,47.806688237656715,47.902300584288966,47.64358255110083,47.649208068847656,565200
2005-04-22,47.812318339033204,47.88543291270019,47.739199474353036,47.851688385009766,74800
2005-04-25,47.84606286672363,47.874186167141104,47.806692820747074,47.851688385009766,79100
2005-04-26,47.91355490847916,47.91917613559905,47.727951429209256,47.82918930053711,119600
2005-04-27,47.96419756606476,48.0598099708241,47.90795522744252,47.97544860839844,123700
2005-04-28,48.048512519711515,48.267860412597656,48.01476801034776,48.267860412597656,103300
2005-04-29,48.144153170801864,48.30163336190469,48.07666411233687,48.093536376953125,174200
2005-05-02,48.131352878073955,48.17084625645118,48.029797861610305,48.14263916015625,141400
2005-05-03,48.176447132300275,48.2441518520305,48.05796710111111,48.20465850830078,259200
2005-05-04,48.09750471589838,48.23855311682477,48.069293313930864,48.193416595458984,114500
2005-05-05,48.24979084364852,48.407768523542835,48.15952218816055,48.345706939697266,108000
2005-05-06,48.057986310676924,48.11440478077768,47.95078820436814,48.00156784057617,591000
2005-05-09,47.97338053124587,48.00723076940516,47.9282440107298,47.995948791503906,32900
2005-05-10,48.052365611830176,48.176488886686954,48.04672677530422,48.16520690917969,101300
2005-05-11,48.25546004708478,48.35137189049291,48.193398429713874,48.22725296020508,408600
2005-05-12,48.12568985644957,48.30623153893843,48.069267083303544,48.272377014160156,546800
2005-05-13,48.38524054481832,48.464227298264376,48.311892627721825,48.396522521972656,214400
2005-05-16,48.46418025811024,48.475462224314114,48.37955044600253,48.40211868286133,111900
2005-05-17,48.481127990291235,48.526264485078215,48.44727777142752,48.464202880859375,112800
2005-05-18,48.65041522822626,48.6899086074037,48.554499046404906,48.6222038269043,93000
2005-05-19,48.599648213330916,48.650427888033214,48.47552490234376,48.47552490234375,116200
2005-05-20,48.47551035747152,48.50372175766993,48.424735002460764,48.469871520996094,70400
2005-05-23,48.548854877071385,48.72939663411681,48.53192545546445,48.689903259277344,163800
2005-05-24,48.81966018676758,48.84787158200109,48.701180074805066,48.81966018676758,188900
2005-05-25,48.91560126583916,48.91560126583916,48.6391475061052,48.64479064941406,150000
2005-05-26,48.64473222678399,48.76321226723183,48.616520848578894,48.67293930053711,181400
2005-05-27,48.712457159978506,48.757593666039035,48.64475670534185,48.7237434387207,69600
2005-05-31,48.86478223251941,48.97761917114258,48.86478223251941,48.97761917114258,122600
2005-06-01,49.070429638061256,49.30811261366904,49.03647616085545,49.27981948852539,781400
2005-06-02,49.24024131091364,49.336445777707866,49.211943847698066,49.26287841796875,154500
2005-06-03,49.50620485907859,49.511860895702945,48.97990417480469,48.97990417480469,245300
2005-06-06,49.01948329793901,49.14398077926968,48.96854878130097,49.11002731323242,311700
2005-06-07,49.24590748325094,49.29118170667765,49.11008913055839,49.25156784057617,111200
2005-06-08,49.240234632644444,49.25155102584385,49.14402586131195,49.161006927490234,104600
2005-06-09,49.042146366418805,49.14966717170136,48.928960890352386,49.1326904296875,783400
2005-06-10,48.97987454642739,48.97987454642739,48.8157589143068,48.821414947509766,200900
2005-06-13,48.74221441233203,48.764851510480156,48.651670337324525,48.6912841796875,276400
2005-06-14,48.68562719662003,48.68562719662003,48.56112530697766,48.63469696044922,301500
2005-06-15,48.55546299145124,48.61771392822266,48.498868090688326,48.617713928222656,116700
2005-06-16,48.595064310482066,48.776156720543,48.538469424301326,48.7704963684082,215700
2005-06-17,48.68561932909663,48.7705073599155,48.63468910115607,48.71391677856445,149000
2005-06-20,48.56679443670971,48.64036178588867,48.521520229098314,48.64036178588867,178800
2005-06-21,48.696962649527705,48.81014386478822,48.66300483088027,48.79316711425781,217900
2005-06-22,49.025184303580644,49.206276817873984,48.92331949444151,49.161006927490234,487300
2005-06-23,49.09305058021379,49.13266439645131,49.01948329793901,49.11002731323242,169200
2005-06-24,49.22890090942383,49.26285871521838,49.17231032321287,49.22890090942383,67500
2005-06-27,49.26850891113281,49.31378310176867,49.22323903808142,49.26850891113281,880800
2005-06-28,49.20626629035837,49.20626629035837,49.0421548773544,49.05913162231445,168000
2005-06-29,49.18928323926896,49.18928323926896,48.968576947912716,49.04214859008789,350300
2005-06-30,49.04212333103348,49.234532073594174,49.00816554537151,49.21189498901367,299500
2005-07-01,49.0949923403565,49.123375962783115,48.726026902474196,48.78846740722656,270000
2005-07-05,48.64084944385395,48.720318332173534,48.567053811321756,48.589759826660156,142200
2005-07-06,48.663599157980094,48.71468449031773,48.60683190329362,48.691978454589844,299700
2005-07-07,48.91333679841785,48.93604282481927,48.794133407859206,48.80548858642578,209900
2005-07-08,48.85089110729402,48.85089110729402,48.56139904564484,48.629512786865234,157300
2005-07-11,48.49327430576758,48.629506100207465,48.44786226404406,48.6068000793457,171300
2005-07-12,48.53304181561896,48.584127149304315,48.47627889016846,48.481956481933594,123700
2005-07-13,48.48194694531288,48.493297795876764,48.408151259082935,48.4365348815918,108300
2005-07-14,48.46492718192635,48.476282366270866,48.334372877101885,48.374107360839844,236000
2005-07-15,48.34002928644034,48.41949821909259,48.32867410707172,48.38543701171875,318800
2005-07-18,48.36838299671388,48.413795028710915,48.266208090085414,48.30594253540039,182700
2005-07-19,48.31734443131903,48.430870290360645,48.28328320901941,48.374107360839844,156600
2005-07-20,48.385428237520344,48.51598679219189,48.209461965804614,48.46489715576172,341100
2005-07-21,48.28893605511495,48.3002869029087,48.09594132749921,48.10729217529297,509200
2005-07-22,48.24925356926187,48.3627794924244,48.1924906076806,48.33440017700195,368100
2005-07-25,48.29461860026726,48.36840994532823,48.2265005143195,48.24920654296875,125600
2005-07-26,48.260577195675886,48.30598927160926,48.24922634205951,48.28328323364258,90800
2005-07-27,48.192439084579476,48.24920198547487,48.169733058074975,48.215145111083984,64600
2005-07-28,48.254859378838084,48.4421764403225,48.254859378838084,48.425148010253906,142900
2005-07-29,48.28896056786913,48.3286950514151,48.10731659583986,48.13570022583008,205800
2005-08-01,48.09640031903687,48.09640031903687,47.94834008977451,48.03945541381836,109700
2005-08-02,48.03375071570586,48.10778298892227,47.982501613894776,47.99388885498047,337600
2005-08-03,48.067888189540916,48.147611856360825,48.04510937836181,48.113441467285156,129600
2005-08-04,48.119157962623646,48.1704070513694,48.02804267869892,48.07929611206055,179300
2005-08-05,47.87999634406228,47.87999634406228,47.78318959417716,47.82305145263672,160100
2005-08-08,47.805963153276444,47.83443777074854,47.692073372621316,47.69776916503906,146800
2005-08-09,47.72623618380056,47.834434509277344,47.669291297355635,47.834434509277344,293300
2005-08-10,47.89709556370459,47.91417860244374,47.76042690917316,47.811676025390625,91900
2005-08-11,47.8742677766689,48.02801931272081,47.81162713559974,48.016632080078125,278200
2005-08-12,48.045138150584854,48.272917709555664,48.022359325764455,48.21028137207031,130600
2005-08-15,48.227356300042686,48.227356300042686,48.14193680747487,48.14763259887695,147200
2005-08-16,48.295692094767496,48.38680738567327,48.278609063876715,48.37541580200195,214800
2005-08-17,48.29002164802379,48.32988351897624,48.14196140822122,48.18751907348633,138400
2005-08-18,48.29001967907652,48.44946715638511,48.27293229683524,48.44377136230469,247800
2005-08-19,48.324179861432825,48.43806966144555,48.30709682589265,48.41529083251953,76000
2005-08-22,48.35261432915428,48.489282844596204,48.26719487777291,48.45511245727539,1267300
2005-08-23,48.46086797994955,48.57476217038465,48.42100609945204,48.546287536621094,90400
2005-08-24,48.60889261298776,48.62027985137207,48.48930705918073,48.56903076171875,80500
2005-08-25,48.57471011955941,48.63165498144744,48.51776091305692,48.59748458862305,202000
2005-08-26,48.62595950999398,48.64873832382111,48.46651215781859,48.51776123046875,100500
2005-08-29,48.61460067992575,48.62029212824706,48.495015095922746,48.55195999145508,176500
2005-08-30,48.64876602664336,48.85377112321224,48.603208373046506,48.77974319458008,168900
2005-08-31,48.893639134235535,49.11572729268523,48.88794334066522,49.0986442565918,290100
2005-09-01,49.07236920056277,49.243748547049215,49.04380379691403,49.14663314819336,242800
2005-09-02,49.112340022134276,49.22088328577136,49.07806503718238,49.158042907714844,71800
2005-09-06,49.146610043246284,49.152323992983504,48.95808892811749,49.00379180908203,142800
2005-09-07,48.940945449961234,48.9523733480376,48.78098974462084,48.84383010864258,125000
2005-09-08,48.918094012274594,48.92952191035096,48.81526472191776,48.84383010864258,264600
2005-09-09,48.92380850685914,48.98093492247971,48.84383065329711,48.883819580078125,79400
2005-09-12,48.77532426422272,48.78675217365514,48.643933815042836,48.7296257019043,103600
2005-09-13,48.83808193298867,48.929487619676465,48.83237234641796,48.87807083129883,120800
2005-09-14,48.89527355668148,48.91241541465782,48.74674565530395,48.775306701660156,108000
2005-09-15,48.79240912741894,48.79240912741894,48.569608738473974,48.626739501953125,97600
2005-09-16,48.56389404128005,48.58674547257529,48.40393838067825,48.43821334838867,224800
2005-09-19,48.44965898273551,48.56391619132451,48.40967004934607,48.53535079956055,203400
2005-09-20,48.518208953094486,48.55248393336138,48.3582532338937,48.495357513427734,124000
2005-09-21,48.70102504334477,48.752437523173754,48.66675005679212,48.718162536621094,101500
2005-09-22,48.74668222842466,48.77524323761863,48.683841906349464,48.75239181518555,124700
2005-09-23,48.66676262289583,48.66676262289583,48.483955383300774,48.48395538330078,101200
2005-09-26,48.34110073540203,48.41536462241257,48.306821407311304,48.358238220214844,69300
2005-09-27,48.39258529416365,48.47256324809961,48.26690440698669,48.386871337890625,93400
2005-09-28,48.35256063680978,48.5125164266469,48.31828564140707,48.48395538330078,71000
2005-09-29,48.398255804017246,48.40967934783694,48.33541541683968,48.375404357910156,116200
2005-09-30,48.37537403815156,48.4039394174987,48.20970442656106,48.2382698059082,145900
2005-10-03,48.23659781637041,48.23659781637041,48.03026221870463,48.053184509277344,138400
2005-10-04,48.14483352720619,48.179221294712555,48.053126983444294,48.076053619384766,151200
2005-10-05,48.16778151429731,48.24228983452436,48.11046708544492,48.19070816040039,130300
2005-10-06,48.173546499153495,48.20793430490969,48.099033756263665,48.12769317626953,218100
2005-10-07,48.00729936438636,48.23656145260655,47.98437271828328,48.19070816040039,59900
2005-10-10,48.31681603233132,48.339738312030654,48.14486832490335,48.20218276977539,42900
2005-10-11,48.16779952719008,48.18499342499458,48.04743786974626,48.1104850769043,105800
2005-10-12,48.09901394846181,48.10474670466487,47.89267845326918,47.92707061767578,139500
2005-10-13,47.83534517347304,47.88693121336395,47.77229799850082,47.8525390625,303100
2005-10-14,47.9557067694718,47.96717227736313,47.71498357747427,47.8525390625,134300
2005-10-17,47.8468207309016,47.909863546305026,47.76657527723799,47.79523468017578,153000
2005-10-18,47.84683121955938,47.87548625596778,47.800977913931646,47.8640251159668,81700
2005-10-19,47.972903539074636,48.0130240734833,47.892662470257314,47.921321868896484,68100
2005-10-20,47.85829034085499,47.96719084392436,47.8124370371614,47.94999694824219,111500
2005-10-21,47.99584484124932,48.19071919132723,47.99011645802029,48.16205978393555,92500
2005-10-24,48.11620499051144,48.12767050223754,47.904141124504896,47.95572280883789,343300
2005-10-25,47.990118366207156,48.03596729792063,47.674882363610635,47.73219680786133,190500
2005-10-26,47.606104424707425,47.634763834453466,47.50293667155848,47.548789978027344,148700
2005-10-27,47.64048280502999,47.70352998997744,47.548776218629804,47.657676696777344,245800
2005-10-28,47.68636601231855,47.71502543437765,47.50295708045632,47.60612487792969,784300
2005-10-31,47.60611457079727,47.72074786140073,47.60038618587678,47.640506744384766,123300
2005-11-01,47.679591896704984,47.6853445838556,47.55305910747907,47.610572814941406,144000
2005-11-02,47.5358313853548,47.645106172785425,47.47831764649389,47.51282501220703,85800
2005-11-03,47.558821518110975,47.558821518110975,47.33451494153776,47.34601593017578,201600
2005-11-04,47.386314096387416,47.449580554835386,47.2482801816005,47.32304763793945,156200
2005-11-07,47.43804173815473,47.449542726876835,47.34601627631576,47.40928268432617,132400
2005-11-08,47.56459096367579,47.673870150387785,47.56459096367579,47.645111083984375,71200
2005-11-09,47.53582677991577,47.5875878234707,47.38053487321785,47.39204025268555,124300
2005-11-10,47.507061628835565,47.67385450560169,47.47830695988583,47.662353515625,102700
2005-11-11,47.73710612113385,47.74860710754503,47.622078704963485,47.719852447509766,72600
2005-11-14,47.63931974448439,47.66232609922003,47.426514254189804,47.50703430175781,199700
2005-11-15,47.50705447150204,47.685352699398756,47.50705447150204,47.668094635009766,194100
2005-11-16,47.73713760148331,47.92693691254113,47.73713760148331,47.90968322753906,102500
2005-11-17,47.86938594852485,48.08218708212282,47.834874217335724,48.00166702270508,99900
2005-11-18,47.88667297363281,47.972945779674255,47.8579139089466,47.88667297363281,100000
2005-11-21,47.97870635986328,48.053478191974534,47.926945295803165,47.97870635986328,274600
2005-11-22,48.013169525767935,48.168456948787174,47.97290949846562,48.145450592041016,186700
2005-11-23,48.128230590003604,48.168490645470186,47.96719036813728,48.018951416015625,177200
2005-11-25,48.0994952287498,48.162761688232415,48.07648884457257,48.16276168823242,31400
2005-11-28,48.15121147018359,48.27199157263881,48.139706095846165,48.22597885131836,158300
2005-11-29,48.22023973247766,48.22023973247766,47.95567309246259,47.96142578125,86300
2005-11-30,48.047702312151515,48.047702312151515,47.87515673918496,47.93842315673828,46100
2005-12-01,47.95745016972391,48.038244560531844,47.75546419270408,47.83048629760742,321100
2005-12-02,47.8362437840741,47.882413251098875,47.78430643589326,47.87086868286133,343200
2005-12-05,47.80743705944964,47.80743705944964,47.668932915632865,47.72664260864258,305700
2005-12-06,47.79012085832417,47.997879259302245,47.79012085832417,47.95170974731445,1021700
2005-12-07,47.95744595137564,47.98053068999938,47.85356682905066,47.922821044921875,73000
2005-12-08,47.986331205926554,48.14792006839234,47.95747416492926,48.13060760498047,70600
2005-12-09,47.99785525614159,48.038252458187,47.86512347926303,47.91706085205078,66100
2005-12-12,47.95744453018444,47.95744453018444,47.784315600082515,47.807395935058594,592500
2005-12-13,47.92859333031873,47.95744595137564,47.842026661220636,47.922821044921875,210700
2005-12-14,48.11327625259143,48.24600802195024,48.06710676630813,48.222923278808594,83300
2005-12-15,48.14790654493077,48.170991290651465,48.00363018640023,48.159446716308594,116500
2005-12-16,48.303704208149796,48.315248777983534,48.17674476072198,48.245994567871094,420400
2005-12-19,48.18829751227019,48.303716822970074,48.15367259965311,48.274864196777344,143600
2005-12-20,48.194087982177734,48.228712907858686,48.1306060164519,48.194087982177734,103600
2005-12-21,48.13637989377319,48.1652325318042,48.101750563983174,48.13060760498047,143700
2005-12-22,48.19982606281893,48.34410236789592,48.19982606281893,48.321022033691406,124500
2005-12-23,48.29792789169171,48.54608326422053,48.251758426346214,48.436431884765625,84100
2005-12-27,48.43643914612043,48.66728210449219,48.42489897953529,48.66728210449219,178300
2005-12-28,48.62211955819216,48.662657118552964,48.500506877109736,48.517879486083984,558000
2005-12-29,48.59897825611617,48.60477060134716,48.45999289842623,48.57581329345703,159100
2005-12-30,48.66268734796116,48.697432587493495,48.500537005789646,48.593196868896484,166900
2006-01-03,48.46579720287407,48.662692806664545,48.42525961278392,48.58740997314453,299500
2006-01-04,48.593164994399835,48.71477767125711,48.535250408814186,48.67424011230469,112300
2006-01-05,48.66849849778923,48.70903609899443,48.60479592185718,48.68587112426758,159700
2006-01-06,48.65685366949004,48.67423069276043,48.56419830335646,48.622108459472656,179100
2006-01-09,48.59900619916637,48.64533615112305,48.53530361979279,48.64533615112305,78600
2006-01-10,48.54105017362337,48.57579539567774,48.41943747816983,48.448394775390625,140500
2006-01-11,48.51793193004656,48.51793193004656,48.31524390915315,48.32682418823242,384300
2006-01-12,48.431050592205324,48.523710471543545,48.37314037675205,48.500545501708984,97800
2006-01-13,48.58737387786418,48.73794385131259,48.541043975531956,48.714778900146484,96200
2006-01-17,48.68003762814581,48.8016503289656,48.656872672999654,48.77269744873047,166600
2006-01-18,48.8306453252862,48.842225602667675,48.70903253057993,48.79010772705078,125900
2006-01-19,48.668479919433594,48.74376274485756,48.61635764162818,48.668479919433594,108600
2006-01-20,48.732150554373185,48.7495231628418,48.62791048529889,48.7495231628418,98000
2006-01-23,48.60474818734059,48.77269077547419,48.581583235363944,48.737945556640625,79100
2006-01-24,48.65685653686523,48.708978773224594,48.59315845416684,48.656856536865234,66200
2006-01-25,48.57004277879884,48.57004277879884,48.338397487427784,48.355770111083984,95500
2006-01-26,48.28623294884473,48.309397899539675,48.18199287984874,48.251487731933594,77100
2006-01-27,48.36732621683947,48.36732621683947,48.15305807446723,48.286251068115234,114600
2006-01-30,48.22832911401637,48.251494067753065,48.14146164206954,48.18199920654297,125400
2006-01-31,48.23411512347803,48.29202529108411,48.12987505448204,48.251487731933594,255700
2006-02-01,48.21895642786601,48.2480057649018,48.07952936116862,48.10276794433594,474200
2006-02-02,48.13762360293365,48.20733935243562,48.09114643659901,48.10276794433594,94800
2006-02-03,48.03308172867297,48.27126959605486,47.969176693746526,48.2480354309082,283800
2006-02-06,48.21898064187192,48.236408479922474,48.172503452197944,48.178314208984375,53300
2006-02-07,48.24805701423461,48.25386334196405,48.09700827935554,48.12024688720703,228800
2006-02-08,48.18989756708625,48.195708319806336,48.04465977522366,48.09113693237305,62000
2006-02-09,48.102793858757295,48.18993305219609,48.02726731469845,48.13764953613281,96600
2006-02-10,48.248024044992356,48.2596411248242,47.945926781665854,47.99821472167969,102900
2006-02-13,48.04468747331527,48.04468747331527,47.96916537363775,47.99821472167969,66000
2006-02-14,47.94588317283373,47.99817106528949,47.87617189263163,47.9284553527832,77100
2006-02-15,48.04470425815621,48.06794285824672,47.905277089922905,48.01565933227539,75200
2006-02-16,48.03308663816028,48.03308663816028,47.934325913110214,47.9924201965332,248200
2006-02-17,48.17251054325267,48.22479849740994,48.12603334673719,48.15508270263672,199200
2006-02-21,48.16089371544854,48.1841323138294,48.08536716263337,48.096988677978516,164200
2006-02-22,48.189944518800004,48.2770881652832,48.160899591512255,48.2770881652832,115700
2006-02-23,48.18988397160543,48.19569472268618,48.07950629489781,48.16083908081055,73300
2006-02-24,48.19571784469869,48.19571784469869,48.0562907780013,48.10276794433594,343300
2006-02-27,48.1376443358657,48.1376443358657,47.99240645274573,48.00983428955078,287700
2006-02-28,48.09697046367674,48.22478049021518,48.08534895273265,48.201541900634766,95900
2006-03-01,48.16481867076399,48.217275408372366,48.054080127625994,48.106536865234375,227000
2006-03-02,47.972504546913974,48.03079082316137,47.85011137070788,47.914222717285156,113300
2006-03-03,47.885059046903834,47.885059046903834,47.78015002964951,47.79763412475586,76500
2006-03-06,47.65775748769915,47.73935735114602,47.58782109991143,47.64610290527344,350700
2006-03-07,47.58783814768925,47.69274721356997,47.55869501125971,47.66943359375,130300
2006-03-08,47.669443028397865,47.698581723976176,47.62281577952954,47.69275665283203,84500
2006-03-09,47.675264723096156,47.739376068115234,47.62280796507215,47.739376068115234,507200
2006-03-10,47.64027339075222,47.669416516741585,47.523709780028206,47.64610290527344,408500
2006-03-13,47.58781680795028,47.63444402668125,47.52953500784473,47.60530090332031,246900
2006-03-14,47.73350095642251,47.90834627404775,47.68687375974343,47.879207611083984,122700
2006-03-15,47.78014305844106,47.85590894171959,47.7335158472163,47.79179763793945,118400
2006-03-16,47.861763310521326,48.11237914273563,47.85593379443692,48.09489059448242,174900
2006-03-17,48.030768842680786,48.05990752085108,47.96665752544298,47.99579620361328,111300
2006-03-20,48.12403375504784,48.14151785669286,48.042438316292504,48.08906555175781,240100
2006-03-21,48.05992387161109,48.05992387161109,47.820967064204964,47.89090347290039,96800
2006-03-22,47.9666844144621,48.001652626515444,47.88508895525828,47.949195861816406,131500
2006-03-23,47.978314664924795,47.978314664924795,47.785980702958824,47.826778411865234,109700
2006-03-24,47.8559232662592,48.08905494554984,47.8151255558796,48.036598205566406,68800
2006-03-27,47.97830598703697,48.01327417502722,47.896710583982404,47.931678771972656,79700
2006-03-28,47.87926117315896,47.89674527981936,47.64612937557543,47.69858169555664,125600
2006-03-29,47.65778735182814,47.733557748234325,47.58202140204147,47.65196228027344,58100
2006-03-30,47.58201438476298,47.59367341939195,47.41299395559371,47.5120735168457,100800
2006-03-31,47.55286028663845,47.59366245181847,47.45961026418965,47.547035217285156,87400
2006-04-03,47.412550694209365,47.511951469842785,47.38916699964982,47.49441146850586,244300
2006-04-04,47.52948807738316,47.57041623119171,47.441783616126486,47.50025177001953,127200
2006-04-05,47.634742986734786,47.64059114165706,47.547038506241364,47.61135482788086,101800
2006-04-06,47.5353288373218,47.54702068194817,47.43008439235048,47.47685623168945,289900
2006-04-07,47.371597594553414,47.40083388861062,47.20788505383026,47.2605094909668,129700
2006-04-10,47.30146405693555,47.33069590649456,47.24299589698287,47.31900405883789,118300
2006-04-11,47.40668487548828,47.4417648617897,47.33067229072528,47.40668487548828,154100
2006-04-12,47.41838532629266,47.47100977613139,47.242980902107796,47.29560089111328,201600
2006-04-13,47.12606103830116,47.184529205601194,47.032512862788145,47.04420471191406,175800
2006-04-17,47.172824795393254,47.26637294599646,47.09096849080268,47.22544479370117,162200
2006-04-18,47.33066131344459,47.43006201963225,47.22541691811695,47.377437591552734,276200
2006-04-19,47.23712517618488,47.25466516970785,47.13772890566635,47.24297332763672,128600
2006-04-20,47.22546729081121,47.248855454812094,47.13776725185309,47.202083587646484,128400
2006-04-21,47.26050924296367,47.31312921899192,47.15526483007504,47.30143737792969,108500
2006-04-24,47.29561182245379,47.441784440142385,47.272223668323505,47.359928131103516,118800
2006-04-25,47.3423674384252,47.3423674384252,47.05587048201057,47.06171417236328,241400
2006-04-26,47.06756255866667,47.07925440026284,46.979858133782194,47.038326263427734,76300
2006-04-27,47.00910486813393,47.23713374697158,46.97402041388967,47.166969299316406,132900
2006-04-28,47.17283597754382,47.248844146728516,47.09682780835913,47.248844146728516,70700
2006-05-01,47.110340426579526,47.151418023777694,46.95189954513581,46.992977142333984,169700
2006-05-02,47.01059324516952,47.1044830012236,46.96364612858075,47.06927490234375,87900
2006-05-03,47.06926611980457,47.08100513532313,46.89322118112966,47.00471496582031,116600
2006-05-04,47.04580377463989,47.04580377463989,46.93430996338563,46.97538757324219,193200
2006-05-05,47.13381157358695,47.1866281827878,47.034052339356776,47.08686447143555,85200
2006-05-08,47.145552025575284,47.15142153336114,47.02818873259414,47.11034393310547,82400
2006-05-09,47.09276580810547,47.10450035301356,47.01648007339009,47.09276580810547,59600
2006-05-10,47.169015435452444,47.23943608237009,47.03991763178594,47.11620330810547,98600
2006-05-11,47.0516654793142,47.0516654793142,46.946036717614646,47.034061431884766,203700
2006-05-12,46.87561338480714,46.957768586220695,46.83453578410036,46.858009338378906,134700
2006-05-15,46.852119702772114,47.063377123399746,46.852119702772114,46.95774841308594,106100
2006-05-16,47.07514174092979,47.192505048620994,47.02819462700403,47.13382339477539,86200
2006-05-17,46.9871134224048,47.057534087899256,46.9108277259613,46.99884796142578,245300
2006-05-18,47.1924831559323,47.33332443237305,47.139671035107874,47.33332443237305,168500
2006-05-19,47.29228472056584,47.43899115706412,47.227738007461724,47.30402374267578,223600
2006-05-22,47.48591646602776,47.53873308699692,47.35681414490658,47.368553161621094,189000
2006-05-23,47.28055432915045,47.36857909420737,47.23947670240729,47.350975036621094,102500
2006-05-24,47.509365614025995,47.532839158272225,47.40373690347833,47.42134094238281,171700
2006-05-25,47.456541369769035,47.48587993473876,47.31570014028369,47.34504318237305,181600
2006-05-26,47.380280852598574,47.50351364754974,47.368546314703316,47.38615036010742,178000
2006-05-30,47.362647216778804,47.38612075502636,47.268757540908204,47.34504318237305,95600
2006-05-31,47.39787890195165,47.39787890195165,47.16315235676101,47.198360443115234,110900
2006-06-01,47.15948125047075,47.29494820488809,47.14181262457865,47.27727508544922,96100
2006-06-02,47.57763760377701,47.660094156464545,47.483403469367744,47.642425537109375,403900
2006-06-05,47.62479479347555,47.63657238456395,47.512887457166755,47.5482292175293,100200
2006-06-06,47.51290743736819,47.6189237759406,47.47167911089839,47.5894775390625,96600
2006-06-07,47.5187786048852,47.571784505223555,47.45988166221523,47.5246696472168,141900
2006-06-08,47.60125513510363,47.76616844098282,47.554135763837984,47.5894775390625,152600
2006-06-09,47.61887818640766,47.74845408655906,47.6071006016422,47.70722579956055,73900
2006-06-12,47.671892458214735,47.71312074859172,47.624773128199145,47.68367004394531,122500
2006-06-13,47.77203379405621,47.79559346701868,47.67190855412684,47.74847412109375,111600
2006-06-14,47.61303238484131,47.64837415980878,47.430450439453125,47.430450439453125,165500
2006-06-15,47.39509614527153,47.412764779637726,47.312639522529985,47.32441711425781,112200
2006-06-16,47.43042634231313,47.43042634231313,47.24784448968609,47.29496383666992,126100
2006-06-19,47.26552592743372,47.28319456395269,47.17717825128937,47.241966247558594,67200
2006-06-20,47.247866660751825,47.247866660751825,47.16541001161145,47.20663833618164,105200
2006-06-21,47.25370921175688,47.25370921175688,47.17713919216956,47.20069885253906,180600
2006-06-22,47.153604629706614,47.16538671293535,47.04758834838867,47.04758834838867,112600
2006-06-23,47.05938858170647,47.10061690181191,46.95926330338611,47.006378173828125,167600
2006-06-26,47.024035941093146,47.029926983617734,46.929801728443955,46.97692108154297,264400
2006-06-27,47.01815219961119,47.11827746076352,47.00048356453126,47.100608825683594,231900
2006-06-28,47.04757011667488,47.082911859117445,46.92977629132341,46.947444915771484,229700
2006-06-29,47.02990789075525,47.15948381239882,47.02401685062227,47.141815185546875,328400
2006-06-30,47.19484390228044,47.365648200407975,47.13005591010968,47.3067512512207,125400
2006-07-03,47.319765391066674,47.3315934242306,47.225163681119795,47.2842903137207,41200
2006-07-05,47.201504231841184,47.201504231841184,47.05368541952381,47.11281204223633,1712900
2006-07-06,47.14828781869503,47.26063156127929,47.13055028272325,47.2606315612793,132400
2006-07-07,47.37890838645818,47.455777095352374,47.313867714812844,47.40847396850586,274600
2006-07-10,47.372950954592305,47.4498150746533,47.35520891666754,47.44390106201172,133200
2006-07-11,47.50898157468196,47.58585027038141,47.485330015318574,47.49715805053711,167200
2006-07-12,47.42027449731515,47.53853225708007,47.40253696111848,47.53853225708008,114300
2006-07-13,47.550344680965,47.650860370004196,47.508955602474074,47.64495086669922,343800
2006-07-14,47.64495248594916,47.70999311308409,47.60947290955741,47.68042755126953,397600
2006-07-17,47.62721838170066,47.67451696850878,47.56217774988383,47.639041900634766,153400
2006-07-18,47.55626521453702,47.55626521453702,47.41436042755405,47.45574951171875,182100
2006-07-19,47.36112906906586,47.763196270488336,47.36112906906586,47.75728225708008,235300
2006-07-20,47.7040553609278,47.86369758650274,47.686317837093824,47.8577880859375,297600
2006-07-21,47.92282650500991,47.92873600530685,47.76909378697968,47.82822036743164,288300
2006-07-24,47.84595789046033,47.863695413489026,47.78683131000838,47.82822036743164,361000
2006-07-25,47.75729708900803,47.85781730388496,47.72182201968199,47.780948638916016,176500
2006-07-26,47.769138208338916,47.92878057512032,47.75140066881577,47.89921951293945,157700
2006-07-27,47.95830536750145,47.95830536750145,47.834138185350675,47.89326477050781,74200
2006-07-28,48.035184722410925,48.08248780997731,47.99970966227149,48.02336120605469,89400
2006-07-31,48.04700333208635,48.100215911865234,47.99970025379189,48.100215911865234,89700
2006-08-01,48.05213589437493,48.11149978637695,47.998713826168036,48.11149978637695,97600
2006-08-02,48.11147840686851,48.20051514764767,48.05211454124626,48.15303039550781,91200
2006-08-03,48.15307362858292,48.24211044930165,48.093709709662214,48.16494369506836,111500
2006-08-04,48.40833445481491,48.420204524089066,48.33116315362008,48.40239715576172,157100
2006-08-07,48.366737144948495,48.372669909616036,48.30144050298161,48.33705520629883,172600
2006-08-08,48.33117349505592,48.40834481276312,48.27775137864312,48.343048095703125,118200
2006-08-09,48.206469877968985,48.325193123332795,48.206469877968985,48.31925582885742,110700
2006-08-10,48.33112716674805,48.33112716674805,48.19460109200614,48.33112716674805,166700
2006-08-11,48.20647337634576,48.23021802714169,48.15898407475391,48.176795959472656,192000
2006-08-14,48.12933492925594,48.14714229560574,48.08184559976865,48.09371566772461,191700
2006-08-15,48.283669269453554,48.36677786187089,48.259929133142094,48.325225830078125,147200
2006-08-16,48.51519520488669,48.562680022571726,48.473643158891434,48.52706527709961,182600
2006-08-17,48.61609393340746,48.61609393340746,48.485500529110794,48.51518249511719,300000
2006-08-18,48.57449584549186,48.65759983692143,48.53887661428785,48.64572525024414,344300
2006-08-21,48.669531328083465,48.70515060424805,48.65172395441797,48.70515060424805,83800
2006-08-22,48.68730402801105,48.770412593985085,48.67543396363211,48.722923278808594,187200
2006-08-23,48.68138285465936,48.711060287090156,48.604211566910124,48.675445556640625,239800
2006-08-24,48.75853800077578,48.776345361759375,48.711048685599295,48.722923278808594,111400
2006-08-25,48.72294944356004,48.8179235960848,48.6932674734276,48.788246154785156,96900
2006-08-28,48.76445354173632,48.78819818873119,48.722901541702385,48.78226089477539,106000
2006-08-29,48.65762539541258,48.82383346557617,48.604198784957,48.82383346557617,248600
2006-08-30,48.83573133157376,48.91290264296167,48.82979856056918,48.88322067260742,131800
2006-08-31,48.92477598829435,49.001947304847256,48.9069686164231,48.94852066040039,171200
2006-09-01,48.94970970409892,49.045044569707315,48.8901248448395,49.021209716796875,252800
2006-09-05,48.95564515024946,48.95564515024946,48.83647094510365,48.86030578613281,284800
2006-09-06,48.72925315437048,48.830547895553735,48.693503138902166,48.82459259033203,334400
2006-09-07,48.75901112128219,48.89010047392704,48.71134143922387,48.86030578613281,135200
2006-09-08,48.9079818725586,48.97948185897772,48.89010687595382,48.907981872558594,66000
2006-09-11,48.88414056246614,48.919890550947024,48.76496635747806,48.81859588623047,196600
2006-09-12,48.78284352090519,48.95564270019531,48.75304883460208,48.95564270019531,111000
2006-09-13,49.00328826904297,49.05095792968326,48.95562315443173,49.00328826904297,114000
2006-09-14,48.919897021617885,49.01523639821897,48.86627203180355,48.907981872558594,69600
2006-09-15,48.98544743982487,49.033117133704714,48.85435805467141,48.87819290161133,110900
2006-09-18,48.69941284587801,48.83049761629941,48.69941284587801,48.80666732788086,188000
2006-09-19,49.00332774668829,49.12250199429717,48.99141259494376,49.09866714477539,128400
2006-09-20,49.21184838350087,49.21184838350087,49.074803760975406,49.11055374145508,112200
2006-09-21,49.1046254898264,49.46809443231219,49.1046254898264,49.46213912963867,114600
2006-09-22,49.527713827155466,49.617088881720214,49.515794122523275,49.61113357543945,327000
2006-09-25,49.694511535243144,49.79580620926065,49.634926700293526,49.777931213378906,286200
2006-09-26,49.73025370292191,49.73025370292191,49.59916435903819,49.652793884277344,276800
2006-09-27,49.783874337004235,49.783874337004235,49.58128051099418,49.640865325927734,233800
2006-09-28,49.59915979807935,49.61107948971675,49.509780294920304,49.593204498291016,160800
2006-09-29,49.64684345301008,49.66471844946937,49.42637455593826,49.539588928222656,259000
2006-10-02,49.52520718543808,49.6687572275778,49.495298835112756,49.626888275146484,337500
2006-10-03,49.66874691097412,49.67472949247127,49.57304386051024,49.62089538574219,135400
2006-10-04,49.70462125651261,49.84817123413086,49.68667807973177,49.84817123413086,136000
2006-10-05,49.79440617498643,49.79440617498643,49.61496504810398,49.674781799316406,139800
2006-10-06,49.58501958945134,49.58501958945134,49.34576647568241,49.40557861328125,624700
2006-10-09,49.46540832519531,49.549146260259235,49.38765297502888,49.46540832519531,898300
2006-10-10,49.291939859006334,49.30988304501817,49.14240722440924,49.16632843017578,1711900
2006-10-11,49.28599707047147,49.2919796584305,49.04076116130393,49.1065559387207,502600
2006-10-12,49.13641357421875,49.20220828369235,49.08856204671562,49.13641357421875,230000
2006-10-13,49.0706432336058,49.0706432336058,48.98690530057683,49.05270004272461,1280200
2006-10-16,49.13043099243765,49.13641357421875,49.058653701182955,49.13641357421875,240400
2006-10-17,49.250054894597504,49.31584960359922,49.11847003996687,49.190242767333984,300300
2006-10-18,49.17233162334828,49.22018318168553,49.11850204275069,49.178314208984375,294600
2006-10-19,49.11248781046719,49.19622570191125,49.06463628296405,49.13641357421875,175500
2006-10-20,49.166365446635574,49.166365446635574,49.10655326044,49.12449645996094,69200
2006-10-23,49.03475951284776,49.040737534549166,48.927095798342826,48.986907958984375,356600
2006-10-24,48.99886590670593,49.05270004272461,48.992887885328926,49.05270004272461,203700
2006-10-25,49.06467511605429,49.238133618010266,49.03477131022657,49.23215103149414,127200
2006-10-26,49.36375654037077,49.40562553278944,49.303944345969526,49.39964294433594,115900
2006-10-27,49.54914628039548,49.567094035095224,49.46540834529753,49.56111145019531,249000
2006-10-30,49.56707878685155,49.59100455571575,49.495301480258966,49.58502197265625,128800
2006-10-31,49.626883794798076,49.80632019042969,49.58501484614671,49.80632019042969,266600
2006-11-01,49.85319764810396,50.147368650998104,49.7691487901342,49.979270935058594,396400
2006-11-02,49.90720646539104,49.90720646539104,49.811152630407726,49.84116744995117,163200
2006-11-03,49.57698930431858,49.619013693331134,49.43890655166882,49.462921142578125,271800
2006-11-06,49.456929451003056,49.51696823433813,49.40890483677752,49.510963439941406,227000
2006-11-07,49.661040646523475,49.7630992279215,49.649031060291286,49.67905044555664,203300
2006-11-08,49.7150465590981,49.799095301759785,49.6550123972416,49.78709030151367,146200
2006-11-09,49.74512356569234,49.80515779710547,49.733113971218756,49.78114318847656,211000
2006-11-10,49.829122170662856,49.94919051244261,49.829122170662856,49.889156341552734,111300
2006-11-13,49.90119752944494,49.90119752944494,49.76311472665954,49.86517333984375,153600
2006-11-14,49.967247009277344,50.033281446704876,49.943232404613916,49.967247009277344,222800
2006-11-15,49.92522865736644,49.92522865736644,49.79315060584144,49.82917022705078,237100
2006-11-16,49.94320146770964,49.94320146770964,49.661035763096535,49.703060150146484,497900
2006-11-17,49.77513131198884,49.96123875987033,49.72109731015142,49.8831901550293,362400
2006-11-20,49.94321595474182,49.94321595474182,49.85316236199445,49.9131965637207,178200
2006-11-21,49.96126828075596,50.00929751514247,49.87721941073951,49.98528289794922,413200
2006-11-22,50.03928266878039,50.09931688599212,50.00326305451679,50.063297271728516,133400
2006-11-24,50.201392743927336,50.201392743927336,50.10533430792893,50.11734390258789,119200
2006-11-27,50.03330428946344,50.17138718424063,49.97327004055494,50.165382385253906,708600
2006-11-28,50.255390167236335,50.30341935464188,50.141321992227,50.25539016723633,470600
2006-11-29,50.381496291435994,50.381496291435994,50.18337919908361,50.19538879394531,335500
2006-11-30,50.35145884370045,50.471527256464306,50.30943444120147,50.45952224731445,418500
2006-12-01,50.44385855864859,50.66076992516576,50.407708196543496,50.576416015625,289800
2006-12-04,50.51613579087991,50.58844107840861,50.47998544558613,50.57036590576172,208200
2006-12-05,50.53425206187842,50.61257939890528,50.4498981306358,50.50412368774414,1133300
2006-12-06,50.48601810625943,50.4920446968468,50.38961104462847,50.42576599121094,156800
2006-12-07,50.461932756456534,50.461932756456534,50.3534770753112,50.40770721435547,138200
2006-12-08,50.39568729281612,50.39568729281612,50.15467399819698,50.178775787353516,277000
2006-12-11,50.31736639440094,50.34749018700955,50.26916280989097,50.33544158935547,167800
2006-12-12,50.35346069498771,50.44986775661867,50.31128375475959,50.42576599121094,360000
2006-12-13,50.233000107212845,50.26312389243772,50.106469176598694,50.16672134399414,188300
2006-12-14,50.14862420012103,50.14862420012103,50.052217096935465,50.0883674621582,314000
2006-12-15,50.37156268072006,50.401691052751374,50.07029734818352,50.100425720214844,215600
2006-12-18,50.11849275532936,50.148621122461776,50.07028920669487,50.12451934814453,111600
2006-12-19,50.11849912776112,50.16670268252456,50.07029557299768,50.11247253417969,174000
2006-12-20,50.076323941978615,50.13657608909709,50.076323941978615,50.100425720214844,139300
2006-12-21,50.16670744290039,50.32938870948402,50.10645529220069,50.281185150146484,624200
2006-12-22,50.17875027189143,50.21490063877096,50.03414420742938,50.05221939086914,268500
2006-12-26,50.11849583113961,50.18477456534376,50.04016850750912,50.0883674621582,144500
2006-12-27,50.16028366936254,50.16028366936254,49.92461953838783,49.954830169677734,193400
2006-12-28,50.03340392027795,50.03340392027795,49.73126984976951,49.84003829956055,185100
2006-12-29,49.8098129625514,49.846067568407285,49.737299140640516,49.81585693359375,272100
2007-01-03,49.979019030826336,50.0334055626071,49.84003993554254,49.96089172363281,1210700
2007-01-04,50.05151739016592,50.14215850830078,49.991091514808936,50.14215850830078,171200
2007-01-05,49.90043549397653,50.03941450477182,49.86417629143208,49.97898864746094,201000
2007-01-08,49.985013844575846,50.01522445678711,49.94875926584406,50.01522445678711,163800
2007-01-09,50.0454724010339,50.05151637150622,49.97295858596207,50.003173828125,168600
2007-01-10,49.9246192571686,49.96691782889506,49.888360045546946,49.918575286865234,95900
2007-01-11,49.882295233702095,49.882295233702095,49.72518435736803,49.78561019897461,361700
2007-01-12,49.72522476249322,49.731268734623875,49.616456315141136,49.682926177978516,161000
2007-01-16,49.731241242873764,49.779579162597656,49.707069977913115,49.779579162597656,162600
2007-01-17,49.749396040815896,49.767523347007916,49.63458362133316,49.682926177978516,141300
2007-01-18,49.68291598454047,49.75542519443185,49.60435819355947,49.749385833740234,225400
2007-01-19,49.707039362091486,49.7735091472435,49.64056957693948,49.670780181884766,270800
2007-01-22,49.731248722489475,49.779586649483434,49.71311681339389,49.76145935058594,119000
2007-01-23,49.69499681085511,49.72521205358595,49.59227236188829,49.6164436340332,412800
2007-01-24,49.62853692019236,49.64062486378897,49.59228230980191,49.62249755859375,138400
2007-01-25,49.580186094416796,49.580186094416796,49.39890386916615,49.42911911010742,201700
2007-01-26,49.386783908585414,49.48346430953205,49.33844140301455,49.423038482666016,441300
2007-01-29,49.50161040494855,49.50161040494855,49.33846014940101,49.386802673339844,161700
2007-01-30,49.41701903575273,49.44723426927493,49.39889173971836,49.43514633178711,200500
2007-01-31,49.39890679492771,49.6345709355922,49.39890679492771,49.6164436340332,412200
2007-02-01,49.74440260155227,49.77472807836596,49.55636428332076,49.58062744140625,238600
2007-02-02,49.61097863981842,49.677701195991936,49.58064852238457,49.62310791015625,163500
2007-02-05,49.66558140000435,49.70197847680482,49.65345212622253,49.67771530151367,216000
2007-02-06,49.65343293646574,49.829337418548405,49.63523671896162,49.817203521728516,238100
2007-02-07,49.87786608049606,49.93245473555861,49.84753596475514,49.926387786865234,155000
2007-02-08,49.896089633086056,49.98100845041002,49.859692548712594,49.93854904174805,447600
2007-02-09,49.847505542323155,49.85357248731381,49.74439061609758,49.78684997558594,237400
2007-02-12,49.76871068614789,49.7990361903366,49.68379187005406,49.720184326171875,146900
2007-02-13,49.720150213131355,49.73227948093926,49.65342767087483,49.68375778198242,204800
2007-02-14,49.768689943872474,49.999183116102486,49.768689943872474,49.96885299682617,192600
2007-02-15,50.09623595005536,50.13263302220669,50.04771423339844,50.04771423339844,317000
2007-02-16,50.10834279509267,50.156869113275754,50.078012689297125,50.10227584838867,308900
2007-02-20,50.096248912721165,50.18723467505217,50.096248912721165,50.16297149658203,152900
2007-02-21,50.07199113054208,50.15690994262695,50.07199113054208,50.15690994262695,173000
2007-02-22,50.071981339878946,50.078043662608074,49.9870625443984,50.02952194213867,135000
2007-02-23,50.09618452040652,50.27208886741615,50.09012220437741,50.22962951660156,111700
2007-02-26,50.33884092547368,50.40556346275199,50.296381549726114,50.387367248535156,160900
2007-02-27,50.52079826698197,50.99391821588574,50.46620501179575,50.811946868896484,496500
2007-02-28,50.71492206976706,50.76951072219344,50.58754391971315,50.636070251464844,228100
2007-03-01,50.858210460142914,50.87037982098151,50.633037818941325,50.681724548339844,500500
2007-03-02,50.76690649083426,50.88253627251282,50.69996342175935,50.84602355957031,249000
2007-03-05,50.949502575352874,50.949502575352874,50.79127300874608,50.87647247314453,298800
2007-03-06,50.73039303808461,50.88253553048696,50.73039303808461,50.809505462646484,302200
2007-03-07,50.77912470012556,50.919093316945805,50.766950689865396,50.90083694458008,265500
2007-03-08,50.82167748939149,50.92513326588437,50.809503490380436,50.89470291137695,170300
2007-03-09,50.58433736923562,50.68170614966338,50.57825036951501,50.608680725097656,333800
2007-03-12,50.693869096592884,50.77906850202425,50.675608101412415,50.74863815307617,253300
2007-03-13,50.931235268408045,50.99817835362789,50.82169246014118,50.97383499145508,196000
2007-03-14,50.931241863860365,51.07729741278945,50.88255513320994,50.906898498535156,267900
2007-03-15,50.85211944580078,50.88863681147935,50.80951972169386,50.85211944580078,338900
2007-03-16,50.7790804904954,50.87036227285168,50.760824134024155,50.84602355957031,340500
2007-03-19,50.76083070781485,50.77908706665039,50.71822634650381,50.77908706665039,238200
2007-03-20,50.90080617135774,50.90080617135774,50.8277760830223,50.85211944580078,169400
2007-03-21,50.791258035821386,50.98600027461234,50.69388923793652,50.92514419555664,369800
2007-03-22,50.882540818438194,50.882540818438194,50.706054951747774,50.75474166870117,236500
2007-03-23,50.82168882469809,50.82777118254002,50.63911594297282,50.675628662109375,163400
2007-03-26,50.620831938064775,50.81557407214145,50.602575588466756,50.71820068359375,142100
2007-03-27,50.681707516284284,50.73648122920592,50.65128180290161,50.706050872802734,165900
2007-03-28,50.79734368367392,50.87645612003709,50.65128816922612,50.69997024536133,240500
2007-03-29,50.6330278533166,50.66954521468915,50.60260213569749,50.62694549560547,121400
2007-03-30,50.639112076450616,50.82776730161314,50.480882567238325,50.56608200073242,464400
2007-04-02,50.677277532260284,50.683388214024184,50.58564061122427,50.62229537963867,156600
2007-04-03,50.57954025268555,50.610084345570066,50.55510218172666,50.57954025268555,257400
2007-04-04,50.65892791748047,50.70780402797445,50.59783510990422,50.65892791748047,182300
2007-04-05,50.59785842485183,50.6528452397655,50.53065490722656,50.53065490722656,161200
2007-04-09,50.33516628253604,50.34127696579943,50.280184116422404,50.29851150512695,198900
2007-04-10,50.4023551940918,50.44512064235856,50.38402781070379,50.4023551940918,97600
2007-04-11,50.45126618706213,50.47570426882828,50.3412971496582,50.3412971496582,150700
2007-04-12,50.42068080296026,50.44511886697895,50.35958797345561,50.39013671875,111200
2007-04-13,50.42064880954652,50.42064880954652,50.267914502157325,50.304569244384766,139100
2007-04-16,50.38405340321979,50.40238079591717,50.322960540532975,50.359615325927734,262300
2007-04-17,50.45731518346957,50.58561613300454,50.45731518346957,50.573394775390625,1080400
2007-04-18,50.628413687174266,50.72616130469716,50.628413687174266,50.68950653076172,252500
2007-04-19,50.75061419042233,50.76283089827228,50.616207098640174,50.68341064453125,153600
2007-04-20,50.695621500705066,50.695621500705066,50.59786921383021,50.62841796875,88800
2007-04-23,50.65894746368639,50.781137787067145,50.61007133433409,50.732261657714844,90500
2007-04-24,50.77504255280302,50.891122230058336,50.76893186950389,50.83002471923828,660500
2007-04-25,50.811674250012196,50.8910991135665,50.77501948903855,50.79945755004883,537400
2007-04-26,50.76891463741578,50.77502531864082,50.640618298194454,50.65283966064453,307600
2007-04-27,50.6894944258266,50.701711127192596,50.622290915603415,50.65283966064453,180000
2007-04-30,50.756708659593855,50.8850050259208,50.75059797707779,50.87278366088867,171500
2007-05-01,50.9242823770849,50.94881293940665,50.75870225109469,50.875221252441406,158900
2007-05-02,50.8936246374847,50.8936246374847,50.81390380859374,50.81390380859375,167000
2007-05-03,50.77707604235166,50.82000333336648,50.69122146032202,50.75867462158203,113200
2007-05-04,50.862981633461196,50.899775154452016,50.83231724681651,50.88751220703125,144800
2007-05-07,50.90589698347437,50.93042755126953,50.869098792417915,50.93042755126953,104500
2007-05-08,50.97948400813246,50.97948400813246,50.91815992800825,50.93042755126953,158900
2007-05-09,50.91204465688544,50.930446098478576,50.75873206137976,50.76486587524414,201600
2007-05-10,50.79555145929578,50.90593676126516,50.78328382644859,50.89366912841797,153100
2007-05-11,50.95498905207505,50.9795196370143,50.76488286720919,50.78941345214844,178000
2007-05-14,50.79550767411835,50.80777061766395,50.71578216552734,50.715782165527344,142400
2007-05-15,50.795487480404006,50.80775041907448,50.63604120533678,50.709632873535156,168400
2007-05-16,50.69739379752014,50.72805817954738,50.6606002820697,50.67899703979492,191300
2007-05-17,50.61767435326393,50.64220492381805,50.51955207104744,50.54408264160156,263500
2007-05-18,50.49501012899986,50.544071259059514,50.36622817163842,50.39689254760742,236400
2007-05-21,50.38461559013598,50.46433639526367,50.34781741346309,50.46433639526367,222000
2007-05-22,50.4091464013247,50.44594458159768,50.28649827701751,50.32329177856445,217000
2007-05-23,50.35397883052802,50.35397883052802,50.19453245412658,50.225196838378906,228100
2007-05-24,50.225152325869566,50.29261016845703,50.108633383450496,50.29261016845703,153300
2007-05-25,50.21907958375113,50.29267132298411,50.20068281862531,50.23747634887695,183900
2007-05-29,50.22520152582689,50.24359828660397,50.13321304321289,50.13321304321289,152800
2007-05-30,50.31105204358987,50.31105204358987,50.170002424724046,50.18227005004883,245600
2007-05-31,50.23135640497639,50.23135640497639,50.065776131084576,50.16389846801758,235100
2007-06-01,50.064715848489,50.07703300808295,49.923101396498495,49.947731018066406,230300
2007-06-04,50.009303768633934,50.0462458529481,49.94773206223698,50.027774810791016,139200
2007-06-05,49.97236812178052,49.99699304941544,49.82459037024694,49.86769104003906,351500
2007-06-06,49.86766241158906,49.95386370168614,49.86766241158906,49.89229202270508,266800
2007-06-07,49.69528606498721,49.70760322585631,49.387422809946315,49.39358139038086,472300
2007-06-08,49.356652247354326,49.49210816909597,49.30739298620007,49.48595428466797,409900
2007-06-11,49.36282808150033,49.45518806282801,49.33204455280697,49.35667419433594,198300
2007-06-12,49.17192124923589,49.215021918595525,48.96257178547435,49.005672454833984,698800
2007-06-13,49.030288046227206,49.20884925321462,49.01181700716287,49.165748596191406,514600
2007-06-14,49.16577197819888,49.28892012655946,49.122671300678064,49.1780891418457,207300
2007-06-15,49.227332601991314,49.39358139038086,49.178078051376325,49.39358139038086,594800
2007-06-18,49.37513136137603,49.436703099065824,49.264300354485414,49.36897277832031,413500
2007-06-19,49.51670993593215,49.67680009578766,49.45513824294743,49.60906982421875,460100
2007-06-20,49.54755422293277,49.55986669642077,49.424405999930876,49.44903564453125,152900
2007-06-21,49.4613171642339,49.51673030142503,49.375115819078154,49.387428283691406,276700
2007-06-22,49.32585344314881,49.54135679239722,49.276594192571835,49.53519821166992,246000
2007-06-25,49.68298096144116,49.738394100699225,49.596779613070055,49.69529342651367,253200
2007-06-26,49.73221693143927,49.750692668574295,49.61523211530054,49.70759201049805,141000
2007-06-27,49.83077531386744,49.88003459043919,49.67684359779811,49.701473236083984,218600
2007-06-28,49.726075942106284,49.75685945007351,49.60908639801718,49.670658111572266,436800
2007-06-29,49.830780719973625,49.96008281178497,49.73226215614192,49.92929458618164,374700
2007-07-02,49.91879752082341,50.048600659754314,49.850804726741465,50.005332946777344,1030600
2007-07-03,50.0053212916467,50.06094917429702,49.85079310762791,49.85697555541992,169200
2007-07-05,49.72096814318417,49.75805338198289,49.51698989814354,49.578800201416016,269000
2007-07-06,49.473733453748885,49.510818700972656,49.405740689955365,49.461368560791016,468100
2007-07-09,49.554104839174364,49.64064025878906,49.50465468058692,49.64064025878906,118900
2007-07-10,49.81365973913384,49.980552673339844,49.75803190494639,49.980552673339844,191300
2007-07-11,49.949673621515444,49.99912375727875,49.77042041624182,49.80751037597656,218100
2007-07-12,49.83227172129838,49.89408207808765,49.622110849221365,49.66537857055664,309700
2007-07-13,49.79514632099722,49.81987138929441,49.628258004771894,49.77660369873047,157400
2007-07-16,49.77042128991447,49.97439956665039,49.77042128991447,49.97439956665039,154100
2007-07-17,49.875471840240834,49.949642281524405,49.77657163076734,49.86928939819336,136600
2007-07-18,49.91253757219987,50.153600843889805,49.90017740875256,50.04852294921875,215700
2007-07-19,49.92494602847405,50.04857136162946,49.91258585307064,50.042388916015625,200600
2007-07-20,50.16602930893703,50.38236781212316,50.13512178741371,50.289649963378906,463300
2007-07-23,50.25259078664594,50.332943782146344,50.2278656997624,50.27113342285156,327500
2007-07-24,50.35149474672419,50.44421265891641,50.295866828906206,50.407127380371094,251200
2007-07-25,50.41943456350983,50.53687744321107,50.39470949852936,50.475067138671875,409500
2007-07-26,50.74085698320102,50.99428539238317,50.691411563210785,50.8768424987793,391800
2007-07-27,50.876842069293296,51.03755265142228,50.79648913614105,50.97574234008789,305800
2007-07-30,50.981909852038044,51.00663019667099,50.808834428845806,50.845924377441406,279600
2007-07-31,50.82737371478384,51.06843712128955,50.77792360170001,51.05607223510742,417200
2007-08-01,50.98909930890862,51.131823712820086,50.908431875391265,50.91463851928711,195100
2007-08-02,50.945636620947724,51.026308748131775,50.858762587272416,50.95184326171875,212100
2007-08-03,51.044946085421614,51.28074645996094,50.827760906993056,51.28074645996094,950100
2007-08-06,51.16282084006776,51.311751810375654,51.038716432424195,51.07594680786133,267900
2007-08-07,51.11321166907218,51.23110950467452,50.93325685924684,51.06977462768555,567300
2007-08-08,50.90844310658417,50.90844310658417,50.64161417158215,50.71607971191406,314600
2007-08-09,51.06352084110069,51.06352084110069,50.80910073766016,51.001468658447266,235600
2007-08-10,51.13176692161488,51.13176692161488,50.840116528109505,50.9269905090332,685000
2007-08-13,50.883559378131935,51.03248554339707,50.85253092382454,51.00766372680664,154400
2007-08-14,50.86498946690594,51.20007718767421,50.86498946690594,51.193870544433594,530100
2007-08-15,51.324141372407645,51.39240019164628,51.15660001063513,51.28691101074219,902100
2007-08-16,51.435856678479645,51.7957660918595,51.42344813131608,51.48550033569336,900500
2007-08-17,51.473103366848385,51.547568876268194,51.42346442818307,51.52274703979492,308400
2007-08-20,51.59103102720501,51.77719252425959,51.53518541865876,51.63446807861328,926600
2007-08-21,51.80815589078053,51.901236530802464,51.70887334656102,51.8577995300293,459200
2007-08-22,51.59719261766391,51.770940671578195,51.584779337081805,51.69027328491211,197000
2007-08-23,51.6530234706205,51.81436293229496,51.60958646950946,51.7088737487793,234900
2007-08-24,51.78955311230969,51.79575975227167,51.63442025321425,51.727500915527344,123400
2007-08-27,51.79579372533529,51.89507635845108,51.72753484381969,51.87025451660156,120000
2007-08-28,51.93227884710384,52.15567054905765,51.93227884710384,52.13705062866211,274400
2007-08-29,52.087396031065666,52.23011557118174,51.93846511840821,51.9384651184082,507600
2007-08-30,52.14944922647095,52.24873176923158,52.09359894956726,52.199092864990234,201800
2007-08-31,52.02535599988971,52.385265387523724,51.975717080506605,52.211517333984375,261500
2007-09-04,52.23270939131624,52.332392420294724,51.98351132516692,52.114341735839844,281800
2007-09-05,52.19533344632287,52.463225659711355,52.19533344632287,52.43830490112305,313300
2007-09-06,52.41335395627962,52.45696407040576,52.28875498824664,52.326133728027344,267100
2007-09-07,52.662608246639266,52.88689041137696,52.637687477985004,52.88689041137695,410800
2007-09-10,52.87442619761605,53.09870833602917,52.82458466615757,53.00525665283203,238000
2007-09-11,52.94290789136832,53.011433991973966,52.83699354720549,52.89306640625,123200
2007-09-12,52.824548488000694,52.855695858967685,52.687486746934916,52.76224899291992,147900
2007-09-13,52.625200418825706,52.625200418825706,52.39468700089026,52.45075988769531,178500
2007-09-14,52.74981491527268,52.74981491527268,52.413391755190545,52.51930618286133,160700
2007-09-17,52.4881231761473,52.56288541880693,52.41959230866262,52.55042266845703,237900
2007-09-18,52.425823380958114,52.62518460708544,52.276303649649265,52.494354248046875,344700
2007-09-19,52.38847258787483,52.413393350841375,52.189111237292,52.3074836730957,1369300
2007-09-20,52.13302626930931,52.17040502512737,51.715614318847656,51.715614318847656,685800
2007-09-21,51.846411202174984,52.02085162075937,51.846411202174984,51.97724151611328,754900
2007-09-24,51.99595775197747,52.0707200070679,51.93988962552017,52.045799255371094,236300
2007-09-25,52.21401788587039,52.28254877721587,52.04580872275309,52.052040100097656,225500
2007-09-26,51.98968895263395,52.120523993151586,51.9273894948099,52.070682525634766,151100
2007-09-27,52.12678112814942,52.30745298881007,52.089402382201264,52.238922119140625,437100
2007-09-28,52.357289490227885,52.444509724549945,52.170386272025596,52.257606506347656,185600
2007-10-01,52.29513527469801,52.38893355695167,52.22635018576392,52.32014846801758,510600
2007-10-02,52.30765134217226,52.51400663692676,52.270129161720874,52.43271255493164,205900
2007-10-03,52.570297922817154,52.58905663306673,52.32017065433412,52.39521026611328,1232800
2007-10-04,52.34513566863859,52.50771895909337,52.34513566863859,52.48896026611328,120300
2007-10-05,52.195128890391324,52.213887607643706,51.97626923780922,52.02629089355469,1173000
2007-10-08,52.08881355199299,52.395216990548775,51.95124329813243,52.21387481689453,129100
2007-10-09,52.076286544429195,52.188843552207985,51.96998402896584,52.051273345947266,184000
2007-10-10,52.001262685734524,52.17635034125053,51.9387272909524,52.10131072998047,298700
2007-10-11,51.9074317676069,52.12003670985628,51.807379015411094,52.1075325012207,264100
2007-10-12,51.86369473772922,52.113817244765265,51.86369473772922,51.93247985839844,151400
2007-10-15,51.81367641735082,52.026281535680354,51.801167427577454,51.98250961303711,196200
2007-10-16,52.070023746163194,52.145063329639044,52.00124342478413,52.126304626464844,205200
2007-10-17,52.151306679457925,52.70158252838391,52.13254798029129,52.44520568847656,201200
2007-10-18,52.61406464190994,52.68910424627973,52.564038238996744,52.64533233642578,193200
2007-10-19,52.73282466463571,53.1142672655197,52.73282466463571,53.09550857543945,270500
2007-10-22,53.07678032903739,53.083034820139,52.889188532999114,52.99549102783203,218900
2007-10-23,52.89544169610849,53.05177058837141,52.83916558486785,52.98299026489258,368300
2007-10-24,53.10804454040289,53.36442140945467,53.10179004971034,53.251869201660156,273300
2007-10-25,53.29562118701082,53.32688408723856,53.18931396806151,53.208072662353516,169800
2007-10-26,53.051791909437924,53.25814727514447,53.001770269602694,53.076805114746094,189500
2007-10-29,53.08304990606321,53.18310270900787,53.03927799746998,53.120567321777344,171500
2007-10-30,53.15182472524894,53.17683792114258,53.05802643334264,53.17683792114258,118400
2007-10-31,53.04555633675138,53.139354688983595,52.81418770401625,52.82044219970703,313300
2007-11-01,52.925185166040514,53.34562840150608,52.925185166040514,53.25149917602539,219100
2007-11-02,53.1197332925459,53.53389528427644,53.1197332925459,53.39583969116211,337600
2007-11-05,53.477385647571566,53.51503540740343,53.28285550496114,53.33305358886719,172100
2007-11-06,53.25781284260191,53.45234319988901,53.20133335291605,53.238983154296875,184100
2007-11-07,53.35195554856277,53.4774629086769,53.27665592011055,53.433536529541016,299700
2007-11-08,53.48367705972992,53.67193069879035,53.43975073185476,53.55270004272461,1078400
2007-11-09,53.715891689207126,53.87904877843231,53.69706679191455,53.872772216796875,276700
2007-11-12,53.9480864151982,53.96691131591797,53.82257909770868,53.96691131591797,117900
2007-11-13,53.80373479084093,53.80373479084093,53.62175283683008,53.69078063964844,125300
2007-11-14,53.48368333206384,53.728416442871094,53.48368333206384,53.728416442871094,96400
2007-11-15,53.803728108728166,54.09866417730214,53.77862665740141,54.02963638305664,210400
2007-11-16,54.03591294279141,54.18024030340486,53.97943348040314,54.02963638305664,742300
2007-11-19,54.09243638908818,54.47522548863489,54.029685097998815,54.41875076293945,503500
2007-11-20,54.393583687947796,54.500261232903604,54.173952040212065,54.27435302734375,378500
2007-11-21,54.62576933351173,54.732446880190324,54.537916672998655,54.70106887817383,317600
2007-11-23,54.56305672893221,54.738766977329206,54.39362783106781,54.537960052490234,216700
2007-11-26,54.68852041806423,55.37879337226432,54.606939528062426,55.284664154052734,637600
2007-11-27,55.01485190732869,55.247036767984085,54.61323821532839,54.770118713378906,353300
2007-11-28,54.74502088357758,54.82032525116799,54.50656423429437,54.575592041015625,159600
2007-11-29,54.870493055739445,55.06502322970087,54.80146529318343,54.88304138183594,145300
2007-11-30,54.54419209086644,54.95835876464843,54.40613653293911,54.95835876464844,395100
2007-12-03,55.44003644576885,55.44003644576885,55.03076776847705,55.17558288574219,214700
2007-12-04,55.307838340645944,55.32043389066323,55.011910168367294,55.22598648071289,196800
2007-12-05,55.03709706058208,55.20080078222087,54.955240395967806,55.01820373535156,284600
2007-12-06,54.9048644771779,54.95523706715163,54.65930410579923,54.72856521606445,217900
2007-12-07,54.608938568481975,54.608938568481975,54.275223749009214,54.37596893310547,193000
2007-12-10,54.413718895784775,54.44520295109523,54.10519532967029,54.25001525878906,257800
2007-12-11,54.32558773429499,54.99300765991211,54.32558773429499,54.99300765991211,318800
2007-12-12,54.26891451895318,54.68447626936152,54.14928084962966,54.533363342285156,470500
2007-12-13,54.407442194055776,54.44521922868869,54.13039779663086,54.13039779663086,221000
2007-12-14,54.042253048955764,54.098918606010486,53.91002861203382,53.972991943359375,240100
2007-12-17,54.086329834808765,54.325592424093976,54.023366501185755,54.29411315917969,191000
2007-12-18,54.34444890267338,54.583716154682634,54.29408114774812,54.401119232177734,644300
2007-12-19,54.65927973594661,54.90483999784219,54.338165426570825,54.83557891845703,411600
2007-12-20,54.80408777705935,54.9740891508011,54.72223597544909,54.74741744995117,308600
2007-12-21,54.70962302614754,54.728511527909596,54.31924304250215,54.35072708129883,560200
2007-12-24,54.199660963640945,54.28781058367644,54.13039986164249,54.193363189697266,197400
2007-12-26,54.13670053919622,54.30670201444152,53.891135380161934,53.93521499633789,135700
2007-12-27,54.58800335606078,54.58800335606078,54.126681169306075,54.297306060791016,211000
2007-12-28,54.48689181387699,54.79654688479145,54.44897624396385,54.73335266113281,302900
2007-12-31,54.80290497434472,55.06200291374103,54.75866850559835,54.98617172241211,181100
2008-01-02,54.97349231685874,55.441140176289615,54.94189761592002,55.3779411315918,564700
2008-01-03,55.295810861908734,55.51067226983721,55.17573841547101,55.49171447753906,198600
2008-01-04,55.611775784887826,55.76344291430604,55.5801762564456,55.637054443359375,368700
2008-01-07,55.52963770588286,55.80137732592924,55.52963770588286,55.73817825317383,341100
2008-01-08,55.6686696958994,55.87721508919877,55.529644255112714,55.85825729370117,293200
2008-01-09,55.88983636926965,56.06678215767423,55.75712702796621,55.7697639465332,335600
2008-01-10,55.883464246064555,55.908742881425496,55.55485162918578,55.618045806884766,258300
2008-01-11,55.687593228790355,55.98460651881714,55.64335679653875,55.97196960449219,310100
2008-01-14,55.9403600014478,56.022516804681786,55.86452888635014,55.99723815917969,347000
2008-01-15,56.18052198459355,56.37010465199599,56.11100689345628,56.36378860473633,353700
2008-01-16,56.39534340789111,56.705003075307566,56.117288061464826,56.25631332397461,459400
2008-01-17,56.25000091768427,56.74292228605017,56.19944364364494,56.71132278442383,608600
2008-01-18,56.553375460357955,56.68608478379087,56.43962392292825,56.62921142578125,628100
2008-01-22,57.38125332102821,57.38125332102821,56.79985371753634,57.26118087768555,863800
2008-01-23,57.98789543413908,58.000532348046804,56.951494922968685,56.995731353759766,1417600
2008-01-24,56.818828182765294,56.95785362550521,56.47125252238309,56.47757339477539,398500
2008-01-25,56.24370075889641,57.00204086303711,56.22474297950421,57.00204086303711,442600
2008-01-28,56.831418367963316,56.94516987041068,56.736624645689005,56.79350280761719,254900
2008-01-29,56.67974957637039,56.70502822296644,56.44592571141354,56.56599807739258,433100
2008-01-30,56.458553655480095,56.65446193012696,56.25001329165511,56.54071044921875,694000
2008-01-31,56.9957603087444,56.9957603087444,56.64818473208964,56.831451416015625,384900
2008-02-01,57.07932250248134,57.13003829845122,56.77503256318658,57.01593017578125,597500
2008-02-04,56.67359382856642,56.813059819742136,56.62921872560354,56.698951721191406,442300
2008-02-05,57.09197932588557,57.1743936750195,56.920819619224716,57.09832000732422,234400
2008-02-06,56.92082116666237,57.01591204473589,56.8384116518109,56.99689483642578,161700
2008-02-07,57.03490931465436,57.0412499940488,56.217135787537934,56.35660171508789,246500
2008-02-08,56.66728357164856,56.85746545018528,56.59120985292866,56.83210754394531,219300
2008-02-11,56.927119002467904,57.08560206780159,56.83836887280258,56.95881271362305,200000
2008-02-12,56.7116199791924,56.87010315759497,56.53411959322517,56.838409423828125,425500
2008-02-13,56.59752655029297,56.83208345620339,56.57850933780478,56.59752655029297,310900
2008-02-14,56.43270141689552,56.52145646744445,56.14109287988135,56.28689956665039,477900
2008-02-15,56.37564242974631,56.51510841546435,56.30590943688728,56.40734100341797,512000
2008-02-19,56.11573698877124,56.28690157659151,55.906542811970155,56.00162887573242,564300
2008-02-20,55.9065564296663,56.128432026696125,55.843159256350404,55.950931549072266,496700
2008-02-21,56.10305622839073,56.55948864612652,56.10305622839073,56.52779006958008,361900
2008-02-22,56.496101768244564,56.66726152311058,56.31859649362991,56.36931228637695,237200
2008-02-25,56.26150115222598,56.369268500710405,55.938194270252254,55.9952507019043,175400
2008-02-26,56.09032571260682,56.23612741672896,56.03960997355604,56.134700775146484,259700
2008-02-27,56.451689970341086,56.470707171130755,56.0586500867774,56.26784896850586,201600
2008-02-28,56.73700322490588,56.92718505859375,56.61021856013059,56.92718505859375,289500
2008-02-29,57.21242524332565,57.567426001857385,57.14903294166249,57.53573226928711,420700
2008-03-03,57.41492077025844,57.510305925164054,57.23687106856291,57.38948440551758,480300
2008-03-04,57.45307676602467,57.64384708870066,57.116053400589145,57.17328643798828,305600
2008-03-05,57.300450335769355,57.31316609034873,56.86804190772461,56.925270080566406,358300
2008-03-06,57.14151750137429,57.45946495916004,57.11608112257225,57.383155822753906,292600
2008-03-07,57.726498982367765,57.77101140103237,57.306811156600034,57.58024597167969,414000
2008-03-10,57.688319051834156,58.08257032663164,57.631086054580926,57.99354553222656,200300
2008-03-11,57.53570016590509,57.5484159132206,57.2431846112918,57.36400604248047,350800
2008-03-12,57.50394205013035,58.05717203303508,57.414917204811,58.02537536621094,289800
2008-03-13,58.16533293690789,58.20348509525964,57.56122960453229,57.7202033996582,626400
2008-03-14,57.968188984422476,58.43238960521945,57.968188984422476,58.317928314208984,301700
2008-03-17,58.29245386964386,58.877475707700015,58.29245386964386,58.61040115356445,569100
2008-03-18,58.54044080738156,58.54044080738156,58.13346875241676,58.20977783203125,333400
2008-03-19,58.152548876310306,58.75665154965435,58.133472817945005,58.71213912963867,1370400
2008-03-20,58.80116520424571,58.85839338054316,58.55316673731006,58.839317321777344,626300
2008-03-24,58.25431055699414,58.25431055699414,57.802825927734375,57.802825927734375,898300
2008-03-25,57.98723344642371,58.1016946750366,57.89184828066446,58.006309509277344,314600
2008-03-26,58.158912672467025,58.241577214177916,57.974502678044075,58.050811767578125,615400
2008-03-27,57.98723461738837,58.190720711088034,57.85369732322526,57.97451400756836,345100
2008-03-28,58.044456530659374,58.27337896775412,57.92363500788975,58.20343017578125,131800
2008-03-31,58.4513943998936,58.48319105086962,58.26062904850086,58.30514144897461,431000
2008-04-01,58.4079117784478,58.4079117784478,57.66138404030888,57.79537582397461,786700
2008-04-02,57.62946580512104,57.80812147531022,57.47633306895917,57.60394287109375,734700
2008-04-03,57.80812147531022,57.80812147531022,57.51461503599916,57.60394287109375,560200
2008-04-04,57.903853842205635,58.06336859108224,57.897471889209505,58.044227600097656,421800
2008-04-07,57.7251704043679,57.833639213237035,57.46356400509373,57.6613655090332,330400
2008-04-08,57.827277484464574,57.840041388795704,57.61033979086709,57.667762756347656,469900
2008-04-09,57.776227567668286,58.11439796028262,57.69965875749049,58.012306213378906,761000
2008-04-10,58.01232492764631,58.08251180928369,57.655013434222575,57.782623291015625,199700
2008-04-11,58.03147888183594,58.12080677514501,57.95491489785964,58.03147888183594,716400
2008-04-14,58.02503626427207,58.120741136157605,57.84638067941961,57.88466262817383,246000
2008-04-15,57.70602813586496,57.8081149925239,57.54651346708427,57.623077392578125,273700
2008-04-16,57.584832607931276,57.64863754303722,57.080765344986624,57.2338981628418,1116400
2008-04-17,57.214727173989985,57.27853207564588,56.90207974827474,57.099876403808594,815000
2008-04-18,56.74259572877651,57.08714822554687,56.56393996037808,57.042484283447266,2284800
2008-04-21,56.95949162375262,57.11900628087616,56.882927703853966,57.048824310302734,303600
2008-04-22,57.00416933649585,57.21472990320606,56.94674638266698,57.093502044677734,427900
2008-04-23,57.06160616094253,57.106270088079015,56.87018654864165,57.03608322143555,191300
2008-04-24,56.65323666371995,56.799987449276436,56.493721977157385,56.58943176269531,306600
2008-04-25,56.47455831935173,56.62769099392913,56.327802724715085,56.512840270996094,211400
2008-04-28,56.468188830989874,56.66598544879572,56.442665901595404,56.61494445800781,167800
2008-04-29,56.72344204169878,56.86381579060163,56.64049126207246,56.71706008911133,144300
2008-04-30,56.697909492094375,56.953134004306904,56.51925379394641,56.89570617675781,168700
2008-05-01,57.15812618577022,57.202930791066926,56.77408113084339,56.8892936706543,336700
2008-05-02,56.51165487985381,56.646068694144724,56.3772410655629,56.42844772338867,341700
2008-05-05,56.556458504133374,56.588463885553544,56.32603343124779,56.511653900146484,158800
2008-05-06,56.62688189948879,56.69728985117074,56.281244195778356,56.33245086669922,557400
2008-05-07,56.2684513967258,56.582083746099705,56.20444060909493,56.556480407714844,361300
2008-05-08,56.665274369737766,56.921302795410156,56.63327386861375,56.921302795410156,445600
2008-05-09,57.06217307251932,57.100575663812734,56.88935164501757,56.9853630065918,236600
2008-05-12,56.934098275951,57.113321580473524,56.85729317163421,56.8892936706543,112200
2008-05-13,56.55646912010352,56.68448090314157,56.37725067051565,56.415653228759766,458800
2008-05-14,56.56925877954286,56.56925877954286,56.18521861203115,56.39644241333008,174400
2008-05-15,56.34527438363419,56.73571687188885,56.34527438363419,56.710113525390625,269100
2008-05-16,56.58205895178687,56.90209321635203,56.56285767724662,56.61405944824219,318100
2008-05-19,56.67811291097909,56.76132012445636,56.47329102267125,56.74211883544922,163600
2008-05-20,56.87008568929264,56.940493615505375,56.73567188925063,56.91489028930664,230400
2008-05-21,56.71647736440398,56.92770116817674,56.68447198201329,56.78048324584961,183100
2008-05-22,56.5628912945288,56.56928846762072,56.23005272689578,56.409271240234375,223800
2008-05-23,56.5244759043729,56.74210184240386,56.51807873217901,56.65888977050781,413200
2008-05-27,56.38370513916016,56.53092323426164,56.30049788396282,56.383705139160156,258900
2008-05-28,56.17242453475888,56.21082709002712,55.94199943647721,55.96120071411133,197900
2008-05-29,55.83319879364585,55.83319879364585,55.53236570206156,55.69878005981445,387600
2008-05-30,55.91000274933643,55.9932148098109,55.839594798167354,55.8843994140625,2838400
2008-06-02,56.20359391395364,56.30636855223868,55.36214739039394,56.21643829345703,240300
2008-06-03,56.1137030147689,56.63398646403701,55.99808392597961,56.51194763183594,561500
2008-06-04,56.64682139106367,56.65324113284793,56.242152232607886,56.30638885498047,462400
2008-06-05,56.14579536311572,56.171484126015116,55.959519978421135,56.010902404785156,1079400
2008-06-06,56.33211610838345,56.55693463914716,56.22292161665626,56.499122619628906,250000
2008-06-09,56.216483129493575,56.35137617496915,56.01093858955381,56.094444274902344,288000
2008-06-10,55.95956182734219,56.01736893794427,55.676936218437234,55.76043701171875,221200
2008-06-11,55.876078770984805,56.10089245979925,55.70265246834819,55.81827163696289,247100
2008-06-12,55.574141598762395,55.574141598762395,55.24013364460271,55.33005905151367,546800
2008-06-13,55.33006259617725,55.51633806544554,55.15021177083337,55.20159912109375,579300
2008-06-16,55.32361923178429,55.34289315703558,55.111655059677936,55.20800018310547,180600
2008-06-17,55.31080539625253,55.445693544113745,55.19518628371885,55.39430618286133,266600
2008-06-18,55.49061497129076,55.741122045291426,55.46492130978238,55.69615936279297,296200
2008-06-19,55.57416187812328,55.63197388970036,55.362197570524415,55.37504196166992,152900
2008-06-20,55.68334917708315,55.77969434119842,55.54203640229027,55.631961822509766,318300
2008-06-23,55.69618761764762,55.786113028263976,55.535605827180206,55.60626220703125,472000
2008-06-24,55.75398947828097,55.97880296396629,55.72187116579745,55.9017219543457,273400
2008-06-25,55.888897333322994,55.93386004635993,55.599847120455664,55.89531707763672,254200
2008-06-26,55.901725702252826,56.27427658954683,55.901725702252826,56.210044860839844,320500
2008-06-27,56.28071493819213,56.55691584940333,56.21647829327532,56.48625946044922,173000
2008-06-30,56.42201701667959,56.55048539274173,56.35136553555474,56.5247917175293,240500
2008-07-01,56.719422405822286,56.78386798650563,56.37141036987305,56.37141036987305,355300
2008-07-02,56.422996098611485,56.58411258670931,56.384324797986196,56.50677490234375,469800
2008-07-03,56.435860096940246,56.6356428868016,56.35852244430859,56.526084899902344,261800
2008-07-07,56.56480380735838,57.00304107889017,56.41657931490814,56.79037094116211,507900
2008-07-08,56.8289750086177,57.01587061673681,56.80964182792989,56.93208694458008,206400
2008-07-09,56.93851798150515,57.24786354168591,56.87407242389108,57.20275115966797,308200
2008-07-10,57.22856059721909,57.31878540891644,56.977219347935964,57.22211456298828,291100
2008-07-11,57.22209091187503,57.28653647689591,56.616291783539545,56.68718338012695,378000
2008-07-14,56.719426452285674,57.12543806475072,56.71298041869268,56.9901008605957,296400
2008-07-15,57.112609389674205,57.42195048249773,57.06105090190761,57.196388244628906,506300
2008-07-16,57.003005727187585,57.03523098828505,56.67433166503906,56.67433166503906,309500
2008-07-17,56.648514062095956,56.770959154168025,56.3005021289245,56.40361404418945,266400
2008-07-18,56.422994457197525,56.53899852192866,56.16520710036336,56.21031951904297,365500
2008-07-21,56.17806359719212,56.33917999267578,56.10073087416456,56.33917999267578,264600
2008-07-22,56.287682993584966,56.313462235021454,56.075012856287174,56.145904541015625,263000
2008-07-23,56.03633738927969,56.10722906876251,55.86877970767229,56.0556755065918,550000
2008-07-24,56.126516001099084,56.57119891184501,56.11362885040177,56.538978576660156,276300
2008-07-25,56.397215229825626,56.48099403112066,56.13298183692726,56.21031951904297,296900
2008-07-28,56.39717169852155,56.63562076311137,56.377838522136535,56.532508850097656,363000
2008-07-29,56.44230198368952,56.46808119933939,56.2618523910231,56.37141036987305,190000
2008-07-30,56.24246123741724,56.58403183490823,56.16512858029912,56.48091506958008,274900
2008-07-31,56.78386261471875,56.93208694458008,56.7387502208198,56.93208694458008,275000
2008-08-01,56.734199922929776,56.9734724197473,56.721263340806395,56.960540771484375,308500
2008-08-04,56.85706193919114,57.03813459921086,56.81179377418621,56.921730041503906,367500
2008-08-05,56.870041594605716,56.93470974589958,56.63076400756836,56.63076400756836,355600
2008-08-06,56.63080755261227,56.6566758197934,56.391529781587415,56.65020751953125,272400
2008-08-07,56.88941093073154,57.29682450510458,56.8182745224323,57.180419921875,341200
2008-08-08,57.23861781214826,57.258017751381814,57.051076843123155,57.154544830322266,202800
2008-08-11,57.07696152611278,57.07696152611278,56.69541118704741,56.87648391723633,412500
2008-08-12,57.083424554174485,57.28390216188856,57.06402460946128,57.270965576171875,302200
2008-08-13,57.36146020069335,57.37439677699652,57.038114867129444,57.14805603027344,210100
2008-08-14,57.32272720336914,57.413263607664206,57.20632255015206,57.32272720336914,303000
2008-08-15,57.47791277939411,57.626653928103906,57.445581179317976,57.53611755371094,292500
2008-08-18,57.529634134537645,57.70424347771772,57.477897667383466,57.678375244140625,381000
2008-08-19,57.74302894478211,57.76242888165619,57.529619771447585,57.59428787231445,373400
2008-08-20,57.697817339891635,57.846553624300306,57.646080834938765,57.76248550415039,487300
2008-08-21,57.79481979933311,57.79481979933311,57.51674226338672,57.639610290527344,279900
2008-08-22,57.529604824798334,57.529604824798334,57.36146385914096,57.471405029296875,157200
2008-08-25,57.801237475945314,57.91117869125177,57.78183753614434,57.85297393798828,232700
2008-08-26,57.78833409960841,57.8724021911621,57.67839776437751,57.87240219116211,166900
2008-08-27,57.6266679558134,57.975881885134314,57.6266679558134,57.95648193359375,255700
2008-08-28,57.794802393993464,57.937070333423634,57.68486112489957,57.87240219116211,201600
2008-08-29,57.74304681443316,57.82711487819052,57.620173931058936,57.801246643066406,496900
2008-09-02,57.674684480687866,58.12886496673267,57.55140479867741,58.11589050292969,349200
2008-09-03,58.10940671429495,58.33001222298225,58.08994254151006,58.25864028930664,410300
2008-09-04,58.36898682280105,58.57661308069992,58.297614832567014,58.5506591796875,460500
2008-09-05,58.69987753926615,58.81017787710571,58.39492546978098,58.42087936401367,363400
2008-09-08,58.02508265816182,58.44682471494757,57.90180291612639,58.42736053466797,418500
2008-09-09,58.31710753089095,58.7388499656737,58.226271308039635,58.69343185424805,323800
2008-09-10,58.34953381862533,58.62204240618757,58.31060543474541,58.544185638427734,248900
2008-09-11,58.712888731010146,58.74533235664143,58.39496199067312,58.44038009643555,393500
2008-09-12,58.5052582735029,58.52472246742875,58.05107724789347,58.14840316772461,358300
2008-09-15,59.02429366223125,59.309781547964626,58.797203275942955,59.26435852050781,526200
2008-09-16,60.10137953494125,60.1078692488954,59.06324806133884,59.0956916809082,810900
2008-09-17,59.478490000831535,59.76397796127952,59.251399555111746,59.627723693847656,829800
2008-09-18,59.30333388962462,59.64721456845411,58.90754538563525,58.92700958251953,687700
2008-09-19,57.784980255069726,58.23267594949615,57.784980255069726,57.875816345214844,1339500
2008-09-22,57.51253933344853,57.817491543270116,57.40872865894414,57.75260925292969,785800
2008-09-23,57.8369557353521,57.93428164596346,57.56444714580145,57.75260925292969,455500
2008-09-24,57.960237738611305,58.096492038526634,57.75261143156865,57.90184020996094,415400
2008-09-25,57.87586369935899,57.87586369935899,57.389239268197784,57.72663497924805,427200
2008-09-26,57.836927063041415,57.93425292540406,57.63579057763787,57.68769836425781,310600
2008-09-29,58.06400915257972,59.08916551607757,58.06400915257972,58.49224090576172,528000
2008-09-30,58.5831179358457,58.5831179358457,57.6033789577397,57.72016906738281,477900
2008-10-01,58.03591507785049,58.46562022422161,57.79501931695485,58.1270637512207,349200
2008-10-02,58.22474967785436,58.54377017280356,58.15313212244482,58.45262145996094,298000
2008-10-03,58.517668269955784,58.72600868562595,57.94473336866965,58.673927307128906,505400
2008-10-06,58.88230459010385,59.45523985011539,58.87579255100416,59.14923858642578,1065200
2008-10-07,58.88230094013265,59.27945085767777,58.7716161512208,59.103660583496094,825400
2008-10-08,59.292492012509584,59.39666480145636,57.62576712721686,58.34844970703125,869200
2008-10-09,57.729907393152274,57.80803694756937,57.44994936552801,57.7624626159668,577200
2008-10-10,57.58670227696236,57.58670227696236,56.909598989173496,57.085384368896484,1154600
2008-10-13,56.81189014342486,57.13742239619017,56.557975383646166,56.694698333740234,478400
2008-10-14,56.67521092156796,56.903082680874455,56.3952527694966,56.42780303955078,736700
2008-10-15,56.421263727188325,56.8900260925293,56.37568443413888,56.8900260925293,247200
2008-10-16,56.71426674512367,57.02677513150216,56.675204438634175,56.903076171875,330400
2008-10-17,57.228584848518736,57.26113510131836,56.603563368353356,57.26113510131836,445800
2008-10-20,56.9616375381179,57.35878732110201,56.83142661169589,57.319725036621094,315900
2008-10-21,57.67784314017192,58.029418819016534,57.41090908620916,57.92525100708008,225500
2008-10-22,58.01639386945928,58.36796951293945,57.983838637436094,58.36796951293945,347700
2008-10-23,58.53725581106102,58.69351001830566,58.13359372784472,58.446102142333984,330000
2008-10-24,58.85624612958943,58.85624612958943,58.05543441394825,58.19866943359375,1924600
2008-10-27,58.24426345426478,58.387498522340216,57.88618075130702,58.166133880615234,213700
2008-10-28,57.87966598452149,58.15962406786945,57.49553514121586,57.69736862182617,278100
2008-10-29,57.7429163238296,57.970787922074216,57.502020652983404,57.781978607177734,255400
2008-10-30,57.33275569291131,57.49552186734472,57.18301359408106,57.33926773071289,406300
2008-10-31,57.5736557902481,57.7689772012887,57.02675881967229,57.22208023071289,264100
2008-11-03,57.30695599459856,57.40497345345592,57.10439023556838,57.31349182128906,1942300
2008-11-04,57.333137627113715,58.078062900567915,57.333137627113715,57.99965286254883,269700
2008-11-05,58.012763280657424,58.30681610107421,57.94088403469216,58.30681610107422,286500
2008-11-06,58.0258188500889,58.267589896344674,57.829783690882586,58.130367279052734,173000
2008-11-07,57.98010773811775,58.05851785374225,57.79060831638563,57.921295166015625,212300
2008-11-10,57.855931327163816,58.13691244157158,57.692570330075164,57.98008728027344,205400
2008-11-11,57.97355210701124,58.39829170137211,57.97355210701124,58.19572067260742,130100
2008-11-12,58.33947703878192,58.64659650336874,58.31987451727755,58.55511474609375,266900
2008-11-13,58.476691739653525,58.777275327823666,58.07809057188022,58.130367279052734,300500
2008-11-14,58.633501455764396,58.849134073390275,58.50280973331596,58.70537567138672,324100
2008-11-17,58.7119174180429,59.005970084137914,58.67924822317454,58.95369338989258,473100
2008-11-18,59.20201570737097,59.56141184266526,59.084395607218404,59.41111755371094,543600
2008-11-19,59.65945578928729,60.149538925610955,59.52222812397922,60.05152130126953,432400
2008-11-20,60.842145688137045,61.26034927368165,60.51542382534407,61.26034927368164,727900
2008-11-21,60.60040005858125,60.84871198928109,60.397833997542946,60.69841766357422,791300
2008-11-24,60.45660847473456,60.50888516683167,59.92732067704566,60.129886627197266,611600
2008-11-25,60.90754495987708,62.53461993388386,60.672304603950245,61.16238784790039,411600
2008-11-26,61.24730478855059,61.580557619895515,61.22116643180911,61.53481674194336,483400
2008-11-28,61.45641906402579,61.763533600630026,61.43028070200745,61.65898513793945,134000
2008-12-01,62.31655358888716,62.99183998621206,62.04774754616072,62.493568420410156,663900
2008-12-02,62.45421679949217,62.85414446600888,62.39520853621707,62.82136154174805,278300
2008-12-03,62.7886158114818,63.01808641329483,62.414913262609765,62.919742584228516,352200
2008-12-04,63.05088841086886,63.45737405850818,62.854205679670606,63.31313705444336,443800
2008-12-05,63.10330598102991,63.37211207498763,62.55914120690151,62.64437484741211,557500
2008-12-08,62.611603596258774,62.749282962044944,62.32968727527515,62.408363342285156,523400
2008-12-09,62.53287639473516,63.07704082546842,62.32963630695546,62.939361572265625,1421700
2008-12-10,62.60503031739503,62.880393981933594,62.467350986112685,62.880393981933594,737000
2008-12-11,62.96565078177624,63.306570468603546,62.69684458475908,63.260677337646484,327500
2008-12-12,63.25408399702747,63.44420898709155,62.60501798911654,63.43765640258789,281300
2008-12-15,63.49012188493244,63.7523704040629,63.40489324205419,63.575355529785156,328900
2008-12-16,64.58497619628906,64.66364721059387,63.358967869662735,64.58497619628906,406000
2008-12-17,65.41760865914905,65.574955687844,64.91278464951569,65.02423858642578,667900
2008-12-18,65.52906182091222,65.76508486214863,65.3454894559443,65.4635009765625,477700
2008-12-19,65.19473904772083,65.55532640852206,65.19473904772083,65.24718475341797,598000
2008-12-22,65.27334260365487,65.37824391051315,65.00454175827733,65.07666015625,804200
2008-12-23,64.9717734925118,65.26680473306668,64.9062126619343,65.04389190673828,324500
2008-12-24,65.01117650248334,65.19474900539869,64.93905801891293,64.9783935546875,129200
2008-12-26,65.24066090137799,65.32588958740234,65.03741557012452,65.32588958740234,181100
2008-12-29,65.44367837373723,65.75296554987428,65.39761464668936,65.47000122070312,211900
2008-12-30,65.29883935236947,65.56863945485516,65.21328893746863,65.56205749511719,201300
2008-12-31,65.39095723634473,65.52914824744336,64.62102871656165,64.83818817138672,404600
2009-01-02,65.00275133809687,65.1212015833157,63.791931071919855,63.91038131713867,455200
2009-01-05,63.64051101514522,64.02876615250898,63.469415275600404,63.79844284057617,1383500
2009-01-06,63.31151712892555,63.884027203934274,63.17332608059204,63.758995056152344,900800
2009-01-07,63.66030917616625,63.923532469226984,63.535282002901624,63.77218246459961,296700
2009-01-08,63.83795486754968,64.18014146171896,63.73924555481641,63.943241119384766,262600
2009-01-09,63.831368502480885,64.45651907237243,63.831368502480885,64.23936462402344,278700
2009-01-12,64.08146435511009,64.69345637695491,64.0551415237809,64.64081573486328,747700
2009-01-13,64.4762967760046,64.72635612327967,64.43023307991272,64.68687438964844,157700
2009-01-14,64.96328266091462,65.29231062818378,64.95011873070558,65.048828125,321100
2009-01-15,65.12776128355074,65.2264706242511,64.87769695103441,64.99614715576172,414500
2009-01-16,64.19330515636051,64.81845576720946,64.14065952034514,64.39730072021484,288800
2009-01-20,63.706370994592504,64.52236368104032,63.66688925899769,64.29862213134766,357200
2009-01-21,63.89720825559587,64.19333633659568,63.581344327209365,63.726112365722656,484100
2009-01-22,63.6471578005323,63.680057578202884,63.1075522451749,63.30496597290039,262600
2009-01-23,63.08122240037224,63.31812286376953,62.88380367401891,63.31812286376953,361900
2009-01-26,63.07466298219631,63.24575893815311,62.88382615066152,63.160213470458984,324900
2009-01-27,63.11410452822259,63.66686873058595,63.07461778479309,63.57474136352539,269300
2009-01-28,63.666848579127574,63.71291224807805,62.89692510357101,63.166725158691406,266200
2009-01-29,62.85092510005478,63.002275156819216,62.17312827581851,62.34421920776367,325900
2009-01-30,62.52842574569856,62.613976166122754,62.2652075859568,62.317848205566406,296900
2009-02-02,62.55937417239367,62.935522094743305,62.341602997689655,62.823333740234375,347600
2009-02-03,62.58572284833652,62.65171772939358,62.16338179002462,62.28216552734375,436000
2009-02-04,62.13045047049108,62.196440381726475,61.701508495399736,61.96547317504883,325000
2009-02-05,62.0512965907007,62.33505790960895,61.85992220960347,62.11069107055664,641800
2009-02-06,62.03147714370484,62.05127361809094,61.70152247804683,61.734519958496094,667000
2009-02-09,61.71472518996076,61.754323177766544,61.450765456371265,61.6091423034668,468300
2009-02-10,62.09743548103101,62.59236722774705,62.01824962376834,62.433990478515625,437400
2009-02-11,62.59901773288234,63.01475891973275,62.57262074780626,62.915771484375,316800
2009-02-12,63.07412098702533,63.20610080988368,62.82995277655911,62.89594268798828,379900
2009-02-13,62.63199232634975,62.71117821791965,62.30863315341177,62.40102005004883,304100
2009-02-17,63.06096046703326,63.49650322454387,63.06096046703326,63.45030975341797,416200
2009-02-18,63.44368516720422,63.476682648931515,62.915755667820534,62.988346099853516,422300
2009-02-19,62.40103160762471,62.88276768763527,62.40103160762471,62.63859939575195,229300
2009-02-20,63.00812381815078,63.26548796737593,62.77715160269139,62.816749572753906,338800
2009-02-23,62.57915312880981,62.90250703324453,62.48676629897132,62.8761100769043,440600
2009-02-24,62.975154601383736,63.21272238951097,62.59240593887772,62.63859939575195,557000
2009-02-25,62.605597772371205,62.777170567214235,62.01167838908411,62.071067810058594,428700
2009-02-26,61.91926300585614,62.071039257223546,61.80707968359221,61.912662506103516,224800
2009-02-27,62.0776842077311,62.21626459352995,61.741128965242616,61.85991287231445,288300
2009-03-02,62.17615552054785,62.61284824631087,62.12983954890538,62.48051834106445,500400
2009-03-03,62.129879385039835,62.599657412355604,62.050478362144645,62.40115737915039,528400
2009-03-04,61.84532493173254,62.10998978695981,61.82547595100139,62.08352279663086,331600
2009-03-05,62.53352049317382,62.89081768452069,62.32178938512395,62.81141662597656,475000
2009-03-06,62.50040151612113,62.97679751254497,62.50040151612113,62.51363754272461,414800
2009-03-09,62.612821994288126,62.69884093988873,62.26214334916001,62.5400390625,224900
2009-03-10,62.22908871940896,62.29525367120022,62.0173578448396,62.08352279663086,244500
2009-03-11,61.951228483115315,62.52687454223633,61.904912481673314,62.52687454223633,320700
2009-03-12,62.573125926295376,62.92380458194457,62.460645045815504,62.7054557800293,271100
2009-03-13,62.526853556224445,62.92384844220675,62.39452361025163,62.659183502197266,553200
2009-03-16,62.24232788471681,62.45405878716045,62.20924288043443,62.3018798828125,512100
2009-03-17,62.50035971384885,62.612840624422184,62.05704903236923,62.18276596069336,222200
2009-03-18,62.295250039494036,64.51180860768412,62.295250039494036,64.31330871582031,751400
2009-03-19,64.51841710636593,64.63089800607926,64.08171942786306,64.09495544433594,711100
2009-03-20,64.20743634404927,64.3199172437626,63.9824694965614,64.09495544433594,231400
2009-03-23,64.05525182371579,64.24713367622765,63.84352099474772,63.87660598754883,285100
2009-03-24,63.790637483098344,64.05529742166149,63.51935448358695,63.784019470214844,810500
2009-03-25,63.63181794362759,63.79723288372108,63.30098806344061,63.400238037109375,443500
2009-03-26,63.406850210831244,63.74429302295079,63.287751263005845,63.56564712524414,507900
2009-03-27,63.70457051149301,63.78397146213835,63.400207772777314,63.52592468261719,394200
2009-03-30,63.88322584320816,63.962621751329074,63.59209405193468,63.79720687866211,321200
2009-03-31,63.797244221490985,63.98250817962986,63.790631257317635,63.909725189208984,1150800
2009-04-01,64.07956832384129,64.17910268292395,63.84732486100026,64.06629943847656,230200
2009-04-02,63.84737668002415,63.8938254102905,63.50232463016103,63.64830780029297,552400
2009-04-03,63.376216792452006,63.528831793643846,62.89845579953499,62.91836166381836,1177200
2009-04-06,63.01795958361173,63.06440833461307,62.732630095308,62.77244186401367,363600
2009-04-07,62.91830689801685,63.04438401210931,62.81877260070832,62.931575775146484,289700
2009-04-08,63.02455680646325,63.24352645874023,62.93829127864322,63.243526458740234,250800
2009-04-09,62.85203092626485,63.14399721319996,62.77240237641046,62.8719367980957,249600
2009-04-13,63.143997099764775,63.34306088024666,63.1108172717523,63.243526458740234,207300
2009-04-14,63.40938464061449,63.641633198707815,63.31648724238857,63.568641662597656,254000
2009-04-15,63.65489976962508,63.707985441687754,63.36957061044863,63.62835693359375,238500
2009-04-16,63.489008696762546,63.568637202166826,63.2700341037969,63.37620544433594,240100
2009-04-17,63.19703123435288,63.22357406472547,62.805535877043425,62.86525344848633,239400
2009-04-20,63.10414629110722,63.369569584595475,63.09087740457052,63.30321502685547,277700
2009-04-21,63.562016425953004,63.60846513364382,62.9714521156571,63.05771255493164,218500
2009-04-22,63.130681555005275,63.16386136115991,62.70600636136964,62.90507507324219,160900
2009-04-23,62.838710451456144,62.97142460296714,62.65955267507535,62.89179611206055,238200
2009-04-24,62.712659651273846,62.8055570576431,62.5334967514696,62.646305084228516,253500
2009-04-27,62.90507507324219,63.00460436665082,62.672826555215,62.90507507324219,207500
2009-04-28,63.11083663527932,63.11747361542435,62.506998005394586,62.59989547729492,283800
2009-04-29,62.60646787724244,62.73918203058234,62.049083620796736,62.26142120361328,454400
2009-04-30,62.102210624680026,62.234924877188945,61.90314683971328,62.155296325683594,410500
2009-05-01,62.002170872109524,62.03544507346566,61.78253981679771,61.9555778503418,562700
2009-05-04,61.995556453147415,62.13532038104083,61.869101199368764,62.01552200317383,516400
2009-05-05,62.02217425825571,62.1353157517817,61.875753465359416,62.0022087097168,245000
2009-05-06,61.94894642207696,62.26175346834771,61.902358462698764,62.02880859375,442600
2009-05-07,61.682766942579846,61.875775777568045,61.39658212900562,61.50972366333008,489800
2009-05-08,61.569603771822926,61.7626125389851,61.50305025017933,61.58291244506836,399900
2009-05-11,61.995558982397995,62.195219568516244,61.889069274301264,62.16194534301758,698000
2009-05-12,62.04879251942325,62.21517884969578,61.95561150297943,62.12199783325195,206800
2009-05-13,62.27507701512175,62.46808577228561,62.268420139989765,62.40818405151367,287500
2009-05-14,62.36823748050518,62.44810472914739,62.26175289335559,62.414825439453125,186500
2009-05-15,62.3149699294032,62.3615578713662,62.161897439112536,62.2617301940918,254100
2009-05-18,62.30172756905993,62.34831556060379,61.86912188888965,61.89574432373047,456100
2009-05-19,61.76262374957946,61.849142835649474,61.62285472773761,61.80921173095703,268900
2009-05-20,61.815851742034496,62.08872777928816,61.7160239993399,62.0022087097168,408600
2009-05-21,62.201849323448116,62.201849323448116,61.270085094704555,61.32332992553711,374900
2009-05-22,61.05713469172302,61.236834796528655,60.87078278874572,60.963958740234375,382200
2009-05-26,61.143639724860876,61.22350189961549,60.54464802566652,60.55795669555664,519900
2009-05-27,60.56460403603116,60.60453511712302,59.819191696844264,59.8724365234375,733500
2009-05-28,60.30502090509927,60.31832956827142,59.706029508265,60.18522262573242,660100
2009-05-29,60.21186623825166,60.92399929484968,60.19855249268562,60.864097595214844,1119300
2009-06-01,60.25131515598282,60.31139046718155,59.697263519384805,59.87082290649414,970300
2009-06-02,60.02435993777954,60.10446545602954,59.710619690702636,60.07108688354492,1903800
2009-06-03,60.264699633662545,60.50501120814328,60.17124569834864,60.43825912475586,568800
2009-06-04,60.06437913056663,60.137802778748735,59.63715504961689,59.73728561401367,591100
2009-06-05,59.19661885427749,59.50368234529166,59.01638781778071,59.14321517944336,1273900
2009-06-08,59.216600143125,59.30337723088064,58.79605797390015,58.8427848815918,1135800
2009-06-09,59.109823340138114,59.27002922201861,58.9362639972699,59.09646987915039,1127200
2009-06-10,58.92295266699379,59.06313864333391,58.54246024243713,58.74272155761719,1406500
2009-06-11,58.72934943161567,59.37684989077427,58.622542081947394,59.14321517944336,781400
2009-06-12,59.22330884735762,59.60380104195869,59.22330884735762,59.45694351196289,608300
2009-06-15,59.6839526055334,59.824133512495855,59.61052378385911,59.724002838134766,531500
2009-06-16,59.703948793634474,60.07776436441048,59.60381816778942,60.0577392578125,403000
2009-06-17,60.07778742635356,60.34480083348656,59.89755630493165,59.89755630493164,594800
2009-06-18,59.563748442727054,59.69057577391991,59.1031507704353,59.16990280151367,1015500
2009-06-19,59.083178078306005,59.45699385820946,59.036451105818074,59.44364547729492,850900
2009-06-22,59.68394906957209,59.83747834735331,59.61052025224807,59.7640495300293,1218000
2009-06-23,59.78402503936146,60.04436150554798,59.69724791491699,59.957584381103516,492200
2009-06-24,59.99099226360291,60.29137907361298,59.730655670166016,59.730655670166016,687600
2009-06-25,59.877538246018425,60.47831726074219,59.73735732472591,60.47831726074219,790700
2009-06-26,60.5249977454088,60.678532022909316,60.41151876669561,60.55837631225586,263700
2009-06-29,60.72526138917529,60.80536180424461,60.55837873397489,60.685211181640625,903200
2009-06-30,60.38485115039998,60.73864175090452,60.29139722169528,60.52503204345703,608800
2009-07-01,60.27868495442862,60.4861946105957,60.16488455896763,60.4861946105957,394100
2009-07-02,60.59999520828237,60.83428114819884,60.59999520828237,60.68701934814453,431700
2009-07-06,60.586582277586416,60.760620264641446,60.5196441974077,60.72715377807617,472200
2009-07-07,60.6334896397854,60.974875663427355,60.6334896397854,60.96818542480469,741600
2009-07-08,61.02170011883261,61.771414943646505,60.96814760076042,61.67100524902344,658900
2009-07-09,61.31623132202633,61.40994567905278,61.081945429460205,61.30953598022461,668900
2009-07-10,61.55719311283847,61.81825518310258,61.46347878541278,61.69107437133789,400300
2009-07-13,61.72461238668447,61.79155053998311,61.41669279586771,61.470245361328125,327400
2009-07-14,61.1221247913833,61.29616797878463,60.96147229142487,61.06188201904297,942100
2009-07-15,60.74054051885887,60.794093026850504,60.27196884155273,60.271968841552734,714400
2009-07-16,60.68029909379576,60.840951514206914,60.59327498965976,60.63344192504883,194900
2009-07-17,60.37238358555228,60.49956441889895,60.22511672973633,60.22511672973633,616000
2009-07-20,60.077843489186456,60.65352016962441,60.051067235788395,60.44601058959961,335400
2009-07-21,60.3054466196701,61.162271586813645,60.29875638520473,61.12210464477539,837700
2009-07-22,61.048450792063896,61.048450792063896,60.68028884467852,60.76061248779297,298300
2009-07-23,60.75390729636543,60.767292864572795,60.05104494989211,60.17153549194336,518100
2009-07-24,60.14480484997132,60.32554335360634,60.13141927161508,60.29876708984375,292400
2009-07-27,59.97076923299459,60.124731492234524,59.830197660845485,60.01763153076172,326800
2009-07-28,60.13810729980469,60.45941734611158,59.9640692523113,60.13810729980469,299300
2009-07-29,60.405839838057425,60.42592075007473,59.94396354051593,60.17824935913086,265200
2009-07-30,60.05778242322114,60.44603056522534,59.943987138959514,60.419254302978516,367400
2009-07-31,60.68031162446931,61.075249970171136,60.55312566572832,61.02839279174805,631800
2009-08-03,60.66852645779173,60.68866568187228,60.21872825852154,60.379852294921875,453700
2009-08-04,60.534294155160524,60.581287414596126,59.983799492394446,60.20534133911133,552000
2009-08-05,59.93682719698446,60.39333550055164,59.83612585671996,59.862979888916016,393900
2009-08-06,59.83612585671996,60.08452181312133,59.728714849818644,59.862979888916016,311200
2009-08-07,59.52059648669804,59.58772899946141,59.39304112712995,59.466888427734375,507200
2009-08-10,59.54073468901685,59.86968758113297,59.48031184326685,59.84954833984375,1487700
2009-08-11,60.07104919747911,60.26573181152344,60.01062639300974,60.26573181152344,327400
2009-08-12,60.319449803228466,60.36644304919282,59.842802559338736,60.09790802001953,624700
2009-08-13,60.27920430525031,60.682004508342075,60.21878145775119,60.56787872314453,614700
2009-08-14,60.70883560351235,61.07135718590606,60.70212081813084,60.755828857421875,695000
2009-08-17,61.00422052088865,61.20561797161994,60.99079095104512,61.172054290771484,572900
2009-08-18,61.17878544919827,61.192215023760326,60.94381911318208,60.95724868774414,514700
2009-08-19,61.38014686228117,61.39357130594377,61.051194212822686,61.18545913696289,495400
2009-08-20,61.25261688348417,61.380172199385875,61.0713586488855,61.34660339355469,542900
2009-08-21,61.299600432178806,61.34659367977303,60.7021126605323,60.722251892089844,435100
2009-08-24,60.581267134386955,61.118337166902144,60.5745574723431,61.09819793701172,369100
2009-08-25,61.04452271890501,61.31305787949184,60.903542912020406,61.25934982299805,315800
2009-08-26,61.31303550791864,61.38016799309986,61.1854802007581,61.33988952636719,219600
2009-08-27,61.151909936006184,61.393590974387884,61.098207022272625,61.172054290771484,378700
2009-08-28,61.04451419332349,61.35332779221015,60.99752093092511,61.31304931640625,303500
2009-08-31,61.36675825582277,61.561440972954095,61.266056942970394,61.49430847167969,483700
2009-09-01,61.35091567599841,61.78851240600348,61.249936161321834,61.65386962890625,464500
2009-09-02,61.74133814847558,62.02409083879791,61.67401681310673,61.99043273925781,381900
2009-09-03,61.822169707037446,61.95681247115135,61.75484832498049,61.768310546875,246400
2009-09-04,61.73466819082602,61.81545695842447,61.377860122447316,61.39805603027344,521400
2009-09-08,61.25661087036133,61.55283088319818,61.23641498517485,61.25661087036133,408700
2009-09-09,61.1691779769148,61.32401673431367,61.03453513254229,61.31055450439453,568400
2009-09-10,61.53941682062292,61.983742051232575,61.512487240541695,61.768310546875,626900
2009-09-11,62.03758801351048,62.239552116715466,61.9096738194102,61.95006561279297,1319500
2009-09-14,61.77506127194517,61.86257857913918,61.5528960271908,61.5865592956543,477100
2009-09-15,61.34414847384067,61.57977575341631,61.34414847384067,61.458595275878906,710100
2009-09-16,61.546164718076625,61.56636062541557,61.249949516615686,61.411521911621094,743200
2009-09-17,61.45184067454406,61.7211311036261,61.26333891507294,61.71439743041992,846500
2009-09-18,61.525909279339956,61.62016017992207,61.290282027884686,61.3845329284668,910200
2009-09-21,61.492286046421675,61.613466588331995,61.263392320753404,61.344181060791016,617200
2009-09-22,61.297028129324445,61.5057258605957,61.29029445326379,61.5057258605957,438800
2009-09-23,61.36437691177161,61.67405937722538,61.19607088904941,61.64039611816406,794500
2009-09-24,61.66731270448891,61.889477840380835,61.586529117830835,61.80868911743164,501200
2009-09-25,61.84908724953398,62.077980931236866,61.71443937533415,62.05778503417969,454100
2009-09-28,62.00390549307376,62.22607056022092,61.97024738781146,62.16547775268555,514000
2009-09-29,62.00394765956808,62.23957510180338,61.92989258682369,62.13859558105469,276400
2009-09-30,62.077981163128385,62.266483051421076,62.04432304667111,62.185699462890625,670900
2009-10-01,62.410454004360105,62.74799027296215,62.32944859614824,62.653480529785156,1762800
2009-10-02,62.9235941702947,62.937098523200696,62.57255825076236,62.62656021118164,936600
2009-10-05,62.802029833912464,62.82228119645255,62.57925454517673,62.6197624206543,509100
2009-10-06,62.54549799775397,62.57250152868564,62.403733323160345,62.417232513427734,382300
2009-10-07,62.64677207553273,62.87629440727738,62.63326773225487,62.8155403137207,269500
2009-10-08,62.896588908809484,62.91684028721759,62.51854944412108,62.586055755615234,422200
2009-10-09,62.282225059150534,62.403738382997204,61.85017883000624,61.985191345214844,543800
2009-10-12,61.98519778046674,62.248475817734935,61.95819424454207,62.16746520996094,464800
2009-10-13,62.275482724505466,62.349741164718296,62.15396938146611,62.30923843383789,489200
2009-10-14,61.944704717999095,62.106720808431206,61.775936454932705,61.88394546508789,523400
2009-10-15,61.63418352935725,61.937964400863756,61.586928612669574,61.68143844604492,826100
2009-10-16,61.802968728043375,61.96498489379882,61.661198788806175,61.96498489379883,765300
2009-10-19,61.850211520162766,62.05948257446289,61.809703623872394,62.05948257446289,487000
2009-10-20,62.22824408399402,62.329506088056306,62.15398562437498,62.20124053955078,640800
2009-10-21,62.01222765412415,62.06623474891129,61.816455798320796,62.05948257446289,406400
2009-10-22,61.79618283704786,61.99195462445888,61.77593147117745,61.877193450927734,421300
2009-10-23,61.62745911078734,61.74222036722856,61.5666998188819,61.57345199584961,424800
2009-10-26,61.445121173707356,61.499128231327354,61.18184320580551,61.22235107421875,762500
2009-10-27,61.35063232227405,61.76917943598365,61.35063232227405,61.74892807006836,669800
2009-10-28,61.755656059135106,62.06618889916323,61.728652531689676,61.937923431396484,684100
2009-10-29,61.76240915376545,61.78941268386721,61.48563198341661,61.64089584350586,351200
2009-10-30,61.8231906863488,62.106720129103394,61.80293931906613,62.09996795654297,600100
2009-11-02,62.14079746793914,62.14079746793914,61.87529710193497,61.93656921386719,671100
2009-11-03,62.106730652539056,62.106730652539056,61.67784166726153,61.79357147216797,353000
2009-11-04,61.5961982447762,61.74596358916249,61.42600539563973,61.6234245300293,497700
2009-11-05,61.54856363342114,61.67790670723438,61.466869170585,61.637062072753906,147600
2009-11-06,61.78000574956094,61.83446870914809,61.56215910508603,61.82085037231445,327300
2009-11-09,61.79361291238277,61.929770298173885,61.7731906029824,61.84807586669922,531500
2009-11-10,62.00467790100185,62.05914087494027,61.78002202891215,61.895751953125,523000
2009-11-11,62.086321266365424,62.23609173703022,61.984209758067806,62.07270812988281,275600
2009-11-12,61.92979025897599,62.11359629669565,61.69152124938574,62.09317398071289,374500
2009-11-13,62.086333716782406,62.154414994461725,61.99783532722047,62.14079666137695,229300
2009-11-16,62.26335065387525,62.556082559084494,62.20208372188597,62.474388122558594,514800
2009-11-17,62.42674633709239,62.65140218533254,62.358670223833876,62.610557556152344,506000
2009-11-18,62.50839664551487,62.56966873988897,62.37224451514932,62.45393371582031,285300
2009-11-19,62.53565972354164,62.69223423322688,62.47438759819311,62.52885055541992,378200
2009-11-20,62.56293312470045,62.61739611842215,62.4267756403962,62.5220832824707,304200
2009-11-23,62.36545662643682,62.46076418898104,62.263339896890116,62.43353271484375,505100
2009-11-24,62.562848718136145,62.80792666536033,62.49477266476719,62.75346374511719,753800
2009-11-25,62.70588533002152,62.998617385711,62.61738687369724,62.964576721191406,431200
2009-11-27,63.24363715419648,63.31171322641835,63.12790731203216,63.25044631958008,412200
2009-11-30,63.23003054980463,63.39341938608419,63.121109852823935,63.352569580078125,404100
2009-12-01,63.187442467245624,63.22155935457216,62.97593234123835,63.00321960449219,529600
2009-12-02,62.94865682873099,63.05100231277287,62.784901972060965,62.87360382080078,463800
2009-12-03,62.4983456461674,62.62115919940638,62.47787758821226,62.580223083496094,463500
2009-12-04,62.06165651434144,62.18447002824575,61.945667419405844,62.116241455078125,756700
2009-12-07,62.129908070202106,62.34142349242254,62.1162644327242,62.28683853149414,399100
2009-12-08,62.59386174602401,62.68938281256246,62.43011208988777,62.505165100097656,502200
2009-12-09,62.53247223602785,62.63481774717043,62.34143005816646,62.38236618041992,721800
2009-12-10,62.25954550303221,62.280013561823104,61.98662590630081,62.17084884643555,423200
2009-12-11,61.95936313432822,61.95936313432822,61.7342091741633,61.86384201049805,454000
2009-12-14,61.91160257241314,61.993480052343635,61.83654951718788,61.86384201049805,195200
2009-12-15,61.618171173541704,61.72734106953082,61.543118171425974,61.665931701660156,326000
2009-12-16,61.775101597649275,61.884266288131236,61.59770311942054,61.665931701660156,761500
2009-12-17,62.020723193664956,62.21176528930663,61.90473409352633,62.21176528930664,468800
2009-12-18,62.07532108818965,62.17766137113081,61.88427374718133,61.904747009277344,517600
2009-12-21,61.62497903354032,61.63180345158257,61.2360704932242,61.27018737792969,609900
2009-12-22,61.09967908530673,61.12696637581491,60.949572959954985,60.99733352661133,366700
2009-12-23,61.1132675324698,61.256549103025534,60.963161542695225,60.96998596191406,351400
2009-12-24,60.92906170364149,60.96999781590016,60.75166320800781,60.75166320800781,160200
2009-12-28,60.690303468591964,60.703952320845765,60.58113867812115,60.58796310424805,1181400
2009-12-29,60.659020655217205,60.78889852647315,60.58382875239966,60.747886657714844,428800
2009-12-30,60.78205069474895,60.8777485149702,60.70685880526939,60.857242584228516,473100
2009-12-31,60.556448781972556,60.80936732016873,60.35138434828775,60.56328582763672,304300
2010-01-04,60.65896764380614,60.80251427415215,60.58377580670065,60.713653564453125,619100
2010-01-05,60.87770507248465,61.07593762009515,60.87770507248465,60.98023986816406,1547500
2010-01-06,60.939253943678914,60.9734287466769,60.686335368828686,60.73418426513672,365500
2010-01-07,60.74785835844677,60.87089912254437,60.70684129365519,60.73418426513672,390900
2010-01-08,60.92564063146643,60.932477684942285,60.71373891000878,60.8094367980957,382500
2010-01-11,60.843567184578625,60.939264994548765,60.78888123169869,60.850399017333984,653600
2010-01-12,61.246893369763534,61.32892233794606,61.16486961672298,61.28791046142578,403000
2010-01-13,61.16487018165033,61.29474286354471,60.97346925412328,60.993980407714844,281900
2010-01-14,61.17167590913886,61.36307153983467,61.103321071767475,61.28104782104492,511700
2010-01-15,61.50662115638799,61.622824897047145,61.49294706034597,61.55447006225586,429200
2010-01-19,61.42465777599991,61.49301268373739,61.322122806821106,61.44516372680664,411900
2010-01-20,61.61598201200509,61.73902278902932,61.60914496463177,61.6569938659668,228800
2010-01-21,61.57499180443248,61.93044016571468,61.56131770487877,61.882591247558594,349200
2010-01-22,61.8347133918759,61.98509712574414,61.814207467282685,61.93724822998047,272900
2010-01-25,61.800575256347656,61.88259900338626,61.7937382057139,61.800575256347656,1699000
2010-01-26,61.99195166855845,62.00562055043225,61.80738786485234,61.92359161376953,490600
2010-01-27,61.95776365857058,62.07396739251617,61.72535619067939,61.78003692626953,342100
2010-01-28,61.58180999433156,61.827891580364316,61.58180999433156,61.75953674316406,318100
2010-01-29,61.69804355313328,61.99880599975586,61.62285163769217,61.99880599975586,396700
2010-02-01,61.90277702774995,61.90277702774995,61.71760071621538,61.78618240356445,634300
2010-02-02,61.81361573408274,61.89591689784955,61.793041751252865,61.88905715942383,426000
2010-02-03,61.71074134350613,61.75874904410919,61.57357274717816,61.594146728515625,435300
2010-02-04,61.86161035064362,62.12908253573986,61.86161035064362,62.101654052734375,503400
2010-02-05,62.0604986482978,62.41027196726516,62.019350692812004,62.300537109375,694700
2010-02-08,62.19081432771235,62.25939600521776,62.10851317523791,62.24568176269531,257600
2010-02-09,62.081086651632376,62.225114993264135,61.89591557766571,61.909629821777344,481200
2010-02-10,62.00564808194471,62.03993630713218,61.6490149593555,61.7381706237793,496200
2010-02-11,61.745019453127824,61.745019453127824,61.49812125263149,61.662723541259766,496900
2010-02-12,61.86160581626201,61.90961350667202,61.79302414888284,61.80674362182617,219800
2010-02-16,61.683315248328,61.964501748772996,61.66274126444758,61.94392776489258,175400
2010-02-17,61.7861494310859,61.87531028626118,61.50496309327697,61.61469268798828,358000
2010-02-18,61.65587375866169,61.65587375866169,61.25123294101308,61.39525604248047,474300
2010-02-19,61.354097320347044,61.42953872680664,61.21693398084558,61.42953872680664,527900
2010-02-22,61.34039424296062,61.43640964457507,61.326674767046015,61.38154220581055,349700
2010-02-23,61.45697149398582,61.88218621180028,61.4363975166223,61.84789276123047,557200
2010-02-24,61.86847123014339,61.98506059863149,61.75874159875646,61.8821907043457,394300
2010-02-25,62.115391691462655,62.149685156806264,62.01251652788,62.1085319519043,256600
2010-02-26,62.14966279451432,62.348553310557755,62.14280305742419,62.204524993896484,609900
2010-03-01,62.27604566294547,62.31730986267951,62.166020038962955,62.26917266845703,468600
2010-03-02,62.138479231270416,62.317276677409346,62.11097152828305,62.30352020263672,417900
2010-03-03,62.172932510080486,62.27607994980297,62.09728755657495,62.24169921875,476700
2010-03-04,62.21417027335334,62.427348571512375,62.1454035881306,62.35170364379883,431100
2010-03-05,62.10412550532555,62.117881987233886,61.92533321300201,62.05598831176758,549900
2010-03-08,61.89779696947371,61.94593414084714,61.870289264894865,61.89091873168945,399800
2010-03-09,62.014728269688774,62.04911422729492,61.89094616749137,62.04911422729492,350500
2010-03-10,61.84284645673071,61.95975038894837,61.80846047828378,61.94599914550781,329800
2010-03-11,61.829030331305695,61.98719307443631,61.78776615115834,61.89091873168945,283100
2010-03-12,61.75340544001777,62.06285803519813,61.74652720000758,61.987213134765625,276400
2010-03-15,61.98033489475542,62.02847208170703,61.8703092873917,61.987213134765625,190100
2010-03-16,62.00101380393601,62.25545115349628,61.980379069198705,62.227943420410156,388200
2010-03-17,62.276012499649354,62.32414966823777,62.20036762807357,62.30352020263672,288300
2010-03-18,62.2554919589784,62.29675096236906,62.117958449964824,62.138587951660156,202600
2010-03-19,62.055988311767585,62.24853708599946,62.04911531737402,62.05598831176758,171300
2010-03-22,62.20727171106029,62.262287139892585,62.159134522472044,62.26228713989258,338100
2010-03-23,62.241641699801356,62.30353010644233,62.13161087036133,62.13161087036133,244100
2010-03-24,61.80156575050689,61.884083675264435,61.42334110682864,61.51273727416992,531300
2010-03-25,61.388906296045164,61.45767817404019,61.079453831298245,61.28575897216797,601900
2010-03-26,61.22390103763923,61.45083577563487,61.21702279651674,61.430206298828125,734100
2010-03-29,61.40958842890461,61.45772563273889,61.27204981326258,61.340816497802734,521400
2010-03-30,61.33397757047561,61.40274429321289,61.21706837060115,61.40274429321289,246500
2010-03-31,61.5196266706536,61.60214985693498,61.44398172820304,61.54713439941406,398900
2010-04-01,61.45403225792767,61.488516481187375,61.336794317330686,61.41954803466797,397600
2010-04-05,60.99194507611449,61.05401033556892,60.77125982880208,60.8678092956543,656100
2010-04-06,61.07472453936545,61.10231086461956,60.94369607135034,61.04713821411133,566100
2010-04-07,61.04021285166202,61.49537382043208,61.02641706565493,61.42641067504883,562000
2010-04-08,61.48849753080851,61.591939645599886,61.32297962403805,61.35746383666992,465400
2010-04-09,61.27468859827523,61.44709909250873,61.205725452891976,61.42641067504883,314600
2010-04-12,61.522944373500444,61.660875890490345,61.46087913701702,61.5919075012207,402000
2010-04-13,61.74365787346847,61.785034716778696,61.60573155473318,61.70917892456055,309100
2010-04-14,61.70920770131343,61.77127299522158,61.5161033988615,61.5436897277832,315800
2010-04-15,61.45401863502624,61.702290255109645,61.42643231484446,61.647117614746094,299900
2010-04-16,61.75049901333129,62.04014717339247,61.67463802928475,62.01945877075195,409900
2010-04-19,61.96433587156991,61.98502429079814,61.819511675421104,61.8677864074707,215300
2010-04-20,61.84019785974964,61.89537048339844,61.75744418582742,61.89537048339844,171300
2010-04-21,61.957466322011534,62.12298427466019,61.89540103593348,62.09539794921875,446500
2010-04-22,62.171231508940934,62.240194661241475,61.9298578451134,61.95054626464844,169300
2010-04-23,61.79882944302792,61.847104179910424,61.716070496278604,61.778141021728516,174200
2010-04-26,61.91607233922961,61.93676076220007,61.757457588754626,61.819522857666016,161900
2010-04-27,62.102249879485285,62.44017290830227,62.03328148615351,62.39879608154297,442800
2010-04-28,62.1781473147119,62.26779891237401,61.97125253665745,62.08159255981445,409700
2010-04-29,62.07467665029592,62.226398729106094,61.9919177177947,62.18501663208008,350500
2010-04-30,62.26088685232202,62.57122894880078,62.25398895820874,62.5643310546875,423200
2010-05-03,62.37278967946054,62.44887978784909,62.33128790304443,62.40045928955078,300500
2010-05-04,62.78084781292156,62.87076999880561,62.67708819694254,62.822349548339844,355000
2010-05-05,63.0713947308874,63.3549988275194,62.93305204142329,63.064476013183594,672000
2010-05-06,63.11292934720746,64.37186747566825,63.016088358667254,63.75623321533203,902400
2010-05-07,63.59015540852283,64.15736859089762,63.486395805449945,63.58323669433594,3856500
2010-05-10,62.939957421694935,63.23048547626148,62.93304398231178,63.099056243896484,836200
2010-05-11,63.230403194574436,63.26498617879133,62.967545071901576,63.17506408691406,891400
2010-05-12,63.09906484161125,63.182068344996125,62.97455430909858,63.016056060791016,424000
2010-05-13,63.18898010253907,63.24431928365699,62.870787727263185,63.18898010253906,420300
2010-05-14,63.472562136096,63.78383566043563,63.431055129400214,63.59707260131836,488700
2010-05-17,63.59020002655824,63.866890736414966,63.431101153223814,63.458770751953125,535100
2010-05-18,63.48639850919688,63.9706082516809,63.45872892870355,63.92218780517578,1711400
2010-05-19,63.93601063364729,64.25420284677298,63.90142234371603,63.97751235961914,839700
2010-05-20,64.47558713725968,64.76610992242549,64.36491405228762,64.60009765625,1221600
2010-05-21,65.11887862512387,65.1672990804097,64.51707701448535,64.63467407226562,1196200
2010-05-24,64.69000796585384,64.7937675921617,64.55858403146878,64.63467407226562,2949400
2010-05-25,65.04283471001983,65.16042657375759,64.7592304929207,64.85607147216797,1064000
2010-05-26,64.6484888370918,64.7453297216151,64.40638662578357,64.72457885742188,551600
2010-05-27,64.24728272634302,64.26112015298533,64.03285011027491,64.10894012451172,522800
2010-05-28,64.26114769532033,64.42715994415715,64.13663718933415,64.39949035644531,511700
2010-06-01,64.62142419948525,64.64223317078415,64.32314992904344,64.4826889038086,978900
2010-06-02,64.45499718013475,64.53130033521158,64.0873575923364,64.11510467529297,519100
2010-06-03,63.91392929328719,64.20526566675255,63.872311323424675,64.02491760253906,274300
2010-06-04,64.64223827028185,64.93357447587016,64.57286797086584,64.91276550292969,728300
2010-06-07,64.8364915793863,65.19026015517885,64.8018064140723,65.17638397216797,413800
2010-06-08,64.98213492723428,65.14861201428504,64.9474497751686,64.9751968383789,604300
2010-06-09,64.79489915699988,65.05848852376853,64.71859599700086,64.98218536376953,264000
2010-06-10,64.7115909721626,64.73933802821055,64.35088453574892,64.37863159179688,655200
2010-06-11,64.67696029074808,64.89893163383452,64.51048310648683,64.78794860839844,404800
2010-06-14,64.46187940710941,64.73934470399082,64.37863823038188,64.73240661621094,627700
2010-06-15,64.746298419551,64.80873064532153,64.44109125735615,64.53126525878906,1114400
2010-06-16,64.72547214144791,64.76709537824028,64.52430992228513,64.71160125732422,621900
2010-06-17,64.781028625869,65.11398837968902,64.781028625869,65.01687622070312,792500
2010-06-18,64.97526777368556,65.00301486718816,64.87815559253495,64.88509368896484,463400
2010-06-21,64.53133506698492,64.864294949453,64.51052606662151,64.8365478515625,569100
2010-06-22,64.88500711149057,65.25264634847127,64.85032196783924,65.22489929199219,549200
2010-06-23,65.28740242457528,65.57180080110746,65.27352623515479,65.4677505493164,632500
2010-06-24,65.59954053194676,65.66197279290701,65.32207498902184,65.4122543334961,1075100
2010-06-25,65.34980396518881,65.6758254908743,65.33593307338273,65.51628112792969,455400
2010-06-28,65.74514023086955,65.9879203433199,65.74514023086955,65.98098754882812,924300
2010-06-29,66.13363698206223,66.31399032328837,66.10589519930136,66.26543426513672,920400
2010-06-30,66.32090798640618,66.3625259399414,66.12668381362604,66.3625259399414,891500
2010-07-01,66.3680653887709,66.65320259322797,66.30547093035189,66.33329010009766,1293700
2010-07-02,66.21510314941406,66.3611499005258,66.12469477185937,66.21510314941406,1072400
2010-07-06,66.18036246498217,66.46549997034228,66.10386099394098,66.37509155273438,914100
2010-07-07,66.42370518224557,66.43065599536109,66.1455187846625,66.1663818359375,473900
2010-07-08,65.96476116553136,66.0969010271008,65.86739662731264,66.0064926147461,508400
2010-07-09,65.91607098985958,65.97170937815919,65.8326187133789,65.8326187133789,439800
2010-07-12,65.94389343261719,66.1108032997698,65.89521116694897,65.94389343261719,685200
2010-07-13,65.81175635359331,65.83957555028583,65.6031203373532,65.61702728271484,679700
2010-07-14,65.84652890128075,66.05517021469826,65.72134517442404,65.94389343261719,566500
2010-07-15,66.08290672292718,66.40977525507476,66.08290672292718,66.28459167480469,703600
2010-07-16,66.34032156844184,66.70891670078704,66.34032156844184,66.66719055175781,864200
2010-07-19,66.56982575670585,66.65327805445928,66.43072975049999,66.49332427978516,489800
2010-07-20,66.69501372809357,66.84106056437034,66.54896689181682,66.56287384033203,895900
2010-07-21,66.61156263434802,67.04970849200365,66.60460650642482,66.98711395263672,470700
2010-07-22,66.7992836379623,66.7992836379623,66.61150548693132,66.61846160888672,656800
2010-07-23,66.6671597687874,66.71584202216627,66.1733811113823,66.40288543701172,799500
2010-07-26,66.37506822511311,66.45156966926774,66.22902146062732,66.38201904296875,626300
2010-07-27,66.16641090559031,66.31941375677971,66.13859172301346,66.15250396728516,528200
2010-07-28,66.19424893289953,66.49329859827846,66.13861055190623,66.43766021728516,933000
2010-07-29,66.40984418745496,66.70889386706665,66.36811805270813,66.5767593383789,737300
2010-07-30,66.92452140506276,67.00797371212474,66.78542538334165,66.96624755859375,563600
2010-08-02,66.79397642084274,66.88462297472711,66.71727344449994,66.75910949707031,1160900
2010-08-03,66.96132134291439,67.12170173330651,66.93342886980508,67.07289123535156,911900
2010-08-04,67.04498746703644,67.05893104126933,66.79396057128906,66.79396057128906,777600
2010-08-05,67.02407666342998,67.1426156769803,66.96131727276249,67.1147232055664,817400
2010-08-06,67.41452862477242,67.56096004023239,67.30993323660316,67.55398559570312,438400
2010-08-09,67.46335899806185,67.554005523913,67.42849208507234,67.5400619506836,464800
2010-08-10,67.5052191922996,67.93057014723891,67.44246511039671,67.88175964355469,641200
2010-08-11,68.12578121171636,68.28616154807112,68.08394517612098,68.26524353027344,911200
2010-08-12,68.30711005251712,68.31408450154366,68.0212214817792,68.09095001220703,1701100
2010-08-13,68.22337826477492,68.3977021119191,68.18154224384163,68.38375854492188,705800
2010-08-16,68.79521126439907,68.89980138617074,68.71153384703659,68.8788833618164,1453200
2010-08-17,68.69759245297715,68.7115413507001,68.40472944014398,68.53024291992188,774300
2010-08-18,68.71153719829185,68.79521461973553,68.43261778009169,68.46051025390625,1148600
2010-08-19,68.43961160360077,68.87193177025154,68.41869357230436,68.76734161376953,684100
2010-08-20,68.7603571343169,68.8091676402049,68.50933015547976,68.54419708251953,306000
2010-08-23,68.51628003325133,68.68362951914507,68.4465515241243,68.63481903076172,575600
2010-08-24,69.01136144655612,69.30422438569401,68.92070959400553,69.1787109375,973400
2010-08-25,69.3599931708103,69.49248103525835,68.80215457097523,68.86491394042969,690100
2010-08-26,68.89979157263059,69.1787109375,68.83006306139934,69.1787109375,845000
2010-08-27,68.87883763241835,69.12288995443188,68.26521960564982,68.38375854492188,1014100
2010-08-30,68.60697697766922,68.91378902721632,68.55119200139735,68.90681457519531,463500
2010-08-31,69.18570005490112,69.26937215814289,69.03926855428249,69.21359252929688,1276700
2010-09-01,68.95288718964801,68.98784111106254,68.44958058730874,68.71521759033203,1268700
2010-09-02,68.55441547823705,68.56839384247901,68.38664844124364,68.4285888671875,1273500
2010-09-03,67.89032782279087,68.15595938556606,67.86236576356966,68.03712463378906,1308300
2010-09-07,68.40061955078065,68.59634862871654,68.31673870778948,68.57537841796875,778200
2010-09-08,68.39362897095523,68.50547720797387,68.23984564488083,68.38664245605469,1124900
2010-09-09,68.07907168299204,68.13499580687822,67.81344009435962,67.848388671875,929300
2010-09-10,67.65963314328827,67.73652745955572,67.51283635765495,67.65264129638672,725300
2010-09-13,67.61067857878498,68.01612023386792,67.61067857878498,67.97417449951172,1450100
2010-09-14,68.10000689042027,68.3586518305281,68.0930203784393,68.31671142578125,590900
2010-09-15,68.22586022298822,68.38664072633146,68.04410950903875,68.07906341552734,900600
2010-09-16,68.00216768389649,68.05809179983672,67.70857407503608,67.84139251708984,2902900
2010-09-17,68.04407995297723,68.18389018498539,67.92524525568156,67.99514770507812,1738600
2010-09-20,68.10005386091555,68.20491027832031,67.95325700983648,68.20491027832031,619900
2010-09-21,68.40064563840372,68.84802808237703,68.16297604832639,68.8410415649414,1279500
2010-09-22,69.03673219515929,69.21847754502153,68.89692192616936,68.94585418701172,978800
2010-09-23,69.3023690778244,69.3023690778244,68.88994075207508,69.0437240600586,514000
2010-09-24,68.75712650791525,68.82702898547805,68.67324033490956,68.70120239257812,1317500
2010-09-27,68.95285242070368,69.23945949876843,68.95285242070368,69.23246765136719,782100
2010-09-28,69.2534068444562,69.55399214948608,69.24641500018632,69.46311950683594,776000
2010-09-29,69.47713034215366,69.51208424662913,69.26043106741345,69.29537963867188,820400
2010-09-30,69.2464048486249,69.25339669186977,68.7850445255255,69.21145629882812,813200
2010-10-01,69.0244383783491,69.33273595351814,68.9333459630818,69.2486572265625,846600
2010-10-04,69.38880796449202,69.53595111631279,69.33976024721842,69.49391174316406,1260800
2010-10-05,69.53589391340402,69.57793859776541,69.43079022119433,69.50786590576172,1092900
2010-10-06,69.98435736376605,70.15252547214358,69.89327031440993,69.95632934570312,614400
2010-10-07,70.0123886518876,70.11048404679065,69.94932961764911,70.02640533447266,534700
2010-10-08,70.20858182305786,70.33470524161082,70.04742738845023,70.05443572998047,868200
2010-10-11,70.15254737495827,70.20859808278627,70.04043526770329,70.12451934814453,400300
2010-10-12,70.1384903077289,70.25060235043748,69.87924056410905,69.92127990722656,991900
2010-10-13,69.70406950672422,69.94930791790371,69.59195746401564,69.92127990722656,473800
2010-10-14,69.89328119247389,69.93532055321228,69.47287154769393,69.52191925048828,955100
2010-10-15,69.42380303519576,69.47285072328812,69.1014888926178,69.2206039428711,807100
2010-10-18,69.52891471073221,69.7110888040458,69.43081397752022,69.54993438720703,1149600
2010-10-19,69.45883972198835,69.88625761564984,69.4448283867295,69.78816223144531,763700
2010-10-20,69.62697873975753,69.90024510245273,69.57092273053922,69.74609375,615100
2010-10-21,69.62699647092239,69.69005548800511,69.36073303222656,69.36073303222656,594300
2010-10-22,69.28367950274415,69.4448392853997,69.27667650691441,69.38177490234375,643600
2010-10-25,69.6480161432833,69.71808349975186,69.3327050204798,69.36073303222656,1436800
2010-10-26,69.13651499571408,69.17155134720733,68.89828491210938,68.89828491210938,831800
2010-10-27,68.75116346778215,68.80021116781111,68.49190828431574,68.49891662597656,1223500
2010-10-28,68.75814485193307,68.9613439298412,68.7231138462365,68.89828491210938,738700
2010-10-29,69.04540389676046,69.2556058950536,69.01036755748086,69.20655822753906,768600
2010-11-01,69.42083908729009,69.42083908729009,69.04157170147705,69.09073638916016,1042700
2010-11-02,69.26628726256618,69.34354678054905,69.22414229731892,69.32247161865234,356700
2010-11-03,69.55424337603301,69.6666227943163,69.12580622128277,69.5472183227539,912000
2010-11-04,69.95462700600612,70.2004504305534,69.95462700600612,70.10914611816406,1092500
2010-11-05,70.01079135874873,70.13019049900718,69.81413269042969,69.81413269042969,1108100
2010-11-08,69.91943619396577,70.00371535702533,69.75789220053008,69.83515167236328,469400
2010-11-09,69.83518230375128,69.87030220945915,69.22413131083323,69.24520111083984,744600
2010-11-10,69.28735274432054,69.56127088788543,68.87296032293663,69.50508117675781,1298900
2010-11-11,69.54721740978925,69.58233731717814,69.23818473065816,69.42781829833984,403500
2010-11-12,69.25926560661057,69.39271484577301,68.84487313904916,68.85189819335938,2041400
2010-11-15,68.4515534931558,68.64119244322106,67.95990687918328,67.96692657470703,1174200
2010-11-16,68.26894963221737,68.50775327878233,67.88265733832704,68.4726333618164,954600
2010-11-17,68.49366831186059,68.6692570902384,68.19165539870896,68.27593994140625,580200
2010-11-18,68.10035266763066,68.16356741568634,67.84750439249665,68.1144027709961,2968200
2010-11-19,68.10741930594698,68.26193838605037,68.07229938463342,68.25491333007812,530600
2010-11-22,68.46557305913414,68.62711172085798,68.38831357446837,68.62008666992188,495400
2010-11-23,68.89404876023974,68.99238346058468,68.68334532433636,68.76060485839844,659400
2010-11-24,68.47267015606224,68.5077900919001,67.97399814675379,68.02316284179688,1112700
2010-11-26,68.20574876077826,68.32514791975262,68.1425339740257,68.31812286376953,210100
2010-11-29,68.51476371819481,68.55690332272705,68.33917488791604,68.4655990600586,527800
2010-11-30,68.83786274714015,68.85190749911246,68.52179956301856,68.58501434326172,874200
2010-12-01,67.88025973258898,68.0703587011826,67.64791237076614,67.68311309814453,1967700
2010-12-02,67.64082584512005,67.83796697895401,67.5000122842938,67.51409149169922,983500
2010-12-03,67.94354876626964,67.9717125398948,67.45069615705583,67.52110290527344,374500
2010-12-06,67.84499482272332,67.95060765670209,67.71121820823743,67.94356536865234,902000
2010-12-07,67.34514441409885,67.4085089334433,66.65514476385171,66.81708526611328,1335700
2010-12-08,66.35938210010505,66.38754587769479,65.78203808874368,66.2467269897461,2155300
2010-12-09,66.41574466401734,66.5424790441291,66.11299060995559,66.38758087158203,1664700
2010-12-10,66.16928969451382,66.2467333757368,65.82428741455078,65.82428741455078,1002400
2010-12-13,65.7257034244666,66.22559833630883,65.62713289940987,66.0354995727539,1323400
2010-12-14,65.76091637803172,65.91581446841039,65.12724481361505,65.33847045898438,1878500
2010-12-15,65.50746874387676,65.6271608078183,64.84563318988215,65.07093811035156,1871900
2010-12-16,65.09913966371033,65.47230065112848,64.81750700681296,65.45822143554688,1351000
2010-12-17,65.62015198348475,66.09188893366182,65.56382975341373,66.02147674560547,1361700
2010-12-20,66.26790363147263,66.43688105225385,65.86657889980765,66.01443481445312,804000
2010-12-21,66.12703336664516,66.16223943070486,65.8102002768726,66.15519714355469,848500
2010-12-22,66.1200368602072,66.14819528263445,65.88064729601979,65.97217559814453,308900
2010-12-23,65.85952210663613,65.85952210663613,65.64829634839454,65.73983001708984,540600
2010-12-27,65.73980221998667,66.02142928296806,65.56378261977734,65.99327087402344,407100
2010-12-28,65.87891702418958,65.91421649813388,65.30004119873047,65.30004119873047,955200
2010-12-29,65.37768755718987,66.14716644227184,65.27885550563701,66.03421783447266,1362200
2010-12-30,65.90714642022076,65.9989174994756,65.68124382164186,65.90008544921875,529800
2010-12-31,65.95657676330343,66.46485906693034,65.94246020417778,66.23189544677734,674300
2011-01-03,65.7871414729986,66.2107082019018,65.68124844428701,66.02716064453125,1396100
2011-01-04,66.11187104789168,66.2742356782481,65.99186147137732,66.18246459960938,1234100
2011-01-05,65.69536213832444,65.7730166635992,65.3353333967156,65.4694595336914,1111900
2011-01-06,65.6601166790202,65.85778093121202,65.54010162366353,65.80836486816406,1452400
2011-01-07,65.86481866840799,66.36604009846074,65.78010313909604,66.24602508544922,736500
2011-01-10,66.3660536295648,66.4719467163086,66.23192202729292,66.4719467163086,1096400
2011-01-11,66.3871569564907,66.3871569564907,66.04830053490242,66.2106704711914,760400
2011-01-12,65.94240858489881,66.14007257359167,65.82239368952979,66.02005767822266,753000
2011-01-13,65.99894692071364,66.46487426757812,65.97776938420982,66.46487426757812,1051500
2011-01-14,66.59194452356047,66.6625381068516,66.2601487575525,66.28132629394531,734500
2011-01-18,66.13303592582501,66.24598450978158,65.89301143276201,66.1189193725586,1063800
2011-01-19,66.09071930757746,66.33779952796404,66.08365833386787,66.28838348388672,732200
2011-01-20,65.99894345891784,66.04835950348313,65.6106760761748,65.77304077148438,697000
2011-01-21,65.72368758802591,65.99195098876953,65.63897736543325,65.99195098876953,523900
2011-01-24,66.0201017846021,66.11893923091911,65.95656919690904,65.9989242553711,497800
2011-01-25,66.1259939044927,66.48602805428342,65.94245172972693,66.33071899414062,1126500
2011-01-26,66.18955453615574,66.19661012425522,65.86481974739105,65.92835235595703,869900
2011-01-27,65.98484991506439,66.21781365754283,65.83660172965449,66.17545318603516,531500
2011-01-28,66.01308942960802,66.58490463709047,65.99896747691022,66.47901153564453,1056600
2011-01-31,66.40837659270024,66.50720865627717,66.14011890384047,66.2177734375,555100
2011-02-01,65.99484038934244,66.07268996277817,65.83206253593927,65.909912109375,1009200
2011-02-02,66.07980770178213,66.11519045639874,65.64809813935013,65.75425720214844,1120000
2011-02-03,65.52774030739593,65.65513002247667,65.35081044753217,65.37911987304688,1310900
2011-02-04,65.20928730284075,65.30128891237914,64.86250619053357,64.97573852539062,1523900
2011-02-07,64.8058916936951,64.96866959790283,64.72804209596177,64.94743347167969,850700
2011-02-08,64.89786992220266,64.95448877278184,64.45200862270075,64.50154876708984,997200
2011-02-09,64.6289784540127,65.0040691220186,64.47327921835573,64.8696060180664,786000
2011-02-10,64.79882941152182,64.89790976112253,64.60066871232038,64.65728759765625,617000
2011-02-11,64.9403539037647,65.12435711751674,64.82711617271218,64.95450592041016,1492700
2011-02-14,64.86250619053357,65.1243590020937,64.86250619053357,64.97573852539062,1311100
2011-02-15,64.95451553799805,65.13852417846782,64.9332848101502,65.1243667602539,603700
2011-02-16,65.05356409150093,65.22342063026156,64.88371295221066,65.03233337402344,620100
2011-02-17,65.28005304456224,65.37913335455914,65.18805144227137,65.27297973632812,776500
2011-02-18,65.10308235795713,65.26586013637636,65.01108081330973,65.25878143310547,418400
2011-02-22,65.47822367442717,65.89578110136632,65.44284092943174,65.88870239257812,1383500
2011-02-23,65.8745038666753,65.99481483377048,65.67634335629053,65.72588348388672,651700
2011-02-24,65.92408427429922,66.06562603978011,65.81792525045242,65.8957748413086,508800
2011-02-25,65.87453688539235,66.10808563232422,65.87453688539235,66.10808563232422,571900
2011-02-28,66.1151480517472,66.164688196016,66.05145589460336,66.07976531982422,372400
2011-03-01,65.77897009542218,66.18330517061808,65.75059503955019,66.1549301147461,530800
2011-03-02,66.04146331730932,66.17624354792144,65.807373046875,65.807373046875,425400
2011-03-03,65.58038895801253,65.61585915478496,65.3463040600879,65.36048889160156,616800
2011-03-04,65.51657666006295,65.84288204207085,65.4952966978442,65.82869720458984,637300
2011-03-07,65.55200958429336,65.89959473080575,65.51653939277539,65.6655044555664,489600
2011-03-08,65.63003518409512,65.70097556812556,65.50235006962835,65.50944519042969,538100
2011-03-09,65.65843435479601,66.01311475716547,65.57331452190314,65.89252471923828,626000
2011-03-10,66.06984835957574,66.4529037475586,65.9705383047645,66.4529037475586,1576500
2011-03-11,66.46002275471412,66.4883978394284,66.20465240427956,66.29686737060547,690300
2011-03-14,66.49542526240934,66.66567561121404,66.44577026367188,66.44577026367188,806200
2011-03-15,67.05586928959629,67.14808964865117,66.6586290105688,66.68700408935547,1661100
2011-03-16,67.02036315242607,67.5949432603929,66.9068629073025,67.25444793701172,1588800
2011-03-17,67.05586221178974,67.190642468802,66.86433721518652,67.04876708984375,639900
2011-03-18,66.84301473377059,67.04872443139466,66.821729381475,67.00616455078125,1513200
2011-03-21,66.78630787823468,66.8075878323252,66.49546740701797,66.65862274169922,1029000
2011-03-22,66.53798370542513,66.7011335079136,66.5237934718245,66.69403839111328,573500
2011-03-23,66.88564386466926,66.91401895178608,66.523868268923,66.60899353027344,696900
2011-03-24,66.41739761881253,66.50961791409648,66.24005755802237,66.2684326171875,1098100
2011-03-25,66.38195826768344,66.41033333771175,66.041462839335,66.09111785888672,782400
2011-03-28,65.9989699214791,66.16921510243654,65.93512459612211,66.11246490478516,634900
2011-03-29,66.03438570714442,66.2046361736919,65.82867586438678,65.92089080810547,1047300
2011-03-30,65.93503977519262,66.16912998036598,65.91375983144773,66.1478500366211,773500
2011-03-31,66.26134528749331,66.28262522963296,65.94922503747361,65.97760009765625,1093100
2011-04-01,65.81971972924953,66.11844635009766,65.79838288868322,66.11844635009766,1062700
2011-04-04,66.2109356413382,66.36741310656569,66.16114785026238,66.26783752441406,886100
2011-04-05,66.16827183596416,66.21094554142064,65.86954504484261,65.93355560302734,777000
2011-04-06,65.84819901789704,65.84819901789704,65.62059690973439,65.6490478515625,857500
2011-04-07,65.66325727910495,65.77706102331442,65.52100802530434,65.65614318847656,743800
2011-04-08,65.44277448101435,65.58502374605975,65.3929866956023,65.464111328125,595100
2011-04-11,65.48549113132755,65.62774048968333,65.40725235629232,65.54950714111328,364200
2011-04-12,65.82688814283101,66.05449034080343,65.81265995307149,65.91934967041016,1055400
2011-04-13,65.78419839253728,66.1753921508789,65.76286153780292,66.1753921508789,678700
2011-04-14,66.28205740776184,66.28205740776184,65.95487976074219,65.95487976074219,1036300
2011-04-15,66.33896421535917,66.46699074300564,66.2536168145698,66.43854522705078,881400
2011-04-18,66.38870970927617,66.68032761340577,66.2464605142845,66.60208892822266,902400
2011-04-19,66.59502543979094,66.75150292904961,66.57368858697623,66.68749237060547,532000
2011-04-20,66.59498603665222,66.60921421441884,66.40294904848182,66.42428588867188,708200
2011-04-21,66.48120466686578,66.63768210336426,66.4527537305514,66.47409057617188,670600
2011-04-25,66.55233906884028,66.73015337707449,66.51677403660862,66.70881652832031,826200
2011-04-26,66.78702098991916,66.9932861328125,66.75145597593576,66.9932861328125,519700
2011-04-27,66.76574043132952,66.83686509279056,66.61637701432217,66.80130004882812,1379500
2011-04-28,66.98616453000659,67.10707688165101,66.85813809107172,67.05728912353516,975600
2011-04-29,66.96485705149965,67.19957319685453,66.93640611632382,67.19245910644531,436000
2011-05-02,67.12904635855577,67.30731555016875,67.08626349347873,67.17182922363281,632300
2011-05-03,67.32149548561212,67.38566970253842,67.2216598587204,67.35001373291016,1660700
2011-05-04,67.35714646611846,67.58533052839135,67.35714646611846,67.52115631103516,1169500
2011-05-05,67.67091432719928,67.87770702260413,67.63525835062188,67.85631561279297,898400
2011-05-06,67.5782429576762,68.02035225098714,67.54259240455903,67.89199829101562,1034800
2011-05-09,67.90627847781866,68.02036789050258,67.8920139010194,67.9918441772461,559600
2011-05-10,67.84209510675878,67.88487795416684,67.6424345650655,67.66382598876953,661600
2011-05-11,67.63529275577253,67.93478352615199,67.57111849369448,67.90626525878906,611100
2011-05-12,67.927619508529,67.99179373548999,67.65664715379238,67.75647735595703,652000
2011-05-13,67.93478410077388,68.24853944782966,67.90626583316974,68.02035522460938,494100
2011-05-16,68.04169248687899,68.1985700355383,67.9276031862501,68.18431091308594,590800
2011-05-17,68.3340951973529,68.43392543252992,68.24852409276984,68.3840103149414,986400
2011-05-18,68.31273187112505,68.33412329598191,67.9918441772461,67.9918441772461,790700
2011-05-19,67.73511118952254,68.0916493130767,67.70658748679742,68.06312561035156,718000
2011-05-20,68.06317805339641,68.24857954379263,68.05605120247887,68.22718811035156,669600
2011-05-23,68.49809325632347,68.519484670378,68.28417367543888,68.31982421875,928000
2011-05-24,68.23431944110476,68.44111236203109,68.19866342564211,68.39119720458984,639300
2011-05-25,68.46950745105133,68.5122956806879,68.3126354101651,68.39820098876953,1345600
2011-05-26,68.49094281366918,68.77616882324219,68.46954596664754,68.77616882324219,806200
2011-05-27,68.69773864647833,68.81896570010801,68.67634723711372,68.76905059814453,943800
2011-05-31,68.64786860620828,68.90457656776765,68.6122180473116,68.87605285644531,2917900
2011-06-01,69.12907662668522,69.4650719878641,69.10048615068852,69.4436264038086,2997200
2011-06-02,69.16487451083697,69.34359511680812,69.02190020770806,69.02904510498047,1744400
2011-06-03,69.47935672307547,69.47935672307547,69.11476551551736,69.3006362915039,1531200
2011-06-06,69.1362304756889,69.32210130378084,69.0790386125658,69.25775909423828,1106900
2011-06-07,69.11479849904339,69.40075241684607,68.99326985656538,69.3864517211914,1710300
2011-06-08,69.42936260733549,69.63667910394993,69.40076666427296,69.53659057617188,1471600
2011-06-09,69.55801364857642,69.61520005758325,69.18627199239255,69.25775909423828,1016900
2011-06-10,69.42218588218611,69.61520160687682,69.41503553560753,69.47937774658203,1020500
2011-06-13,69.3149687126776,69.5723267085386,69.27207753140665,69.32926940917969,1009900
2011-06-14,68.96467182339582,69.02186369604165,68.77165061674545,68.77880096435547,2088800
2011-06-15,68.9503624563412,69.52942054934745,68.9503624563412,69.52227020263672,1352300
2011-06-16,69.61518798004985,69.82250435731657,69.5008097277634,69.71527099609375,1958400
2011-06-17,69.56520010991255,69.70817985315855,69.51515856330634,69.665283203125,998000
2011-06-20,69.75816468090075,69.75816468090075,69.45791564538946,69.55799865722656,774100
2011-06-21,69.50800742499008,69.57949456313386,69.34358209855228,69.4651107788086,1064900
2011-06-22,69.62238673318544,69.66527792585039,69.3364327224745,69.43651580810547,1119300
2011-06-23,69.74394028878537,69.96555758953697,69.74394028878537,69.80113220214844,1264700
2011-06-24,69.8367813013408,70.19422208113416,69.82248061584554,70.0941390991211,997200
2011-06-27,70.1513700964826,70.1656707910734,69.7867841961709,69.82252502441406,1185700
2011-06-28,69.71531513383312,69.7367661829509,69.05047441826999,69.17915344238281,1315300
2011-06-29,69.04332235206196,69.10765913037717,68.72162209813129,68.76451873779297,1376300
2011-06-30,68.91459357721435,68.9217439210143,68.28549422156021,68.52855682373047,1948200
2011-07-01,68.6224469777507,68.65111198029457,68.25697502942904,68.3572998046875,1921800
2011-07-05,68.6439804890074,68.80879750626235,68.60814785014689,68.78730010986328,2896800
2011-07-06,68.9592963296091,69.08111856486673,68.85180387079032,68.90913391113281,1234900
2011-07-07,68.67266221698776,68.69415961861787,68.54367233991269,68.64399719238281,1289100
2011-07-08,69.21011428960834,69.43942900312601,69.18144926700688,69.37493133544922,1278100
2011-07-11,69.6902275084596,69.91237455612506,69.60423245744734,69.90521240234375,1158800
2011-07-12,70.00553894042969,70.0270363368853,69.76905664483175,70.00553894042969,1205400
2011-07-13,69.86220618829657,70.12735347251409,69.72605420324865,70.12018585205078,1247900
2011-07-14,69.86217635583452,70.02699875235342,69.71168919412084,69.71885681152344,959000
2011-07-15,69.61856940234935,70.04136611209134,69.60423415985022,70.00553894042969,874200
2011-07-18,70.07000920059818,70.15600422680062,69.91235438620606,69.96251678466797,883600
2011-07-19,69.89086931373221,70.22767639160156,69.8263771331831,70.22767639160156,1211400
2011-07-20,70.0198702387929,70.0700326540449,69.84788559611368,69.88371276855469,752900
2011-07-21,69.7188510169684,69.79767839997496,69.36054671868033,69.4967041015625,1211000
2011-07-22,69.64721676342967,69.76903895732309,69.61138413355903,69.76187133789062,813700
2011-07-25,69.51104599359694,69.88368012321244,69.4537159837205,69.53971099853516,1541700
2011-07-26,69.64721986551369,69.91952927586738,69.61855485379878,69.83353424072266,655600
2011-07-27,69.73318657903847,69.89800897555737,69.56120203240714,69.71885681152344,1066600
2011-07-28,69.93381762895692,69.96965023920126,69.7976657380636,69.85499572753906,671500
2011-07-29,70.24920860755063,70.79383320486842,70.22771120337804,70.70067596435547,1602200
2011-08-01,70.62020307671257,71.10867587537294,70.6130236023973,70.95782470703125,2389600
2011-08-02,71.2020337781226,71.68332141870602,71.07273204836008,71.61148834228516,2287600
2011-08-03,71.61146689808916,71.92753343579668,71.53962836266807,71.66893005371094,1922600
2011-08-04,71.76957939357479,72.63158793218098,71.74084504488569,72.61721801757812,2813700
2011-08-05,72.04967624021424,72.48068017331222,71.68332043085039,71.77670288085938,3041500
2011-08-08,72.27241331126116,73.01230494266802,72.22212957360777,72.9189224243164,5178100
2011-08-09,72.7033809388785,74.53515492311217,72.55252980190251,73.34270477294922,3768400
2011-08-10,73.88141233021679,74.4848219596455,73.61562951817353,74.31241607666016,2768900
2011-08-11,73.82396246880967,74.010732815933,73.03378781938058,73.2205581665039,2344700
2011-08-12,73.45045319971486,73.76652536333609,73.36425020585999,73.73060607910156,1176300
2011-08-15,73.65160679527722,73.78809353351194,73.45047190557219,73.45765686035156,986300
2011-08-16,73.49354224061489,74.01074917434327,73.47917781712802,73.79524993896484,2025400
2011-08-17,73.92451654121811,74.31241607666016,73.71619687632665,74.31241607666016,826200
2011-08-18,74.80810024579814,75.22473972510083,74.52794743604576,74.70034790039062,2211800
2011-08-19,74.68605167575215,74.77943420410156,74.43463296056763,74.77943420410156,683200
2011-08-22,74.44893559623586,74.67161977619197,74.40583684669916,74.64289093017578,913600
2011-08-23,74.42021982975884,74.80094016031589,74.3196524020839,74.34120178222656,1414200
2011-08-24,74.2262588639564,74.24062328840579,73.54383087158203,73.54383087158203,1089800
2011-08-25,73.73777260118466,74.07539405875228,73.67311900182544,73.99637603759766,1391200
2011-08-26,74.3267863280229,74.54228546201652,74.00352940626746,74.2333984375,1080300
2011-08-29,73.65162238562064,73.88149166258651,73.65162238562064,73.74501037597656,1106000
2011-08-30,74.12573358479838,74.40588660516224,74.10418419561901,74.25503540039062,693800
2011-08-31,74.42735496440504,74.43453991314784,73.97480184279011,73.98916625976562,1069300
2011-09-01,74.19010080917292,74.58606601656084,73.79413010905785,74.57886505126953,1566800
2011-09-02,75.05398006402882,75.34915902500853,74.88119546083679,75.26276397705078,1137900
2011-09-06,75.60112286508627,75.63711667512234,75.29154753661952,75.36354064941406,1200500
2011-09-07,75.06838276605595,75.22677095418715,74.9027991095362,74.96039581298828,945800
2011-09-08,75.1980086732109,75.34920146547725,75.01082753629115,75.32759857177734,935700
2011-09-09,75.46437416921015,75.80274802994654,75.4067774497815,75.69475555419922,1014200
2011-09-12,75.6227436615666,75.72353514922732,75.4499590388231,75.46435546875,2177800
2011-09-13,75.38515905626919,75.45715218914012,75.17637512603675,75.24117279052734,932600
2011-09-14,75.24118326456707,75.45716269324552,75.08999601667473,75.28437805175781,1214000
2011-09-15,74.72289276123047,74.8596837037908,74.58610181867014,74.72289276123047,1037900
2011-09-16,74.57882798175937,74.88840342268522,74.55003512035995,74.86680603027344,699000
2011-09-19,75.4211990414835,75.6155811543319,75.37799874428515,75.47879028320312,896500
2011-09-20,75.46432781110579,75.57952117919922,75.38513374372208,75.57952117919922,1005000
2011-09-21,75.55074847950328,76.00431016168768,75.442756033443,75.90351867675781,929500
2011-09-22,76.53713979343748,76.7891242416411,76.31395921755009,76.60913848876953,3436500
2011-09-23,76.56585441808674,76.63065207445797,75.96830105395819,75.97550201416016,1764700
2011-09-26,75.83876865123742,75.95396213078854,75.59399074628243,75.65878295898438,1214800
2011-09-27,75.11163612086466,75.24122604885011,74.9964426325541,75.15483093261719,1159700
2011-09-28,75.09717557397394,75.16917419433594,74.73000897520083,75.16917419433594,1270500
2011-09-29,75.03958436749733,75.37795261667036,74.94598835811615,75.16917419433594,1096000
2011-09-30,75.64435577392578,75.71634892301911,75.37797508028274,75.64435577392578,1604500
2011-10-03,75.8038354163633,76.34487915039062,75.7244818950701,76.34487915039062,2105600
2011-10-04,76.5107913762624,76.65507299860928,75.955322265625,75.955322265625,2056100
2011-10-05,75.8759388732694,75.9192205910408,75.57295584131164,75.63787841796875,1174300
2011-10-06,75.44311410353525,75.53689300438668,75.08962835401447,75.11127471923828,1336400
2011-10-07,74.72162628173828,74.93804012070136,74.48356610548363,74.72162628173828,2276300
2011-10-10,74.07966820800367,74.25280056457188,73.67568537097333,73.93538665771484,803900
2011-10-11,74.28886621096724,74.35378877541756,74.10130296292536,74.18065643310547,978400
2011-10-12,73.87764921637606,74.05078150187762,73.61794803623565,73.92814636230469,2324400
2011-10-13,74.15900780124483,74.47641614490077,74.08686428771736,74.22393035888672,1474100
2011-10-14,73.84161554993183,74.00753247050432,73.74783666020735,73.85604095458984,703100
2011-10-17,73.98587745818668,74.36100395288115,73.98587745818668,74.33936309814453,1274600
2011-10-18,74.41872435139092,74.6279229715767,74.0940949850553,74.26001739501953,912600
2011-10-19,74.1662003261378,74.51247039687938,74.115703180798,74.37540435791016,733400
2011-10-20,74.28164296819774,74.6279076165092,74.02194173007547,74.22393035888672,700200
2011-10-21,74.15902707720142,74.2960876802192,73.95703289210901,74.08688354492188,1276000
2011-10-24,74.13018051929319,74.16624678639987,73.96425807850804,74.05082702636719,1381500
2011-10-25,73.98587288886188,74.71447947473796,73.97866294024689,74.68562316894531,1020200
2011-10-26,74.47646796077527,74.65681586251354,74.122987614427,74.13741302490234,989900
2011-10-27,73.68295407789509,73.81280481511389,73.12026938454105,73.24290466308594,1636600
2011-10-28,73.50977473316775,73.776685992339,73.4953438250197,73.68290710449219,936300
2011-10-31,74.15180865223482,74.67121124267578,74.11573688754031,74.67121124267578,1182700
2011-11-01,75.34275148261283,75.5957481937872,75.07529466513436,75.56683349609375,2251700
2011-11-02,75.10415903152077,75.4655842381066,75.04632967488838,75.38607025146484,1088000
2011-11-03,75.0318832397461,75.299334392115,74.96682382774313,75.0318832397461,739700
2011-11-04,75.04633127106119,75.3282424970013,75.00296201011999,75.2559585571289,735400
2011-11-07,75.21262955254603,75.6463389388275,75.15480016373142,75.34274291992188,844100
2011-11-08,75.25599502164663,75.46562240928712,74.9523990181316,75.00299835205078,418300
2011-11-09,75.63188503545499,75.81982780705543,75.0102328420119,75.66802978515625,760300
2011-11-10,75.35715339060201,75.55955061804235,75.06078208262805,75.29932403564453,664200
2011-11-11,75.09693758316698,75.11139768143651,74.87285569419386,74.9523696899414,323600
2011-11-14,75.23431160552326,75.47285368998885,75.1981668600295,75.42224884033203,586500
2011-11-15,75.46560309078393,75.66077032453576,75.24151565658012,75.32102966308594,480100
2011-11-16,75.54517243152229,75.6102263854519,75.34999953990068,75.59577178955078,335200
2011-11-17,75.47283158279583,75.90654082711137,75.4150022129105,75.74751281738281,805500
2011-11-18,75.61742759381326,75.68971157557623,75.3572008475351,75.46562957763672,1883100
2011-11-21,75.71857830401092,75.83423701349405,75.63906431996898,75.67520904541016,692300
2011-11-22,75.74751190917037,75.92099450183409,75.58125385147152,75.90653991699219,2619500
2011-11-23,75.74032413980412,76.21017837567916,75.68972479224313,76.16680908203125,2189500
2011-11-25,75.88487507396489,75.88487507396489,75.66801764039208,75.6824722290039,466700
2011-11-28,75.14752893353655,75.78363531719403,75.11861425497334,75.68966674804688,1286600
2011-11-29,75.45840666156785,75.72586348579169,75.27046387927773,75.54515075683594,602100
2011-11-30,75.19809450354927,75.32097769612626,75.03906660025739,75.1041259765625,962800
2011-12-01,74.95934582080349,75.23455688872535,74.80725505756641,75.08246612548828,1027100
2011-12-02,74.95209502341379,75.44458172301327,74.93761255822682,75.41561126708984,892400
2011-12-05,75.01000906664981,75.47352514429424,75.01000906664981,75.37213134765625,979100
2011-12-06,75.15482747810252,75.33588855044843,75.06792169972555,75.17655944824219,543000
2011-12-07,75.3286910224448,75.57493156238999,75.25626765925789,75.5169906616211,739300
2011-12-08,75.48803670978997,75.90809448755338,75.40836934103932,75.9008560180664,658200
2011-12-09,75.83567440785855,75.8791273288648,75.37940216064453,75.37940216064453,961100
2011-12-12,75.66186318097107,75.81395394206842,75.5894397983842,75.64013671875,1068900
2011-12-13,75.49530609007905,76.05297789966677,75.43012668471378,75.98779296875,512500
2011-12-14,76.0601657050882,76.32089420396956,75.98050388233627,76.30641174316406,760100
2011-12-15,76.08188941316476,76.31364743969112,76.06740142838656,76.24121856689453,968900
2011-12-16,76.35713400142525,76.69752996164702,76.35713400142525,76.6106185913086,748700
2011-12-19,76.58889808080545,76.90032360844444,76.5382011588898,76.87135314941406,1126600
2011-12-20,76.55266071177199,76.55266071177199,76.17605590820312,76.17605590820312,1365000
2011-12-21,76.27746477647321,76.31367922795654,75.9225863592445,75.92982482910156,479000
2011-12-22,76.15433583238055,76.27745611256015,76.00224509941478,76.02397155761719,731900
2011-12-23,75.84291157908451,75.886364496181,75.59666548925685,75.7125473022461,435500
2011-12-27,75.76986452912689,75.77712164398824,75.63926413940636,75.75535583496094,616500
2011-12-28,75.87870127156916,76.31403407118776,75.84967834685366,76.23422241210938,919900
2011-12-29,76.20527750599297,76.41568977393169,76.11821417826836,76.32862091064453,556000
2011-12-30,76.42287572262491,76.93802022896284,76.38659567948612,76.59700775146484,1230000
2012-01-03,76.11090850830078,76.32132064202777,76.01658258268166,76.11090850830078,1297700
2012-01-04,76.10363787146846,76.1326608022296,75.78439116865412,75.8714599609375,1789000
2012-01-05,75.93675008244756,76.19069376416552,75.83516707420328,75.88595581054688,1311300
2012-01-06,75.9802862046996,76.22697278568077,75.9802862046996,76.18344116210938,998200
2012-01-09,76.13988907834465,76.3793184792057,76.11086615857691,76.19792938232422,379900
2012-01-10,75.99477401874398,76.19067734209952,75.9584995209212,76.04556274414062,1636100
2012-01-11,76.24148024999693,76.50993261893579,76.24148024999693,76.48816680908203,931600
2012-01-12,76.44471272836074,76.4809928052877,76.24880916985528,76.32862091064453,685000
2012-01-13,76.69132910539876,76.8437008601058,76.6477974815153,76.66956329345703,554000
2012-01-17,76.63326691861062,76.78563309428351,76.61875269108603,76.74209594726562,1158100
2012-01-18,76.85095726029444,76.85095726029444,76.46641313038627,76.50269317626953,455200
2012-01-19,76.35030063207637,76.401089357473,75.9584995209212,76.04556274414062,1587200
2012-01-20,75.90044683146367,76.02379007692966,75.7625893597338,75.78435516357422,650600
2012-01-23,75.55943158526853,75.69003193886915,75.45785414752973,75.61747741699219,734000
2012-01-24,75.7045669555664,75.7045669555664,75.4941604296201,75.7045669555664,1388100
2012-01-25,75.66103477627367,76.50268301607866,75.62476027076576,76.06734466552734,1149200
2012-01-26,76.2704703312109,76.51715678406728,76.2704703312109,76.47362518310547,1055000
2012-01-27,76.58975697464116,76.72761450730941,76.45190497753077,76.70584869384766,767600
2012-01-30,76.98152681864441,77.13389298627602,76.92348098272124,76.9670181274414,1152400
2012-01-31,76.85818969049363,77.26449950320595,76.85818969049363,77.25724792480469,1001800
2012-02-01,77.07630761490874,77.10538270773641,76.93093215077047,76.98908233642578,1698800
2012-02-02,77.03269158977513,77.14171624727882,76.96000109076402,77.09810638427734,839900
2012-02-03,76.52381983623687,76.61831518526351,76.38571466181435,76.48748016357422,1112600
2012-02-06,76.51658813152974,76.74918322635149,76.42936843691189,76.69830322265625,2968500
2012-02-07,76.37128202590822,76.42943223452924,76.14595689938808,76.2041015625,1164900
2012-02-08,76.19677711342325,76.320342050584,76.12409218247602,76.24038696289062,404800
2012-02-09,76.1022958151782,76.17498630510087,75.86970066574072,76.06595611572266,1802500
2012-02-10,76.4293819703832,76.56748169314983,76.33488655714208,76.49479675292969,1322600
2012-02-13,76.34940359369133,76.53838881704682,76.32032851736712,76.44389343261719,299300
2012-02-14,76.5529407921516,76.72012113222331,76.4875260148442,76.60382080078125,615500
2012-02-15,76.5819940889703,76.81458914018077,76.57472393394713,76.66194915771484,344100
2012-02-16,76.47297473524623,76.56746458186528,76.18222949383588,76.31306457519531,1540500
2012-02-17,76.08046851845738,76.26218359882753,76.05866359609362,76.23310852050781,653600
2012-02-21,76.08042826166859,76.10950332460368,75.86237360790716,75.95686340332031,635300
2012-02-22,76.0732134856191,76.32034336419417,76.0732134856191,76.25492858886719,538200
2012-02-23,76.18949246772958,76.45843276114519,76.0877324746542,76.36393737792969,805900
2012-02-24,76.41482609624802,76.4729762547864,76.36394609390302,76.4220962524414,360100
2012-02-27,76.75645349694094,76.80006888981924,76.6474233330019,76.67649841308594,588600
2012-02-28,76.82187501427605,76.90183009938077,76.65469468755582,76.71284484863281,817900
2012-02-29,76.68375953647075,76.70556445758912,76.31305924094673,76.40755462646484,787500
2012-03-01,76.06538364603897,76.1818667932372,75.96345325482085,76.16002655029297,1185200
2012-03-02,76.24740466597865,76.51677510921719,76.24740466597865,76.46581268310547,360100
2012-03-05,76.40029378774523,76.50949502169959,76.28380506554325,76.31292724609375,1406100
2012-03-06,76.61139187947312,76.74971523340027,76.58954608776146,76.63323211669922,605800
2012-03-07,76.59681658760012,76.6259387510508,76.45121132483145,76.48760986328125,436100
2012-03-08,76.42210916610465,76.49491181654626,76.23281783136753,76.2619400024414,329900
2012-03-09,76.17461316532012,76.23285753780489,76.02900778859728,76.2037353515625,286800
2012-03-12,76.34203105467988,76.37115322822203,76.1818618774414,76.1818618774414,503100
2012-03-13,76.00717284461153,76.03629503288732,75.62131357031387,75.63587188720703,618600
2012-03-14,75.27181800962406,75.30822211673365,74.71123141975008,74.76947021484375,1733100
2012-03-15,74.67487033299392,74.91512424755938,74.67487033299392,74.74767303466797,2302300
2012-03-16,74.43453773084894,74.73303571299611,74.36901703495374,74.72575378417969,681200
2012-03-19,74.62384957954566,74.66753005552263,74.13606574951692,74.2671127319336,1133200
2012-03-20,74.33993957291258,74.44186441969056,74.09240383467494,74.30353546142578,769100
2012-03-21,74.45639534913963,74.71848930289049,74.44911897310831,74.68209075927734,458100
2012-03-22,74.8568179704095,74.91506230538648,74.7184890634605,74.7767333984375,326200
2012-03-23,74.97331910152795,75.16988682163957,74.9514733064165,75.05339813232422,396100
2012-03-26,75.00242485042389,75.08250942410116,74.74761282258058,74.96602630615234,471700
2012-03-27,75.10439008671678,75.43200490969906,75.08982621865772,75.38104248046875,579200
2012-03-28,75.24998474121094,75.52663709562802,75.24998474121094,75.24998474121094,314700
2012-03-29,75.51936882272773,75.56304931640625,75.4028801002677,75.56304931640625,727700
2012-03-30,75.54850190141116,75.65043233300558,75.09712188979934,75.19176483154297,502600
2012-04-02,75.5031592234729,75.51045365883742,75.29895954545786,75.37188720703125,1433800
2012-04-03,75.48859130159303,75.61986334478837,74.75930340918006,74.81764221191406,833100
2012-04-04,75.12389549402607,75.20411755193265,75.04367343611949,75.19682312011719,461300
2012-04-05,75.53230285644531,75.55418059024711,75.32810325559947,75.53230285644531,456400
2012-04-09,76.32723455671514,76.40016219595158,76.23242361808778,76.30535125732422,573700
2012-04-10,76.4292946580716,76.72100506346858,76.37095035138447,76.66266632080078,900500
2012-04-11,76.36370086669922,76.45121737823867,76.29077322242765,76.36370086669922,435000
2012-04-12,76.4220577576025,76.44393549807444,76.18868591919603,76.21056365966797,451500
2012-04-13,76.5023108244303,76.68463282088317,76.48043307510007,76.6700439453125,461400
2012-04-16,76.64083788965692,76.88150415398748,76.61167127945623,76.64813232421875,1179600
2012-04-17,76.5533259358119,76.63354802287918,76.48768715365536,76.56790924072266,923400
2012-04-18,76.67730622623267,76.74294501072157,76.63355074592236,76.72106170654297,502900
2012-04-19,76.8012687991201,76.86690757079141,76.77209662993533,76.80856323242188,408800
2012-04-20,76.67002654869032,76.81588745117188,76.6262710599581,76.81588745117188,377500
2012-04-23,77.0127496048641,77.1002660973637,76.94711640850545,76.968994140625,746600
2012-04-24,76.88881396437144,76.91069170840862,76.75754193612399,76.77212524414062,506100
2012-04-25,76.58976774117203,76.80855620803769,76.40744587345792,76.67728424072266,681200
2012-04-26,76.9398429569853,76.96172069507062,76.8012765304143,76.93254852294922,314300
2012-04-27,76.88151484498357,77.02008130081056,76.87422597343148,77.01278686523438,368100
2012-04-30,77.0783920288086,77.16590296144624,77.04192543086181,77.0783920288086,1820300
2012-05-01,77.17916724868934,77.208380275495,76.85776822504627,76.93811798095703,864100
2012-05-02,77.11347002092751,77.14268863804642,76.98198903033307,77.0842514038086,1030200
2012-05-03,76.92352604679755,77.1207502531113,76.92352604679755,77.07691955566406,360000
2012-05-04,77.19381743777869,77.38373565673828,77.18651139050453,77.38373565673828,814100
2012-05-07,77.41296285586473,77.45678799860622,77.33261304558413,77.36183166503906,490800
2012-05-08,77.5152120661417,77.7051247010061,77.50059997245621,77.53712463378906,522300
2012-05-09,77.74899078296212,77.79281593819616,77.5298538610251,77.60289764404297,961400
2012-05-10,77.42759417401606,77.52255053799138,77.3180257091931,77.49333190917969,347000
2012-05-11,77.74899291992188,77.77090549814118,77.62481235520659,77.74899291992188,403500
2012-05-14,78.07036701067169,78.15802287433844,77.96080414719097,78.09228515625,650200
2012-05-15,78.04116268325659,78.158037189552,77.98273100299208,78.11421203613281,922100
2012-05-16,77.90230698900281,78.21639995946602,77.88039443315992,78.17256927490234,761600
2012-05-17,78.09958881159749,78.47211928124544,78.08498228683275,78.46481323242188,764000
2012-05-18,78.23101554081566,78.47937087253914,78.2091029824327,78.41362762451172,831900
2012-05-21,78.28950967215596,78.34794691892134,78.20915985107422,78.20915985107422,791600
2012-05-22,78.00457284850431,78.11414120558358,77.88769844818559,78.04109191894531,538300
2012-05-23,78.25297460851509,78.4501988969382,78.21645551379802,78.24567413330078,658000
2012-05-24,78.12881369521493,78.18725094472175,78.04846387036378,78.07768249511719,417700
2012-05-25,78.23833183528119,78.34059416971901,78.20180718460514,78.30406951904297,370400
2012-05-29,78.3479106789396,78.50130420108428,78.23834228515625,78.23834228515625,865400
2012-05-30,78.77888134808214,79.04184329309254,78.74966273498315,78.98340606689453,645600
2012-05-31,79.13681539597695,79.53856444014744,79.10760234992976,79.29021453857422,2994300
2012-06-01,79.78845126352768,80.01525150547666,79.67871551286402,79.97135162353516,2186400
2012-06-04,79.6274826876693,79.73722399883184,79.4811646605692,79.51042938232422,849500
2012-06-05,79.38600759172374,79.4884312613456,79.2396840767844,79.24700164794922,836700
2012-06-06,79.2250891022889,79.24703624369312,78.70565295625204,78.72760009765625,1492800
2012-06-07,78.7056511639106,78.96902801811089,78.65443930790907,78.91781616210938,631800
2012-06-08,79.29825519748663,79.32751991586915,78.91050744684817,78.97634887695312,468000
2012-06-11,78.80078973097682,79.24706705193736,78.80078973097682,79.18853759765625,1050900
2012-06-12,78.95441826942935,79.08610673889379,78.74957077952365,78.76420593261719,569700
2012-06-13,78.90318609961159,79.23972197241001,78.80076238100659,79.18119812011719,1332100
2012-06-14,79.13001601827536,79.19585746999275,78.888586198626,78.96906280517578,802600
2012-06-15,79.29823369552658,79.4079749642858,79.20312757282741,79.3348159790039,769400
2012-06-18,79.34945817735482,79.40067003337333,79.18850503510417,79.31288146972656,718800
2012-06-19,79.13732724812155,79.16659197582699,78.9251621585142,79.04222106933594,1536800
2012-06-20,78.7934314498694,79.10070813527119,78.66906061002776,78.8812255859375,913100
2012-06-21,78.96173585575123,79.1592657691346,78.91784155981614,79.04953002929688,1655900
2012-06-22,78.7421812391775,78.88118715814886,78.69828698336354,78.70560455322266,1770300
2012-06-25,79.00558729775,79.14459326837928,78.99827530684395,79.13727569580078,594900
2012-06-26,78.93976092860339,79.10071406595937,78.88123150016966,78.96170806884766,2395600
2012-06-27,79.06414696319618,79.1007292584118,78.90319379492678,79.07146453857422,3445300
2012-06-28,79.35680989371318,79.4080217717649,79.26901571062051,79.32754516601562,413400
2012-06-29,78.88123150016966,79.04218463752565,78.8519667859528,78.96170806884766,646900
2012-07-02,79.13026365347736,79.5259156425403,79.11561236053264,79.32808685302734,1580800
2012-07-03,79.31339030795627,79.32804159254172,79.09358190945609,79.13021850585938,588000
2012-07-05,79.2327853273115,79.39397738936164,79.18882588855571,79.34268951416016,1602600
2012-07-06,79.58450850983328,79.68708430006635,79.54054346404675,79.62113952636719,1146900
2012-07-09,79.69440155707598,79.85559367040568,79.67242183070573,79.8409423828125,495300
2012-07-10,79.78231614413349,79.92152851380378,79.76033642049296,79.8775634765625,631900
2012-07-11,79.91421789233331,80.11204103916175,79.77500549162644,79.80431365966797,825800
2012-07-12,79.92152573615527,80.00944462766178,79.89221757566644,79.98746490478516,840400
2012-07-13,79.95820085256697,79.95820085256697,79.79701426590114,79.92156982421875,307900
2012-07-16,80.1706415730839,80.25856605987798,80.06806580013766,80.09737396240234,349400
2012-07-17,79.97282322638762,80.08272744393321,79.86291900884203,79.89222717285156,637900
2012-07-18,80.02408908390217,80.06804852283334,79.95814433554627,79.9728012084961,606000
2012-07-19,79.90686344141042,80.00943920118438,79.81894455586684,79.85557556152344,949100
2012-07-20,80.07538408587732,80.22924772578915,80.07538408587732,80.1706314086914,250900
2012-07-23,80.40507360140357,80.42705331804537,80.2438815594191,80.30249786376953,1675600
2012-07-24,80.18525403612628,80.51496089655514,80.1705971681319,80.45634460449219,905500
2012-07-25,80.4197625284245,80.50768143003687,80.36847463916372,80.50035858154297,1246800
2012-07-26,80.34653471549493,80.40514548228397,80.22930200198992,80.25128173828125,742000
2012-07-27,79.99477025179426,79.99477025179426,79.39396711009566,79.6723861694336,1072300
2012-07-30,79.70175504973606,79.95087173681638,79.65046714209639,79.92888641357422,666000
2012-07-31,80.05341817118632,80.09737762161144,79.81895845231797,80.06806945800781,2209700
2012-08-01,79.86405801171439,80.01815566830628,79.6512682156286,79.77600860595703,977300
2012-08-02,80.01817616639143,80.18694130283075,79.93012113981894,79.96681213378906,620000
2012-08-03,79.6292941180138,79.71000984991394,79.38715252057472,79.548583984375,765500
2012-08-06,79.59991455078125,79.73199427485687,79.5632235614373,79.59991455078125,850800
2012-08-07,79.23300463659606,79.26235070185889,79.09358563443931,79.181640625,1228200
2012-08-08,79.21103060765996,79.29174632752789,79.01291376687716,79.07161712646484,862800
2012-08-09,78.97617218337281,79.1229304883434,78.82208016184639,79.01286315917969,833700
2012-08-10,79.35044672905474,79.3797984077544,79.01291082139913,79.2403793334961,466900
2012-08-13,79.32111329369658,79.38715598552527,79.18903350830078,79.18903350830078,729500
2012-08-14,78.88084084893941,78.97622961784789,78.80012512207031,78.80012512207031,642100
2012-08-15,78.61665743316111,78.66802146209308,78.36717660642276,78.40386199951172,934600
2012-08-16,78.42586149984326,78.49924347051135,78.09566502487034,78.21306610107422,861400
2012-08-17,78.27911238031805,78.44054376605074,78.27911238031805,78.30846405029297,784300
2012-08-20,78.29376707175373,78.45519841966265,78.27909403933353,78.35247039794922,1000100
2012-08-21,78.27181304732393,78.43324451552162,78.088369214965,78.41857147216797,684500
2012-08-22,78.70471540853816,79.02757263183594,78.64601205948058,79.02757263183594,730600
2012-08-23,79.1449493219362,79.25501666012198,79.02754266833605,79.16696166992188,440200
2012-08-24,79.29908845321006,79.35045249510178,79.10097160541646,79.13031768798828,311500
2012-08-27,79.25507680546434,79.34312626422633,79.23306444077384,79.3357925415039,467400
2012-08-28,79.38710939750294,79.51918910538826,79.35041841265657,79.36509704589844,615000
2012-08-29,79.36509795119373,79.36509795119373,79.18898793983226,79.31372833251953,764700
2012-08-30,79.50451970343792,79.57789608339212,79.45315567764409,79.46049499511719,642200
2012-08-31,79.46052640911574,79.97416687011719,79.4091623630156,79.97416687011719,912700
2012-09-04,79.7985482328779,79.96755315212164,79.73976342566027,79.79119873046875,1200200
2012-09-05,79.76914656886868,79.85732376945862,79.68097497430584,79.76180267333984,782300
2012-09-06,79.40172344284429,79.41642244104442,79.20333181534467,79.21802520751953,1376700
2012-09-07,79.74716561155395,79.77655803458033,79.32098388671875,79.32098388671875,2748500
2012-09-10,79.3870355198413,79.43112130542835,79.22538016465464,79.3576431274414,1614100
2012-09-11,79.30620679950499,79.32090019249894,79.14455144644383,79.21068572998047,375200
2012-09-12,78.90945865466874,79.21072662382194,78.769846122034,78.82128143310547,660700
2012-09-13,79.0343122350095,79.18861805118652,78.45382524690112,79.04901123046875,1458700
2012-09-14,78.60816788469727,79.04904262113666,78.1966799387976,78.30690002441406,1050800
2012-09-17,78.38036682945538,78.5934574690925,78.36567343631947,78.46854400634766,745300
2012-09-18,78.78452363720686,78.82860943294823,78.6302177460852,78.66695404052734,578700
2012-09-19,78.8873888706286,78.92413076860095,78.7551258863653,78.85064697265625,437200
2012-09-20,79.12987846377796,79.16661475875115,78.79921817285715,78.89474487304688,422300
2012-09-21,78.81390900031361,79.07108546255714,78.7918661044108,79.06373596191406,682000
2012-09-24,79.16663409077115,79.30624662143207,79.16663409077115,79.2401123046875,943800
2012-09-25,79.32089832008852,79.54133845197298,79.13720007885993,79.53398895263672,471900
2012-09-26,79.71769257449814,79.86465454101562,79.67360678755581,79.86465454101562,444600
2012-09-27,79.67362818215267,79.75445588393532,79.59280048037,79.69567108154297,295400
2012-09-28,79.7838482851315,79.87201988269271,79.62219288156618,79.69567108154297,612500
2012-10-01,79.76260147139992,79.85824688018592,79.63016634436852,79.8435287475586,1213500
2012-10-02,79.68170287646292,79.87299377636542,79.67434380698197,79.79206085205078,846500
2012-10-03,79.78469184718448,79.87297821044922,79.68168734782613,79.87297821044922,938000
2012-10-04,79.6963890559311,79.76996288644263,79.52716419376353,79.55659484863281,376700
2012-10-05,79.28435212412415,79.32113622390762,79.14455795030953,79.19606018066406,805200
2012-10-08,79.37264987385325,79.46830089636049,79.35793735448755,79.45358276367188,403700
2012-10-09,79.24023054005643,79.42416794206522,79.2255180177583,79.29173278808594,387200
2012-10-10,79.16664446070475,79.51244762114298,79.11514222063882,79.48301696777344,318100
2012-10-11,79.23286887171747,79.563953915681,79.1887200827518,79.55659484863281,1217500
2012-10-12,79.61547472784729,79.7405508302219,79.54190088017545,79.56397247314453,427900
2012-10-15,79.59334233951077,79.64484455487487,79.50505042174925,79.58598327636719,635000
2012-10-16,79.4094577303801,79.4094577303801,79.21080780029297,79.21080780029297,585500
2012-10-17,78.97539030819799,79.00482097732633,78.68109484356698,78.71052551269531,597300
2012-10-18,78.7840543595938,78.85762818370955,78.54125568802114,78.57068634033203,1157500
2012-10-19,78.68841874316075,78.97536064272046,78.6663471529368,78.90178680419922,808100
2012-10-22,78.74731123997925,78.8208851076327,78.63694763183594,78.63694763183594,760000
2012-10-23,78.87238986079295,79.0121841430664,78.87238986079295,79.0121841430664,414600
2012-10-24,78.83562035879199,78.96069652228066,78.79147153795729,78.84297943115234,682400
2012-10-25,78.46771337679357,78.7546553354079,78.42356457393544,78.55599975585938,437300
2012-10-26,78.82825474492212,79.06369452096843,78.80618314300013,79.05633544921875,414800
2012-10-31,79.2328420128814,79.44620997836243,79.20341136798869,79.37998962402344,728100
2012-11-01,79.30266046861571,79.33213073097623,79.12584451533043,79.22161865234375,918300
2012-11-02,79.04480027884303,79.30265804050512,79.01533001738484,79.28792572021484,527200
2012-11-05,79.45003717242498,79.56054929419527,79.42793587224693,79.47950744628906,805400
2012-11-06,79.41321216439238,79.46478374403151,79.10378268655751,79.11851501464844,486000
2012-11-07,79.81101781064993,79.96573248237316,79.71523804657495,79.78154754638672,979800
2012-11-08,79.76683812619122,80.14994607772338,79.67843292266855,80.13520812988281,514700
2012-11-09,80.09093792829596,80.17197971037615,79.97306254946369,80.14250946044922,368200
2012-11-12,80.14251263328549,80.20882210346512,80.08357213109818,80.19408416748047,267900
2012-11-13,80.29728797426847,80.30465694783483,80.16467455447355,80.28992462158203,1608900
2012-11-14,80.08362615331984,80.32675167319155,80.06152485530959,80.31201934814453,1477300
2012-11-15,80.1498944833593,80.35618065329453,80.1351565450059,80.27513885498047,1448500
2012-11-16,80.260424945633,80.45197322114737,80.23832365391041,80.32672882080078,578100
2012-11-19,80.09833083809202,80.17200367449308,80.06886057935618,80.16463470458984,712300
2012-11-20,80.03941613962985,80.08361873155388,79.8331298828125,79.8331298828125,970700
2012-11-21,79.7151870727539,79.77412756359087,79.68572244821,79.7151870727539,291500
2012-11-23,79.71523071909962,79.72259968970762,79.66365916659905,79.67102813720703,466000
2012-11-26,79.86258279662589,79.95098796126318,79.7815409817899,79.80364227294922,1522400
2012-11-27,79.85522535813236,79.99520771686038,79.81102276943025,79.98783874511719,579100
2012-11-28,80.1351602169341,80.20883867032408,80.05412403578339,80.09095764160156,1057500
2012-11-29,80.09097051404875,80.20148259101873,80.04676793161185,80.17201232910156,814200
2012-11-30,80.23092226695181,80.2382912348413,80.1277792000012,80.1572494506836,557800
2012-12-03,79.99282208713123,80.14035362474209,79.9411854861707,80.12560272216797,750400
2012-12-04,80.17718468288926,80.27307955418785,80.15505553012525,80.26570129394531,479300
2012-12-05,80.34685843888398,80.4501315873481,80.30997838755508,80.33210754394531,505500
2012-12-06,80.479699923413,80.51658563062662,80.36904842974087,80.37642669677734,443700
2012-12-07,80.17717434035255,80.30257660848127,80.13291041257082,80.14766693115234,515700
2012-12-10,80.25096585374678,80.27309501077177,80.14769270232043,80.2214584350586,707500
2012-12-11,80.04444493263765,80.07395236068251,79.97805181254508,80.06657409667969,734300
2012-12-12,79.9780155813488,80.11079613341599,79.72721099853516,79.72721099853516,1165600
2012-12-13,79.6313129752027,79.74196437670064,79.52066720166883,79.57230377197266,862900
2012-12-14,79.66823037144023,79.77888181699382,79.66823037144023,79.74937438964844,380700
2012-12-17,79.67558544549956,79.69033634089581,79.30675115298187,79.3288803100586,660100
2012-12-18,79.28461170452381,79.32887001293237,78.93052835336347,79.01905059814453,846400
2012-12-19,79.12971496582031,79.32151039393877,79.09283490946713,79.12971496582031,675300
2012-12-20,79.24037318618666,79.35840288375529,79.14447827788645,79.18135833740234,377100
2012-12-21,79.47642293665007,79.52805951973521,79.38052803319636,79.39527893066406,499200
2012-12-24,79.33630563557452,79.35843480577869,79.29941993325556,79.31417083740234,903400
2012-12-26,79.40352461419965,79.51433166684645,79.3961416103358,79.4773941040039,780000
2012-12-27,79.44042921603035,79.79500487432439,79.42565194267233,79.63987731933594,446700
2012-12-28,79.78766066074017,79.83198123060288,79.70640252540437,79.82459259033203,552200
2012-12-31,79.71377952814504,79.75071145234516,79.37396975586948,79.40351867675781,1742800
2013-01-02,79.04155731201172,79.15236436065328,79.00461975050433,79.04155731201172,2561300
2013-01-03,79.0637124232318,79.07848970122048,78.62787853253045,78.63526153564453,2131900
2013-01-04,78.55398452381642,78.67218017578125,78.45795478350416,78.67218017578125,975400
2013-01-07,78.6722550288422,78.74612456366427,78.61315714663085,78.7165756225586,1387400
2013-01-08,78.82734933827516,78.92337912926112,78.81257769192419,78.90860748291016,364200
2013-01-09,78.93078160318022,79.02681704687848,78.84952344430455,78.95294189453125,517700
2013-01-10,78.73127321928823,78.87162350262237,78.69433567132324,78.72388458251953,689100
2013-01-11,78.60573689187449,78.97509002685547,78.57618796477023,78.97509002685547,553900
2013-01-14,79.05636573432844,79.08591467010521,78.93078698418952,78.94556427001953,971700
2013-01-15,79.20409025731468,79.24102219072478,79.10805483150845,79.13760375976562,428800
2013-01-16,79.26317849365613,79.29272178244582,79.1523714351109,79.24101257324219,534000
2013-01-17,78.9233336108967,78.97504843300368,78.79775496375336,78.87901306152344,436100
2013-01-18,79.0119925948935,79.13757126150554,78.98983231677131,79.10063934326172,560100
2013-01-22,78.94552107335814,79.20406707508221,78.93074379561382,79.16712951660156,595400
2013-01-23,79.22623895829804,79.30010845019719,79.15236946639891,79.2040786743164,603600
2013-01-24,79.1449907169507,79.15976799870579,78.97509142793898,79.07112121582031,376300
2013-01-25,78.69436219988742,78.7682316848409,78.49491402692499,78.54662322998047,570600
2013-01-28,78.22162369773396,78.40630030588535,78.22162369773396,78.38414001464844,1328000
2013-01-29,78.41363659822306,78.53921525531608,78.25112038980667,78.2658920288086,480600
2013-01-30,78.20679281028184,78.32498281931535,78.09598580214642,78.31021118164062,453200
2013-01-31,78.38407473241102,78.38407473241102,78.2511074598486,78.3766860961914,902500
2013-02-01,78.70958956479525,78.72438072647427,78.08085514854874,78.11044311523438,2587800
2013-02-04,78.35453539547508,78.60602463379128,78.32494743038013,78.5616455078125,693400
2013-02-05,78.2657741791691,78.31755170902576,78.20660389028114,78.28057098388672,797700
2013-02-06,78.45072148013166,78.55427657514879,78.36935595642827,78.51729583740234,816800
2013-02-07,78.51727189804043,78.73917318685127,78.50987349541509,78.55425262451172,970000
2013-02-08,78.56903183055118,78.64299891025307,78.38411130963323,78.61341094970703,952800
2013-02-11,78.55420248983967,78.63556793680644,78.53201293945312,78.53201293945312,558800
2013-02-12,78.4136876222665,78.53203380354456,78.3914980659847,78.45066833496094,531500
2013-02-13,78.19915335510822,78.31010674321135,78.13997746234338,78.17696380615234,610700
2013-02-14,78.36929292649073,78.51723268848154,78.2657379147596,78.50983428955078,988000
2013-02-15,78.43583679199219,78.480215881705,78.29529548347134,78.43583679199219,681700
2013-02-19,78.5468482054095,78.56163936513681,78.30275174495728,78.31015014648438,498800
2013-02-20,78.28053587007417,78.4950442956389,78.25094791723852,78.4802474975586,869900
2013-02-21,78.65040166115305,78.7761462679335,78.61341529759328,78.63560485839844,681000
2013-02-22,78.6577549101339,78.76131554741838,78.65036215579667,78.73172760009766,412800
2013-02-25,78.53201599162706,79.33827209472656,78.52462323676029,79.33827209472656,2909000
2013-02-26,79.19035339355469,79.42705140865684,79.13118312227353,79.19035339355469,860900
2013-02-27,79.3974874521644,79.4196826593457,79.08682227155644,79.15339660644531,398800
2013-02-28,79.23477817765209,79.27175891046839,79.13861585700663,79.26436614990234,534400
2013-03-01,79.38058937944629,79.48426727673089,79.32134325242033,79.46205139160156,876500
2013-03-04,79.40280265278462,79.4324257153232,79.27690887451172,79.27690887451172,572600
2013-03-05,79.21764281972743,79.24726587481341,79.10655777566005,79.19542694091797,224700
2013-03-06,78.95844075497409,79.07692731420043,78.9436264038086,78.9436264038086,1091700
2013-03-07,78.80299215788447,78.81780087184477,78.62525369021452,78.64006805419922,804500
2013-03-08,78.23270512768175,78.38081476767292,78.1808661886828,78.2401123046875,1651900
2013-03-11,78.31416035876201,78.35119059057088,78.24010554516435,78.27713012695312,1465800
2013-03-12,78.39568784505892,78.53639606346437,78.38828066250473,78.49195861816406,525300
2013-03-13,78.35123811023843,78.5067550081198,78.29199196341975,78.42529296875,1116500
2013-03-14,78.26972368837946,78.50670246703113,78.24750781069645,78.44745635986328,557400
2013-03-15,78.49193445252003,78.73632055134463,78.49193445252003,78.72151184082031,1184700
2013-03-18,79.00293641471892,79.0103435962934,78.86222821492403,78.98072052001953,1442000
2013-03-19,79.06958272540204,79.32137604434436,79.04736683108854,79.22510528564453,545300
2013-03-20,79.01769556571098,79.11397191571984,78.91401768879415,78.92142486572266,742800
2013-03-21,79.12882232666016,79.13622950749281,79.00292850262244,79.12882232666016,669700
2013-03-22,79.1806707901588,79.20288668529808,79.00293797902043,79.15845489501953,297000
2013-03-25,79.0251195350641,79.32875170342687,79.0029036495784,79.21766662597656,319500
2013-03-26,79.0547852754398,79.32879452773362,79.03997656046234,79.2991714477539,546300
2013-03-27,79.58055488579028,79.72867023479114,79.58055488579028,79.63980102539062,623700
2013-03-28,79.55832964228608,79.66200754938586,79.47686762241881,79.4916763305664,378400
2013-04-01,79.51022587085052,79.75494252656985,79.51022587085052,79.70303344726562,2471100
2013-04-02,79.58437495243511,79.60662089081069,79.51021993862823,79.54729461669922,984900
2013-04-03,79.65108404564603,79.955121168323,79.65108404564603,79.88096618652344,1234000
2013-04-04,80.02193215743223,80.20732259724724,79.99968055221395,80.19990539550781,584800
2013-04-05,80.48165135274476,80.6077154227489,80.40749635025199,80.45198822021484,663800
2013-04-08,80.407497317838,80.46682358361174,80.1850266500185,80.19244384765625,858200
2013-04-09,80.32594034834096,80.37043222727584,80.17763031344793,80.22212219238281,507800
2013-04-10,80.04415497990932,80.06640092103343,79.87359333518187,79.888427734375,340900
2013-04-11,79.97744750976562,80.06643697199631,79.93295560748436,79.97744750976562,1132200
2013-04-12,80.27406082115502,80.42237091064453,80.18507137286097,80.42237091064453,827700
2013-04-15,80.38528822812096,80.600341796875,80.35562508163763,80.600341796875,587300
2013-04-16,80.34816117197856,80.46681368893583,80.3333324361906,80.37040710449219,1226700
2013-04-17,80.41493488918273,80.6893090369888,80.38527174878048,80.51875305175781,988300
2013-04-18,80.57806681860507,80.65222182926146,80.51132334864906,80.563232421875,705600
2013-04-19,80.51875305175781,80.51875305175781,80.45200957143639,80.51875305175781,750500
2013-04-22,80.55581522350997,80.64480463089643,80.51874054701409,80.563232421875,379900
2013-04-23,80.65963968380105,80.85986445167755,80.4890837117071,80.5113296508789,449800
2013-04-24,80.50393384864888,80.60034048757028,80.49652230539847,80.54843139648438,279400
2013-04-25,80.4371961935376,80.48910528473976,80.37786990140182,80.45944213867188,293300
2013-04-26,80.66702400924191,80.77084212151237,80.64477807913579,80.74859619140625,433300
2013-04-29,80.8005052876736,80.82275121779078,80.70410437127823,80.71893310546875,810000
2013-04-30,80.83759043823349,80.93399136038707,80.67444606407885,80.70410919189453,752700
2013-05-01,80.8712241611717,81.0568448587495,80.8712241611717,80.9677505493164,803600
2013-05-02,80.92319772990571,80.97517129863974,80.87865057518917,80.9677505493164,921300
2013-05-03,80.5371200761218,80.5593936564959,80.2252786214944,80.27725219726562,879500
2013-05-06,80.29953006482738,80.32923006181018,80.10648291678677,80.17330932617188,434000
2013-05-07,80.04701394221433,80.14354026540056,80.04701394221433,80.0618667602539,544000
2013-05-08,80.1361813139009,80.25497563476526,80.1139077327823,80.15845489501953,1114400
2013-05-09,80.21784761576352,80.36634191955618,80.12132688476774,80.14360046386719,587300
2013-05-10,80.00250756008796,80.00250756008796,79.50504553153769,79.69066619873047,529700
2013-05-13,79.51986819890362,79.57184174312108,79.49759463205206,79.54956817626953,417600
2013-05-14,79.65347731898869,79.68317728220597,79.20056279313036,79.23026275634766,876900
2013-05-15,79.46788661987082,79.5421337234329,79.2451453091846,79.43818664550781,768200
2013-05-16,79.62377893430408,79.90592575811748,79.60893178474548,79.81682586669922,697900
2013-05-17,79.69065102403113,79.72035100488968,79.37138331066679,79.38623046875,365800
2013-05-20,79.51247921790475,79.53475845993546,79.24519062517176,79.32685852050781,1440000
2013-05-21,79.29711961261349,79.54956090009638,79.13377258438763,79.53471374511719,530600
2013-05-22,79.59411915873743,79.76489262067625,78.86648950450844,78.90361022949219,1797400
2013-05-23,79.15607164981493,79.17834522180476,78.79967750389935,78.98529815673828,950100
2013-05-24,79.07442989954176,79.20807704990344,78.97048274533769,79.01502990722656,349800
2013-05-28,78.76256842848525,78.81454199238419,78.07205927114589,78.08690643310547,1157000
2013-05-29,78.14628307597252,78.4061508178711,78.10173593870188,78.4061508178711,1588400
2013-05-30,78.3838971196602,78.51754423004377,78.26510283526002,78.4135971069336,578000
2013-05-31,78.48786345920635,78.51756345375128,77.83448057330212,78.19829559326172,1639400
2013-06-03,78.05101504749686,78.69040657875065,77.48596516871785,78.31123352050781,3269200
2013-06-04,78.13289173208594,78.30389590005191,78.07341720058616,78.11058807373047,1235100
2013-06-05,78.28152545388207,78.51944039393143,78.25178537733343,78.48970031738281,1298900
2013-06-06,78.42279519210967,79.05475626651386,78.2889676739255,78.58635711669922,2471900
2013-06-07,78.32612333741959,78.47482370232629,77.9766845703125,77.9766845703125,652300
2013-06-10,77.8280011396206,77.92465213654137,77.67186998813025,77.78339385986328,694600
2013-06-11,77.50829118361897,77.9766845703125,77.46368391031642,77.9766845703125,756100
2013-06-12,77.68677859107315,78.02878115359702,77.62730407714844,77.62730407714844,528700
2013-06-13,77.82056115928032,78.30382746656198,77.81313039455223,78.21460723876953,1180100
2013-06-14,78.37072155236403,78.54171984944195,78.2666284803254,78.31867218017578,599700
2013-06-17,78.40791922207184,78.42279209702757,78.08078404112365,78.13282775878906,478400
2013-06-18,77.95437594649088,78.1551200081875,77.90976867604212,78.08820343017578,429000
2013-06-19,78.13285936530394,79.99157242287431,76.93585337478335,77.01763153076172,1281500
2013-06-20,76.74252974549394,76.89866092933505,76.43769814441778,76.66818237304688,1982500
2013-06-21,76.51203555521678,76.57894647504472,75.85032876032643,75.8577651977539,1777200
2013-06-24,75.28531856868868,75.98419085174483,75.27788212787699,75.67192840576172,2731500
2013-06-25,75.88008449772062,75.92469745915281,75.5083419623842,75.58269500732422,772000
2013-06-26,76.0138956510432,76.0659393678776,75.65702607056141,75.88750457763672,1015300
2013-06-27,76.1997224770279,76.32611914912268,75.99898416401967,76.29637908935547,949000
2013-06-28,75.93207724560392,76.25177583824389,75.81312266377869,76.20716857910156,1017700
2013-07-01,76.0948112631355,76.29582803583084,75.96080197468675,76.23626708984375,1127100
2013-07-02,76.25114391285086,76.36281925107996,76.14691511184868,76.26603698730469,385400
2013-07-03,76.27347729461444,76.42237963786096,76.10969323710866,76.11713409423828,1233200
2013-07-05,75.112081643258,75.14186211754753,74.78450210611776,74.83661651611328,924100
2013-07-08,75.08972474132179,75.33540931903421,75.07483166870973,75.27584838867188,1137200
2013-07-09,75.40240478515625,75.484299637529,75.34284385978653,75.40240478515625,558400
2013-07-10,75.37264513066404,75.47687393881436,75.11951964802586,75.13440704345703,1005500
2013-07-11,75.68528818500901,75.88629913330078,75.61828074888484,75.88629913330078,818700
2013-07-12,76.094739515597,76.16918778786352,75.70015856054926,75.82672119140625,1919500
2013-07-15,75.91609819751531,76.06499481201172,75.89376427334503,76.06499481201172,563700
2013-07-16,76.05756603128725,76.17668220578547,76.0128924958131,76.10223388671875,713300
2013-07-17,76.5414846443907,76.57126510868702,76.32558053827452,76.437255859375,696300
2013-07-18,76.4148922846292,76.4148922846292,76.07987213134766,76.07987213134766,717800
2013-07-19,76.2734602880381,76.50425744859882,76.26601943256755,76.49681091308594,459500
2013-07-22,76.4894027709961,76.57874420186812,76.43728835633203,76.4894027709961,450300
2013-07-23,76.31809908324584,76.42232781281493,76.22875773788387,76.39999389648438,13316500
2013-07-24,75.93841350360164,76.02030832550875,75.67784165209736,75.88629913330078,837400
2013-07-25,75.65552670992663,76.00543432397595,75.64063364036772,75.99799346923828,712300
2013-07-26,76.07244134674906,76.11710919508964,75.98309997002616,76.06499481201172,544900
2013-07-29,75.96820654296442,76.00542785360946,75.82675079440591,75.90864562988281,420300
2013-07-30,75.98308134099085,76.0128617925971,75.79695777848202,75.88629913330078,306800
2013-07-31,75.35770333459482,75.99796879676504,75.298142435779,75.93840789794922,930500
2013-08-01,75.66333107748066,75.69315276019476,75.19365237251851,75.26820373535156,1177300
2013-08-02,75.65589460196905,75.90937042236328,75.61115922526587,75.90937042236328,4360000
2013-08-05,75.75281511080621,75.78263680099423,75.60371234777196,75.67080688476562,390400
2013-08-06,75.62605123798681,75.73787542793066,75.58877271606961,75.69314575195312,257000
2013-08-07,75.78260529098108,76.01371618396122,75.7676916081352,75.96898651123047,493200
2013-08-08,76.0733842206109,76.15539243915947,75.99137600206234,76.08084106445312,804900
2013-08-09,75.96900968912199,76.14047727883968,75.95409600172599,76.13302612304688,557600
2013-08-12,76.24483457396457,76.24483457396457,75.95408029681843,75.98390197753906,400400
2013-08-13,75.52172508007284,75.52172508007284,75.23842178861896,75.29806518554688,566500
2013-08-14,75.29805590431687,75.40988583779571,75.27569105520244,75.36515045166016,1672300
2013-08-15,74.94766998291016,75.19369473798791,74.77620232057664,74.94766998291016,15452300
2013-08-16,74.96998709462096,74.96998709462096,74.44066506307365,74.65686798095703,1066900
2013-08-19,74.44808776328054,74.49281741960408,74.26170661139727,74.33625793457031,892200
2013-08-20,74.60465877698073,74.75376144636763,74.58975078520292,74.73885345458984,1221100
2013-08-21,74.55251595781792,74.73889724771247,74.23939675589243,74.26921844482422,945100
2013-08-22,74.20957345331821,74.36613305087667,74.05301385575976,74.23939514160156,755100
2013-08-23,74.1797324683537,74.70905449990101,74.11263795309884,74.65686798095703,991100
2013-08-26,74.82087529128998,74.84324012699157,74.66431575347553,74.80596160888672,512600
2013-08-27,75.05949133005939,75.27569436083763,74.94766139166968,75.23096466064453,532500
2013-08-28,75.0147809682904,75.03714582415249,74.776213025914,74.9253158569336,761700
2013-08-29,74.70907778744372,75.09675406721635,74.67180494109625,74.99983215332031,470900
2013-08-30,75.05200961360188,75.08928814334753,74.8581771850586,74.8581771850586,1038200
2013-09-03,74.53786460561031,74.6050601853524,74.11973788904118,74.43333435058594,796000
2013-09-04,74.47815062663773,74.50801723527782,74.1346931719864,74.18695831298828,824400
2013-09-05,73.94054278197616,74.00027598287137,73.6194839477539,73.6194839477539,1722700
2013-09-06,74.14959081974717,74.35865129125351,73.94799842121482,74.06745910644531,1033900
2013-09-09,74.3586637358177,74.3885303362414,74.17946982974699,74.21680450439453,764300
2013-09-10,73.95551433479092,74.1197721711797,73.87338256835938,73.87338256835938,1895300
2013-09-11,74.11227672582582,74.26160403645899,73.9181466648253,74.24667358398438,885300
2013-09-12,74.45574091516396,74.53040457731728,74.22428185354696,74.25414276123047,796800
2013-09-13,74.26909505148166,74.4333585617996,74.25415889792174,74.35122680664062,1166500
2013-09-16,75.02320864090937,75.03813909746559,74.4856210613127,74.51548767089844,1855200
2013-09-17,74.70205326583003,74.70951563623733,74.51539146926021,74.66471862792969,943300
2013-09-18,74.5901467406102,75.77731449184964,74.35868195473222,75.59065246582031,1341800
2013-09-19,75.58321673960674,75.58321673960674,74.66483674124049,75.32935333251953,1592800
2013-09-20,75.38156265864383,75.52342756625121,75.28450049350079,75.40396118164062,300600
2013-09-23,75.47865499580024,75.69518363210953,75.47865499580024,75.6877212524414,2003200
2013-09-24,75.75490583984076,76.00876912349223,75.71757685750556,75.9639663696289,1149800
2013-09-25,75.93411511552588,76.18797845049438,75.91171658230259,76.17304229736328,569900
2013-09-26,75.98636195001794,76.06103130473554,75.91169829177232,76.0087661743164,568100
2013-09-27,76.03859666635974,76.27006131975298,76.03859666635974,76.11326599121094,2349400
2013-09-30,76.20291494447676,76.24024963378906,76.03865142586069,76.24024963378906,3785200
2013-10-01,76.16024709367149,76.1901585286855,76.01817490863355,76.07051849365234,1937000
2013-10-02,76.17513867050468,76.38451282644311,76.1676593920732,76.19757080078125,799900
2013-10-03,76.14527641059523,76.4817699919729,76.10788569932147,76.30230712890625,651800
2013-10-04,76.21252017337595,76.24243158071847,76.00314602699585,76.09288024902344,1160900
2013-10-07,76.31727091412756,76.3322294827868,76.13032874104375,76.16024017333984,454400
2013-10-08,76.1228256225586,76.27237702098384,76.04804421832581,76.1228256225586,818100
2013-10-09,76.11533946251934,76.1452508805053,75.92839737887184,75.98822021484375,506500
2013-10-10,75.72649404930324,75.88353041441768,75.66667692047143,75.8237075805664,649100
2013-10-11,76.0405314873833,76.14521855337989,75.89845373852341,75.93584442138672,850100
2013-10-14,75.93586954275345,76.04055664338298,75.62180253584575,75.68162536621094,183200
2013-10-15,75.83122334427183,75.86860835465062,75.65175475637378,75.69662475585938,368100
2013-10-16,75.6218096266068,76.07047519139627,75.5246017969129,76.06299591064453,2339600
2013-10-17,76.34716223826115,76.57897435124607,76.30229795414445,76.49671936035156,2950500
2013-10-18,76.5939075290043,76.61633966529837,76.48174114251452,76.5041732788086,582600
2013-10-21,76.48176994850552,76.48924923176033,76.35465065828146,76.45185852050781,321700
2013-10-22,76.83322139354917,76.99773139352126,76.81078924901142,76.98277282714844,484700
2013-10-23,77.03512322758637,77.25197681904167,77.03512322758637,77.11737823486328,280800
2013-10-24,77.17721128610431,77.19216985577815,76.95288408620146,76.96035766601562,591200
2013-10-25,77.02761326018202,77.12482108421374,77.00518112425311,77.09490966796875,552800
2013-10-28,77.02011108398438,77.10984530604391,76.9901996766312,77.02011108398438,600800
2013-10-29,76.95284100412093,77.12482452392578,76.93040316217198,77.12482452392578,274700
2013-10-30,77.16965644666327,77.3192134718609,76.84064240126278,76.92289733886719,1753100
2013-10-31,77.10239561181403,77.11734846871916,76.69112073417544,76.83319854736328,893000
2013-11-01,76.67666297462372,76.70662133368653,76.38457611622732,76.40704345703125,680100
2013-11-04,76.54937848522528,76.63176258101662,76.51942011275794,76.55686950683594,437000
2013-11-05,76.33960658524784,76.3845412463428,76.14488019721946,76.21228790283203,656900
2013-11-06,76.33215373191315,76.47445451514922,76.33215373191315,76.44449615478516,692700
2013-11-07,76.51191681279059,76.70663761707529,76.48944375324332,76.64672088623047,415000
2013-11-08,75.89028995457085,75.94271566305746,75.76297119309963,75.78543853759766,2497700
2013-11-11,75.83039282179125,75.83788384321755,75.74800872802734,75.74800872802734,144000
2013-11-12,75.71054041882603,75.8303738758063,75.62816205961926,75.68058776855469,1052100
2013-11-13,75.91277124686069,76.03259901085782,75.88281287736771,75.99515533447266,1122700
2013-11-14,76.05507354702382,76.38460418988166,76.05507354702382,76.36213684082031,694100
2013-11-15,76.36958515266079,76.38456147233467,76.23477541970928,76.30217742919922,359200
2013-11-18,76.34711353619635,76.5942599377762,76.34711353619635,76.57179260253906,2853000
2013-11-19,76.42201066036462,76.46694533325082,76.26473359129126,76.28720092773438,559100
2013-11-20,76.30217970270765,76.47443881093396,75.83783949735046,75.8677978515625,1562700
2013-11-21,75.71056438264513,75.9726987242665,75.61320395351255,75.93524932861328,804800
2013-11-22,76.01012685574031,76.17489502054516,75.98016848814176,76.15242767333984,807900
2013-11-25,76.11492185183279,76.27219887963527,76.09994553612451,76.21228790283203,487400
2013-11-26,76.2797091197734,76.45196822066994,76.24975076683612,76.3770751953125,425400
2013-11-27,76.34708890389349,76.35457420390996,76.01755285614539,76.20478820800781,476900
2013-11-29,76.06252313568149,76.21980021922964,76.05503783215931,76.1598892211914,652100
2013-12-02,75.99039981026098,76.01290345452469,75.77285504370253,75.8328628540039,2912200
2013-12-03,76.02786323279088,76.09537985260525,75.93784870397504,75.96784973144531,477200
2013-12-04,75.59275784311642,75.7127848202601,75.54775058828818,75.62276458740234,943600
2013-12-05,75.50272777316982,75.60024537960079,75.39770705141338,75.43521118164062,374100
2013-12-06,75.3902379529664,75.62278312418253,75.36023120132518,75.50276184082031,415600
2013-12-09,75.54774329883082,75.65276403209765,75.50273604834524,75.5927505493164,540900
2013-12-10,75.84034316655588,75.93786655997464,75.74282549634096,75.9078598022461,334700
2013-12-11,75.78782710018021,75.84784061114655,75.61529541015625,75.61529541015625,371700
2013-12-12,75.47278015569714,75.53279367891166,75.37526247287694,75.39776611328125,1156200
2013-12-13,75.51026153564453,75.55526879946424,75.42774440317343,75.51026153564453,434000
2013-12-16,75.66028568998435,75.66778880797094,75.40523118725929,75.47274780273438,572400
2013-12-17,75.46524007325986,75.7127914428711,75.46524007325986,75.7127914428711,694800
2013-12-18,75.50276365309132,75.79532233461211,75.12768783337721,75.42774963378906,1997700
2013-12-19,75.09769326960713,75.18021042119325,75.015176118021,75.1126937866211,978700
2013-12-20,75.21015688847196,75.36018483116113,75.15014342211663,75.34518432617188,510500
2013-12-23,75.22520011067434,75.3002141246162,75.090172596298,75.10517883300781,5238400
2013-12-24,74.89515639492726,74.94767251760828,74.79013559597381,74.8126449584961,770600
2013-12-26,74.75550321297061,74.80810008224086,74.71042182006147,74.74799346923828,787500
2013-12-27,74.74049829512484,74.83817658383721,74.67287045476213,74.70292663574219,640400
2013-12-30,74.80062134236978,74.91332487135672,74.7931058628936,74.90581512451172,1328000
2013-12-31,74.77055815733286,74.86072097208168,74.52259895151231,74.56768035888672,1553600
2014-01-02,74.68039403003054,74.89829706628821,74.67287855081311,74.86072540283203,1161800
2014-01-03,74.77060002490191,74.94341600502537,74.7480593085931,74.81568145751953,637500
2014-01-06,74.88326417002398,75.11619240822617,74.88326417002398,75.0260238647461,666200
2014-01-07,75.07858953354106,75.17627351485511,75.02599267153657,75.1462173461914,1055700
2014-01-08,74.89830091500784,74.94338232736702,74.73299475951582,74.778076171875,1216700
2014-01-09,74.89074327005923,75.0109679455026,74.76300885187169,74.97339630126953,806100
2014-01-10,75.3641704809351,75.64218019419945,75.35665500060499,75.6046142578125,713300
2014-01-13,75.67975193177705,75.86759881177744,75.6647209711032,75.82251739501953,581600
2014-01-14,75.66472945096606,75.72484183513471,75.52196970435611,75.53699493408203,366700
2014-01-15,75.33409514436727,75.50691101961215,75.31155444173797,75.46934509277344,997300
2014-01-16,75.64966184233126,75.71728393716477,75.59706496880655,75.67971801757812,333300
2014-01-17,75.66469173127169,75.86005401611328,75.59706963226668,75.86005401611328,754400
2014-01-21,75.73985411258172,75.83001693395919,75.72482315393144,75.77742004394531,1927100
2014-01-22,75.60459589084836,75.68724895650492,75.55199900657877,75.56702423095703,1150900
2014-01-23,75.81501078405303,76.1756736255728,75.81501078405303,76.07799530029297,1080200
2014-01-24,76.34089922106052,76.45360838978205,76.22819005233899,76.385986328125,564300
2014-01-27,76.25832337952326,76.40860433409848,76.13810434849532,76.15312957763672,758600
2014-01-28,76.25833077082615,76.27336173405666,76.12308076491551,76.2658462524414,452700
2014-01-29,76.49871705350172,76.7391606906551,76.35595740597935,76.62645721435547,1420200
2014-01-30,76.44615204838713,76.57389226248068,76.37101445532856,76.55134582519531,685400
2014-01-31,76.79930893168569,76.8519058227539,76.67908992322883,76.8519058227539,670500
2014-02-03,76.7427695583782,77.2771683090216,76.66750318014583,77.26964569091797,4629800
2014-02-04,77.0136984419374,77.06638545722569,76.9534830694782,77.0362777709961,2617300
2014-02-05,76.93091691801075,76.96102460939754,76.75780487060547,76.75780487060547,817600
2014-02-06,76.66747889243463,76.68252986633044,76.55457648962447,76.61479187011719,885900
2014-02-07,76.6825266935759,76.93091082099038,76.66747572030282,76.81800842285156,1065800
2014-02-10,76.73520585301392,76.87821592550354,76.73520585301392,76.85563659667969,589300
2014-02-11,76.58465233572336,76.63733933613338,76.47927833490333,76.51691436767578,625800
2014-02-12,76.41158534277734,76.41158534277734,76.23094489896422,76.33631896972656,743500
2014-02-13,76.61480658988846,76.71265229514688,76.5696479170701,76.69760131835938,941400
2014-02-14,76.6599636962065,76.69759975108998,76.5621179929475,76.64491271972656,463400
2014-02-18,76.75781773658984,76.90082211657844,76.72018168043415,76.83308410644531,1003600
2014-02-19,76.99114045611655,77.00619143217675,76.64491058217642,76.68254089355469,907200
2014-02-20,76.59220120131089,76.72768291613892,76.44919112942189,76.59972381591797,842900
2014-02-21,76.51696088463005,76.70512967798105,76.50190416538669,76.69760131835938,405000
2014-02-24,76.69757316495165,76.7051015218099,76.50940444067182,76.62230682373047,1531100
2014-02-25,76.76531906456007,76.90080078970918,76.73521137647646,76.88574981689453,402600
2014-02-26,76.88580357837012,77.11160278320312,76.85569586923405,77.11160278320312,486000
2014-02-27,77.156707492384,77.25455316449172,77.13412816362482,77.20186614990234,559400
2014-02-28,77.05888131012159,77.19436306949294,76.89329759751732,77.12662506103516,609900
2014-03-03,77.3497619903707,77.52316067633936,77.22160099522179,77.5080795288086,2540500
2014-03-04,77.22916227585152,77.22916227585152,76.89744596250439,76.91252136230469,1080200
2014-03-05,76.80694068903084,77.00295530617694,76.75416818654205,76.99541473388672,614700
2014-03-06,76.66376495361328,76.75422888555137,76.60345183113726,76.66376495361328,534700
2014-03-07,76.27169527108033,76.42247799792051,76.25661987428278,76.3320083618164,645100
2014-03-10,76.35459629420487,76.46768185986485,76.33198033142703,76.41490936279297,1013900
2014-03-11,76.3847656570756,76.5506237476628,76.31691775734726,76.49031066894531,1571000
2014-03-12,76.72404695647108,76.83713258577929,76.66373960571087,76.79190063476562,819000
2014-03-13,76.58834773812315,77.25178038312416,76.58081291390211,77.2442398071289,1638900
2014-03-14,77.3497592090781,77.35729978257234,77.11605319670738,77.25175476074219,1314400
2014-03-17,77.09344018751477,77.14621270045572,76.92758207490823,76.94265747070312,1085400
2014-03-18,76.95771825627925,77.13111114501953,76.9426371127021,77.13111114501953,861200
2014-03-19,77.01802854513231,77.06326047068798,76.30182379713298,76.41490936279297,1355500
2014-03-20,76.38480649481376,76.49035156311122,76.31695855881176,76.43003845214844,1748100
2014-03-21,76.42251853821088,76.59591157634175,76.41497795992555,76.57329559326172,466500
2014-03-24,76.38480861158703,76.6788278459599,76.37726803456401,76.60343933105469,1222600
2014-03-25,76.5431616368271,76.67886332715901,76.48284849628455,76.55824279785156,739400
2014-03-26,76.58836025976262,76.88238525390625,76.5808254343097,76.88238525390625,830000
2014-03-27,76.77682435279621,77.04069275517584,76.77682435279621,76.957763671875,303600
2014-03-28,76.88240089377695,76.92009228403445,76.62607298185485,76.68638610839844,661600
2014-03-31,76.48282040643106,76.71653230225365,76.43004786578251,76.69391632080078,1982900
2014-04-01,76.58813432334904,76.60323792849834,76.48239179969784,76.53526306152344,2562600
2014-04-02,76.32379381087969,76.3464521045609,76.18028360085005,76.20294189453125,806800
2014-04-03,76.26338354438221,76.37668079863639,76.21806694769563,76.25582885742188,298000
2014-04-04,76.47483786973609,76.76185247068507,76.47483786973609,76.72409057617188,731900
2014-04-07,76.84496191233386,76.98091745475448,76.82985830208148,76.90538787841797,1751700
2014-04-08,76.89028511565817,77.04134426999616,76.7845425551141,77.0111312866211,666100
2014-04-09,76.82985814611742,77.09421454402718,76.76187749377647,76.98847198486328,1350500
2014-04-10,77.04134422238835,77.4869727611862,77.04134422238835,77.3132553100586,1056600
2014-04-11,77.5096457259269,77.53230402541314,77.37369016647142,77.47187805175781,918500
2014-04-14,77.37364095108951,77.44161580631118,77.26789844572178,77.35098266601562,1468600
2014-04-15,77.29053033154877,77.60020305934445,77.23765909692352,77.44158935546875,614300
2014-04-16,77.25278964541887,77.36608683415095,77.23013136017933,77.32077026367188,1405500
2014-04-17,77.2754858259977,77.2754858259977,76.776986018664,76.88272857666016,584600
2014-04-21,76.95069136527944,77.01111732107167,76.82229053112322,76.86760711669922,1021100
2014-04-22,76.74675578678581,76.85249832101579,76.67877515047458,76.83739471435547,482800
2014-04-23,76.95071394481391,77.09422419129636,76.92050095805246,77.03379821777344,306400
2014-04-24,76.8600721322831,77.07155725337122,76.85251744580499,77.0111312866211,345700
2014-04-25,77.13949483378933,77.29810859788827,77.1017329447379,77.11683654785156,388900
2014-04-28,77.09424005315176,77.16976965432636,76.89785848006649,77.00360107421875,574900
2014-04-29,76.88270643785741,77.071533203125,76.86004814803098,77.071533203125,760100
2014-04-30,77.17730955007077,77.31326511114112,77.04135398900043,77.27549743652344,544700
2014-05-01,77.32389449994636,77.64929377703632,77.27092279314023,77.4979476928711,21829500
2014-05-02,77.2709034456741,77.74764868755949,77.18766138818087,77.61143493652344,1343700
2014-05-05,77.7249704256438,77.7249704256438,77.5055145519831,77.56605529785156,929400
2014-05-06,77.58117391643641,77.67955405449453,77.52820221651369,77.65685272216797,566300
2014-05-07,77.61143332409978,77.77034840142669,77.50548993921517,77.71737670898438,1107600
2014-05-08,77.79307302908079,77.92928680797286,77.6795605844236,77.8006362915039,1444300
2014-05-09,77.67204063243156,77.79312218951067,77.67204063243156,77.74015045166016,354500
2014-05-12,77.59628442706898,77.64925610817772,77.4979100974328,77.5357437133789,759600
2014-05-13,77.73250420033189,77.83844757080078,77.70223384112924,77.83844757080078,603700
2014-05-14,78.02770673277888,78.3077034899288,77.99743634496649,78.1941909790039,635400
2014-05-15,78.32282073364908,78.61794974120141,78.19417594030267,78.47416687011719,1347300
2014-05-16,78.34545843353524,78.45140179769778,78.29248675145398,78.30762481689453,452600
2014-05-19,78.40602115418467,78.50439551323718,78.20926666259766,78.20926666259766,325400
2014-05-20,78.23956288723186,78.51955953420496,78.23956288723186,78.43631744384766,34764400
2014-05-21,78.25465823100609,78.33033124269592,78.15627811967667,78.31519317626953,881700
2014-05-22,78.26980351019157,78.30764290905502,78.1562910870829,78.23196411132812,678800
2014-05-23,78.34556561128142,78.41367545197838,78.30016289980892,78.3909683227539,486800
2014-05-27,78.32283172458548,78.42877518967707,78.20175017963177,78.41364288330078,997000
2014-05-28,78.67088700870679,78.89791188745778,78.65575471108188,78.84494018554688,968200
2014-05-29,78.93578285398668,79.10226707401821,78.74659729003906,78.74659729003906,753100
2014-05-30,78.6330786960724,78.77685577699086,78.52712948465474,78.68605041503906,902400
2014-06-02,78.47762060858224,78.59132449129673,78.25021862637296,78.32601928710938,2032800
2014-06-03,78.21226948388099,78.21226948388099,77.9242248289134,77.93180084228516,1563600
2014-06-04,78.0076364056435,78.01521242184764,77.82570791881173,77.8711929321289,1566600
2014-06-05,77.83328488969714,78.07585040720635,77.83328488969714,77.9848861694336,1585800
2014-06-06,78.15159609564716,78.22739668221705,77.90144895507389,77.9241943359375,940600
2014-06-09,77.84084539111127,77.85600320165044,77.73472336768751,77.8105239868164,816500
2014-06-10,77.71956674332638,77.74230635278253,77.621026507944,77.67408752441406,1207100
2014-06-11,77.74988336780045,77.84842359712144,77.67408274653687,77.78020477294922,814800
2014-06-12,77.81057092671861,78.1213553875955,77.74234628009391,78.08345794677734,1319500
2014-06-13,77.7271386001375,78.03034684828125,77.71955680354942,77.93180084228516,752900
2014-06-16,77.93938263887324,78.03792286165302,77.87873983260123,77.93180084228516,1401000
2014-06-17,77.78778627933383,77.81810768436928,77.59070003821171,77.6058578491211,33268500
2014-06-18,77.79541752511038,78.01524353027344,77.63623437307247,78.01524353027344,1472200
2014-06-19,78.13650432513327,78.19714715892432,77.7423316887103,77.8181381225586,1055000
2014-06-20,77.74988982314154,77.91665467369742,77.71956841547527,77.90907287597656,577000
2014-06-23,78.01517055196028,78.04549195015909,77.85598754882812,77.85598754882812,764200
2014-06-24,78.06068701073755,78.17438507080078,77.91666175703386,78.17438507080078,443800
2014-06-25,78.37902946463008,78.43209047103412,78.22742245832141,78.25016784667969,977500
2014-06-26,78.39421404932249,78.54582110741278,78.37905623512242,78.4548568725586,822300
2014-06-27,78.54582110741278,78.62920354355795,78.4548568725586,78.4548568725586,933200
2014-06-30,78.53824254353316,78.59130357024576,78.40179907724104,78.5155029296875,1268900
2014-07-01,78.3271269307104,78.41826005480569,78.2435896821119,78.25878143310547,17393000
2014-07-02,78.09928266955028,78.1068785436516,77.9170222487988,77.93980407714844,1779100
2014-07-03,77.62846696579793,77.810727443366,77.61327521285952,77.78034973144531,1079900
2014-07-07,77.87149923411985,78.02338203168972,77.87149923411985,77.97022247314453,1031000
2014-07-08,78.21323344959136,78.3651220314552,78.1828557332186,78.3271484375,491500
2014-07-09,78.25881653473309,78.43348119181428,78.06896011984432,78.34235382080078,1113900
2014-07-10,78.61570323203323,78.70683635237954,78.47900644849135,78.50938415527344,728600
2014-07-11,78.60052281428352,78.71443777425475,78.57014510536082,78.63849639892578,688600
2014-07-14,78.57776692629521,78.57776692629521,78.44107008798558,78.46385192871094,974800
2014-07-15,78.44105622711037,78.64609855136422,78.31954537276998,78.39549255371094,933500
2014-07-16,78.41825682888228,78.53976186205554,78.37268737173154,78.50938415527344,15784300
2014-07-17,78.75245143370772,79.01825509310775,78.63094632120274,78.96509552001953,1367400
2014-07-18,78.88912504362537,78.92709863918739,78.69926865372969,78.80558776855469,386900
2014-07-21,78.85876395891563,79.01065257924296,78.8283920288086,78.8283920288086,339600
2014-07-22,78.8587955565967,78.9271469116211,78.73729040560775,78.9271469116211,484200
2014-07-23,79.00303953283904,79.01823128854991,78.89672041869166,78.91950225830078,523600
2014-07-24,78.68410798063016,78.71448570805161,78.5929747983658,78.60057067871094,600900
2014-07-25,78.80559834844509,78.92710923539099,78.75243878389576,78.90432739257812,781400
2014-07-28,78.81317138671875,78.9043045255171,78.70685228843216,78.81317138671875,1448000
2014-07-29,78.9043162965471,78.94228409790992,78.76761946493514,78.91950225830078,465700
2014-07-30,78.5929288066952,78.6005246825953,78.29675338010333,78.36510467529297,1067500
2014-07-31,78.1676833697616,78.44867294962185,78.12970976920066,78.34235382080078,1506500
2014-08-01,78.57515736438376,78.87950697088719,78.40777059554348,78.80342102050781,3466800
2014-08-04,78.87953375705074,78.95561973326764,78.81866265408206,78.8490982055664,1672600
2014-08-05,78.75015083286453,78.95558345475676,78.64362935410779,78.8871078491211,1013000
2014-08-06,79.12298950614009,79.12298950614009,78.9327717180558,78.95559692382812,1139100
2014-08-07,78.99365263253796,79.31321716308594,78.89474146022175,79.31321716308594,1386100
2014-08-08,79.44254855598352,79.56428490453156,79.21428492060102,79.24472045898438,913900
2014-08-11,79.26752083797767,79.30556670028872,79.13817419409385,79.20664978027344,419800
2014-08-12,79.23708898498872,79.28273937789285,79.09252166748047,79.09252166748047,416300
2014-08-13,79.21430027743523,79.38929740083353,79.17625439583394,79.35125732421875,732400
2014-08-14,79.50343702521852,79.54909324860779,79.36647996502487,79.51104736328125,638800
2014-08-15,79.50344490274169,80.06649387543092,79.47300935246219,79.83061981201172,1570700
2014-08-18,79.65560531143048,79.69364538725698,79.54147347397819,79.57951354980469,13822300
2014-08-19,79.7469251161464,79.7469251161464,79.45779609011313,79.49584197998047,769900
2014-08-20,79.44253140376325,79.48057146479029,79.22187815186359,79.25991821289062,1052200
2014-08-21,79.27521142951588,79.4654293236802,79.27521142951588,79.42738342285156,630300
2014-08-22,79.40452386511821,79.48060982888195,79.18387050671248,79.4349594116211,1393400
2014-08-25,79.43497087818785,79.51105685293473,79.35888490344098,79.49584197998047,837500
2014-08-26,79.5947455622062,79.60996043370685,79.45778849875151,79.4806137084961,590200
2014-08-27,79.61754426169753,79.7088508752607,79.54145831955421,79.70124053955078,881300
2014-08-28,79.90671148469137,79.92193216341059,79.74692918806802,79.80780029296875,938400
2014-08-29,79.79256633289636,79.92191304612969,79.74691011264773,79.81539154052734,1407100
2014-09-02,79.49605046107071,79.50366813888965,79.30550384521484,79.30550384521484,2058600
2014-09-03,79.21401969868667,79.45029558284797,79.16829038304765,79.41980743408203,1456900
2014-09-04,79.3283410445158,79.38931733608422,79.09205936844297,79.1377944946289,1994400
2014-09-05,79.4045821019685,79.4503114267268,79.12257103091011,79.16068267822266,1098400
2014-09-08,79.36646435858222,79.40457600296745,79.01585932731606,79.07683563232422,1340900
2014-09-09,78.90913917619024,79.00060361686654,78.85578637288393,78.8938980102539,1205900
2014-09-10,78.75670841370189,78.79481423806375,78.68049094995843,78.69573211669922,1311800
2014-09-11,78.81006804228065,78.85579736148149,78.58140981623598,78.5966567993164,1224800
2014-09-12,78.41373890243298,78.45947404307567,78.26130394034685,78.2994155883789,2178400
2014-09-15,78.40615379471454,78.48237130741832,78.37566562662833,78.44425964355469,1505400
2014-09-16,78.5356471186306,78.6194880448791,78.40607689261667,78.42131805419922,24978400
2014-09-17,78.54329004205772,78.71096612102751,78.21554974426624,78.2231674194336,2704700
2014-09-18,78.22316786504798,78.23841484550796,78.08597411600444,78.16981506347656,556800
2014-09-19,78.29938021787275,78.48992674191456,78.18505114044396,78.46705627441406,920600
2014-09-22,78.54332984467415,78.68052366246047,78.49759469539727,78.6347885131836,1932600
2014-09-23,78.70337756778596,78.80245971679688,78.63477776076196,78.80245971679688,963700
2014-09-24,78.75666516714601,78.81764143066562,78.55849521821554,78.58135986328125,485300
2014-09-25,78.6957146662372,78.97010212688511,78.6957146662372,78.96247863769531,399000
2014-09-26,78.87104597981318,78.87866365649109,78.70336405257318,78.7948226928711,716100
2014-09-29,79.06159555575026,79.09970138564138,78.9929957579133,79.04634857177734,2344500
2014-09-30,78.96252095778472,79.0920912683623,78.91679162817417,78.97776794433594,1544600
2014-10-01,79.29003730519123,79.64892035254587,79.29003730519123,79.64128875732422,3346000
2014-10-02,79.603134280648,79.70239748275779,79.38933302955172,79.40460205078125,2084100
2014-10-03,79.20603296711069,79.38929025135424,79.1144014121669,79.38165283203125,1159100
2014-10-06,79.38929738805035,79.61073596317102,79.32057225925345,79.51146697998047,1201700
2014-10-07,79.76347082118752,80.00781589628426,79.67183923340895,79.9772720336914,1429800
2014-10-08,80.03072769999798,80.27507279146927,79.78638260852671,80.25980377197266,2701900
2014-10-09,80.20628566528713,80.31318618833775,80.10702255835199,80.1222915649414,5848000
2014-10-10,80.25213699195584,80.47357556035337,80.19868670480086,80.43539428710938,4675300
2014-10-13,80.5728432765456,80.89355084327674,80.51176139179915,80.8553695678711,2074300
2014-10-14,80.87066337676683,81.03864588127625,80.76375694568473,81.01573944091797,2196700
2014-10-15,82.08477322964792,83.1385105468977,81.28301264923883,81.47390747070312,2196800
2014-10-16,81.88623828268923,81.94732602169793,81.13029644581073,81.25247192382812,1786700
2014-10-17,81.0462833032777,81.13791489035691,80.84775111076247,81.01573944091797,1143300
2014-10-20,81.23717250973533,81.26007894852472,81.02337131350684,81.1302719116211,1562200
2014-10-21,80.9394107552719,81.09212429436224,80.87069141037568,80.90886688232422,1973200
2014-10-22,80.81718490645785,80.90881646820547,80.7255591703547,80.88591003417969,951800
2014-10-23,80.6568196852724,80.69500095228187,80.41247472308464,80.54991912841797,1281700
2014-10-24,80.63395188005993,80.8019402143408,80.5728641538403,80.61868286132812,678800
2014-10-27,80.5957818798147,80.77903924524088,80.5957818798147,80.70268249511719,872500
2014-10-28,80.61868078853583,80.64158722886769,80.45832988056675,80.50414276123047,771500
2014-10-29,80.39724361106666,80.44305649255956,79.97727277856112,80.23689270019531,1453100
2014-10-30,80.38956584536972,80.51174123556521,80.28266529177029,80.32084655761719,1363500
2014-10-31,80.26741021340563,80.29795406625622,80.09178451592581,80.19104766845703,886900
2014-11-03,80.08472998099424,80.19946572165226,79.89350569179825,80.16122436523438,2348900
2014-11-04,80.22246347568061,80.35250051138932,80.12302888197955,80.15362548828125,3854700
2014-11-05,80.03887765840585,80.18421005759562,80.02358227540407,80.17655944824219,1079700
2014-11-06,80.02351427546749,80.15354534545656,79.9240739454875,79.93172454833984,1026100
2014-11-07,80.13826910925343,80.45187973121267,80.13062433971925,80.44422912597656,994200
2014-11-10,80.4366101461165,80.4366101461165,80.10770404393271,80.11534881591797,1427900
2014-11-11,80.11531997611968,80.13826595522298,80.02353605970646,80.12297058105469,1220800
2014-11-12,80.3065622683944,80.36010484354965,80.06944598352162,80.09239196777344,658300
2014-11-13,80.19181552266426,80.27595467719325,80.10003159823424,80.222412109375,743400
2014-11-14,80.12302643857463,80.43663726682381,80.08477922293739,80.39073944091797,629800
2014-11-17,80.50545467534413,80.50545467534413,80.24539234973999,80.29893493652344,496500
2014-11-18,80.32190145561788,80.413685436018,80.29895546051783,80.39073944091797,510100
2014-11-19,80.17655944824219,80.39838043385102,80.13831223718013,80.17655944824219,560000
2014-11-20,80.4824736988232,80.4824736988232,80.23005625555865,80.32184600830078,811500
2014-11-21,80.34480118313606,80.48248291015625,80.32185520124976,80.48248291015625,855800
2014-11-24,80.34479127071727,80.58190750189168,80.30654408182386,80.57425689697266,13802400
2014-11-25,80.53597805644287,80.79604014562074,80.50538148671036,80.7730941772461,1244600
2014-11-26,80.94142422604465,81.00261740469644,80.88023104739285,80.91082763671875,523300
2014-11-28,81.13266699824045,81.23210155940374,81.0791244136596,81.22445678710938,367300
2014-12-01,81.45432132455227,81.5002970744891,81.02525329589844,81.02525329589844,2063400
2014-12-02,80.78006884837343,80.83370235070576,80.64981689208253,80.6651382446289,990600
2014-12-03,80.61915182540966,80.71875521058932,80.5655183340649,80.69577026367188,851900
2014-12-04,80.71108240453023,80.97925567626953,80.64979116828063,80.97925567626953,968300
2014-12-05,80.66512959086813,80.68811454002855,80.3969621079755,80.52721405029297,1035900
2014-12-08,80.52722737021101,80.93331046084856,80.51956377068568,80.79539489746094,858300
2014-12-09,81.15548196073397,81.30872467384818,81.01756644173707,81.09418487548828,945900
2014-12-10,81.05585411333458,81.50024907879992,81.04819051858931,81.4619369506836,996800
2014-12-11,81.29340235885797,81.40833293918867,81.1478290796771,81.32405090332031,15223600
2014-12-12,81.69183795230758,81.99831174457694,81.57690735740013,81.99065399169922,7233700
2014-12-15,81.69949887866345,81.94468142937036,81.59989547686827,81.69184112548828,1248100
2014-12-16,82.19745424735112,82.19745424735112,81.79903515000233,82.10551452636719,10633800
2014-12-17,81.96767861773507,82.13623688492991,81.51561978378399,81.53860473632812,2086100
2014-12-18,81.10951359446857,81.17846843245748,81.00991021328063,81.07886505126953,4833300
2014-12-19,81.20910624556942,81.37767028808594,81.14781501288161,81.37767028808594,847800
2014-12-22,81.30871545920797,81.44663096257503,81.25508197709918,81.37767028808594,2366700
2014-12-23,81.1478406240772,81.20147412311334,80.69578183596144,80.70344543457031,1360300
2014-12-24,80.59291233293791,80.7847454122239,80.52385523444984,80.76172637939453,1098200
2014-12-26,80.90754010902344,80.90754010902344,80.76174506167003,80.86917114257812,373600
2014-12-29,81.01497113274468,81.20680426811055,80.9996212035171,81.14541625976562,2447300
2014-12-30,81.34492914554032,81.39864219243158,81.19145911564885,81.23750305175781,1194700
2014-12-31,81.29120384458878,81.39862992217759,81.2835288806804,81.3295669555664,1010400
2015-01-02,81.40623805909463,81.84362286004223,81.3832190388927,81.74386596679688,2028600
2015-01-05,81.88204385705095,82.29640407659377,81.84368074767296,82.24269104003906,1521700
2015-01-06,82.58797538171494,83.23253757386426,82.51124332067552,82.79515838623047,1890200
2015-01-07,82.5572809705436,82.87956499213519,82.45752987712297,82.7798080444336,1558000
2015-01-08,82.51124154540757,82.54193554001914,82.34242750218436,82.44218444824219,1671000
2015-01-09,82.54196563755536,82.94865096945811,82.45755858516615,82.8488998413086,1107800
2015-01-12,82.93329521995106,83.20953537901693,82.88725129058531,83.14047241210938,2700900
2015-01-13,83.04843869628935,83.36304212724691,82.96403161265278,83.21724700927734,1038800
2015-01-14,83.79271663171967,83.90781769127605,83.54717043666481,83.60088348388672,1545800
2015-01-15,83.64689305037346,84.32981830770706,83.59318002522186,84.31446838378906,1374100
2015-01-16,84.1303573129787,84.20708941262659,83.68530293902347,83.69297790527344,1689100
2015-01-20,83.86176947491066,84.14568460693567,83.76201835763383,83.8847885131836,1346200
2015-01-21,83.93850984683691,84.04593593891227,83.44741746755439,83.48578643798828,2298200
2015-01-22,83.69294755428143,83.71596659039962,83.17883623336918,83.2785873413086,1330800
2015-01-23,83.58556162918288,83.85412693669053,83.58556162918288,83.82343292236328,1248200
2015-01-26,83.76203516767765,83.8464363735226,83.56252703880273,83.63158416748047,1546200
2015-01-27,84.09197854874802,84.18406057017863,83.65459919194828,83.7466812133789,863300
2015-01-28,83.77740484714545,84.50636874817107,83.77740484714545,84.39127349853516,3346300
2015-01-29,84.15332982098066,84.25308676421325,83.96149675080193,84.0919418334961,1393400
2015-01-30,84.80557313317361,84.85928616628097,84.46027589952361,84.82859802246094,2219800
2015-02-02,84.50729904983106,84.85317146885478,84.49192967882144,84.7225112915039,11544700
2015-02-03,84.33824879108727,84.34593054792938,84.00006384406511,84.00775146484375,1465200
2015-02-04,83.74644388917544,84.19223217118876,83.68495463704853,84.1461181640625,1655500
2015-02-05,83.95398261235447,83.98472137959257,83.754145441674,83.83869171142578,1392700
2015-02-06,83.29297236316957,83.3698309949886,82.89329809541022,82.90098571777344,2016700
2015-02-09,83.16229392319056,83.16998154441531,82.85485944144257,82.86254119873047,1599900
2015-02-10,82.72419266613227,82.80873890710903,82.59353242605431,82.65502166748047,1244500
2015-02-11,82.7395278664414,82.81638644905978,82.48588926626023,82.62423706054688,1286100
2015-02-12,82.60890766837926,82.8625405273727,82.59353242605431,82.65502166748047,1845200
2015-02-13,82.62426221484355,82.66269444982011,82.3706235374441,82.37831115722656,1302400
2015-02-17,82.28611467992833,82.35529156151402,81.66355206534925,81.7942123413086,2170100
2015-02-18,81.85567515860443,82.40137895598941,81.77881654251041,82.18617248535156,8204600
2015-02-19,82.109313186769,82.28608741592224,81.90178847470992,81.97865295410156,1459500
2015-02-20,82.26300760833854,82.40135542337228,81.77110556909302,81.93251037597656,1893000
2015-02-23,82.15541822286676,82.33219829667573,82.12467360725059,82.30913543701172,818200
2015-02-24,82.19386371591382,82.8625401556287,82.01708361359093,82.8548583984375,1180900
2015-02-25,82.8394601946018,82.97012039787697,82.7241693653857,82.93169403076172,595300
2015-02-26,82.80875073872672,82.9009846140442,82.43213934307117,82.43982696533203,865900
2015-02-27,82.6319798091043,82.76264007312395,82.41677328861594,82.73189544677734,2901700
2015-03-02,82.66261022699537,82.68570957631009,82.10064939782416,82.11604309082031,10270800
2015-03-03,82.09290228962716,82.22376916089983,81.9081487141122,81.9389419555664,1224400
2015-03-04,82.08520637790834,82.15449264274687,81.88505910884268,82.00052642822266,1871100
2015-03-05,82.01593679454105,82.17759693618754,81.87737011981388,82.0467300415039,2253200
2015-03-06,81.47706755405076,81.49246711485068,81.16914681659134,81.20763397216797,1734000
2015-03-09,81.52332098916209,81.58490753173828,81.40784769013572,81.58490753173828,1218100
2015-03-10,81.94666047341337,82.05443391426734,81.82349334381401,81.93126678466797,1309200
2015-03-11,81.90045496534242,82.14679504190251,81.85426803636574,82.0775146484375,945700
2015-03-12,82.37773420233913,82.4162213487045,82.02362074044267,82.15448760986328,916800
2015-03-13,82.06984985088519,82.316190032446,81.98516986285992,82.03135681152344,846900
2015-03-16,82.33928610201276,82.44705956776669,82.17762590338188,82.31619262695312,639400
2015-03-17,82.50095124937768,82.52404472582256,82.38547799393955,82.48555755615234,768500
2015-03-18,82.71644635964964,83.5093590843997,82.47010630991672,83.432373046875,1963600
2015-03-19,83.23994222862153,83.36311522343017,82.93202148802327,83.039794921875,985600
2015-03-20,83.31693652060068,83.3785171508789,83.23225654660433,83.3785171508789,1194800
2015-03-23,83.45548734655995,83.52476774490287,83.29382133733759,83.48627471923828,795100
2015-03-24,83.49400862133923,83.74034881591797,83.4247281946828,83.74034881591797,584500
2015-03-25,83.74803029860948,83.78651745838185,83.3785171508789,83.3785171508789,1240200
2015-03-26,83.24760950074919,83.25530927822086,82.83960939289082,82.90888977050781,928300
2015-03-27,83.07058625188209,83.2938270216961,83.07058625188209,83.23224639892578,2492500
2015-03-30,83.26305663477794,83.32463727011233,83.11679014528171,83.22456359863281,2017700
2015-03-31,83.21685495872494,83.44780140458712,83.15526845673342,83.44010162353516,2137200
2015-04-01,83.69843604678586,83.92975015979448,83.68301157629149,83.83722686767578,2570100
2015-04-02,83.82175980750321,83.83718427016044,83.57502134936757,83.59815216064453,1126400
2015-04-06,84.00687403244822,84.07627240008412,83.65218760540138,83.70616149902344,1268500
2015-04-07,83.60590171479305,83.80637863987042,83.52108478044153,83.7755355834961,750700
2015-04-08,83.79090274622975,83.80632720630638,83.52874575200603,83.69837951660156,886400
2015-04-09,83.64450116336101,83.6522075194893,83.28210241303528,83.35920715332031,890600
2015-04-10,83.52105856199468,83.56732019067823,83.32058169984984,83.33600616455078,789700
2015-04-13,83.38229641102488,83.55964251969523,83.36687782374173,83.50566864013672,624800
2015-04-14,83.89116350096549,84.02224202840883,83.68297442071147,83.75237274169922,825400
2015-04-15,83.88350775493714,83.929769411608,83.76013549353058,83.79869079589844,566400
2015-04-16,83.84490420915905,83.96827639957864,83.60587794360836,83.8603286743164,903300
2015-04-17,83.79092848936169,84.13790835519386,83.73695462792686,84.02996063232422,1945700
2015-04-20,83.99137707942936,84.0145078861565,83.77548170636575,83.87571716308594,878100
2015-04-21,83.8140335536368,83.82945801371342,83.65982424911789,83.69837951660156,811000
2015-04-22,83.64444332025462,83.64444332025462,83.19722790006634,83.212646484375,725100
2015-04-23,83.26660231375523,83.56731464566424,83.2203406881413,83.46707916259766,918700
2015-04-24,83.59817970336422,83.78323801996794,83.5904733522055,83.76010131835938,739100
2015-04-27,83.66759124242644,83.75240818023975,83.50566960188603,83.62903594970703,854400
2015-04-28,83.42854455748085,83.61360287120758,83.21264907417705,83.24349212646484,1101100
2015-04-29,82.8501730854024,83.0660742495158,82.74222544469832,82.93498992919922,1118000
2015-04-30,82.64201892643821,82.98128642025085,82.4723851795319,82.9118881225586,2650600
2015-05-01,82.66711566109684,82.75206132125089,82.39683080153056,82.45861053466797,1854300
2015-05-04,82.52816007967587,82.64398977914159,82.28104690141083,82.28876495361328,2784900
2015-05-05,82.3350660876346,82.3350660876346,81.94895155018081,82.14972686767578,2050800
2015-05-06,82.01073930610752,82.06479511485236,81.65551457840701,81.74818420410156,1802100
2015-05-07,81.89492011836995,82.18064119045205,81.83314036000117,82.09569549560547,2201300
2015-05-08,82.59764111237908,82.65942086730007,82.31963810687633,82.41230773925781,1004300
2015-05-11,82.15749236388213,82.15749236388213,81.57832026475242,81.60148620605469,1324400
2015-05-12,81.47017361255402,81.83312224808763,81.39295187750534,81.6632308959961,1431000
2015-05-13,81.97210382528924,81.97210382528924,81.51648568333528,81.55509948730469,1221200
2015-05-14,81.66323090131537,81.91806792946927,81.66323090131537,81.83312225341797,617500
2015-05-15,82.07248401031798,82.47404632521294,82.03387610149574,82.41999053955078,854900
2015-05-18,82.0879608319088,82.15745862727748,81.84856578958806,81.864013671875,1000400
2015-05-19,81.49336705981293,81.84087382232735,81.40842135508558,81.50109100341797,1240400
2015-05-20,81.70178356101981,81.91028267876769,81.56278218530913,81.6786117553711,1682600
2015-05-21,81.93349009207459,82.18060311943002,81.87943430145431,82.1651611328125,836700
2015-05-22,82.01071185411162,82.0724915838947,81.80993656977554,81.97982788085938,852300
2015-05-26,82.01847971859199,82.48954010009766,81.98758983715723,82.48954010009766,1925600
2015-05-27,82.38137365957495,82.50492721148183,82.21148237051926,82.44315338134766,1015000
2015-05-28,82.4354553297739,82.58989879106579,82.36595753968466,82.52040100097656,1068200
2015-05-29,82.66711259070522,82.77522417386045,82.55900100755,82.56671905517578,1148500
2015-06-01,82.5505027905348,82.61237444198869,82.10189938692697,82.20244598388672,2161700
2015-06-02,81.89306719174346,81.91627570049764,81.57595505039062,81.63009643554688,1484500
2015-06-03,81.3207316844061,81.3207316844061,80.8876005119628,80.93400573730469,1703400
2015-06-04,81.10417417238325,81.44449492802288,81.10417417238325,81.32847595214844,1594800
2015-06-05,80.75610344370824,80.98813543787816,80.60140954662616,80.74063110351562,1384900
2015-06-08,80.94951347475674,81.01138516860932,80.84896090792337,80.85669708251953,877800
2015-06-09,80.78702135707285,80.81796013075812,80.50084802717748,80.59365844726562,822400
2015-06-10,80.46219237293653,80.50859759410469,80.25336297671068,80.2843017578125,967000
2015-06-11,80.56270820898456,80.92622544425191,80.45441957394421,80.91849517822266,3069700
2015-06-12,80.7792751694919,81.20466994665087,80.76380283521468,80.87208557128906,1578100
2015-06-15,81.28202570864921,81.3284368172483,80.98811622536951,81.06546020507812,1478800
2015-06-16,81.2433620478033,81.39805001746129,81.12734312007592,81.37484741210938,779000
2015-06-17,81.2588024151421,81.50630662777189,80.88754904668036,81.42122650146484,1994000
2015-06-18,81.31297914182184,81.43673425244315,81.05000838320426,81.35939025878906,1481600
2015-06-19,81.66100277228009,81.81569069671284,81.606861408632,81.79248809814453,1849600
2015-06-22,81.42901249495851,81.4599512780897,81.07322534040395,81.10416412353516,860300
2015-06-23,80.81029183688705,81.14287653285508,80.77161686487848,80.85669708251953,925000
2015-06-24,80.99585843826873,81.13507997252115,80.84890073517786,81.09640502929688,1176500
2015-06-25,80.89533233642578,81.0345539160959,80.77158309948,80.89533233642578,919800
2015-06-26,80.58591004795761,80.66325401428477,80.41574978145802,80.50856018066406,1441500
2015-06-29,81.019095203828,81.52184017287637,80.91081239830623,81.44449615478516,1500900
2015-06-30,81.0964444272952,81.49864278873812,81.0964444272952,81.22019958496094,1599400
2015-07-01,80.8731101492252,80.95832175216985,80.67944848982096,80.79564666748047,3738800
2015-07-02,81.07454080691078,81.22946781029468,81.02030985463144,81.08228302001953,1924600
2015-07-06,81.69422347092497,81.77168694297617,81.35337710179877,81.6554946899414,1723300
2015-07-07,82.09706189300961,82.35269081865499,81.83367893526362,81.8724136352539,2083900
2015-07-08,82.03514735276077,82.29852458860945,81.94993567996511,82.19782257080078,1991200
2015-07-09,81.79492900074443,81.89563683792788,81.60901547760592,81.62451171875,1206900
2015-07-10,81.09780148896424,81.31470171717159,80.9196300671722,81.05906677246094,3719900
2015-07-13,80.70268068920166,81.02028271276761,80.70268068920166,80.84211730957031,1322300
2015-07-14,81.05898260887119,81.12095572689455,80.98151916638288,81.09771728515625,1321600
2015-07-15,81.00483995213234,81.46962698961484,80.99709182698275,81.40765380859375,1239500
2015-07-16,81.19846136105305,81.4695865056828,81.14423633212711,81.37663269042969,811400
2015-07-17,81.29914967732697,81.4618306469353,81.29140746740954,81.38436126708984,881300
2015-07-20,81.24492576713199,81.27591233747661,81.08225070538573,81.22168731689453,842500
2015-07-21,81.13646744772502,81.48506189597238,81.10548088054193,81.44632720947266,676600
2015-07-22,81.46960223716613,81.67101205924754,81.46186002445664,81.54706573486328,523800
2015-07-23,81.46962601159892,81.88018798828125,81.44638754651693,81.88018798828125,1064800
2015-07-24,81.94209195877602,81.99631696819714,81.81040349447943,81.95758819580078,1098400
2015-07-27,82.25198296112572,82.29071765833204,82.11254632530199,82.22874450683594,1392600
2015-07-28,82.02734735933144,82.10481085559563,81.95763198571946,81.9963607788086,6205200
2015-07-29,81.9189227034764,82.18229985452251,81.76399566287135,81.88018798828125,2107300
2015-07-30,81.82591401723415,81.99633720607277,81.77168899442952,81.97309875488281,683200
2015-07-31,82.38368600234921,82.51537453993554,82.29847438153782,82.45340728759766,1113000
2015-08-03,82.47203146101205,82.78236361781369,82.44099706149059,82.70478057861328,2627700
2015-08-04,82.58837771586522,82.6271721831636,82.2314911096979,82.27804565429688,1036000
2015-08-05,82.08410615864803,82.09962039801414,81.84359105442716,81.95996856689453,1283300
2015-08-06,82.08407555891382,82.28579019150776,82.04528109615131,82.24700164794922,731700
2015-08-07,82.3168618712154,82.59616555587182,82.27031323017488,82.57289123535156,1533700
2015-08-10,82.30131994614564,82.3866630388167,82.13839383810213,82.23149108886719,1123900
2015-08-11,82.67375676499103,82.96082055791652,82.66600260352263,82.77462005615234,2263800
2015-08-12,82.90650220984075,83.18580588967589,82.73581597002966,82.74357604980469,1765700
2015-08-13,82.5573710681232,82.73581145877311,82.45650779416731,82.52633666992188,1626500
2015-08-14,82.37894071306049,82.58066138083444,82.30135766213431,82.44100952148438,612500
2015-08-17,82.72027654544277,82.78233940712819,82.57286467062983,82.58837890625,905300
2015-08-18,82.44873711402866,82.61942332258705,82.4254627981717,82.45649719238281,690400
2015-08-19,82.29353004953076,83.02282315202025,82.28576997504402,82.96075439453125,1444500
2015-08-20,83.08495061463583,83.25563687089085,83.02288772807618,83.1858139038086,1933300
2015-08-21,83.30221237108617,83.5659959830807,83.20910913903649,83.51944732666016,2123600
2015-08-24,84.17889344984333,84.38061411456661,83.46511992138528,83.6590805053711,3074800
2015-08-25,83.33320686612998,83.34096102568019,82.89873124388218,83.20130920410156,2925500
2015-08-26,82.82116178396402,83.19356867559345,82.61944113769778,82.68927001953125,3512900
2015-08-27,82.57290011442724,82.7901350215845,82.49531706461497,82.6427230834961,1414100
2015-08-28,82.97630290935405,83.0383716924893,82.59614197125927,82.65821075439453,1998000
2015-08-31,82.95303964771244,82.97631396468788,82.49529562931363,82.51856994628906,5431600
2015-09-01,82.74931167947736,82.91249395050777,82.6638344048646,82.8891830444336,3749700
2015-09-02,82.70268144727804,82.88917460539554,82.62497645877163,82.66382598876953,2441700
2015-09-03,82.86592864990234,82.90478413886478,82.65612442364475,82.86592864990234,1791300
2015-09-04,83.02132308986084,83.20782228748622,82.85037438480879,83.12234497070312,1421300
2015-09-08,82.77266449023786,82.85814180812457,82.69495945448108,82.75712585449219,1583500
2015-09-09,82.43853405572612,82.8970038816194,82.415223135997,82.78821563720703,1397200
2015-09-10,82.71830023692762,82.72607252186367,82.50072368684924,82.60174560546875,1601600
2015-09-11,82.77264714784769,82.92029083481144,82.74156988286761,82.81927490234375,1069000
2015-09-14,82.99024514248639,82.99801149593856,82.80374594638079,82.8969955444336,897500
2015-09-15,82.73385406325016,82.76493727795565,82.22876219919092,82.24430084228516,1903000
2015-09-16,82.19762872158496,82.38412196726236,82.13546233018805,82.22093963623047,1305300
2015-09-17,82.18210179791234,82.91253625110711,82.18210179791234,82.90476989746094,2394300
2015-09-18,83.12234218612559,83.30883544898936,83.02909259043673,83.29329681396484,2074200
2015-09-21,82.99022950229906,83.2932832282151,82.74156988286761,82.81927490234375,1591700
2015-09-22,83.13786766759966,83.37876093622143,83.07570720882234,83.23111724853516,1395500
2015-09-23,83.16893871889229,83.23887737651137,83.02906733216625,83.13785552978516,1364300
2015-09-24,83.47982172212768,83.56529906844983,83.23893425259229,83.26224517822266,1393000
2015-09-25,83.01355638792857,83.11457233983275,82.92030678950726,83.04463958740234,1564000
2015-09-28,83.16113164416375,83.51858520507812,83.1222821204189,83.51858520507812,1926000
2015-09-29,83.58856066944522,83.86830346896906,83.5186279338206,83.80613708496094,2460900
2015-09-30,83.62747355975475,83.84505012465738,83.60415670335796,83.82173919677734,2676000
2015-10-01,83.97269244278128,84.08943045779934,83.85595442776321,83.8870849609375,10101300
2015-10-02,84.63420852655122,84.80542350760027,84.15169411973505,84.29177856445312,3320200
2015-10-05,84.11275913134646,84.11275913134646,83.793675686771,83.8248062133789,3034900
2015-10-06,83.76257191825957,84.03496262870927,83.73144138170696,83.99604797363281,2104000
2015-10-07,83.79370500006502,83.9026589125373,83.67696696883246,83.78592681884766,2338000
2015-10-08,83.81703146722488,83.88707664430822,83.49016980761328,83.5679931640625,2176800
2015-10-09,83.52905472752033,83.68470138502579,83.49014009437427,83.61466217041016,1069400
2015-10-12,83.7781213125341,83.91042160996962,83.70807613665909,83.89485931396484,1336300
2015-10-13,83.95711090529203,84.00380966642557,83.75477137803087,83.9726791381836,1849700
2015-10-14,84.26839294391809,84.44739196016306,84.09717804252028,84.43182373046875,1359600
2015-10-15,84.2917758899953,84.31512230711711,84.0894363165779,84.14391326904297,1075500
2015-10-16,84.22952047404522,84.22952047404522,84.02717496376471,84.07386779785156,1773000
2015-10-19,84.07384370229892,84.08941193422767,83.85593595562263,84.0349349975586,1744500
2015-10-20,83.7936639449696,83.84036269710809,83.708056493179,83.7469711303711,1134500
2015-10-21,83.90262877632732,84.08941193422767,83.90262877632732,84.0349349975586,6576500
2015-10-22,84.0738592336578,84.20615954178875,83.93377480812447,84.12055206298828,2411400
2015-10-23,83.75479741981265,83.75479741981265,83.6224911492611,83.64584350585938,2029600
2015-10-26,83.78592327138735,83.89487717924656,83.76257091609523,83.8637466430664,3131500
2015-10-27,84.05052138080814,84.19838993880649,84.00382854672128,84.07386779785156,1373100
2015-10-28,84.03493780774448,84.05050010265288,83.52907712887773,83.63803100585938,2058200
2015-10-29,83.43568133938157,83.44346545521373,83.10881972491934,83.12438201904297,1772400
2015-10-30,83.18664914564783,83.33451766955399,83.15551861758647,83.2878189086914,3424800
2015-11-02,83.11092646642346,83.16548653056172,83.02518837326322,83.04857635498047,5313500
2015-11-03,82.97839347362346,83.02515752648145,82.79133131559266,82.8302993774414,1941700
2015-11-04,82.85371087799813,82.98621302978759,82.66664272024781,82.74459075927734,1933200
2015-11-05,82.74457606707287,82.7679580959898,82.56530393437731,82.69001007080078,1554600
2015-11-06,82.18338237552877,82.24573246952193,82.01970222892294,82.12882232666016,2968600
2015-11-09,81.87161691799334,82.11323916800751,81.85602493286986,81.98853302001953,3223900
2015-11-10,82.12100426921424,82.29248036146873,82.03526622308699,82.1443862915039,1467900
2015-11-11,82.06642441051787,82.14436644818781,82.03524640613064,82.10539245605469,1638100
2015-11-12,82.11322478212325,82.29249690003573,82.11322478212325,82.1521987915039,2399100
2015-11-13,82.32370635449524,82.48738655251908,82.32370635449524,82.46400451660156,2665300
2015-11-16,82.61205766073111,82.68999972957326,82.4795555490396,82.57308959960938,1412800
2015-11-17,82.3236921742846,82.66663855300457,82.26133612484453,82.54972839355469,1180000
2015-11-18,82.4561668902504,82.59646498152011,82.37042883744122,82.51072692871094,941500
2015-11-19,82.71339804631714,82.77574814122917,82.64324601296691,82.69001007080078,1967200
2015-11-20,82.73675400729893,82.79911002916381,82.58086395263672,82.58086395263672,1287900
2015-11-23,82.5341259136216,82.76016210415102,82.50294789286586,82.69001007080078,1377100
2015-11-24,82.73675869384448,82.86926078786465,82.71337667097008,82.76793670654297,1094500
2015-11-25,82.81466674804688,82.86922676121706,82.68995474846048,82.81466674804688,752400
2015-11-27,82.89268618383107,82.96283823575878,82.88489018992777,82.90048217773438,759600
2015-11-30,82.89264373385979,82.94720377004028,82.88484774394888,82.9316177368164,2266900
2015-12-01,82.93554686081434,83.38051332684685,82.93554686081434,83.37271118164062,2805800
2015-12-02,83.18534071627182,83.23998550416032,83.02921445254333,83.13850402832031,1579000
2015-12-03,82.77160234503839,82.77941044512515,82.10024867762318,82.2641830444336,2750500
2015-12-04,82.42809516056509,82.65448235528801,82.35003204827566,82.56861114501953,2231500
2015-12-07,82.61544345254478,83.02137515922041,82.59202511736792,82.83402252197266,1954000
2015-12-08,83.0370221113123,83.0370221113123,82.78721651717278,82.88088989257812,1519900
2015-12-09,82.83401018997071,83.10723398607908,82.64665758061528,83.00575256347656,3711100
2015-12-10,83.03700223664521,83.04480437883812,82.81841718273506,82.82622528076172,1545000
2015-12-11,83.22435321274074,83.59905852875814,83.20093487496885,83.4897689819336,3352900
2015-12-14,83.13853146665187,83.24782107849786,82.87311553955078,82.87311553955078,2204400
2015-12-15,82.56083388767176,82.74037850447091,82.52960744217724,82.66231536865234,1591000
2015-12-16,82.50614029301181,82.73252742205806,82.27975316396557,82.44368743896484,1911800
2015-12-17,82.5607985030137,82.83402233919567,82.5607985030137,82.78718566894531,1202600
2015-12-18,82.98238082510471,83.16973353965578,82.91211983475092,83.0838623046875,4396700
2015-12-21,83.05260280713925,83.22434520872743,83.05260280713925,83.12286376953125,1603200
2015-12-22,82.98236645275728,83.02920313432419,82.81062401256608,82.88868713378906,1411800
2015-12-23,82.67008277397849,82.74033777488097,82.59201967658711,82.70130920410156,1380800
2015-12-24,82.76700772718209,82.85301208496094,82.704458018785,82.85301208496094,654200
2015-12-28,82.82956324706065,83.00157197468681,82.78264797993691,82.86865234375,2198300
2015-12-29,82.78264834750166,82.78264834750166,82.3682669373272,82.43081665039062,1752500
2015-12-30,82.36825735050478,82.55590050278633,82.31352784921148,82.46208190917969,1358100
2015-12-31,82.59497273212318,82.7122519067855,82.48551375978946,82.55587768554688,1906000
2016-01-04,82.94682682406209,83.18920544155895,82.86864267473688,82.9077377319336,6183700
2016-01-05,82.85304825226643,83.0328712860694,82.74358919732435,82.88432312011719,2122800
2016-01-06,83.23613523520727,83.40032377874245,83.16577127300778,83.38468933105469,1906100
2016-01-07,83.49413495046852,83.56449890136719,83.20484701161364,83.56449890136719,3106000
2016-01-08,83.48628589159483,83.81466281243549,83.41592196501469,83.77557373046875,1783200
2016-01-11,83.48632623026295,83.6974300421372,83.42377651081357,83.50978088378906,4816100
2016-01-12,83.4784884163958,84.0726986956922,83.42375891468879,83.88505554199219,8962500
2016-01-13,83.83031061178217,84.3306962396012,83.75994071392816,84.21341705322266,2664100
2016-01-14,84.12744724540178,84.28382154644807,83.84597946858813,84.04144287109375,2597300
2016-01-15,84.57309929878892,84.5887397106395,84.35418125343563,84.43236541748047,4334300
2016-01-19,84.29946709595127,84.5105649738275,84.22128291766639,84.32292175292969,4896500
2016-01-20,84.72947518770783,85.05003205584971,84.67474567533876,84.73728942871094,4949100
2016-01-21,84.84669497174839,84.9326992891269,84.4714088277928,84.52613830566406,2385700
2016-01-22,84.24472979800105,84.40891834676417,84.14309097212004,84.33855438232422,1735600
2016-01-25,84.52620104660106,84.6278398766434,84.4401966653844,84.62002563476562,1190900
2016-01-26,84.62002764927097,84.77639600153101,84.54183750807066,84.68257141113281,1288000
2016-01-27,84.6200237045375,84.7685718427386,84.32291549799531,84.7451171875,1802300
2016-01-28,84.6200007687744,84.90146252041895,84.58090571059323,84.85455322265625,2222900
2016-01-29,85.15167610391006,85.36277394548999,85.05003132105318,85.30804443359375,3805500
2016-02-01,85.19763347786268,85.30725223490721,85.00188484402969,85.11150360107422,6813000
2016-02-02,85.51860696570591,85.77699642342897,85.51077535292848,85.71435546875,4141600
2016-02-03,85.63610848638884,86.184202233252,85.59695637285269,85.62044525146484,12145000
2016-02-04,85.722225639538,85.85533324777516,85.57345479870061,85.82401275634766,2431100
2016-02-05,85.65961548315461,85.98847180083001,85.58914285863841,85.93366241455078,1440200
2016-02-08,86.23898059047708,86.63830930457924,86.19200285014918,86.57566833496094,2824800
2016-02-09,86.8497516275035,86.8497516275035,86.51306374145263,86.59136199951172,2679600
2016-02-10,86.57572264550492,86.88109009674224,86.37214235342158,86.84976959228516,2027200
2016-02-11,87.49179557455821,87.70320741509906,87.14728208894559,87.24906921386719,3743000
2016-02-12,86.86542039610296,86.9828648037849,86.42693937025034,86.58354187011719,3258700
2016-02-16,86.42692140076318,86.44258463438051,86.21551553711565,86.32513427734375,2816800
2016-02-17,86.14503827287672,86.16070150564666,85.87099143713262,86.11372375488281,4856500
2016-02-18,86.03540404652135,86.55218310696128,86.03540404652135,86.51303100585938,3125700
2016-02-19,86.43473277742748,86.62264972041841,86.3564345489956,86.51303100585938,1340000
2016-02-22,86.42691040039062,86.4973829951523,86.36427539521337,86.42691040039062,1012200
2016-02-23,86.19986848830204,86.67749564916326,86.16072234445528,86.59919738769531,2257800
2016-02-24,86.92805367012534,87.21776380870861,86.51306750794825,86.59919738769531,2947700
2016-02-25,86.84976573186421,87.03768875025365,86.67750595189479,86.85759735107422,1983600
2016-02-26,86.4034329243623,86.52088328194314,86.30947741731632,86.43475341796875,2957900
2016-02-29,86.44256075485076,86.62264607528884,86.3955770407512,86.57566833496094,3861600
2016-03-01,86.67527473186952,86.67527473186952,85.85980192267701,85.89900970458984,5901200
2016-03-02,85.67944245771939,85.78138028345705,85.59319611771586,85.75001525878906,3011200
2016-03-03,85.7343494839066,85.95390470710504,85.66378264886535,85.85196685791016,2093000
2016-03-04,85.6794934537162,85.81279638346308,85.4128995587631,85.56188201904297,1781200
2016-03-07,85.42853743067538,85.45206568840696,85.31876282366427,85.38933563232422,2349400
2016-03-08,85.89117405231256,86.05583598187724,85.82844398897323,85.88333129882812,1747600
2016-03-09,85.61673828377593,85.71867015093078,85.4520763527097,85.5461654663086,1537800
2016-03-10,85.55403138510398,85.65596327985868,85.10709002768762,85.24038696289062,2798700
2016-03-11,85.25607154730793,85.25607154730793,84.92674161731614,84.997314453125,1785000
2016-03-14,85.10707263609592,85.2246900181746,85.02082028805613,85.06002807617188,2661800
2016-03-15,85.24038430980302,85.31095714418261,85.02083501576803,85.04435729980469,2960800
2016-03-16,84.92672098183517,87.00460802146884,84.84046863806512,85.49127960205078,2052300
2016-03-17,85.58538055419922,85.67946967582606,85.52265048493554,85.58538055419922,2745500
2016-03-18,85.70300068784178,85.83629760260172,85.63242786208902,85.73435974121094,2434600
2016-03-21,85.54616691333462,85.60889697830707,85.45991456956456,85.49127960205078,1725000
2016-03-22,85.68734270511705,85.70302821910931,85.28744585010536,85.31097412109375,1437700
2016-03-23,85.40501526585855,85.78138962057521,85.40501526585855,85.7029800415039,1405400
2016-03-24,85.84413700791963,85.92254660282116,85.475605331387,85.61674499511719,1548200
2016-03-28,85.71080721664019,85.87546910893653,85.64808314976545,85.74217224121094,1291400
2016-03-29,85.93822228625382,86.32243347167969,85.88333497405013,86.32243347167969,2981000
2016-03-30,86.1264183998785,86.26755807679534,85.94607691298262,86.204833984375,2808800
2016-03-31,86.30674902245435,86.5968710745613,86.18913165093704,86.5184555053711,3759100
2016-04-01,86.52469897693321,86.62678622678493,86.31266976835272,86.4932861328125,5489100
2016-04-04,86.57971740243013,86.65039184689113,86.46977538345259,86.59542083740234,3035600
2016-04-05,86.91738271297011,86.98020842446581,86.81529542533178,86.9409408569336,1951500
2016-04-06,86.83103161470639,86.90171206465082,86.64256040050768,86.75250244140625,1646000
2016-04-07,86.99592316655485,87.23936534101244,86.96451030672316,87.20010375976562,2069600
2016-04-08,87.01946707773493,87.08229278712041,86.91737979352558,87.06658935546875,1309500
2016-04-11,86.85455458271437,87.1058514303094,86.83099643940693,87.0508804321289,879600
2016-04-12,86.80749353872663,86.90173216331748,86.64258043923762,86.70540618896484,1363200
2016-04-13,86.57970968734259,86.8231518517583,86.55615154128819,86.76818084716797,1466400
2016-04-14,86.59542512100975,86.71322185899578,86.49333781016371,86.56401824951172,1403900
2016-04-15,86.65821477859674,86.90166286681279,86.62680192878214,86.82312774658203,1657800
2016-04-18,86.76031950511044,86.76031950511044,86.60325523527888,86.73675537109375,1297800
2016-04-19,86.61898497694669,86.68965942140768,86.4854788184248,86.59542083740234,1219600
2016-04-20,86.60329304553268,86.7367932396326,86.13211201310293,86.15567016601562,1939800
2016-04-21,85.96718118926107,86.11639078206852,85.91221018002527,86.01429748535156,1636600
2016-04-22,86.01432234109129,86.06143865079709,85.86511270516641,85.92008972167969,952100
2016-04-25,85.88079192863718,85.99073394020841,85.81796621019924,85.82582092285156,1416300
2016-04-26,85.7865651563558,85.79441987008903,85.59809396649615,85.64521026611328,1127100
2016-04-27,85.87294585737118,86.1949232032234,85.74730039924191,86.11639404296875,1734000
2016-04-28,86.13210040104188,86.43836833040073,86.09283282388671,86.41481018066406,2807300
2016-04-29,86.24206030305783,86.4619444013642,86.16353112386159,86.38341522216797,2858500
2016-05-02,86.24266996518838,86.34490696909594,86.1247004990327,86.13256072998047,2226800
2016-05-03,86.62012985057288,86.722366812927,86.57294448335927,86.64372253417969,2330900
2016-05-04,86.65943280746839,86.81672132470123,86.51000451597656,86.80099487304688,1176900
2016-05-05,86.76951938252702,87.03691101074219,86.6200911196002,87.03691101074219,1257500
2016-05-06,86.97404513652236,87.01337028187511,86.73811226493012,86.83248901367188,1675600
2016-05-09,86.94255279169428,87.0054645954833,86.87176876219509,86.99760437011719,1459900
2016-05-10,86.95824937267726,87.02116715502622,86.88747136766214,86.98184204101562,1506900
2016-05-11,86.94258556009382,87.2099773274494,86.89539418925072,87.1156005859375,1606800
2016-05-12,86.85607650372306,86.98190616100821,86.7931586749933,86.87966918945312,1261500
2016-05-13,86.93468017743022,87.233530724025,86.8953550528015,87.2099380493164,5007300
2016-05-16,86.99760578714898,86.99760578714898,86.86390395151098,86.8953628540039,1708100
2016-05-17,86.83247764029758,86.95830728863058,86.76955981604411,86.77742004394531,1158700
2016-05-18,86.58865797827715,86.60439043177607,85.97522429562468,86.07746124267578,2946500
2016-05-19,86.17186006421618,86.29769572378953,86.12467469196342,86.16399383544922,1345000
2016-05-20,86.179705524193,86.30553515326768,86.1010612559997,86.21902465820312,1059400
2016-05-23,86.28978030012715,86.3526980940436,86.17181093657658,86.2740478515625,892300
2016-05-24,86.1247004990327,86.2190712718162,86.00673103287701,86.13256072998047,965200
2016-05-25,86.1089195074079,86.21902268038744,86.05386792091814,86.09319305419922,890300
2016-05-26,86.2347508244357,86.43136448067007,86.17969924069696,86.36058044433594,998200
2016-05-27,86.39201765960657,86.42347655672665,86.09316713722244,86.19540405273438,1995300
2016-05-31,85.98307020450272,86.3841576713533,85.98307020450272,86.29765319824219,1734700
2016-06-01,86.52057146111117,86.5599550994633,86.22915417006382,86.2685317993164,2786400
2016-06-02,86.40239231790629,86.5992984134431,86.40239231790629,86.53629302978516,5038500
2016-06-03,87.20575833418609,87.35540886530514,87.18213056802965,87.33965301513672,1971300
2016-06-06,87.15857444646915,87.2767133743619,87.08768508063238,87.11131286621094,1715700
2016-06-07,87.27665941456796,87.33967080988732,87.22940387262713,87.2372817993164,2672900
2016-06-08,87.30026939881186,87.37903663146157,87.26089179158319,87.33965301513672,1284200
2016-06-09,87.59173192914525,87.62323763455515,87.4657151166045,87.47358703613281,1328400
2016-06-10,87.73351378962876,87.88316440372803,87.63899666349772,87.78076934814453,1878900
2016-06-13,87.93827542277347,88.01703666987547,87.8043807017903,87.95402526855469,1026200
2016-06-14,88.18244427981641,88.18244427981641,87.90677688793909,87.93040466308594,1390600
2016-06-15,87.93042376823692,88.29273042043879,87.93042376823692,88.1982192993164,2377600
2016-06-16,88.43448200753714,88.63138814168613,88.20607017083252,88.29270935058594,3088700
2016-06-17,88.21393444839588,88.21393444839588,87.93038917836967,87.99340057373047,3140900
2016-06-20,87.60749215478619,87.67049755964878,87.55235866984444,87.61536407470703,1956500
2016-06-21,87.59962098749308,87.70988796588799,87.40271481048796,87.41846466064453,1494500
2016-06-22,87.41844984260068,87.60748406703469,87.39482206682108,87.59172821044922,1378700
2016-06-23,87.22944226975451,87.4105986087657,87.15068099548445,87.17430877685547,1715000
2016-06-24,88.58414811161083,88.59202604090447,88.28484688944634,88.37936401367188,4390000
2016-06-27,88.9700322549069,89.19056607774048,88.92277672404141,89.143310546875,4493700
2016-06-28,89.1197236950756,89.18273510455458,88.96219517137816,89.12760162353516,1799700
2016-06-29,89.05672787847097,89.12761722882146,88.75743264469058,88.76530456542969,2670900
2016-06-30,88.9070323696826,89.15907191537956,88.7810156013825,88.96216583251953,5690800
2016-07-01,89.36289619212334,89.37866810642521,89.02374286821345,89.19725799560547,5292300
2016-07-05,89.52849037436538,89.84398268416555,89.49694054163383,89.68623352050781,2926300
2016-07-06,89.77302426036825,89.78879617328285,89.56007033967586,89.70204162597656,1921600
2016-07-07,89.5363972051053,89.73357919914339,89.3786540168816,89.58372497558594,1323000
2016-07-08,89.59160975101766,89.78090880176939,89.45752743653962,89.75724792480469,2097900
2016-07-11,89.50483780223254,89.58370938261598,89.28398895263672,89.28398895263672,2728800
2016-07-12,88.92117870102231,88.99216733868785,88.63723618539241,88.75554656982422,4116200
2016-07-13,89.01587907867767,89.14207248133752,88.95277936858797,88.98432922363281,3077200
2016-07-14,88.49526840730282,88.72400022152732,88.4794964969326,88.61357879638672,2761900
2016-07-15,88.3611746020297,88.41638530741083,88.17977057756983,88.2744140625,2811600
2016-07-18,88.41643329246047,88.49530491187906,88.16404049980967,88.25080108642578,4173500
2016-07-19,88.46372773568406,88.56626020053132,88.38485012847602,88.48738861083984,4171900
2016-07-20,88.36120284949584,88.36120284949584,88.21923155919937,88.30599212646484,2213700
2016-07-21,88.0851413307869,88.53471604013411,88.06936941884355,88.50316619873047,1944700
2016-07-22,88.30597532968373,88.58991785626763,88.27442549145037,88.43217468261719,1140000
2016-07-25,88.40848201311435,88.51890942349144,88.3453883725605,88.36116027832031,889100
2016-07-26,88.49526868185507,88.49526868185507,88.25076495650178,88.41639709472656,1694100
2016-07-27,88.52679709900099,88.79496765136719,88.42426466229578,88.79496765136719,1962700
2016-07-28,88.65302265101569,88.92118726520691,88.62147281096084,88.84231567382812,1220200
2016-07-29,89.00788312834455,89.20506497223433,88.93690055295015,89.18140411376953,2386800
2016-08-01,88.90346594351962,89.06932989927235,88.84028397890319,88.87187194824219,2479100
2016-08-02,88.47694354222305,88.84027142359726,88.47694354222305,88.65860748291016,2920500
2016-08-03,88.71386313607465,88.7375571140663,88.47691130428726,88.70596313476562,1148600
2016-08-04,88.89553362034425,89.0929914862038,88.88763361844782,88.91922760009766,1065000
2016-08-05,88.66649575603527,88.74547770964783,88.3584619187906,88.3663558959961,2368100
2016-08-08,88.26368937993328,88.45324729402367,88.17680741390488,88.31897735595703,1304000
2016-08-09,88.42164504796679,88.66649694115623,88.37425708035323,88.63490295410156,1817000
2016-08-10,88.682314002516,88.93505993879707,88.6665200178465,88.87187194824219,1262500
2016-08-11,88.80076481835519,88.85605278794134,88.35846106166609,88.44534301757812,1823600
2016-08-12,88.88765983838923,89.0140297763291,88.73758988776909,88.76128387451172,1377100
2016-08-15,88.62698024146381,88.68226819815851,88.48481034911526,88.5006103515625,1031800
2016-08-16,88.42164500069875,88.50063298126162,88.27947507199718,88.3505630493164,1433500
2016-08-17,88.37422277045923,88.61117456840798,88.26364687166567,88.4926986694336,1733900
2016-08-18,88.55594273048033,88.71390667858009,88.42166674606334,88.65071868896484,1245600
2016-08-19,88.40585102014829,88.49273297801795,88.23998710765262,88.3505630493164,1396700
2016-08-22,88.54800415039062,88.61908608828799,88.4532222072584,88.54800415039062,1084600
2016-08-23,88.61118805823685,88.69806999564899,88.4611181616276,88.54010009765625,939900
2016-08-24,88.61123454531754,88.6349285359629,88.43747057933348,88.50855255126953,1345600
2016-08-25,88.42954386926084,88.52432582915797,88.3505619156483,88.3663558959961,1037700
2016-08-26,88.5006065187877,88.71385833510739,87.96352095161267,88.02670288085938,1988300
2016-08-29,88.1846872908246,88.44533312942059,88.17678728864216,88.39004516601562,1497400
2016-08-30,88.42952907233199,88.46112305367774,88.33474712829474,88.38214111328125,2498400
2016-08-31,88.39003139841242,88.50060730799908,88.27944946289062,88.27944946289062,2008100
2016-09-01,88.05406609191036,88.44161934414808,88.00660628141834,88.41789245605469,1775900
2016-09-02,88.25182860269265,88.32300929149045,88.03827446768469,88.18855285644531,1550100
2016-09-06,88.1647930937678,88.66307583252247,88.12524425852956,88.59980010986328,1284000
2016-09-07,88.7263694841848,88.78964521963015,88.5998180132941,88.64727783203125,836800
2016-09-08,88.48116091615718,88.56025254807679,88.10942360839982,88.21224212646484,1287300
2016-09-09,87.89589410829925,87.91171605968408,87.75352671736776,87.79307556152344,1700700
2016-09-12,87.69817945929454,87.94337148024465,87.66654158451685,87.87218475341797,1446600
2016-09-13,87.93543537532258,87.94334635033334,87.35014994495052,87.54788208007812,1993700
2016-09-14,87.56368165389426,87.86423227084673,87.56368165389426,87.74559783935547,1062100
2016-09-15,87.69816143233749,87.83262388107985,87.5320671496272,87.76934814453125,994100
2016-09-16,87.8721382680082,87.92750301100362,87.75349780893102,87.86422729492188,833600
2016-09-19,87.78513176253759,87.85631844853948,87.71395111083984,87.71395111083984,490400
2016-09-20,87.8167660753071,87.9670443796767,87.78512821995014,87.84840393066406,1177800
2016-09-21,87.75351797750618,88.03034779041211,87.65861041587516,87.99079895019531,1108300
2016-09-22,88.1410405542563,88.35458851319989,88.11731367374072,88.25177001953125,1012300
2016-09-23,88.2122520481494,88.3467084409662,88.1885251593353,88.29134368896484,952500
2016-09-26,88.40998482932096,88.62353889885763,88.39416891476161,88.54444122314453,764000
2016-09-27,88.79755884984014,88.79755884984014,88.607737659236,88.69474029541016,1583700
2016-09-28,88.73423375322415,88.82123633508994,88.62350429163186,88.65513610839844,594800
2016-09-29,88.49697909270866,88.84498952322326,88.44161434551815,88.71053314208984,1123900
2016-09-30,88.71842938821473,88.74215627264218,88.36251405319433,88.48905944824219,1774600
2016-10-03,88.46526585820013,88.48903062986405,88.26726839115635,88.28311157226562,3112000
2016-10-04,88.17229583589636,88.25149367024764,87.87133560599108,87.87925720214844,3949600
2016-10-05,87.83964557923389,87.87131987337744,87.58620288683466,87.68124389648438,1490600
2016-10-06,87.58622075111197,87.7287792734599,87.48326416813029,87.49910736083984,1577400
2016-10-07,87.57829885534228,87.68917702664969,87.41989715175518,87.62581634521484,1601100
2016-10-10,87.43571245853678,87.43571245853678,87.26147366136234,87.39611053466797,1067000
2016-10-11,87.38031997394275,87.52287851650264,87.27735733395542,87.37239837646484,1942600
2016-10-12,87.30112212638912,87.37239837646484,87.19815948640179,87.37239837646484,1037800
2016-10-13,87.52283932000499,87.66539779872106,87.52283932000499,87.55451965332031,1188400
2016-10-14,87.33278055293445,87.57038009480424,87.26150431581793,87.28526306152344,2105300
2016-10-17,87.37236997397558,87.5545304023009,87.37236997397558,87.47532653808594,1490800
2016-10-18,87.36443444464139,87.64955139160156,87.3565188934076,87.64955139160156,1484400
2016-10-19,87.5228459772561,87.75252387945787,87.5228459772561,87.68916320800781,1264200
2016-10-20,87.81586792777775,87.81586792777775,87.57827450207644,87.60995483398438,979900
2016-10-21,87.7367203280649,87.7367203280649,87.5862401759887,87.70503997802734,571100
2016-10-24,87.76046629561233,87.76046629561233,87.48327082617485,87.58622741699219,900800
2016-10-25,87.47531727481757,87.70499516342475,87.45948012909555,87.57035827636719,735100
2016-10-26,87.4436325717767,87.48322845257012,87.34859158154327,87.3802719116211,1136600
2016-10-27,87.079345703125,87.11894764174333,86.89719128725864,87.079345703125,3668500
2016-10-28,87.00008995643493,87.16640711158897,86.96049408658119,87.09513092041016,1313200
2016-10-31,87.19811557324807,87.22979590479693,87.08723743402977,87.16643524169922,4413900
2016-11-01,86.91587216162782,87.33622046714865,86.8682880726872,87.16967010498047,2004000
2016-11-02,87.32821177442494,87.5820034460484,87.2647623438014,87.43131256103516,1455900
2016-11-03,87.30441738766469,87.4233835541462,87.2489006500894,87.37579345703125,686600
2016-11-04,87.47894987597661,87.68515156049385,87.46308448432204,87.64550018310547,1699800
2016-11-07,87.32026047839791,87.37577720564741,87.24888442230687,87.28060913085938,2617900
2016-11-08,87.29652714516676,87.32825187504635,86.93170182786183,86.97135925292969,1182200
2016-11-09,86.57476657934305,86.57476657934305,85.5833919495001,85.64683532714844,6381300
2016-11-10,85.39311036213593,85.67862696260944,85.11552645914091,85.13138580322266,5445300
2016-11-11,85.29792724218387,85.36930335435157,84.92516918742139,84.95689392089844,2482900
2016-11-14,84.46516418457031,84.78240544802046,84.29068118712904,84.46516418457031,3753800
2016-11-15,84.45723148899376,84.61585514615574,84.40171472170552,84.46516418457031,1391700
2016-11-16,84.28277006574966,84.60001141040534,84.28277006574966,84.54449462890625,2765700
2016-11-17,84.40168394600057,84.44927405123312,84.10824087627935,84.17168426513672,2499200
2016-11-18,84.14791774725984,84.23515924061641,83.71964297556583,83.79895782470703,4093700
2016-11-21,83.86232945769662,83.98129557871566,83.77508803900722,83.8702621459961,1364300
2016-11-22,83.98134019770049,84.13203110111068,83.87030670598922,83.94961547851562,1744700
2016-11-23,83.47375620688528,83.74340724175764,83.27548125152451,83.64823913574219,4607100
2016-11-25,83.6799959269493,83.71964730269588,83.46585550459751,83.57688903808594,948200
2016-11-28,83.8544340072739,83.9892595041677,83.76719255613779,83.95753479003906,2474800
2016-11-29,83.8148153179545,84.06860709734552,83.75929855530251,84.04481506347656,1745000
2016-11-30,83.5055272692,83.6958696377373,83.41035305949396,83.48173522949219,3362500
2016-12-01,83.09175361308871,83.24265211904348,82.84553994435564,83.1632308959961,3467600
2016-12-02,83.33793536829742,83.64768228370455,83.33793536829742,83.53649139404297,1660400
2016-12-05,83.258507452783,83.71121491258147,83.16319838671279,83.50471496582031,2281600
2016-12-06,83.52854745636742,83.61591259245138,83.45707019563456,83.53649139404297,989400
2016-12-07,83.68741091423573,83.85419727862582,83.67946697513617,83.81448364257812,1237600
2016-12-08,83.54446086486095,83.60005632668302,83.41738206101002,83.4968032836914,1357500
2016-12-09,83.45709880619206,83.5524018531741,83.02821691641957,83.06792449951172,3261000
2016-12-12,83.01231793440307,83.1711664238822,82.89318914160658,83.08380126953125,1538200
2016-12-13,83.22675592524678,83.2823513777239,82.98054835848377,83.1314468383789,1993500
2016-12-14,83.40943162968915,83.47297102666975,82.42459521429136,82.44048309326172,3941000
2016-12-15,82.42455895093805,82.45632863545102,82.14658178575921,82.21012115478516,1999200
2016-12-16,82.35313680381188,82.56757474343468,82.17046251050581,82.31342315673828,1811800
2016-12-19,82.59932438972722,82.73434106186542,82.50401529556773,82.69463348388672,1691800
2016-12-20,82.40077785310896,82.56756424259319,82.34518238994757,82.51991271972656,969400
2016-12-21,82.59932702684613,82.7025740042275,82.55167550797019,82.65492248535156,1870500
2016-12-22,82.56349499316774,82.69076960083181,82.49985465479733,82.61917877197266,1872100
2016-12-23,82.7066641383443,82.794168066675,82.68280053408598,82.6987075805664,830400
2016-12-27,82.49985172328867,82.57939910888672,82.49189516400592,82.57939910888672,1148800
2016-12-28,82.6191335025043,82.96914910268086,82.56344975421015,82.88164520263672,1369800
2016-12-29,83.01689113683503,83.25553928308683,83.01689113683503,83.13621520996094,1328600
2016-12-30,83.1759540726395,83.49414945636497,83.15209048094772,83.38278198242188,2439500
2017-01-03,83.0089227058198,83.43848566617957,82.96119551102657,83.34302520751953,3230500
2017-01-04,83.31122488718401,83.47827616563168,83.2237209695579,83.4384994506836,1523000
2017-01-05,83.60549870737694,84.0668816097607,83.5498149825424,83.97937774658203,3344400
2017-01-06,83.66916154511344,83.82825621066253,83.55779406541458,83.59756469726562,1601400
2017-01-09,83.89988732713549,83.94761453247973,83.81238340462106,83.9157943725586,1275000
2017-01-10,83.87596893310547,84.003243420574,83.83619224191912,83.87596893310547,1352700
2017-01-11,83.92373886596954,84.26579794960801,83.77259464533945,83.97146606445312,1833700
2017-01-12,84.1782749694707,84.34532619539262,83.99531063494327,84.01918029785156,1544700
2017-01-13,83.82028223555147,83.97142030474573,83.56572720056712,83.83618927001953,1833200
2017-01-17,84.29763499578966,84.34536220383642,84.10672009452739,84.25785827636719,1656800
2017-01-18,84.00329875872006,84.07489563620655,83.62941946392667,83.66123962402344,3640400
2017-01-19,83.39075847138635,83.43848566617957,83.17597395666967,83.34302520751953,1840000
2017-01-20,83.23959436319903,83.4623293110852,83.11231985115214,83.38278198242188,1306400
2017-01-23,83.53393722360913,83.97940717840694,83.39870007098298,83.8203125,1720200
2017-01-24,83.63735970329525,83.7487272073683,83.39076109700116,83.50212860107422,1344000
2017-01-25,83.16803914952477,83.27145011409685,82.97711819621128,83.08848571777344,1816000
2017-01-26,83.0566551479939,83.2237063971911,82.87369078797398,83.19983673095703,2212900
2017-01-27,83.24754655159283,83.36687057286699,83.23958999842206,83.30323028564453,2285200
2017-01-30,83.31915906582304,83.48621031157171,83.27938842773438,83.27938842773438,1909300
2017-01-31,83.35890698180638,83.7009659104077,83.35890698180638,83.56573486328125,1411700
2017-02-01,83.30205823774892,83.53309949366252,83.16662214650516,83.40563201904297,2055100
2017-02-02,83.67648849060032,83.73225663995174,83.4295161260829,83.43748474121094,1423500
2017-02-03,83.6526322248861,83.82790537921471,83.34989155358477,83.50125885009766,1711100
2017-02-06,83.84377562437209,83.97921774048937,83.65257144869099,83.89954376220703,1500500
2017-02-07,83.85176100889089,84.20230713297758,83.79599285990184,84.05093383789062,1540600
2017-02-08,84.05095420728372,84.44929996182061,84.05095420728372,84.3935317993164,3182200
2017-02-09,84.39352259971969,84.39352259971969,83.875671959617,83.89160919189453,1530200
2017-02-10,83.70835715908174,83.89956137490155,83.70835715908174,83.83583068847656,1646400
2017-02-13,83.65259823834832,83.71633501007737,83.55699308075475,83.70836639404297,1045200
2017-02-14,83.66853558490628,83.73227236135283,83.22239030632751,83.40563201904297,2318100
2017-02-15,83.11880178338322,83.30203737192754,83.11083316875502,83.24626922607422,2750900
2017-02-16,83.33390840565824,83.66055475482295,83.33390840565824,83.58088684082031,2459800
2017-02-17,83.81190235408224,83.907507475475,83.74817168475786,83.80393981933594,2237700
2017-02-21,83.60478618208225,83.87565830396835,83.58884895239943,83.76412200927734,2832700
2017-02-22,83.9393807513482,83.98718027570068,83.62070307303229,83.89954376220703,2812800
2017-02-23,84.05092796244364,84.12262725830078,83.995159817353,84.12262725830078,1842700
2017-02-24,84.40150230774597,84.57677541619387,84.30589713633604,84.5130386352539,2677000
2017-02-27,84.4412843635758,84.44925297614967,84.16244370619543,84.21024322509766,3292600
2017-02-28,84.25007804513034,84.37755152995513,84.15447293151175,84.17041015625,2482500
2017-03-01,83.5362106928994,83.60801463177887,83.48834545806444,83.58407592773438,2249000
2017-03-02,83.41652440001772,83.44843657890085,83.23303697972192,83.3447265625,2023300
2017-03-03,83.36864709902432,83.4324714475456,83.17718014008535,83.42449188232422,2509000
2017-03-06,83.44049069986535,83.44847026946415,83.31284801942554,83.40858459472656,1401700
2017-03-07,83.31282726952786,83.35271902095823,83.24900290188994,83.28889465332031,1596300
2017-03-08,82.90593508933934,83.08942858160506,82.88998204448484,83.00965118408203,2392800
2017-03-09,82.92190682573133,82.95381900691655,82.73043373862001,82.77830505371094,2322900
2017-03-10,82.95379638671875,82.97772899442506,82.77030291659607,82.95379638671875,1333000
2017-03-13,82.81818150170177,82.90593846854162,82.72245105542233,82.74638366699219,1342600
2017-03-14,82.78625803026151,82.92188628836402,82.77030498693311,82.8341293334961,864600
2017-03-15,82.96179516606114,83.56013488769531,82.90595036884034,83.56013488769531,3701900
2017-03-16,83.36067041510977,83.46438650669795,83.30482562987962,83.3287582397461,2749900
2017-03-17,83.43248538919761,83.62395238013089,83.41652625608805,83.55215454101562,1186700
2017-03-20,83.56815433556791,83.77558057564511,83.56815433556791,83.75164794921875,1362700
2017-03-21,83.69573121040048,84.06271203574725,83.69573121040048,84.03079986572266,1407000
2017-03-22,84.1904296875,84.34999067987637,84.12660529054945,84.1904296875,2231300
2017-03-23,84.23824518427868,84.278136930467,83.95902122083817,84.10262298583984,2584700
2017-03-24,84.07868588514759,84.25419982040684,84.0467737072254,84.1504898071289,2540000
2017-03-27,84.50151955651815,84.53343173744851,84.30207299067291,84.35791778564453,2614000
2017-03-28,84.45366461850152,84.45366461850152,84.0627510060702,84.07072448730469,1356800
2017-03-29,84.2143220441046,84.34197077696513,84.2143220441046,84.31005859375,1860400
2017-03-30,84.27017107745104,84.27815064531242,84.05477143820882,84.07072448730469,1487800
2017-03-31,84.19037025302526,84.27014764957958,84.12654590113173,84.23823547363281,1698500
2017-04-03,84.34131060767908,84.6928678588829,84.31734190342515,84.65291595458984,4175500
2017-04-04,84.62895588148136,84.70885360241137,84.5330810546875,84.5330810546875,1319600
2017-04-05,84.4292411734888,84.77280699254293,84.38929534548254,84.69290924072266,2551100
2017-04-06,84.7168529895038,84.77278200887575,84.53308882405571,84.63695526123047,1496300
2017-04-07,84.84467900787418,84.9485454264124,84.38126373291016,84.38126373291016,1185400
2017-04-10,84.4931291463198,84.62895588148136,84.45317723795212,84.5330810546875,1752500
2017-04-11,84.73282768728953,85.01247275607885,84.71684448575567,84.9245834350586,2219200
2017-04-12,84.98851556385529,85.23620035893863,84.92459494067052,85.18826293945312,2273600
2017-04-13,85.33208878588746,85.49987586462464,85.1802788164462,85.4439468383789,1868200
2017-04-17,85.4518932522673,85.52380545071695,85.23616884852612,85.30807495117188,1110500
2017-04-18,85.53977963891279,85.86736812861726,85.49184223878187,85.79545593261719,1678400
2017-04-19,85.58774528634375,85.62769109819024,85.48387276477128,85.57176208496094,1750000
2017-04-20,85.43588808873447,85.49980866729405,85.268101141867,85.37995910644531,1694700
2017-04-21,85.45989056872469,85.58773177638646,85.3959699648938,85.4199447631836,2792500
2017-04-24,85.03645504826976,85.24419403076172,84.98851762762018,85.24419403076172,3558000
2017-04-25,84.97252796108073,85.06840889089409,84.76478899438803,84.80474090576172,1985700
2017-04-26,84.80472634745882,85.0284423828125,84.7887492431356,85.0284423828125,1314400
2017-04-27,84.99648415868035,85.18824599008103,84.95653834899223,85.0843734741211,1988200
2017-04-28,84.94857088291695,85.21223890414821,84.90861896607343,85.17228698730469,5489800
2017-05-01,85.07626455764203,85.21229549478481,84.86021578129586,84.98824310302734,2044400
2017-05-02,84.94820454166833,85.21226269891383,84.93219731700651,85.16425323486328,1585300
2017-05-03,85.18028713810949,85.21229549478481,84.94023362049927,84.98824310302734,1861300
2017-05-04,84.70017853810805,84.81220473999173,84.67617379555728,84.79620361328125,1237100
2017-05-05,84.80417442825829,84.83617666930128,84.66013992369372,84.81217193603516,980000
2017-05-08,84.73213033150536,84.73213033150536,84.5560875303612,84.6041030883789,4887400
2017-05-09,84.49210281933667,84.5481220090435,84.39608387690976,84.50811004638672,1457900
2017-05-10,84.69215346952949,84.70816069715542,84.42009164957454,84.47610473632812,995500
2017-05-11,84.34808659765352,84.58013647870538,84.34808659765352,84.54013061523438,1088800
2017-05-12,84.86822319451409,85.04426612428489,84.86822319451409,84.97225189208984,2005600
2017-05-15,84.93221511230479,84.95621984935963,84.86020090114029,84.91621398925781,672200
2017-05-16,84.90819136699905,85.14825089374314,84.90819136699905,85.0282211303711,1314500
2017-05-17,85.46036265539739,85.7564292845364,85.40434955488702,85.70841979980469,5644700
2017-05-18,85.78042905911754,85.82044103072349,85.59638864165755,85.68441009521484,1715200
2017-05-19,85.59639892913853,85.67641677699771,85.46036797728088,85.66041564941406,3503100
2017-05-22,85.56437683105469,85.62839354105189,85.52436486106407,85.56437683105469,1425800
2017-05-23,85.66040184668756,85.66040184668756,85.30031243188789,85.34032440185547,2984700
2017-05-24,85.34029931492996,85.5643516289584,85.26028150348662,85.51634216308594,1776300
2017-05-25,85.56437683105469,85.60438880104532,85.46035425603634,85.56437683105469,1361000
2017-05-26,85.6443660601138,85.68437801674008,85.57235186414742,85.620361328125,1016600
2017-05-30,85.76439632607384,85.83641052246094,85.70037963708475,85.83641052246094,2335200
2017-05-31,85.79641650638062,85.94045102399221,85.74840703549954,85.87643432617188,1752300
2017-06-01,85.70335022362842,85.84760521561135,85.67129287937519,85.83157348632812,1769300
2017-06-02,86.15214549681671,86.30441636171702,86.08002105406199,86.20824432373047,1803200
2017-06-05,86.0719730764421,86.14409749228798,86.04793160449348,86.06395721435547,1414900
2017-06-06,86.37654628631378,86.41661949992978,86.28038035653768,86.33647918701172,2078900
2017-06-07,86.2482932564906,86.32041767894279,86.09602243445352,86.17616271972656,1795800
2017-06-08,86.09602343335521,86.09602343335521,85.88765379777827,86.03992462158203,3863000
2017-06-09,85.87162931115425,86.02389402264072,85.83957197339079,85.95978546142578,1203400
2017-06-12,85.84757496017204,86.11203725700805,85.84757496017204,85.94374084472656,766700
2017-06-13,85.86361718943107,86.00787215849621,85.86361718943107,85.97581481933594,682300
2017-06-14,86.48869046207517,86.68904417762721,86.32039407472867,86.42457580566406,3712100
2017-06-15,86.3044267346141,86.32846821842188,86.20825468506868,86.27236938476562,2000400
2017-06-16,86.28833146770091,86.41656077267848,86.28833146770091,86.32038879394531,3460300
2017-06-19,86.22426596871016,86.25632331322934,86.08001708984375,86.08001708984375,1105900
2017-06-20,86.1521545918816,86.36052430569319,86.1521545918816,86.2964096069336,1252000
2017-06-21,86.20021969054997,86.34447467569969,86.1841940763391,86.28837585449219,1159800
2017-06-22,86.41659645163,86.44063792766188,86.2643256176783,86.3685073852539,1160100
2017-06-23,86.32840243900007,86.42456830095595,86.28832925364537,86.39251708984375,1581000
2017-06-26,86.47268413634204,86.56084027998634,86.45665241150951,86.46466827392578,3625000
2017-06-27,86.16814785664421,86.19219544538579,85.95978433537918,86.03992462158203,1755200
2017-06-28,85.99985254789613,85.99985254789613,85.82354024735307,85.95978546142578,1530900
2017-06-29,85.5109765999287,85.72736207026276,85.46289365732606,85.63920593261719,1997200
2017-06-30,85.62321065110513,85.62321065110513,85.38278972145494,85.43888854980469,1909600
2017-07-03,85.43807169386508,85.4460995309421,85.08492646726762,85.12505340576172,1255300
2017-07-05,85.10898714667039,85.28556278702699,85.06083238055288,85.18924713134766,10477800
2017-07-06,85.0287094116211,85.05278678965351,84.86016164195111,85.0287094116211,1794300
2017-07-07,84.92437816569735,84.98858859865453,84.85214602120345,84.89227294921875,1799900
2017-07-10,84.94848045155977,85.0849291924575,84.94045873767134,85.00466918945312,1247700
2017-07-11,84.97255684004011,85.1411046692531,84.94847333005666,85.11702728271484,1112600
2017-07-12,85.43805398676544,85.4862148758007,85.33371662017015,85.3658218383789,2451700
2017-07-13,85.35780210567637,85.35780210567637,85.11702213142067,85.27754211425781,2095900
2017-07-14,85.63066926763992,85.6707961903067,85.38185540395615,85.39791107177734,1260400
2017-07-17,85.44609095256263,85.56648400284907,85.39793618182601,85.50227355957031,1289200
2017-07-18,85.77520355281465,85.8554635813752,85.70296524069678,85.8153305053711,1776100
2017-07-19,85.82335834526145,85.88756881748897,85.75914787303394,85.8153305053711,2466000
2017-07-20,85.95977906015578,86.00793996375451,85.80728688185711,85.83938598632812,2317200
2017-07-21,85.99992542208977,86.09623499728514,85.97584802829093,85.99189758300781,1664200
2017-07-24,85.94371967041799,85.99990228198051,85.87148138501168,85.9356918334961,2342700
2017-07-25,85.63867595778163,85.63867595778163,85.4300013002507,85.4540786743164,2513600
2017-07-26,85.4541350130947,85.81530810908122,85.40598023321546,85.72702026367188,3010400
2017-07-27,85.55846331815751,85.66280682806848,85.49425286951158,85.59056854248047,1853000
2017-07-28,85.58253285724174,85.75910851310256,85.55845547206889,85.73503112792969,1001600
2017-07-31,85.68688496369148,85.76714496347704,85.63070235149706,85.75911712646484,921800
2017-08-01,85.62648776709167,86.00429996239157,85.58629876449768,85.9721450805664,1958300
2017-08-02,85.93192638382804,86.05250561577658,85.88369101129993,85.89173126220703,516100
2017-08-03,86.0685839704753,86.21327782893135,85.99624010770466,86.18916320800781,1576200
2017-08-04,85.98823246007856,85.98823246007856,85.77118852364181,85.9560775756836,1266100
2017-08-07,85.91585571897322,86.0123203421597,85.86762647383759,86.00428009033203,554100
2017-08-08,85.97207373486735,85.98011398188042,85.79523123096028,85.931884765625,1277800
2017-08-09,86.2454339648111,86.26954858608796,86.03643035888672,86.03643035888672,1268000
2017-08-10,86.20525993025113,86.39014896013043,86.18918555643903,86.35799407958984,1412000
2017-08-11,86.30976624568719,86.51072965268597,86.26957111112084,86.45446014404297,911000
2017-08-14,86.28564951378016,86.37407390762138,86.21330562768286,86.2454605102539,1386100
2017-08-15,85.89976534238309,86.06053355148913,85.87565072430858,85.98818969726562,1146300
2017-08-16,85.9078192057449,86.27759105161444,85.89173870253774,86.14897155761719,2160100
2017-08-17,86.18114672140806,86.48660889219627,86.14899184033828,86.45446014404297,1637300
2017-08-18,86.60721184873583,86.66348137276769,86.34194473996743,86.4705581665039,1235700
2017-08-21,86.49462430297034,86.58304866728614,86.46246943113597,86.52677917480469,718800
2017-08-22,86.44641846784738,86.44641846784738,86.30976482523715,86.35799407958984,984500
2017-08-23,86.54285652694611,86.6553955078125,86.47050653472374,86.6553955078125,1246100
2017-08-24,86.51873016357422,86.61519476931022,86.47050092716326,86.51873016357422,2520900
2017-08-25,86.52680612965167,86.71169516706722,86.47053661964114,86.66345977783203,1007500
2017-08-28,86.62324857701098,86.75186193854073,86.59109370339979,86.74382781982422,921700
2017-08-29,87.14578000846963,87.16185438351536,86.8483519403306,86.94481658935547,1590200
2017-08-30,86.80814202715658,86.92068103207116,86.80814202715658,86.87245178222656,1299900
2017-08-31,86.88053420439317,87.0171879005582,86.87249394787794,87.00914764404297,1023600
2017-09-01,86.91412969288116,86.93828046924784,86.70481272751995,86.75312042236328,3460000
2017-09-05,87.07513381823546,87.3649492391778,87.0509769028902,87.35690307617188,3054800
2017-09-06,87.33276445736385,87.38911831679411,87.05098901810253,87.14759826660156,1601500
2017-09-07,87.22807376069431,87.59839987638703,87.22807376069431,87.52594757080078,4292500
2017-09-08,87.4937127649842,87.4937127649842,87.34880206426249,87.46150970458984,1249100
2017-09-11,87.10730545379128,87.13950852278894,86.96239471435547,86.96239471435547,2206200
2017-09-12,86.82557275146334,86.82557275146334,86.67261578710433,86.75312042236328,3167800
2017-09-13,86.76923166860169,86.76923166860169,86.55991467242033,86.57601928710938,1590900
2017-09-14,86.48743140238457,86.60819140092178,86.46328063109887,86.59208679199219,1377700
2017-09-15,86.6001299796963,86.69673919677734,86.44716692151167,86.69673919677734,1477000
2017-09-18,86.35057352753026,86.43107814640271,86.27811507106897,86.3586196899414,3032500
2017-09-19,86.38275337509367,86.42300260265247,86.23784264324642,86.26199340820312,673300
2017-09-20,86.34253801142056,86.35863648148174,85.95610716674318,86.09297180175781,2397500
2017-09-21,86.13319678804876,86.245904473062,85.98023986816406,85.98023986816406,2390000
2017-09-22,86.25395395460602,86.27005856171421,86.10904320117226,86.13319396972656,826600
2017-09-25,86.22981412539778,86.45522951664533,86.14125720139214,86.39082336425781,1927000
2017-09-26,86.31031470019624,86.36666854536732,86.23786238873708,86.31836700439453,1061000
2017-09-27,85.89166918024816,86.00437684718935,85.85141380972323,85.87556457519531,4039100
2017-09-28,85.77093251538729,85.92389559441462,85.72263097131922,85.85948944091797,1873300
2017-09-29,85.94804787060971,85.95609403335597,85.7065278618249,85.75482940673828,2037800
2017-10-02,85.80241502817331,85.84273059548603,85.65728759765625,85.65728759765625,3221600
2017-10-03,85.68144460514479,85.81044945453507,85.65725773370656,85.7781982421875,2521700
2017-10-04,85.85884780641064,85.85884780641064,85.67341097137414,85.75403594970703,2198300
2017-10-05,85.78626185755574,85.83463560002309,85.61694760763032,85.66532135009766,1779900
2017-10-06,85.43956060308452,85.65724857404015,85.34280697638805,85.56050109863281,2350600
2017-10-09,85.63310071778538,85.68953882124804,85.57666261432274,85.65728759765625,893100
2017-10-10,85.70567336627855,85.89111022549017,85.66535779621046,85.68954467773438,1123100
2017-10-11,85.81044938362527,85.81851372452795,85.68950887524427,85.78626251220703,2841200
2017-10-12,85.84272596323119,85.89916406364831,85.75403664096262,85.86691284179688,1349300
2017-10-13,86.12490667976218,86.20553164958433,86.02009483412246,86.15715789794922,1521700
2017-10-16,86.00396721270658,86.10072086846394,85.92334224188761,86.01203155517578,1666100
2017-10-17,85.88299796350893,86.01200279471578,85.86687543525252,85.97975158691406,673800
2017-10-18,85.71368981137226,85.7943209122361,85.6814386012846,85.76206970214844,1788500
2017-10-19,85.99587350283406,86.02811855681075,85.79430808339328,85.85074615478516,1518700
2017-10-20,85.5766424203627,85.63308051050736,85.46376624007338,85.49601745605469,2651400
2017-10-23,85.53631408689415,85.63306772038696,85.53631408689415,85.57662963867188,709800
2017-10-24,85.36702304624279,85.4315254861044,85.2702755377416,85.31864929199219,1605600
2017-10-25,85.03643695430605,85.25412494378418,85.03643695430605,85.18156433105469,1838800
2017-10-26,85.2621885558795,85.2783110859184,85.0606230983006,85.06868743896484,2062400
2017-10-27,85.15740526367132,85.35090644541692,85.09290281932556,85.34284210205078,1315000
2017-10-30,85.53632573875096,85.65726625926925,85.4879519910598,85.64920806884766,1692700
2017-10-31,85.65727735507394,85.66534169783057,85.57665238138128,85.59278106689453,1178000
2017-11-01,85.5314193584149,85.77367471408223,85.5314193584149,85.64447021484375,1321500
2017-11-02,85.74132933297531,85.878604421953,85.69288075117295,85.75747680664062,1997900
2017-11-03,85.87052967954286,85.91898442332243,85.71710711319282,85.89476013183594,2532400
2017-11-06,85.97549342553617,86.0481662861347,85.91896803591328,85.99971771240234,858400
2017-11-07,86.01588982062336,86.09664568104847,85.96744123301404,86.03204345703125,734800
2017-11-08,86.0723858132572,86.10468691422768,85.902809653766,85.92704010009766,947800
2017-11-09,85.81400427913883,85.96743300629544,85.78170933102788,85.89476013183594,925900
2017-11-10,85.59599245927758,85.62021675443307,85.42641623238157,85.4587173461914,1862000
2017-11-13,85.52327692169308,85.56364867321555,85.41021999933857,85.41829681396484,868300
2017-11-14,85.44255589594704,85.59598463231224,85.42640842092241,85.53945922851562,1629200
2017-11-15,85.82211969176018,85.87864511758434,85.66869089560488,85.84634399414062,1933100
2017-11-16,85.70902269498345,85.75747127365997,85.61211937682437,85.6282730102539,1749200
2017-11-17,85.7817414668657,85.82211324753187,85.67676128335407,85.74136352539062,941200
2017-11-20,85.63638131812647,85.7171310325502,85.55562544289444,85.60408020019531,1153400
2017-11-21,85.74131344491794,85.78169136280874,85.5555836477476,85.62018585205078,835600
2017-11-22,85.70903029576179,85.9351318973779,85.67672918684427,85.89476013183594,1657900
2017-11-24,85.81406673137846,85.87059217291957,85.78984242226242,85.8221435546875,614400
2017-11-27,85.8624993689429,85.93517227755076,85.74944851501327,85.87864685058594,1927500
2017-11-28,86.00781093264399,86.04011204156151,85.82208109656985,85.89476013183594,1388000
2017-11-29,85.61210903631155,85.66056376994159,85.49905825918363,85.62018585205078,3193600
2017-11-30,85.56369103604233,85.6040689683605,85.26491035498746,85.3537368774414,3306400
2017-12-01,85.48317031284171,86.00075951251047,85.32142600175145,85.66918182373047,4341500
2017-12-04,85.44266455643435,85.62866973876953,85.43457549672357,85.62866973876953,2356200
2017-12-05,85.49124460056444,85.71768906500532,85.47507264031105,85.69342803955078,1586000
2017-12-06,85.88754800266933,85.97650923594034,85.85520407252599,85.87137603759766,1459000
2017-12-07,85.87135854611392,85.94414162933704,85.61256396662701,85.71769714355469,1953400
2017-12-08,85.70150666413849,85.74193964492065,85.58828444571138,85.65298461914062,2519500
2017-12-11,85.70151384488771,85.74194682905767,85.57211348718704,85.59637451171875,702200
2017-12-12,85.51550102312487,85.53167915265637,85.40227879699866,85.52359008789062,2557500
2017-12-13,85.64493150568991,85.90372613789172,85.5559702724189,85.87137603759766,1477800
2017-12-14,85.71768559469677,85.91178613077264,85.61255243193384,85.83899688720703,982100
2017-12-15,85.7095851076146,85.86324028778363,85.66105689848199,85.82280731201172,1845200
2017-12-18,85.74998095385253,85.7742419628402,85.5963196700711,85.62866973876953,1610300
2017-12-19,85.41845431991234,85.42653721428287,85.11922063419667,85.24053192138672,4535100
2017-12-20,84.9979038222939,85.15156518742349,84.94938177863109,84.98981475830078,3027000
2017-12-21,85.00119915160661,85.05789876912021,84.944499534093,85.04979705810547,2098800
2017-12-22,85.04166621769593,85.08216857910156,85.00926556452998,85.08216857910156,696900
2017-12-26,85.09027167235398,85.211766398963,85.0740682556109,85.11457061767578,2584800
2017-12-27,85.23606170698795,85.5114579619733,85.23606170698795,85.47905731201172,2291500
2017-12-28,85.39807824493752,85.43858061157073,85.32517522095645,85.373779296875,1540500
2017-12-29,85.43044556992712,85.5681436750848,85.42234386380281,85.51144409179688,1849600
2018-01-02,85.40615151598462,85.43045045595618,85.12264740353939,85.22795104980469,3902000
2018-01-03,85.33325961341993,85.38186367947517,85.22796213325269,85.31706237792969,2135900
2018-01-04,85.13075808736761,85.28465962980529,85.06595678741574,85.27655792236328,2430000
2018-01-05,85.27658504769252,85.30898570797467,85.09838450603773,85.1712875366211,2163600
2018-01-08,85.21176636657178,85.22796978330871,85.05787098632793,85.13076782226562,2450600
2018-01-09,84.9849374820578,84.9849374820578,84.7095412942573,84.72573852539062,5924200
2018-01-10,84.4746862448282,84.74198704925665,84.42608834576626,84.70148468017578,2142500
2018-01-11,84.66096149812671,84.83106646261282,84.57996295967145,84.75816345214844,1798700
2018-01-12,84.57998375272705,84.7338853394817,84.56378651297102,84.70148468017578,1430700
2018-01-16,84.83914674553343,84.85535015818823,84.62855181935082,84.74195098876953,5927500
2018-01-17,84.61236365742903,84.75006179085774,84.49896446757097,84.5556640625,2186100
2018-01-18,84.32883242129586,84.40983092784764,84.22353498075753,84.288330078125,3326100
2018-01-19,84.23973220156509,84.23973220156509,84.02103561591859,84.06963348388672,2921600
2018-01-22,84.13444863585755,84.19924374390393,83.97244541626424,84.03724670410156,8047400
2018-01-23,84.23166936731265,84.32887132789456,84.1587725317208,84.2802734375,1780100
2018-01-24,84.13448192168327,84.19927705536432,84.0210827129997,84.11827850341797,1952200
2018-01-25,84.02914777837327,84.31264569730276,83.9319520231924,84.30455017089844,3342000
2018-01-26,84.20736835239879,84.20736835239879,83.96437272660572,84.053466796875,3324500
2018-01-29,83.8347556541065,83.87525800798163,83.68085412513088,83.84285736083984,2328200
2018-01-30,83.7699612800546,83.81856534467825,83.60796421075463,83.6484603881836,2346900
2018-01-31,83.78618210598245,83.82667829182668,83.44597830208942,83.67278289794922,2966400
2018-02-01,83.6467932004822,83.6467932004822,83.21679612051636,83.24113464355469,8958300
2018-02-02,82.98965329559265,83.05456016980143,82.84361592355297,82.932861328125,5753500
2018-02-05,82.95718440837767,83.81717866696634,82.82737068413685,83.61434936523438,6902000
2018-02-06,83.52508186674912,83.59810361476922,83.24923706054688,83.24923706054688,5382900
2018-02-07,83.36281793121778,83.37904154693729,82.9084824127849,83.0058364868164,4773700
2018-02-08,82.77868312386005,83.18434167582632,82.66509922449815,83.07887268066406,5685300
2018-02-09,82.84361592355297,83.41153559822934,82.84361592355297,82.932861328125,4376900
2018-02-12,82.93283156362037,83.0464154577905,82.81924766945022,82.90849304199219,2836300
2018-02-13,82.97341072539395,83.07077102173851,82.90039514552998,83.04643249511719,2698100
2018-02-14,82.80304016801361,82.80304016801361,82.45417348769367,82.54341888427734,4141900
2018-02-15,82.55963267946096,82.72189362911958,82.54340287058002,82.56774139404297,3057300
2018-02-16,82.82738237087179,82.90040414852521,82.72191334743901,82.76248168945312,2277800
2018-02-20,82.60019601213803,82.7218948210648,82.5271804406971,82.6732177734375,2138300
2018-02-21,82.75435294135316,82.75435294135316,82.32435582330983,82.42982482910156,2253900
2018-02-22,82.55964869630692,82.6488940928906,82.51096545007786,82.54341888427734,4411800
2018-02-23,82.76246340932789,82.92472436182514,82.73812488543915,82.85981750488281,4484700
2018-02-26,83.04644450043216,83.11946009085138,82.91663075320668,82.95719909667969,2725600
2018-02-27,82.98964551748622,83.02209895154897,82.54341853644817,82.69757080078125,3308900
2018-02-28,82.79492647173034,82.90851038966663,82.7300196072355,82.89228057861328,2521400
2018-03-01,83.0133420740242,83.37900132674162,82.90770249472365,83.24898529052734,5352600
2018-03-02,83.1433309025007,83.15145845258691,82.8914326453662,82.940185546875,2140800
2018-03-05,83.16774239703106,83.16774239703106,82.73707505355817,82.83458709716797,2059300
2018-03-06,82.85894291024539,83.00520783945831,82.81831135232306,82.8264389038086,2331300
2018-03-07,83.01333539094384,83.06208830084637,82.81831135232306,82.8264389038086,1258100
2018-03-08,82.94018985794844,83.078327219073,82.89955830490965,82.9970703125,1636700
2018-03-09,82.79396002446714,82.88334451941925,82.69644797556288,82.8183364868164,1604500
2018-03-12,82.88335824188167,83.02149568440282,82.83460530911144,83.01337432861328,1885700
2018-03-13,83.14337696201287,83.19212989052966,82.98898442236607,83.15150451660156,1742100
2018-03-14,83.10270717693265,83.41961966509469,83.0864582747344,83.31398010253906,2598900
2018-03-15,83.29774924584959,83.38713372606624,83.20023721302064,83.281494140625,2758000
2018-03-16,83.17585529704209,83.20023175377331,83.07834327061147,83.1839828491211,3595300
2018-03-19,83.00522395862312,83.25712230804392,82.99709640555926,83.10272979736328,2825000
2018-03-20,82.95643444754319,83.01332109864246,82.9158090961206,82.940185546875,2600600
2018-03-21,82.834556499354,83.06207831756024,82.62328358266053,82.9970703125,3365600
2018-03-22,83.30589777288797,83.50904325791693,83.20026435249588,83.3384017944336,5026500
2018-03-23,83.25711531809704,83.49276474111242,83.25711531809704,83.45213317871094,2519000
2018-03-26,83.30591211947085,83.41155175756396,83.20027868088702,83.22465515136719,4184900
2018-03-27,83.31403880359296,83.73658495252155,83.30591124701495,83.69595336914062,3495900
2018-03-28,83.86654728112563,83.9071788414555,83.60652141372924,83.67965698242188,2762500
2018-03-29,83.70404631891054,83.94781711988333,83.70404631891054,83.85031127929688,2572100
2018-04-02,83.78926232734617,84.11484220617844,83.74856173747307,83.93577575683594,2748800
2018-04-03,83.80552445053861,83.83808367484009,83.63459318048368,83.66715240478516,4229600
2018-04-04,83.83805305403398,83.83805305403398,83.57758556479178,83.6182861328125,2216900
2018-04-05,83.48807983127718,83.52063905560016,83.3741256511653,83.40668487548828,1789300
2018-04-06,83.67529301554461,83.80552370154955,83.56133883652642,83.77296447753906,2651200
2018-04-09,83.62647233221742,83.78926849365234,83.55321871710063,83.78926849365234,2071100
2018-04-10,83.68339455145242,83.73223647286862,83.57758177344724,83.6427001953125,1622400
2018-04-11,83.80553895175285,83.83809818168818,83.64274901211434,83.7241439819336,2520600
2018-04-12,83.6101723546195,83.61831371291589,83.3985405091711,83.42295837402344,2188600
2018-04-13,83.34968719328579,83.53689492434552,83.34968719328579,83.49620056152344,2937700
2018-04-16,83.29274594728527,83.47181860883346,83.27646322712368,83.45553588867188,1637400
2018-04-17,83.41483390110093,83.56134731900246,83.38227467378529,83.50436401367188,1301800
2018-04-18,83.33342816077763,83.43110583737139,83.17877960205078,83.17877960205078,2127600
2018-04-19,82.98343497771053,83.04041207724741,82.8532042687854,82.95088195800781,3181500
2018-04-20,82.84510282872986,82.89393859185411,82.6741714477539,82.6741714477539,2309400
2018-04-23,82.6008613900458,82.64155576150971,82.48690100385105,82.59272003173828,5022800
2018-04-24,82.47871861993087,82.57639002353723,82.42174156448274,82.4949951171875,3178800
2018-04-25,82.36482858313288,82.41366432292686,82.25900953352843,82.31598663330078,3295800
2018-04-26,82.51133046718714,82.58458406662812,82.46248852418923,82.5520248413086,1989500
2018-04-27,82.62527168075196,82.73922584646381,82.61713032319075,82.69038391113281,2409300
2018-04-30,82.73113250807857,82.86950461675232,82.71485599354513,82.77996826171875,3504400
2018-05-01,82.77255562589,82.77255562589,82.61760993475352,82.65023040771484,1894000
2018-05-02,82.68292548750343,82.78078699469022,82.60953402340684,82.66661834716797,3852600
2018-05-03,82.8378530097125,82.99279258469116,82.82153965125794,82.87862396240234,6026900
2018-05-04,82.97645403995358,83.00907452279202,82.76442401236423,82.88674926757812,2370500
2018-05-07,82.87862116547171,82.90309120232776,82.80522972007279,82.84600067138672,1854900
2018-05-08,82.71552362218372,82.788915066434,82.62581882028475,82.70736694335938,1654600
2018-05-09,82.5197982788086,82.60950307135481,82.49533446660915,82.5197982788086,2838400
2018-05-10,82.71552674291917,82.75630391685644,82.60951480109478,82.6910629272461,4183700
2018-05-11,82.74810821129779,82.74810821129779,82.60947584005132,82.69918060302734,2816300
2018-05-14,82.56872590320751,82.59318971540695,82.51164160083466,82.5197982788086,4762000
2018-05-15,82.20172605106872,82.20172605106872,81.94891890061321,82.0630874633789,6812500
2018-05-16,81.95710193925811,82.12019816089618,81.89186096191406,81.89186096191406,4784200
2018-05-17,81.92446649192519,81.97339410513845,81.81845458938945,81.8429183959961,1702300
2018-05-18,81.99788399324949,82.20990784967286,81.99788399324949,82.16098022460938,2642300
2018-05-21,82.12017902309876,82.22619714200623,82.07125141235414,82.2180404663086,2845100
2018-05-22,82.21806818493856,82.2262248633861,82.1120562520113,82.1854476928711,1977000
2018-05-23,82.43823686157646,82.60949597570718,82.42192972875162,82.56056213378906,5102500
2018-05-24,82.74811920042842,82.8867515900856,82.71549871667595,82.7725830078125,2994100
2018-05-25,83.02541824380467,83.10697259770335,82.984647288579,83.09881591796875,2838400
2018-05-29,83.46582295692376,84.15899172304333,83.3761181048902,83.99589538574219,11256200
2018-05-30,83.64517297394931,83.76749825050024,83.49022720887002,83.63701629638672,4512200
2018-05-31,83.64515716590742,83.78378954966148,83.45759094774775,83.59622955322266,5321700
2018-06-01,83.22202186158884,83.41812503060792,83.15665206058004,83.28739166259766,7891000
2018-06-04,83.19753162159599,83.20570440737296,82.99325561523438,82.99325561523438,3131800
2018-06-05,83.21384739662355,83.32007487961837,83.11579893109877,83.20568084716797,4305500
2018-06-06,82.98503761824125,83.00954972820873,82.8216193957877,82.87064361572266,3910500
2018-06-07,82.87067571467522,83.45081873330392,82.84616359521327,83.22203063964844,4400400
2018-06-08,83.13213235389637,83.23018704645736,83.08310812461926,83.10762023925781,7342800
2018-06-11,82.960539630117,83.05042153796813,82.94420029869254,83.02590942382812,1875800
2018-06-12,82.91149027248828,83.01771147956967,82.89514471201129,82.97686004638672,1664800
2018-06-13,83.00139675994961,83.05859377056636,82.6582146962491,82.87882995605469,3294700
2018-06-14,83.03407570507655,83.14846971811079,82.96870591648378,83.14029693603516,3626400
2018-06-15,83.32007487961837,83.42629612860597,83.18116873078677,83.20568084716797,5826500
2018-06-18,83.3118526099803,83.32819816719686,83.1811193222654,83.2464828491211,4600500
2018-06-19,83.49169046831241,83.57339962493491,83.41814786354583,83.46717834472656,4172800
2018-06-20,83.43450887445779,83.45084821520219,83.18937512522035,83.19754791259766,3059000
2018-06-21,83.32824565799127,83.48349113600567,83.32824565799127,83.41812133789062,2680500
2018-06-22,83.31191192938597,83.47533644789483,83.30373914495854,83.43447875976562,2309500
2018-06-25,83.5243389003029,83.67141781159344,83.5161661180072,83.5488510131836,8110800
2018-06-26,83.56521095614725,83.63875354693587,83.51618671829341,83.58972930908203,3873200
2018-06-27,83.80215875301687,83.94107112860726,83.73679519074675,83.90838623046875,3044200
2018-06-28,83.90021036225359,83.92472247645439,83.76130422577795,83.82666778564453,3705600
2018-06-29,83.81848087175213,83.9001899772377,83.75311109376162,83.76128387451172,2721200
2018-07-02,83.84315117580297,83.8677088035382,83.67942949384678,83.70398712158203,3911500
2018-07-03,83.73672675611853,83.91682434082031,83.72853879892807,83.91682434082031,1463800
2018-07-05,83.89230947383903,84.0232856277366,83.87593355111149,83.925048828125,1682300
2018-07-06,84.0232377392564,84.0805409449741,83.92500099563418,83.9986801147461,3206500
2018-07-09,83.80224933360495,83.85955256425405,83.76950373815065,83.78587341308594,2258800
2018-07-10,83.70402827120839,83.79407711422763,83.67128266960276,83.72039794921875,4461100
2018-07-11,83.87590466152612,83.91683820866159,83.76129822424573,83.89228057861328,2198700
2018-07-12,83.78586370404948,83.89228843833946,83.76949403101109,83.85954284667969,1385900
2018-07-13,83.94956486572549,84.0232377392564,83.89226166000778,83.9986801147461,2891800
2018-07-16,83.81860929570924,83.89228843833946,83.71219080700224,83.85954284667969,1782600
2018-07-17,83.90863866872056,83.90863866872056,83.78584428984514,83.8104019165039,1034700
2018-07-18,83.8513525677944,83.86772224037995,83.72037020477869,83.74493408203125,1355300
2018-07-19,83.80223432078323,84.04781687431978,83.78585840319789,83.9741439819336,4201700
2018-07-20,83.8759030120858,83.8759030120858,83.64669014203254,83.67943572998047,3362700
2018-07-23,83.58121537978302,83.58940333977351,83.2537656815815,83.2701416015625,5285700
2018-07-24,83.25372872087658,83.36833512752978,83.19642551754998,83.32740783691406,3293800
2018-07-25,83.42568161346452,83.48298484223102,83.22102633278651,83.2701416015625,2403800
2018-07-26,83.35201683263189,83.39295039405688,83.16373119389539,83.18010711669922,2598200
2018-07-27,83.36836126572626,83.36836126572626,83.23738515087844,83.3110580444336,1435100
2018-07-30,83.14737814637934,83.30291821620122,83.13919018333982,83.20468139648438,3832700
2018-07-31,83.33561267139862,83.36017029985791,83.26193354043876,83.3192367553711,3053600
2018-08-01,83.05678450101105,83.17982068654248,82.99936844881375,83.12239837646484,5366800
2018-08-02,83.17978680451473,83.23720283332447,83.1059626201149,83.22079467773438,3370800
2018-08-03,83.2864246440607,83.45867275088122,83.27822056529442,83.43406677246094,2174800
2018-08-06,83.49152108009302,83.62275511111763,83.4669150903935,83.47511291503906,3867200
2018-08-07,83.42589263945635,83.42589263945635,83.28645453977101,83.3028564453125,2181400
2018-08-08,83.32746023570846,83.42589044000466,83.31926241209423,83.37667846679688,2777900
2018-08-09,83.50790068119453,83.60633087158203,83.49149877840316,83.60633087158203,4318000
2018-08-10,83.82780265566579,84.07387503697502,83.80319666911099,83.96724700927734,4327800
2018-08-13,83.91799808738561,84.04103423304286,83.8523842331963,83.9426040649414,1764700
2018-08-14,83.92620055514419,83.93440463346477,83.81957256848943,83.86058044433594,2487600
2018-08-15,84.04107546789079,84.22152773567674,84.01646947826205,84.06568145751953,4810700
2018-08-16,84.08206028290213,84.09025810466358,83.8934039984426,84.04104614257812,2594400
2018-08-17,84.11488957694822,84.18870753695529,83.99185338572246,84.0738754272461,3043400
2018-08-20,84.23790404203322,84.36914429067642,84.22150213989256,84.33633422851562,2901100
2018-08-21,84.26251835460545,84.26251835460545,84.16408816570204,84.22150421142578,2516700
2018-08-22,84.45119070947251,84.45119070947251,84.29534443366495,84.37737274169922,2396500
2018-08-23,84.41017003159565,84.44297384038452,84.34454989825724,84.36915588378906,871000
2018-08-24,84.22149729932852,84.41015358144038,84.18868723905345,84.39374542236328,1296600
2018-08-27,84.27892659639836,84.3035325810051,84.18870048092022,84.20510864257812,1851900
2018-08-28,84.05747838547356,84.09028219767644,83.98365416331454,84.01646423339844,1506300
2018-08-29,84.04102560972999,84.0492296873662,83.90979165693874,83.99181365966797,1420400
2018-08-30,84.10669718060616,84.22152930626932,84.08209119051857,84.147705078125,2780900
2018-08-31,84.33635645469643,84.34456053686861,84.155904194195,84.16410827636719,2132200
2018-09-04,84.0457286868743,84.09503964351526,83.93066560773367,83.97175598144531,3419500
2018-09-05,83.95533379815016,84.02108593060566,83.87314676781502,83.96355438232422,1332300
2018-09-06,84.01285525009443,84.20188477010157,84.00463466690829,84.13613891601562,1656700
2018-09-07,83.84028946572145,83.86494495329325,83.7252263434065,83.75810241699219,4405000
2018-09-10,83.74165904840098,83.84028726657098,83.74165904840098,83.80741119384766,3110800
2018-09-11,83.6430297616635,83.66769151874323,83.50331115722656,83.50331115722656,3360500
2018-09-12,83.63479714665283,83.67588752518894,83.60192108154297,83.60192108154297,1398800
2018-09-13,83.71700318696544,83.71700318696544,83.57728458136859,83.59371948242188,1281600
2018-09-14,83.42931620515982,83.51972380550116,83.3882195611983,83.43753051757812,3749900
2018-09-17,83.34714460617168,83.48686318873952,83.32248285295208,83.45398712158203,3808400
2018-09-18,83.34715724498807,83.35537156017156,83.08414866784535,83.10881042480469,4972900
2018-09-19,83.05945513575068,83.06767571763834,82.84577017040561,82.96904754638672,5515900
2018-09-20,82.87041430684855,83.05944377113342,82.8457588350258,82.97725677490234,2973500
2018-09-21,82.92792197516577,83.05941987721397,82.92792197516577,83.0101089477539,1024100
2018-09-24,82.88687033795524,83.01837458183742,82.87864975509574,82.91974639892578,2389800
2018-09-25,82.82111376680484,82.85398982600927,82.74714733644527,82.83755493164062,2878300
2018-09-26,82.91977457760078,83.1252453256413,82.87867791980482,83.10881042480469,2502900
2018-09-27,83.05127886617213,83.13346591129442,83.00196162272306,83.10881042480469,6342800
2018-09-28,83.2485229235511,83.25674350860136,83.11701864462358,83.14989471435547,3931000
2018-10-01,83.03786859103543,83.08727917613726,82.93904113769531,82.93904113769531,6408000
2018-10-02,83.06260794359642,83.21084604282373,83.06260794359642,83.1531982421875,2915000
2018-10-03,82.99672778106826,83.00496497682143,82.42848065374808,82.5355453491211,6612700
2018-10-04,82.33790078393844,82.46142731076637,82.25554138853353,82.32142639160156,6427500
2018-10-05,82.20610949964039,82.28023167969114,82.02492892966977,82.1237564086914,5676600
2018-10-08,82.2061183669434,82.23906086350402,82.14023337382218,82.15670776367188,1947800
2018-10-09,82.1813696063214,82.3131332397461,82.15666431775023,82.3131332397461,3066300
2018-10-10,82.11551886806323,82.37905252787053,82.08257637519506,82.3543472290039,3001900
2018-10-11,82.53551846074208,82.80728928380476,82.42845380024853,82.6919937133789,5821500
2018-10-12,82.59318542480469,82.79083412241084,82.55200573303145,82.59318542480469,2647900
2018-10-15,82.67554351196142,82.7167232062185,82.56848510328788,82.6426010131836,1860000
2018-10-16,82.57669059457659,82.64257557184969,82.51904281024694,82.63433837890625,2703900
2018-10-17,82.61789233381826,82.70024543582797,82.39553833007812,82.39553833007812,3336200
2018-10-18,82.35430639078042,82.68372487297053,82.31312672433106,82.5437240600586,2587700
2018-10-19,82.5355289455302,82.55199705062418,82.37905367301576,82.44493865966797,5531900
2018-10-22,82.53551743410213,82.56845992283367,82.45316435384194,82.46139526367188,1690100
2018-10-23,82.88968314074124,83.0049787678841,82.63438029509024,82.6755599975586,4420100
2018-10-24,82.90613903436773,83.14496745058022,82.84849122929158,83.1202621459961,4881200
2018-10-25,82.97200275958429,83.02965054987834,82.84846998520051,82.92259216308594,3559900
2018-10-26,83.2355422081336,83.42495997979546,83.2108369081643,83.2931900024414,4220800
2018-10-29,83.18612143915627,83.37553290452529,83.05435147791036,83.28494262695312,3766900
2018-10-30,83.128480323346,83.2273015190737,83.07083253145879,83.10377502441406,5746600
2018-10-31,82.85670849709808,82.9637668855936,82.8072978998137,82.89788818359375,3956700
2018-11-01,82.82854725621895,83.00186251116338,82.80378883360527,82.9688491821289,4834300
2018-11-02,82.77075309615878,82.79551151206965,82.47363951193444,82.50665283203125,5250900
2018-11-05,82.66353885743787,82.69654591056687,82.55624389648438,82.55624389648438,2446700
2018-11-06,82.6139728031716,82.6139728031716,82.4571673439154,82.46541595458984,2456700
2018-11-07,82.6057178958478,82.67174456113955,82.4571673439154,82.46541595458984,3297600
2018-11-08,82.53143894756255,82.54794246482646,82.32511035019364,82.34986877441406,2188900
2018-11-09,82.47366398818092,82.71300590742864,82.4654090815451,82.67173767089844,2772700
2018-11-12,82.84506809039257,82.95236300634575,82.80380614296058,82.91934967041016,3704900
2018-11-13,82.87808715670634,83.01014050957917,82.82031538898708,82.98538208007812,3265000
2018-11-14,82.88630569038382,83.32372121067499,82.85329236665366,83.15866088867188,4626400
2018-11-15,83.36501039805621,83.4062723406067,83.11741355615627,83.2164535522461,2621300
2018-11-16,83.40627100545407,83.5053109999585,83.34025063910029,83.47229766845703,7226700
2018-11-19,83.40624431471203,83.6208277524784,83.40624431471203,83.5960693359375,3447800
2018-11-20,83.62086571721368,83.70339590870195,83.54659043386921,83.57959747314453,3658600
2018-11-21,83.50534620063874,83.56311798095703,83.4145610749026,83.56311798095703,1897000
2018-11-23,83.73643121951059,83.74468612982075,83.61263275146484,83.61263275146484,531200
2018-11-26,83.5135641228171,83.54657745361328,83.46404097829833,83.54657745361328,2345600
2018-11-27,83.52177924045553,83.68684582824405,83.51353063355097,83.62907409667969,2334400
2018-11-28,83.5631007291674,83.73641603434095,83.49707405196305,83.6208724975586,3582500
2018-11-29,83.84371309053091,83.95926293557919,83.73642445177674,83.83546447753906,4313000
2018-11-30,83.95924922126092,84.03352450596181,83.90147745649907,84.0005111694336,3069700
2018-12-03,83.89465080727868,84.18411254882812,83.86984070225911,84.18411254882812,6008500
2018-12-04,84.33298864265142,84.73823512480807,84.30817853493885,84.57283020019531,7748800
2018-12-06,84.89538357672107,85.1600352711459,84.77132671469197,84.7878646850586,9429900
2018-12-07,84.7630335695536,85.06903957875507,84.65552101432783,85.03595733642578,7319100
2018-12-10,85.05251955487815,85.21793081369054,84.94500696899586,85.08560180664062,9045700
2018-12-11,84.88708239830304,85.06075942181437,84.77129771596215,84.87054443359375,5290100
2018-12-12,84.72994400247954,84.77129837926427,84.61415931923268,84.63896942138672,3727200
2018-12-13,84.7381806693775,84.77126289499905,84.63893399251283,84.68856048583984,4116000
2018-12-14,84.82921787970984,84.95327473998994,84.78786348968514,84.8209457397461,3530000
2018-12-17,84.90364110612884,85.12693837151976,84.895368967472,85.06904602050781,7627000
2018-12-18,85.15439516140691,85.32014327976887,85.09638268769169,85.2787094116211,4461400
2018-12-19,85.36985336368825,85.75936830845173,85.17923738031404,85.57704162597656,7710900
2018-12-20,85.73449238501503,85.75107098526213,85.43614080940088,85.46929168701172,9245200
2018-12-21,85.52735144429477,85.55221935841901,85.41132646992918,85.54393005371094,4918800
2018-12-24,85.67651902077861,85.76768239508188,85.57707266545599,85.7593994140625,6373000
2018-12-26,85.75109870962017,85.87541296013225,85.32014348422967,85.3532943725586,5477700
2018-12-27,85.71794719725608,85.88369531480856,85.55219907970358,85.56877136230469,4602100
2018-12-28,85.70963898889799,86.04114147376637,85.68477740903755,86.03285217285156,4543100
2018-12-31,85.93344989910858,86.73734178201667,85.88372039101458,86.35610961914062,7227500
2019-01-02,86.44725063691837,86.54670330448332,86.33951498922055,86.53841400146484,18668600
2019-01-03,86.57158709766405,87.28431559082523,86.55501481026162,87.22630310058594,10616700
2019-01-04,86.64615721205683,86.67930177883389,86.41410098441763,86.52184295654297,6616700
2019-01-07,86.62129497566053,86.66273517117439,86.2483585075802,86.28150939941406,5459200
2019-01-08,86.1903313934272,86.26491614522516,86.0660171508789,86.0660171508789,6879500
2019-01-09,86.05774962491304,86.18206389891819,85.99973714009552,86.11576843261719,3248700
2019-01-10,86.24839358985605,86.30640609344088,86.01634357551674,86.07435607910156,14413000
2019-01-11,86.30636857611499,86.40582124883782,86.24835609774816,86.33123016357422,3825700
2019-01-14,86.36438346755568,86.43068525122342,86.23178622310631,86.28150939941406,3090100
2019-01-15,86.43071944534944,86.43071944534944,86.16551852864457,86.19866943359375,4148000
2019-01-16,86.09917971845499,86.19034308716651,86.03287793704916,86.1489028930664,4820800
2019-01-17,86.10747240931211,86.14890628215633,85.92514566471634,85.99144744873047,5328100
2019-01-18,85.86708653815231,85.9582498609268,85.65160901860507,85.71791076660156,6617500
2019-01-22,85.95827629071074,86.11574140989788,85.91683610475056,86.01628875732422,5814400
2019-01-23,85.86713311763951,86.06603214664104,85.84227152937508,85.97486877441406,3507300
2019-01-24,86.24007037638309,86.3395230532368,86.17377491470013,86.24835968017578,6030700
2019-01-25,86.09918454214323,86.14062473856502,85.96658729478875,86.0494613647461,2763300
2019-01-28,86.01634357551674,86.17380879505642,86.01634357551674,86.07435607910156,3116100
2019-01-29,86.14061790793325,86.32294464111328,86.13232860472895,86.32294464111328,2836700
2019-01-30,86.23178057560106,86.5467045430686,86.15718949313846,86.52184295654297,5788300
2019-01-31,86.72074057551364,86.96107977953505,86.69587898938826,86.91963958740234,10206500
2019-02-01,86.76186018073325,86.77846730172051,86.4462678563786,86.45457458496094,9191900
2019-02-04,86.3466057048779,86.3466057048779,86.21372340266298,86.26355743408203,7283500
2019-02-05,86.3715586152323,86.52104810474432,86.36325188354282,86.4130859375,3331100
2019-02-06,86.60402957500742,86.61233630028606,86.42962636120527,86.47945404052734,3489800
2019-02-07,86.72030589710198,86.82827432655337,86.66217148746487,86.76183319091797,6937400
2019-02-08,86.89470464914521,86.97775923249816,86.86148408303906,86.87809753417969,2602700
2019-02-11,86.7452621459961,86.82001004417171,86.67882731405821,86.7452621459961,2637200
2019-02-12,86.68707880223258,86.69538552760541,86.55420287714203,86.62894439697266,3305300
2019-02-13,86.42969306469921,86.51274137305482,86.3715586152323,86.4130859375,3772100
2019-02-14,86.87808831893264,86.88639504362186,86.711991842195,86.81995391845703,10568700
2019-02-15,86.66217535280583,86.76183706070407,86.65386862643705,86.73692321777344,6879000
2019-02-19,86.89469870425702,86.95283310692176,86.82826391276495,86.88639831542969,8557400
2019-02-20,86.88641783606077,86.95285264247865,86.80336323973025,86.86980438232422,4751100
2019-02-21,86.6206724507567,86.65388669080443,86.55423129830716,86.61236572265625,4140200
2019-02-22,86.7867561221698,86.96946609621519,86.75353555087283,86.86980438232422,3351000
2019-02-25,86.72861649140465,86.7867509036347,86.6704820791746,86.73692321777344,2849600
2019-02-26,86.99442291259766,87.02764350030435,86.86984729274234,86.99442291259766,2647700
2019-02-27,86.84492999036382,86.85323672100573,86.6206989524642,86.6871337890625,2530600
2019-02-28,86.65387811097507,86.66218483825305,86.4213404366029,86.4628677368164,4949900
2019-03-01,86.32056834015975,86.41209827460008,86.17911529541016,86.17911529541016,9003000
2019-03-04,86.31227360922561,86.4953271755112,86.25402784988209,86.44540405273438,3506600
2019-03-05,86.34554747142685,86.50364581733469,86.28730171477314,86.49532318115234,2112200
2019-03-06,86.52859660151942,86.77822486941096,86.52859660151942,86.73661804199219,2401600
2019-03-07,86.90306235904465,87.0944385806591,86.89473972166202,87.02787017822266,4822900
2019-03-08,87.11104082664683,87.22753229921315,87.01951090558627,87.15264129638672,5212000
2019-03-11,87.14433583140567,87.14433583140567,87.01119907576562,87.08609008789062,4654100
2019-03-12,87.15266295524499,87.36900703590852,87.11937876219594,87.32740020751953,4942800
2019-03-13,87.23592206067941,87.31913576686617,87.20264419618209,87.29417419433594,1715000
2019-03-14,87.25252647172958,87.29413330533411,87.07778919755127,87.16931915283203,2514700
2019-03-15,87.43557714542403,87.51046182002742,87.34404719981268,87.44389343261719,7846600
2019-03-18,87.36068440056859,87.43557542200665,87.3190839204903,87.32740020751953,4166200
2019-03-19,87.1859500983852,87.36068735657229,87.16098853983146,87.26915740966797,2138000
2019-03-20,87.39396042364477,87.90153321064903,87.37732150283107,87.87657165527344,8061700
2019-03-21,87.97645089226886,87.9930898181261,87.76842940333712,87.83499145507812,4633500
2019-03-22,88.27594926328301,88.6254300043931,88.23434879650685,88.48397064208984,4721900
2019-03-25,88.4840352791204,88.9167236181676,88.4091505752353,88.70870208740234,7828800
2019-03-26,88.5256201787104,88.77524849307008,88.48401334354654,88.6337890625,7483700
2019-03-27,88.87511650231912,89.09978330991758,88.82519336654758,88.89176177978516,3555900
2019-03-28,88.86679233507382,88.95832230808428,88.7503007963901,88.90007019042969,3769600
2019-03-29,88.592191307867,88.76692859398304,88.56722974532354,88.75860595703125,2748900
2019-04-01,88.46509986989527,88.49011254703608,88.11490966730085,88.14826202392578,9430400
2019-04-02,88.2316427576094,88.3150204713724,88.18161740161393,88.29834747314453,7318600
2019-04-03,88.02318572998047,88.1232427924133,87.98149369697235,88.02318572998047,5207300
2019-04-04,88.06488858372211,88.14826629867204,88.00652354712597,88.11491394042969,2293700
2019-04-05,88.04821944374021,88.2149812543081,88.03987976288366,88.1566162109375,1749900
2019-04-08,88.13995474171752,88.18164679315117,88.01488494873047,88.01488494873047,3591500
2019-04-09,88.23165911396781,88.28168447923694,88.14828138474824,88.17329406738281,3210600
2019-04-10,88.31500916019574,88.44007889547754,88.30667584280502,88.3817138671875,2059800
2019-04-11,88.239998041692,88.27335040535759,88.14828063193988,88.18163299560547,1547500
2019-04-12,87.87312074194179,87.9231461024225,87.77306365966797,87.77306365966797,6032100
2019-04-15,87.78971345923094,87.89810382421162,87.78971345923094,87.8897705078125,2410700
2019-04-16,87.70633728347913,87.75636262798028,87.57292788306226,87.58960723876953,5003600
2019-04-17,87.54792769393254,87.69801011014601,87.54792769393254,87.60629272460938,2348800
2019-04-18,87.82312087190299,87.93151130484208,87.78976850146461,87.81478118896484,4893200
2019-04-22,87.76472640550475,87.77305972433633,87.64799632874178,87.68968200683594,3630000
2019-04-23,87.81472351816441,87.8730885377728,87.78137116962961,87.84807586669922,2462100
2019-04-24,88.09825526709797,88.18996631553716,88.08157590460871,88.18163299560547,3266700
2019-04-25,88.15658809987838,88.20661344644053,88.03985168904904,88.07320404052734,1457600
2019-04-26,88.35669648950379,88.3733694847088,88.2566394343418,88.30667114257812,2156100
2019-04-29,88.14826554679279,88.18995122325624,88.05654815273661,88.12325286865234,2715000
2019-04-30,88.07322064854138,88.32336015114225,88.06488733008334,88.29834747314453,3621900
2019-05-01,88.30834254484604,88.65088506976139,88.18302832750634,88.25821685791016,6870700
2019-05-02,88.16633111637047,88.19975037159776,87.94910914442862,88.0075912475586,3126200
2019-05-03,88.10781416949919,88.24149113754353,88.08275133150804,88.12452697753906,2625200
2019-05-06,88.4587512433531,88.49217050221152,88.33343699022392,88.35014343261719,3370100
2019-05-07,88.56737970903606,88.71776321111126,88.52560403520904,88.65092468261719,3965800
2019-05-08,88.73443762568176,88.76785687786544,88.44202713666292,88.48380279541016,4226600
2019-05-09,88.80964428206366,88.91825208547147,88.60077870884533,88.71774291992188,4224100
2019-05-10,88.75950737171954,88.90989083120199,88.60077387909497,88.65925598144531,2855400
2019-05-13,89.03518940005053,89.17721641715713,88.99341374839823,89.1020278930664,5653400
2019-05-14,89.03524587552712,89.07702155367794,88.926638036038,89.01853942871094,2573200
2019-05-15,89.3443345608233,89.36939740833338,89.1772382873043,89.30255889892578,5512300
2019-05-16,89.10208100356066,89.16056312629122,89.01853602452745,89.12714385986328,3898400
2019-05-17,89.31929065655291,89.31929065655291,89.0770057891188,89.16890716552734,2128400
2019-05-20,89.18562939316708,89.26081796495026,89.00182660782119,89.01853942871094,2439600
2019-05-21,88.9600648662725,88.99347776274531,88.8430942323212,88.91828918457031,2675300
2019-05-22,89.0603025173125,89.22739884418063,89.03523966180056,89.18562316894531,3561900
2019-05-23,89.40283836801336,89.86233889008695,89.40283836801336,89.72866821289062,6184500
2019-05-24,89.67016350927268,89.70358276367188,89.58661856031023,89.70358276367188,2422800
2019-05-28,89.91244847361507,90.09624481201172,89.83725355757326,90.09624481201172,7039000
2019-05-29,90.305091193899,90.4304117779739,90.04609999446197,90.06281280517578,5251800
2019-05-30,90.11295256300069,90.43042590137964,89.99598836601524,90.38865661621094,3461100
2019-05-31,90.6977641330583,91.02359384427655,90.6392820406363,90.99018096923828,6020600
2019-06-03,91.14338427461234,91.52844924870928,91.05130282574548,91.4280014038086,23830900
2019-06-04,91.04299961447107,91.23552904185597,90.90906054623262,91.09322357177734,5503200
2019-06-05,91.21041706320283,91.35272253328147,91.04299961447107,91.09322357177734,7712300
2019-06-06,91.16851273349327,91.32755730107888,91.01783456286935,91.07643127441406,2392400
2019-06-07,91.57871442207542,91.59545360707759,91.36106669766157,91.43640899658203,2805900
2019-06-10,91.12664986118051,91.14338904068534,90.97597169938837,90.98434448242188,6071200
2019-06-11,90.92574777431172,91.05130758700335,90.89226302873989,90.98434448242188,2735800
2019-06-12,91.05131100706303,91.23547392134451,91.04294461027746,91.21873474121094,2062800
2019-06-13,91.30244254206137,91.5200902010915,91.28570336208784,91.44474792480469,1684700
2019-06-14,91.377755675661,91.56191214288715,91.36938289506334,91.51168823242188,3880700
2019-06-17,91.49497985839844,91.56194296604097,91.38615283367466,91.49497985839844,3038800
2019-06-18,91.87168612332921,91.91354366024314,91.58707530931765,91.67078399658203,4564900
2019-06-19,91.47822097137242,91.99722489604517,91.41962426911594,91.92188262939453,4541500
2019-06-20,92.11440543117358,92.3153074699045,92.05580873710369,92.07254791259766,4575000
2019-06-21,91.85495094671258,91.8884293138277,91.62055767096052,91.6958999633789,4305200
2019-06-24,91.86328364898918,92.03070735597107,91.83817168958224,92.01396179199219,3046300
2019-06-25,92.10606421671736,92.27348796183976,92.03909471866838,92.15628814697266,5251000
2019-06-26,92.03904733315504,92.03904733315504,91.74606391323437,91.77954864501953,6675000
2019-06-27,91.88841579481199,92.10606346842148,91.81307990004109,92.05583953857422,2538400
2019-06-28,91.97210409132077,92.17300613879972,91.92187378953034,92.09766387939453,4341500
2019-07-01,92.09103608974925,92.1329668205526,91.82269604670923,91.98202514648438,8183600
2019-07-02,92.082597781842,92.36771251874966,92.06582933742519,92.30901336669922,3117100
2019-07-03,92.41800560349859,92.57733458308692,92.40961818411856,92.48509216308594,2607000
2019-07-05,91.94839702855407,91.94839702855407,91.68843825327461,91.89807891845703,3664100
2019-07-08,92.03226393007327,92.09096306801483,91.80585479736328,91.80585479736328,3254100
2019-07-09,91.81427256893414,91.82265999134763,91.68848682364681,91.7471923828125,2061800
2019-07-10,91.83099047571719,91.92323287188619,91.68842997399479,91.79744720458984,4343700
2019-07-11,91.68009965578575,91.73879881328943,91.30274244520922,91.34467315673828,4769800
2019-07-12,91.33626471662465,91.54590543057085,91.31110885458742,91.44528198242188,4141900
2019-07-15,91.52074716187276,91.63814544677734,91.46204801942048,91.63814544677734,1753200
2019-07-16,91.34466247083623,91.4704481929801,91.26080745531618,91.43690490722656,2766100
2019-07-17,91.59623073868075,91.87295164052783,91.58784331810132,91.86457061767578,2624400
2019-07-18,91.76396430646881,92.14970258162954,91.73880843600404,92.09100341796875,2386700
2019-07-19,91.89810891707421,92.01551361380854,91.83102874458991,91.92327117919922,1728100
2019-07-22,92.06582455660698,92.0742119772437,91.93165141732894,91.96519470214844,1629800
2019-07-23,91.8645576205832,91.95680004072413,91.75554036165676,91.81423950195312,2329800
2019-07-24,91.94003024372151,92.03227266892081,91.87294368035352,91.94841766357422,2268500
2019-07-25,91.83941237719736,91.84779979814402,91.59623474929286,91.78910064697266,3172000
2019-07-26,91.82266586822007,91.83105329117038,91.6717242437604,91.77235412597656,3004100
2019-07-29,91.92326484928354,91.9568081320796,91.83940344342986,91.8561782836914,2505600
2019-07-30,91.93162219261326,91.9651654667695,91.7806806577729,91.89807891845703,2514800
2019-07-31,91.87293760690565,92.2335198640131,91.73038346746759,92.13289642333984,6669300
2019-08-01,92.2706736548168,93.17792510986328,92.22867518927674,93.17792510986328,16938700
2019-08-02,93.19474581752819,93.41315325799427,93.11073605376184,93.37115478515625,8503000
2019-08-05,93.9339523960693,94.25316759916909,93.88355168217012,94.17756652832031,7626200
2019-08-06,93.9843819413633,94.33720627402168,93.90878084732252,94.32880401611328,6462400
2019-08-07,94.98403913397966,95.15204583787799,94.22799614834732,94.32880401611328,9665300
2019-08-08,94.0767700463584,94.42959431336679,93.79955967741118,94.33718872070312,5178800
2019-08-09,94.40440091833199,94.58921212984097,94.13558635860383,94.19438934326172,2869000
2019-08-12,94.53879961810411,94.90842199504726,94.51359925768413,94.79080963134766,4739900
2019-08-13,94.80762135760773,94.83282171994503,94.21118928246243,94.45480346679688,5888000
2019-08-14,95.0007910001116,95.16880403127628,94.92518994286885,95.08480072021484,8124300
2019-08-15,95.2108114825613,95.90805120746069,95.16041077296842,95.68964385986328,5240200
2019-08-16,95.35363400144237,95.48803804388847,95.06801499654942,95.43763732910156,4957800
2019-08-19,94.95877792295165,95.14358902424611,94.93357757441892,94.98397827148438,3691400
2019-08-20,95.36204785809076,95.47966022987778,95.31164713378512,95.404052734375,3161800
2019-08-21,95.15205383300781,95.40407031907586,95.10165309941239,95.15205383300781,4921700
2019-08-22,94.96719284492073,95.23600728020008,94.92518798573515,94.94198608398438,5860400
2019-08-23,95.03443584596641,95.7148777087938,94.93363439150654,95.5804672241211,8192600
2019-08-26,95.5384747663997,95.70648147376808,95.41246653135087,95.48806762695312,7581600
2019-08-27,95.6056217523357,95.92484329586931,95.6056217523357,95.89964294433594,3266900
2019-08-28,96.0592662481956,96.09286885987977,95.86605924231512,95.93325805664062,2505400
2019-08-29,95.84927556901708,95.84927556901708,95.5048599402053,95.74847412109375,4232400
2019-08-30,95.58044532724954,95.80726136591143,95.5468427137795,95.7736587524414,3651100
2019-09-03,95.82413155530541,96.29534697592074,95.67267060220425,95.9840087890625,11754000
2019-09-04,95.88303808271945,96.17755014460056,95.88303808271945,96.1354751586914,3447000
2019-09-05,95.58010768645221,95.60535652760436,95.15097368297995,95.36133575439453,4597800
2019-09-06,95.36977392020506,95.52965119624784,95.31087277951711,95.4202651977539,3111000
2019-09-09,94.96591846786743,95.03323591713317,94.8228737029867,94.83128356933594,4818700
2019-09-10,94.68817036758936,94.77231390848327,94.14122772216797,94.14122772216797,4797200
2019-09-11,94.05711470803611,94.21699198144206,94.03187227954945,94.04869842529297,4737000
2019-09-12,94.32637479664012,94.37686607165323,93.69528842678783,93.83833312988281,8612500
2019-09-13,93.4849168944201,93.57747673292852,92.98004913330078,92.98004913330078,24187700
2019-09-16,93.31662424097311,93.48491134477538,93.19040570325066,93.38394165039062,5388300
2019-09-17,93.43442305541485,93.72051240528734,93.3502795066136,93.6279525756836,8211700
2019-09-18,93.88043006821383,94.07396609156348,93.56909174186664,93.66165161132812,5170400
2019-09-19,93.88881688541255,93.89722674745576,93.67003849719099,93.70369720458984,7131900
2019-09-20,93.85518292761324,94.25907468342173,93.80469806307312,94.24224853515625,9915000
2019-09-23,94.36001375208198,94.64610951811915,94.29269634598603,94.37684631347656,13163900
2019-09-24,94.42735161705612,94.93221943267932,94.41893533453533,94.84807586669922,10459100
2019-09-25,94.73867282344821,94.82282279972924,94.15807778950864,94.22539520263672,8430900
2019-09-26,94.45261822773968,94.60407925317972,94.37689092489177,94.42737579345703,4233000
2019-09-27,94.43577667973298,94.65454868767303,94.402117966263,94.5619888305664,4545500
2019-09-30,94.41894739479093,94.67138454471795,94.3852886801511,94.63772583007812,2797900
2019-10-01,94.25931913633445,95.11047796499867,94.22560917554881,94.89979553222656,8555100
2019-10-02,95.00090518110922,95.38013090752374,94.98404698954808,95.22843933105469,3908600
2019-10-03,95.36334784131876,95.97010815476396,95.34648963761367,95.72571563720703,6128300
2019-10-04,95.71723230542554,95.97847643160691,95.65824148888404,95.91105651855469,4707600
2019-10-07,95.70041103831568,95.8015409469149,95.56557758970267,95.59085845947266,3193100
2019-10-08,95.91950921039665,95.96164827379933,95.63298415371733,95.79309844970703,4304900
2019-10-09,95.69196737175288,95.69196737175288,95.39700681043732,95.54869842529297,3336800
2019-10-10,95.27898132554813,95.29583951361991,94.85761663696246,94.9503173828125,3924400
2019-10-11,94.49530744321852,94.5374465127333,94.1497915053707,94.30148315429688,8685300
2019-10-14,94.59643121996406,94.63014118748671,94.52058861517726,94.5627212524414,1932200
2019-10-15,94.52059305625149,94.58800656494536,94.08236988738584,94.10765075683594,6638500
2019-10-16,94.2509059784573,94.40259761288799,94.1750633760013,94.29304504394531,2755500
2019-10-17,94.21715235957114,94.46153823503646,94.14973246243541,94.25928497314453,3188700
2019-10-18,94.31829366508369,94.4868434398918,94.27616104351902,94.34357452392578,2406400
2019-10-21,94.0991920023282,94.20874453777473,93.97278127403345,93.99806213378906,1735300
2019-10-22,94.22561627220819,94.25932623553273,93.96437209334066,94.21719360351562,3334400
2019-10-23,94.40258425212198,94.44472331164606,94.20876000915385,94.25089263916016,3305600
2019-10-24,94.29303776545365,94.44472938817525,94.20033697215057,94.23404693603516,2645400
2019-10-25,94.30144200931046,94.31829377205214,93.8969289788287,94.03176879882812,2381000
2019-10-28,93.70309915569467,93.7283800130495,93.58511753502803,93.67781829833984,5837600
2019-10-29,93.79584070494153,93.83797334234839,93.66942993368312,93.76213073730469,2199500
2019-10-30,93.83796133825317,94.22561627220819,93.80425137492864,94.21719360351562,5276700
2019-10-31,94.47844327569638,94.87452733089178,94.44473331041182,94.81553649902344,5540700
2019-11-01,94.67880638827013,94.88136220227993,94.42560679140796,94.63660430908203,8149400
2019-11-04,94.21461188593551,94.26525567019203,94.10489549179096,94.15553283691406,4145200
2019-11-05,93.79257796846765,93.82633833093624,93.55626187031828,93.64910125732422,6853500
2019-11-06,93.84326395032546,94.01205939947604,93.66602679697726,93.91921997070312,4129800
2019-11-07,93.43812155582386,93.43812155582386,92.82201253144402,93.16804504394531,5890100
2019-11-08,93.08366020659403,93.37905542617398,93.04145812988281,93.04145812988281,3037300
2019-11-11,93.25247000264146,93.2777886769159,93.04147246484256,93.14275360107422,1563000
2019-11-12,93.13428512092007,93.26088489502932,92.99080838185786,93.18492889404297,4446200
2019-11-13,93.5309879299321,93.56474830854316,93.37062774131304,93.43814849853516,2475200
2019-11-14,93.84325991767822,94.02049706341016,93.80105783763727,93.91077423095703,3189600
2019-11-15,93.75883827812949,93.92764012769018,93.75040301500057,93.83480072021484,2104500
2019-11-18,93.98673651883651,94.09645291195973,93.96141784651064,93.99517822265625,1893600
2019-11-19,94.01201080943993,94.20613127085235,94.01201080943993,94.17237091064453,8306500
2019-11-20,94.35810937123782,94.54378181115769,94.29058860810275,94.51846313476562,3838000
2019-11-21,94.29053093341038,94.38337031615043,94.163931189753,94.28208923339844,3034700
2019-11-22,94.33273493078849,94.36649529470333,94.1892582134987,94.26522064208984,1879700
2019-11-25,94.2737270983826,94.34124787720334,94.25685012324534,94.30748748779297,3573100
2019-11-26,94.45090336140674,94.51841765291985,94.40025959385781,94.48465728759766,3579300
2019-11-27,94.29058944063354,94.33278508861474,94.1977500002867,94.23995208740234,2351800
2019-11-29,94.20615012757175,94.21458538996441,94.054231695793,94.16394805908203,2882300
2019-12-02,93.70756942568983,93.91886997386398,93.65685290922896,93.82589721679688,6826400
2019-12-03,94.30769807127841,94.80636445937542,94.29924424059001,94.66268157958984,6561900
2019-12-04,94.46821688380578,94.54428841066688,94.14704247180524,94.29917907714844,2072200
2019-12-05,93.94420828226193,94.17240999637379,93.93575445629338,94.07943725585938,3062000
2019-12-06,93.71599694706349,93.97801395617907,93.67374071541103,93.79206848144531,2717400
2019-12-09,93.99493805570525,94.00339188344688,93.85125522600339,93.86815643310547,1928500
2019-12-10,93.9442310485515,93.97803991223901,93.74138431480787,93.75828552246094,1707000
2019-12-11,93.90196242840537,94.2146895614849,93.88506122181937,94.1470718383789,2462600
2019-12-12,94.05407723682929,94.07098488786943,93.23423026762889,93.40327453613281,5490400
2019-12-13,93.65682613595692,94.01181585617967,93.37791439286788,93.95265197753906,4162000
2019-12-16,93.7159997599792,93.7159997599792,93.45398919137892,93.51315307617188,3028500
2019-12-17,93.62306475087227,93.66532744920518,93.46248068364854,93.52164459228516,3471400
2019-12-18,93.46245811450827,93.48781314803236,93.1666386427591,93.26805877685547,2249500
2019-12-19,93.20542277297525,93.45933849649438,93.17156605167084,93.3408432006836,1962500
2019-12-20,93.19695697827183,93.35777479009046,93.17156605167084,93.3408432006836,4660500
2019-12-23,93.36623219658598,93.42547984326622,93.18002346201693,93.2562026977539,1809400
2019-12-24,93.13768677690129,93.45085653000048,93.13768677690129,93.41699981689453,857600
2019-12-26,93.45088837098703,93.55245208740234,93.33238660598592,93.55245208740234,1285100
2019-12-27,93.62859569156153,93.72170003450776,93.62859569156153,93.6878433227539,1771100
2019-12-30,93.36625119748699,93.6286392211914,93.30700353874931,93.6286392211914,2035400
2019-12-31,93.47624775643837,93.5185638048285,93.28157326981886,93.2900390625,2801600
2020-01-02,93.68788399620391,93.9079430318787,93.63709567777025,93.72174072265625,4022300
2020-01-03,94.07720568480647,94.36497810921233,93.98410132220249,94.34805297851562,3839600
2020-01-06,94.50887080631236,94.51733014290873,94.17031007470058,94.2464828491211,2714300
2020-01-07,94.22955638194857,94.31419494927385,94.1110610961914,94.1110610961914,2038800
2020-01-08,94.19572582150948,94.3057553438365,93.77252640985252,93.89102172851562,5081100
2020-01-09,93.67943466458051,93.98413879869373,93.63711213469924,93.95874786376953,3680600
2020-01-10,94.02641547332529,94.22108998869315,94.02641547332529,94.1618423461914,2600000
2020-01-13,94.04336831060112,94.0687592406235,93.93333879466739,94.05183410644531,2672600
2020-01-14,94.10260904398635,94.25496107042329,94.08568391105321,94.23802947998047,2376300
2020-01-15,94.41582708629313,94.4750747680664,94.31425686431912,94.4750747680664,2734800
2020-01-16,94.33113158653326,94.38191989913075,94.2041769488134,94.28034973144531,2200500
2020-01-17,94.06027755205288,94.20417022705078,94.02642083190685,94.20417022705078,2627000
2020-01-21,94.41580297471599,94.61047111189461,94.40733717733521,94.57661437988281,2355600
2020-01-22,94.57658952785164,94.64430297408205,94.52580767193365,94.59352111816406,1787600
2020-01-23,94.82203194779112,94.99977487480928,94.78817522966736,94.83049774169922,1891300
2020-01-24,94.94898669963705,95.31293832333027,94.9320615704573,95.16905212402344,7932600
2020-01-27,95.80386518683888,95.8207903185219,95.66843830333772,95.81232452392578,3824600
2020-01-28,95.71923986793864,95.74463725695726,95.45685829900786,95.49071502685547,1923600
2020-01-29,95.61766654415229,95.9900840555835,95.61766654415229,95.94776153564453,2429500
2020-01-30,96.10859175352702,96.34558239771629,95.98163063485113,96.04087829589844,4405500
2020-01-31,96.25243765266237,96.59099834134814,96.22704673107484,96.52328491210938,9764500
2020-02-03,96.28853675168875,96.48346635247127,96.04275060907136,96.44109344482422,5722100
2020-02-04,95.97496622430701,95.98344339407917,95.7376572001741,95.8817367553711,2569600
2020-02-05,95.52578081299555,95.66138967538656,95.44950567754044,95.4664535522461,9027500
2020-02-06,95.44101888510262,95.60205277641052,95.39863950333134,95.53424835205078,1697100
2020-02-07,95.92407792542414,96.07663458962034,95.84779636023436,95.99188232421875,6177900
2020-02-10,96.19533074748769,96.29703738976139,96.0851534013308,96.17838287353516,1909100
2020-02-11,96.05124582116198,96.08514803335922,95.89021192977162,95.94953918457031,1657100
2020-02-12,95.74614525663418,95.76309313191959,95.62749073107626,95.70376586914062,1473800
2020-02-13,95.75460980809544,95.89021219106803,95.72070759580582,95.78850555419922,1868000
2020-02-14,96.00037110832857,96.0851298558798,95.9495210327455,96.02580261230469,2043600
2020-02-18,96.1529513633271,96.32246243378327,96.0681990611921,96.17838287353516,8356600
2020-02-19,96.07666280980214,96.20379447833804,96.02581272886191,96.16141510009766,1681800
2020-02-20,96.30548462151066,96.56822510013454,96.297013919692,96.44109344482422,3452900
2020-02-21,96.6953695432387,97.06828741542179,96.68689883973336,96.83097839355469,5381000
2020-02-24,97.63608565581755,97.7123672121718,97.48352900929167,97.58523559570312,6803600
2020-02-25,97.55985482665061,98.06837505704839,97.53442978505855,97.85649108886719,10014300
2020-02-26,97.64459205537571,98.13616433759734,97.54288543851396,97.80562591552734,19649400
2020-02-27,98.43281489313482,98.60231947974556,97.95819687767631,98.28025817871094,8629700
2020-02-28,99.06845138189809,99.54306932352877,98.95827406435795,99.38204193115234,13437000
2020-03-02,99.74696326930768,100.07789694675886,99.2548031686153,99.31420135498047,19402100
2020-03-03,99.41597911097098,101.22338569882781,99.30566362522478,100.46817779541016,11462300
2020-03-04,100.61245016515483,100.90096017866988,100.17120755343835,100.24757385253906,7627100
2020-03-05,100.97735390404284,101.2488893866769,100.90946841490519,101.13858032226562,5284200
2020-03-06,102.65745075778631,102.93746698003203,101.90223626616552,102.16529083251953,11614800
2020-03-09,104.58367030138933,104.71944125672452,103.05627942344586,103.08174133300781,24791700
2020-03-10,102.57257772397213,103.31930481936183,101.18944549560547,101.18944549560547,15072900
2020-03-11,102.05495659600446,102.326491940459,99.78933295878261,100.1796646118164,13316100
2020-03-12,101.95317496329656,102.47927125839642,97.07401767162821,100.23062133789062,10671600
2020-03-13,99.95906801050333,100.96035602155419,99.28871356909586,99.57721710205078,8697200
2020-03-16,101.85131368655568,102.40287171356827,100.97730943900228,102.20770263671875,6971700
2020-03-17,101.74949990853212,102.07194615422522,99.63660852364927,99.64509582519531,5680300
2020-03-18,98.94081347445942,99.95907617290021,97.87163990696689,98.26197814941406,13256300
2020-03-19,98.55048414170435,99.81482038775465,98.3638023186804,98.58442687988281,6702900
2020-03-20,99.82328423294176,101.72403180686536,99.62812162667167,101.09610748291016,9641600
2020-03-23,101.35917061635558,102.72533495897814,101.35917061635558,102.2925796508789,12234700
2020-03-24,101.41857025911462,101.80042118076639,101.19795218766946,101.59677124023438,5235500
2020-03-25,101.62222334203176,102.04649781401463,101.31674520429092,101.65616607666016,5527600
2020-03-26,101.98711228130661,102.25016041487034,101.74951958338899,101.90225219726562,3384400
2020-03-27,102.51317434576251,103.00533418376709,102.40286533679458,102.65743255615234,5282300
2020-03-30,103.3447569794647,103.5993177298221,102.82714170431719,102.89502716064453,4649400
2020-03-31,103.05627942344586,103.36175759903455,102.9374830744853,103.08174133300781,6356500
2020-04-01,103.75627435494525,103.86672078573152,103.41645713233596,103.50141143798828,9256400
2020-04-02,103.79022917521773,103.83270955730161,103.36545128076409,103.51837158203125,4789400
2020-04-03,103.67981056223661,103.89219955310936,103.49290721321297,103.59485626220703,3441100
2020-04-06,103.24653894420238,103.306007604536,103.03414994563977,103.12760162353516,4697500
2020-04-07,102.41394515507072,102.70279099016129,102.17606410773074,102.66880798339844,9340600
2020-04-08,102.45645804507458,102.68584180762348,102.33752071693748,102.54141235351562,3341000
2020-04-09,102.49043329921783,102.88972564839499,102.3969816225339,102.76229095458984,4543600
2020-04-13,102.66884705697632,102.8132700294859,102.51592670914314,102.54141235351562,2103100
2020-04-14,102.66030475630164,102.83871715203021,102.62632823307237,102.67729949951172,2180100
2020-04-15,103.23803783152661,103.67131318775436,103.20406129679287,103.59485626220703,3137400
2020-04-16,103.73925186723426,103.8581891522347,103.63730284512134,103.70526885986328,1901600
2020-04-17,103.62034451584398,103.9006995464459,103.33998948524207,103.43344116210938,2375000
2020-04-20,103.62881195447554,103.713766232105,103.46739428986238,103.70526885986328,4230700
2020-04-21,104.13005855893479,104.23200759262927,103.90068133511802,103.99413299560547,3287700
2020-04-22,103.75627999386315,103.85822905514546,103.48442231204203,103.67132568359375,3168700
2020-04-23,103.62036624456778,103.76478923670291,103.53541192458236,103.73930358886719,2345900
2020-04-24,103.55238150538426,103.77326788275705,103.5438841304397,103.7647705078125,2373500
2020-04-27,103.51839560515023,103.5438812476764,103.18706928911446,103.21255493164062,2508100
2020-04-28,103.4334264185769,103.722272301105,103.4249290450917,103.66280364990234,2847600
2020-04-29,103.67132321715626,103.82424356464242,103.3994655418029,103.61185455322266,2600100
2020-04-30,103.68832160191543,103.86672759996915,103.36548614501953,103.36548614501953,5371500
2020-05-01,103.57639180041004,103.6784482205075,103.38929160777664,103.50835418701172,8357700
2020-05-04,103.48283497970526,103.60189755120356,103.37227873143497,103.52536010742188,3580500
2020-05-05,103.28724193061493,103.48284845979893,103.21921080119925,103.4488296508789,3487600
2020-05-06,102.89599184276761,103.1426232368114,102.77692930611498,103.06608581542969,3279500
2020-05-07,103.15969101597899,103.73799785528529,103.12567220326392,103.69547271728516,3252800
2020-05-08,103.43177614590854,103.73793879762185,103.2786948200519,103.35523223876953,3486800
2020-05-11,103.33822968326739,103.39776095159371,102.98103558488785,103.06608581542969,4569400
2020-05-12,103.01508923949345,103.44031458241149,102.9980830806832,103.40629577636719,4267700
2020-05-13,103.53386796956062,103.74648064778125,103.45733051984472,103.61891174316406,2615800
2020-05-14,103.7975073369354,103.93357607076867,103.73797604930388,103.7804946899414,2257600
2020-05-15,103.92506077021044,103.95057973849707,103.63591068052673,103.71244812011719,1828900
2020-05-18,103.46582082629692,103.4743206604446,102.95554528682341,103.0746078491211,3091200
2020-05-19,103.04910807097494,103.38078331945898,103.04910807097494,103.36377716064453,1941700
2020-05-20,103.2192175474537,103.50836770953573,103.14267360027478,103.3893051147461,2366700
2020-05-21,103.49135523484942,103.6274239826977,103.41481129233993,103.45733642578125,2063800
2020-05-22,103.50836376723882,103.65293884277344,103.4913576065272,103.65293884277344,1352400
2020-05-26,103.32973523941838,103.44029146804003,103.23618516580684,103.3807601928711,3484800
2020-05-27,103.32123116447487,103.61888754679227,103.31273133099616,103.46581268310547,2542900
2020-05-28,103.27872621810944,103.42330126747635,103.219194933757,103.37227630615234,3873900
2020-05-29,103.54238413568986,103.7464905094243,103.44032770461031,103.70397186279297,2993800
2020-06-01,103.53541101891588,103.66310119628906,103.42473753862905,103.66310119628906,8531700
2020-06-02,103.5439044327229,103.63754821257149,103.42472262108318,103.49282836914062,4711800
2020-06-03,103.15227634297602,103.1693060225346,102.79473101128274,102.8798599243164,4226600
2020-06-04,102.71813086913052,102.726639215144,102.4201698907222,102.47125244140625,4744100
2020-06-05,101.81579036968057,101.99456313753407,101.60296471819925,101.96051025390625,10611700
2020-06-08,101.8753341081672,102.1647802374834,101.86682576239352,102.07113647460938,3314700
2020-06-09,102.47124005952534,102.60744502341001,102.36908146542197,102.43718719482422,3238600
2020-06-10,102.67558979700651,103.20339965820312,102.62451372799217,103.20339965820312,4944600
2020-06-11,103.58644304561061,103.73116284838137,103.50982247684269,103.56941986083984,6365800
2020-06-12,103.38215969554508,103.56944725215493,103.28851591724015,103.33959197998047,3051000
2020-06-15,103.56943975197824,103.63753899905996,103.25445556640625,103.25445556640625,2658000
2020-06-16,102.87139209534506,103.23745243410215,102.77775479466086,103.04165649414062,5252000
2020-06-17,103.14380874604562,103.23744604093115,102.98205920093714,103.20339965820312,2308300
2020-06-18,103.44174238048309,103.4843035977441,103.36512179753969,103.4332275390625,1694600
2020-06-19,103.20338351439422,103.52687605908586,103.20338351439422,103.46728515625,2033200
2020-06-22,103.56943671716915,103.61199793348297,103.322558280834,103.3736343383789,2284900
2020-06-23,103.2714862330457,103.37364485344786,103.21189532820817,103.33959197998047,2010600
2020-06-24,103.25444621331837,103.56943037035818,103.25444621331837,103.5353775024414,2310700
2020-06-25,103.68864070838788,103.71417874262653,103.52689116498009,103.55242919921875,1650900
2020-06-26,103.68865414737995,103.91850298024058,103.67162445906548,103.8333740234375,3413900
2020-06-29,103.79930371898908,103.97807644674542,103.79078887626108,103.93550872802734,28632400
2020-06-30,103.98657068205618,104.02062355129785,103.6801013538018,103.74820709228516,4126700
2020-07-01,103.55224296080176,103.66301641053691,103.39886983875944,103.5863265991211,8416500
2020-07-02,103.47554003529868,103.7311575230547,103.39885023842021,103.71411895751953,3054100
2020-07-06,103.4499783119778,103.5777838046901,103.34772741701994,103.56074523925781,2821900
2020-07-07,103.63742716384199,103.90157368045836,103.58630496743338,103.89305114746094,2920400
2020-07-08,103.71410920218077,103.84192118443083,103.62038084858321,103.73114776611328,2096700
2020-07-09,103.75671512810186,104.15718966296859,103.74819909601506,104.06346130371094,2769400
2020-07-10,104.16573213520522,104.19981577244026,103.82490226364386,103.8589859008789,1939000
2020-07-13,103.70557895667831,103.98676399655773,103.6800178622869,103.96971893310547,2051100
2020-07-14,104.10608562658297,104.14869179760022,103.94418997766422,103.96123504638672,1721500
2020-07-15,103.80786505951998,104.02939895327522,103.79934252490196,103.92715454101562,2085400
2020-07-16,104.08903465854331,104.1657179562923,104.00382232666016,104.00382232666016,1907100
2020-07-17,104.05497656052056,104.08053766604279,103.92716453211959,103.97828674316406,2405200
2020-07-20,104.12315397090345,104.14019904450036,103.9697808124854,104.04647064208984,2695900
2020-07-21,104.08905815331731,104.19130257339438,104.0549745130284,104.15721893310547,3228400
2020-07-22,104.28503545751133,104.28503545751133,104.15722342611193,104.1913070678711,2431500
2020-07-23,104.31909442527137,104.33613299172595,104.19980495772411,104.29353332519531,2006500
2020-07-24,104.20836212578459,104.3191290965246,104.18279451642252,104.24243927001953,3395600
2020-07-27,104.32764505332449,104.34468362436739,104.05498241110698,104.0805435180664,1976500
2020-07-28,104.2083319872671,104.3531825611398,104.17424835209904,104.32762145996094,1870300
2020-07-29,104.33613148212582,104.46394348144531,104.21684201630451,104.46394348144531,1874200
2020-07-30,104.5917794840809,104.61734058965328,104.52361220202799,104.60881805419922,28331800
2020-07-31,104.4980343542215,104.71105220091566,104.45542818456717,104.63436889648438,4039200
2020-08-03,104.48089479556216,104.59175854724519,104.4297309139169,104.5832290649414,6595900
2020-08-04,104.7452279770465,104.96694240744085,104.71111656327346,104.94136047363281,3842000
2020-08-05,104.67703403294641,104.70261597381327,104.55764730484196,104.59175872802734,2423700
2020-08-06,104.79638825454198,104.94135687854586,104.6599491102109,104.71111297607422,2286500
2020-08-07,104.7452427868167,104.80493614283773,104.45529898179463,104.48941040039062,2363400
2020-08-10,104.6343811834062,104.65144014609598,104.37855529785156,104.37855529785156,1994900
2020-08-11,104.00330389661129,104.07152671400982,103.77306002049868,104.0203628540039,7166500
2020-08-12,103.73896847054465,103.83277323590319,103.58547035505677,103.71338653564453,5538100
2020-08-13,103.69633087545935,103.79013564380354,103.39786411531304,103.50019836425781,5748400
2020-08-14,103.59400198042562,103.68780024163917,103.54283160347865,103.55136108398438,2722800
2020-08-17,103.77307131160092,103.89245800199534,103.69631900715498,103.7219009399414,3357700
2020-08-18,103.83278464469589,103.96922381451702,103.77309128800766,103.9010009765625,1853600
2020-08-19,103.95216642719753,104.01185978105426,103.73897494826811,103.76455688476562,4493800
2020-08-20,104.08007012911041,104.10565206253881,103.99478834289995,104.0630111694336,2880300
2020-08-21,104.13124865616778,104.165360074237,103.96922104686094,104.13977813720703,2103700
2020-08-24,104.1141834559749,104.21651770405109,103.97774429796067,103.99479675292969,1974900
2020-08-25,103.66220814467648,103.79865379504348,103.51723952072659,103.74748992919922,3562800
2020-08-26,103.64517114753745,103.75602837542722,103.50872547682296,103.70486450195312,3337400
2020-08-27,103.92656045210578,103.92656045210578,103.33815002441406,103.33815002441406,4672900
2020-08-28,103.53430120823779,103.63662894262272,103.40638503416977,103.50871276855469,2277200
2020-08-31,103.52580885324461,103.7901642699874,103.50874988733844,103.61961364746094,3273300
2020-09-01,103.60077081759954,103.95919036865234,103.51543375936795,103.95919036865234,4622900
2020-09-02,103.87388304897146,104.1469656199748,103.8568117259576,104.10429382324219,3013400
2020-09-03,104.1810852389048,104.44563210646139,104.1298777887834,104.2408218383789,5750500
2020-09-04,103.9677640798368,104.04456550711443,103.58373741104087,103.6605453491211,7512800
2020-09-08,103.89096018198981,104.0445695533214,103.8568240427158,103.88243103027344,3442700
2020-09-09,103.90799229929222,103.96772889278053,103.72024685952886,103.83118438720703,3964300
2020-09-10,103.69464353489435,103.97625517597858,103.63490694305221,103.95919036865234,3164200
2020-09-11,104.01043195880868,104.12137603759766,103.9762958200123,104.12137603759766,4905000
2020-09-14,104.12988296283048,104.19815522585066,103.96774447665925,104.02748107910156,1797100
2020-09-15,103.96776631962298,104.02750293461558,103.90802970463038,103.9762954711914,2897600
2020-09-16,104.11285376642549,104.11285376642549,103.82270631554084,103.91657257080078,4015700
2020-09-17,104.15551569223116,104.15551569223116,103.91656271259039,103.95069885253906,3426800
2020-09-18,103.98481276378548,104.01041323557368,103.85680389404297,103.85680389404297,5606900
2020-09-21,104.1213788649298,104.24085209856,104.02750610839136,104.04457092285156,5838100
2020-09-22,104.04457092285156,104.13844367939001,104.01043478312823,104.04457092285156,3387900
2020-09-23,104.04457092285156,104.07870706257489,103.90803287476115,104.04457092285156,3172000
2020-09-24,104.08719798361558,104.12986325682802,104.03599705144063,104.09573364257812,2866900
2020-09-25,104.16402761543604,104.21523507229087,104.11282666938311,104.18109893798828,2187400
2020-09-28,104.14697479810073,104.18111093633472,104.11283865986675,104.1640396118164,4167200
2020-09-29,104.22375051807143,104.300558437853,104.18961438825751,104.2408218383789,2577100
2020-09-30,104.13840014417875,104.13840014417875,103.82265237764184,103.95919036865234,4276400
2020-10-01,103.779018365859,104.09497757114697,103.69362592295099,104.01811981201172,8733800
2020-10-02,104.10353198010395,104.12060786484207,103.83880690396349,103.91566467285156,7509700
2020-10-05,103.62532636283774,103.6338675630375,103.25813293457031,103.25813293457031,6132200
2020-10-06,103.28377659263272,103.66805252016484,103.21546651854062,103.49726104736328,8516400
2020-10-07,103.3008391217767,103.41184867146748,103.13858888259018,103.1983642578125,7116700
2020-10-08,103.31791389351096,103.40330635504617,103.27522092025697,103.38623046875,3499000
2020-10-09,103.3008179153133,103.43744452419044,103.13856770943488,103.33497619628906,4358500
2020-10-12,103.37765970162401,103.44597625732422,103.31788434414267,103.44597625732422,3287900
2020-10-13,103.55700219929113,103.69363533236299,103.55700219929113,103.67655944824219,6583300
2020-10-14,103.73634747880187,103.79612285306129,103.66803090392621,103.71072387695312,5200600
2020-10-15,103.82174944708169,103.8388253348507,103.57410672675057,103.59972381591797,3839200
2020-10-16,103.59970762136574,103.71925836214412,103.50577396575035,103.53993225097656,2726200
2020-10-19,103.34353990898477,103.43747357929718,103.24107155230051,103.3691635131836,3635800
2020-10-20,103.24106653928649,103.30938311711064,103.11297458462309,103.14713287353516,6129700
2020-10-21,103.0190316176942,103.12150647517836,102.95071504603808,103.01049041748047,6425300
2020-10-22,102.92509233723477,102.95925062119663,102.64329138081932,102.6518325805664,6749000
2020-10-23,102.63477622259316,102.89095362850567,102.62623502122109,102.7970199584961,5049900
2020-10-26,103.01902492633742,103.1812751447254,102.97632544306909,103.07025909423828,4817800
2020-10-27,103.21543457390918,103.33498531035569,103.17273509016692,103.30082702636719,3620100
2020-10-28,103.4545246774556,103.4801417588751,103.22395791462843,103.29227447509766,5586600
2020-10-29,103.25812505989657,103.27520745899335,102.7884633251568,102.85677337646484,7504800
2020-10-30,102.81409248869699,102.85678546140234,102.52375030517578,102.52375030517578,7246800
2020-11-02,102.82794225884079,102.8963021052313,102.64850255143102,102.69977569580078,7674300
2020-11-03,102.5459539918831,102.56304069135297,102.39214762004313,102.46904754638672,9203500
2020-11-04,103.33208465576172,103.44316451321068,103.20391157768765,103.33208465576172,14922300
2020-11-05,103.37476987501582,103.4089432643017,103.19532372593464,103.31495666503906,6250700
2020-11-06,102.99030158810774,103.04156821647165,102.8450417949739,102.96466827392578,10402200
2020-11-09,102.18707700694014,102.22125692800805,101.84529083456776,102.20417022705078,11195800
2020-11-10,101.87093812425795,102.11019108541014,101.86239151302988,101.91365814208984,4810500
2020-11-11,101.92220525063021,102.11873819490945,101.90511854724494,102.07601165771484,1699900
2020-11-12,102.38362582396495,102.66560532720297,102.34944589758872,102.65705871582031,6324000
2020-11-13,102.61432660931142,102.64850653383273,102.50324674398264,102.52033996582031,6766000
2020-11-16,102.45195175992046,102.5373982879967,102.4348585428139,102.44340515136719,3911400
2020-11-17,102.63995966290723,102.7510395208994,102.61431983184418,102.70831298828125,4707900
2020-11-18,102.77668181617022,102.77668181617022,102.52888224746351,102.67414855957031,7931200
2020-11-19,102.78523254394531,102.88777232380622,102.75105261732502,102.78523254394531,9323000
2020-11-20,102.83649518386184,102.9817549769957,102.81940848079194,102.96466827392578,16772200
2020-11-23,102.82791293909455,102.8450061553952,102.70828650159761,102.75955963134766,2511900
2020-11-24,102.68267554655236,102.69976876657358,102.54596238214924,102.59722900390625,4349300
2020-11-25,102.6741352222088,102.8193949962922,102.62286208141506,102.63140869140625,2125500
2020-11-27,102.80232904757548,102.93904876708984,102.79378895447212,102.93904876708984,2988100
2020-11-30,102.89630744723958,102.97321390821006,102.83649420833103,102.87067413330078,2390900
2020-12-01,102.57996482851946,102.6141674830677,102.20374215197816,102.32344818115234,13902200
2020-12-02,102.22937874309211,102.24648332980713,102.00707130370438,102.15242767333984,5578500
2020-12-03,102.30634987930546,102.52011157712118,102.26359493034658,102.42605590820312,4484900
2020-12-04,102.10112751553432,102.12677787225792,101.92156197149208,102.024169921875,4709100
2020-12-07,102.27212510136675,102.40038339700926,102.25502051608754,102.34053039550781,4441600
2020-12-08,102.52863273571964,102.63978643637252,102.43457709536439,102.44312286376953,4735700
2020-12-09,102.25504320754038,102.40895189176774,102.15244176704837,102.29779815673828,3444100
2020-12-10,102.38328548606695,102.5628445022767,102.29778212456064,102.52864837646484,3557600
2020-12-11,102.67400319667026,102.8364576240385,102.6483528409536,102.73385620117188,4336600
2020-12-14,102.46883339242956,102.74245470577868,102.41753265792218,102.6740493774414,2870600
2020-12-15,102.54573789066418,102.63124124504253,102.46878030528224,102.5713882446289,2889200
2020-12-16,102.34055973858491,102.60562217502032,102.29780478661608,102.48591613769531,5058400
2020-12-17,102.65956866861855,102.72801565265883,102.3430127904937,102.41145324707031,3233200
2020-12-18,102.48845717113069,102.53978914514614,102.30878873461293,102.32589721679688,3189500
2020-12-21,102.48848402804775,102.52270752884748,102.30881554444821,102.39437103271484,2850500
2020-12-22,102.52268573377081,102.58257521557222,102.42001525319813,102.56546020507812,3688500
2020-12-23,102.3686927708705,102.37725027691121,102.17190929672142,102.35157775878906,3047100
2020-12-24,102.44566315299556,102.49700164794922,102.41999716925014,102.49700164794922,1529300
2020-12-28,102.33444328664493,102.50555419921875,102.27455381449779,102.50555419921875,3677500
2020-12-29,102.36014312365215,102.52270311358366,102.36014312365215,102.48847961425781,2157300
2020-12-30,102.4456796696954,102.5569076538086,102.4371286920435,102.5569076538086,2549100
2020-12-31,102.53978785798088,102.66812431887219,102.53978785798088,102.6253433227539,2626200
2021-01-04,102.39437375384335,102.7194872288826,102.36870775942782,102.65104675292969,5499000
2021-01-05,102.5569047200218,102.57401320230004,102.30878929847357,102.41145324707031,5004400
2021-01-06,101.91522387672995,101.91522387672995,101.61576996827175,101.81255340576172,10039300
2021-01-07,101.4532699584961,101.52171697517542,101.36771445138032,101.4532699584961,7751700
2021-01-08,101.25642069423868,101.32486766649069,101.06819478427694,101.16230773925781,8378700
2021-01-11,101.08533988645657,101.09389739240147,100.94844590119614,100.96556091308594,6061000
2021-01-12,100.76022221090034,100.99122918437858,100.5891112529247,100.94844818115234,6516600
2021-01-13,101.10245662429469,101.42757660209686,101.07679063182925,101.29924011230469,7562900
2021-01-14,101.29067914817524,101.35912614405669,100.98267419417357,101.06822967529297,8113000
2021-01-15,101.28210575911942,101.41044222440564,101.13666081127812,101.34199523925781,5978400
2021-01-19,101.19656678367362,101.40190124511719,101.153792306583,101.40190124511719,4035700
2021-01-20,101.29067678684324,101.4446792602539,101.26501079585223,101.4446792602539,4277700
2021-01-21,101.27357411983927,101.36768711052252,101.21368462826491,101.29924011230469,4254500
2021-01-22,101.38482294181676,101.47037844893254,101.33349094304066,101.4532699584961,4706200
2021-01-25,101.59866008515496,101.86388397216797,101.56443659530437,101.86388397216797,5689200
2021-01-26,101.76126380299016,101.8639277892399,101.74414878697117,101.82970428466797,4257100
2021-01-27,102.00077960372171,102.10344354749324,101.9152241414243,101.94944763183594,5764700
2021-01-28,101.81252526414491,101.82108276622608,101.5729674255643,101.68418884277344,5394200
2021-01-29,101.39332567272452,101.63288357421352,101.3591021828742,101.50454711914062,7952100
2021-02-01,101.51142121107617,101.68264474574933,101.4771751977897,101.63127899169922,3640700
2021-02-02,101.31450000762044,101.41723803910376,101.28026052888463,101.37443542480469,3609800
2021-02-03,101.23745430647081,101.28882005781655,101.10903339634763,101.12615966796875,3844200
2021-02-04,101.00629955507095,101.13471393046215,100.92924439807756,101.09191131591797,2146000
2021-02-05,101.06621842659959,101.17751305149713,100.87786865234375,100.87786865234375,5498000
2021-02-08,100.86073305198299,101.05764594278584,100.80080417769646,100.92066192626953,2861300
2021-02-09,101.03197244773658,101.1347039378992,100.95491729835658,100.99772644042969,4458500
2021-02-10,101.10902936314429,101.25457000732422,101.1004662276753,101.25457000732422,6726800
2021-02-11,101.25454646980407,101.28879247196066,101.13468872813453,101.17749786376953,5949900
2021-02-12,100.92922441479493,101.04051902868464,100.80936666698837,100.84361267089844,8802400
2021-02-16,100.39844682382528,100.49262172571927,100.0474366245687,100.11592864990234,8909000
2021-02-17,100.18441009521484,100.31283100458641,100.06455232160371,100.18441009521484,4789700
2021-02-18,100.02174613515875,100.25289853836752,99.94469097958347,100.17584991455078,4469900
2021-02-19,99.8762213228333,99.97038970072776,99.62794260935988,99.77348327636719,5851800
2021-02-22,99.69640582108596,99.88475559828778,99.5337454485774,99.61079406738281,3828000
2021-02-23,99.54228854687638,99.80769343863439,99.45667680478812,99.68783569335938,7344900
2021-02-24,99.19127668510468,99.60221565254105,99.13134781353033,99.55084991455078,7133700
2021-02-25,98.97726192109715,99.07143681223778,97.68450285051449,98.22386932373047,35760600
2021-02-26,98.57486386029473,99.14846971960107,98.20672748920492,99.10566711425781,28188400
2021-03-01,98.9172513533722,99.10571516056264,98.72878754618174,98.99434661865234,9616500
2021-03-02,98.90865821827857,99.18278554112885,98.86582970466158,99.1742172241211,6271000
2021-03-03,98.70306207006941,98.72019216797659,98.45463316829529,98.64309692382812,8377300
2021-03-04,98.63452921733223,98.74589119369489,98.00917933633376,98.1548080444336,12327900
2021-03-05,97.76077049327245,98.14625986692297,97.67510037849486,98.01776123046875,8634600
2021-03-08,97.78644494360994,97.81214335745905,97.59798119443569,97.63224792480469,7416400
2021-03-09,98.06057427234256,98.18050456325113,97.9063772503586,98.09484100341797,7035000
2021-03-10,98.09483645663927,98.39466217001352,98.04343309455342,98.30043029785156,5683100
2021-03-11,98.29182694406626,98.40319540912812,98.12049989341298,98.26612854003906,7576500
2021-03-12,97.64079244839013,97.64935422711315,97.45232874514038,97.55512237548828,7332600
2021-03-15,97.61509895027734,97.76929594958744,97.58940053967729,97.67506408691406,4465500
2021-03-16,97.78643468767046,97.863529921132,97.5465741359548,97.6579360961914,5479400
2021-03-17,97.28959199532251,97.7007862444899,97.10969655372142,97.49518585205078,8975900
2021-03-18,96.71565861928984,96.99835431463676,96.62142672084087,96.8869857788086,8281400
2021-03-19,96.68135191186153,96.9726092697791,96.65565350212873,96.82698059082031,8748100
2021-03-22,97.07541796024317,97.19534823998991,96.99832272428173,97.14395141601562,4679800
2021-03-23,97.35811351400599,97.64080911714099,97.28958005826841,97.62367248535156,7544000
2021-03-24,97.42669587920275,97.76935025848749,97.40099091861438,97.7522201538086,14634800
2021-03-25,97.80356790488018,97.86353304472306,97.47804379369174,97.62367248535156,10573800
2021-03-26,97.3580837127962,97.56367748136685,97.28955027803663,97.2981185913086,6409700
2021-03-29,97.38381390981436,97.39238222588362,96.87838783309105,96.96405792236328,6298000
2021-03-30,96.69849202868774,96.93835912771009,96.61282847546342,96.87838745117188,5784900
2021-03-31,96.85267970391074,96.96404819450758,96.62138747892648,96.74131774902344,8620000
2021-04-01,97.04134357160986,97.22135058045038,96.9727676044999,97.169921875,8535300
2021-04-05,96.83559704454753,96.97274240336213,96.68987805713122,96.89559936523438,9944500
2021-04-06,97.10132652609201,97.38419742913536,97.06703854938104,97.36705017089844,8765200
2021-04-07,97.34996001676397,97.54711435031486,97.27281693391771,97.30709838867188,6316800
2021-04-08,97.47851401171118,97.64994740172399,97.46136674885113,97.6413803100586,6334700
2021-04-09,97.32421397265787,97.56422331640137,97.23849728414436,97.38421630859375,5887400
2021-04-12,97.30703334734545,97.34989494678828,97.22131668822168,97.32418060302734,5466000
2021-04-13,97.34994285354847,97.72710418701172,97.32422849713328,97.72710418701172,7663800
2021-04-14,97.5642245669524,97.64137416543835,97.4785078773402,97.60708618164062,4876900
2021-04-15,97.9156662150793,98.3785376219736,97.9156662150793,98.23281860351562,9958500
2021-04-16,97.94141057956463,98.12141763513205,97.9156962201644,97.96712493896484,7334900
2021-04-19,97.80426308729177,98.02713177857322,97.7528343661369,97.86426544189453,5738600
2021-04-20,97.83851885995126,98.2242472211125,97.83851885995126,98.15567779541016,6468300
2021-04-21,98.14709758373205,98.25852861532009,98.00994566199577,98.20709991455078,7976500
2021-04-22,98.19854800031041,98.30998559630555,97.9671122559048,98.28427124023438,7681300
2021-04-23,98.26710883446998,98.27568246509428,98.00138514299286,98.15567779541016,5509900
2021-04-26,98.11279773371595,98.18994731530003,98.05279541015625,98.05279541015625,7145300
2021-04-27,97.91569730103514,98.00141401323737,97.6671142578125,97.6671142578125,7720500
2021-04-28,97.67564201077793,97.81279392687415,97.42706560743935,97.79564666748047,8692900
2021-04-29,97.33282179744651,97.63283358252306,97.23853144502723,97.62425994873047,5547800
2021-04-30,97.6670982289206,97.74424129531229,97.5213726483504,97.70995330810547,5160000
2021-05-03,97.74771142735234,98.08222834646834,97.71340116077452,97.87637329101562,8593300
2021-05-04,98.07360358128854,98.26230668779273,97.95352097606063,98.00498962402344,11171000
2021-05-05,97.9020400914004,98.15078445280149,97.9020400914004,98.12505340576172,6810000
2021-05-06,98.0564653279694,98.2794787160427,98.03931347227703,98.16796875,6546200
2021-05-07,98.39959869159917,98.59687455500408,98.11654388513344,98.20231628417969,10657600
2021-05-10,98.24515483447925,98.32234799040668,97.96210017472296,98.00498962402344,5906800
2021-05-11,97.85917761158467,97.92779811860306,97.79913630394651,97.84202575683594,6591300
2021-05-12,97.48181028991499,97.55043081972592,97.32741736984735,97.37030029296875,14509800
2021-05-13,97.49033495011997,97.73050012608131,97.4302871121194,97.6961898803711,8242700
2021-05-14,97.84201640139841,97.944947152084,97.73908565071284,97.91063690185547,7943100
2021-05-17,97.84203812525277,97.88492758356395,97.77341760955991,97.8163070678711,6711100
2021-05-18,97.80772786740634,97.85918998216971,97.71337629433181,97.8163070678711,4319600
2021-05-19,97.79914133068904,97.99642366250403,97.43889346634381,97.52466583251953,13156500
2021-05-20,97.6962550535012,97.93642038967674,97.67052398805592,97.92784118652344,8412700
2021-05-21,98.02213846873985,98.04786951992591,97.85059376482556,97.96209716796875,6648700
2021-05-24,98.0135604416401,98.15080144162042,97.97067753715456,98.05644989013672,4826000
2021-05-25,98.15939280905596,98.43386829903255,98.15939280905596,98.41670989990234,5748200
2021-05-26,98.34809575256205,98.4767510257401,98.26231684509419,98.30520629882812,4501600
2021-05-27,98.09078516214473,98.13367462158203,97.95354412715555,98.13367462158203,5998100
2021-05-28,98.09074316170536,98.3309083260899,98.09074316170536,98.12505340576172,5575700
2021-06-01,98.01263128160177,98.1242117404376,97.89246569561448,98.10704803466797,9498100
2021-06-02,98.21004280258532,98.28729584943842,98.16713026414094,98.2186279296875,4269900
2021-06-03,98.13280361753435,98.13280361753435,97.92679984292931,97.96971893310547,3591200
2021-06-04,98.21866148164878,98.51907554751537,98.20149777011447,98.51049041748047,6326000
2021-06-07,98.39031607062202,98.46756913701806,98.36456723133497,98.43323516845703,3068500
2021-06-08,98.74223290873883,98.76798174765344,98.67356497261,98.71648406982422,4760500
2021-06-09,99.06837182785394,99.1799588342153,98.89670857757481,99.02545928955078,5679300
2021-06-10,98.81088635245463,99.38596549898439,98.76796726153528,99.37738037109375,6494800
2021-06-11,99.30868416652345,99.32585441741544,99.14560607424147,99.23143768310547,3914200
2021-06-14,99.12848261978938,99.13706774928822,98.87956625260331,98.9224853515625,3730900
2021-06-15,98.87099009718781,98.95682174867675,98.81948586746626,98.93965148925781,4212700
2021-06-16,98.98256749974905,99.03406517932798,98.11565278513854,98.2615737915039,13529000
2021-06-17,98.41607510278492,98.9310715532008,98.3474071631201,98.61348724365234,8838100
2021-06-18,98.74224477734596,99.20574357912487,98.54482607437998,99.1714096069336,13435000
2021-06-21,98.9310433304213,99.00828982910619,98.77654378451824,98.85379028320312,6460000
2021-06-22,98.74221350998543,99.059797740788,98.71646467612942,99.03404235839844,5459700
2021-06-23,98.92247867728364,99.0254805787151,98.79372793762796,98.8366470336914,5429800
2021-06-24,98.83663589311088,98.9482163623503,98.77655309451521,98.81946563720703,3631700
2021-06-25,98.88815245377648,98.9224864236089,98.44182394302544,98.61348724365234,6716800
2021-06-28,98.80231973271889,99.01690213044462,98.79373460322005,98.9224853515625,4968900
2021-06-29,98.7937124885475,98.98254600404195,98.7851273609704,98.97396087646484,3373200
2021-06-30,99.1199080519897,99.274407646549,99.1027377922968,99.12848663330078,6572800
2021-07-01,99.10011585323839,99.16023873443014,98.91974720966314,99.05717468261719,11966200
2021-07-02,99.17741620036941,99.41790771484375,99.15165018851891,99.41790771484375,5071900
2021-07-06,99.53815612134676,100.01055486085332,99.53815612134676,99.94184112548828,9095300
2021-07-07,100.13076929508708,100.41420845011625,100.03628957674401,100.23383331298828,7456400
2021-07-08,100.42285576205936,100.65476305365291,100.33696684228211,100.49156951904297,7368000
2021-07-09,100.07929072695853,100.09647244217547,99.97622664727434,99.98481750488281,5531200
2021-07-12,100.07067789819195,100.11361906818567,99.85595238951592,99.9332504272461,3867700
2021-07-13,99.98481313571102,100.08787721089149,99.53818030024878,99.62406921386719,6926500
2021-07-14,99.89890230195508,100.07927095867925,99.81301340154877,100.05350494384766,6029200
2021-07-15,100.31120983207887,100.52593542726196,100.08789337827503,100.47440338134766,5704500
2021-07-16,100.20809384444175,100.4743579179631,100.1995095426104,100.4571762084961,3577900
2021-07-19,101.12712631450349,101.44492243450689,101.07559428803367,101.31608581542969,20557500
2021-07-20,101.75414974375462,101.79709092414828,101.10138220447266,101.18727111816406,8729000
2021-07-21,100.77498717533263,100.843700917536,100.50872306252037,100.60320281982422,7438300
2021-07-22,100.60320627571365,101.04124820617865,100.59462197232068,100.83511352539062,6363500
2021-07-23,100.47439963391892,100.70630038478912,100.46580877561858,100.68053436279297,6804600
2021-07-26,100.83509461076838,100.85226976723594,100.59460310280978,100.61177825927734,6179600
2021-07-27,101.0240693477755,101.10136739290219,100.92958959068523,101.04124450683594,8621200
2021-07-28,100.85229541616751,101.13573471673297,100.7148744707715,101.12714385986328,11533500
2021-07-29,100.75780924045026,100.94676876214149,100.73204322438389,100.81793212890625,6203800
2021-07-30,100.98973208609483,101.1615099216662,100.98114122844495,101.10138702392578,5656400
2021-08-02,101.26122319812502,101.74251701851244,101.16668240381513,101.54484558105469,19495800
2021-08-03,101.57066345214844,101.73396243659019,101.51909811269896,101.57066345214844,6627300
2021-08-04,101.8714368795838,101.95738126791919,101.22684413136356,101.54484558105469,7545000
2021-08-05,101.33000315331843,101.38156848599708,101.10654244981437,101.17530059814453,5164600
2021-08-06,100.67680093436903,100.77134173690213,100.55647746880638,100.58226013183594,7807600
2021-08-09,100.7283255976484,100.82286636201657,100.36735534667969,100.36735534667969,10842500
2021-08-10,100.44476565951578,100.45335551040502,100.1697396168842,100.17832946777344,7192400
2021-08-11,100.24705596367689,100.54786457826894,100.07516720023457,100.29003143310547,7254300
2021-08-12,100.18692016601562,100.29864723545101,100.06659668904283,100.18692016601562,6932200
2021-08-13,100.34160897712424,100.76274108886719,100.3244227215403,100.76274108886719,6896500
2021-08-16,101.02918153118263,101.26123205569989,100.9862060546875,100.9862060546875,6928100
2021-08-17,100.96901804622287,101.15809309096392,100.91744616389624,100.93463897705078,7785500
2021-08-18,100.89166830640075,100.9776127048557,100.66820762470802,100.88307189941406,7025800
2021-08-19,101.09790994290002,101.1752644714349,101.0119655667445,101.10650634765625,6242600
2021-08-20,101.10653421517273,101.16669595077725,100.90886275124531,101.01199340820312,6510200
2021-08-23,100.986200179845,101.0549583153824,100.90025578899163,101.03776550292969,3958500
2021-08-24,100.90885376844629,100.99479816063959,100.73695842692287,100.76274108886719,3649700
2021-08-25,100.7283255976484,100.76270465352178,100.31579004143686,100.36735534667969,5874700
2021-08-26,100.31579004143686,100.41033080580502,100.2040564705648,100.36735534667969,6850600
2021-08-27,100.36738712969907,100.69398498535156,100.2384672686329,100.69398498535156,6360700
2021-08-30,100.67680594825441,100.9002666342011,100.64242687679051,100.89167022705078,6546200
2021-08-31,100.84011487123296,100.9776246135505,100.659629646051,100.70259857177734,7418400
2021-09-01,100.84019560923588,100.87459816911925,100.65958709106118,100.74559020996094,11908600
2021-09-02,100.85740266270021,100.86600494384766,100.74559925425527,100.86600494384766,2976200
2021-09-03,100.63378538572206,100.668187945118,100.52197542728092,100.62518310546875,4988900
2021-09-07,100.27252859827031,100.34993597169027,100.14352724526223,100.22953033447266,7098600
2021-09-08,100.36715052745033,100.57356584955609,100.30694769890687,100.5047607421875,6046200
2021-09-09,100.54777813328745,100.90039286976531,100.46176845752586,100.78858947753906,7009500
2021-09-10,100.5649804591505,100.65098357699611,100.3757696629198,100.47037506103516,8147100
2021-09-13,100.56497425853165,100.67677764867565,100.54777626066985,100.59077453613281,4269300
2021-09-14,100.76278372981679,101.0723936116075,100.71117661483778,100.96919250488281,6991000
2021-09-15,100.90901303762845,100.92621103885922,100.62519680518444,100.79720306396484,5108900
2021-09-16,100.44460896447518,100.63381982509685,100.35000353416434,100.47901153564453,5682700
2021-09-17,100.2295664253707,100.25536670526255,100.09195618379093,100.18656158447266,7611700
2021-09-20,100.54778665215139,100.80579601644483,100.47037924973105,100.6939926147461,8781600
2021-09-21,100.72837155419036,100.75417182840762,100.57356334727079,100.6337661743164,4867900
2021-09-22,100.63378053192149,100.81438903882606,100.44456974517851,100.72838592529297,10966400
2021-09-23,100.26394567471382,100.28974594860719,99.81671905517578,99.81671905517578,10650100
2021-09-24,99.67917290684368,99.68777519030898,99.4555594680839,99.51576232910156,10528000
2021-09-27,99.24909210205078,99.42109830026358,99.22329182848044,99.24909210205078,6742100
2021-09-28,98.88789395215206,99.09430274157877,98.67288288269424,98.87068939208984,10295500
2021-09-29,99.07704749665709,99.21465766028906,98.79323801699023,98.97384643554688,8364000
2021-09-30,98.87930348006137,99.1287171378109,98.83629863638741,99.09431457519531,7307900
2021-10-01,99.28362650242866,99.54182163750772,99.1975636461273,99.49878692626953,19830100
2021-10-04,99.32668237507423,99.55044453589491,99.19758478003064,99.3783187866211,7691800
2021-10-05,99.22340487847906,99.24922308474497,98.96520968346684,99.06848907470703,6861900
2021-10-06,99.10289231308062,99.19756342465324,99.01682945697142,99.09428405761719,7473500
2021-10-07,98.87052049651857,98.89634526424558,98.68978651948161,98.69839477539062,8160200
2021-10-08,98.6467546159879,98.6467546159879,98.37134953296493,98.48323059082031,9455100
2021-10-11,98.31110907979428,98.38856368481169,98.2250396526522,98.24225616455078,2261300
2021-10-12,98.41439893464184,98.72423054073383,98.35415426491154,98.68980407714844,7938400
2021-10-13,98.75002993013976,99.01683333054324,98.6983935276892,98.8791275024414,11662400
2021-10-14,98.99100771942449,99.15453174735785,98.88773491540361,99.11150360107422,9518200
2021-10-15,98.75003110655443,98.77584930808727,98.56929712964914,98.62093353271484,8689700
2021-10-18,98.32831482123395,98.56068519252594,98.17339905164758,98.48323059082031,8703300
2021-10-19,98.34552388874037,98.38855860008739,98.1131535195217,98.13036346435547,7445200
2021-10-20,98.13037708913441,98.29390113554724,98.06153073406541,98.08734893798828,6230000
2021-10-21,98.0271054777289,98.07013362940364,97.79472850721629,97.82915496826172,7103900
2021-10-22,97.92381195292374,98.15618888987764,97.82914084026477,98.07872772216797,10204600
2021-10-25,98.09596881026353,98.3025210322804,98.09596881026353,98.1992416381836,4835000
2021-10-26,98.21645983632624,98.31973266601562,98.02711756032652,98.31973266601562,5603100
2021-10-27,98.6639693646303,99.02543732253892,98.38856426819868,98.87052154541016,16140300
2021-10-28,98.76726626849224,98.89636386670921,98.50907107205829,98.61235046386719,9940400
2021-10-29,98.34554102922058,98.85332313368052,98.27669467171135,98.6553726196289,11254300
2021-11-01,98.37202129087432,98.72513053643864,98.34618483032315,98.64762115478516,14479000
2021-11-02,98.75958980188048,99.00935322663831,98.750982028172,98.88877868652344,12191100
2021-11-03,98.90600053432496,98.94045134152353,98.41508803067967,98.57872772216797,17031100
2021-11-04,98.75095500646759,99.19018789491676,98.75095500646759,99.11267852783203,12665400
2021-11-05,99.3366464795596,99.7414353350159,99.2333006072361,99.65531158447266,12955100
2021-11-08,99.49164831551354,99.49164831551354,99.18160420108983,99.22466278076172,7404300
2021-11-09,99.64665576733901,99.88781136764558,99.60359719539795,99.68110656738281,12345400
2021-11-10,99.5088721872911,99.53470864800751,98.64762178570902,98.82848358154297,19425100
2021-11-11,98.8284917004152,98.87155685235979,98.50982666015625,98.50982666015625,3746100
2021-11-12,98.87153990868862,98.99211442848699,98.63038429827336,98.71651458740234,10613400
2021-11-15,98.65628189010124,98.68211836280157,98.29455155982991,98.3290023803711,8021400
2021-11-16,98.33757407122226,98.52705021659649,98.22561388114627,98.24283599853516,6573700
2021-11-17,98.24281624856808,98.60453977839029,98.2255941346414,98.59593200683594,10006200
2021-11-18,98.44952230334094,98.68206357017121,98.43230018804391,98.6562271118164,10183400
2021-11-19,98.97491359298398,99.13855330339359,98.86295338475762,98.9232406616211,10731600
2021-11-22,98.46676015951365,98.56149822951643,98.1394808010244,98.19976806640625,10876200
2021-11-23,98.02753291579393,98.07920584380031,97.79499816894531,97.79499816894531,11543700
2021-11-24,97.81221369097462,98.11365003538104,97.75192642209333,98.09642791748047,8322900
2021-11-26,99.02657776129648,99.37968702229922,98.97489826711559,99.36246490478516,13878500
2021-11-29,98.7768033516,99.21603629291819,98.75096689279523,99.1385269165039,13908200
2021-11-30,99.75000257018937,100.03421672648885,99.23325374016528,99.73278045654297,19416800
2021-12-01,99.37771717751535,99.92071533203125,99.25705092095626,99.92071533203125,24991000
2021-12-02,99.8948433353199,99.9379346624874,99.4725115045048,99.7052230834961,11448900
2021-12-03,99.54145310383991,100.53264563198118,99.45526387874423,100.29131317138672,19790900
2021-12-06,100.14481205866456,100.22238040494778,99.67938225351187,99.79142761230469,9863200
2021-12-07,99.51560906770428,99.7224645481941,99.34323059659894,99.41217803955078,7678400
2021-12-08,99.26567073357188,99.29152685057662,98.96400507548624,99.09329223632812,11126500
2021-12-09,99.33459504735407,99.49835917381914,99.20530792518777,99.34321594238281,9198400
2021-12-10,99.4983738509206,99.68799411462676,99.36046581338262,99.41217803955078,5051500
2021-12-13,99.66211796713287,99.97240443387442,99.6448827526767,99.88621520996094,5706900
2021-12-14,99.6793596652251,99.8172611081959,99.48973942730105,99.71383666992188,4749500
2021-12-15,99.47251059871734,99.74832007818137,99.36045868230536,99.56731414794922,8428000
2021-12-16,99.71052844223283,99.99522005358497,99.69327081507777,99.85718536376953,9085400
2021-12-17,100.17637149457612,100.36615929347457,100.02108578140077,100.08147430419922,7933100
2021-12-20,100.24540036593648,100.37480624728026,99.96933755726945,99.99522399902344,13772100
2021-12-21,99.63288971750907,99.67602720675902,99.40859320260827,99.59838104248047,7672800
2021-12-22,99.75367161981491,99.76230043445412,99.50348865013483,99.69328308105469,5538200
2021-12-23,99.62427127763475,99.63289351032755,99.36545949599616,99.48623657226562,7209700
2021-12-27,99.45169647527304,99.57247351338435,99.42581662165703,99.52071380615234,3471800
2021-12-28,99.68464354119466,99.71052339876196,99.45171165937712,99.50347137451172,8314500
2021-12-29,99.18426305893809,99.27053143205639,98.9254513577282,98.99446868896484,11879900
2021-12-30,99.19291972567447,99.33094784505313,99.02900516342154,99.32231903076172,10296000
2021-12-31,99.34817870701461,99.4775779772388,99.21014404296875,99.21014404296875,7584500
2022-01-03,98.66667533871727,98.70118401451343,98.2870864868164,98.2870864868164,27744600
2022-01-04,98.06280052396843,98.25259498309013,97.98516092625032,98.23534393310547,15911800
2022-01-05,98.25256127060558,98.26119008356622,97.75219542858115,97.82121276855469,13715700
2022-01-06,97.59690955233935,97.66592689220525,97.46751026741057,97.57965850830078,10957400
2022-01-07,97.45025429682951,97.48476296734863,97.02753460121819,97.26045989990234,13318200
2022-01-10,97.01028553580672,97.26909729661125,96.94989700253319,97.23458862304688,8430700
2022-01-11,97.19146646536902,97.47615152964978,97.10519148276452,97.467529296875,8086500
2022-01-12,97.63143629588257,97.85573940104197,97.46752831067805,97.48477935791016,7996500
2022-01-13,97.54518137836732,97.82987306097371,97.46754178230627,97.79536437988281,8431100
2022-01-14,97.54517156481074,97.56242261269168,97.09657191947653,97.12245178222656,10595700
2022-01-18,96.70834625023562,96.79461464623414,96.35464385208472,96.38915252685547,11594100
2022-01-19,96.54443073671843,96.81186471799654,96.48403562419116,96.6220703125,10349700
2022-01-20,96.77734947821943,96.82910919189453,96.64794361217596,96.82910919189453,8297300
2022-01-21,97.37262627295836,97.52791201778334,97.18283185352153,97.38987731933594,13250000
2022-01-24,97.69180751813565,97.73494500135531,97.28633887055182,97.30359649658203,22377400
2022-01-25,97.3898533038967,97.56239005255328,97.11379055693313,97.17417907714844,13534000
2022-01-26,97.19147260910474,97.27774101530541,96.48405456542969,96.48405456542969,12694700
2022-01-27,96.71695147030813,97.07065378217342,96.6996938462044,96.88948822021484,11609400
2022-01-28,96.75146889212205,97.19144620061127,96.72558903547956,97.11380004882812,6713500
2022-01-31,96.93263447047508,97.18281738777853,96.8722459443574,97.11380004882812,8258600
2022-02-01,97.14661589370503,97.18115770327064,96.82710909635551,96.9825439453125,16338700
2022-02-02,97.06025169112226,97.41429366254076,97.06025169112226,97.18114471435547,5997100
2022-02-03,96.74938735892486,96.85301277947403,96.64576193837571,96.76665496826172,8032600
2022-02-04,96.2139863226796,96.23989102729637,95.92902139554496,96.02400970458984,8616400
2022-02-07,96.04995727539062,96.15357613299444,95.92905762789013,96.04995727539062,10294700
2022-02-08,95.79089176241922,95.84270118841266,95.68726632225508,95.73908233642578,8111500
2022-02-09,95.96356435999999,96.17081517579442,95.8340408353475,95.86857604980469,10113400
2022-02-10,95.51455165578835,95.57499817446012,94.95325878916404,94.98780059814453,16633900
2022-02-11,95.39366846714772,96.04994972918057,94.91872677985215,95.97222900390625,18315600
2022-02-14,95.45412504816358,95.70454827437634,95.16916000576512,95.30732727050781,11090000
2022-02-15,95.03097596615495,95.19504131747973,94.95325525180013,95.0223388671875,8490500
2022-02-16,95.26414907141066,95.28141668554477,94.9360116974397,95.2209701538086,9007700
2022-02-17,95.44547323395139,95.76498004328286,95.43683613419195,95.73043823242188,8749500
2022-02-18,95.88587830813736,96.04995027161644,95.82543178288357,96.04131317138672,8486800
2022-02-22,95.82544763301348,96.04132905722477,95.71318507598954,96.0326919555664,8392500
2022-02-23,95.67861890319784,95.76497012732068,95.42819574151834,95.53181457519531,7941800
2022-02-24,96.3003356897299,96.32624698202554,95.6181565206369,95.75631713867188,19162100
2022-02-25,95.60954518849685,95.74770584376398,95.40230091150775,95.73043823242188,8101900
2022-02-28,96.38670350450961,96.83573379500669,96.35216169936743,96.81846618652344,12291800
2022-03-01,97.32062433874079,98.08985433372689,97.2774130973162,97.76142120361328,28285600
2022-03-02,97.19965262835362,97.28608173227558,96.27484736874094,96.2921371459961,12303800
2022-03-03,96.53412729082888,96.88848854381204,96.36126251390795,96.70698547363281,12247400
2022-03-04,97.56265532907842,97.92566810314547,97.46758133993201,97.66637420654297,20102300
2022-03-07,97.20827648638016,97.73550247859433,97.18234842022478,97.2514877319336,13633200
2022-03-08,96.68970560552007,96.86256379424601,96.49955764145122,96.62055969238281,10819400
2022-03-09,96.22296273674563,96.30939181507878,95.92045766552162,96.024169921875,7932300
2022-03-10,95.69573776111929,95.79081172648877,95.38458780065845,95.5833740234375,11100100
2022-03-11,95.47964989864205,95.67843609671351,95.37593106000787,95.55743408203125,5567600
2022-03-14,94.78824065347565,94.84874168410799,94.34745025634766,94.34745025634766,8622500
2022-03-15,94.84874667003702,94.90060940910371,94.23509144304582,94.30423736572266,9294400
2022-03-16,94.2091563938367,94.31287527017096,93.56092825351212,94.1745834350586,12847300
2022-03-17,94.23509190499183,94.41659500731969,93.82022955513334,93.99308776855469,7215900
2022-03-18,94.14864364731268,94.39929262167131,94.14864364731268,94.26964569091797,7509200
2022-03-21,93.58684470665148,93.73377481763096,92.97318960128116,93.0423355102539,11003600
2022-03-22,92.65336589760723,92.68793884133953,92.45457971378997,92.53236389160156,7710300
2022-03-23,92.75712211093216,93.15470123291016,92.55832925288445,93.15470123291016,11222700
2022-03-24,92.61014982294407,92.91265482214678,92.57557688101883,92.63607788085938,11112300
2022-03-25,92.212620394859,92.22125868939276,91.59032029429433,91.68539428710938,9055600
2022-03-28,91.83231361102789,92.22124783102771,91.71995644825658,91.89281463623047,12858500
2022-03-29,92.1175014688785,92.46322431101272,91.91870869156402,92.35086059570312,7539900
2022-03-30,92.16072844205243,92.73981710402292,92.10022742890517,92.71388244628906,6430100
2022-03-31,92.85217631727703,93.01639618267822,92.71388451607265,92.88674926757812,9147200
2022-04-01,91.98771576072556,92.59341441181775,91.8925346384332,92.28191375732422,10237000
2022-04-04,92.3771248895631,92.39442755307898,92.04831486880815,92.22137451171875,7372100
2022-04-05,91.95312582163008,91.97043508521037,91.02727826657893,91.1224594116211,9675600
2022-04-06,90.55136041250627,91.1310951930823,90.55136041250627,90.80229187011719,9054400
2022-04-07,90.57733154296875,90.82826303892696,90.38696926316945,90.57733154296875,5518900
2022-04-08,90.05815180161707,90.35234320506699,89.98892796496472,90.11872100830078,8091800
2022-04-11,89.79858763165294,89.90242341197418,89.5736134083986,89.68610382080078,7356400
2022-04-12,90.15333292662696,90.49943890679195,90.01488525332225,90.11872100830078,12211000
2022-04-13,90.36966257811686,90.77634441202503,90.25717218058107,90.31774139404297,6346100
2022-04-14,90.1879652191322,90.22257054372757,89.40055875281412,89.50439453125,6158700
2022-04-18,89.58227771165126,89.59958697768182,89.21886234361816,89.24481964111328,4591500
2022-04-19,88.89870237566369,89.06310738676385,88.59585625117685,88.65642547607422,7004900
2022-04-20,89.01981525535271,89.48706625672624,88.91598610052425,89.34862518310547,7479300
2022-04-21,89.09769217001302,89.10634679994736,88.49199350402779,88.85541534423828,9137500
2022-04-22,88.63043990106196,89.14095083351793,88.58717335356135,88.89867401123047,5451600
2022-04-25,89.5995653966314,89.97163530806262,89.41785115483202,89.46977233886719,8617400
2022-04-26,90.07546523891446,90.22256095824167,89.78127380026004,90.06681060791016,9575400
2022-04-27,90.01490613394947,90.10143264906215,89.52169773610228,89.5649642944336,7908900
2022-04-28,89.26209715703725,89.46110743474661,89.08903756604172,89.43515014648438,6943500
2022-04-29,88.77753615655949,89.30535635194349,88.73427621033602,88.95924377441406,10012500
2022-05-02,88.4957679510705,88.55641089436249,88.20987695715753,88.2965087890625,11327000
2022-05-03,88.81631766751286,88.88562578567127,88.3831518434018,88.40048217773438,8129100
2022-05-04,88.36582999866133,89.04156764111733,88.2012248669296,88.97225952148438,11934700
2022-05-05,88.27051188635275,88.39179776192515,87.62942845695801,88.07991790771484,11675700
2022-05-06,87.62943036711127,88.027942054048,87.49081415795867,87.57744598388672,12538400
2022-05-09,87.62076634078106,88.27051495806562,87.57744712246152,88.2271957397461,7301200
2022-05-10,88.6343721174108,88.86828531973384,88.46977362977444,88.5217514038086,8054600
2022-05-11,88.30515852998396,89.10218181962173,88.1838726645862,89.0675277709961,7167900
2022-05-12,89.33611743264171,89.72596401082004,89.24082042738291,89.36210632324219,8132400
2022-05-13,89.1195351788579,89.18017812722803,88.8423093277965,88.894287109375,6016900
2022-05-16,89.21482977597726,89.51804450964102,89.1195327725993,89.26680755615234,3315600
2022-05-17,88.66905402685438,88.92895619784719,88.56509844612667,88.5910873413086,4286800
2022-05-18,88.59105434934926,89.3187695817838,88.53041141331305,89.22347259521484,4465500
2022-05-19,90.01184906441789,90.03783795329691,89.47472112577232,89.54402923583984,5137600
2022-05-20,89.49204096185197,90.08980516471534,89.4660454664367,89.95985412597656,5908800
2022-05-23,89.72596529903824,89.89922897858607,89.4054202213305,89.4140853881836,5720600
2022-05-24,89.87323971932963,90.50566470530046,89.84725082846252,90.18511962890625,6786600
2022-05-25,90.50566640423929,90.50566640423929,90.15913243047297,90.36705017089844,4274500
2022-05-26,90.41904274418678,90.45369680565746,89.99453544836095,90.32374572753906,3478900
2022-05-27,90.48830649504242,90.60959235478164,90.28905398672097,90.45365905761719,2508200
2022-05-31,89.76932454702995,89.77798310815774,89.36214744800995,89.5094223022461,6773200
2022-06-01,89.577907092074,89.66465385047978,88.84060597056441,89.00541687011719,5555900
2022-06-02,89.26564972208004,89.2743191042063,88.92735190153627,89.13553619384766,3014300
2022-06-03,88.78855586604661,89.04010688535072,88.76253448781652,88.9620361328125,2687800
2022-06-06,88.74518874344469,88.83193550078781,88.24209328723616,88.29413604736328,4800600
2022-06-07,88.52833512512676,88.849280921033,88.51098974435949,88.64977264404297,3230000
2022-06-08,88.48495552701684,88.62373840656589,88.31146865527116,88.32014465332031,2917900
2022-06-09,88.20738331406292,88.42423694076257,88.05124843812527,88.24208068847656,4178600
2022-06-10,87.7910425522242,87.8777827001951,87.26191904639786,87.37468719482422,4443400
2022-06-13,86.44653813760726,86.56797564645503,85.37093931945867,85.8219985961914,9200800
2022-06-14,86.0128167938423,86.13425428283347,84.99793689606359,85.13672637939453,7829800
2022-06-15,85.83067008425235,86.3597935077292,85.35359603573666,86.3250961303711,10256200
2022-06-16,85.4836786215598,86.93225885851565,85.37958652714215,86.88888549804688,9168800
2022-06-17,86.96698925627284,87.14046952835015,86.35112568719573,86.9149398803711,7029700
2022-06-21,86.44651418358265,86.69805851231676,86.35109807909204,86.46385955810547,10342000
2022-06-22,87.47009984973356,87.71298153771711,87.35733831512817,87.55684661865234,9501900
2022-06-23,88.09463629627017,88.62375980159932,87.95585338321693,88.05126953125,9247200
2022-06-24,87.9385153819947,88.26813726143614,87.66961889537679,87.739013671875,5127000
2022-06-27,87.23586898561051,87.62620283208462,87.13177687155553,87.24454498291016,5439400
2022-06-28,87.14913743275004,87.38333644008644,87.0276999300056,87.35731506347656,3763300
2022-06-29,87.50476132540398,88.05990600585938,87.42669720683053,88.05990600585938,3559600
2022-06-30,88.56303957848564,88.94470416433545,88.4849754320249,88.73652648925781,5409500
2022-07-01,89.58350833233438,90.32192807012305,89.46188656977573,89.68775177001953,63222900
2022-07-05,90.13083882989153,90.36539327732122,89.86153434804793,90.01790618896484,6651400
2022-07-06,90.34798995450656,90.35667911704188,89.23601575399026,89.25338745117188,4754700
2022-07-07,89.27946701079357,89.27946701079357,88.63660803420015,88.70610809326172,4058100
2022-07-08,88.46285236525108,88.47153490052352,88.06323702236452,88.16748046875,3664900
2022-07-11,88.63662350493448,89.01017810272798,88.59319093135805,88.86249542236328,2765700
2022-07-12,89.33159817304046,89.50534169825754,89.00147619608113,89.07097625732422,3669200
2022-07-13,88.53236397402048,89.52271661132534,88.41942472183759,89.45321655273438,6809400
2022-07-14,88.78431864529169,89.16656246260122,88.54976415696517,88.95806884765625,5370400
2022-07-15,89.01884901891813,89.47058613327391,88.99278815453668,89.26209259033203,3834000
2022-07-18,88.97540398108063,89.13177578498669,88.63659951059914,89.00146484375,3150700
2022-07-19,88.88852780268383,88.96671701468775,88.5062841615302,88.5931625366211,2996100
2022-07-20,89.02754572321973,89.03622826015543,88.43680844494324,88.50630187988281,53057500
2022-07-21,88.86248229810064,89.51403045654297,88.77561053588646,89.51403045654297,5344300
2022-07-22,90.348001701863,90.74761706788983,90.19162989534033,90.53912353515625,7747100
2022-07-25,89.98311990243792,90.26111343786069,89.95705904409965,90.2176742553711,2994500
2022-07-26,90.82580691007512,90.95611122649906,90.2176913792403,90.25244140625,4736300
2022-07-27,90.46964078048552,90.87794538825017,90.36539068023991,90.43489074707031,7475300
2022-07-28,91.30359764707727,91.49471946656892,90.99954321965393,91.32965850830078,5768100
2022-07-29,91.14723532649411,91.72060084456973,91.05167440681484,91.36441802978516,5961100
2022-08-01,91.62897389756151,91.95966777268565,91.48973017782124,91.89875030517578,9672400
2022-08-02,91.86396279567381,92.02931309514443,90.56728686266253,90.62820434570312,9269700
2022-08-03,90.48894932293439,91.01110002273971,90.01030730840081,91.00239562988281,7829500
2022-08-04,91.098118244187,91.48972958428044,90.96757891765388,91.463623046875,9873200
2022-08-05,90.27139322714659,90.30619752235633,89.940692667092,90.14085388183594,10047200
2022-08-08,90.50637972313625,90.71523874035803,90.42806008149374,90.6717300415039,6681300
2022-08-09,90.41934818179345,90.57599409158648,90.31491536209546,90.40193939208984,3814700
2022-08-10,90.81094014772957,91.12423190008057,90.44543531648888,90.45413970947266,7260300
2022-08-11,90.66298878624174,90.75871718011359,89.75792456022971,89.85365295410156,8309300
2022-08-12,90.20174482775424,90.24525350372316,89.91455968043849,90.21044921875,4128600
2022-08-15,90.65429602569094,90.7935397580997,90.46283921338218,90.49765014648438,3441100
2022-08-16,90.3235742612267,90.4280070283222,89.97547167707957,90.39319610595703,3241800
2022-08-17,89.90587730415236,89.94939263028158,89.60128993976755,89.78404235839844,6366700
2022-08-18,90.0277222288428,90.27139878686704,89.87978072681571,89.9581069946289,3709200
2022-08-19,89.30539052635004,89.36630798801139,89.07912282324845,89.18355560302734,6678000
2022-08-22,89.11395784835312,89.15746653873109,88.74845297954393,88.79196166992188,4125800
2022-08-23,88.64399318871138,89.19225032503829,88.51345387829875,88.57437133789062,7755000
2022-08-24,88.36552742651597,88.45255143506319,88.14796408539479,88.27850341796875,3504600
2022-08-25,88.34812542642595,88.8789805506929,88.23499487057653,88.84416961669922,6645300
2022-08-26,88.64401768229664,88.96601385168586,88.43515871162884,88.73974609375,5535900
2022-08-29,88.40032032293377,88.40032032293377,88.1131351777621,88.23497009277344,4416900
2022-08-30,88.23501462751885,88.52219991764117,87.91301839560823,88.20890808105469,4474200
2022-08-31,88.07834929495704,88.27851050624311,87.69543565919594,87.8433837890625,5797600
2022-09-01,87.25838919333748,87.45018610453245,86.94454756291945,87.14505767822266,10324200
2022-09-02,87.49379343957528,87.86866746957926,87.37174204853231,87.6332778930664,5741900
2022-09-06,87.10150290667677,87.12765583097212,86.61329059838502,86.6568832397461,6769400
2022-09-07,86.99687153097618,87.32815294128211,86.95327889614282,87.22354125976562,7169700
2022-09-08,87.21478816896696,87.40658504706515,86.90093994140625,86.90093994140625,5773600
2022-09-09,87.09276030109334,87.25839766213683,86.80506490637883,86.90968322753906,5780600
2022-09-12,87.15380183075355,87.22354739086857,86.54353815670113,86.7004623413086,4034200
2022-09-13,86.09888774084757,86.26452505997375,86.00298930021145,86.21221923828125,5100500
2022-09-14,86.08149545446942,86.46508942833323,86.03790946281437,86.255859375,3866600
2022-09-15,86.02042967263034,86.12504797621241,85.87222539769768,85.95940399169922,4622600
2022-09-16,85.8896684582113,86.29941521416582,85.82864277017347,86.02915954589844,4718200
2022-09-19,85.70659929038717,85.9681417782463,85.64557359672695,85.78506469726562,3879000
2022-09-20,85.1748075973985,85.4712228829712,85.03532313753661,85.2532730102539,4869100
2022-09-21,85.40148001929393,85.68045559911344,84.826095795861,85.59327697753906,5414900
2022-09-22,84.70401965949335,84.75632548690275,84.20708769390194,84.30298614501953,6662400
2022-09-23,84.26814645314418,84.53840218124256,83.93685837219508,84.40763092041016,7630600
2022-09-26,83.94558879401998,83.95430865285353,82.88199216064585,83.00404357910156,8015500
2022-09-27,83.03016357350852,83.12606202873255,82.3937538084408,82.43733978271484,8668400
2022-09-28,83.60554358932453,84.39016419000326,83.27425564053796,84.29426574707031,8471700
2022-09-29,83.67528403496495,84.19836218652453,83.59681865401625,83.90194702148438,6056500
2022-09-30,84.26811627298646,84.45990651537575,83.39631704807066,83.68400573730469,8847200
2022-10-03,84.48503661765773,85.29739299530003,84.28412841059125,84.67720794677734,10579900
2022-10-04,85.01784260564088,85.34103366745248,84.69464487954643,84.85187530517578,7361400
2022-10-05,84.34526599045198,84.37146995775892,83.83864040585354,84.04827880859375,8603700
2022-10-06,83.90852596758268,84.0220853925528,83.47177535286191,83.58533477783203,11298400
2022-10-07,83.14858545770538,83.44557268148245,83.04376290939757,83.17478942871094,5085300
2022-10-10,83.05247673095576,83.10488465841748,82.38861410454443,82.68560791015625,3829100
2022-10-11,82.9651530018306,83.35822590498654,82.66815910658893,82.89527130126953,5498500
2022-10-12,82.78168830440863,83.2795836166588,82.7292803760509,83.16603088378906,5847400
2022-10-13,82.09164186403815,83.19224852621274,82.08290498644742,82.81664276123047,6220100
2022-10-14,83.26210228388643,83.27083915854595,82.30998953876397,82.3536605834961,5886200
2022-10-17,82.94767232946529,83.0786988410226,82.39736897806686,82.4410400390625,3215200
2022-10-18,82.65938786453505,82.8078880825638,82.1702294925335,82.6506576538086,4006600
2022-10-19,82.00429450075451,82.17026186991497,81.72477436886017,81.78591918945312,5762600
2022-10-20,81.59372183864141,81.8033601875394,81.11329368045546,81.1744384765625,5738400
2022-10-21,80.8862186568119,81.52387753502062,80.78140276646077,81.35791015625,7528500
2022-10-24,81.33170085228645,81.6112209820433,80.96483193153412,81.25308227539062,6210800
2022-10-25,82.14403729378614,82.49343903708134,82.07415561227032,82.26632690429688,6301500
2022-10-26,82.46723266002076,82.8253646048154,82.4584957840159,82.68560791015625,6692700
2022-10-27,82.94765336919417,83.3931407409449,82.69433728189605,83.2708511352539,7238100
2022-10-28,82.73801099447378,83.14855750698219,82.61572139469894,82.84282684326172,5659800
2022-10-31,82.4847064690321,82.59825920921328,82.1178376183382,82.46723937988281,4586900
2022-11-01,83.12638124402781,83.15264166935141,82.3122746657797,82.45233917236328,6066400
2022-11-02,82.55738496759116,83.0476040862999,82.10218865590834,82.3122787475586,7581400
2022-11-03,81.5769541362798,82.10218266641091,81.56819843516206,81.953369140625,8403900
2022-11-04,81.97089044539884,82.24225712715298,81.76080032657771,81.77830505371094,5287000
2022-11-07,81.88335213912619,81.92711729557956,81.47192093232721,81.48942565917969,4289300
2022-11-08,81.71701941539415,82.1809714373103,81.69075898828851,82.03215789794922,4679200
2022-11-09,81.94461941750974,82.36479960081026,81.8833428625016,82.3122787475586,3658100
2022-11-10,83.53783378334441,84.19437129919004,83.53783378334441,84.15935516357422,9608300
2022-11-11,83.77417140724177,84.08930990045002,83.73040625346748,83.98426818847656,2840200
2022-11-14,83.89674880209762,83.90550450684383,83.62538206277816,83.78295135498047,4130800
2022-11-15,84.19437457844694,84.46574129173278,83.9842844352142,84.40446472167969,6841600
2022-11-16,84.79837562852171,85.1135141246251,84.59703454764966,85.02597045898438,6140100
2022-11-17,84.50076305714519,84.5883000661024,84.26441246509616,84.4482421875,5986800
2022-11-18,84.44823042201477,84.55327214667055,84.13309189075797,84.15059661865234,3102100
2022-11-21,84.50950709852697,84.57078366420484,84.07181543550081,84.09807586669922,4477700
2022-11-22,84.45699092921706,84.66708106912333,84.36944724883142,84.57954406738281,5532800
2022-11-23,84.69333766691952,85.0697527681405,84.60580066914262,85.03473663330078,5236500
2022-11-25,84.79839373733279,85.01723959088142,84.78088232900745,85.00848388671875,1345400
2022-11-28,85.10478701636191,85.2185844698276,84.92095727831135,85.04351043701172,4218400
2022-11-29,84.7020893478052,84.9822117345752,84.65831751167305,84.68457794189453,3356600
2022-11-30,84.53576753163516,85.4461669921875,84.38695396907765,85.4461669921875,7127100
2022-12-01,85.60756452924413,86.39697989715037,85.58125179897154,86.37944030761719,17629100
2022-12-02,85.88824481069607,86.56363611681418,85.61633767526823,86.55486297607422,5783700
2022-12-05,86.03732984975595,86.07241571061849,85.6338524877523,85.6777114868164,6295800
2022-12-06,85.89700180225117,86.31802548332055,85.82683007341554,86.20399475097656,5745500
2022-12-07,86.55486601295826,87.05482798154723,86.50224055056337,86.95834350585938,5386200
2022-12-08,86.50224896159428,86.73029711544356,86.35313231706633,86.4671630859375,5325800
2022-12-09,86.21278880137588,86.282960547232,85.82685089111328,85.82685089111328,4343100
2022-12-12,86.22154870866903,86.30048689168163,85.59001647678834,85.70404052734375,5192200
2022-12-13,86.95833634015067,87.06359394821266,86.39697581437734,86.47591400146484,7856600
2022-12-14,86.52853463707636,86.82675444898311,86.14259681748463,86.71273040771484,6533200
2022-12-15,86.8375330004826,87.01330371741311,86.60904112592382,86.88147735595703,4344200
2022-12-16,86.27507719306803,86.81995633964011,86.18719519006402,86.6617660522461,4432800
2022-12-19,86.16961165776152,86.17839516358465,85.8883852571968,85.95868682861328,3951100
2022-12-20,85.31716596356053,85.51929393314492,85.23806745439887,85.3347396850586,4199800
2022-12-21,85.68627313263468,85.7214272800545,85.32594815030767,85.44020080566406,4406600
2022-12-22,85.45777127203932,85.66869614852463,85.369889259321,85.41383361816406,2143100
2022-12-23,85.00954115377661,85.2028788319002,84.9743870200363,85.02711486816406,3164900
2022-12-27,84.56134937460631,84.72832986333994,84.28012295961459,84.31527709960938,4780800
2022-12-28,84.4383146927309,84.50862297393252,84.0955702030814,84.11314392089844,3161200
2022-12-29,84.34166035108021,84.60530640399267,84.29771598977739,84.52621459960938,4021800
2022-12-30,84.24497564408351,84.60529387452699,84.03405749199545,84.17466735839844,5043800
2023-01-03,85.16777762762673,85.24686944274517,84.66683597866711,84.83381652832031,6808300
2023-01-04,85.54565657053202,85.6159648653943,85.23806616171957,85.48413848876953,7800100
2023-01-05,84.98317776627765,85.44017483887761,84.86893185061066,85.36107635498047,3177900
2023-01-06,85.39626026889037,86.50359249480867,85.31716846238038,86.45964813232422,6807700
2023-01-09,86.35417247833065,86.83752682936358,86.30143791451546,86.67933654785156,4988000
2023-01-10,86.31901465227591,86.41568685934868,85.97627017446027,86.13446044921875,4026900
2023-01-11,86.38934068040962,86.70572129492945,86.33660610801105,86.68814086914062,7118700
2023-01-12,86.96935748832686,87.46150207519531,86.54752118671594,87.46150207519531,5768000
2023-01-13,87.23300869205335,87.44392683919935,86.88147397683201,86.99571990966797,5573500
2023-01-17,86.70572339789345,87.02209731511876,86.68814297167825,86.72329711914062,3709000
2023-01-18,87.76909740219413,87.93607119515259,87.48787097172165,87.90091705322266,7926400
2023-01-19,87.72518042762218,87.86579703922845,87.558199877582,87.73397064208984,4234100
2023-01-20,87.28570356480868,87.39994945446782,87.05720508052595,87.15387725830078,8822700
2023-01-23,86.86389045262982,87.12754315587618,86.83752652329854,86.8726806640625,4334900
2023-01-24,86.98690654247675,87.39116897946973,86.69688999910198,87.37358856201172,3540300
2023-01-25,87.43515224818508,87.64607713798088,87.18907991505817,87.47030639648438,2924700
2023-01-26,87.30327727669298,87.47025771193397,87.03084116021726,87.15387725830078,2875400
2023-01-27,86.82876459116676,87.02210235595703,86.8023939503164,87.02210235595703,5524100
2023-01-30,86.77599771513138,86.96055190257952,86.70569614726966,86.7496337890625,2584600
2023-01-31,87.14513400278786,87.22422580024244,86.77601883309713,87.18907165527344,4856400
2023-02-01,87.36696485708083,87.86897236553102,87.04110445995322,87.81613159179688,20159100
2023-02-02,88.08918636347606,88.25652450617046,87.75451679741519,87.78093719482422,5823000
2023-02-03,87.02350384682146,87.19084195631606,86.72406377649067,86.83855438232422,5267000
2023-02-06,86.22203632309744,86.34533593771786,86.04588921697896,86.08992767333984,5500400
2023-02-07,86.00186254913413,86.42460219008586,85.83452446828946,85.8785629272461,5678900
2023-02-08,85.96664501112296,86.20443525211824,85.78169555272078,86.19563293457031,6137600
2023-02-09,86.41580127168983,86.43341262396211,85.71122623293856,85.80810546875,7358300
2023-02-10,85.73766649042281,85.76408688461684,85.33253810101763,85.3941879272461,5290000
2023-02-13,85.40299746378813,85.64078773225013,85.38537938800448,85.59675598144531,17262300
2023-02-14,85.33250523240544,85.53507270874607,84.98021776708342,85.2092056274414,7133600
2023-02-15,85.05949991864522,85.25325839306764,84.83932105576986,84.95381164550781,4964700
2023-02-16,84.75124969512356,84.92739009528405,84.59272064724888,84.67198181152344,27126400
2023-02-17,84.48701324974292,84.93617990359496,84.46059286763233,84.90975952148438,4540500
2023-02-21,84.32852495866477,84.3989838245325,83.96742831058818,83.98504638671875,11382100
2023-02-22,84.23165252298068,84.38137258558551,84.0907414991549,84.13477325439453,30136400
2023-02-23,84.16115509927221,84.54867199610494,84.11712336420243,84.46060180664062,7059800
2023-02-24,83.92337819489708,84.06428917647126,83.7648491410475,83.94979858398438,10757200
2023-02-27,84.24926155333443,84.337331773684,84.0643053554751,84.2052230834961,3693200
2023-02-28,83.94980144903576,84.36373881039913,83.84411316975384,84.33731842041016,4690000
2023-03-01,83.96312486364505,84.10433158580729,83.61894189475846,83.66307067871094,8328600
2023-03-02,83.21298076402442,83.3894824295812,83.14237740455893,83.31888580322266,12952800
2023-03-03,83.76013508966813,83.98958587646484,83.51302336579272,83.98958587646484,5696900
2023-03-06,84.18375970802981,84.2102342865393,83.77780046030009,83.8395767211914,3766400
2023-03-07,83.98957335829225,84.09547836702573,83.64539049628968,83.84837341308594,5053300
2023-03-08,84.17493329212903,84.33378749759181,83.7160248836296,83.82192993164062,5163500
2023-03-09,83.96312855410807,84.4749928447837,83.91017939752348,84.34261322021484,12498800
2023-03-10,85.43692083688747,85.97525959498438,85.31336834156417,85.89583587646484,11041300
2023-03-13,87.32552269600484,87.74030898737914,86.61068224761466,86.93721771240234,23930600
2023-03-14,86.56656690107002,86.64599737049845,85.939977182033,86.11648559570312,47886700
2023-03-15,87.59909392333061,88.0580021824023,86.94602310624065,87.36080932617188,25157400
2023-03-16,87.837400214007,88.04038320568111,86.4694953620648,86.57539367675781,13961000
2023-03-17,87.24611860425667,87.92565752830171,87.1666881292806,87.59912872314453,12293700
2023-03-20,87.74032675362488,87.74915385800287,87.04313363613716,87.2461166381836,7982400
2023-03-21,86.64597574813881,86.89308073250483,86.36356908984826,86.48712158203125,9851600
2023-03-22,86.33711400271218,87.69619845655669,86.26651063892893,87.62559509277344,10705200
2023-03-23,87.48438011159845,88.19922731952461,87.35200723337762,88.12862396240234,7118800
2023-03-24,88.64047995068037,88.76403244758995,88.04036493721696,88.15509033203125,9135800
2023-03-27,87.31668503688074,87.4931866551048,87.04309877559676,87.069580078125,8284400
2023-03-28,86.88427534124231,87.14903459528111,86.80485160489519,87.01665496826172,13324800
2023-03-29,86.69012125422456,87.03430422503081,86.65481957348712,86.86662292480469,13404700
2023-03-30,86.78719046974871,87.07842427932405,86.76071589307949,86.9990005493164,4157500
2023-03-31,87.14021565714879,87.53735457542251,86.99901564604188,87.47557830810547,6330100
2023-04-03,87.37474065784602,88.03794334089967,87.31284201061888,87.88761901855469,7226600
2023-04-04,87.51624303474107,88.55083778911802,87.49855384863586,88.45356750488281,6763200
2023-04-05,88.78074170363057,89.10791740513852,88.69231602069456,88.824951171875,6257100
2023-04-06,88.86033168211377,89.06371684501153,88.83380464922446,88.85149383544922,4264700
2023-04-10,88.15289415112701,88.21479279228791,87.86992797061345,87.97603607177734,6025100
2023-04-11,88.04680396424521,88.05564855730142,87.73731067175576,87.94068908691406,5459000
2023-04-12,88.34744410723455,88.38280898043816,87.79919412232576,88.19711303710938,5857200
2023-04-13,88.33859446473754,88.48891877982093,87.83456071982256,87.90530395507812,39858200
2023-04-14,87.61350950714862,87.63119194603672,87.35707029136256,87.4720230102539,4968500
2023-04-17,87.1359998352715,87.18905389663917,86.88840522029273,86.91493225097656,5681000
2023-04-18,86.94144378974583,87.25093700332135,86.92376135458983,87.056396484375,5061300
2023-04-19,86.85302221488945,86.9326032965116,86.64079925078397,86.8707046508789,4648100
2023-04-20,87.3482440810256,87.44551438149925,87.25981837508107,87.37477111816406,4608000
2023-04-21,87.56044795455578,87.63119120240282,87.09178574385218,87.16252899169922,5948100
2023-04-24,87.40128001273145,87.60466516598964,87.33938135677417,87.58698272705078,5143700
2023-04-25,88.08217555404715,88.4889391306454,88.06448636794195,88.45356750488281,13076800
2023-04-26,88.4358784378359,88.54198656072417,87.9760540838291,88.10869598388672,5903000
2023-04-27,87.74613473430247,87.79034419634398,87.43663476778086,87.53390502929688,5065800
2023-04-28,88.06448177070665,88.19712367378015,87.86994795883928,88.18828582763672,8525900
2023-05-01,87.85058992881329,87.90377145322344,87.03510832879772,87.15033721923828,17442000
2023-05-02,87.4516754477534,88.3114723419846,87.39848718472531,88.28488159179688,8540700
2023-05-03,88.52421837252393,88.88763658954365,88.36466709702297,88.86104583740234,9534800
2023-05-04,88.62173935202205,89.34858268852419,88.60400767208169,88.84333801269531,12014100
2023-05-05,88.32921320831407,88.4001263912953,88.14307117497833,88.36466979980469,11254400
2023-05-08,87.81511639885814,88.01012430098237,87.77965980186697,87.82398223876953,7022400
2023-05-09,87.81509425851023,87.90373234731311,87.69986541933176,87.71759033203125,7317200
2023-05-10,88.11649429152159,88.44445597978746,88.10762845159012,88.37354278564453,9930800
2023-05-11,88.8964848781906,89.00285462840984,88.60397313707658,88.70147705078125,5979600
2023-05-12,88.63057697324172,88.70149015052723,88.14306409537254,88.1696548461914,5107300
2023-05-15,87.92145077044835,87.9746322631836,87.85940344137333,87.9746322631836,4459100
2023-05-16,87.63782801470504,87.75305686694476,87.44282013964282,87.69100952148438,7194000
2023-05-17,87.74419903241359,87.77078978822891,87.30100173508075,87.4073715209961,5542600
2023-05-18,87.08829029238953,87.0971561340545,86.83123498535133,86.86669158935547,9448900
2023-05-19,86.5564127049886,86.95528747159794,86.38799560845679,86.53868103027344,12923500
2023-05-22,86.55642572178057,86.77802435047808,86.33482709308305,86.37914276123047,7034700
2023-05-23,86.25505213354079,86.62734298690741,86.1841457086339,86.5209732055664,8264200
2023-05-24,86.6273535311989,86.66280336664042,86.255062632517,86.29938507080078,7415400
2023-05-25,86.13980923046705,86.21072240646517,85.68774618679484,85.75865936279297,11647700
2023-05-26,85.62571631075717,85.91822814941406,85.43957425779024,85.91822814941406,7408900
2023-05-30,86.17529707972062,86.59190368652344,86.11324971887692,86.59190368652344,7883000
2023-05-31,86.64507304565811,87.05281375435447,86.52984418102245,86.91985321044922,10817900
2023-06-01,87.17928801012596,87.41029224328972,87.04601216564468,87.16151428222656,18161600
2023-06-02,87.01048943434219,87.03714325299755,86.39742449049908,86.468505859375,7585400
2023-06-05,86.11308731958881,86.6817245912199,86.02423901690102,86.44183349609375,6243100
2023-06-06,86.47734261552783,86.52176336131619,86.23744482925439,86.49510955810547,3986200
2023-06-07,86.37961784961647,86.4684661305429,85.7754400491517,85.86428833007812,8226600
2023-06-08,86.01535215302493,86.45960044515492,85.97981147621162,86.44183349609375,5841900
2023-06-09,86.14864158565283,86.25526363291154,85.97982503883287,86.13087463378906,6421900
2023-06-12,86.2641233907226,86.29078398027355,85.89095648129471,86.27301025390625,5261700
2023-06-13,86.40631484114621,86.46850934674792,85.52670489658136,85.65998077392578,9173500
2023-06-14,85.91762285722112,86.03313175942988,85.45560758446042,85.77546691894531,7704400
2023-06-15,86.28190383977932,86.5040279858443,86.16640172415428,86.44183349609375,5959100
2023-06-16,86.01537302146461,86.22861713408028,85.81990264091323,86.06868743896484,6538100
2023-06-20,86.22860454567224,86.53069015973772,86.22860454567224,86.32633972167969,5477300
2023-06-21,86.09533852084533,86.47739240376801,85.96206264937139,86.40631103515625,5119600
2023-06-22,86.14862880997426,86.29967160383903,85.85542330751366,85.91761779785156,4102100
2023-06-23,86.60175640479679,86.6284102156573,86.16639501046426,86.27301025390625,4112100
2023-06-26,86.49513869468137,86.56622004631328,86.3263289579191,86.48625183105469,2976600
2023-06-27,86.46849989056402,86.6284295701489,86.06867908094782,86.1841812133789,4752500
2023-06-28,86.30856887924158,86.56623373563546,86.13975233709239,86.53069305419922,5257300
2023-06-29,85.7488263388497,85.81102084244924,85.49116145859655,85.64220428466797,8268700
2023-06-30,85.6688438332491,85.88208790609141,85.57110866120254,85.82877349853516,7450600
2023-07-03,85.78602720610692,86.0532206243124,85.45648956298828,85.45648956298828,4687100
2023-07-05,85.45648263502017,85.50101713278096,84.9399191540508,85.04679107666016,10181200
2023-07-06,84.39663868888393,84.48570089761736,84.04038305893921,84.35210418701172,9285100
2023-07-07,84.23633016340048,84.56586103934532,84.20070391829617,84.24523162841797,6577600
2023-07-10,84.37882096561594,84.80632907444907,84.36991950137734,84.681640625,6622700
2023-07-11,84.84193912024381,84.98443726597827,84.7261521571369,84.85974884033203,6327100
2023-07-12,85.42084750514644,85.80381421752027,85.29615229331584,85.68803405761719,8255100
2023-07-13,86.10665470647929,86.45400206554211,86.01759250069588,86.40056610107422,9742600
2023-07-14,86.21351309312675,86.32038499685204,85.93741148681508,85.97303771972656,7491100
2023-07-17,86.03540169774243,86.19571638517655,85.92852976946016,86.11556243896484,3182400
2023-07-18,86.39167119202192,86.49854993248434,86.16010398519258,86.21354675292969,3626500
2023-07-19,86.37384874752587,86.56088141953559,86.20462579879815,86.50743865966797,5059300
2023-07-20,86.06210096661265,86.09772719996378,85.67022598976844,85.8216323852539,9486600
2023-07-21,86.00870165921789,86.08886241716381,85.8662034601093,85.8929214477539,4560100
2023-07-24,86.04428958925394,86.13335177341085,85.6524078249526,85.68803405761719,7451100
2023-07-25,85.34960845281437,85.58116880901107,85.340700194496,85.5277328491211,4079300
2023-07-26,85.72366194229056,85.86616687569516,85.47428510384174,85.8216323852539,4880100
2023-07-27,85.49210707310667,85.59007753010813,84.77069443065064,84.886474609375,8522800
2023-07-28,85.08241403419089,85.26944668655366,85.00226009532545,85.1625747680664,5794100
2023-07-31,85.12694916927074,85.42086053733719,85.11804091099324,85.26944732666016,6347000
2023-08-01,84.86052050988751,84.98552493920346,84.62836650734482,84.77123260498047,7714000
2023-08-02,84.52122069094673,84.63729428190683,84.25335017367853,84.60157775878906,8009200
2023-08-03,84.03012624867951,84.15513067233906,83.89619099126423,83.97655487060547,11057900
2023-08-04,84.28906423844752,84.94087203270338,84.28906423844752,84.86944580078125,10189900
2023-08-07,84.7622888534934,84.80693620525814,84.56585140529566,84.66407012939453,4007400
2023-08-08,85.10157538668953,85.30694364312289,84.99443265483615,85.0926513671875,5401400
2023-08-09,85.09266885743706,85.28909951028619,85.05695233540176,85.146240234375,5317200
2023-08-10,85.1462221208873,85.30694302974037,84.48548363437072,84.4944076538086,8462100
2023-08-11,84.14619235870423,84.43191770341751,84.01225711319465,84.0479736328125,5915000
2023-08-14,83.91404724121094,84.16405607238923,83.73546463877663,83.91404724121094,6218400
2023-08-15,83.82476028075519,84.09263080304771,83.70868668761796,83.75333404541016,9602600
2023-08-16,83.7354496583185,83.93188707973827,83.36936731022315,83.43186950683594,7199600
2023-08-17,83.40510142556316,83.4586728018999,83.09258356431906,83.32473754882812,9858300
2023-08-18,83.4765493094921,83.7622747444519,83.43190875504222,83.57476806640625,7510500
2023-08-21,83.18185017886942,83.21755987621258,82.9586271032227,83.05683898925781,10864000
2023-08-22,82.98543995107435,83.18187741191187,82.9050760751727,83.09258270263672,6330500
2023-08-23,83.60154031871927,83.99441528320312,83.57475462791004,83.99441528320312,8550500
2023-08-24,83.73544086624243,83.97652560802723,83.6550838271327,83.68186950683594,5735800
2023-08-25,83.56581088560822,83.86939789642429,83.3425877470371,83.65510559082031,7895700
2023-08-28,83.85152784788977,83.9140300428744,83.67294528205629,83.88723754882812,3301700
2023-08-29,83.69081512955296,84.52120540826127,83.6729534651086,84.48548889160156,7064200
2023-08-30,84.59262843619626,84.63727578339282,84.4229835037526,84.47655487060547,6346700
2023-08-31,84.57477668355651,84.77121411885301,84.49441281810385,84.64620971679688,6167300
2023-09-01,84.65695865659403,84.66591234630611,84.02138328031842,84.1288070678711,7746600
2023-09-05,83.88708706900378,83.89604075677498,83.58272998140993,83.61853790283203,4993400
2023-09-06,83.76177421576193,83.77967476409007,83.3589469965744,83.40370178222656,7344100
2023-09-07,83.60065387436285,83.72597821950808,83.51113746063977,83.69017028808594,7137500
2023-09-08,83.89607063862081,84.02139499340448,83.67227617226925,83.70808410644531,4648500
2023-09-11,83.52902666816718,83.64540413690109,83.46636450410416,83.56483459472656,4321700
2023-09-12,83.59165966133865,83.69908340352926,83.49318960507924,83.68118286132812,4998400
2023-09-13,83.55588391791022,83.89605581765596,83.53798336881702,83.77967834472656,6675400
2023-09-14,83.84233790081244,83.91394691878656,83.53797396318565,83.59168243408203,6421000
2023-09-15,83.45741581079733,83.51112428462439,83.26942249307565,83.33208465576172,9367700
2023-09-18,83.22467219321719,83.47532085746927,83.22467219321719,83.41265869140625,4622200
2023-09-19,83.22468437424739,83.37686296700751,83.07250578148727,83.10830688476562,7536800
2023-09-20,83.34104934244455,83.46637368435466,83.02773848766924,83.04563903808594,10751800
2023-09-21,82.47272567703257,82.55329522793937,82.3742555757378,82.42797088623047,8702500
2023-09-22,82.50852707790773,82.82183790738516,82.44586491201224,82.75022888183594,8637800
2023-09-25,82.22206508995008,82.37424365004152,82.10569445511486,82.1415023803711,11712000
2023-09-26,82.2937026436385,82.34741113085559,82.01619968679654,82.11466979980469,8281800
2023-09-27,82.32950181270151,82.36530974358882,81.53279413203585,81.74763488769531,10586100
2023-09-28,81.55965455495475,81.98933609884327,81.32690640137722,81.971435546875,11654600
2023-09-29,82.31159101198057,82.39216056054512,81.86400213898521,81.98932647705078,13488300
2023-10-02,81.57557661197445,81.66532722526001,81.22554442688774,81.32427215576172,21010000
2023-10-03,81.1537088709104,81.30628553747258,80.60622144615894,80.6511001586914,21364700
2023-10-04,80.90243054529991,81.20759082414025,80.71395221757454,81.16271209716797,14054000
2023-10-05,81.3511939720352,81.36914820261991,81.1447682530396,81.31529235839844,11315900
2023-10-06,80.57036377063078,81.09990410757979,80.49856737797938,80.8396224975586,12257100
2023-10-09,81.44991451431653,81.87174987792969,81.32426230143585,81.87174987792969,5816700
2023-10-10,81.45889301868132,81.93457738235038,81.36016530008598,81.71019744873047,11508300
2023-10-11,82.03330621832251,82.21280742865056,81.8537981604622,82.1589584350586,14815800
2023-10-12,81.9794474573914,82.02432618214112,81.27041290857622,81.369140625,12855900
2023-10-13,81.96150506822195,81.99740668070207,81.72814801086741,81.88970184326172,9872500
2023-10-16,81.41400641065965,81.46785539830464,81.29733132158505,81.405029296875,7248000
2023-10-17,80.68701964981136,80.81267185572678,80.4626397324579,80.60623931884766,11191600
2023-10-18,80.38185525697898,80.49853719040688,80.09464925147624,80.22927856445312,13794200
2023-10-19,80.00490440597764,80.3280120413207,79.75359998905122,79.8343734741211,27116700
2023-10-20,80.12157076990502,80.41775387795154,80.10362339102237,80.30107879638672,12587100
2023-10-23,80.01387693729738,80.77676725856645,79.88822473603102,80.67803955078125,12365000
2023-10-24,80.61524555018082,80.8306484313324,80.42676717323141,80.8216781616211,10906000
2023-10-25,80.39985417540406,80.42677868345953,80.01392024902712,80.1126480102539,15170200
2023-10-26,80.19338309988343,80.75882488818758,80.17543571895986,80.7229232788086,15901300
2023-10-27,80.66010869562014,80.85755730410999,80.51650223759174,80.84858703613281,11628200
2023-10-30,80.45365536157071,80.71393686392724,80.31005578813358,80.57930755615234,11022500
2023-10-31,80.62421555685584,80.79473968427517,80.39085846179408,80.40880584716797,11574700
2023-11-01,80.64189501870851,81.37991209941735,80.60589334811094,81.33491516113281,22448900
2023-11-02,81.95593614730768,82.09994284911693,81.6589343414067,81.83893585205078,14046200
2023-11-03,82.83793739868621,83.01793886015534,82.45993020963168,82.46892547607422,23133700
2023-11-06,82.16293432205302,82.18993385878642,81.90192735593571,81.99192810058594,11246700
2023-11-07,82.25293016899208,82.63993952789876,82.25293016899208,82.4599380493164,13189400
2023-11-08,82.47793982428459,82.87395133810551,82.46893768989322,82.7929458618164,11117600
2023-11-09,82.6489308564556,82.65792612257732,81.92891130302765,81.97391510009766,17067900
2023-11-10,82.3159315138699,82.33393578172867,81.97392595733233,82.06392669677734,10674700
2023-11-13,81.7489186866709,82.04592729956866,81.62291628118993,82.0189208984375,8930200
2023-11-14,83.18895192162411,83.3149543283759,83.05394738107114,83.251953125,14313600
2023-11-15,82.84694478336394,82.85594005037667,82.53193190590108,82.60393524169922,12969400
2023-11-16,83.08994815864865,83.35095510315452,83.08094602494401,83.2249526977539,10375600
2023-11-17,83.32398025567042,83.36897720429302,83.11697231882845,83.27897644042969,8462000
2023-11-20,83.10796741360483,83.44997991815626,83.08096787200716,83.39598083496094,7481200
2023-11-21,83.49496515034745,83.62097443781971,83.28796411606383,83.50396728515625,9153300
2023-11-22,83.6299611715665,83.69296237556489,83.26995134874024,83.47695922851562,7255100
2023-11-24,83.11696337196,83.17996458654457,83.03596475318729,83.04496002197266,4125800
2023-11-27,83.29695008618113,83.68395940845245,83.24294415442577,83.67495727539062,9539800
2023-11-28,83.57596783492909,84.07098223360119,83.53096402900736,84.04397583007812,13563300
2023-11-29,84.34999604409363,84.57500136565102,84.2329888822486,84.48500061035156,19075400
2023-11-30,84.16997226340469,84.19697866500798,83.8999700469179,84.07097625732422,18446700
2023-12-01,84.05201903120674,84.90932160900894,84.02494733285053,84.86420440673828,21393200
2023-12-04,84.53932450413133,84.7288332646989,84.33176335590859,84.51225280761719,16402000
2023-12-05,84.87325359936187,85.19812783760595,84.81910330300724,85.10787963867188,25452100
2023-12-06,85.29738649302887,85.54104560856861,85.19812586944207,85.45982360839844,14023400
2023-12-07,85.27932217797918,85.60419633707379,85.24322428419431,85.33346557617188,13730100
2023-12-08,84.85517002179141,84.96346368973244,84.58444617939145,84.78297424316406,13825300
2023-12-11,84.60251390013825,84.82812060387194,84.43105060211016,84.79202270507812,10484600
2023-12-12,84.78298799123937,85.02664706237536,84.70177289084037,84.97250366210938,7248000
2023-12-13,85.2251646719329,86.34417165415074,85.16199508950855,86.23587799072266,16155200
2023-12-14,86.6812114338785,87.13376032430469,86.63596068804472,86.95274353027344,32373200
2023-12-15,86.78980168657193,87.02512897810557,86.74454404788796,86.88031005859375,9407100
2023-12-18,86.71739840503763,86.72645131448863,86.55448056165275,86.69024658203125,8634100
2023-12-19,86.835081014854,87.01609780411185,86.7898233648656,86.85317993164062,9047100
2023-12-20,87.05228243674634,87.33286046689585,86.87126568929756,87.27855682373047,12659100
2023-12-21,87.4686274212374,87.52293106498705,87.02513155147388,87.14279174804688,8939700
2023-12-22,87.30574424885607,87.32385007419232,86.93465769365197,87.06137084960938,4956400
2023-12-26,87.02515322385574,87.19711710700355,87.00704740119929,87.11566162109375,3342500
2023-12-27,87.48673425272068,87.83066884269601,87.42337079381704,87.79446411132812,7362400
2023-12-28,87.61346659499456,87.75827864691257,87.36908633094527,87.4595947265625,4858500
2023-12-29,87.2061429885421,87.46862209291984,87.15183934810047,87.24234771728516,7820500
2024-01-02,86.8350636977217,87.02513336014205,86.81695787919794,86.91651916503906,9444000
2024-01-03,86.53638759510696,87.19710501815709,86.46397812521604,87.12470245361328,11040500
2024-01-04,86.60878435405702,86.73549745509582,86.50922307390566,86.5997314453125,7354800
2024-01-05,86.28296661376953,86.90747933993092,86.21961005009092,86.28296661376953,10001000
2024-01-08,86.33725114348739,86.85315644927032,86.3100993229745,86.57257843017578,7044700
2024-01-09,86.45491458317892,86.66309005717777,86.45491458317892,86.536376953125,7360800
2024-01-10,86.69930338400928,86.76265994231755,86.38252059246798,86.40061950683594,9212700
2024-01-11,86.52732455473793,86.92556968716585,86.418717267964,86.86221313476562,10305400
2024-01-12,87.0975570678711,87.32383149899839,86.90748046901825,87.0975570678711,8469600
2024-01-16,86.7445509281524,86.85316512640117,86.27390321310122,86.39156341552734,9847100
2024-01-17,86.13813662529309,86.19244717673374,85.9390140491529,86.1109848022461,9170700
2024-01-18,86.07480155704688,86.13815812842147,85.83042818327303,85.92093658447266,8910100
2024-01-19,85.7851508546147,85.94806870154713,85.56792936048707,85.92996978759766,17711100
2024-01-22,86.23770984933782,86.33727115118798,86.12004963140018,86.19245910644531,9831500
2024-01-23,85.9842878965223,86.00238681351584,85.86662767269443,85.97523498535156,6428600
2024-01-24,86.29200634138576,86.31916507128443,85.6765465706233,85.73085021972656,9718000
2024-01-25,86.02952615393666,86.12908743832752,85.89376013837216,86.1019287109375,11588100
2024-01-26,86.02950617580191,86.02950617580191,85.83942965494415,85.94804382324219,9134600
2024-01-29,86.2105477718462,86.5454363751,86.14719121505189,86.46397399902344,6947500
2024-01-30,86.60878634299534,86.65403707706488,86.12003283975902,86.58163452148438,7265800
2024-01-31,86.97082125562777,87.32381565706737,86.88031288066604,87.30570983886719,15778300
2024-02-01,87.64687036283624,88.10960423266064,87.41096587123982,87.84648132324219,33372900
2024-02-02,86.8665644764564,87.01173858070979,86.5399296641686,86.7032470703125,13809200
2024-02-05,86.1044308918886,86.18608614301432,85.76872092971126,85.85945129394531,12147700
2024-02-06,85.95923814230524,86.40382859858217,85.93201973116209,86.3221664428711,9327000
2024-02-07,86.1679458618164,86.51272402691367,86.14072744381969,86.1679458618164,8619800
2024-02-08,85.97739569654662,86.049975825024,85.80500318156325,85.88666534423828,7808000
2024-02-09,85.67800029352439,85.80502420233121,85.65078187339205,85.73243713378906,8492500
2024-02-12,85.80501942982306,85.91390002658028,85.65077710946292,85.81409454345703,7023600
2024-02-13,85.17897569601693,85.26063788142618,84.85234079894816,84.87049102783203,11978400
2024-02-14,84.96120469716507,85.34227636137678,84.96120469716507,85.18803405761719,8979600
2024-02-15,85.56004157307473,85.65077193708488,85.31506197573594,85.42394256591797,6788300
2024-02-16,84.92492463914488,85.09731719556292,84.87956291322907,85.05194854736328,7147400
2024-02-20,85.22433145403376,85.39672399093222,85.18803792404024,85.19711303710938,8286300
2024-02-21,85.26064442448073,85.30600615560337,84.87049754094602,84.92493438720703,6433900
2024-02-22,84.89770457451029,85.09731554706775,84.77975578267346,84.93399810791016,8688500
2024-02-23,84.96119126407322,85.3876315018646,84.96119126407322,85.3241195678711,6426700
2024-02-26,85.33321204401432,85.34228023480041,84.99750208328655,85.19711303710938,6417200
2024-02-27,85.07011138979632,85.21527862544977,84.95215565590024,85.00659942626953,7540600
2024-02-28,85.10637671716329,85.31505584716797,85.05193296484168,85.31505584716797,5293600
2024-02-29,85.37857668169023,85.58726275571182,85.36043337721514,85.48745727539062,11919200
2024-03-01,85.3773664336272,85.93229713667972,85.16813436300883,85.87771606445312,11857200
2024-03-04,85.58659847797678,85.77763915584346,85.57749931980482,85.6866683959961,6641600
2024-03-05,86.12334654531905,86.36897527644433,86.02327660902732,86.21431732177734,7673100
2024-03-06,86.36898001544668,86.59641043938402,86.32349115440891,86.4235610961914,9499200
2024-03-07,86.59641285558695,86.62370339672077,86.3507841041307,86.56912231445312,8420900
2024-03-08,86.71466122298385,86.77834145632237,86.56001021925098,86.6327896118164,8103600
2024-03-11,86.66011079721135,86.68740134391878,86.44177254229726,86.52365112304688,5568200
2024-03-12,86.27797774322066,86.30527521645134,86.06874569948508,86.16881561279297,6556500
2024-03-13,86.04146343219966,86.10514366127431,85.94139350927885,85.977783203125,9708400
2024-03-14,85.65939629811083,85.66848851761559,85.32279677954462,85.34098815917969,10055900
2024-03-15,85.27732146139881,85.35010087274749,85.17725150595106,85.19544982910156,6591400
2024-03-18,85.16815446826774,85.24092693487405,85.01349649274191,85.09537506103516,5319700
2024-03-19,85.26821570001383,85.45925641899717,85.21362767985747,85.34098815917969,5470300
2024-03-20,85.43196790426886,85.83224073135848,85.24092024013143,85.54113006591797,10190800
2024-03-21,85.70486767486854,85.76854790669628,85.47743728396591,85.55021667480469,8271200
2024-03-22,86.02326240418627,86.02326240418627,85.88680973234365,85.96868133544922,6119800
2024-03-25,85.88682313677694,85.88682313677694,85.68668326600616,85.74126434326172,4488900
2024-03-26,85.71398605022564,85.88683540706289,85.61391610054368,85.86863708496094,5477600
2024-03-27,85.96870603536239,86.23252617776404,85.95960687441718,86.19613647460938,4838500
2024-03-28,86.00507347250992,86.21430553569802,85.95049240222163,86.11424255371094,7561400
2024-04-01,85.75477787116452,85.75477787116452,85.27121654949636,85.3350830078125,10854000
2024-04-02,84.95187040919873,85.1890916275252,84.86975242708078,85.15259552001953,7214900
2024-04-03,84.80589568704173,85.25296783447266,84.72378465644516,85.25296783447266,12908000
2024-04-04,85.43544116968036,85.56317407971946,85.19821992492707,85.54492950439453,6960500
2024-04-05,85.0796182493087,85.34420985450994,84.97012990755998,84.97925567626953,6334600
2024-04-08,84.76939885888862,84.90625056415519,84.67815510748301,84.78764343261719,7115100
2024-04-09,85.03399274985983,85.19822177503663,85.03399274985983,85.12523651123047,5151100
2024-04-10,84.40443428512756,84.45917496045624,83.8661254543554,83.99385833740234,14993700
2024-04-11,84.14897672458834,84.18546587108555,83.76577107716021,83.87525939941406,9371400
2024-04-12,84.31319044877921,84.45004212564616,84.2219467163086,84.2219467163086,11675600
2024-04-15,83.64715868003708,83.70189935725568,83.34607103349423,83.68365478515625,12315300
2024-04-16,83.31872086602574,83.51032024359658,83.19098794764517,83.35521697998047,12027200
2024-04-17,83.65628109870254,83.9482429670515,83.5194224502127,83.8843765258789,10515400
2024-04-18,83.80226639988898,83.80226639988898,83.48293416412291,83.59242248535156,6964500
2024-04-19,83.79314872230776,83.81140025806822,83.61067513023129,83.70191192626953,6125800
2024-04-22,83.54680766687699,83.7749031346757,83.52856309225844,83.7110366821289,4002900
2024-04-23,83.60153424026954,84.03035476109648,83.51942322696401,83.82051086425781,8319800
2024-04-24,83.62893689861814,83.65630724468645,83.42821174622098,83.5650634765625,7567400
2024-04-25,83.10885362006651,83.32783026076584,83.04498717342604,83.24571228027344,5784300
2024-04-26,83.43731218154547,83.60154118271454,83.40994184150406,83.47380828857422,5432600
2024-04-29,83.66539407454088,83.82962304910203,83.5924088332289,83.8113784790039,4846500
2024-04-30,83.49207486881315,83.61980778597245,83.34609041438998,83.41908264160156,7516700
2024-05-01,83.66705741527879,84.06054817434743,83.44743677675176,83.7494125366211,12392500
2024-05-02,83.7494306037979,84.1978318554421,83.68537427950812,84.1429214477539,8661500
2024-05-03,84.74687704179911,84.82923217117136,84.3899908512896,84.60961151123047,8501100
2024-05-06,84.6462261992614,84.77433884795266,84.56387106008093,84.68283081054688,4043400
2024-05-07,84.98482795500381,85.12208654346115,84.82925658539064,84.9024658203125,7776200
2024-05-08,84.71943066832698,84.79263988679021,84.65537434757547,84.66452026367188,9024000
2024-05-09,84.64621479277068,84.98480216532309,84.61876308340977,84.92074584960938,9625200
2024-05-10,84.73772537402645,84.77432998148346,84.60045984146637,84.6462173461914,3205000
2024-05-13,84.86583167739053,84.89328338553135,84.7377190516571,84.74687194824219,3228700
2024-05-14,84.91157951629671,85.0305392319082,84.82007150570222,84.99393463134766,4688800
2024-05-15,85.48809543703162,85.69857016742948,85.37828860518442,85.63451385498047,11384500
2024-05-16,85.66195651470501,85.66195651470501,85.4423358925941,85.46978759765625,4278400
2024-05-17,85.33254226812369,85.40575148667598,85.18612383101909,85.20442962646484,3883900
2024-05-20,85.08545447077202,85.15865669444965,85.04884986812615,85.07630157470703,4575900
2024-05-21,85.33253356061907,85.36913816616,85.25017843436294,85.29592895507812,2669700
2024-05-22,85.08548037747343,85.28679528090059,85.0763274786216,85.1861343383789,3616300
2024-05-23,85.2227357203378,85.23188861884255,84.7560426208348,84.8841552734375,6005500
2024-05-24,84.8017657146151,85.0030875268912,84.77431400959811,84.99393463134766,3926400
2024-05-28,85.06715202186624,85.08545781471564,84.49979113097872,84.51809692382812,8761400
2024-05-29,84.30764577793597,84.3167986769209,83.93246069895021,84.10633087158203,10126800
2024-05-30,84.38999429049743,84.54555864006143,84.34423678457146,84.52725982666016,5069500
2024-05-31,84.78348032119003,84.93904466197839,84.74687571483722,84.92074584960938,4807400
2024-06-03,85.03638479457342,85.52283033580048,85.03638479457342,85.47693634033203,7675900
2024-06-04,85.7614910710188,86.02766091560095,85.7064168601946,85.94505310058594,8752000
2024-06-05,86.05517295352838,86.26626853438373,85.8073565730311,86.25709533691406,6466800
2024-06-06,86.1102412973564,86.30298348340398,86.0827076996983,86.22038269042969,5849400
2024-06-07,85.4861335043998,85.50449390720698,85.30257149097977,85.3117446899414,7125100
2024-06-10,85.15572269075624,85.21078989844057,85.04558827538756,85.12818908691406,3938900
2024-06-11,85.27503476614666,85.59627177908789,85.19242696142365,85.57791137695312,3954700
2024-06-12,86.34888682150236,86.56916262903532,86.03682300859248,86.05518341064453,9243200
2024-06-13,86.4406902658098,86.75274715729293,86.34890923904673,86.62425231933594,6529900
2024-06-14,86.74354818800036,86.90875678807386,86.69765418703051,86.8261489868164,5424600
2024-06-17,86.40394947440274,86.47737707386233,86.30298827575612,86.42230987548828,4957200
2024-06-18,86.569150895101,86.89956806283519,86.5324370984149,86.7986068725586,5232600
2024-06-20,86.36724363514807,86.6058798541662,86.32135663308739,86.5783462524414,3573100
2024-06-21,86.74352722376382,86.82612800261685,86.44064369642327,86.59667205810547,6908700
2024-06-24,86.61505304026832,86.67012023925781,86.48655824099862,86.67012023925781,5276000
2024-06-25,86.61505073637471,86.78025933139013,86.57833693721115,86.74354553222656,3790100
2024-06-26,86.29380328337098,86.35805067872018,86.20202229036369,86.22038269042969,4196400
2024-06-27,86.38559811403051,86.49573251337722,86.37641791327114,86.41313171386719,4946600
2024-06-28,86.60587786763908,86.62423126755398,85.9542236328125,85.9542236328125,6032400
2024-07-01,85.47089679175942,85.71946969368902,85.23153913841223,85.31439208984375,13662800
2024-07-02,85.6734378146733,85.73788134206318,85.50772488369681,85.63661193847656,8195700
2024-07-03,85.84834637109199,86.24421570233496,85.80231227664785,86.20738983154297,3861000
2024-07-05,86.51120556337925,86.7413620080945,86.40072794134171,86.68612670898438,5111500
2024-07-08,86.65848754470856,86.77817337118987,86.5296005191257,86.71372985839844,5294600
2024-07-09,86.57564575139291,86.69532456945967,86.38231518813875,86.59405517578125,3006900
2024-07-10,86.66770980537602,86.72294510419637,86.5480309833262,86.67691802978516,4076600
2024-07-11,87.29372971272157,87.44103319804297,87.1924603225173,87.22928619384766,9658400
2024-07-12,87.24768585214551,87.41339874267578,87.19245056324074,87.41339874267578,4304500
2024-07-15,87.19243468069885,87.30291226220031,87.0635476808545,87.13719940185547,3754500
2024-07-16,87.29372359306564,87.53308822802406,87.21087065624327,87.52388000488281,4705800
2024-07-17,87.39498018433393,87.65275420402867,87.31212023582333,87.59751892089844,5113500
2024-07-18,87.40419555853634,87.59752608912791,87.29371795942009,87.34895324707031,8640600
2024-07-19,87.11881149666951,87.18325501770104,87.02675032716974,87.07278442382812,5274400
2024-07-22,87.17405092653463,87.23849444542908,86.8518263082456,86.98992156982422,3869800
2024-07-23,87.10960938560557,87.22928820232225,87.04516586524781,87.05436706542969,5095600
2024-07-24,87.21084984816359,87.34893804325371,86.85179946948547,86.86100769042969,4733500
2024-07-25,87.03595764124901,87.34896701903894,86.98992354507193,87.05436706542969,4335600
2024-07-26,87.42261672276855,87.4962684654059,87.33976378016409,87.4686508178711,5217500
2024-07-29,87.68961092011125,87.69881914514453,87.53310621363413,87.61595916748047,6165600
2024-07-30,87.71721937672459,87.89214051493273,87.56071468665256,87.80007934570312,4419200
2024-07-31,88.05782751412833,88.45369674674876,87.8736982060404,88.44448852539062,10982900
2024-08-01,88.64674040293735,89.04380420945925,88.62827543182446,88.82218933105469,10492600
2024-08-02,89.74557813270678,90.26268177903296,89.69016913845127,90.19804382324219,18286500
2024-08-05,90.85365134000274,91.02910022375474,89.93948403336357,90.29037475585938,19098200
2024-08-06,90.06877933458743,90.10571632043937,89.42239264969326,89.4870376586914,9507000
2024-08-07,89.22848684680137,89.32083284230774,88.99763594805614,89.16384887695312,8419700
2024-08-08,88.79447397792303,88.96067982606374,88.71136400884384,88.89604187011719,4856100
2024-08-09,89.36699899119365,89.37623499976664,89.18232108979628,89.25619506835938,5174900
2024-08-12,89.14536639635112,89.55166615274712,89.08996444593673,89.5054931640625,4166400
2024-08-13,89.87487165178564,89.90257263183594,89.7455957148775,89.90257263183594,6458700
2024-08-14,89.86562899065869,90.15188182333392,89.84716402032886,90.0226058959961,4275700
2024-08-15,89.29311478752545,89.4593276977539,89.21924786243133,89.4593276977539,5507000
2024-08-16,89.64400926156354,89.65323822372328,89.39468638306514,89.63477325439453,4437000
2024-08-19,89.60706563984145,89.85638145486136,89.58859362687183,89.75480651855469,4437600
2024-08-20,89.97644718626174,90.15188907604325,89.90257320897992,90.11495208740234,4886000
2024-08-21,90.20729789191724,90.50278675541323,89.99491196893096,90.29963684082031,5386000
2024-08-22,90.07800752904129,90.09647249786077,89.75481069212307,89.88408660888672,4819500
2024-08-23,90.06878594605752,90.36427480955349,89.96721098876105,90.29963684082031,5475400
2024-08-26,90.45661540284256,90.46585141140383,90.18882751464844,90.18882751464844,3062400
2024-08-27,89.94874312328066,90.21652395298186,89.90257012780943,90.15188598632812,4433700
2024-08-28,90.17035848702058,90.24423246216749,90.06878353244608,90.10572052001953,8147000
2024-08-29,89.90255747977466,89.98566040591948,89.81021854683298,89.94873046875,6199800
2024-08-30,89.96719906238623,90.07801001338656,89.61630828506578,89.63477325439453,4802600
2024-09-03,90.12378501833327,90.3645863462321,90.06821819880815,90.22566223144531,8232700
2024-09-04,90.32753418176941,90.79987331813483,90.2997507736256,90.7535629272461,9914900
2024-09-05,90.99436666083574,91.04067705295596,90.67947860553436,90.96658325195312,33635000
2024-09-06,91.0036310927881,91.55005698238918,90.78134968748277,91.09624481201172,17777600
2024-09-09,91.04066370390734,91.29072141315939,90.92952301869934,91.22589111328125,8532500
2024-09-10,91.23516507028093,91.66119381349426,91.21663808763444,91.61488342285156,7921400
2024-09-11,91.42964409109416,91.82788937447286,91.37407728233474,91.55004119873047,7286200
2024-09-12,91.47594982312083,91.57782701918266,91.23515560149542,91.40186309814453,5929800
2024-09-13,91.65192888048121,91.68897577921791,91.46670145277116,91.57783508300781,5305500
2024-09-16,91.67971755085354,91.855688563461,91.56858391423734,91.81864166259766,6666900
2024-09-17,91.76306482375426,91.81863163599446,91.58709383036285,91.65192413330078,7807000
2024-09-18,91.43891949417736,91.73528762279383,91.20738167288405,91.2536849975586,8584500
2024-09-19,91.00363961345194,91.19813056182387,90.96659270909902,91.17960357666016,16770800
2024-09-20,91.04992486274324,91.27220624471774,90.92952774698689,91.15180206298828,6580600
2024-09-23,90.96658419190388,91.17959503952083,90.75356627831307,91.09624481201172,7491700
2024-09-24,90.84617809912885,91.22590352577662,90.77209136488244,91.1981201171875,6580800
2024-09-25,91.0128717545092,91.0128717545092,90.82764434814453,90.82764434814453,10455100
2024-09-26,90.90177203996383,90.94807537583806,90.61466026725248,90.76284790039062,8026500
2024-09-27,90.97585052470397,91.1703414609395,90.90175672062165,91.12403106689453,6207700
2024-09-30,91.05918982434133,91.08697323104364,90.72577481196711,90.87396240234375,8902400
2024-10-01,91.18605447809375,91.46471491541091,91.10246059887619,91.20463562011719,11665600
2024-10-02,90.79593639885734,90.98170530108305,90.69376137664439,90.9445571899414,7742100
2024-10-03,90.70306481766274,90.76808465133038,90.45226896878013,90.48014068603516,11556100
2024-10-04,89.6999019880017,89.89496150290586,89.56057173831847,89.60701751708984,8878300
2024-10-07,89.27260792751788,89.42122163064766,89.23545273007811,89.28189849853516,10152600
2024-10-08,89.14256764640088,89.356201171875,89.10541244922511,89.356201171875,5975200
2024-10-09,89.19829021126604,89.24473597591083,88.97536613155425,89.02180480957031,6769200
2024-10-10,88.95679875169355,89.05897378041448,88.73387463749783,89.01253509521484,5959000
2024-10-11,88.91964094234018,89.12398389087052,88.8731951755752,89.04039001464844,5394100
2024-10-14,88.66885905545882,88.88249969482422,88.62242036803515,88.88249969482422,3850900
2024-10-15,89.22616562893188,89.37478642447061,89.17972694529821,89.33763122558594,7736900
2024-10-16,89.50484675064136,89.59773122599229,89.42124576218369,89.47698211669922,5041100
2024-10-17,89.08684549549002,89.1239936089978,88.93822469493966,89.01253509521484,5460200
2024-10-18,89.16113136410183,89.2168676967179,89.09611154824012,89.11469268798828,5174700
2024-10-21,88.77101022746871,88.79887484975895,88.4180465340786,88.42733001708984,6633600
2024-10-22,88.53880182699976,88.5945310755042,88.26943198151372,88.34374237060547,5433900
2024-10-23,88.08367504081288,88.24157932407536,88.00007407009,88.139404296875,6914300
2024-10-24,88.22299127362177,88.4830705428307,88.12081626262847,88.3344497680664,5486300
2024-10-25,88.52952326256926,88.53881383412285,88.07438446925929,88.139404296875,6455300
2024-10-28,88.1579974510256,88.16728093721429,87.76787134554908,87.93506622314453,5447300
2024-10-29,87.56350602237467,87.99078725812727,87.51706733962205,87.97220611572266,8475400
2024-10-30,88.17656808693614,88.3994922195324,87.80502314152213,87.84217834472656,6341100
2024-10-31,87.70283850689438,87.96291781423416,87.5170695978316,87.79572296142578,8662900
2024-11-01,87.92800740111423,88.01186030387794,87.24783638592773,87.27578735351562,15659500
2024-11-04,87.8814459513923,87.99325696625542,87.57397099196135,87.74168395996094,8179300
2024-11-05,87.62988306064798,87.9000805824727,87.34103970615435,87.78827667236328,8118500
2024-11-06,86.68883462664647,87.12675227169085,86.6608836465102,86.8844985961914,15261400
2024-11-07,87.23852960464973,87.74166841953473,87.19194702148324,87.5832748413086,15674000
2024-11-08,87.76964569091797,88.03053809089899,87.66715402521605,87.76964569091797,12335300
2024-11-11,87.50875080268851,87.54602114145561,87.3783081712988,87.52738952636719,3980000
2024-11-12,87.18265208962404,87.35968443759162,86.87517709849854,86.97766876220703,8037600
2024-11-13,87.36899041532688,87.3783097773375,86.80994954072563,86.92176055908203,6661800
2024-11-14,87.06151114784582,87.26649443367991,86.80993816665327,86.91242980957031,7510000
2024-11-15,86.7447237291796,87.2385432613001,86.5583791501647,86.94970703125,16761500
2024-11-18,86.91242859763862,87.20126480078298,86.80993695615075,87.1453628540039,4788200
2024-11-19,87.41558664219725,87.47148860125323,87.29446336137899,87.33173370361328,4951500
2024-11-20,87.08945191632407,87.35965647884326,87.06150094582011,87.20125579833984,5752900
2024-11-21,87.26649698109162,87.42489057619095,87.04287496715057,87.1546859741211,5098200
2024-11-22,87.27581549217521,87.33172455396459,87.11742188571738,87.2105941772461,5373900
2024-11-25,88.01187986810791,88.17959281950426,87.88143725130958,88.15164184570312,7716000
2024-11-26,87.9653091430664,87.99326012063663,87.7882768070011,87.9653091430664,5093100
2024-11-27,88.31937408447266,88.44049736692529,88.14234173361874,88.31937408447266,5587600
2024-11-29,88.63615331458733,88.70137463132811,88.51503004309458,88.69206237792969,5136200
2024-12-02,88.42289755503728,88.79674063416711,88.32009053001498,88.68458557128906,5950600
2024-12-03,88.77804230394904,88.815427323959,88.37616225192129,88.43224334716797,5364800
2024-12-04,88.20794664976675,88.79675189144317,88.17990966310875,88.76871490478516,5908800
2024-12-05,88.5070141421559,88.8154352368689,88.5070141421559,88.75936126708984,5210300
2024-12-06,89.12385196773269,89.17992593476615,88.8528159096314,89.03973388671875,6880200
2024-12-09,88.92757397203768,88.93692200877179,88.73130798339844,88.73130798339844,4303100
2024-12-10,88.54439648763808,88.63785547793138,88.4602855355133,88.57243347167969,3543400
2024-12-11,88.70329973292395,88.78741069938432,88.28272350922674,88.31076049804688,6452800
2024-12-12,88.20791703657417,88.28268706287008,87.94622907500066,87.9742660522461,4518000
2024-12-13,87.83410063274124,87.86213761620051,87.51633151578736,87.56306457519531,5230100
2024-12-16,87.72196189302187,87.73130993273583,87.49765885314233,87.59111785888672,4607600
2024-12-17,87.5724217794588,87.73130993273583,87.54438479078199,87.59111785888672,4881100
2024-12-18,87.57984134274189,87.69235904245812,86.84844767869119,86.9140853881836,11553900
2024-12-19,86.6234020413826,86.67966804785821,86.37960891122675,86.52025604248047,9273800
2024-12-20,86.97034860673136,87.1110028924158,86.82031546094154,86.83907318115234,6070900
2024-12-23,86.77345254065932,86.81096083448637,86.38899789441375,86.45463562011719,5954500
2024-12-24,86.27646043320908,86.51088185052812,86.23895214796117,86.50150299072266,3076100
2024-12-26,86.22956366688803,86.60463932354331,86.20143424458418,86.56713104248047,3703300
2024-12-27,86.51089340935584,86.63278998721788,86.32335195805862,86.34210968017578,3752500
2024-12-30,86.76406952026049,86.89534496537557,86.75469065875934,86.84846496582031,4797700
2024-12-31,86.97034971264127,87.03598742626542,86.62340342407116,86.68904113769531,5856000
2025-01-02,86.87658568900329,86.99848226039997,86.55776881569543,86.73593139648438,5034800
2025-01-03,86.8296743616526,86.89531205935407,86.56712357084668,86.59525299072266,2863700
2025-01-06,86.4921217974967,86.57651722552113,86.32333809542156,86.51087951660156,3894600
2025-01-07,86.39835108463316,86.46398879083354,86.0326542709492,86.1170425415039,5524400
2025-01-08,85.99515250976813,86.28583278013178,85.97640194399182,86.26708221435547,6402900
2025-01-10,85.76075157206101,85.92015645813758,85.5450878212458,85.63885498046875,8210900
2025-01-13,85.59194604391926,85.6200754691307,85.40441177319383,85.48880004882812,5094300
2025-01-14,85.52631611644125,85.59195383256541,85.40441954477484,85.51693725585938,4365500
2025-01-15,86.38898530545526,86.48275960334549,86.24833816656896,86.41712188720703,7846600
2025-01-16,86.34208121511465,86.81092395782838,86.22017752346666,86.62338256835938,7550900
2025-01-17,86.75467885131947,86.8109448586932,86.60465285759608,86.68904113769531,3912800
2025-01-21,86.97034220992036,87.04535877729768,86.83906679399686,86.97972106933594,4431300
2025-01-22,86.94221060318868,86.95158946236882,86.65153035436536,86.75466918945312,3656400
2025-01-23,86.38897828692578,86.59527027916519,86.38897828692578,86.52963256835938,4860900
2025-01-24,86.50150219946357,86.8109401844479,86.4546150548391,86.70779418945312,4468700
2025-01-27,87.27977986035727,87.34541756807496,87.08286673720416,87.27040100097656,4297100
2025-01-28,87.05474305102165,87.29854335320911,86.99848419435325,87.27979278564453,3906600
2025-01-29,87.37355651619922,87.43919423107161,86.9234642185211,87.17664337158203,4918400
2025-01-30,87.36418151855469,87.50483581492145,87.27979323311945,87.36418151855469,4365600
2025-01-31,87.3923097234586,87.52358515716968,87.02661285040995,87.22352600097656,6277400
2025-02-03,87.47373931595192,87.74653709064796,87.16332069637001,87.28560638427734,8294000
2025-02-04,87.10686968683716,87.501953125,87.10686968683716,87.501953125,6742300
2025-02-05,87.85942854903743,88.16985437155273,87.83120932459275,88.00993347167969,6576300
2025-02-06,87.91584953341308,88.02873358557926,87.77474626240799,87.90644073486328,5268500
2025-02-07,87.62425407579305,87.69951012148314,87.46434036131024,87.6148452758789,4565300
2025-02-10,87.70890807596714,87.83120093930127,87.54899436817307,87.59603118896484,3229100
2025-02-11,87.37967094541813,87.44551818775003,87.31382370308623,87.3702621459961,3379500
2025-02-12,86.78705948414306,86.84349793597498,86.61773695183498,86.76824188232422,7280200
2025-02-13,87.21975563990797,87.48314460440567,87.20093804140899,87.41729736328125,6121900
2025-02-14,87.83119361618638,87.96288809124958,87.74652878118255,87.7841567993164,5157900
2025-02-18,87.511361603612,87.60542806328574,87.30441108624328,87.3138198852539,4484100
2025-02-19,87.2667930488256,87.49256119003957,87.2667930488256,87.4549331665039,4607000
2025-02-20,87.59603896757491,87.72773346531301,87.5866301672188,87.6336669921875,7545400
2025-02-21,87.74654681647074,88.26392320113875,87.73713801580075,88.15103912353516,6156500
2025-02-24,88.06637457962387,88.39561080927534,88.03814817981528,88.33917236328125,4109500
2025-02-25,88.8941674025358,89.08230033583777,88.81891135849045,89.03527069091797,7697100
2025-02-26,88.99763962429616,89.33628463410382,88.88475556208991,89.27984619140625,7379800
2025-02-27,88.97882742771587,89.2045955658355,88.94120658150749,89.17637634277344,5907900
2025-02-28,89.44916800304175,89.70315536721282,89.27044386260795,89.66552734375,11831500
2025-03-03,89.35892811273627,90.04760669064056,89.3494920890784,89.99100494384766,9637400
2025-03-04,90.13250430171071,90.35891845579611,89.55702929532913,89.70796966552734,12745500
2025-03-05,89.72685061366266,89.84949012646645,89.17967642255,89.20797729492188,15590000
2025-03-06,89.16079711914062,89.33060952341957,88.83060833236927,89.16079711914062,9318900
2025-03-07,89.60420232298783,89.64193201740297,88.96268955428759,89.04759216308594,9210200
2025-03-10,89.56646765341324,89.81174666107871,89.48155784493183,89.67024230957031,7698500
2025-03-11,89.67025497046866,89.91553401276605,89.22685541293333,89.34949493408203,10408600
2025-03-12,89.06647755719152,89.30232776930453,89.04760550957921,89.08534240722656,7610300
2025-03-13,88.95327470932986,89.48157692783096,88.86836488274052,89.44384002685547,6902300
2025-03-14,89.2174175747796,89.29289136975672,89.10420688231393,89.13251495361328,4390900
2025-03-17,89.29288710961441,89.48156439047821,89.11363865448998,89.20797729492188,6734000
2025-03-18,89.07589450926812,89.46269226040894,89.06646568429613,89.3117446899414,8993300
2025-03-19,89.23627390756198,89.61363564885295,89.09476955245736,89.58533477783203,5854500
2025-03-20,90.06646808484506,90.0853329323523,89.6136325713319,89.7174072265625,4409100
2025-03-21,89.85892259809557,89.94382521185543,89.62307240754939,89.64193725585938,4919600
2025-03-24,89.39666449646818,89.41552934609844,89.09477651934417,89.12307739257812,4823500
2025-03-25,89.12308456146411,89.37779963863557,89.1042125127387,89.2740249633789,6825800
2025-03-26,89.12307666055378,89.21741530308445,88.99100112149542,89.06647491455078,8281700
2025-03-27,88.96269644266233,89.06647110427971,88.87778662971323,88.99099731445312,5085100
2025-03-28,89.41551774993468,89.76457860223084,89.38721688037103,89.70796966552734,6224500
2025-03-31,90.08533330243846,90.15137106534955,89.70797157255662,89.97212982177734,13255800
2025-04-01,90.16519199988248,90.53430146763084,90.16519199988248,90.2882308959961,18128800
2025-04-02,90.66680614382987,90.66680614382987,89.91913539664975,90.20305633544922,7635900
2025-04-03,91.2441116361029,91.47124980685706,91.02643244121064,91.13053894042969,18188000
2025-04-04,91.99177686561234,92.2946301726861,91.37661127541958,91.38607025146484,27006500
2025-04-07,91.31983212347146,91.48072860298356,90.08949357688856,90.2977066040039,68670600
2025-04-08,89.82448913354486,90.46804610709692,89.79609054301235,89.84341430664062,19508000
2025-04-09,89.18093275870686,89.60681778633226,88.59415125299361,89.55949401855469,24170800
2025-04-10,89.45537496920267,89.70144553009277,88.95377487166711,89.0010986328125,12093800
2025-04-11,88.4616541483126,88.70772474585901,87.81808989206348,88.49951171875,55446600
2025-04-14,88.88752674555704,89.30395274152282,88.77396127072436,89.20931243896484,12630900
2025-04-15,89.19984227957978,89.6825171879512,89.19037608356687,89.47430419921875,7708100
2025-04-16,89.58789570717204,89.98538937610306,89.39860785011433,89.86235046386719,8708400
2025-04-17,89.81503982840191,89.9002139542406,89.52164543579396,89.60682678222656,6987000
2025-04-21,89.34180179330266,89.67304643098747,89.10519744915759,89.1241226196289,4901300
2025-04-22,89.3607469953232,89.37967939063005,89.1809325634671,89.19039154052734,5233000
2025-04-23,89.94752315539957,90.11787860007352,89.17146106757217,89.28502655029297,8041300
2025-04-24,89.64466089836952,89.79608393376822,89.55002059867134,89.76769256591797,7308900
2025-04-25,90.01378100718054,90.17467027069507,89.89074931518594,90.1084213256836,5341300
2025-04-28,90.00430552844118,90.49644668685985,89.97591415787716,90.46804809570312,4950500
2025-04-29,90.42073653832956,90.7898388172032,90.41127034075527,90.7803726196289,5350200
2025-04-30,90.76145113073537,91.00752173350799,90.66681081292847,90.9223403930664,13923200
2025-05-01,91.03912696888638,91.05812124874308,90.34598788221619,90.5263900756836,13703300
2025-05-02,90.06112164882752,90.1940526162996,89.76677554145284,89.91869354248047,9331600
2025-05-05,89.89022469130124,89.89972183179495,89.56739435647154,89.75729370117188,10089400
2025-05-06,89.71930649422367,90.00416273677189,89.63385396797632,89.98516845703125,6081200
2025-05-07,90.08012855635566,90.33649338836872,90.06113427594258,90.22254943847656,9471100
2025-05-08,90.16558829507869,90.1845825770105,89.50093331138528,89.5199203491211,6409000
2025-05-09,89.68132203828081,89.83324729410478,89.55788820107001,89.58637237548828,3698700
2025-05-12,88.99767556374769,89.22555619162321,88.99767556374769,89.01666259765625,9483700
2025-05-13,89.13061237472421,89.17808358470386,88.80777482356557,88.95020294189453,13166800
2025-05-14,88.91222792789715,88.97869342193454,88.56090617701634,88.61788177490234,6994700
2025-05-15,88.98818128944495,89.24454609853362,88.87423734974178,89.19707489013672,9024900
2025-05-16,89.54839335993593,89.5673876394989,89.21606590953492,89.2255630493164,6819200
2025-05-19,88.7128268927652,89.19707960686743,88.67484557752236,89.17808532714844,11704900
2025-05-20,88.94071448338855,89.13062107442823,88.80778349175864,89.06415557861328,8929600
2025-05-21,88.71282239825393,88.83625623339317,88.33301650926305,88.44696044921875,11383500
2025-05-22,88.47546118516338,88.81728582482295,88.36151722387814,88.77930450439453,10981200
2025-05-23,89.16859037855882,89.1780802736854,88.91221832624632,89.03565216064453,9860700
2025-05-27,89.23507065605276,89.50093264755822,89.13062383879047,89.4059829711914,10834400
2025-05-28,89.2255688879842,89.29203438241372,89.05465658170894,89.15910339355469,8591500
2025-05-29,89.39646509221333,89.61484857277709,89.34898664294595,89.5293960571289,9679100
2025-05-30,89.59588395927437,89.84275891769096,89.53891560125366,89.79528045654297,10268600
2025-06-02,89.54758081440414,89.68094897034574,89.33800020706178,89.49042510986328,13341900
2025-06-03,89.61426658542297,89.73810637027428,89.3284735212805,89.4046859741211,8508900
2025-06-04,89.74764078065141,90.13822417671693,89.67142832268448,90.06201171875,10115900
2025-06-05,90.06200150236032,90.17632017634271,89.76668734626311,89.7952651977539,8762800
2025-06-06,89.3380108866808,89.41422334719212,89.05222506179379,89.08080291748047,7624200
2025-06-09,89.09031191609913,89.3570554916366,89.08079081084438,89.24273681640625,6061200
2025-06-10,89.52852464495066,89.56662359978445,89.29988730783488,89.39514923095703,5579900
2025-06-11,89.56663360590329,89.80479207432445,89.49042841970346,89.76669311523438,6594900
2025-06-12,90.10963773632939,90.16680071297873,89.94769171653273,90.15727233886719,7795400
2025-06-13,89.95721306473348,90.02389714226624,89.58568645161965,89.82384490966797,9195200
2025-06-16,89.7190524004935,89.90957625503943,89.54757802419448,89.5666275024414,7508400
2025-06-17,89.79528690143012,90.04296651956112,89.65239034141857,90.00486755371094,5285000
2025-06-18,90.15727365719866,90.34779753409597,89.90958680281614,90.06201171875,6732400
2025-06-20,89.88101265263049,90.25253931550716,89.82385694080956,90.11917114257812,6261700
2025-06-23,90.3763770089504,90.7288468859855,90.30969292940162,90.43353271484375,9310300
2025-06-24,90.34779017876114,90.79552924784082,90.30969122089938,90.7479019165039,7694500
2025-06-25,90.57643012784901,90.82410970114029,90.48116819442777,90.7860107421875,6393300
2025-06-26,90.9574837905963,91.1194298018304,90.83363673775413,91.10990142822266,7131900
2025-06-27,90.87174224853516,91.14800693682805,90.81458654337783,90.87174224853516,8402400
2025-06-30,91.07179574804847,91.27184798689393,90.93842758881816,91.2337417602539,10542300
2025-07-01,91.18883856536756,91.27485153330409,90.90214568478503,91.06460571289062,10659800
2025-07-02,90.77790982305864,90.9212599156556,90.72057270245529,90.87347412109375,6026200
2025-07-03,90.59633264314331,90.65366975918927,90.44342394557007,90.55810546875,7398900
2025-07-07,90.41475052515386,90.42430914101014,90.19494610698517,90.27140045166016,8518600
2025-07-08,90.03248848521062,90.14717000527043,89.98470998683489,90.13761138916016,5282800
2025-07-09,90.27141728961125,90.61545461373295,90.27141728961125,90.60589599609375,6900800
2025-07-10,90.53898823600935,90.57721541040266,90.37652821315379,90.55810546875,4451900
2025-07-11,90.25229290921996,90.28096146646297,90.08982559969662,90.13761138916016,6004300
2025-07-14,90.1376076649379,90.27139912060257,89.99425759355789,90.09938049316406,5101600
2025-07-15,90.20450770465123,90.21406632082349,89.6980104138399,89.74579620361328,5628100
2025-07-16,89.88913978974693,90.06115842693714,89.76490694275488,89.9942626953125,12786300
2025-07-17,90.04205341212361,90.14717632344093,89.88914470799358,89.9655990600586,4747200
2025-07-18,90.22360890744277,90.29050462658779,90.11848602148824,90.21405029296875,4035000
2025-07-21,90.59632993451783,90.69189422209993,90.48164841476662,90.52943420410156,5232300
2025-07-22,90.6250003058978,90.84479744262798,90.605883073346,90.78746032714844,6098000
2025-07-23,90.57719862490333,90.63453573032375,90.41473863215438,90.4625244140625,5074000
2025-07-24,90.14716540126739,90.42430692560853,90.13760678564529,90.3287353515625,5867400
2025-07-25,90.30007183976917,90.53898620605469,90.26184466623295,90.53898620605469,3614000
2025-07-28,90.37652978736385,90.44342552094535,90.30007543724552,90.33830261230469,5073200
2025-07-29,90.47208263998115,90.93080139160156,90.45297270041195,90.93080139160156,7864000
2025-07-30,90.61543273925781,90.86390570027324,90.54853701410987,90.61543273925781,7425600
2025-07-31,90.7587826268722,90.9116840164445,90.6536597316906,90.69188690185547,10411800
2025-08-01,91.4291985937355,91.78394958346867,91.41001891055758,91.73600769042969,11870100
2025-08-04,91.82229705629383,91.8990011614796,91.59219205564258,91.86064910888672,8449500
2025-08-05,91.69765685275414,91.90858948106829,91.67848448422829,91.79353332519531,8218700
2025-08-06,91.65929565660547,91.77435180100012,91.33331421984514,91.72640991210938,10107500
2025-08-07,91.72641601778379,91.82229248704198,91.5921874978412,91.6593017578125,5725900
2025-08-08,91.53465819597517,91.53465819597517,91.40042968319354,91.4483642578125,5623800
2025-08-11,91.51548707130281,91.60178101753434,91.4292004399773,91.47714233398438,4920200
2025-08-12,91.36207032087556,91.45794677734375,91.25660402428912,91.45794677734375,6724600
2025-08-13,91.71684416727508,91.87983491547693,91.69766448224748,91.7839584350586,5925200
2025-08-14,91.63054322061927,91.65930543105881,91.41961059085473,91.48672485351562,5527500
2025-08-15,91.44838412909368,91.50591587200526,91.24704131617045,91.30457305908203,7428500
2025-08-18,91.37166227517798,91.3812448006132,91.13196747100899,91.21825408935547,9669600
2025-08-19,91.35248779366925,91.48671630645087,91.34289795278332,91.4483642578125,6499300
2025-08-20,91.44837492614917,91.66889740281952,91.429202557046,91.58260345458984,6270700
2025-08-21,91.45795103928629,91.50589292720686,91.18949402270336,91.31413269042969,5351300
2025-08-22,91.4675524607096,91.92776245743256,91.43879025027766,91.82229614257812,10867700
2025-08-25,91.65930145718194,91.76476776749173,91.59218719743076,91.64012908935547,9936400
2025-08-26,91.71683866830868,91.90859161764867,91.65930693158178,91.87982940673828,5871200
2025-08-27,91.75517974204982,92.05240631103516,91.69765532252626,92.05240631103516,5222800
2025-08-28,92.0236185255185,92.26331329345703,91.98526648485988,92.26331329345703,6544700
2025-08-29,92.15787566770608,92.26334198358705,92.07158172066434,92.18663787841797,6818900
2025-09-02,91.8249528582974,91.98847762258727,91.79609641034892,91.91152954101562,8623200
2025-09-03,91.92113618196981,92.3636188061606,91.92113618196981,92.22895050048828,7586100
2025-09-04,92.45981818666202,92.642578125,92.34438506333879,92.642578125,6395300
2025-09-05,93.21973516946328,93.32553969085268,93.09468078613281,93.09468078613281,9566300
2025-09-08,93.32554240226622,93.3928765572188,93.22935180074431,93.38326263427734,7599600
2025-09-09,93.33515619730791,93.44096805217885,93.07544086008862,93.1620101928711,8223100
2025-09-10,93.35441173721964,93.52755776580084,93.26783505349258,93.41212463378906,8864500
2025-09-11,93.53714633542454,93.74877001731427,93.5275324145175,93.55638885498047,8554300
2025-09-12,93.33514759228188,93.34476885243909,93.15238034365103,93.28705596923828,36502700
2025-09-15,93.45058500571794,93.51791915218013,93.40248604158572,93.44096374511719,4990100
2025-09-16,93.45058086222322,93.58524914917655,93.4121031603978,93.49867248535156,5847700
2025-09-17,93.59488466498537,93.80650104895004,93.18125848095096,93.29668426513672,10701700
2025-09-18,92.96963352922631,93.12353701906378,92.83496522354145,92.9888687133789,7589200
2025-09-19,92.94077975384143,93.01772783153483,92.82534662899263,92.95039367675781,5528800
2025-09-22,92.95038938803708,92.97925317207185,92.78686463953397,92.7964859008789,5282700
2025-09-23,92.93115870146475,93.06582701132226,92.81572557635585,93.05620574951172,7077500
2025-09-24,92.94076722939478,92.95038115101562,92.7676212348905,92.80609893798828,5419700
2025-09-25,92.5944815367098,92.65219442584514,92.4405707138529,92.60409545898438,6517500
2025-09-26,92.58487146270286,92.75801748990231,92.46943833161228,92.55601501464844,7295300
2025-09-29,92.6714218316619,92.87343160442553,92.66180791019418,92.82533264160156,6357500
2025-09-30,92.90230599352375,93.07545201871869,92.74839515385145,92.78687286376953,9257800
2025-10-01,93.16701204772028,93.23455204954212,92.95474136733502,93.09947204589844,8347000
2025-10-02,93.06088860701362,93.25386532354302,93.00299927270932,93.19596862792969,9420600
2025-10-03,93.205611245274,93.24420658524282,92.99334055609967,93.01264190673828,5154300
2025-10-06,92.7907237020091,92.95474838148077,92.73283437073879,92.74248504638672,6319600
2025-10-07,92.85826640199193,93.09948177102548,92.80037706904271,92.97405242919922,5119900
2025-10-08,93.14772089676029,93.16701488587938,92.93545020990861,92.99333953857422,5141900
2025-10-09,92.9065101481087,92.9740501553339,92.84862081657528,92.9258041381836,7130600
2025-10-10,93.25385656793495,93.61085057770536,93.17666588857062,93.50472259521484,10417700
2025-10-13,93.4950815513979,93.58191555364675,93.37929552042367,93.55297088623047,5607600
2025-10-14,93.64945874981208,93.82313412152571,93.57227542117997,93.794189453125,7650600
2025-10-15,93.79416939326009,93.90995540340901,93.61084338418458,93.68803405761719,7769300
2025-10-16,93.61084781506963,94.16081850702017,93.59155382645213,94.12223052978516,11627200
2025-10-17,94.0353973688465,94.05469872045342,93.85207133512469,93.96785736083984,12491000
2025-10-20,94.0257446004301,94.10293528252227,93.94856127964654,94.0932846069336,10437800
2025-10-21,94.25731682974418,94.33450015067761,94.19942013740831,94.26696014404297,7642000
2025-10-22,94.21871488091453,94.33449353484927,94.13187352915537,94.2862548828125,6523500
2025-10-23,94.09328720995445,94.15118390377955,93.95820719321057,93.97750854492188,6138300
2025-10-24,94.09329861263689,94.11259996668723,93.90997991701693,94.0643539428711,7555200
2025-10-27,93.91962323273239,94.0643539428711,93.79419387664402,94.0643539428711,7272300
2025-10-28,94.0064457714912,94.19941510547973,94.0064457714912,94.15117645263672,5539600
2025-10-29,94.10294114018876,94.10294114018876,93.49508104381955,93.54331970214844,11223300
2025-10-30,93.27314601153321,93.55295668961129,93.25385202328658,93.4082260131836,8958800
2025-10-31,93.4661321010076,93.54331542306493,93.38894141764155,93.44683074951172,9739900
2025-11-03,93.32487949062563,93.46038484652503,93.27648894036902,93.40231323242188,8012500
2025-11-04,93.47005757494244,93.56684605131235,93.45070283346342,93.5184555053711,6119000
2025-11-05,93.35391896027495,93.3732810887277,93.04419136542637,93.07323455810547,11749200
2025-11-06,93.42166131338963,93.61524565407504,93.41198763472102,93.54749298095703,7665000
2025-11-07,93.46038048753101,93.75075331347989,93.4507068086237,93.58621215820312,11460300
2025-11-10,93.47005398741634,93.5474877193352,93.41198238072074,93.46037292480469,9097300
2025-11-11,93.70236500199643,93.77979874813177,93.62493864034957,93.75076293945312,4937700
2025-11-12,93.70235078312467,93.837856126055,93.67331497885209,93.77010345458984,7188200
2025-11-13,93.54749766516198,93.69268408182407,93.49909973144531,93.49909973144531,46965300
2025-11-14,93.7701167411309,93.8185146781011,93.3248837820611,93.34424591064453,11288500
2025-11-17,93.44102541857242,93.51845915648644,93.39262748625423,93.4507064819336,6648500
2025-11-18,93.73137694040014,93.81849172873926,93.47004734435596,93.60555267333984,8769000
2025-11-19,93.70236007220593,93.75075800711636,93.49910203766068,93.5378189086914,13075900
2025-11-20,93.63460533751052,93.83786336759158,93.59588846733014,93.76043701171875,9076400
2025-11-21,94.07015991210938,94.10887678036501,93.88625663401703,94.07015991210938,12551100
2025-11-24,94.16695673879516,94.23470941812718,94.06048718777512,94.21534729003906,6903900
2025-11-25,94.31214213035959,94.56379071684817,94.30246106642137,94.45732116699219,9193400
2025-11-26,94.35085599006224,94.53475189208984,94.20566957357569,94.53475189208984,7747100
2025-11-28,94.49603302680578,94.51539515365536,94.26373919602484,94.37020874023438,7798000
2025-12-01,93.94113535866983,94.00908876400891,93.85376986881917,93.86347961425781,9898100
2025-12-02,93.83434640099361,93.98966527734116,93.77609534179406,93.94112396240234,7317200
2025-12-03,94.09646047832155,94.19353571239152,93.9799657536182,94.13529205322266,6855100
2025-12-04,93.989656441755,93.99936618510296,93.79550601298065,93.84403991699219,8928900
2025-12-05,93.86347993533096,93.87318227443708,93.601368652151,93.64990997314453,9118700
2025-12-08,93.59165608497975,93.60135842302557,93.28100351475558,93.45574188232422,14728300
2025-12-09,93.59166814089409,93.59166814089409,93.3004350219765,93.3198471069336,8509200
2025-12-10,93.28100653672529,93.64990277263495,93.27130419836516,93.62078094482422,13356900
2025-12-11,93.85374993535137,93.90229124586925,93.60134845211384,93.6304702758789,8672800
2025-12-12,93.37808990478516,93.45574564410207,93.358670415182,93.37808990478516,8348700
2025-12-15,93.59165608497975,93.68873130999235,93.43632979986766,93.45574188232422,6117000
2025-12-16,93.42660905493932,93.73725418222166,93.41690671803592,93.71784210205078,7456400
2025-12-17,93.60135007661233,93.74696660432909,93.58193799588676,93.69842529296875,5673200
2025-12-18,93.94112396240234,93.99937502160188,93.81492691247216,93.94112396240234,7357600
2025-12-19,93.78822218470958,93.87587115943869,93.69082452781325,93.72978210449219,5806600
2025-12-22,93.65187538704842,93.68109171227181,93.57396023285399,93.63239288330078,4672800
2025-12-23,93.42787306161871,93.62265352063717,93.37917423166499,93.59343719482422,5093900
2025-12-24,93.71029989134388,93.85638893515952,93.6616010666062,93.83690643310547,3967700
2025-12-26,93.97325957338055,93.99274207654322,93.81743670006831,93.92456817626953,3491500
2025-12-29,94.03170438951402,94.08039578907795,93.9343067295897,94.06092071533203,5034600
2025-12-30,93.92456628960112,94.04143158463835,93.88560871445614,93.9635238647461,4108600
2025-12-31,93.82717631383298,93.9537903010136,93.64213710475086,93.6518783569336,6802100
2026-01-02,93.7784810556194,93.7784810556194,93.56421809880396,93.57395935058594,6611800
2026-01-05,93.72005934625497,93.8661409880476,93.66161925913904,93.85640716552734,8693200
2026-01-06,93.73952443759163,93.80769833996668,93.59343538095992,93.78822326660156,12834100
2026-01-07,94.00247400949337,94.03169776365039,93.82716863653982,93.9635238647461,7990900
2026-01-08,93.72004888552308,93.79795660898372,93.6713500567619,93.68109130859375,6931700
2026-01-09,93.65187546185145,93.86613099046014,93.5642190557132,93.78822326660156,10277300
2026-01-12,93.64213224714301,93.78822130071256,93.61291592250869,93.67134857177734,6360600
2026-01-13,93.8271734133318,93.85639716897661,93.6908256085817,93.78822326660156,7622500
2026-01-14,93.86612898010249,94.08039193452032,93.85639515882744,93.98300170898438,7331200
2026-01-15,93.99274497372672,94.00247879521024,93.76874076283835,93.78822326660156,6172500
2026-01-16,93.72006512529013,93.74928145545023,93.40841188625035,93.42788696289062,11979300
2026-01-20,93.10647643259288,93.22334916350104,93.03830253049597,93.05778503417969,13607700
2026-01-21,93.1649141011917,93.34021204741838,93.06751644609085,93.30126190185547,11969000
2026-01-22,93.20386276292338,93.3596930642856,93.155171366546,93.29151916503906,10209500
2026-01-23,93.33047662346779,93.46682442179005,93.25256147288428,93.44734191894531,8147500
2026-01-26,93.59343570992365,93.65187579102059,93.53500305922482,93.58369445800781,6803800
2026-01-27,93.52526916140076,93.64214190238648,93.44735400074362,93.47657775878906,9857200
2026-01-28,93.41813382660446,93.44735015304823,93.23309461566109,93.3986587524414,17032400
2026-01-29,93.30125989901353,93.58368931547011,93.28177739625244,93.49604034423828,11049100
2026-01-30,93.48629820716948,93.55447210539204,93.4083904880563,93.43760681152344,8238500
2026-02-02,93.47864911749227,93.50796076604998,93.25392150878906,93.25392150878906,8987100
2026-02-03,93.20505762677925,93.38093496113393,93.1855190139134,93.34185028076172,7313800
2026-02-04,93.26368827825733,93.42002701208087,93.22461104944259,93.32231903076172,7268600
2026-02-05,93.60567166886582,93.8987955948925,93.51772927280935,93.8694839477539,12086800
2026-02-06,93.91834166274536,93.92810724203112,93.72291825742023,93.8694839477539,7759900
2026-02-09,93.81086091943746,93.92810750832427,93.73269155708579,93.88902282714844,8165100
2026-02-10,94.22123859687574,94.3384926400387,94.20169998366892,94.29940795898438,9752300
2026-02-11,93.97696020478102,94.24077247032861,93.95742159255687,94.03558349609375,9106600
2026-02-12,94.19191721665176,94.63160678745737,94.18214418373789,94.61206817626953,13099900
2026-02-13,94.89544060393594,95.03223326651067,94.86612150083477,94.9833755493164,11681500
2026-02-17,95.02246001200295,95.08108330878744,94.92475203248179,94.97360229492188,8623800
2026-02-18,94.80750226250792,94.86612556193782,94.74887896307801,94.77819061279297,7778800
2026-02-19,94.73909975939122,94.91497710087008,94.71956114573395,94.86611938476562,4993000
2026-02-20,94.90520406672103,94.91497710087008,94.6707034296295,94.86611938476562,11200200
2026-02-23,94.94427965097526,95.29603430022732,94.94427965097526,95.20809936523438,9862900
2026-02-24,95.20811418470197,95.24719886899588,95.10063316655405,95.18856811523438,9493300
2026-02-25,95.04199338211751,95.188559070633,95.04199338211751,95.11038970947266,8762700
2026-02-26,95.18856357435686,95.36444091796875,95.18856357435686,95.36444091796875,8177300
2026-02-27,95.63802527468567,95.8041370369937,95.58917501312284,95.7455062866211,9970300
2026-03-02,95.42506312111642,95.43486446131008,95.0036952075734,95.1702880859375,17709600
2026-03-03,94.72932170468715,95.199688863884,94.69992515903091,95.0625,13708500
2026-03-04,95.0233076675884,95.04290287376038,94.84692090710925,94.86651611328125,12535500
2026-03-05,94.51373971401225,94.64113471706534,94.45494662105395,94.57254028320312,12599700
2026-03-06,94.28836203042033,94.79791961838572,94.23936280170537,94.51374053955078,12758200
2026-03-09,94.42554632809798,94.85671559597175,94.31775401112954,94.8077163696289,12134400
2026-03-10,94.75871179673544,94.82730622400578,94.47454022392397,94.50393676757812,10571300
2026-03-11,94.32755932493032,94.37655107710452,94.05318158881043,94.0727767944336,12197600
2026-03-12,93.92578889932285,94.0531839058259,93.67100636254953,93.76900482177734,11401400
2026-03-13,93.91597879236721,94.0041759021937,93.631807211075,93.6709976196289,11839700
2026-03-16,94.05318629577673,94.13157459842499,93.94539396887328,94.09237670898438,9092100
2026-03-17,94.23935422898386,94.34714654136505,94.20015634482417,94.25895690917969,7209700
2026-03-18,94.12176970488272,94.19036413430827,93.80819410233279,93.82778930664062,13048700
2026-03-19,93.5730119773657,93.95518203051411,93.56321811278522,93.8179931640625,18464600
2026-03-20,93.39661815240471,93.42601469638538,92.94585370015996,92.97525024414062,20761500
2026-03-23,93.09284695769678,93.51421487981776,92.98505464206825,93.26923370361328,28336300
2026-03-24,92.88707115256294,93.17125023700986,92.72048573361458,92.9556655883789,19785600
2026-03-25,93.37702324752938,93.48481555995832,93.23003305092338,93.44561767578125,15939200
2026-03-26,93.10265226151603,93.22023844631127,92.69107818603516,92.69107818603516,12897300
2026-03-27,92.47549583623889,92.8772610721477,92.46569449597807,92.70087432861328,11401900
2026-03-30,93.28882744578732,93.47501552917835,93.22023301657462,93.357421875,15430000
2026-03-31,93.62200831038669,93.7591971725964,93.4358202218597,93.52401733398438,18649700
2026-04-01,93.48174184487486,93.68821092169729,93.42274532210615,93.44241333007812,13557600
2026-04-02,93.43257721474933,93.78652633877434,93.41291670836884,93.6587142944336,13171300
2026-04-06,93.40307645831966,93.58005100849708,93.31459293380422,93.41291046142578,6104900
2026-04-07,93.47191305838713,93.68821615126934,93.16712642813363,93.64888763427734,6737500
2026-04-08,94.11097826220801,94.12081226569063,93.76686315178434,93.8553466796875,12107400
2026-04-09,93.76686242228651,94.04215450848369,93.62921637918791,93.82585144042969,11065900
2026-04-10,93.82585501048645,93.85534952068029,93.6587144519566,93.66854095458984,4404800
2026-04-13,93.66854630274344,93.88484939137791,93.570228762768,93.8750228881836,4300200
2026-04-14,93.83570203113146,94.1896512048515,93.80620751684614,94.17981719970703,5239800
2026-04-15,94.08149444266465,94.09132094611697,93.89468586100325,93.97334289550781,5592900
2026-04-16,94.0618222190824,94.0913167304132,93.77669610763904,93.80619812011719,6618900
2026-04-17,94.27812296253721,94.43543702059145,94.22896044410848,94.31745147705078,6912900
2026-04-20,94.29778101948395,94.30760752121503,94.10113846766708,94.22895050048828,3868800
2026-04-21,94.08149038499003,94.14047940775045,93.80619827724493,93.81602478027344,4872900
2026-04-22,94.0716588539577,94.10115336611332,93.89468427987643,93.91434478759766,4121400
2026-04-23,93.95366966143409,94.02249268751133,93.58989402408895,93.7668685913086,6795600
2026-04-24,93.68821620299818,93.98316882887963,93.60955916897073,93.95367431640625,5490000
2026-04-27,93.8160227520679,93.9241742922221,93.67837670117112,93.73736572265625,4055500
2026-04-28,93.58989860936315,93.66854814219953,93.51124157537915,93.64888763427734,4867700
2026-04-29,93.4325810037231,93.4325810037231,93.10812637668472,93.20645141601562,7200300
2026-04-30,93.44241187226369,93.49156688913233,93.27527131284559,93.3834228515625,10382400
2026-05-01,93.40512786446948,93.75037711343722,93.33607801467593,93.4544448852539,5359200
2026-05-04,93.30647502147917,93.31634143558723,92.94150048403863,93.10919189453125,6593900
2026-05-05,93.21770747546697,93.35580718076847,93.18811575659801,93.24729919433594,11281600
2026-05-06,93.64186476524245,93.74050632808112,93.5728149186685,93.7109146118164,9031100
2026-05-07,93.8884740958647,93.8884740958647,93.4051251612981,93.42485046386719,5610100
2026-05-08,93.75037927881617,93.79969630073968,93.63200487963488,93.67146301269531,3215100
2026-05-11,93.57282040986104,93.59254571323879,93.35580444335938,93.35580444335938,4025400
2026-05-12,93.13878744155429,93.14865385606812,93.02042057086496,93.04014587402344,5686700
2026-05-13,93.02042057086496,93.09932930936812,92.8329963244479,93.04014587402344,3459200
2026-05-14,93.25716406667891,93.27688937030878,92.97109824589491,92.98096466064453,5167300
2026-05-15,92.44829182899149,92.47788354758761,92.22140944330552,92.24114227294922,12498700
2026-05-18,92.34964916152619,92.47788244920947,92.07344223088097,92.2016830444336,8422900
2026-05-19,91.86628291863214,92.00438260635018,91.68872510215628,91.8465576171875,10069800
2026-05-20,91.90574476147948,92.53705979537992,91.88601945923772,92.46800994873047,14892500
2026-05-21,92.2016824704949,92.56665702773284,92.04384993968011,92.52720642089844,7762000
2026-05-22,92.68503351572197,92.71462523444966,92.35950955797847,92.60611724853516,6321900
2026-05-26,93.0598700801548,93.06973649455233,92.85272053302123,93.00068664550781,5494400
2026-05-27,93.06973759169577,93.19797840276814,93.0105541563511,93.04014587402344,5958800
2026-05-28,93.06973213663868,93.3853896497574,93.01054870476291,93.25715637207031,5938300
2026-05-29,93.35580283603464,93.45444440296362,93.24729485465201,93.36566925048828,9639700
2026-06-01,92.94700966358252,93.23402923250451,92.84802906612319,93.20433807373047,8054100
2026-06-02,93.36270163356552,93.36270163356552,93.19444669857761,93.27362060546875,15426600
2026-06-03,93.0261798371577,93.13505244906682,92.94700593399033,93.03607940673828,7056500
2026-06-04,93.23402772586566,93.3132091820898,93.12515511134727,93.15485382080078,4417900
2026-06-05,92.74905424854683,92.82823570453836,92.63028206455951,92.65998077392578,9880800
2026-06-08,92.8381397479968,92.89752206727233,92.56100463867188,92.56100463867188,5352200
2026-06-09,92.74905460035083,92.88761837328198,92.65008155556563,92.8183364868164,8007300
2026-06-10,92.85792750917656,92.93710896571933,92.64018227926363,92.72926330566406,5804900
2026-06-11,92.84803277831675,93.41218747105741,92.78865045839449,93.37259674072266,11281600
2026-06-12,93.19444943831728,93.30331450738794,93.05587810707529,93.21424102783203,8861800
2026-06-15,93.4220897869161,93.50127124991259,93.29342557291679,93.31321716308594,3787600
2026-06-16,93.41218695259917,93.64973133328922,93.38249579280284,93.55075073242188,4675000
2026-06-17,93.56064238344345,93.61013267968809,93.04597803783064,93.05587005615234,11508300
2026-06-18,93.46166927413343,93.6299241993884,93.36269623287514,93.39238739013672,6836500
2026-06-22,93.1449520186474,93.16474360664947,93.00638824915563,93.03607940673828,4572200
2026-06-23,93.19444454891286,93.29341759361341,93.12515511134727,93.15485382080078,6504600
2026-06-24,93.60023541667873,93.80808107394168,93.59033584695406,93.75859832763672,5179800
2026-06-25,93.88726742403415,94.04562279208845,93.80808596442719,93.81798553466797,5630500
2026-06-26,93.85756539966553,94.10500176892471,93.85756539966553,94.05551147460938,5584100
2026-06-29,94.00603879975749,94.09511227767462,93.95654850014161,94.08521270751953,5901500
2026-06-30,93.90705368496977,93.92685282432788,93.58044339715262,93.60023498535156,8034000
2026-07-01,93.38277311453754,93.54165096520512,93.34305175785212,93.37284088134766,7890500
2026-07-02,93.43241491066212,93.60123256297304,93.37283666636048,93.46221160888672,7605500
2026-07-06,93.48206819601735,93.53172178349067,93.37283636443505,93.52178955078125,4600500
2026-07-07,93.34304950736257,93.36290639718946,93.03521847056493,93.0451431274414,5813600
2026-07-08,92.87633271983493,92.9359109651793,92.70752264064329,92.85647583007812,5509600
2026-07-09,92.93590491072703,93.19408991718929,92.93590491072703,93.05506896972656,3223100
2026-07-10,93.08486354700146,93.12458490232973,92.93591035853892,92.97563171386719,6507600
2026-07-13,92.84654718991877,92.86640408044396,92.60822662324543,92.63801574707031,5769700
2026-07-14,92.94584046897907,93.13451500846152,92.80681951654161,92.89619445800781,5315900
2026-07-15,92.985559434435,93.21395532247078,92.985559434435,93.12458038330078,6735500
2026-07-16,92.92598911008979,93.0947991943711,92.88626775330462,93.06501007080078,4841200
2026-07-17,93.30332238501363,93.44234333343158,93.16430143659566,93.18415832519531,7561300
2026-07-20,93.08486782541824,93.10473229203234,92.78696901087486,92.88626861572266,3784800
2026-07-21,92.74724237416801,92.76709926357755,92.6082214200799,92.65786743164062,2786200
2026-07-22,92.62807549446686,92.63800772690668,92.4294763021119,92.44933319091797,3428200
2026-07-23,92.15143431226223,92.2507339083426,92.11171295861536,92.20108032226562,5002200
2026-07-24,92.34010042406165,92.5684963114154,92.29045441451412,92.37982177734375,5092700
2026-07-27,92.5585641717012,92.69758512029097,92.48905369740633,92.6280746459961,4046300
2026-07-28,92.71745333447633,93.00542747565034,92.71745333447633,92.90612030029297,3320700
2026-07-29,92.75718037807218,92.87633687409064,92.50892757660135,92.51885223388672,5391000
2026-07-30,92.58835998494258,92.6678026973284,92.46920349243788,92.5585708618164,3973000
2026-07-31,92.33018122026068,92.33018122026068,92.0819284296423,92.30038452148438,8490100
2026-08-03,92.46778398925963,92.53753308890902,92.35817717522751,92.48770904541016,5758500
2026-08-04,92.81653535107448,92.93610089969441,92.76671130442804,92.91617584228516,5461600
2026-08-05,92.87631166415862,92.99588480654226,92.79659623590285,92.9759521484375,5609200
2026-08-06,92.82649580676936,92.85638719203281,92.56742446434986,92.61724090576172,4831900
2026-08-07,92.95602944423702,92.98592083006879,92.72684948272376,92.83645629882812,55016600
2026-08-10,92.6272137230275,92.6471463826538,92.42793273925781,92.42793273925781,8610100
2026-08-11,92.61724445082001,92.71689254162133,92.53753662109375,92.53753662109375,5052200
2026-08-12,92.81653477800296,92.82650110768715,92.59732113744364,92.62721252441406,4810300
2026-08-13,92.9759545157985,93.17524309151223,92.94606312996191,92.96599578857422,7637900
2026-08-14,92.95602945655004,92.99588717169162,92.66706672333498,92.70692443847656,4659900
2026-08-17,92.6272101708514,92.70692560213514,92.49767829657678,92.50763702392578,4755400
2026-08-18,92.46778867988719,92.67703598944985,92.38807324707795,92.59732055664062,6312600
2026-08-19,93.01581631548753,93.05567403238052,92.78664394595555,93.04570770263672,7762300
2026-08-20,92.66706848144531,92.83645807244936,92.58735304964978,92.66706848144531,4956800
2026-08-21,92.6172409155928,92.63717357382504,92.4378850019113,92.48770904541016,4508700
2026-08-24,92.61724209732527,92.80656434253851,92.6072833701638,92.67703247070312,5809600
2026-08-25,92.97595860789792,93.205138579535,92.92614216333833,93.17524719238281,7753500
2026-08-26,93.00584882424641,93.02578148348508,92.89624960676214,92.98592376708984,5671200
2026-08-27,92.97595569298235,93.03574606749442,92.82649876190709,92.89624786376953,10555700
2026-08-31,92.41796346084283,92.41796346084283,92.28843158573349,92.40799713134766,8136100
2026-09-01,92.18070220947266,92.37000274658203,92.07009887695312,92.0999984741211,8028970
