date,open,high,low,close,volume
1998-12-22,13.562061458263758,13.90602678510378,13.562061458263758,13.889647483825684,150300
1998-12-23,14.04526184808954,15.09353795103733,13.987934248709582,14.225434303283691,44000
1998-12-24,14.225428985476906,14.225428985476906,14.151722099541793,14.200860023498535,45500
1998-12-28,14.225429702524243,14.233619356929841,14.053446960006678,14.118964195251465,25400
1998-12-29,14.127154734564964,14.446551276389911,13.619396129612484,14.430171966552734,123500
1998-12-30,14.43016835010644,14.471116614437049,14.315513209980736,14.340082168579102,10200
1998-12-31,14.307321788252294,14.372839003081154,14.192666662301788,14.233614921569824,66300
1999-01-04,14.348274518608218,14.462929680286592,14.012498687978686,14.118964195251465,50000
1999-01-05,14.200865332120852,14.299141216772208,14.159917046849454,14.225434303283691,27900
1999-01-06,14.323706359993476,14.405602908649815,14.233620156471506,14.39741325378418,118500
1999-01-07,14.290942484545079,14.290942484545079,14.127149447472929,14.233614921569824,43500
1999-01-08,14.23362574805971,14.2418154061426,13.955177373241511,14.176298141479492,63800
1999-01-11,14.143526653636178,14.143526653636178,13.799561326796155,13.889647483825684,65400
1999-01-12,13.881465636472651,13.930603567929191,13.758620807831301,13.78318977355957,29400
1999-01-13,13.390084076606504,13.881463308775551,13.390084076606504,13.807756423950195,73800
1999-01-14,13.750428056774577,13.799565977168054,13.357324693626763,13.545686721801758,30800
1999-01-15,13.660345168775349,13.742241722544984,13.537500338120893,13.693103790283203,39000
1999-01-19,13.799571298644246,13.799571298644246,13.447416066690712,13.53750228881836,39200
1999-01-20,13.619394658414246,13.725860160855246,13.512929155973243,13.578446388244629,480500
1999-01-21,13.52112157404678,13.594828475419538,13.291811214220427,13.37370777130127,42500
1999-01-22,13.291795794560358,13.455588718707745,13.218088978694034,13.308175086975098,75700
1999-01-25,13.30819025516216,13.357328188411989,13.160776455412671,13.275431632995605,179000
1999-01-26,13.283617468035457,13.586634635925291,13.259048508476821,13.586634635925293,85000
1999-01-27,13.717669635071491,13.8487040912871,13.676721367504113,13.766807556152344,50400
1999-01-28,13.783190405626593,14.045259385412718,13.76681109438996,14.012500762939453,57300
1999-01-29,14.053444360227,14.143530542023326,13.856892690853195,14.045254707336426,167800
1999-02-01,14.143530845083731,14.192668763480086,13.979737783762554,13.987927436828613,57200
1999-02-02,14.037068553087186,14.102585792541502,13.906034074178555,14.102585792541504,81800
1999-02-03,14.037070318813367,14.102587566509111,13.914225479383845,14.053449630737305,65300
1999-02-04,13.996117089894671,14.102582579753436,13.922410212300141,13.987927436828613,34400
1999-02-05,13.987934520780401,13.987934520780401,13.758624118800395,13.775003433227539,33000
1999-02-08,13.742243311815562,13.824139875056417,13.63577777960245,13.750432968139648,83500
1999-02-09,13.717677551301918,13.717677551301918,13.480177462354003,13.504746437072754,44500
1999-02-10,13.570258233577356,13.603016853332521,13.431034099617902,13.60301685333252,32000
1999-02-11,13.652151660569112,13.840513681080864,13.611203395240471,13.832324028015137,22400
1999-02-12,13.856897448639371,13.8978457271519,13.61939743326671,13.717673301696777,29600
1999-02-16,13.889652704559595,13.979738895450017,13.84051478225573,13.881463050842285,37700
1999-02-17,13.873281160611503,14.00431569341539,13.643970728204701,13.742246627807617,26800
1999-02-18,13.791371676157107,13.930595737020925,13.766802724239962,13.889647483825684,29400
1999-02-19,13.865082640278048,13.95516882400106,13.80775506881795,13.832324028015137,30300
1999-02-22,13.889654364102128,14.217240551934726,13.848706090623054,14.127154350280762,183700
1999-02-23,14.14353406720045,14.233620271450134,14.037068553087186,14.102585792541504,35400
1999-02-24,14.200857552412513,14.290943730657345,13.938788670245732,14.020685195922852,69000
1999-02-25,13.881468231796372,13.955175142761663,13.668537155674422,13.85689926147461,28100
1999-02-26,13.82413552351116,13.938790675957343,13.742238986049601,13.897842407226562,15100
1999-03-01,13.848703334146592,13.897841252540962,13.709479232029212,13.832324028015137,17500
1999-03-02,13.906033182937007,13.99611938141304,13.766809058019497,13.791378021240234,29700
1999-03-03,13.84870560208862,13.84870560208862,13.652153896322726,13.791378021240234,32000
1999-03-04,13.815951766364394,14.004313882918265,13.74224485119114,13.979744911193848,85300
1999-03-05,13.987935105294625,14.274573119747382,13.987935105294625,14.192676544189453,49100
1999-03-08,14.225431533191204,14.258190155029295,14.061638424000748,14.258190155029297,30700
1999-03-09,14.274568557739258,14.356465107123878,14.151723733662328,14.274568557739258,23300
1999-03-10,14.217240048118644,14.217240048118644,14.069826268817875,14.118964195251465,32600
1999-03-11,14.225431533191204,14.35646602054357,14.15991428951502,14.258190155029297,55700
1999-03-12,14.389227369108614,14.454744625200172,14.28276182795983,14.381037712097168,48100
1999-03-15,14.462936025497806,14.610349869472302,14.413798077506307,14.503884315490723,246400
1999-03-16,14.528443940641374,14.651288731571261,14.520254287912714,14.569392204284668,63700
1999-03-17,14.56120565293379,14.56120565293379,14.315516018744805,14.323705673217773,40900
1999-03-18,14.26637505332428,14.56939220428467,14.26637505332428,14.569392204284668,22300
1999-03-19,14.660758186249712,14.660758186249712,14.390022304802459,14.50487995147705,174200
1999-03-22,14.431031159647588,14.504868158190412,14.324377717307954,14.496664047241211,93400
1999-03-23,14.332583470197353,14.431032812866139,13.92237787574408,14.08646011352539,91600
1999-03-24,13.963405656925724,14.102875631172338,13.914180960132802,14.078263282775879,46700
1999-03-25,14.209529799488392,14.275162731587645,14.053651585752664,14.184917449951172,46000
1999-03-26,14.053648587789773,14.168506194461727,14.020832128740643,14.135689735412598,20400
1999-03-29,14.275167262998213,14.422841407098195,14.275167262998213,14.316187858581543,18200
1999-03-30,14.02903486262856,14.250545939406907,14.02903486262856,14.193117141723633,45800
1999-03-31,14.299779667076491,14.299779667076491,13.864961352472328,13.881369590759277,45800
1999-04-01,14.029041881054903,14.029041881054903,13.84855128375478,13.905980110168457,38500
1999-04-05,14.045449377785266,14.045449377785266,13.930591731004311,13.979816436767578,32900
1999-04-06,13.87315637662078,13.979809855565826,13.72548232885072,13.823931694030762,136600
1999-04-07,13.938794363841229,13.938794363841229,13.725487328255666,13.807528495788574,77800
1999-04-08,13.832142753468158,14.16030746885293,13.832142753468158,14.127490997314453,49100
1999-04-09,14.16030216217041,14.24234331027105,13.988015751159068,14.16030216217041,61000
1999-04-12,14.176717435396634,14.463861596414505,14.176717435396634,14.398228645324707,28400
1999-04-13,14.504874671879712,14.529487015779962,14.27515946214406,14.4474458694458,70200
1999-04-14,14.439249418379273,14.439249418379273,13.955206398104059,14.012635231018066,38700
1999-04-15,14.053649918371889,14.053649918371889,13.520382408334426,13.66805648803711,292300
1999-04-16,13.733688963293245,13.733688963293245,13.586014888419124,13.725484848022461,16800
1999-04-19,13.65985062445095,13.750095883831708,13.126583182655569,13.151195526123047,71700
1999-04-20,13.290671029123002,13.512182212941719,13.19222161409246,13.397324562072754,29400
1999-04-21,13.520379484725634,13.922381059210801,13.446542460840604,13.823931694030762,92900
1999-04-22,13.815731936294895,13.996222496032715,13.807527819943177,13.996222496032715,29700
1999-04-23,14.004425578584966,14.029037925823253,13.85675149515525,13.971609115600586,16600
1999-04-26,13.979807144787662,13.979807144787662,13.774704340433383,13.873153686523438,51800
1999-04-27,14.029043116516005,14.070063710423948,13.889573097229006,13.889573097229004,39800
1999-04-28,13.799331686765457,13.947005866528702,13.438350358455303,13.684473991394043,110200
1999-04-29,13.709079978689326,13.709079978689326,13.520385281196894,13.577814102172852,27100
1999-04-30,13.602427510053047,13.635243981729895,13.290671029123002,13.397324562072754,34700
1999-05-03,13.520387869834328,13.709082603454588,13.43834668130378,13.70908260345459,46900
1999-05-04,13.782915795647963,13.815732261828076,13.51217994966202,13.594221115112305,91200
1999-05-05,13.618831349502262,13.725484848022461,13.380912006649512,13.725484848022461,23500
1999-05-06,13.76650449797863,13.782912727416031,13.51217694169893,13.54499340057373,28100
1999-05-07,13.544993467588682,13.758300451330236,13.52038112331081,13.65985107421875,31900
1999-05-10,13.651651397574742,13.651651397574742,13.421936109634782,13.446548461914062,125400
1999-05-11,13.405528362872099,13.651651894626177,13.405528362872099,13.50397777557373,59800
1999-05-12,13.495773298297813,13.750100941001298,13.479365063284686,13.700876235961914,38300
1999-05-13,13.78291251690652,13.815728975280107,13.651646683412173,13.766504287719727,173300
1999-05-14,13.51217495295608,13.66805310966899,13.397317363799196,13.520379066467285,41600
1999-05-17,13.413729348622438,13.635240475480423,13.389117001193773,13.610628128051758,36800
1999-05-18,13.610632048777568,14.160307966359301,13.315283794554546,13.43014144897461,95500
1999-05-19,13.495771792997797,13.643445891644582,13.454751210040357,13.618833541870117,59400
1999-05-20,13.577807686076714,13.741889954186403,13.577807686076714,13.651644706726074,150600
1999-05-21,13.627036359670868,13.709077517766419,13.512178738337099,13.610628128051758,78100
1999-05-24,13.528588404749879,13.676262504983656,13.257852554321289,13.257852554321289,20100
1999-05-25,13.29887336730957,13.413731002807616,13.1265869140625,13.1265869140625,33500
1999-05-26,13.241444549560546,13.257852783203123,13.052749862670897,13.1265869140625,67600
1999-05-27,13.011728442493995,13.2660560476121,13.003524326199862,13.060953140258789,24400
1999-05-28,13.192219620884055,13.33989372111783,13.126586687446821,13.257852554321289,16500
1999-06-01,13.282466961335018,13.323487551085899,13.101976366431145,13.307079315185547,36700
1999-06-02,13.167600712331295,13.29886651382494,13.101967811584473,13.101967811584473,65200
1999-06-03,13.126583430666486,13.372706869991482,13.126583430666486,13.225032806396484,40600
1999-06-04,13.225043209908392,13.684473991394045,13.225043209908392,13.684473991394043,17400
1999-06-07,13.709076741874721,13.709076741874721,13.528586204279723,13.56960678100586,28400
1999-06-08,13.43834254874692,13.561404293698814,13.3070766874649,13.380913734436035,77100
1999-06-09,13.36450814083678,13.479365792139243,13.25785460748449,13.307079315185547,18400
1999-06-10,13.126586070611848,13.249647815023835,13.028136675082258,13.060953140258789,71200
1999-06-11,13.257851179481158,13.290667642796704,12.929686546325684,12.929686546325684,20400
1999-06-14,12.937893330636166,13.044546858409324,12.896872743031105,12.970709800720215,32300
1999-06-15,12.995318757547565,13.1265846035834,12.954298180661366,13.003522872924805,25600
1999-06-16,13.12658014936453,13.142988374551237,12.97890612268418,13.101967811584473,46300
1999-06-17,13.060950773250983,13.323482447085174,13.060950773250983,13.208624839782715,26300
1999-06-18,13.228395383505246,13.261342819080602,13.080131923416145,13.20368480682373,33600
1999-06-21,13.187213502998233,13.187213502998233,12.907160249343054,13.055423736572266,35900
1999-06-22,13.030714322213395,13.178977822718984,13.030714322213395,13.129556655883789,85400
1999-06-23,12.973053982988064,13.121317457079357,12.923632824957634,12.989527702331543,17400
1999-06-24,12.940102605115971,13.129550319894882,12.915392033623071,12.948339462280273,23000
1999-06-25,13.146026912424537,13.178974348295275,12.865973707523262,12.940105438232422,149300
1999-06-28,13.09660289123768,13.631998606917207,12.923628890787372,12.948339462280273,21200
1999-06-29,12.981286721229553,13.294287289381026,12.923628721833229,13.178971290588379,46400
1999-06-30,13.294288338322342,13.508446638691849,13.088366895659357,13.491972923278809,51000
1999-07-01,13.53315943804654,13.689659760215065,13.483738283677534,13.59081745147705,38400
1999-07-02,13.615525328594705,13.706130760303443,13.557867326598236,13.640235900878906,48500
1999-07-06,13.697901541372802,13.829691333713129,13.549638024989934,13.632006645202637,93000
1999-07-07,13.656710352712464,13.66494721058503,13.541394342496558,13.574341773986816,17800
1999-07-08,13.434314837441168,13.697894282443078,13.434314837441168,13.467262268066406,34800
1999-07-09,13.656710215479734,13.656710215479734,13.508446775263428,13.533157348632812,31900
1999-07-12,13.557876454330072,13.57435018027701,13.467270961621914,13.508455276489258,14300
1999-07-13,13.467266356814674,13.706135301369796,13.426082056029308,13.55787181854248,22600
1999-07-14,13.574349244726205,13.64848100637823,13.467270033451058,13.516691207885742,19100
1999-07-15,13.615526361448207,13.821447812770776,13.615526361448207,13.664947509765625,28000
1999-07-16,13.813209906868313,13.813209906868313,13.615525328594705,13.640235900878906,23700
1999-07-19,13.837922034687594,13.837922034687594,13.491973983820404,13.524921417236328,33100
1999-07-20,13.697897983124566,13.697897983124566,13.351949868096765,13.409607887268066,35900
1999-07-21,13.508446556347955,13.557867702285813,13.36018311853438,13.467262268066406,23700
1999-07-22,13.467268519144996,13.524926549502192,13.244873259195813,13.319005012512207,24900
1999-07-23,13.294286471215363,13.42607617601056,13.211917905718366,13.220154762268066,37200
1999-07-26,13.261347052491741,13.34371566772461,13.18721529878216,13.34371566772461,82300
1999-07-27,13.401360448397122,13.475492128812348,13.22838652742826,13.384886741638184,38000
1999-07-28,13.302528253993632,13.343712551993614,13.195449079193684,13.261343955993652,20600
1999-07-29,13.178976667483546,13.178976667483546,12.940107715385407,13.063660621643066,115300
1999-07-30,13.063659439377188,13.146028036094572,12.981290842659803,12.989527702331543,48700
1999-08-02,13.006001421675018,13.162501755438049,12.989527702331541,12.989527702331543,29600
1999-08-03,13.121317762635353,13.154265202089555,12.948343705500802,13.088370323181152,56300
1999-08-04,13.170741105079651,13.170741105079651,12.750661182403565,12.849503517150879,57400
1999-08-05,12.849502661039152,12.915397546480378,12.577686258594092,12.882450103759766,85300
1999-08-06,12.800075074631152,12.800075074631152,12.54473252166232,12.668285369873047,18800
1999-08-09,12.717712153667264,12.750659594479874,12.59415925061998,12.635343551635742,7400
1999-08-10,12.693004331220747,12.693004331220747,12.4541353334236,12.594161987304688,29200
1999-08-11,12.635338187611664,12.643575044318059,12.421179913245364,12.462364196777344,38200
1999-08-12,12.511789880117606,12.808316829218484,12.511789880117606,12.693000793457031,27300
1999-08-13,12.816549188082979,12.882444042520424,12.709470049622132,12.783601760864258,26200
1999-08-16,12.750661206046868,12.915398430931193,12.74242434480265,12.85774040222168,37700
1999-08-17,12.931869481307372,12.94834320039184,12.775369150004925,12.923632621765137,24700
1999-08-18,12.923633019386298,12.973054178160242,12.742422103881838,12.742422103881836,33500
1999-08-19,12.660051872581722,12.857736482173108,12.660051872581722,12.824789047241211,15000
1999-08-20,12.791843343441673,13.113080877501059,12.767132763898644,13.080133438110352,89300
1999-08-23,13.178969105305088,13.376653641884666,13.178969105305088,13.368416786193848,56100
1999-08-24,13.228402356109997,13.409613347289586,13.228402356109997,13.310770988464355,52800
1999-08-25,13.41784563488685,13.706135749816895,13.368424472327415,13.706135749816895,61900
1999-08-26,13.61553250221341,13.73084856696295,13.483742713928224,13.483742713928223,23800
1999-08-27,13.524929432585688,13.615534928175483,13.30253412522892,13.310770988464355,66000
1999-08-30,13.376659237704848,13.442554110796989,13.244869491520562,13.327238082885742,35700
1999-08-31,13.203688645303398,13.376662732359774,13.121320032419408,13.211925506591797,14100
1999-09-01,13.17073724028166,13.269579546024861,13.088368652162325,13.162500381469727,19800
1999-09-02,13.16249746427799,13.18720803523721,12.981286610577042,13.146023750305176,30000
1999-09-03,13.351941200312723,13.442546600191465,13.286046364037276,13.376651763916016,136200
1999-09-07,13.434319988965397,13.442556849780212,13.20368788615054,13.277819633483887,225600
1999-09-08,13.203690753541817,13.360191143009875,13.137795852713163,13.286059379577637,63400
1999-09-09,13.11308379263248,13.195452409420373,13.03071517584459,13.096610069274902,80300
1999-09-10,13.14603224231969,13.244874590006305,13.047189894633076,13.11308479309082,32500
1999-09-13,13.11308379263248,13.11308379263248,12.981294005771852,13.096610069274902,22200
1999-09-14,13.006003013962063,13.006003013962063,12.82479207899869,12.882450103759766,18400
1999-09-15,12.907154612934466,13.09660231944212,12.783601760864258,12.783601760864258,53700
1999-09-16,12.874217836899746,12.874217836899746,12.651822519179788,12.816559791564941,44700
1999-09-17,12.878636154714505,12.985958122670459,12.804336330744999,12.837358474731445,28100
1999-09-20,12.961193105488693,12.977704179508423,12.820848976320981,12.886893272399902,17200
1999-09-21,12.738291750364539,12.79608050101428,12.540158890993995,12.663991928100586,30400
1999-09-22,12.663995322260448,12.738295164437986,12.465862409787013,12.655739784240723,28000
1999-09-23,12.63097036816553,12.63097036816553,12.284237848255104,12.358537673950195,43400
1999-09-24,12.325514053641909,12.366791729642049,12.152147814441319,12.292491912841797,41800
1999-09-27,12.317254472614298,12.416320862474466,12.25121021270752,12.25121021270752,30600
1999-09-28,12.292491926540267,12.292491926540267,11.904481771706557,12.069592475891113,117900
1999-09-29,11.937502102905446,12.135634917891428,11.755880355834963,11.755880355834961,95200
1999-09-30,11.99529678611965,12.152152009062714,11.912741405623299,12.020063400268555,25000
1999-10-01,12.053074810955975,12.284229670344171,11.978775034724054,12.218185424804688,67800
1999-10-04,12.350282137761852,12.408070891080257,12.27598231206676,12.358537673950195,38300
1999-10-05,12.275979462469488,12.432834613637558,12.16865751693344,12.209935188293457,49200
1999-10-06,12.449350177117113,12.688760757446287,12.350283730084351,12.688760757446289,36500
1999-10-07,12.58143753301902,12.779570407554752,12.540159850824075,12.589693069458008,43400
1999-10-08,12.746551221357908,13.060261678878375,12.688762452867296,12.928173065185547,32600
1999-10-11,13.052001218406522,13.052001218406522,12.895146048798853,12.944679260253906,49000
1999-10-12,12.91165390312284,12.91165390312284,12.680498973910922,12.697010040283203,98600
1999-10-13,12.74654774956741,12.754803285674644,12.441092913599798,12.449348449707031,19500
1999-10-14,12.375047463588613,12.531902634908281,12.29249211026247,12.482369422912598,47100
1999-10-15,12.32550896662265,12.32550896662265,12.020054290289737,12.02830982208252,68300
1999-10-18,12.143888290359003,12.317254472614298,12.077844030452223,12.25121021270752,15900
1999-10-19,12.589690942647152,12.796079318756123,12.498880057159207,12.771312713623047,88300
1999-10-20,12.787826318243436,12.870381685049397,12.639226657992705,12.82084846496582,186500
1999-10-21,12.7465494502231,12.911660194396974,12.713527301388325,12.911660194396973,37800
1999-10-22,13.09327568820047,13.09327568820047,12.895142890901091,12.994209289550781,57100
1999-10-25,12.738300973161634,13.018989393827543,12.705278806024468,12.845623016357422,109900
1999-10-26,12.81259435415268,12.911660805344582,12.564928226172924,12.680505752563477,20100
1999-10-27,12.606203466826313,12.837358474731445,12.556670250846642,12.837358474731445,64900
1999-10-28,12.878632777413461,13.167576461522096,12.878632777413461,13.068510055541992,125200
1999-10-29,13.200602120915024,13.357457305591312,13.118046760559082,13.118046760559082,154600
1999-11-01,13.241882999937738,13.30792730417683,13.093283315399784,13.142816543579102,116900
1999-11-02,13.01898186455775,13.250136900833981,12.886893272399904,12.886893272399902,276500
1999-11-03,13.027233341796036,13.217110633850098,13.027233341796036,13.217110633850098,92300
1999-11-04,13.37397052472927,13.37397052472927,13.101537791818117,13.159326553344727,36700
1999-11-05,13.291404921269208,13.332682576304206,13.159316425157217,13.258382797241211,55900
1999-11-08,13.159323157217733,13.241878509521483,13.109789945835484,13.241878509521484,22300
1999-11-09,13.299669762553297,13.299669762553297,12.952937217533284,13.010725975036621,37900
1999-11-10,12.903402524426834,13.076768777154257,12.903402524426834,13.018980026245117,33400
1999-11-11,13.018980026245115,13.151068599751724,12.969446811180138,13.018980026245117,26600
1999-11-12,13.018980855605465,13.13455836478649,12.911658882794512,13.10979175567627,31500
1999-11-15,13.052002906799316,13.142813806214113,12.994214152626265,13.052002906799316,119600
1999-11-16,13.109787226463236,13.299664497375488,13.109787226463236,13.299664497375488,41100
1999-11-17,13.208854994175958,13.340943544117719,13.208854994175958,13.233621597290039,45300
1999-11-18,13.2005980951604,13.349197698483032,13.134553827017008,13.299664497375488,99900
1999-11-19,13.266645330190658,13.307923007011413,13.11804569363594,13.208856582641602,20800
1999-11-22,13.184091430574417,13.406990909989263,13.175835894299793,13.349202156066895,39600
1999-11-23,13.373968026243375,13.448267848611394,13.266646060600682,13.316179275512695,33000
1999-11-24,13.406993417178885,13.473037719726564,13.291415887720445,13.473037719726562,41400
1999-11-26,13.547339439982233,13.547339439982233,13.340950965881346,13.340950965881348,17200
1999-11-29,13.241877451326825,13.398732608169226,13.19234424390291,13.332688331604004,34200
1999-11-30,13.365714987368326,13.365714987368326,13.159326553344727,13.159326553344727,23500
1999-12-01,13.068514073825904,13.184091583006929,12.994214246495245,13.10979175567627,37500
1999-12-02,13.060253377546342,13.175830841064451,13.010720178895724,13.175830841064453,64600
1999-12-03,13.10153849019571,13.398737851031907,13.10153849019571,13.26664924621582,93100
1999-12-06,13.142814919705732,13.167581530735328,12.845615587350576,12.886893272399902,44700
1999-12-07,12.928171880543232,12.928171880543232,12.548417150974274,12.680505752563477,44600
1999-12-08,12.58969138223658,12.64748012956488,12.416325140251683,12.482369422912598,34600
1999-12-09,12.449350245898923,12.573183305374046,12.300750574528777,12.465861320495605,50700
1999-12-10,12.564913935655033,12.564913935655033,12.399803371454572,12.531891822814941,56700
1999-12-13,12.333770229550101,12.441092192725572,12.168659516972456,12.267725944519043,58800
1999-12-14,12.086099562940571,12.350276602567687,12.077844030452223,12.25121021270752,81200
1999-12-15,12.333772723722143,12.48237239509229,12.193428589650338,12.465861320495605,88600
1999-12-16,12.342026531696321,12.342026531696321,12.102615983589837,12.152149200439453,64100
1999-12-17,12.187650680541992,12.30356583647106,12.121413448582524,12.187650680541992,1213100
1999-12-20,12.063454993576817,12.162810834292618,11.9227008858961,12.030336380004883,905900
1999-12-21,12.063454840728358,12.063454840728358,11.864743161814507,11.914421081542969,1212300
1999-12-22,12.030334640378115,12.237325945271062,11.988936379399524,12.146249771118164,750600
1999-12-23,12.25388514132666,12.436037488022055,12.25388514132666,12.353240966796875,431000
1999-12-27,12.469158539600603,12.585073692027168,12.278726503471244,12.436039924621582,2693700
1999-12-28,12.411203989886598,12.485720891760499,12.278729497666326,12.336687088012695,75700
1999-12-29,12.320125144460926,12.411201338405194,12.154532064562257,12.187650680541992,62800
1999-12-30,12.212486924238135,12.320122402214471,12.171088663478006,12.195927619934082,63400
1999-12-31,12.19592681506919,12.287002982730943,12.12968960222428,12.204206466674805,35400
2000-01-03,12.25389037813459,12.25389037813459,11.906144840376717,12.05517864227295,634300
2000-01-04,11.823345181630271,12.005497558378076,11.699150379302223,11.715709686279297,172000
2000-01-05,11.798508912324907,11.98066133062045,11.707432703177135,11.922703742980957,343600
2000-01-06,12.005495683790961,12.187648032096755,11.914419509638064,12.146249771118164,420800
2000-01-07,12.36152935700539,12.94110541527088,12.328410725104504,12.916266441345215,337100
2000-01-10,12.78378493512263,12.874861123131923,12.576793598737874,12.626471519470215,451700
2000-01-11,12.684429093657947,12.800344242033411,12.593352905648654,12.626471519470215,142900
2000-01-12,12.71754792991683,12.816903773119305,12.65131070111518,12.692708969116211,84300
2000-01-13,12.767227026798908,12.866582879147538,12.593354285188806,12.758947372436523,233800
2000-01-14,12.965944301264715,12.974223959183785,12.651317300340029,12.8003511428833,76100
2000-01-18,12.659593231427042,12.742389786243438,12.535398399202446,12.585076332092285,218300
2000-01-19,12.643037412931218,12.734113648387828,12.56024083524339,12.676156044006348,137800
2000-01-20,12.742390253054385,12.742390253054385,12.39464471008604,12.502280235290527,425500
2000-01-21,12.576799487237233,12.576799487237233,12.25389285129105,12.361528396606445,345000
2000-01-24,12.460880868188267,12.460880868188267,11.798508463234738,12.005499839782715,278200
2000-01-25,11.964102773693021,12.005501053186768,11.831628279313028,11.856467247009277,85000
2000-01-26,11.930981268437263,12.071735384720007,11.881303345043355,11.964099884033203,385500
2000-01-27,11.964100022678789,12.204209988531858,11.864744174739588,12.187650680541992,67800
2000-01-28,11.947538978106355,12.20420821464225,11.947538978106355,12.088293075561523,37100
2000-01-31,11.90613811290256,12.311841011047363,11.790222999146904,12.311841011047363,195800
2000-02-01,12.212489642526792,12.237328604511593,11.997218638658524,12.187650680541992,104000
2000-02-02,12.245609655218608,12.278728274975792,12.10485552125058,12.212491035461426,72700
2000-02-03,12.113133209595567,12.204209399141398,11.988938405669433,12.046895980834961,87900
2000-02-04,12.245605577628911,12.245605577628911,11.980656707795156,12.038614273071289,137500
2000-02-07,11.988938917470044,12.088294764852392,11.93926099377887,12.02205753326416,31600
2000-02-08,12.187652297247025,12.27044884817941,12.10485574631464,12.171092987060547,314700
2000-02-09,12.179373623331525,12.187653279091776,11.930983950523947,12.063458442687988,90900
2000-02-10,12.013781065967951,12.013781065967951,11.657755851745607,11.657755851745605,149100
2000-02-11,11.781945697472286,11.781945697472286,11.401081676331229,11.434200286865234,166800
2000-02-14,11.467328494151662,11.583243728027563,11.401091217651148,11.492167472839355,209200
2000-02-15,11.583237690350973,11.75711045053494,11.47560217214185,11.748830795288086,54500
2000-02-16,11.723992751955219,11.732272407853491,11.492162386803562,11.58323860168457,315500
2000-02-17,11.591512267579187,11.69086808701558,11.409359931945799,11.4093599319458,113700
2000-02-18,11.442478058096595,11.459037360640874,11.160969914843857,11.276885032653809,191300
2000-02-22,11.376241265004769,11.508715690215887,11.185809278763788,11.459037780761719,266600
2000-02-23,11.45904296469301,11.46732262001432,11.18581433908978,11.210653305053711,103200
2000-02-24,11.218930757962742,11.218930757962742,10.838066687950722,10.97882080078125,166100
2000-02-25,10.904304814172733,11.020219975447157,10.647635528493646,10.70559310913086,258800
2000-02-28,10.83806741653697,10.98710119308217,10.655915022981727,10.91258430480957,222000
2000-02-29,10.987099490634195,11.028497755482102,10.862904696090478,10.871184349060059,131300
2000-03-01,10.821513276389707,10.929148833079122,10.730437036114047,10.771835327148438,295500
2000-03-02,10.689027837449057,10.846341182849159,10.689027837449057,10.796663284301758,1447500
2000-03-03,10.829792360939608,10.862910992012818,10.697317836646768,10.738716125488281,220900
2000-03-06,10.639350903919336,10.763545661552635,10.48203754425049,10.482037544250488,315100
2000-03-07,10.175695671661071,10.175695671661071,9.72031466113108,9.919026374816895,224100
2000-03-08,10.034943087187857,10.333010703638982,9.8610703109247,10.225375175476074,309900
2000-03-09,10.25848727346595,10.581393652533885,10.200529718248626,10.498597145080566,1267300
2000-03-10,10.498599698613951,10.597955531723862,10.299888032394128,10.374404907226562,1967700
2000-03-13,10.150853242897348,10.374403844494598,10.13429393907533,10.208810806274414,1061900
2000-03-14,10.333001614394817,10.333001614394817,10.068052855051361,10.150849342346191,552800
2000-03-15,10.159130252943449,10.846341182849159,10.084613405122347,10.796663284301758,1582200
2000-03-16,11.127860439524932,11.45904676212984,10.995385910482968,11.260334968566895,580200
2000-03-17,11.49582708288122,11.504133316322608,11.122046578018754,11.213415145874023,116000
2000-03-20,11.271560331809326,11.271560331809326,10.980842121335247,11.113741874694824,563400
2000-03-21,11.138661558105065,11.321398735046387,11.038986734318891,11.321398735046387,32600
2000-03-22,11.188497933410328,11.263254044323983,11.055598180674941,11.230029106140137,132900
2000-03-23,11.22171989329976,11.346313378421518,11.080513943495099,11.138657569885254,126400
2000-03-24,11.163577416491671,11.246639748459614,10.906084187391045,10.939309120178223,231100
2000-03-27,11.047294235229492,11.047294235229492,10.789800910949706,10.798107147216797,52200
2000-03-28,10.789797331081143,10.980840701839316,10.76487863054747,10.922697067260742,71600
2000-03-29,10.997452280657681,11.230026800188206,10.931002417934675,11.188495635986328,36200
2000-03-30,11.14696550753527,11.429377450349131,11.14696550753527,11.338008880615234,62200
2000-03-31,11.163579881805735,11.429379402801109,11.130354941681313,11.279867172241211,439800
2000-04-03,11.495825974370392,11.79485034942627,11.354620019482896,11.79485034942627,76600
2000-04-04,11.72840081306353,12.226774785290026,11.653644717229556,12.127099990844727,823600
2000-04-05,12.093879233466255,12.093879233466255,11.877917104297214,11.960979461669922,38800
2000-04-06,11.828078446664769,11.92775326503554,11.603810105330535,11.745016098022461,55100
2000-04-07,11.844684032451115,11.86129649252468,11.562272211200527,11.595497131347656,169700
2000-04-10,11.711795654936655,11.936064082371612,11.628733274405189,11.886226654052734,55200
2000-04-11,11.994204867017139,12.160329588166961,11.877917562212263,12.093879699707031,60900
2000-04-12,12.15201555072088,12.4759585489971,12.052340782020503,12.235077857971191,76500
2000-04-13,11.960974254595117,12.226773682475008,11.936055558231377,12.152017593383789,506700
2000-04-14,11.794848178120333,11.99419772479279,11.454292702554886,11.553967475891113,62900
2000-04-17,11.86961417794644,11.886226654052733,11.545670893873725,11.886226654052734,139500
2000-04-18,11.695179918077258,11.960979461669922,11.695179918077258,11.960979461669922,129000
2000-04-19,12.019123840593851,12.22677974661655,11.828080407052967,12.10218620300293,39500
2000-04-20,12.068960991534558,12.185248296339434,12.010817339132121,12.093879699707031,14300
2000-04-24,12.093874324451795,12.47596101327376,12.093874324451795,12.42612361907959,75300
2000-04-25,12.426127462598442,12.459352402338011,12.226777824161033,12.3679838180542,51400
2000-04-26,12.392899831999904,12.392899831999904,12.118794138664786,12.226775169372559,39100
2000-04-27,12.068956739876581,12.226775169372559,12.052344273613848,12.226775169372559,27900
2000-04-28,12.193552294644443,12.193552294644443,11.844690444252707,11.877915382385254,56400
2000-05-01,11.960982538718547,12.127107296200748,11.778245305488124,12.027432441711426,21200
2000-05-02,12.010813425395114,12.110488225605861,11.90283239183347,12.060650825500488,19000
2000-05-03,12.193550559114819,12.210163025816609,11.960976025289739,12.060650825500488,309800
2000-05-04,12.09387575890407,12.193550559114819,11.969282258640636,12.060650825500488,30600
2000-05-05,12.027426471941242,12.343063354492186,12.027426471941242,12.343063354492188,11600
2000-05-08,12.401207705744806,12.600557327270508,12.334757831902904,12.600557327270508,277200
2000-05-09,12.633784143943487,12.658702850341797,12.47596567008752,12.658702850341797,975200
2000-05-10,12.575642585754393,12.608867533140799,12.392905375129164,12.575642585754395,87000
2000-05-11,12.500878329630252,12.600553107009363,12.426122246595918,12.559021949768066,28800
2000-05-12,12.534105472845942,12.534105472845942,12.309837184067387,12.392899513244629,26400
2000-05-15,12.384596525882099,12.750070870039584,12.384596525882099,12.700233459472656,188200
2000-05-16,12.741769471087062,12.741769471087062,12.492582323673364,12.642094612121582,1201000
2000-05-17,12.559029764651314,12.725154496987972,12.559029764651314,12.683623313903809,19000
2000-05-18,12.608865437545177,12.750071440468936,12.608865437545177,12.658702850341797,12100
2000-05-19,12.55901965411556,12.750062942504883,12.509182274535736,12.750062942504883,17800
2000-05-22,12.67531121696522,12.858048338048599,12.525799026987912,12.708536148071289,41400
2000-05-23,12.592257182638843,12.691932041604323,12.55903222965035,12.642094612121582,17700
2000-05-24,12.774990812835204,12.957728002615681,12.708540925642303,12.916196823120117,24700
2000-05-25,12.799902772688235,12.941108708532298,12.741759152046562,12.882965087890625,85400
2000-05-26,12.899580810860678,12.999255614292958,12.791599773809045,12.92449951171875,35500
2000-05-30,12.949419610948816,12.949419610948816,12.67531387191013,12.84974479675293,161300
2000-05-31,12.725152015686035,12.907889185624086,12.725152015686035,12.725152015686035,84900
2000-06-01,12.849749503036339,12.990955541531244,12.442743862668673,12.758380889892578,96400
2000-06-02,12.758373216769217,12.766679449332218,12.293224193241173,12.318142890930176,1366300
2000-06-05,12.309841842445307,12.451047855482804,12.235085717896043,12.301535606384277,30800
2000-06-06,12.359675821994868,12.442738159508274,12.2433885494761,12.343063354492188,32000
2000-06-07,12.53410723110966,12.633782040104569,12.417819953948934,12.475963592529297,38200
2000-06-08,12.475963592529297,12.509188528860934,12.268307740456573,12.475963592529297,40100
2000-06-09,12.417820703834199,12.667007741369332,12.417820703834199,12.617170333862305,85500
2000-06-12,12.534107453428607,12.725150840724073,12.492576282277419,12.600557327270508,12700
2000-06-13,12.550719730546298,12.874662860586872,12.550719730546298,12.7417631149292,150000
2000-06-14,12.891272133688517,13.024171846406954,12.866353437553808,12.90788459777832,139100
2000-06-15,13.082318552972694,13.148768424987795,12.957725042944384,13.148768424987793,144900
2000-06-16,13.162489814758299,13.162489814758299,12.904401779174803,12.904401779174805,24400
2000-06-19,12.929378509521484,13.05425982159027,12.837798880671043,12.929378509521484,51500
2000-06-20,12.921051715335873,12.921051715335873,12.704590797424316,12.704590797424316,86100
2000-06-21,12.787843052096722,12.954351425170898,12.771192214789304,12.954351425170898,96300
2000-06-22,12.821151831146922,12.821151831146922,12.637992519273395,12.671294212341309,48000
2000-06-23,12.704591083526612,12.837797805241177,12.696265663419451,12.821146965026855,87200
2000-06-26,12.754546681428568,13.104214410292798,12.754546681428568,12.987658500671387,39900
2000-06-27,12.995982881748317,13.187467575073244,12.995982881748317,13.187467575073242,74100
2000-06-28,13.179142153624333,13.187467575073244,12.954355774503767,13.187467575073242,104300
2000-06-29,13.154160495992,13.337319692771636,13.120858823850249,13.304018020629883,42600
2000-06-30,13.204112844791945,13.445549964904785,13.104207829572838,13.445549964904785,111900
2000-07-03,13.362300988328178,13.470531463623049,13.270721355386366,13.470531463623047,59500
2000-07-05,13.562114595043967,13.64536882828549,13.428907821857532,13.503836631774902,72900
2000-07-06,13.570439369220452,13.670344444331278,13.437232602406018,13.520486831665039,123700
2000-07-07,13.487179608945143,13.487179608945143,13.345647477246336,13.428901672363281,22300
2000-07-10,13.478851793439148,13.553780555725098,13.37062135902611,13.553780555725098,47900
2000-07-11,13.420579686641984,13.570437276195058,13.420579686641984,13.562111854553223,19700
2000-07-12,13.545453847799086,13.545453847799086,13.287365913391115,13.287365913391113,219900
2000-07-13,13.320671450394103,13.320671450394103,12.98765466413425,13.087559700012207,53400
2000-07-14,13.004302660624187,13.004302660624187,12.771190961201986,12.937699317932129,39900
2000-07-17,12.937699634195443,13.170811339316082,12.862770871835238,13.004302978515625,55600
2000-07-18,13.129187454043143,13.129187454043143,12.946028212452179,13.020956993103027,114900
2000-07-19,13.104211508847134,13.104211508847134,12.937703103397997,13.03760814666748,37200
2000-07-20,12.95435368674142,13.029282467705864,12.821146965026855,12.821146965026855,11500
2000-07-21,12.82946920333131,12.95435047396724,12.804492949204123,12.854445457458496,49100
2000-07-24,12.987659062225806,13.170818356693092,12.987659062225806,13.120865821838379,210100
2000-07-25,12.804497370116163,12.987656630286875,12.804497370116163,12.887751579284668,94600
2000-07-26,12.854452902767411,13.020961360057145,12.804500365580491,12.896080017089844,36500
2000-07-27,12.912729701629052,13.104214410292798,12.879428013165793,12.987658500671387,29600
2000-07-28,13.0958833694458,13.154161299252616,12.987652928376,13.0958833694458,106300
2000-07-31,13.054256449015403,13.095883542283948,12.904398913248645,12.954351425170898,52000
2000-08-01,13.012637348317387,13.38728141784668,13.012637348317387,13.38728141784668,691600
2000-08-02,13.27072060352983,13.470530700446213,13.27072060352983,13.378951072692871,44500
2000-08-03,13.420573869554122,13.503828049886344,13.353970525288345,13.453875541687012,67000
2000-08-04,13.40392207861541,13.40392207861541,13.195786642612067,13.35396957397461,60300
2000-08-07,13.337325161153622,13.353976004051441,13.187467575073244,13.187467575073242,25900
2000-08-08,13.120859612465503,13.320669657325384,13.120859612465503,13.24574089050293,28300
2000-08-09,13.087560113729376,13.345648131239306,12.687939957584966,12.704590797424316,101500
2000-08-10,12.721242989406845,12.954354771935241,12.721242989406845,12.929378509521484,28700
2000-08-11,12.929377372307545,13.137512874115458,12.929377372307545,13.020956993103027,253300
2000-08-14,13.062587738037111,13.11254027240819,13.004309781270852,13.06258773803711,15600
2000-08-15,13.037608146667479,13.187465711571704,13.037608146667479,13.03760814666748,30700
2000-08-16,13.037609681468243,13.204118106518925,13.037609681468243,13.170816421508789,17800
2000-08-17,13.220764647603263,13.229090066147092,13.054256276726647,13.0958833694458,120100
2000-08-18,13.037604331970217,13.037604331970217,12.921048482259115,12.937699317932129,18200
2000-08-21,13.02095792976914,13.170815501850882,13.02095792976914,13.070910453796387,19200
2000-08-22,13.079234933609243,13.154163714260092,13.020956993103027,13.020956993103027,8700
2000-08-23,12.954352353397743,13.120860738402856,12.954352353397743,13.104209899902344,138200
2000-08-24,13.004306152958394,13.104211193826194,12.98765531281376,13.020956993103027,11300
2000-08-25,13.05425961245397,13.070910453796387,12.954354564399477,13.070910453796387,13300
2000-08-28,13.062586162798702,13.17081664088435,12.995982791669071,13.029284477233887,20300
2000-08-29,12.854449757966496,12.954354807898877,12.821148074655701,12.829473495483398,30000
2000-08-30,12.771195411682129,12.871100460534922,12.721242887255732,12.771195411682129,20500
2000-08-31,12.762877116206411,12.871107646219903,12.762877116206411,12.796178817749023,39000
2000-09-01,12.821147953652586,12.887751319645586,12.721242904663084,12.721242904663086,750400
2000-09-05,12.754542843573828,12.754542843573828,12.488129416031816,12.679614067077637,905400
2000-09-06,12.671287555643852,12.671287555643852,12.388223313270732,12.521430015563965,65100
2000-09-07,12.454822263855865,12.654632246698473,12.454822263855865,12.637981414794922,41100
2000-09-08,12.563056305826851,12.72123925467424,12.563056305826851,12.629659652709961,2931200
2000-09-11,12.654640818518292,12.721244191247335,12.60468828897151,12.687942504882812,1523600
2000-09-12,12.69626977543036,12.787849426269531,12.637991815805435,12.787849426269531,1444100
2000-09-13,12.796174849073092,12.88775449991226,12.754547735055286,12.787849426269531,50100
2000-09-14,12.704594639727945,12.78784886410362,12.588038725602,12.654642105102539,55900
2000-09-15,12.70278012311017,12.769636860600222,12.569066648130063,12.635923385620117,194400
2000-09-18,12.55234764557691,12.70277524718835,12.55234764557691,12.652632713317871,88400
2000-09-19,12.552346619578339,12.719488385484842,12.552346619578339,12.66934585571289,29800
2000-09-20,12.560703237640096,12.602488677552405,12.43534691790317,12.569060325622559,30900
2000-09-21,12.569056911172027,12.936768682509506,12.569056911172027,12.903340339660645,35000
2000-09-22,13.137343385165794,13.337913513183592,13.053772498491712,13.337913513183594,54800
2000-09-25,13.154061923889083,13.271061204025328,13.128990649574174,13.220918655395508,60300
2000-09-26,13.087205799258484,13.204205084820183,13.011991972825964,13.103919982910156,41100
2000-09-27,13.053775489520238,13.212560210583543,13.011990036608841,13.112275123596191,23300
2000-09-28,13.212557304152439,13.421484522750674,13.17912894917672,13.31284236907959,51500
2000-09-29,13.454909751085733,13.505052271897233,13.346267622660816,13.362981796264648,71100
2000-10-02,13.279413892511736,13.388056045188042,13.21255718317247,13.337913513183594,22000
2000-10-03,13.337913513183592,13.454912754527308,13.20420009450506,13.337913513183594,15600
2000-10-04,13.362992055944755,13.362992055944755,13.145707632270856,13.229278564453125,6500
2000-10-05,13.337919129265678,13.555203526108352,13.287776576148138,13.53848934173584,542600
2000-10-06,13.563556214728614,13.588627483147706,13.271058083172544,13.463271141052246,20000
2000-10-09,13.421483119527002,13.505053998228913,13.321198065084708,13.404768943786621,105100
2000-10-10,13.429841186345246,13.68891092920567,13.40476992090714,13.596982955932617,45600
2000-10-11,13.672202594463641,13.772487699068508,13.555203305757962,13.58027458190918,84400
2000-10-12,13.538487740612904,13.730700838164816,13.438202646237993,13.663844108581543,24800
2000-10-13,13.638762142783717,13.638762142783717,13.371335434101683,13.496691703796387,47700
2000-10-16,13.513416339189577,13.688915252685545,13.505059248070722,13.688915252685547,16600
2000-10-17,13.663835831473584,13.864405898724572,13.663835831473584,13.805906295776367,20600
2000-10-18,13.672199570432278,13.822627194067842,13.555200307604618,13.797555923461914,60800
2000-10-19,13.413129138181713,13.638770562936172,13.37970077895883,13.546842575073242,24200
2000-10-20,13.471631138932471,13.655487147032046,13.454916956377964,13.638772964477539,16900
2000-10-23,13.588629691943463,13.906199143538698,13.588629691943463,13.780842781066895,30800
2000-10-24,13.730700970849218,13.839343157471886,13.638772966783886,13.82262897491455,26100
2000-10-25,13.889488730568614,14.232129547628368,13.889488730568614,14.148558616638184,39200
2000-10-26,13.989763359978515,14.232118878162133,13.973049186310678,14.173619270324707,184500
2000-10-27,14.03155335145972,14.064981709652598,13.847697381398902,14.014839172363281,17200
2000-10-30,14.148553830482463,14.357481087282263,14.039911656946568,14.340766906738281,40400
2000-10-31,14.307345482898734,14.307345482898734,14.05663265317504,14.290631294250488,53500
2000-11-01,14.307333148893763,14.357475671611848,14.148548493619826,14.273904800415039,39100
2000-11-02,14.240478880215536,14.248835968760263,14.090051286410441,14.165265083312988,33700
2000-11-03,14.198691882838274,14.198691882838274,14.056621393133595,14.090049743652344,26700
2000-11-06,14.04826773142787,14.415979676807304,14.039910641760155,14.3574800491333,118500
2000-11-07,14.432697479476793,14.432697479476793,14.173627634738068,14.215413093566895,38500
2000-11-08,14.457756628935364,14.633255408824176,14.432685374665535,14.541327476501465,37100
2000-11-09,14.53297222249133,14.583114737347538,14.173617532688496,14.558043479919434,57300
2000-11-10,14.566403075261228,14.758616081991581,14.449403853773184,14.633259773254395,107100
2000-11-13,14.532972908918124,14.532972908918124,14.090047340101183,14.198689460754395,45700
2000-11-14,14.165265025094499,14.432691857426665,14.039908697438795,14.374192237854004,32700
2000-11-15,14.407622337341307,14.491193232569506,14.27390890497619,14.407622337341309,175100
2000-11-16,14.42433254034431,14.558045935851558,14.34076166815228,14.441046714782715,18800
2000-11-17,14.44940380200192,14.608188459166774,14.31569040649467,14.441046714782715,27400
2000-11-20,14.441052649924732,14.507909375155865,14.3741959246936,14.399267196655273,39600
2000-11-21,14.491193026712494,14.65833481479453,14.482835937308392,14.641620635986328,37100
2000-11-22,14.441052623630798,14.708479524068405,14.441052623630798,14.591480255126953,49900
2000-11-24,14.574760110289963,14.574760110289963,14.357475842590686,14.441046714782715,25000
2000-11-27,14.499545914167987,14.817115219492704,14.374189609434547,14.73354434967041,58500
2000-11-28,14.741912976659911,14.942483221240318,14.733555883135727,14.892340660095215,64600
2000-11-29,14.800402442614237,15.143043041229246,14.800402442614237,15.042757987976074,66700
2000-11-30,15.159765325474023,15.251693340126842,14.78369617462158,14.783696174621582,472400
2000-12-01,14.725194798621104,14.725194798621104,14.466124969587474,14.566410064697266,57800
2000-12-04,14.541336459082524,14.89233423568107,14.524622279244499,14.842191696166992,77400
2000-12-05,14.842195170962174,14.909051905966509,14.566411139069295,14.72519588470459,51900
2000-12-06,14.6750451569204,14.725187680235617,14.232119534302642,14.441046714782715,65600
2000-12-07,14.574763879596473,14.6583347734015,14.457764628269437,14.649977684020996,45100
2000-12-08,14.374195898521396,14.708479524068405,14.374195898521396,14.591480255126953,62700
2000-12-11,14.457761125420584,14.633259959891006,14.382547339218974,14.390904426574707,66300
2000-12-12,14.365841424279022,14.591482912618483,14.365841424279022,14.44941234588623,20600
2000-12-13,14.491186765524056,14.808756025668181,14.491186765524056,14.775327682495117,44000
2000-12-14,14.775333941424334,14.792048120091103,14.624906333423407,14.666691780090332,21400
2000-12-15,14.684456642404902,14.684456642404902,14.533588937174715,14.600641250610352,31500
2000-12-18,14.491684245192296,14.717985849946599,14.491684245192296,14.684459686279297,27300
2000-12-19,14.810186034073729,15.019724602750493,14.743133692097164,14.826949119567871,47400
2000-12-20,14.88561921353671,15.07839468758589,14.81018533238703,14.860474586486816,50000
2000-12-21,14.75152128486223,14.885626023815522,14.734758192493068,14.810192108154297,44300
2000-12-22,14.71798255660317,14.776653329892591,14.609022549065676,14.751508712768555,60600
2000-12-26,14.751505137153988,15.053240469504864,14.751505137153988,15.044858932495117,51400
2000-12-27,14.977814989981892,15.363365907463239,14.977814989981892,15.145445823669434,37100
2000-12-28,15.304690887259813,15.396887820315596,15.22087549357274,15.371743202209473,55900
2000-12-29,15.321460723876955,15.489091585188518,15.321460723876955,15.321460723876953,34400
2001-01-02,15.354980540645624,15.422032857417001,15.044863575577999,15.1202974319458,164200
2001-01-03,15.212495921310612,15.212495921310612,14.424631118774414,14.424631118774414,316800
2001-01-04,14.013937939172504,14.122897982957936,13.678676265986558,13.85468864440918,271500
2001-01-05,13.879831827603851,14.131278056364792,13.779253336099476,13.946884155273438,64300
2001-01-08,13.980408885443387,14.12289506712956,13.913356564649893,14.039079666137695,39600
2001-01-09,13.980419904750546,14.315681772969983,13.980419904750546,14.189958572387695,56200
2001-01-10,14.298906970009941,14.298906970009941,13.980408456023788,14.106131553649902,36500
2001-01-11,14.013933156331381,14.047459312207772,13.745723909320255,13.82953929901123,49300
2001-01-12,13.754107690551907,13.946883118268357,13.754107690551907,13.81277847290039,69400
2001-01-16,13.829539965042304,14.13127538246141,13.787632268178541,14.005552291870117,139600
2001-01-17,13.913356259140496,13.997171658291945,13.787633160413323,13.846303939819336,56100
2001-01-18,13.82954288173366,14.131278362789669,13.82954288173366,13.955265998840332,63900
2001-01-19,13.946882418801074,13.946882418801074,13.745725460837598,13.846303939819336,338600
2001-01-22,13.963649498426525,14.047464921586348,13.871452532950721,13.930123329162598,35000
2001-01-23,13.88821795509735,14.064230373357486,13.821165605283966,14.022322654724121,40200
2001-01-24,14.013939306560074,14.013939306560074,13.821163825668398,13.972031593322754,76600
2001-01-25,14.013932789534715,14.265378952026367,13.955262018286664,14.265378952026367,53600
2001-01-26,14.340820127990902,14.382727843151601,14.122900009155273,14.122900009155273,45900
2001-01-29,14.27409919103033,14.28482678538409,13.962976445751263,14.005889892578125,48200
2001-01-30,14.043438774591715,14.188272038667966,13.952247573855253,14.166814804077148,59500
2001-01-31,14.215097212116044,14.241917740997074,13.946887830755363,14.204368591308594,139900
2001-02-01,14.279463935342799,14.40283997084121,14.215093251570366,14.327740669250488,53900
2001-02-02,14.510124126494032,14.510124126494032,14.354563249454594,14.418932914733887,63600
2001-02-05,14.494032892458591,14.53694634567641,14.397477366934137,14.40820598602295,108900
2001-02-06,14.504761043911866,14.51012433014593,14.376019665271615,14.472575187683105,90700
2001-02-07,14.536940684837518,14.590582736255367,14.42429227454633,14.499391555786133,34200
2001-02-08,14.45648956298828,14.563772727611944,14.418939381075264,14.456489562988281,62800
2001-02-09,14.563771461452358,14.617413550669522,14.48330883919549,14.57450008392334,1596600
2001-02-12,14.644236738643215,14.730063687695615,14.542317876104704,14.69787883758545,26800
2001-02-13,14.697865815954035,14.697865815954035,14.445749504368283,14.499391555786133,116400
2001-02-14,14.386751629494098,14.429665091307433,14.252646933435223,14.36529541015625,108800
2001-02-15,14.268730381928881,14.295550894060003,14.107804239731278,14.23654556274414,62800
2001-02-16,14.225817131913209,14.306279692480162,14.134625957100805,14.284822463989258,34900
2001-02-20,14.359923252389633,14.429657206052754,14.24727483722665,14.354558944702148,29000
2001-02-21,14.349201331726812,14.46184877630911,14.26873872514838,14.311652183532715,36300
2001-02-22,14.327744661181484,14.343837592392658,14.048807682150947,14.204368591308594,128700
2001-02-23,14.03807765999707,14.150725097817517,13.903972982703683,14.097084045410156,102800
2001-02-26,13.946885554268093,14.23118782043457,13.920065029764856,14.23118782043457,63500
2001-02-27,14.113166835485538,14.284820547839457,14.113166835485538,14.241907119750977,27400
2001-02-28,14.300921222689587,14.397476744036629,14.161452249981346,14.290192604064941,20300
2001-03-01,14.290188687308515,14.300917302992586,14.091714412838732,14.156084060668945,43600
2001-03-02,14.258007771328389,14.295556913377263,14.172180868605993,14.290192604064941,219200
2001-03-05,14.150717673023248,14.252637460768034,14.05416321546903,14.23654556274414,20400
2001-03-06,14.161451399188639,14.19363622999159,13.914699324470487,13.946884155273438,45800
2001-03-07,13.995166643304598,14.016622863379494,13.710864309564137,13.855697631835938,44300
2001-03-08,13.812784820975008,14.054173702829658,13.812784820975008,13.973710060119629,89800
2001-03-09,13.946878119180985,14.15071665689648,13.946878119180985,14.059525489807129,40500
2001-03-12,13.893237838868407,14.027342453187863,13.62502861022949,13.625028610229492,35600
2001-03-13,13.507017246359785,13.571386889841447,13.31390626964073,13.55529499053955,153600
2001-03-14,13.260268333378942,13.512385747483084,13.169077124197361,13.222719192504883,221500
2001-03-15,13.33000269778249,13.33000269778249,13.115435457852124,13.238811492919922,20100
2001-03-16,13.23989598987745,13.277555016931922,12.965521759168613,13.078498840332031,42600
2001-03-19,13.019303461077394,13.245258348455769,13.019303461077394,13.229118347167969,88800
2001-03-20,13.207610528493962,13.261409556282084,12.911717414855957,12.911717414855957,318400
2001-03-21,12.868674635055065,12.954752643894432,12.556641596479658,12.588920593261719,142600
2001-03-22,12.373728413647589,12.459806442260742,12.115494327808134,12.459806442260742,57400
2001-03-23,12.588925934122992,12.793362061446773,12.44366884778208,12.755702018737793,35200
2001-03-26,12.884817431589848,12.99241445283096,12.777219384217709,12.9278564453125,43900
2001-03-27,12.933238270063356,13.218371391296387,12.933238270063356,13.218371391296387,30300
2001-03-28,13.035451232217975,13.336725302767807,13.035451232217975,13.256026268005371,19300
2001-03-29,13.320584278366375,13.46046129489302,13.169947254538272,13.288305282592773,34400
2001-03-30,13.35824556775122,13.417424591923337,13.229128536391922,13.299066543579102,12900
2001-04-02,13.342108499391793,13.358248516673829,13.035455353951361,13.121533393859863,77500
2001-04-03,13.046215428808852,13.16457247772484,12.825640322206084,12.879439353942871,38200
2001-04-04,12.831021838571086,13.06235698398221,12.814881819310553,13.04621696472168,18800
2001-04-05,13.148434642137785,13.234512690029746,12.992417539001563,13.180713653564453,24200
2001-04-06,13.153808621002364,13.245266633245695,13.019311604534572,13.13766860961914,24800
2001-04-09,13.288306620533453,13.315205615364665,13.132289577345954,13.250646591186523,25300
2001-04-10,13.352867460786218,13.352867460786218,13.126912367263689,13.23451042175293,25100
2001-04-11,13.116151210468631,13.116151210468631,12.831018135410599,12.981654167175293,31300
2001-04-12,13.03007433780895,13.16457139300317,12.954756315262136,13.153812408447266,19100
2001-04-16,13.153812408447267,13.288309463641488,13.089253370456358,13.153812408447266,13600
2001-04-17,13.191468546770336,13.444322586059572,13.191468546770336,13.44432258605957,37900
2001-04-18,13.46046646469966,13.503505484304863,13.212991332371367,13.31520938873291,19700
2001-04-19,13.234509806540817,13.261408805847166,13.12691175705332,13.261408805847168,53600
2001-04-20,13.17532604992093,13.180706053078277,13.008550056565918,13.1161470413208,25000
2001-04-23,13.315210731662049,13.315210731662049,13.105395618191805,13.180713653564453,32800
2001-04-24,13.153808991237392,13.202228000619092,12.938612937927246,12.938612937927246,16300
2001-04-25,12.976270709737346,13.315202690358065,12.976270709737346,13.282923698425293,68100
2001-04-26,13.261404027005959,13.41204103677913,13.180706032035957,13.406661033630371,132600
2001-04-27,13.422803285205825,13.541160295856665,13.320585260566414,13.48198127746582,29600
2001-04-30,13.66490237845905,13.734841430883055,13.557305335998535,13.557305335998535,40200
2001-05-01,13.616477323269558,13.761734343735265,13.557299335255614,13.707935333251953,23000
2001-05-02,13.691794421317288,13.691794421317288,13.519637406775148,13.627235412597656,61900
2001-05-03,13.568064321952725,13.568064321952725,13.406668245196336,13.557305335998535,27700
2001-05-04,13.557303098350838,13.707939138159164,13.48736405747035,13.675660133361816,647300
2001-05-07,13.734837577463074,13.734837577463074,13.616479529992215,13.670278549194336,34400
2001-05-08,13.67565282509629,13.686412829655614,13.514256861228459,13.621853828430176,25500
2001-05-09,13.632617288847795,13.729455302169065,13.621857281560816,13.69179630279541,17900
2001-05-10,13.750970804750542,13.750970804750542,13.594954843162373,13.621853828430176,24500
2001-05-11,13.643382122590712,13.664901118646414,13.481985034582825,13.546544075012207,43300
2001-05-14,13.508879070547977,13.664895057678223,13.492739061066635,13.664895057678223,16400
2001-05-15,13.589580863733884,13.6326198749154,13.476602818050546,13.584200859069824,35000
2001-05-16,13.713320894775594,14.068393071289314,13.62186284772623,13.998455047607422,436700
2001-05-17,14.095288960211656,14.116807951127042,13.960791932065097,14.068388938903809,55800
2001-05-18,14.095291510643523,14.095291510643523,13.896235421471395,13.993073463439941,26500
2001-05-21,14.030727391200413,14.030727391200413,13.858571390568496,13.982308387756348,24300
2001-05-22,13.950034845976955,13.950034845976955,13.799397773488273,13.842436790466309,40100
2001-05-23,13.939272602866993,13.939272602866993,13.686418546881232,13.718697547912598,29100
2001-05-24,13.74559016603927,13.794009158183883,13.568054203552505,13.777870178222656,48200
2001-05-25,13.750973055984016,13.76173306230491,13.61109605220443,13.664895057678223,131600
2001-05-29,13.713311179986347,13.847808152359063,13.697171173894654,13.777870178222656,46000
2001-05-30,13.826293337277676,13.928510328272733,13.79401331536587,13.853192329406738,39100
2001-05-31,13.810155257229818,13.837054253119843,13.729457243428822,13.756356239318848,23600
2001-06-01,13.772496841416995,13.960792899091109,13.72407782583991,13.9392728805542,61700
2001-06-04,13.880089707541687,14.014586704809071,13.858570721566847,13.96078872680664,24100
2001-06-05,14.03072867599508,14.12218668797194,13.917751675034088,14.106046676635742,61400
2001-06-06,14.079154474189354,14.079154474189354,13.880098342895508,13.880098342895508,41900
2001-06-07,13.87471835140535,14.041494432302931,13.87471835140535,13.976935386657715,34300
2001-06-08,14.009215446894734,14.009215446894734,13.863958363538949,13.89623737335205,11700
2001-06-11,13.826297540480521,13.912375572818224,13.702559471130371,13.702559471130371,40100
2001-06-12,13.729454676478921,13.88009066710863,13.707934662885691,13.863951683044434,1029200
2001-06-13,13.788635239613063,13.842434257524031,13.756356239318848,13.756356239318848,50500
2001-06-14,13.78325213686959,13.85319012093412,13.740213140645894,13.74559211730957,26700
2001-06-15,13.654387883750502,13.767725238879741,13.632800453351003,13.665182113647461,22400
2001-06-18,13.638194530039817,13.794706711100929,13.61120896130915,13.708354949951172,24500
2001-06-19,13.665175096535625,13.751526832580566,13.643587677221337,13.751526832580566,34300
2001-06-20,13.805501807024148,13.951220799153594,13.805501807024148,13.8270902633667,17200
2001-06-21,13.897247821053496,13.999790908740145,13.789307620394492,13.945820808410645,18200
2001-06-22,13.719151718287176,13.719151718287176,13.524859705019443,13.557242393493652,430300
2001-06-25,13.681376451809214,13.681376451809214,13.443908489093138,13.48708438873291,52100
2001-06-26,13.492481504862214,13.530260288372684,13.41152682171197,13.48708438873291,31200
2001-06-27,13.53025477744504,13.53025477744504,13.276596599051706,13.384535789489746,47800
2001-06-28,13.406125775714067,13.50327177877486,13.352155659636475,13.4708890914917,23400
2001-06-29,13.42770820304804,13.449296653195697,13.120079994201662,13.12007999420166,188300
2001-07-02,13.292792588702916,13.427717406421516,13.238823485131208,13.422321319580078,207500
2001-07-03,13.341354685032474,13.346751796850839,13.276591401999742,13.314370155334473,8800
2001-07-05,13.308977906285584,13.319772133866255,13.174053149709781,13.233420372009277,15700
2001-07-06,13.195647376475767,13.195647376475767,13.060722560885605,13.076912879943848,112800
2001-07-09,13.195642370248061,13.276597023010254,13.130878030401751,13.276597023010254,48000
2001-07-10,13.276600414733583,13.292790731785544,13.168660163879395,13.168660163879395,25900
2001-07-11,13.276602885597626,13.276602885597626,13.055326256620559,13.098502159118652,65600
2001-07-12,13.087698475552449,13.087698475552449,12.931185298642921,13.017538070678711,29500
2001-07-13,12.974360453035894,13.17944555685769,12.974360453035894,13.114681243896484,17100
2001-07-16,13.168653105604907,13.168653105604907,13.00674384549999,13.017538070678711,72600
2001-07-17,13.022936239530761,13.28738965179244,13.022936239530761,13.211831092834473,45900
2001-07-18,13.287392244608014,13.58962345123291,13.287392244608014,13.58962345123291,52100
2001-07-19,13.53565390674902,13.600418254170226,13.438507900314402,13.46009635925293,19700
2001-07-20,13.600416950129786,13.659783147729806,13.546446837352628,13.643592834472656,59800
2001-07-23,13.546446086967672,13.55724031480403,13.30358110762074,13.325169563293457,55300
2001-07-24,13.35215626022063,13.35215626022063,13.16865847493964,13.222628593444824,33500
2001-07-25,13.195638406729229,13.335959213692517,13.195638406729229,13.319768905639648,43600
2001-07-26,13.249610997833175,13.384535757604977,13.222626457636505,13.325169563293457,20700
2001-07-27,13.330566677211635,13.427711639556184,13.287390795260428,13.325169563293457,30000
2001-07-30,13.389939032524488,13.49248218536377,13.281999792678397,13.49248218536377,27200
2001-07-31,13.384538749194581,13.751534342504451,13.384538749194581,13.519463539123535,28000
2001-08-01,13.627403782824482,13.64359512819796,13.481684762646541,13.519463539123535,32200
2001-08-02,13.519457899690366,13.654382633337551,13.43850326538086,13.43850326538086,70100
2001-08-03,13.56803190356907,13.56803190356907,13.422313962642745,13.535650253295898,19300
2001-08-06,13.57343336785936,13.57343336785936,13.395332690174955,13.465494155883789,16800
2001-08-07,13.49248218536377,13.557246552787182,13.443909167144884,13.49248218536377,18900
2001-08-08,13.557237689802559,13.562633773281703,13.368342856817694,13.43850326538086,15000
2001-08-09,13.384541512269793,13.49248177825369,13.341365611755169,13.481687545776367,30200
2001-08-10,13.546444750496478,13.627399392493855,13.49247464603352,13.530253410339355,24500
2001-08-13,13.568036839228721,13.681374200504834,13.551846522899618,13.648992538452148,84900
2001-08-14,13.621998517987283,13.74073189150745,13.621998517987283,13.627395629882812,23000
2001-08-15,13.751531255456198,13.800104251278142,13.60041618347168,13.60041618347168,24400
2001-08-16,13.65438159980942,13.735337257385252,13.584221196556841,13.735337257385254,253000
2001-08-17,13.68138026293763,13.74074649810791,13.605821645474196,13.74074649810791,15200
2001-08-20,13.762329024910589,13.848680810950626,13.697564670683317,13.724550247192383,19800
2001-08-21,13.789309460295359,13.967410094570766,13.789309460295359,13.848676681518555,122000
2001-08-22,13.816298777210399,13.924237992162249,13.692168216788263,13.908047676086426,172500
2001-08-23,13.89725459666185,13.956621838908216,13.81090280579144,13.864872932434082,71300
2001-08-24,13.854073480186974,14.086144216716095,13.854073480186974,14.032174110412598,26000
2001-08-27,14.021385935979904,14.064561833781902,13.962019719873783,14.005195617675781,327000
2001-08-28,13.983601982822059,13.983601982822059,13.79470711377028,13.837882995605469,20000
2001-08-29,13.827084652442108,13.864863406316987,13.627395629882814,13.627395629882812,62700
2001-08-30,13.746135686399024,13.816297145757675,13.589623482912016,13.686769485473633,402600
2001-08-31,13.681372612553487,13.681372612553487,13.492477718614019,13.584226608276367,23700
2001-09-04,13.60041618347168,13.90264735683494,13.60041618347168,13.60041618347168,79000
2001-09-05,13.573432730026829,14.08614730834961,13.573432730026829,14.08614730834961,74600
2001-09-06,13.9512226109536,13.9512226109536,13.654387474060057,13.654387474060059,26000
2001-09-07,13.530252125436705,13.729941184167911,13.43850326538086,13.43850326538086,225200
2001-09-10,13.357547620011196,13.735337257385252,13.357547620011196,13.735337257385254,251900
2001-09-17,13.438509312563207,13.724550247192385,13.330570094710405,13.724550247192383,2926100
2001-09-18,13.600418282064885,13.643594170636117,13.47628670170251,13.557242393493652,399100
2001-09-19,13.573430659499099,13.578827773430136,13.103893070835461,13.384535789489746,49600
2001-09-20,13.087696713975715,13.260400176013825,13.022932401014508,13.114681243896484,116800
2001-09-21,12.614962006648877,12.988538436121859,12.560821363169628,12.728659629821777,126700
2001-09-24,13.048099733314041,13.048099733314041,12.734079122108989,12.901917457580566,83600
2001-09-25,12.820696714590143,13.037262328147483,12.820696714590143,12.966878890991211,1107500
2001-09-26,13.10223937095912,13.194279933870822,13.010198808047418,13.188865661621094,171200
2001-09-27,13.248414251430496,13.562434662982461,13.199686857166713,13.448738098144531,79200
2001-09-28,13.67072398457468,13.697794312071474,13.454158266599926,13.567854881286621,86500
2001-10-01,13.643650210277796,13.724862204918363,13.557023944972318,13.681549072265625,45200
2001-10-02,13.584087899339945,13.795239192981004,13.567845094957535,13.778997421264648,68600
2001-10-03,13.686958397771853,13.697785902523108,13.589503626347396,13.665301322937012,92100
2001-10-04,13.751928873769009,13.751928873769009,13.557020344922666,13.616575241088867,47800
2001-10-05,13.616578905553137,13.768175386712066,13.57868004343004,13.762761116027832,83000
2001-10-08,13.76275852519234,13.795243110515989,13.6111620725714,13.735688209533691,67300
2001-10-09,13.735685783484081,13.735685783484081,13.589503626347396,13.665301322937012,47600
2001-10-10,13.724864713857341,13.89270300448464,13.638238432716367,13.833147048950195,96100
2001-10-11,13.860213313829632,13.860213313829632,13.6219906119014,13.735688209533691,41800
2001-10-12,13.627412974228726,13.741109606713607,13.578685550973216,13.724867820739746,83000
2001-10-15,13.61658548646346,13.800666648027875,13.61658548646346,13.784423828125,36100
2001-10-16,13.784417799138286,13.903529694328487,13.676135478480438,13.708620071411133,68300
2001-10-17,13.80608603714491,13.811500312452116,13.594934463500975,13.594934463500977,178100
2001-10-18,13.670719826610696,13.773588898611017,13.654477015452807,13.697790145874023,22400
2001-10-19,13.77900983305922,13.860221862792969,13.670726438302898,13.860221862792969,25700
2001-10-22,13.816906197845361,14.04971473135192,13.816906197845361,13.995573043823242,1901300
2001-10-23,14.022635402439368,14.022635402439368,13.816898345947266,13.816898345947266,54800
2001-10-24,13.80607301842984,13.919769594666425,13.789830207824705,13.789830207824707,67200
2001-10-25,13.751931987405856,13.919770240783691,13.594922274934076,13.919770240783691,87000
2001-10-26,13.795243506766052,13.973910280177607,13.795243506766052,13.871042251586914,31600
2001-10-29,13.87105116827329,13.930606109249748,13.784423828125,13.784423828125,50700
2001-10-30,13.589515294009082,13.708626209868251,13.546202139817835,13.638242721557617,37600
2001-10-31,13.546190436852001,13.676129787167191,13.481220245361326,13.481220245361328,43000
2001-11-01,13.605745131813977,13.795240402221678,13.52453316811529,13.79524040222168,77200
2001-11-02,13.616573674322112,13.789826138991103,13.616573674322112,13.773584365844727,87700
2001-11-05,13.779002178692252,13.898113020623411,13.762759368701744,13.800658226013184,38700
2001-11-06,13.708619244501998,13.881871773237169,13.676134653530786,13.827731132507324,45200
2001-11-07,13.903534851521941,13.973918334423333,13.806080003914653,13.843978881835938,80300
2001-11-08,13.919766368787396,13.919766368787396,13.714029312133787,13.714029312133789,35600
2001-11-09,13.757343813029557,13.784414127817502,13.665303297017697,13.746515274047852,23000
2001-11-12,13.697795384225968,13.784421678196287,13.584098760640005,13.768179893493652,43300
2001-11-13,13.779008438406663,13.795250223109297,13.697795384225968,13.768179893493652,28300
2001-11-14,13.806073488260306,13.854800889067485,13.697790145874023,13.697790145874023,63700
2001-11-15,13.941421334424533,13.941421334424533,13.778997421264648,13.778997421264648,105200
2001-11-16,13.968496434311975,13.968496434311975,13.784415385492899,13.90352725982666,49500
2001-11-19,13.968504238938005,13.995575603987817,13.838564784699859,13.941433906555176,35700
2001-11-20,13.887288243320928,14.033470474843611,13.887288243320928,13.925187110900879,83700
2001-11-21,13.925187348692516,14.103854179382322,13.925187348692516,14.103854179382324,49500
2001-11-23,13.99556701684113,14.157990976814911,13.99556701684113,14.147162437438965,35800
2001-11-26,14.022645317422583,14.21214073373916,14.022645317422583,14.157999038696289,1186300
2001-11-27,14.15799198602366,14.185063336393222,13.979325204250248,14.000982284545898,134600
2001-11-28,13.96850074231631,14.060541295111937,13.833147048950197,13.833147048950195,54600
2001-11-29,13.990152078663831,14.098435401916502,13.930596147608233,14.098435401916504,25500
2001-11-30,14.076780319213867,14.109264907726986,13.984739791204657,14.076780319213867,43000
2001-12-03,14.076787258705533,14.114686136098411,13.979332412457012,14.071372985839844,23300
2001-12-04,14.02263864991437,14.076780319213867,13.94142666229835,14.076780319213867,40200
2001-12-05,14.07678255463136,14.07678255463136,13.946843147277832,13.946843147277832,86700
2001-12-06,14.028053768367984,14.076781170417364,13.871044053838377,13.91435718536377,53600
2001-12-07,13.968502471890439,13.984745288865573,13.887290452348477,13.979331016540527,29900
2001-12-10,13.898115423395605,13.952257100057825,13.708620071411133,13.708620071411133,59800
2001-12-11,13.773591417850904,13.854803423161343,13.56243896484375,13.56243896484375,123600
2001-12-12,13.611161240287117,13.61657550962105,13.400009899595192,13.589505195617676,125700
2001-12-13,13.535360247493255,13.670713849968188,13.448734024522581,13.454148292541504,37800
2001-12-14,13.448741329617057,13.62740814062566,13.40001392364502,13.40001392364502,71100
2001-12-17,13.535359486756365,13.741096496582033,13.535359486756365,13.741096496582031,39100
2001-12-18,13.540776240635168,13.76275609436147,13.540776240635168,13.665301322937012,227900
2001-12-19,13.751935039463874,13.903531547793943,13.659894486668247,13.833147048950195,41900
2001-12-20,13.887290547856919,13.95767505589971,13.80607852775643,13.854805946350098,69300
2001-12-21,13.947167662077257,13.996067047119139,13.865669032444554,13.99606704711914,87200
2001-12-24,13.909133436934566,14.039531436605403,13.909133436934566,13.990632057189941,16700
2001-12-26,13.909132403514363,14.099296527522219,13.909132403514363,14.028663635253906,34600
2001-12-27,13.974337382247555,13.974337382247555,13.876539621491219,13.94173812866211,24800
2001-12-28,14.017801822605062,14.0395353467588,13.881970405578612,13.881970405578613,17500
2001-12-31,13.800466537475586,13.936297903073399,13.800466537475586,13.800466537475586,45400
2002-01-02,13.691803690989284,13.784169072005184,13.539672170400975,13.751568794250488,412500
2002-01-03,13.670069606761995,13.757001604554508,13.599437747172264,13.708102226257324,146200
2002-01-04,13.735272086106189,13.735272086106189,13.528807769579055,13.670072555541992,76200
2002-01-07,13.583140313261971,13.653772186913933,13.50707505912734,13.566840171813965,173700
2002-01-08,13.485335712600312,13.572267690152554,13.474468956328552,13.49620246887207,66000
2002-01-09,13.528806747330142,13.680938282943814,13.496207502666964,13.545106887817383,528500
2002-01-10,13.52880754474665,13.626606320811955,13.479908156713998,13.566840171813965,41100
2002-01-11,13.61030248165065,13.729834747171521,13.588570001935727,13.59943675994873,41100
2002-01-14,13.64290374606852,13.773301742757289,13.115877343601364,13.708102226257324,49800
2002-01-15,13.811333466151249,13.816766845199648,13.588570106722283,13.724401473999023,49100
2002-01-16,13.773297178237074,13.784163933437647,13.593999862670898,13.593999862670898,125700
2002-01-17,13.70810830351922,13.729841830758126,13.599443776259548,13.718975067138672,51600
2002-01-18,13.61573628200351,13.76243441078546,13.588570422441423,13.66463565826416,37100
2002-01-22,13.708106908425261,13.816772460937498,13.621174880940075,13.8167724609375,89300
2002-01-23,13.78960201505594,13.898267539675262,13.751569392332554,13.865668296813965,80200
2002-01-24,13.854799784132117,13.854799784132117,13.65376889991488,13.66463565826416,2455900
2002-01-25,13.63747310638428,13.751570987792098,13.632039725891806,13.637473106384277,46400
2002-01-28,13.664638972535274,13.708104980163686,13.588573718263394,13.637473106384277,48700
2002-01-29,13.708096572114686,13.735263457913867,13.425567177667602,13.469034194946289,50700
2002-01-30,13.528806918361083,13.653771554742487,13.485340912823581,13.632039070129395,73300
2002-01-31,13.670069606761995,13.73526912326196,13.58857098837041,13.708102226257324,74000
2002-02-01,13.860239885256702,13.860239885256702,13.718975067138672,13.718975067138672,43700
2002-02-04,13.718972379254827,13.795037637064706,13.545108340654295,13.572274208068848,71700
2002-02-05,13.664642638882192,13.8004740787047,13.599444128101908,13.729842185974121,307000
2002-02-06,13.697234897000888,13.697234897000888,13.496205049094764,13.66463565826416,190300
2002-02-07,13.583134299810224,13.632033666194413,13.47446881088738,13.517934799194336,246000
2002-02-08,13.409275198211406,13.615738458292489,13.376675954264135,13.55053997039795,32900
2002-02-11,13.69179995956075,13.767865180969237,13.615733701841346,13.767865180969238,160000
2002-02-12,13.729835719375355,13.827634475795309,13.675502961774143,13.762434959411621,31200
2002-02-13,13.849365234375,13.892831227787157,13.795032483532049,13.849365234375,139900
2002-02-14,13.854798613090399,13.947163978630108,13.800465862247446,13.849365234375,58300
2002-02-15,13.887405199586034,13.958038123960733,13.8548059463501,13.854805946350098,53300
2002-02-19,13.811340590896123,13.903706009744553,13.680942535400392,13.68094253540039,211800
2002-02-20,13.843936549964367,13.979767954974953,13.735272047742724,13.958035469055176,170300
2002-02-21,13.97976858545021,14.110166615783845,13.784172058105469,13.784172058105469,93800
2002-02-22,13.881967252182505,14.072131400084574,13.854801389472739,14.01236629486084,104100
2002-02-25,14.088428514223802,14.099295271498733,13.963463914495126,14.034095764160156,257500
2002-02-26,14.099296527522219,14.099296527522219,13.936298262810727,14.028663635253906,90700
2002-02-27,14.099304250730277,14.180802909573178,13.990638681398629,14.044971466064453,1063300
2002-02-28,14.02866629170996,14.1644976865349,13.996067047119139,13.99606704711914,884000
2002-03-01,14.082994565726992,14.322058034546872,14.006929340502428,14.26229190826416,208600
2002-03-04,14.30576620861663,14.30576620861663,14.153634633492837,14.267733573913574,350800
2002-03-05,14.126462023430818,14.23512753044318,13.996064036802633,14.017796516418457,209200
2002-03-06,14.061267869987585,14.213399430512192,14.044968763142734,14.131900787353516,269100
2002-03-07,14.15362593022977,14.15362593022977,14.017794583351133,14.126460075378418,3031200
2002-03-08,14.110167304295464,14.16993345973148,14.00693617293877,14.077568054199219,100700
2002-03-11,14.072134673131265,14.099301578471033,13.968902505463094,14.077568054199219,513700
2002-03-12,14.050398674391353,14.153629779953643,13.99063253388913,14.072131156921387,47000
2002-03-13,14.131901994267881,14.224267407419106,14.131901994267881,14.180801391601562,108900
2002-03-14,14.202528238124724,14.245994236671494,14.142763137817381,14.142763137817383,224000
2002-03-15,14.308956162027107,14.412486599532665,14.298058002435846,14.401588439941406,55300
2002-03-18,14.357993125915527,14.412482870467523,14.27625902874025,14.357993125915527,41200
2002-03-19,14.330749973427348,14.43972947956137,14.330749973427348,14.412485122680664,67700
2002-03-20,14.385246226286931,14.385246226286931,14.129145622253416,14.129145622253418,220000
2002-03-21,14.221771972749925,14.265363568771228,14.112792463043851,14.238118171691895,117800
2002-03-22,14.249023650328853,14.352554133803265,14.210881114129377,14.254472732543945,59700
2002-03-25,14.249017803990778,14.308956644457858,14.112793922424316,14.112793922424316,71300
2002-03-26,14.156390924234126,14.238125076498001,14.140044717365031,14.221778869628906,193500
2002-03-27,14.178182601928711,14.238120406298945,14.14004007933698,14.178182601928711,76200
2002-03-28,14.172738170409355,14.243574158556411,14.167289088350945,14.221778869628906,152900
2002-04-01,14.156378448827994,14.216317259342874,14.101888715569485,14.194520950317383,33900
2002-04-02,14.140037632612403,14.16728198994775,14.09644603729248,14.09644603729248,33600
2002-04-03,14.205425986901902,14.205425986901902,13.998366147372005,14.107344627380371,104600
2002-04-04,13.873044011897049,13.971125404106582,13.856697806066173,13.943881034851074,98600
2002-04-05,14.003814218809472,14.003814218809472,13.764059917167378,13.829446792602539,439100
2002-04-08,13.785864575903405,13.900293244731698,13.785864575903405,13.873047828674316,156500
2002-04-09,13.938426645503469,13.938426645503469,13.856692529554543,13.862141609191895,35500
2002-04-10,13.878490566091605,14.09644963766574,13.878490566091605,14.0910005569458,98300
2002-04-11,14.167283445836496,14.167283445836496,13.90028476715088,13.900284767150879,41200
2002-04-12,13.916632327853504,14.036508970241302,13.894836007798045,13.976570129394531,27200
2002-04-15,14.01472178884711,14.01472178884711,13.905743235424762,13.965681076049805,108200
2002-04-16,14.00381544075459,14.118243002403663,13.987468200816549,14.112793922424316,19400
2002-04-17,14.085550510069785,14.085550510069785,13.900285935522964,13.90573501586914,289200
2002-04-18,13.987466410126277,14.05830236217782,13.894834140947735,14.047405242919922,218000
2002-04-19,14.085547015104959,14.090996094099088,14.01471002748682,14.0746488571167,142200
2002-04-22,14.058303940964974,14.101895540808831,13.965671661383567,13.99291706085205,79600
2002-04-23,13.998366220381284,14.003815300305979,13.85124418033166,13.878488540649414,33600
2002-04-24,13.954771094623677,13.97656636951017,13.81854724884033,13.818547248840332,57000
2002-04-25,13.851243449917192,13.949324804778172,13.813100931761404,13.862141609191895,46300
2002-04-26,13.894831398458473,13.894831398458473,13.747709404806205,13.774954795837402,259500
2002-04-29,13.720464879348771,13.725913957486013,13.60058723894022,13.633281707763672,364500
2002-04-30,13.600599251105592,13.736823206934645,13.567905792712384,13.693231582641602,510700
2002-05-01,13.715017899862877,13.894833348685408,13.676875386371059,13.889384269714355,70900
2002-05-02,13.862139914164642,13.927526783206174,13.851241756222539,13.889384269714355,26400
2002-05-03,13.889392253684312,13.894841335787632,13.693229455189345,13.758617401123047,202700
2002-05-06,13.758617210264838,13.813106991236022,13.66053581237793,13.66053581237793,142600
2002-05-07,13.693225215773067,13.693225215773067,13.469818115234377,13.469818115234375,51500
2002-05-08,13.518853701267632,13.725914521773788,13.475262113682984,13.71501636505127,143500
2002-05-09,13.704122852420404,13.720470093043982,13.573348045349123,13.573348045349121,61100
2002-05-10,13.633292439738696,13.676884059846081,13.507966661843241,13.546109199523926,54400
2002-05-13,13.562456204409216,13.68233394622803,13.546109995474842,13.682333946228027,65600
2002-05-14,13.73136645871137,13.769508975875215,13.655080385078037,13.736814498901367,142500
2002-05-15,13.627833327156523,13.682323072012572,13.529751994276722,13.535201072692871,81400
2002-05-16,13.480711025633878,13.55154800415039,13.42622128199935,13.55154800415039,63100
2002-05-17,13.502513866973997,13.731370069441553,13.502513866973997,13.709573745727539,130800
2002-05-20,13.687777625357274,13.72047106962567,13.600593375131794,13.644186019897461,49100
2002-05-21,13.606044468054185,13.676881486969295,13.507964120742965,13.529759407043457,174600
2002-05-22,13.562449253264809,13.649632453918455,13.529755812846126,13.649632453918457,294900
2002-05-23,13.665987207198311,13.6932315826416,13.535212334319178,13.693231582641602,18200
2002-05-24,13.68777215042872,13.75315901281163,13.524302915860574,13.535201072692871,31000
2002-05-28,13.60604361948186,13.60604361948186,13.44802442591401,13.486166954040527,42800
2002-05-29,13.458923427434351,13.55700377474557,13.458923427434351,13.529759407043457,30400
2002-05-30,13.382634907185414,13.513409719258856,13.366288705242372,13.469818115234375,37300
2002-05-31,13.497059729619814,13.655078860123774,13.497059729619814,13.540651321411133,341700
2002-06-03,13.567896118631086,13.606038632778118,13.213714293872924,13.230061531066895,282800
2002-06-04,13.251857114638941,13.257306193829677,13.09383797532994,13.213714599609375,76200
2002-06-05,13.186471754757962,13.366287231445312,13.181022674942502,13.366287231445312,176900
2002-06-06,13.284555999032877,13.295454161884145,13.03390448928981,13.066597938537598,107400
2002-06-07,12.91947585796353,13.12108771348792,12.91947585796353,13.066597938537598,303400
2002-06-10,13.023000985155956,13.251857114638941,13.023000985155956,13.213714599609375,59400
2002-06-11,13.121084832450224,13.121084832450224,12.859535217285158,12.859535217285156,62500
2002-06-12,12.805043125249792,12.90312447292358,12.723309015290168,12.848634719848633,70000
2002-06-13,12.897679547537305,12.973964602827389,12.810496330261229,12.81049633026123,42400
2002-06-14,12.717865289907209,12.897680823237783,12.581641369526288,12.86498737335205,241900
2002-06-17,12.924922947817088,13.110187530517578,12.924922947817088,13.110187530517578,79800
2002-06-18,13.066596459659044,13.142882551677834,13.017555771684783,13.077494621276855,42700
2002-06-19,13.023002839588996,13.175573960738477,12.979411239161392,13.028451919555664,27700
2002-06-20,13.033900994329057,13.033900994329057,12.914024353027344,12.914024353027344,42900
2002-06-21,12.898720426498109,12.90965179552038,12.461475047861809,12.56532096862793,246300
2002-06-24,12.570790497951235,12.630912003489334,12.384961337627155,12.439617156982422,274400
2002-06-25,12.54346237013465,12.54346237013465,12.106216883539034,12.182735443115234,68600
2002-06-26,12.024230614137112,12.21005971611705,11.931316063147145,12.160869598388672,98600
2002-06-27,12.204599760913457,12.297514355520764,12.08982346064907,12.253789901733398,172800
2002-06-28,12.319371320507383,12.406820187030563,12.16086959838867,12.160869598388672,58100
2002-07-01,12.188198111271085,12.379492915500673,12.188198111271085,12.281112670898438,81700
2002-07-02,12.270179086934636,12.330299520756828,12.160867501393765,12.199126243591309,87200
2002-07-03,12.100749436808485,12.23192275095727,11.985973177855609,12.117146492004395,84600
2002-07-05,11.996905454971388,12.275648117065428,11.996905454971388,12.27564811706543,27300
2002-07-08,12.313911416618481,12.352170183373277,12.242858527668254,12.253789901733398,46100
2002-07-09,12.25925034304158,12.33576784380939,12.024231113571586,12.051558494567871,40800
2002-07-10,11.969573183851242,12.051556354756356,11.789209790870963,11.805606842041016,154700
2002-07-11,11.586988779019398,11.718162107077704,11.444884079671331,11.608850479125977,138700
2002-07-12,11.532340560026679,11.554202274530972,11.264528041888886,11.362908363342285,79000
2002-07-15,11.188000324443319,11.237190445114031,10.84913620701485,11.198931694030762,141700
2002-07-16,11.18799797864059,11.193463662288314,10.931117102032939,11.024031639099121,61300
2002-07-17,11.040433853958927,11.280917792104402,11.040433853958927,11.073226928710938,221500
2002-07-18,11.122410351659308,11.19346214450026,10.799942357476883,10.82180404663086,50200
2002-07-19,10.548530929549534,10.657842552202306,10.231528474823971,10.318977355957031,140700
2002-07-22,10.275251134634946,10.570391839164241,10.242458070511484,10.406425476074219,205700
2002-07-23,10.43921998422107,10.564927616143663,10.368167119240228,10.455615997314453,84800
2002-07-24,10.324445157686966,10.991244316101074,10.324445157686966,10.991244316101074,205200
2002-07-25,10.980310672536211,11.198932874975199,10.843671665702733,11.127881050109863,146100
2002-07-26,11.07322279614951,11.18799903618322,11.024032681142874,11.177068710327148,29000
2002-07-29,11.23172227728585,11.559655995102256,11.23172227728585,11.49953556060791,140600
2002-07-30,11.483140136482213,11.499537189561131,11.31917273311113,11.384759902954102,81100
2002-07-31,11.412085265621942,11.64163875579834,11.412085265621942,11.64163875579834,62800
2002-08-01,11.586987273549367,11.67990183249428,11.07322435688497,11.532331466674805,53500
2002-08-02,11.510470390319822,11.679903520363117,11.439418560846121,11.510470390319824,43200
2002-08-05,11.477674470970193,11.521398903446409,11.351966857910158,11.351966857910156,69300
2002-08-06,11.450357306306723,11.630720881480078,11.362908363342285,11.362908363342285,96700
2002-08-07,11.532332434902147,11.62524700164795,11.36836500051214,11.62524700164795,296600
2002-08-08,11.532331897470172,11.914920474938262,11.264519580500657,11.893058776855469,126100
2002-08-09,11.761883799669688,11.985971646350183,11.761883799669688,11.947712898254395,83700
2002-08-12,11.750951682895908,11.936780769651142,11.750951682895908,11.909453392028809,62600
2002-08-13,11.805612922148827,12.024235171314466,11.794681549072266,11.794681549072266,45300
2002-08-14,11.860267274647425,12.188200086502905,11.750955642380275,12.182735443115234,81400
2002-08-15,12.188201582713384,12.210064328839856,12.013303783594067,12.07342529296875,80800
2002-08-16,12.051563296652382,12.128081870382662,11.969580078523606,12.018770217895508,72600
2002-08-19,11.996904723861567,12.133543725078793,11.975041983279844,12.11168098449707,98100
2002-08-20,12.024224279303633,12.117138781342593,11.958637142728767,12.05701732635498,27200
2002-08-21,12.117140177273885,12.117140177273885,11.91491410513715,12.04062271118164,75700
2002-08-22,12.046097100102974,12.139010637529928,11.991441280901851,12.100751876831055,46000
2002-08-23,11.99143656736844,12.051557006632098,11.903987708009815,11.909453392028809,28700
2002-08-26,11.9313171519485,11.99690432906245,11.811075210124539,11.936782836914062,86000
2002-08-27,11.964105449204215,12.018761234595887,11.843863555320457,11.903985023498535,35800
2002-08-28,11.914924068818733,11.914924068818733,11.745491948298353,11.778285026550293,280800
2002-08-29,11.668969862944014,11.745487363152401,11.61977974353212,11.647107124328613,146900
2002-08-30,11.608851406685467,11.936785274269967,11.608851406685467,11.734559059143066,55100
2002-09-03,11.614315396263486,11.685367219999621,11.477676391601562,11.477676391601562,75000
2002-09-04,11.488609672315551,11.576058566440995,11.477678299931608,11.570592880249023,51700
2002-09-05,11.47767469141244,11.68536548904524,11.47767469141244,11.565123558044434,33500
2002-09-06,11.630710729254787,11.630710729254787,11.505002071307668,11.565123558044434,65400
2002-09-09,11.510472103920376,11.794681549072266,11.510472103920376,11.794681549072266,37500
2002-09-10,11.778278951582159,11.811073055392809,11.690830093032341,11.789210319519043,119900
2002-09-11,11.81654223196946,11.860266674167976,11.767352104187013,11.767352104187012,68500
2002-09-12,11.69629726429095,11.712694318281308,11.576055329113254,11.614314079284668,146500
2002-09-13,11.559658146731937,11.740021568731597,11.559658146731937,11.679901123046875,54600
2002-09-16,11.652573277562736,11.860265132869838,11.652573277562736,11.849333763122559,36300
2002-09-17,11.920383288299591,11.925848972121745,11.548725128173828,11.548725128173828,237100
2002-09-18,11.505009071032797,11.586993345543705,11.384767066875943,11.55419921875,79100
2002-09-19,11.395690487975441,11.401156171959197,11.220792770385742,11.220792770385742,355100
2002-09-20,11.232897327970548,11.24940049308311,11.155884655883192,11.221895217895508,93100
2002-09-23,11.155879034674847,11.199886403581676,11.05686219232987,11.177882194519043,70700
2002-09-24,11.045861577262444,11.12287422092945,10.963347880588,10.996353149414062,91100
2002-09-25,11.001860682520345,11.1778902855656,10.935849056768777,11.08437442779541,121000
2002-09-26,11.111877676392842,11.337415695190428,11.111877676392842,11.33741569519043,52100
2002-09-27,11.166878428388554,11.19988473707126,11.001851081848145,11.001851081848145,53500
2002-09-30,10.864336871100248,10.979855898762708,10.726813619567334,10.886341094970703,134300
2002-10-01,10.941343563153463,11.216389915564308,10.941343563153463,11.210888862609863,137600
2002-10-02,11.155885004489207,11.287907181858316,11.139381838860944,11.150383949279785,204000
2002-10-03,11.062371414495443,11.298911590518726,11.062371414495443,11.122880935668945,108900
2002-10-04,11.166878428388554,11.227388945088569,10.957843719489484,11.001851081848145,154900
2002-10-07,11.040369937568013,11.199897463145454,10.963357228237925,10.979859352111816,198000
2002-10-08,11.001854096433792,11.326408876216075,11.001854096433792,11.210888862609863,200800
2002-10-09,11.199889421346048,11.221892587118909,11.051364117809051,11.067867279052734,311600
2002-10-10,11.084370098465337,11.188888027908073,10.95234794774657,11.117375373840332,110100
2002-10-11,11.183386892618804,11.353915371573509,11.133878455306345,11.243897438049316,144500
2002-10-14,11.320908311217504,11.480435706116687,11.24939671816455,11.430927276611328,124600
2002-10-15,11.551952457149264,11.601460908760288,11.452935553927217,11.529948234558105,288700
2002-10-16,11.496941488681733,11.496941488681733,11.276904536831253,11.287906646728516,426200
2002-10-17,11.491441045070339,11.491441045070339,11.260401971031468,11.33741569519043,460300
2002-10-18,11.249394093236173,11.474931975369852,11.249394093236173,11.469430923461914,233100
2002-10-21,11.43093342728542,11.76098840262326,11.43093342728542,11.755488395690918,226000
2002-10-22,11.744480263427509,11.74998131675931,11.485936002925968,11.551947593688965,161300
2002-10-23,11.56294970035257,11.601456024456551,11.3979212480544,11.551947593688965,117100
2002-10-24,11.57945379698635,11.606959068362473,11.375920034897138,11.381421089172363,165000
2002-10-25,11.331910170901025,11.496937566180444,11.331910170901025,11.458431243896484,159400
2002-10-28,11.47493237299759,11.47493237299759,11.16137974790843,11.205387115478516,362900
2002-10-29,11.271405715602816,11.397926856837904,11.15588668644534,11.364921569824219,193900
2002-10-30,11.414429664611816,11.452936006448699,11.320913813342617,11.414429664611816,189600
2002-10-31,11.375921430740243,11.403425656272358,11.22189503979114,11.30990982055664,116800
2002-11-01,11.27690188404273,11.458432457768328,11.221892396715853,11.45293140411377,120700
2002-11-04,11.397928929662305,11.408931043740761,11.139385544134687,11.194395065307617,96100
2002-11-05,11.166882971602643,11.359415653710009,11.166882971602643,11.30440616607666,45800
2002-11-06,11.370421692752505,11.370421692752505,11.139382604178556,11.26040267944336,70300
2002-11-07,11.315403803333263,11.315403803333263,11.166878560163253,11.232890129089355,367600
2002-11-08,11.210892932318584,11.359418268349641,11.128379206485423,11.161385536193848,172900
2002-11-11,11.166881374476183,11.210888748445033,11.084367679436914,11.128375053405762,74300
2002-11-12,11.100873408083475,11.172385013881469,10.781819610640882,10.798321723937988,159000
2002-11-13,10.891836951649056,11.067867527883088,10.809323242012983,10.95784854888916,72100
2002-11-14,11.089873482185551,11.128379819748437,10.979854475532441,11.106376647949219,196500
2002-11-15,11.10087309088914,11.194388910702905,11.056865707989648,11.18338680267334,63000
2002-11-18,11.22189636002899,11.22189636002899,11.100876284543347,11.133881568908691,181300
2002-11-19,11.06787081329052,11.326414126688363,11.06787081329052,11.1998929977417,168900
2002-11-20,11.166883380583656,11.254898144333023,11.084369670720967,11.188887596130371,29100
2002-11-21,11.24939573843299,11.24939573843299,11.012855717890027,11.051362037658691,75800
2002-11-22,11.111872568277176,11.133875729908475,11.04035993223378,11.051362037658691,127500
2002-11-25,11.084377349930847,11.084377349930847,10.91934981587509,10.979859352111816,123800
2002-11-26,10.924845526466175,10.990856088092174,10.864334970626542,10.908342361450195,88200
2002-11-27,10.853334377746366,11.06787135606726,10.853334377746366,11.062370300292969,104300
2002-11-29,11.001854202421502,11.029358418240124,10.968848933595439,10.996353149414062,25500
2002-12-02,11.056867698937133,11.06236875394246,10.86983602563187,10.908342361450195,636400
2002-12-03,10.935849256868613,10.990858771131597,10.89184185530207,10.974356651306152,146100
2002-12-04,11.029359574423761,11.21639119940853,10.946845869099585,11.139378547668457,71300
2002-12-05,11.194391184840502,11.194391184840502,10.996357396952893,11.029362678527832,66200
2002-12-06,11.029360606694487,11.161383806632042,10.985353223121566,11.117375373840332,82800
2002-12-09,11.117379716061595,11.150386053546978,11.029364914538968,11.08437442779541,29200
2002-12-10,11.11187014347951,11.232890129089355,11.095366988943413,11.232890129089355,77300
2002-12-11,11.249405914129888,11.249405914129888,11.117382628045794,11.166891098022461,89300
2002-12-12,11.111871541927993,11.19438522655639,11.067864173511618,11.095368385314941,45600
2002-12-13,11.056871310317844,11.14488612071243,10.985358621110178,11.100878715515137,31300
2002-12-16,11.100879037039352,11.155888557434082,11.03486740272181,11.155888557434082,81500
2002-12-17,11.111878849256398,11.166887309037385,11.012861942900033,11.040366172790527,572200
2002-12-18,11.045864099231384,11.062367262021674,10.985353551552477,11.023860931396484,176700
2002-12-19,11.056864085230798,11.056864085230798,10.875333526260352,10.880834579467773,237300
2002-12-20,11.02186168334683,11.07163434858087,10.96102819143445,11.0661039352417,302400
2002-12-23,11.0882223938401,11.17670688055303,11.04951056275548,11.099283218383789,336700
2002-12-24,11.099283218383789,11.11587445519932,11.060571387299166,11.099283218383789,18800
2002-12-26,11.126934378291411,11.198827622364359,11.093751907348635,11.093751907348633,40200
2002-12-27,11.077163360090545,11.099283955829346,10.955496391662898,11.005269050598145,46800
2002-12-30,11.005269439728579,11.093753935449177,10.983148843207626,11.071633338928223,36700
2002-12-31,11.060573813481396,11.088224826087693,10.90572540035799,11.027392387390137,61100
2003-01-02,11.066095111790533,11.25412479612458,11.066095111790533,11.237533569335938,365000
2003-01-03,11.29284725999111,11.29284725999111,11.16565089903918,11.226483345031738,364100
2003-01-06,11.215418098396416,11.314962340029618,11.060569742270108,11.309432983398438,76100
2003-01-07,11.254128783196034,11.287310193711063,11.18223449645911,11.20988655090332,46100
2003-01-08,11.198833940261462,11.265197864768465,11.099288580910352,11.14353084564209,36000
2003-01-09,11.187771218550896,11.292846975077786,11.182240804542259,11.254135131835938,50800
2003-01-10,11.226476184595851,11.30943128908956,11.220946828793043,11.287309646606445,37300
2003-01-13,11.25412617633744,11.359201849250105,11.243065357121838,11.314958572387695,96500
2003-01-14,11.270724563509438,11.348149299621582,11.265195204690079,11.348149299621582,81700
2003-01-15,11.326018002573413,11.326018002573413,11.198821761646746,11.237533569335938,86000
2003-01-16,11.226484671385034,11.420044970164522,11.226484671385034,11.403454780578613,107100
2003-01-17,11.337085723876953,11.436631035589238,11.331555311579793,11.337085723876953,16000
2003-01-21,11.392392317596038,11.436634574846526,11.226483061792747,11.254135131835938,65900
2003-01-22,11.265196063617587,11.320498094576125,11.121408462524412,11.121408462524414,56100
2003-01-23,11.115873946199006,11.18223678078578,10.999737403444794,11.04397964477539,111700
2003-01-24,11.005271591090024,11.0605746754309,10.800651550292969,10.800651550292969,67100
2003-01-27,10.811712507263065,10.811712507263065,10.596031615015574,10.656865119934082,441700
2003-01-28,10.673452210652856,10.75640734957945,10.645801200889597,10.690043449401855,76100
2003-01-29,10.673451156707861,10.673451156707861,10.446709523619727,10.573906898498535,114500
2003-01-30,10.590500578294472,10.590500578294472,10.37481969871839,10.380350112915039,197800
2003-01-31,10.490953087099236,10.651331901550293,10.44118042432604,10.651331901550293,560200
2003-02-03,10.69557386231819,10.717694459165115,10.629209962140596,10.690043449401855,265400
2003-02-04,10.629209906929812,10.695573806762695,10.546255823252512,10.695573806762695,167900
2003-02-05,10.756406910190696,10.772997093443594,10.60155851931399,10.618149757385254,281200
2003-02-06,10.607084864865646,10.607084864865646,10.479888586212686,10.53519058227539,267800
2003-02-07,10.562845054705718,10.623677475272881,10.424587923243125,10.463299751281738,231900
2003-02-10,10.474358175642823,10.53519058227539,10.40246389305257,10.53519058227539,611900
2003-02-11,10.507542956418872,10.596027444297988,10.336104393005371,10.336104393005371,135800
2003-02-12,10.35269457522127,10.446709475445116,10.336104393005371,10.336104393005371,164300
2003-02-13,10.336104384191001,10.435649696674693,10.236559071707312,10.347164154052734,116200
2003-02-14,10.396933482482707,10.53519058227539,10.363752073881491,10.53519058227539,181400
2003-02-18,10.618152732166168,10.673454764927065,10.5351975733875,10.607091903686523,236600
2003-02-19,10.607089676138798,10.618150502295608,10.45224127439879,10.52413558959961,152300
2003-02-20,10.529664940517675,10.529664940517675,10.380346966918243,10.419058799743652,64100
2003-02-21,10.424583966111136,10.546249815879776,10.402462327161674,10.479887008666992,18900
2003-02-24,10.45223988778985,10.45223988778985,10.336104393005371,10.336104393005371,52900
2003-02-25,10.291864415805824,10.452242189852392,10.231030921433748,10.413530349731445,179500
2003-02-26,10.385874061520285,10.446706470175702,10.325040598046874,10.358222007751465,17900
2003-02-27,10.358226664364725,10.43012098166626,10.308454000023193,10.369287490844727,160800
2003-02-28,10.396937890209065,10.457771377449626,10.302922980300202,10.325044631958008,99300
2003-03-03,10.380348345818147,10.44118078198819,10.231030352383682,10.242091178894043,96400
2003-03-04,10.275274269021716,10.275274269021716,10.131486665537356,10.153608322143555,190300
2003-03-05,10.159131743727887,10.170191509599865,9.954510780236475,10.076176643371582,374600
2003-03-06,10.037467173111986,10.120421238049806,9.998755346462216,10.00981616973877,184500
2003-03-07,9.89367952779433,10.048527887534126,9.871558936299019,10.02087688446045,304200
2003-03-10,10.026408557596278,10.026408557596278,9.85496997833252,9.85496997833252,464200
2003-03-11,9.87156704700303,10.065127392006818,9.87156704700303,9.954521179199219,105400
2003-03-12,9.899213696405173,10.054062114914338,9.899213696405173,10.031940460205078,196900
2003-03-13,10.120420321259711,10.253148078918457,10.092769320391346,10.253148078918457,135400
2003-03-14,10.269737462598917,10.347161102891935,10.208903999615552,10.236556053161621,187000
2003-03-17,10.181252697999318,10.54625135540497,10.181252697999318,10.529661178588867,335100
2003-03-18,10.551784341021675,10.551784341021675,10.352693732098443,10.452239036560059,350600
2003-03-19,10.557317210382134,10.629210472106934,10.496483720202216,10.629210472106934,660500
2003-03-20,10.640273334306794,10.65686457702626,10.490955314287584,10.607091903686523,925700
2003-03-21,10.671033975721917,10.837855339050293,10.609865647543478,10.837855339050293,158400
2003-03-24,10.587629190034122,10.620993269154516,10.443050099679144,10.54870319366455,273700
2003-03-25,10.537580654992869,10.620991368177227,10.454168881183747,10.554262161254883,286800
2003-03-26,10.509781853875454,10.593192610528174,10.4931003389201,10.515342712402344,398400
2003-03-27,10.454162094730753,10.60430191737227,10.37075143569349,10.53757381439209,996500
2003-03-28,10.537581809544548,10.537581809544548,10.370759304273136,10.426366806030273,296500
2003-03-31,10.203935430881486,10.398561110394139,10.103842163667858,10.326271057128906,94500
2003-04-01,10.203936151178816,10.326271786061927,10.203936151178816,10.29290771484375,332800
2003-04-02,10.465288432842216,10.55425998329548,10.415241803134187,10.509774208068848,883700
2003-04-03,10.554262391110209,10.554262391110209,10.387440961108382,10.437487602233887,335000
2003-04-04,10.437485962336616,10.487532595598989,10.38187847419791,10.481971740722656,333300
2003-04-07,10.598749106915008,10.687720685476476,10.426366806030273,10.426366806030273,79800
2003-04-08,10.504217401295708,10.565385763537224,10.465292465551089,10.54870319366455,65200
2003-04-09,10.593184630122805,10.676596384562359,10.45972730789384,10.465288162231445,250000
2003-04-10,10.520903521588693,10.520903521588693,10.431931906826339,10.49866008758545,357200
2003-04-11,10.593186865690988,10.609869432224462,10.504215298761936,10.52089786529541,124500
2003-04-14,10.54869931618985,10.704400062561035,10.54869931618985,10.704400062561035,437500
2003-04-15,10.765567696647821,10.765567696647821,10.65435273358348,10.743324279785156,203400
2003-04-16,10.604309032235715,10.643233961861155,10.415244179233758,10.437487602233887,1049300
2003-04-17,10.481976317141433,10.620994567871094,10.431929662028748,10.620994567871094,195900
2003-04-21,10.637668986572093,10.64879069376517,10.526455096514445,10.543136596679688,49000
2003-04-22,10.509771797443904,10.732200622558594,10.498650091032093,10.732200622558594,305600
2003-04-23,10.73776319367909,10.73776319367909,10.6543525034944,10.709959983825684,278400
2003-04-24,10.676596497743656,10.676596497743656,10.537578319703371,10.637670516967773,38300
2003-04-25,10.620992810923918,10.620992810923918,10.465292014038024,10.47641372680664,102100
2003-04-28,10.47641453702276,10.687721792843819,10.470853680208393,10.626554489135742,349300
2003-04-29,10.693275560715549,10.748883031370127,10.626547444429482,10.72107982635498,182700
2003-04-30,10.665473704390855,10.698837766752904,10.62654878819773,10.632109642028809,73900
2003-05-01,10.604311995958506,10.62655542517529,10.454172030620452,10.620994567871094,64000
2003-05-02,10.57650358909072,10.704400062561035,10.565381879930372,10.704400062561035,71600
2003-05-05,10.709960563498456,10.71552141789501,10.615428160006081,10.637670516967773,74100
2003-05-06,10.637669879002676,10.732202276825728,10.637669879002676,10.693277359008789,411900
2003-05-07,10.748883031370127,10.804490502024704,10.704397266971322,10.72107982635498,456100
2003-05-08,10.64879139707201,10.732202085280257,10.64879139707201,10.671034812927246,132700
2003-05-09,10.76001287444598,10.837862755858609,10.676602135700291,10.804498672485352,90900
2003-05-12,10.837856627926113,10.954632444642854,10.765567644720122,10.899024963378906,339300
2003-05-13,10.899026584470075,10.910148294501974,10.815615880480118,10.848979949951172,252100
2003-05-14,10.915705635047628,10.915705635047628,10.765566825866697,10.7655668258667,135300
2003-05-15,10.860101659983071,10.865662514999022,10.776689895368468,10.848979949951172,176000
2003-05-16,10.815615553536132,10.887904545308974,10.748886355986528,10.787811279296875,882200
2003-05-19,10.726642441461442,10.732202234878304,10.643230691466059,10.68215560913086,69000
2003-05-20,10.70440223071972,10.798934656480938,10.687719663600172,10.74888801574707,284600
2003-05-21,10.709961697332323,10.848979890090078,10.709961697332323,10.832297325134277,173000
2003-05-22,10.782245895060182,11.010235544925493,10.782245895060182,10.976871490478516,233900
2003-05-23,10.954632635173821,10.987996700262688,10.899025152942706,10.92126750946045,354600
2003-05-27,10.899026694838417,11.054726394363115,10.893465839766156,11.026923179626465,816000
2003-05-28,11.076972063963979,11.110336140547867,11.01580370637279,11.09365463256836,258600
2003-05-29,11.10477306936242,11.171502269845107,11.01580150913528,11.038044929504395,474500
2003-05-30,11.104769056706386,11.199301437866975,11.076965851916208,11.154815673828125,792600
2003-06-02,11.232673095984213,11.25491546064092,11.127018947146395,11.132579803466797,338400
2003-06-03,11.177063438470348,11.243791580200195,11.143699367605425,11.243791580200195,258800
2003-06-04,11.277154263840924,11.36612580725145,11.221546784053231,11.327200889587402,192400
2003-06-05,11.371689679918061,11.382810330328018,11.28827790778256,11.338324546813965,262400
2003-06-06,11.393924103205677,11.427288152440271,11.266027697286404,11.299391746520996,681600
2003-06-09,11.332768053533753,11.338328911191601,11.238235594600626,11.277161598205566,269000
2003-06-10,11.299398462222847,11.355005951079677,11.266034393158602,11.31052017211914,323100
2003-06-11,11.36056731828632,11.405053099252761,11.321642392518767,11.39393138885498,164700
2003-06-12,11.455100936555654,11.455100936555654,11.288278444970624,11.432857513427734,58900
2003-06-13,11.399490810064806,11.443976585435198,11.299397550325285,11.321640968322754,43100
2003-06-16,11.427292549452702,11.549629211425781,11.371686132873386,11.549629211425781,116200
2003-06-17,11.555195441496148,11.566316093611473,11.438419578973559,11.477344512939453,117700
2003-06-18,11.471785402953763,11.52183205727864,11.399496380387312,11.460664749145508,372300
2003-06-19,11.46066122730537,11.499586155235367,11.3216430214841,11.332763671875,116700
2003-06-20,11.38415389615114,11.412084256621105,11.294778873515877,11.333881378173828,121100
2003-06-23,11.305954380087822,11.305954380087822,11.19423610128595,11.272439002990723,108700
2003-06-24,11.266850146048965,11.423256976256841,11.266850146048965,11.395326614379883,366200
2003-06-25,11.39532927734845,11.434430727679425,11.23333740234375,11.23333740234375,147900
2003-06-26,11.227749186402754,11.311538144758527,11.188647743532353,11.305952072143555,43600
2003-06-27,11.339464096808682,11.372980522609849,11.210987660873164,11.244503021240234,85400
2003-06-30,11.255674915484189,11.317120629333406,11.222159555854649,11.261260986328125,40500
2003-07-01,11.177474961967675,11.35622501373291,11.14395959362028,11.35622501373291,127500
2003-07-02,11.317117677399308,11.434421938222327,11.317117677399308,11.42883586883545,114000
2003-07-03,11.356222705693826,11.44001164225022,11.311535201834806,11.361808776855469,13800
2003-07-07,11.423256333159896,11.490287067022226,11.412084189038072,11.445599555969238,172000
2003-07-08,11.406491620385234,11.456765174865723,11.367390203663453,11.456765174865723,67700
2003-07-09,11.440014618599674,11.440014618599674,11.261264556658181,11.305952072143555,79600
2003-07-10,11.3003624168016,11.3003624168016,11.210987414166778,11.261260986328125,418300
2003-07-11,11.311538703299789,11.406499811574498,11.272437258498636,11.339468002319336,98600
2003-07-14,11.400909886779521,11.462355602383871,11.29477666858131,11.311534881591797,90100
2003-07-15,11.372982025146486,11.400911318236561,11.311536301827234,11.372982025146484,247700
2003-07-16,11.372987422177879,11.384158505454584,11.222166610877546,11.255681991577148,159100
2003-07-17,11.294782339702346,11.361814159966933,11.205407289639322,11.21657943725586,97800
2003-07-18,11.278021022615102,11.339465680966386,11.21657529882957,11.317122459411621,148400
2003-07-21,11.333881559502714,11.333881559502714,11.20540403015401,11.222162246704102,121800
2003-07-22,11.227749740806683,11.37298443966415,11.199819376352671,11.339468002319336,155900
2003-07-23,11.372982211216598,11.372982211216598,11.233333612612993,11.289192199707031,110800
2003-07-24,11.350640489604265,11.367398708780872,11.210991859436035,11.210991859436035,133800
2003-07-25,11.188645308962283,11.31153568344838,11.143957803200594,11.300363540649414,58300
2003-07-28,11.328298524048096,11.33946960597508,11.216579181301356,11.23333740234375,48900
2003-07-29,11.289186885594972,11.300359023928468,11.149538352727541,11.171882629394531,81200
2003-07-30,11.205401589906302,11.250089092207096,11.188644442439815,11.244503021240234,23200
2003-07-31,11.317120878375333,11.428839101410269,11.227745873773747,11.244503021240234,72500
2003-08-01,11.149544856308788,11.199818442700579,11.08810019050111,11.132787704467773,123600
2003-08-04,11.12720139028642,11.227748560885455,11.03782636429491,11.177474975585938,142100
2003-08-05,11.160714600602125,11.171886743049368,11.037824229984874,11.043410301208496,378200
2003-08-06,11.026651322538434,11.149541684629884,11.004308104628203,11.110440254211426,165300
2003-08-07,11.116022633071134,11.222155812838302,11.116022633071134,11.205397605895996,45000
2003-08-08,11.250094707969572,11.278025076746012,11.19423610128595,11.272439002990723,152000
2003-08-11,11.311541669699652,11.328299892766825,11.216580536521821,11.255681991577148,137900
2003-08-12,11.283608055530902,11.367397008008568,11.250091622192366,11.345052719116211,28800
2003-08-13,11.378569950703794,11.378569950703794,11.2780227745031,11.305952072143555,256200
2003-08-14,11.32829681758309,11.412085779304087,11.294780380547127,11.367398262023926,160100
2003-08-15,11.406495094299316,11.406495094299316,11.350635453927095,11.406495094299316,9500
2003-08-18,11.372977305834278,11.440008007609203,11.372977305834278,11.42883586883545,33200
2003-08-19,11.35622611634527,11.412085779304087,11.300366453386454,11.367398262023926,389700
2003-08-20,11.339472514540892,11.378575040336248,11.311543204407668,11.328301429748535,182700
2003-08-21,11.333882890422416,11.40649970646476,11.311538599065107,11.367398262023926,436200
2003-08-22,11.406491364653919,11.406491364653919,11.255670704593818,11.26684284210205,106700
2003-08-25,11.250091362198246,11.333881378173828,11.250091362198246,11.333881378173828,278300
2003-08-26,11.289185074649161,11.372975033275523,11.23891259108036,11.350630760192871,68800
2003-08-27,11.33946695606033,11.406498759130665,11.33946695606033,11.395326614379883,157500
2003-08-28,11.42325086488237,11.462352285156708,11.333875885559937,11.42883586883545,37000
2003-08-29,11.384152729419005,11.467942736807167,11.384152729419005,11.434426307678223,937500
2003-09-02,11.417670629616083,11.60200675183859,11.417670629616083,11.562905311584473,126000
2003-09-03,11.607595699512666,11.629938928578023,11.54614995507238,11.590837478637695,327800
2003-09-04,11.641103345062703,11.674618699120755,11.596415851174001,11.646689414978027,292700
2003-09-05,11.574070594778734,11.607587011442236,11.507039892319339,11.523797035217285,95700
2003-09-08,11.568488811357462,11.568488811357462,11.484699869523254,11.557317733764648,126600
2003-09-09,11.507039774817924,11.507039774817924,11.400906587334864,11.42883586883545,624800
2003-09-10,11.44000925025994,11.518213164737176,11.412079965725583,11.42325210571289,451000
2003-09-11,11.479115084476671,11.551732956856364,11.479115084476671,11.484701156616211,94400
2003-09-12,11.484703909950047,11.523805358866655,11.400914938638094,11.51263427734375,94400
2003-09-15,11.501455307006836,11.523798522231836,11.46235388128763,11.501455307006836,90600
2003-09-16,11.50704288482666,11.529386102979071,11.423253952245467,11.50704288482666,59600
2003-09-17,11.551733167102057,11.590834607356173,11.507045654606733,11.562905311584473,259600
2003-09-18,11.551726310000324,11.669030561130901,11.551726310000324,11.635515213012695,111200
2003-09-19,11.619266423098255,11.641687132453944,11.568820896126217,11.60805606842041,86300
2003-09-22,11.546399689489778,11.546399689489778,11.44550864923236,11.51276969909668,126700
2003-09-23,11.552009431092271,11.59124461356853,11.49035353344184,11.580034255981445,152200
2003-09-24,11.591243617102618,11.591243617102618,11.445512188234238,11.479142189025879,271800
2003-09-25,11.467926025390627,11.546397412940179,11.467926025390627,11.467926025390625,170700
2003-09-26,11.42868909537025,11.467924248526899,11.406269466028343,11.439899444580078,226800
2003-09-29,11.479134597736724,11.479134597736724,11.40066429142343,11.439899444580078,111200
2003-09-30,11.434294215487336,11.462320088378348,11.3221939311565,11.389453887939453,105000
2003-10-01,11.400672466003327,11.608058729697754,11.400672466003327,11.59684944152832,191100
2003-10-02,11.585639084280375,11.647294980065562,11.585639084280375,11.59684944152832,222000
2003-10-03,11.764994715008461,11.770599890864897,11.658498511892134,11.686524391174316,707100
2003-10-06,11.69773945310847,11.748183917972444,11.664108384427939,11.725764274597168,209600
2003-10-07,11.720161100392854,11.82665736459974,11.692136274112482,11.787422180175781,300900
2003-10-08,11.79302232378534,11.80423160806412,11.731366449400438,11.753786087036133,134400
2003-10-09,11.88269977644415,11.893909057670282,11.75378288610409,11.770598411560059,267100
2003-10-10,11.759390398685035,11.798625563469937,11.731365586432409,11.764995574951172,522100
2003-10-13,11.776209250648309,11.860284780209783,11.77060407280043,11.809839248657227,123900
2003-10-14,11.826650142402583,11.877095654164497,11.776204630640668,11.871490478515625,247700
2003-10-15,11.854679107666016,11.882704995735892,11.793024292068916,11.854679107666016,632100
2003-10-16,11.787414981938413,11.877095654164497,11.770599454991794,11.871490478515625,107500
2003-10-17,11.888306631054931,11.888306631054931,11.77060113288358,11.798625946044922,127000
2003-10-20,11.804232597351072,11.804232597351072,11.708946723987859,11.804232597351074,164000
2003-10-21,11.832262543671535,11.860287369951907,11.7706066429604,11.787422180175781,84700
2003-10-22,11.74257651060975,11.793022030382684,11.6753154612198,11.731366157531738,274600
2003-10-23,11.658499931602783,11.753785794609648,11.658499931602783,11.731366157531738,289000
2003-10-24,11.725760892439057,11.725760892439057,11.563213981269808,11.720155715942383,289900
2003-10-27,11.787418159660294,11.798627444901964,11.67531675461776,11.71455192565918,166600
2003-10-28,11.714553732423807,11.849074797775428,11.714553732423807,11.843469619750977,907000
2003-10-29,11.804230251226972,11.899516105651855,11.804230251226972,11.899516105651855,109300
2003-10-30,11.938752455209146,11.938752455209146,11.815441777437602,11.882702827453613,63500
2003-10-31,11.938753704620705,11.949964058976244,11.88270407099948,11.905123710632324,222600
2003-11-03,11.961176892914862,12.034042073174538,11.961176892914862,12.011622428894043,96700
2003-11-04,11.994801911740955,12.000407087752539,11.938751220703125,11.938751220703125,36700
2003-11-05,11.961175023019573,11.961175023019573,11.849073611906595,11.921939849853516,33100
2003-11-06,11.899514724263593,12.017221269160869,11.877095091807568,11.994800567626953,47900
2003-11-07,12.017221269160869,12.050851252383852,11.96677575978745,11.994800567626953,71500
2003-11-10,11.966778234098586,12.01161857735994,11.92193789083723,11.961173057556152,53800
2003-11-11,11.977991538091787,11.983595646936742,11.933151183783524,11.972386360168457,181900
2003-11-12,11.994804069351884,12.067670301531557,11.949963722271395,12.062065124511719,345300
2003-11-13,11.961175023019573,11.961175023019573,11.865889144297029,11.921939849853516,66100
2003-11-14,11.944359811332992,11.966780521788895,11.80423357821855,11.854679107666016,250800
2003-11-17,11.781811181839231,11.888306324367509,11.759390476626079,11.865886688232422,492100
2003-11-18,11.893914864641745,11.899520042530353,11.787419691993303,11.821049690246582,89100
2003-11-19,11.82104695402878,11.9051224647402,11.79862624766407,11.882702827453613,45600
2003-11-20,11.882702523685138,11.921937689742254,11.793021838675129,11.798625946044922,320500
2003-11-21,11.798625691546238,11.871491914718941,11.787416407970346,11.826651573181152,76900
2003-11-24,11.905120328047612,12.000406174839792,11.877095519199647,11.989195823669434,140900
2003-11-25,11.994803604617948,12.039643949961116,11.944358082472116,12.017224311828613,108200
2003-11-26,12.073274398267218,12.073274398267218,11.938752299984225,12.000408172607422,79200
2003-11-28,12.017225122139985,12.050855116145462,11.99480441341751,12.045249938964844,17600
2003-12-01,12.000405493695071,12.045245826753428,11.944354810102658,12.022826194763184,79000
2003-12-02,12.022826532433237,12.022826532433237,11.910725162099961,11.916330337524414,304500
2003-12-03,11.955569845556095,12.006015373649106,11.91633467239004,11.921939849853516,323500
2003-12-04,11.933151183783524,11.972386360168459,11.882705651551932,11.972386360168457,103500
2003-12-05,11.949964754877128,12.00041028333649,11.899519226417764,11.933150291442871,359600
2003-12-08,11.972383410641019,12.017223753902373,11.893912008125064,11.961173057556152,109600
2003-12-09,11.93874997014433,11.99480065531097,11.905119986675507,11.916330337524414,341100
2003-12-10,11.933149771070791,11.96677976555109,11.871493890291706,11.927544593811035,183900
2003-12-11,11.96678020048305,11.989199841258673,11.921939849853517,11.921939849853516,85300
2003-12-12,11.98359264305252,12.011618525644021,11.882702672957436,12.000408172607422,114000
2003-12-15,12.078880542517739,12.078880542517739,11.910729494926562,11.921939849853516,277300
2003-12-16,11.944361209917824,12.056462637166844,11.921941565915086,12.039647102355957,86900
2003-12-17,12.045253150466127,12.084488332113093,12.017228326169299,12.028437614440918,397600
2003-12-18,12.1069062838356,12.112511461231485,12.045250401559155,12.09009075164795,458700
2003-12-19,12.118793934544147,12.124422857407694,12.006217624487721,12.045619010925293,62900
2003-12-22,12.045617953234792,12.113163948059082,12.045617953234792,12.113163948059082,134400
2003-12-23,12.068137106315945,12.152568818873174,12.062508182331133,12.118796348571777,259900
2003-12-24,12.118795853123627,12.118795853123627,12.062507689184189,12.07939338684082,52600
2003-12-26,12.045624995171153,12.113171029483214,12.045624995171153,12.090655326843262,29800
2003-12-29,12.135681033496438,12.191969195036592,12.073765022048915,12.169454574584961,319700
2003-12-30,12.180715221423787,12.22574555025389,12.1582005938126,12.186344146728516,479000
2003-12-31,12.236999115321133,12.259514808654785,12.191968802261181,12.259514808654785,256000
2004-01-02,12.24262594173121,12.315799785317623,12.09064825858193,12.113163948059082,356900
2004-01-05,12.214494165749072,12.214494165749072,12.079402046010106,12.191978454589844,235700
2004-01-06,12.191968305011947,12.23699861623534,12.15819583999623,12.220111846923828,140300
2004-01-07,12.158196727555453,12.197598118551344,12.1019085660153,12.169454574584961,550600
2004-01-08,12.253887301635876,12.253887301635876,12.101909574890069,12.152568817138672,728900
2004-01-09,12.146940298431048,12.16382707094649,12.039992886381588,12.062508583068848,741400
2004-01-12,12.045621410376697,12.118796348571777,12.034363562407073,12.118796348571777,599900
2004-01-13,12.135686889600883,12.135686889600883,12.011853733342473,12.101914405822754,458800
2004-01-14,12.12442560836788,12.180712702560038,12.107538835945729,12.146940231323242,391900
2004-01-15,12.152570385592236,12.16382823501323,12.051251888018509,12.158199310302734,288600
2004-01-16,12.186341287435248,12.186341287435248,12.107538498874076,12.152568817138672,118800
2004-01-20,12.152565331036934,12.152565331036934,12.062504720342657,12.113163948059082,114400
2004-01-21,12.130054348796142,12.186342520725264,12.09065295052803,12.163827896118164,210100
2004-01-22,12.191969873106066,12.191969873106066,12.107538162903769,12.124424934387207,128700
2004-01-23,12.169456198319219,12.237001142293815,12.13005372845859,12.225743293762207,208600
2004-01-26,12.248260693004548,12.349579196654519,12.225744992812253,12.343950271606445,449000
2004-01-27,12.355207917421172,12.360835768768517,12.28203296661377,12.28203296661377,224500
2004-01-28,12.304548131952828,12.338320606608201,12.141312536171242,12.158199310302734,402100
2004-01-29,12.214483554937651,12.349574483713939,12.18633894043805,12.327058792114258,833100
2004-01-30,12.315801894774214,12.315801894774214,12.231370191987722,12.259514808654785,155000
2004-02-02,12.259518551181174,12.360835981290249,12.253889626129391,12.31017780303955,104100
2004-02-03,12.25951131123289,12.38897329014612,12.25951131123289,12.372086524963379,227300
2004-02-04,12.372091783678549,12.484668118866264,12.349577160805504,12.445266723632812,378700
2004-02-05,12.490298265327695,12.546586438430097,12.439639016896292,12.524070739746094,494500
2004-02-06,12.574728288283978,12.63101645377716,12.495925500758,12.619758605957031,480900
2004-02-09,12.608498794561765,12.664786951288951,12.580355253001818,12.636643409729004,405400
2004-02-10,12.597243735585776,12.692933301110749,12.597243735585776,12.687305450439453,289600
2004-02-11,12.653532918803403,12.721078941954826,12.608502594571661,12.670419692993164,362300
2004-02-12,12.692941665649414,12.721086305590616,12.64791131535173,12.692941665649414,225100
2004-02-13,12.66478830557819,12.715447544689095,12.569098750991747,12.614129066467285,484800
2004-02-17,12.721074720936658,12.743589338778078,12.670415488784387,12.726703643798828,207300
2004-02-18,12.715451580145922,12.737966208225373,12.664792324957473,12.709822654724121,492700
2004-02-19,12.794252677435988,12.861798699854669,12.749222353692737,12.771738052368164,341000
2004-02-20,12.822398113793287,12.89557199191286,12.782995638612947,12.87305736541748,526200
2004-02-23,12.878682966121113,12.95748682910214,12.861797267602489,12.946228981018066,809000
2004-02-24,12.940600741455379,12.940600741455379,12.805509778123463,12.867426872253418,750000
2004-02-25,12.88994210649096,12.929343505127932,12.856169632460354,12.906828880310059,744700
2004-02-26,12.906828880310059,12.934972429734298,12.856169632460354,12.906828880310059,269700
2004-02-27,12.934977121776313,13.008152094595019,12.88994678219864,12.95749282836914,341000
2004-03-01,13.013773524943788,13.10383415222168,12.968743211304842,13.10383415222168,345600
2004-03-02,13.06443926532555,13.081326045336692,12.946235026071513,12.97437858581543,830100
2004-03-03,12.974372738582394,13.047547678711197,12.929342419121399,13.041918754577637,262500
2004-03-04,13.047549254447334,13.047549254447334,12.968746454275555,13.013776779174805,134200
2004-03-05,12.99126276455588,13.12072483122819,12.94623243381735,13.01940631866455,426100
2004-03-08,13.036291404820615,13.086950654533224,13.013776779174805,13.013776779174805,233500
2004-03-09,13.002518929548085,13.047549254447334,12.929343980582034,13.013776779174805,278700
2004-03-10,13.058805312553371,13.115092405749756,12.957486827027903,12.980001449584961,730500
2004-03-11,12.878681854999598,12.934970016956159,12.704189519180913,12.73233413696289,886700
2004-03-12,12.726705213406495,12.749219834024684,12.642272433667957,12.73233413696289,280200
2004-03-15,12.749218425848142,12.749218425848142,12.58598395517182,12.608498573303223,359400
2004-03-16,12.659161233622568,12.698562631226054,12.535328116353384,12.631017684936523,600900
2004-03-17,12.670420893233787,12.811140803989018,12.653534117444382,12.78299617767334,158500
2004-03-18,12.721074668703013,12.856165596018618,12.692930054507727,12.777362823486328,389000
2004-03-19,12.806740187338477,12.812389518290068,12.710703716160829,12.750247955322266,179600
2004-03-22,12.65421250688344,12.65421250688344,12.541229111219177,12.58077335357666,355300
2004-03-23,12.637266562624603,12.64856414881055,12.541230076294873,12.55817699432373,277900
2004-03-24,12.569478016289047,12.642917189025757,12.518635097663601,12.59207534790039,176600
2004-03-25,12.693759270900653,12.784146436387706,12.648565688157126,12.767199516296387,308900
2004-03-26,12.772846621323398,12.784144206914048,12.69375705718994,12.693757057189941,101000
2004-03-29,12.784142352176502,12.897126811689635,12.755896776048049,12.846283912658691,212300
2004-03-30,12.880178556336364,12.931021454328453,12.834984988954469,12.925372123718262,190900
2004-03-31,12.897126548166941,12.947969446159028,12.818038074623534,12.925372123718262,305100
2004-04-01,12.89712894873197,12.919726275378817,12.84063670961469,12.874532699584961,360900
2004-04-02,13.010117150736543,13.015766484015213,12.863237717991563,12.891483306884766,772900
2004-04-05,12.868880493545316,12.964916955344146,12.868880493545316,12.936670303344727,148600
2004-04-06,12.964923475576063,13.021414652985866,12.93102747613001,12.998818397521973,70200
2004-04-07,13.015763909571074,13.015763909571074,12.925375672490778,12.964920997619629,87100
2004-04-08,13.010113538037023,13.010113538037023,12.812391238188466,12.89712905883789,588400
2004-04-12,12.89713033840884,12.953622583613207,12.891481006138408,12.947973251342773,264100
2004-04-13,12.970563672141378,12.970563672141378,12.789789430752565,12.818036079406738,132900
2004-04-14,12.818040089492598,12.908427238464355,12.76719718350851,12.908427238464355,534600
2004-04-15,12.93667458680191,12.97621883519498,12.874534086827067,12.947973251342773,761800
2004-04-16,13.01576243976106,13.066604268471236,12.970567787574568,13.038358688354492,415700
2004-04-19,12.99316308193599,13.106147539735291,12.99316308193599,13.077900886535645,188600
2004-04-20,13.128749849837059,13.128749849837059,12.976221084594725,12.976221084594727,720100
2004-04-21,12.93667609286075,13.04401126349477,12.891482506935912,13.004467010498047,655500
2004-04-22,13.015763811050771,13.13439655303955,12.942323571010162,13.13439655303955,282900
2004-04-23,13.049662978727687,13.168295759375077,13.038364310808808,13.145699501037598,300600
2004-04-26,13.162640473152363,13.19088713017617,13.072253325675764,13.117446899414062,142800
2004-04-27,13.145694014040675,13.213483838257998,13.1174473560336,13.15134334564209,323600
2004-04-28,13.140048496046767,13.145697829287775,12.998818397521973,12.998818397521973,476600
2004-04-29,13.066606521606445,13.117449436583513,12.99881668663702,13.066606521606445,152900
2004-04-30,13.1456934448727,13.213483266154933,13.083551877447501,13.094850540161133,589100
2004-05-03,13.16264485302313,13.196540852730594,13.106153675177657,13.173943519592285,1041000
2004-05-04,13.207834046890662,13.207834046890662,13.04965707755651,13.117446899414062,799500
2004-05-05,13.117446886744089,13.145693543740613,13.077902644448747,13.140044212341309,754600
2004-05-06,13.140040767520539,13.140040767520539,12.99881075206245,13.083548545837402,425000
2004-05-07,13.049651866632678,13.094845422324505,12.914071199557196,12.959264755249023,374000
2004-05-10,12.851935482658208,12.953621298437458,12.834987487528382,12.89712905883789,661800
2004-05-11,12.936673192864113,12.942322524525824,12.789793802159124,12.874532699584961,443400
2004-05-12,12.846286914973467,12.846286914973467,12.648564603365493,12.806742668151855,1116500
2004-05-13,12.823691636217655,12.846287888614075,12.727655139157875,12.784146308898926,862900
2004-05-14,12.767198762691295,12.880182174131077,12.722005182615396,12.834988594055176,983700
2004-05-17,12.727651709015603,12.81803884924166,12.688106392354463,12.750247955322266,412400
2004-05-18,12.823689460754396,12.863233703864681,12.795442803175753,12.823689460754395,554900
2004-05-19,12.88018053567106,12.902777861584426,12.733302227233414,12.755898475646973,660200
2004-05-20,12.744597061714682,12.823686607839836,12.716351487919708,12.8010892868042,1020900
2004-05-21,12.846286914973467,12.891480493841012,12.784145339968127,12.806742668151855,142600
2004-05-24,12.82368937588726,12.863233618735844,12.71070490132005,12.755898475646973,578500
2004-05-25,12.755898520512087,12.919725901460778,12.682459366034962,12.908427238464355,418000
2004-05-26,12.891483519602962,12.925378442334125,12.851939263499913,12.919730186462402,92600
2004-05-27,13.027061554590443,13.077904466769022,12.9649210555388,13.07225513458252,762500
2004-05-28,13.077912759005615,13.077912759005615,12.99882421324725,13.0214204788208,521400
2004-06-01,13.0214204788208,13.032719150357888,12.93668259729389,13.0214204788208,158200
2004-06-02,13.077905975692977,13.145696892252753,13.02706305764816,13.128748893737793,101000
2004-06-03,13.111790056254332,13.20782648011635,13.100492477416994,13.100492477416992,1102300
2004-06-04,13.173939372118927,13.196536698143055,13.089201554528074,13.123096466064453,206200
2004-06-07,13.168290221846481,13.247379786519616,13.123096646676046,13.23608112335205,770700
2004-06-08,13.236080023377212,13.309519172863629,13.190886451962553,13.298221588134766,678500
2004-06-09,13.29257479035492,13.309521709427871,13.230433213754257,13.247381210327148,538100
2004-06-10,13.2643281294001,13.2643281294001,13.19088896591745,13.247381210327148,146300
2004-06-14,13.219124907470198,13.219124907470198,13.134387141412528,13.179580688476562,283700
2004-06-15,13.275624646491574,13.275624646491574,13.19088683233307,13.241729736328125,319300
2004-06-16,13.241739533164942,13.247388868621778,13.190896591553983,13.224791526794434,318500
2004-06-17,13.230435774937908,13.230435774937908,13.16264485302313,13.173943519592285,161300
2004-06-18,13.0985213437035,13.211927804110925,13.0985213437035,13.172235488891602,518500
2004-06-21,13.115541863069842,13.23461998237173,13.115541863069842,13.155235290527344,211500
2004-06-22,13.143887829631415,13.194921129661218,13.070172582239577,13.160898208618164,148800
2004-06-23,13.172244130475162,13.200596575328351,13.064508084638597,13.1779146194458,308500
2004-06-24,13.132549226267306,13.421737618120716,13.092856892754384,13.12687873840332,200900
2004-06-25,13.115533166659867,13.143885596044383,12.99078572197178,13.002126693725586,393800
2004-06-28,12.968104859998762,13.10986376231756,12.968104859998762,13.002126693725586,695900
2004-06-29,13.019135284912696,13.058828680609098,13.002124911148684,13.013465881347656,706700
2004-06-30,13.002128873644699,13.104195473472114,13.002128873644699,13.092854499816895,314700
2004-07-01,13.121207913345604,13.126878401063868,12.92274625088113,12.962438583374023,539900
2004-07-02,12.92274625088113,13.036152760641551,12.92274625088113,12.962438583374023,165100
2004-07-06,12.951098620049478,13.013472908289897,12.922747260777486,12.968110084533691,705100
2004-07-07,12.962436985284429,13.013470286922148,12.951096011246088,12.979447364807129,294000
2004-07-08,12.917075763162865,13.036152760641551,12.917075763162865,12.962438583374023,158000
2004-07-09,12.973783722939395,13.0134771530164,12.962443824452775,12.996465682983398,339000
2004-07-12,12.985113455850227,13.036146740211153,12.934080171489299,13.013465881347656,354500
2004-07-13,13.030481338500977,13.053163287747495,12.97377754691955,13.030481338500977,451900
2004-07-14,12.962440441267683,13.098528921406583,12.945428975674659,13.024813652038574,970900
2004-07-15,13.06450206925445,13.06450206925445,12.89439072306648,12.939753532409668,246900
2004-07-16,13.036148614647766,13.098522878176311,12.92841154533517,12.93408203125,601600
2004-07-19,12.945424018769401,13.007798287191793,12.911402182145682,12.939753532409668,166600
2004-07-20,12.894392683780634,13.053163081391675,12.894392683780634,12.945425987243652,187900
2004-07-21,12.996453956993319,12.996453956993319,12.76963996887207,12.76963996887207,1546900
2004-07-22,12.684589045921207,12.76964418435305,12.650566125320658,12.729951858520508,1137800
2004-07-23,12.71294461521212,12.71294461521212,12.491800965627142,12.542834281921387,301400
2004-07-26,12.588190743075481,12.588190743075481,12.446431843182896,12.497465133666992,128100
2004-07-27,12.559842004340108,12.633557259601641,12.503138211416212,12.627886772155762,299800
2004-07-28,12.58251978294876,12.644892961106587,12.435090402834243,12.593859672546387,437800
2004-07-29,12.616546231435501,12.616546231435501,12.40674251485761,12.446435928344727,720400
2004-07-30,12.40674251485761,12.463446309732845,12.378391158187457,12.446435928344727,416900
2004-08-02,12.3954042974947,12.610877449319783,12.3954042974947,12.571185111999512,551400
2004-08-03,12.542827358330253,12.559837733348592,12.480453099170939,12.520145416259766,112000
2004-08-04,12.429422133841404,12.599532405021948,12.429422133841404,12.54849910736084,129700
2004-08-05,12.593860759324144,12.593860759324144,12.378387696891632,12.401069641113281,238200
2004-08-06,12.327355228068429,12.35570766024098,12.247970581054686,12.247970581054688,580700
2004-08-09,12.293334007263184,12.31601487260352,12.264981573669319,12.293334007263184,310500
2004-08-10,12.28766196122654,12.39539903214176,12.28766196122654,12.389728546142578,231000
2004-08-11,12.36137551584168,12.497465010143902,12.333024168757214,12.486124038696289,201400
2004-08-12,12.554169315222975,12.5598398016744,12.457773208618164,12.457773208618164,229300
2004-08-13,12.520152033009035,12.537163498552255,12.452107252371253,12.514481544494629,1228200
2004-08-16,12.542827465520723,12.593859672546388,12.480453205828361,12.593859672546387,707300
2004-08-17,12.673248389911208,12.673248389911208,12.56551130171302,12.605203628540039,245100
2004-08-18,12.650566652311339,12.690258979797363,12.605203837822337,12.690258979797363,414600
2004-08-19,12.712941920774158,12.712941920774158,12.588194441569502,12.627886772155762,154800
2004-08-20,12.644890273414752,12.68458366394043,12.59952748006257,12.68458366394043,64600
2004-08-23,12.695930579054172,12.701601066553923,12.588194561163608,12.639227867126465,98100
2004-08-24,12.639228054888429,12.690260280074494,12.627887079720452,12.6448974609375,44900
2004-08-25,12.58252421399138,12.729953646024422,12.576853726428388,12.718612670898438,109600
2004-08-26,12.667576885319388,12.741291046142576,12.667576885319388,12.741291046142578,60300
2004-08-27,12.735623052052498,12.752634514741473,12.701601208209462,12.718612670898438,96000
2004-08-30,12.729953813662924,12.73562321976566,12.656238555908203,12.656238555908203,57000
2004-08-31,12.605199673939202,12.701595758077605,12.58818930008413,12.667573928833008,141000
2004-09-01,12.656232958573325,12.712936728337288,12.59952918880936,12.667573928833008,315000
2004-09-02,12.72995491196734,12.82068055892768,12.68459208848717,12.815010070800781,164600
2004-09-03,12.860366945252144,12.917070718755728,12.854696459748334,12.871707916259766,70500
2004-09-07,12.922741204259538,12.922741204259538,12.815004142756182,12.871707916259766,119700
2004-09-08,12.786654752453265,12.837688052574984,12.718611073314158,12.735621452331543,181600
2004-09-09,12.712935004210179,12.74128634447993,12.644890273414752,12.68458366394043,400600
2004-09-10,12.616545819643699,12.718612430780782,12.59386386981995,12.695930480957031,208000
2004-09-13,12.673246879042583,12.7469610369998,12.673246879042583,12.707268714904785,487200
2004-09-14,12.72995263107143,12.741292523758373,12.66190786727562,12.71294116973877,273400
2004-09-15,12.673252878819577,12.673252878819577,12.554174774625867,12.588197708129883,279100
2004-09-16,12.593859564919798,12.605200535955042,12.497464555723804,12.520145416259766,641400
2004-09-17,12.567412210795077,12.630050318309474,12.527551991871189,12.578801155090332,150500
2004-09-20,12.413661521370276,12.43074493340971,12.328246633391567,12.368106842041016,736100
2004-09-21,12.333941622807851,12.36810736221442,12.294081412481976,12.322552680969238,525100
2004-09-22,12.328252129896331,12.328252129896331,12.197282504196048,12.225753784179688,493200
2004-09-23,12.2713041305542,12.311165428944031,12.225749447075145,12.2713041305542,2347300
2004-09-24,12.282694059731037,12.288388531387074,12.231444900936129,12.259917259216309,428300
2004-09-27,12.22005274831591,12.271301893651442,12.19158148362245,12.208664894104004,621300
2004-09-28,12.2713041305542,12.276998601752746,12.191583705993187,12.2713041305542,735500
2004-09-29,12.26561215709445,12.316860231560781,12.163113835942882,12.305472373962402,928100
2004-09-30,12.305479706273973,12.351034422139957,12.299785231026963,12.333950996398926,715300
2004-10-01,12.333942910234272,12.49338485428972,12.333942910234272,12.45921802520752,582500
2004-10-04,12.49907960575102,12.527550877847819,12.419358088883044,12.430747032165527,396200
2004-10-05,12.425052560524286,12.476301719186052,12.40227576006873,12.430747032165527,736200
2004-10-06,12.4022769685498,12.48769187927246,12.4022769685498,12.487691879272461,698400
2004-10-07,12.521852999528685,12.527547469620696,12.385188975647734,12.390883445739746,498100
2004-10-08,12.356721534538186,12.402276223260055,12.277000014692828,12.305472373962402,219400
2004-10-11,12.276997241326043,12.316857449189598,12.276997241326043,12.299775123596191,173900
2004-10-12,12.242834713991579,12.288389404366702,12.231445769870426,12.265612602233887,257700
2004-10-13,12.254224272130656,12.311167909480186,12.191586162435216,12.214364051818848,597300
2004-10-14,12.231444041319605,12.259916397598769,12.16880702972412,12.168807029724121,697500
2004-10-15,12.214365589286263,12.316862846085675,12.214365589286263,12.248531341552734,2318500
2004-10-18,12.220052754563167,12.305468720905472,12.208664900345438,12.294079780578613,1275800
2004-10-19,12.305470605891404,12.328247403925003,12.220054626464844,12.220054626464844,202700
2004-10-20,12.197277340554153,12.254220962524416,12.168806072623648,12.254220962524414,353700
2004-10-21,12.214360752978008,12.299775642878775,12.18588839893825,12.254220962524414,356100
2004-10-22,12.333944335218035,12.34533327956124,12.1745023727417,12.1745023727417,382300
2004-10-25,12.237135433527518,12.237135433527518,12.072000153096248,12.106165885925293,486300
2004-10-26,12.072001541398183,12.265609193209775,12.060612600442399,12.237136840820312,893800
2004-10-27,12.16880579879377,12.368106842041016,12.151722386754336,12.368106842041016,405800
2004-10-28,12.305470106900357,12.470605415802869,12.305470106900357,12.425050735473633,492500
2004-10-29,12.425051853095473,12.464912066205288,12.379497168668635,12.413662910461426,714100
2004-11-01,12.419359572587789,12.436442989552422,12.356722549269886,12.385193824768066,202900
2004-11-02,12.402275400531764,12.556021785950607,12.385191986103278,12.464912414550781,1323100
2004-11-03,12.58449874231228,12.590193215869474,12.510471672178507,12.561720848083496,366600
2004-11-04,12.556023368425436,12.897684097290039,12.556023368425436,12.897684097290039,234800
2004-11-05,12.977403969248721,12.994486297545366,12.897682454796659,12.954626083374023,751500
2004-11-08,12.926157047005956,12.966017268068926,12.886295739833422,12.93185043334961,1681800
2004-11-09,12.948929979878029,12.966013392130932,12.87490403233393,12.926153182983398,132900
2004-11-10,12.926158785836753,13.017268185125195,12.909075366179028,12.943241119384766,345800
2004-11-11,12.9432390203882,13.040042877197266,12.926156689610417,13.040042877197266,568300
2004-11-12,13.045738804797987,13.091293502136443,12.988795161597501,13.079904556274414,274100
2004-11-15,13.079898268277065,13.13114741390915,13.045732533225385,13.119759559631348,607700
2004-11-16,12.994488267639454,13.068515321846084,12.994488267639454,13.034348487854004,258100
2004-11-17,13.06281495378029,13.119758565290113,13.011565812032355,13.045731544494629,469800
2004-11-18,13.011571601827937,13.091292041749684,13.011571601827937,13.040042877197266,577400
2004-11-19,13.01157136894808,13.01157136894808,12.874907294624142,12.897684097290039,1000400
2004-11-22,12.869213743737328,12.988794410040486,12.863519271135807,12.983099937438965,248100
2004-11-23,12.954626083374023,12.960320554842697,12.86351671209399,12.954626083374023,459700
2004-11-24,12.95462330325443,12.98878903862498,12.914763097637262,12.948928833007812,186600
2004-11-26,12.92045756788388,12.98878903862498,12.92045756788388,12.948928833007812,73500
2004-11-29,12.914767454792335,12.914767454792335,12.783797853261378,12.817963600158691,442300
2004-11-30,12.829346964866666,12.829346964866666,12.715459743260446,12.72115421295166,557300
2004-12-01,12.726853416243278,12.920461113318488,12.726853416243278,12.891988754272461,626400
2004-12-02,12.846432617611054,13.034345821691865,12.835044761385944,13.011569023132324,2301600
2004-12-03,12.988787651062012,13.07989699305657,12.95462191934131,12.988787651062012,5691900
2004-12-06,13.011567438719895,13.011567438719895,12.880597876150015,12.903374671936035,152500
2004-12-07,12.846438070932903,12.948936423234752,12.83505020987364,12.869215965270996,346100
2004-12-08,12.817959109600444,12.903373989974803,12.79518122890908,12.874902725219727,204300
2004-12-09,12.920464225157328,13.0514338499842,12.840742686737304,13.02296257019043,345900
2004-12-10,12.966011140046309,13.074202807195013,12.960316670284422,13.045731544494629,185400
2004-12-13,13.045738888203713,13.096988058800838,12.983100771671747,13.074210166931152,2296700
2004-12-14,13.108370785651353,13.216562462373322,13.062816109634433,13.193785667419434,305900
2004-12-15,13.199479264179683,13.210868203957512,13.07989756873064,13.188090324401855,323500
2004-12-16,13.102680547552023,13.26212250816558,13.09698607544695,13.153929710388184,538500
2004-12-17,13.202528857676047,13.208246844229677,13.025275636891216,13.053864479064941,1798800
2004-12-20,13.168229006885342,13.173946996468976,13.013846559912269,13.059589385986328,476400
2004-12-21,13.059588761709955,13.151074409484863,13.048152783089355,13.151074409484863,175900
2004-12-22,13.168222124575756,13.22539980933843,13.122479322408958,13.202528953552246,197800
2004-12-23,13.156787650503626,13.225401316274626,13.151069663256951,13.173941612243652,200600
2004-12-27,13.236834881983787,13.242552868189927,13.111042457231768,13.162503242492676,202900
2004-12-28,13.196808057831369,13.248268835249224,13.168219221752201,13.24255084991455,469100
2004-12-29,13.242555215131974,13.242555215131974,13.179658446311764,13.213966369628906,172200
2004-12-30,13.294011627332406,13.294011627332406,13.225396893910537,13.24255084991455,111200
2004-12-31,13.253988538841986,13.259706524917943,13.196809768676758,13.196809768676758,226200
2005-01-03,13.322602190564796,13.385498946805981,13.162502942815353,13.196809768676758,813900
2005-01-04,13.156792398795163,13.253996035880371,13.076742729640856,13.151074409484863,2075600
2005-01-05,13.151070395255504,13.168224357950333,13.0824556350708,13.0824556350708,1772000
2005-01-06,13.139639142338094,13.191099958322305,13.053871479229413,13.145357131958008,594900
2005-01-07,13.208251953124998,13.248276783887418,13.139637178535963,13.208251953125,325800
2005-01-10,13.26542965164872,13.3454793065445,13.179660917866382,13.288300514221191,357500
2005-01-11,13.208246393695187,13.28257803516807,13.19681042097801,13.231117248535156,639100
2005-01-12,13.265425110180557,13.294013951257337,13.168221523687373,13.27114200592041,586700
2005-01-13,13.32260362241162,13.32260362241162,13.151068384074515,13.185375213623047,358800
2005-01-14,13.236835504965688,13.265425437341953,13.179656730807565,13.2597074508667,253000
2005-01-18,13.128192755809586,13.396932601928711,13.128192755809586,13.396932601928711,759600
2005-01-19,13.431244179700798,13.448398141038421,13.374065399169922,13.374065399169922,567200
2005-01-20,13.32260493334422,13.402655664293645,13.316888036685635,13.362630844116211,1052900
2005-01-21,13.408379053666259,13.408379053666259,13.225406659631409,13.248278617858887,909900
2005-01-24,13.27685939255148,13.27685939255148,13.185373796524846,13.196809768676758,415700
2005-01-25,13.29402144371885,13.299739433275722,13.236842638745149,13.248278617858887,1014000
2005-01-26,13.305449268096375,13.316885240201156,13.23111654000962,13.236834526062012,621300
2005-01-27,13.208248038248069,13.322604507875159,13.185376089965938,13.311169624328613,212600
2005-01-28,13.31116796182477,13.34547478936868,13.236835229786186,13.316885948181152,1183000
2005-01-31,13.448400862128704,13.448400862128704,13.299736438906129,13.351197242736816,867100
2005-02-01,13.37978442622262,13.37978442622262,13.288298806500332,13.356913566589355,1059900
2005-02-02,13.362625199003293,13.465545654296873,13.351189229328197,13.465545654296875,423600
2005-02-03,13.465550261794204,13.47698623538234,13.419807458036134,13.442679405212402,599100
2005-02-04,13.488426604461164,13.545605400440298,13.442683785796824,13.51701545715332,951200
2005-02-07,13.494142288828439,13.545603087362615,13.488424301147461,13.488424301147461,1953800
2005-02-08,13.568467974645559,13.568467974645559,13.459829528313564,13.505572319030762,1028200
2005-02-09,13.425525725699293,13.494140478069092,13.368346947156878,13.38550090789795,473500
2005-02-10,13.431246339412837,13.431246339412837,13.339760712090577,13.379785537719727,591400
2005-02-11,13.419808189077044,13.482704956643603,13.351194524999459,13.459834098815918,411500
2005-02-14,13.511288442403163,13.511288442403163,13.431238835865681,13.465545654296875,348500
2005-02-15,13.505578264190397,13.608498770664111,13.454117465656223,13.488424301147461,1124800
2005-02-16,13.55131980939191,13.55131980939191,13.49414102851708,13.522729873657227,567600
2005-02-17,13.5513158412514,13.5513158412514,13.419804356570548,13.436958312988281,216300
2005-02-18,13.391224300613148,13.442685113015697,13.379788322169263,13.41981315612793,465000
2005-02-22,13.419811608568228,13.419811608568228,13.208251484727928,13.219687461853027,449400
2005-02-23,13.294020729538627,13.294020729538627,13.185381114984416,13.253995895385742,1091800
2005-02-24,13.294014002755624,13.322602843943152,13.196810415885894,13.316885948181152,839200
2005-02-25,13.351194869609929,13.374065728027938,13.276862125913643,13.362630844116211,432500
2005-02-28,13.43696319013387,13.43696319013387,13.31117073586157,13.334041595458984,985000
2005-03-01,13.4026545882484,13.471268248588272,13.391218614660264,13.442679405212402,438100
2005-03-02,13.36262722297066,13.488419636667553,13.36262722297066,13.408370018005371,409200
2005-03-03,13.517014591502988,13.545604532959022,13.45411890148922,13.499861717224121,283600
2005-03-04,13.608495769239557,13.608495769239557,13.53988211339018,13.56847095489502,2885400
2005-03-07,13.5684777074936,13.591349664555633,13.511298905433456,13.52845287322998,289100
2005-03-08,13.557031230509454,13.557031230509454,13.436956820703228,13.465545654296875,253200
2005-03-09,13.465545962874824,13.465545962874824,13.328317595411214,13.368342399597168,244100
2005-03-10,13.339753841652675,13.454111362204745,13.334035856565656,13.396932601928711,596200
2005-03-11,13.328320804528357,13.414088418519485,13.265425135918532,13.294013977050781,2529400
2005-03-14,13.345477570554996,13.362631533199014,13.294016773217551,13.334041595458984,386500
2005-03-15,13.408378333342524,13.408378333342524,13.253995895385742,13.253995895385742,250500
2005-03-16,13.19109751904028,13.265430279758617,13.162508666822339,13.219687461853027,482800
2005-03-17,13.265426635742188,13.282579506123131,13.168223038070314,13.265426635742188,185500
2005-03-18,13.217196791704305,13.320546027532524,13.177005665576898,13.222938537597656,402100
2005-03-21,13.27461257003159,13.27461257003159,13.136812864920953,13.148296356201172,353200
2005-03-22,13.205712948811186,13.205712948811186,13.07365608215332,13.07365608215332,727400
2005-03-23,13.062172065231657,13.199970672087113,13.004755705260386,13.15977954864502,465800
2005-03-24,13.205718790705994,13.205718790705994,13.131078253309841,13.154044151306152,396700
2005-03-28,13.177009885539999,13.222942772270853,13.119593503344829,13.165526390075684,325000
2005-03-29,13.119590926419024,13.211456681836632,13.108107433210275,13.136815071105957,673400
2005-03-30,13.199977647726682,13.320552176897571,13.177011748677238,13.30906867980957,2248800
2005-03-31,13.297578714803683,13.297578714803683,13.205712973036121,13.217196464538574,264300
2005-04-01,13.320548757299859,13.320548757299859,13.056433867711148,13.090883255004883,2099100
2005-04-04,13.177009885539999,13.18849228587791,13.07940236434613,13.165526390075684,511900
2005-04-05,13.18274968111329,13.274616543728985,13.171267281521867,13.26313304901123,240400
2005-04-06,13.303321118864176,13.303321118864176,13.211455372550677,13.228680610656738,265200
2005-04-07,13.28035583017748,13.320548057556152,13.194231818904196,13.320548057556152,1957700
2005-04-08,13.332028622400342,13.332028622400342,13.240162876993057,13.2573881149292,210000
2005-04-11,13.32054451111064,13.32054451111064,13.24016117288068,13.29183578491211,166600
2005-04-12,13.291839814745652,13.360739683385331,13.171266413534036,13.343514442443848,452100
2005-04-13,13.34925531763128,13.360738810842324,13.205714937871806,13.280355453491211,672600
2005-04-14,13.349251609449377,13.349251609449377,13.23441889948978,13.251644134521484,642100
2005-04-15,13.263129539762142,13.263129539762142,13.090880449949674,13.125330924987793,518800
2005-04-18,13.148299414454723,13.177008149332837,13.004759025442933,13.03920841217041,1227800
2005-04-19,13.148296586530282,13.148296586530282,13.010497974131722,13.07365608215332,802900
2005-04-20,13.102362362042305,13.113845852337258,12.895663917236785,12.907147407531738,1104100
2005-04-21,13.044947578358224,13.131072670827479,12.993272960927087,13.125330924987793,939800
2005-04-22,13.113849667626615,13.119591414444573,12.924376403138957,12.987534523010254,438200
2005-04-25,13.056431070037597,13.125330924987793,13.010498198446147,13.125330924987793,568000
2005-04-26,13.033465058163149,13.119589054689348,13.021981566592713,13.02772331237793,370100
2005-04-27,13.033464957094495,13.102363715730762,12.91289048679199,13.07365608215332,840700
2005-04-28,13.102371650653904,13.159788047706735,12.993280605766193,13.044955253601074,3187700
2005-04-29,12.999016703583544,13.090882460878209,12.901409199567185,13.079400062561035,2003700
2005-05-02,13.131071945095131,13.188487210066667,13.096621471961033,13.17700481414795,212400
2005-05-03,13.194236306166239,13.28610209545078,13.148303411523969,13.234427452087402,520100
2005-05-04,13.291839323714244,13.343513949503459,13.251648191461793,13.320548057556152,662200
2005-05-05,13.343507854989701,13.36647483157329,13.23441690646909,13.297574996948242,1124000
2005-05-06,13.400930711709131,13.400930711709131,13.245906829833984,13.245906829833984,1518900
2005-05-09,13.30331852403353,13.35499313314643,13.257385659836048,13.326284408569336,435900
2005-05-10,13.332026374417671,13.332026374417671,13.205711269562824,13.251644134521484,895500
2005-05-11,13.309058485240035,13.309058485240035,13.154034678677966,13.297574996948242,1590500
2005-05-12,13.177012155129509,13.31481083905632,13.177012155129509,13.234427452087402,497300
2005-05-13,13.251647644116995,13.251647644116995,13.056432642560042,13.119590759277344,343100
2005-05-16,13.177008056862531,13.263132070639973,13.159782816056541,13.245906829833984,781500
2005-05-17,13.222936440328965,13.326284564639252,13.205711205380977,13.314802169799805,270500
2005-05-18,13.389445526939143,13.469827783630103,13.349254398593663,13.441120147705078,726400
2005-05-19,13.469823123552063,13.52149772644043,13.429632009111273,13.52149772644043,308800
2005-05-20,13.521500416607223,13.52724216197336,13.435376426367078,13.504276275634766,384100
2005-05-23,13.55020964283346,13.578917275596217,13.492793282181955,13.527242660522461,507500
2005-05-24,13.52724216197336,13.52724216197336,13.452601662465488,13.504276275634766,2247200
2005-05-25,13.492791927065724,13.492791927065724,13.395184452298937,13.458342552185059,388700
2005-05-26,13.510024657656084,13.510024657656084,13.446866522728776,13.469832420349121,290300
2005-05-27,13.521501746226695,13.527243492157439,13.372220732531595,13.429636001586914,319900
2005-05-31,13.481311683759381,13.481311683759381,13.354996548692625,13.38370418548584,424400
2005-06-01,13.377966015367411,13.498540531409029,13.355000118818708,13.475573539733887,455500
2005-06-02,13.492798826927936,13.521506471487843,13.423898946807137,13.510024070739746,328800
2005-06-03,13.510021403682323,13.510021403682323,13.366481018966674,13.400930404663086,503800
2005-06-06,13.418156926100355,13.418156926100355,13.360740547707332,13.406673431396484,739500
2005-06-07,13.400926197300029,13.53298304694748,13.400926197300029,13.458342552185059,511400
2005-06-08,13.435372647658784,13.498530733797077,13.406665024028094,13.42388916015625,181000
2005-06-09,13.42389425565617,13.46982712797606,13.383703129267024,13.429636001586914,659500
2005-06-10,13.452604099804095,13.469828243897217,13.349254854740757,13.4181547164917,599600
2005-06-13,13.464083671569824,13.492791300115483,13.366476201338424,13.464083671569824,636100
2005-06-14,13.423894909074397,13.487053022260787,13.389445526939143,13.441120147705078,220700
2005-06-15,13.452606829358542,13.481314472089338,13.366482806039782,13.44686508178711,283000
2005-06-16,13.464089809789508,13.464089809789508,13.400931684044549,13.406673431396484,371200
2005-06-17,13.453984599527066,13.505908299472111,13.419369166365298,13.442445755004883,820900
2005-06-20,13.442440530307687,13.459748790363731,13.373209690892223,13.43667221069336,644800
2005-06-21,13.442441846742684,13.465519529077433,13.390518161893956,13.40782642364502,750500
2005-06-22,13.47705803318875,13.482827453628147,13.378980086527877,13.419364929199219,859200
2005-06-23,13.413594675532753,13.413594675532753,13.240516474719882,13.252054214477539,2179300
2005-06-24,13.217433100035537,13.246279087608743,13.107816366530352,13.119355201721191,328900
2005-06-27,13.136673342600734,13.148212186476965,13.078980223624297,13.107826232910156,629400
2005-06-28,13.159750702901619,13.286675792185813,13.15398128062463,13.275136947631836,1095000
2005-06-29,13.28666613850295,13.303973292354287,13.217434221885643,13.240511894226074,551900
2005-06-30,13.217438216156141,13.263592474380697,13.113590860049813,13.125129699707031,503100
2005-07-01,13.182818743335119,13.21166473320253,13.130895081250594,13.171279907226562,428700
2005-07-05,13.148211433443862,13.275135407598974,13.142442011836177,13.246288299560547,864100
2005-07-06,13.269356757990419,13.269356757990419,13.113585784125773,13.119355201721191,1169000
2005-07-07,13.067432055181039,13.11358629734682,13.009738977372827,13.09627914428711,510500
2005-07-08,13.096286131630421,13.28090319879345,13.073208448032782,13.269364356994629,380300
2005-07-11,13.315516259939509,13.35590109866151,13.269362001342317,13.344362258911133,888100
2005-07-12,13.350127531685096,13.407820612110813,13.344358113602127,13.355896949768066,287200
2005-07-13,13.373211000547355,13.419365264812393,13.338595577449691,13.40782642364502,310700
2005-07-14,13.477057766259348,13.546288609352038,13.45974950528397,13.482827186584473,564300
2005-07-15,13.482826877162935,13.494364617143994,13.442440935813883,13.477057456970215,259200
2005-07-18,13.453977171688715,13.511670262042934,13.413592338562012,13.413592338562012,1033500
2005-07-19,13.448206505107375,13.48859133448783,13.39051342010498,13.39051342010498,1161500
2005-07-20,13.298213499691935,13.459754021788157,13.298213499691935,13.442445755004883,632300
2005-07-21,13.442437086566729,13.471284179269961,13.367436846346465,13.39051342010498,1640100
2005-07-22,13.413591364086052,13.47128445024896,13.373206533893242,13.430899620056152,2361400
2005-07-25,13.494362214444935,13.494362214444935,13.384746551513672,13.384746551513672,552400
2005-07-26,13.413595602907021,13.500134709296502,13.413595602907021,13.453980445861816,507400
2005-07-27,13.500130031114075,13.51743828655594,13.459745202153783,13.488591194152832,678100
2005-07-28,13.517440970806227,13.632826062119285,13.465517294573853,13.60398006439209,1786200
2005-07-29,13.603980634899225,13.627058314372206,13.540518116752848,13.546287536621094,1326100
2005-08-01,13.56359655905227,13.56359655905227,13.459749196392048,13.477057456970215,916400
2005-08-02,13.471285898749075,13.552055567819453,13.471285898749075,13.523209571838379,404600
2005-08-03,13.546284986430294,13.552054405212402,13.477054161853223,13.552054405212402,3065000
2005-08-04,13.488594790052781,13.511672470127506,13.407825110599955,13.43667221069336,479900
2005-08-05,13.402053753435434,13.413592591804962,13.338592343211424,13.350130081176758,1371300
2005-08-08,13.33859572606156,13.384749990840827,13.309748622821724,13.327056884765625,807900
2005-08-09,13.367438338731047,13.390514915065907,13.31551466647237,13.350130081176758,806400
2005-08-10,13.407826573028224,13.488596261290821,13.303979202173757,13.327056884765625,2009700
2005-08-11,13.355897261164838,13.384744352252266,13.280897025145542,13.361666679382324,1102400
2005-08-12,13.338591285749338,13.355898441527351,13.263589942697593,13.315513610839844,1271600
2005-08-15,13.292442474762272,13.407827595305719,13.292442474762272,13.378981590270996,1384600
2005-08-16,13.338597944878856,13.361674530904942,13.240519978357517,13.246288299560547,2445700
2005-08-17,13.18858823186409,13.275127302332734,13.18858823186409,13.240511894226074,1438000
2005-08-18,13.21166584696122,13.430899349889506,13.21166584696122,13.39051342010498,1489300
2005-08-19,13.367442439701986,13.430904969799732,13.367442439701986,13.373211860656738,1737600
2005-08-22,13.355899248207793,13.488592585739577,13.350129829131953,13.413592338562012,1082600
2005-08-23,13.413597016393576,13.425135858569286,13.361673327007429,13.378981590270996,1114700
2005-08-24,13.344359206921364,13.39628287351828,13.252050710838867,13.257820129394531,1031200
2005-08-25,13.292445214462802,13.384753770085062,13.234752092097693,13.275136947631836,434500
2005-08-26,13.252049629992305,13.39628178090804,13.211664803800536,13.240511894226074,229400
2005-08-29,13.211665308724369,13.355897465152372,13.177049899294774,13.332820892333984,271600
2005-08-30,13.309751764075525,13.309751764075525,13.15975009303968,13.26359748840332,729800
2005-08-31,13.23475122673278,13.32705977631937,13.171288686240231,13.309751510620117,391200
2005-09-01,13.34436299536228,13.37897951652384,13.275132153847931,13.292440414428711,421500
2005-09-02,13.298205354657725,13.384745535164216,13.286667617607085,13.315513610839844,873300
2005-09-06,13.338594698739037,13.477057482412597,13.338594698739037,13.459749221801758,636300
2005-09-07,13.459746028663211,13.477054285167908,13.390514103048554,13.471284866333008,3038100
2005-09-08,13.500134614541903,13.500134614541903,13.361671825209688,13.419364929199219,1408900
2005-09-09,13.384748934695436,13.53474945808866,13.355901833731826,13.477057456970215,2431600
2005-09-12,13.442441672499383,13.517443038710677,13.442441672499383,13.505904197692871,827100
2005-09-13,13.413597016393576,13.442443021428298,13.344365063743862,13.378981590270996,1381000
2005-09-14,13.37897951652384,13.384748936717433,13.280901574041524,13.292440414428711,1794500
2005-09-15,13.344362258911131,13.35590109866151,13.286670260967886,13.344362258911133,990300
2005-09-16,13.451624552206413,13.451624552206413,13.353056572682654,13.382046699523926,1479300
2005-09-19,13.40523902365237,13.451623887848992,13.271881571422488,13.300872802734375,2017400
2005-09-20,13.300879967159936,13.387851496137404,13.190715440640213,13.219705581665039,987100
2005-09-21,13.138526261989046,13.138526261989046,13.045756526274404,13.057353019714355,1848300
2005-09-22,12.98777702841272,13.161721137261358,12.98777702841272,13.155922889709473,912500
2005-09-23,13.10374407893888,13.219705750421484,13.10374407893888,13.179119110107422,971500
2005-09-26,13.260290686959774,13.260290686959774,13.103741302430826,13.132731437683105,1083100
2005-09-27,13.126935815841575,13.300879979865666,13.126935815841575,13.271888732910156,847300
2005-09-28,13.248692357969375,13.39364522598676,13.248692357969375,13.289278984069824,1363600
2005-09-29,13.219707005678151,13.411044832400492,13.219707005678151,13.405247688293457,2294300
2005-09-30,13.382047905753348,13.498010635375975,13.34725952922758,13.498010635375977,830200
2005-10-03,13.451626438612303,13.53859793723513,13.451626438612303,13.480616569519043,977200
2005-10-04,13.51540386329661,13.532798603986445,13.422634124755861,13.42263412475586,702400
2005-10-05,13.451634137504591,13.451634137504591,13.312478332980673,13.329873085021973,1138700
2005-10-06,13.306673974286701,13.411039112245547,13.173316492740001,13.254490852355957,1163100
2005-10-07,13.25449066758088,13.295077293871739,13.2023075463776,13.242894172668457,1034200
2005-10-10,13.306674813285918,13.318270203188463,13.18491381913615,13.196510314941406,769900
2005-10-11,13.190712067038778,13.277683573772778,13.190712067038778,13.196510314941406,755700
2005-10-12,13.196509424052621,13.237096050728328,13.103739675678826,13.150124549865723,1411400
2005-10-13,13.150125754176665,13.15592400221887,13.057355997306857,13.115337371826172,1125500
2005-10-14,13.1327296528959,13.21970115273575,13.07474828436846,13.19071102142334,818700
2005-10-17,13.132735194982953,13.34726601729689,13.103745051436542,13.33566951751709,2232100
2005-10-18,13.30667177853682,13.31246891921463,13.237093925476074,13.237093925476074,1156000
2005-10-19,13.173324486764209,13.382057101153276,13.16752623570859,13.376258850097656,1571900
2005-10-20,13.445832896934245,13.451631146325347,13.22550384368433,13.271888732910156,913300
2005-10-21,13.30667980897808,13.329871703392755,13.202313519354231,13.260294914245605,643600
2005-10-24,13.248700644583954,13.387855352208895,13.248700644583954,13.376258850097656,856900
2005-10-25,13.306681188203479,13.358864338424139,13.248699787302385,13.329873085021973,225400
2005-10-26,13.39364522598676,13.405241720844778,13.271884241782795,13.289278984069824,1013300
2005-10-27,13.260286344372044,13.260286344372044,13.15012187586597,13.161718368530273,1063600
2005-10-28,13.219699113866428,13.399441439170161,13.219699113866428,13.382046699523926,635600
2005-10-31,13.45162459046475,13.498009457084182,13.387844984149611,13.434229850769043,1661000
2005-11-01,13.527005773259765,13.527005773259765,13.353062720325244,13.358860969543457,603800
2005-11-02,13.353063414198092,13.411043697587154,13.312475667561523,13.39365005493164,1015300
2005-11-03,13.492212354683815,13.544395472293708,13.411038001789231,13.44582748413086,680100
2005-11-04,13.469024052126066,13.480620550274189,13.387850776895073,13.440033912658691,374100
2005-11-07,13.503813198075358,13.503813198075358,13.393648680317092,13.469023704528809,1065100
2005-11-08,13.370447302908541,13.457418770448141,13.370447302908541,13.428428649902344,660900
2005-11-09,13.4052409531017,13.515404330235764,13.393644458907833,13.45162582397461,695500
2005-11-10,13.451631729348604,13.64296954393601,13.451631729348604,13.608180046081543,1720200
2005-11-11,13.619770142975812,13.637164883726115,13.573385273544194,13.625568389892578,355200
2005-11-14,13.625571226883888,13.63716772313194,13.56179160342236,13.57338809967041,988100
2005-11-15,13.52120452045623,13.579185893855472,13.480617890847576,13.50381088256836,690800
2005-11-16,13.5038144381412,13.544401078436374,13.474823190856787,13.538602828979492,1767000
2005-11-17,13.561788896019788,13.561788896019788,13.492212144226913,13.532798767089844,536400
2005-11-18,13.619770972002769,13.619770972002769,13.480616355237657,13.567587852478027,602600
2005-11-21,13.550196396046758,13.619773162669063,13.538599899642119,13.58498477935791,780200
2005-11-22,13.58498464365575,13.683552650305044,13.58498464365575,13.677754402160645,1184800
2005-11-23,13.683553624525194,13.741535004194509,13.654562381739119,13.729938507080078,1633000
2005-11-25,13.770523412663476,13.78791815615181,13.7357350315895,13.741533279418945,92000
2005-11-28,13.70674453697989,13.753129416232339,13.666157905871843,13.677754402160645,504900
2005-11-29,13.72993255467742,13.758922678992436,13.66035470805809,13.666152954101562,887100
2005-11-30,13.683550399176612,13.741531765179143,13.555991172790527,13.555991172790527,1106800
2005-12-01,13.683551081918152,13.683551081918152,13.57918483908675,13.648762702941895,805000
2005-12-02,13.555994600176568,13.660360864187718,13.555994600176568,13.642967224121094,495900
2005-12-05,13.584986777495143,13.62557341497827,13.56179378127454,13.590785026550293,1266300
2005-12-06,13.579183578491211,13.660356823867804,13.567587084608117,13.579183578491211,1036600
2005-12-07,13.62557253117568,13.62557253117568,13.503812626624075,13.54439926147461,1170900
2005-12-08,13.567589827432304,13.602378210211874,13.480618317532002,13.521204948425293,660800
2005-12-09,13.596582393683256,13.596582393683256,13.527004515437442,13.54439926147461,1264400
2005-12-12,13.56179160342236,13.63716772313194,13.550196213077061,13.57338809967041,924800
2005-12-13,13.567589162243685,13.782119908322365,13.567589162243685,13.741533279418945,1959500
2005-12-14,13.735733527199084,13.892281777837548,13.712540538421491,13.85749340057373,1652000
2005-12-15,13.799507662476358,13.932865093891147,13.799507662476358,13.880681991577148,1622300
2005-12-16,13.880691594294602,13.973928729706666,13.863210326076294,13.869036674499512,1228600
2005-12-19,13.816585862762002,13.915650423769497,13.816585862762002,13.845723152160645,749700
2005-12-20,13.799102806674096,13.839893895055292,13.740829346926471,13.764139175415039,873200
2005-12-21,13.86903624292628,13.86903624292628,13.769971650699336,13.804936408996582,1353700
2005-12-22,13.787450315189018,13.822413952591955,13.746659219639925,13.8165864944458,1340600
2005-12-23,13.816585506247726,13.816585506247726,13.781621871345479,13.7932767868042,318000
2005-12-27,13.810755493404509,13.816581838113132,13.670898767977953,13.70003604888916,852900
2005-12-28,13.746655932421326,13.752483389173971,13.700037389873906,13.717519760131836,754400
2005-12-29,13.670907907907377,13.735008857294247,13.653426639146858,13.682562828063965,735100
2005-12-30,13.624283273314049,13.670901821711766,13.57183837890625,13.57183837890625,277900
2006-01-03,13.583491565996722,13.676728658561164,13.507736845090795,13.659247398376465,1372800
2006-01-04,13.665072869502612,13.711691409009255,13.665072869502612,13.705863952636719,1124300
2006-01-05,13.717519062299237,13.73500032019414,13.618454525491327,13.63593578338623,1806300
2006-01-06,13.688383548955283,13.700038463373819,13.606801370973157,13.69421100616455,1131600
2006-01-09,13.676732726176015,13.769969846470229,13.665078919744849,13.758316040039062,1714100
2006-01-10,13.723348617553711,13.740830991011897,13.676730066472478,13.723348617553711,1144600
2006-01-11,13.6942161816644,13.746662204895095,13.688388722252741,13.735007286071777,722700
2006-01-12,13.682553680342435,13.74082713069123,13.66507242326933,13.70003604888916,1491000
2006-01-13,13.694217748220552,13.75249123752913,13.659254099225151,13.682562828063965,1385600
2006-01-17,13.57766378473724,13.65341961530902,13.57766378473724,13.630109786987305,788800
2006-01-18,13.612629332511842,13.694211513516477,13.606801875086674,13.688384056091309,1169200
2006-01-19,13.624280229993639,13.717518417435883,13.624280229993639,13.70003604888916,1162400
2006-01-20,13.723340285585241,13.723340285585241,13.50190258026123,13.50190258026123,8322800
2006-01-23,13.531044414829916,13.577662957158083,13.496080785952222,13.51356315612793,1426300
2006-01-24,13.583491288338887,13.589318745439273,13.513564026081834,13.560182571411133,1194900
2006-01-25,13.58349218240028,13.589319639884227,13.525218719034665,13.57183837890625,1130900
2006-01-26,13.606812989223654,13.676740312495063,13.571849327587948,13.600985527038574,1229300
2006-01-27,13.65924870887372,13.723348521490509,13.5834928692258,13.711694717407227,1052000
2006-01-30,13.635937569498447,13.735002119282393,13.635937569498447,13.659247398376465,766200
2006-01-31,13.624288087486326,13.647597925658701,13.55436079591772,13.595151901245117,945800
2006-02-01,13.554355067889315,13.659247072389448,13.554355067889315,13.630109786987305,1696000
2006-02-02,13.682560129426514,13.69421504728438,13.571841744199215,13.624286651611328,2180800
2006-02-03,13.496085578379045,13.600977613732757,13.496085578379045,13.536876678466797,1563800
2006-02-06,13.490261454743443,13.566017326327417,13.478606534272926,13.507743835449219,1004800
2006-02-07,13.496083858895302,13.513566233051598,13.42032912716597,13.44363784790039,1043600
2006-02-08,13.408665534706566,13.536866194475914,13.408665534706566,13.50190258026123,1782700
2006-02-09,13.513567447135872,13.58932218567115,13.472776348580409,13.542703628540039,1260300
2006-02-10,13.50774341697913,13.571844366106738,13.472779768125143,13.525224685668945,515700
2006-02-13,13.525225104680604,13.566017326327417,13.437815424100505,13.507743835449219,724300
2006-02-14,13.501914632051905,13.67673397064209,13.501914632051905,13.67673397064209,793900
2006-02-15,13.61845608178288,13.76413917541504,13.61845608178288,13.764139175415039,1513200
2006-02-16,13.694215979225413,13.82824420928955,13.694215979225413,13.82824420928955,826200
2006-02-17,13.781628676096211,13.83990217068874,13.764147405750576,13.769973754882812,703500
2006-02-21,13.769966536450239,13.804931281761364,13.700039268775745,13.752485275268555,1126200
2006-02-22,13.75831672731272,13.874862577765267,13.75831672731272,13.863208770751953,1692500
2006-02-23,13.886519054192146,13.915655242205544,13.816590646895934,13.869036674499512,1307200
2006-02-24,13.810761515346798,13.851552614935118,13.775796763007577,13.79910659790039,486200
2006-02-27,13.927308563208735,13.927308563208735,13.834071438499869,13.898172378540039,736500
2006-02-28,13.927305097845933,13.927305097845933,13.705867259628622,13.711694717407227,1044800
2006-03-01,13.78162043530767,13.78162043530767,13.711693172789559,13.764139175415039,454800
2006-03-02,13.752484976294298,13.764139891144632,13.659247880439327,13.688384056091309,763500
2006-03-03,13.670902608653083,13.816585719716175,13.665076262307618,13.723348617553711,1047000
2006-03-06,13.705871268056619,13.746662372962712,13.665080163150526,13.67673397064209,1464300
2006-03-07,13.688391529337949,13.775801215489512,13.68256406873125,13.769973754882812,2089000
2006-03-08,13.717519978244585,13.927302867306729,13.694210150863377,13.921475410461426,2036100
2006-03-09,13.915659254306359,14.003070066497102,13.904005442625621,13.944796562194824,2680800
2006-03-10,13.973926789599071,14.271120534266212,13.962271871422123,14.072991371154785,2637700
2006-03-13,14.05550813773752,14.131262872334457,14.038025762919451,14.084644317626953,1294300
2006-03-14,13.793276230116199,14.078814978487204,13.793276230116199,14.049678802490234,1859000
2006-03-15,14.038023527071772,14.090469531698847,13.93895897516217,13.997232437133789,1268000
2006-03-16,14.02054297368953,14.049680264191755,13.985579336560843,14.043852806091309,1419900
2006-03-17,14.1059499916871,14.11180807843791,14.012222838305721,14.035654067993164,983100
2006-03-20,14.14109365329737,14.146951738498196,14.035650354313512,14.11766242980957,1038100
2006-03-21,14.088371062592046,14.158666962990136,14.018076279509387,14.023934364318848,1600600
2006-03-22,14.064945790430839,14.152814865112303,14.029798384021435,14.152814865112305,1350200
2006-03-23,14.08837066378867,14.293399157054253,14.047365188598633,14.047365188598633,2017400
2006-03-24,14.08837066378867,14.100086833075938,13.988785459477695,14.047365188598633,1189900
2006-03-27,14.041512846696918,14.076661368933875,13.994649267696834,14.000507354736328,952800
2006-03-28,13.965357070088446,14.012220639425028,13.889203071594237,13.889203071594238,1222900
2006-03-29,13.953642157565506,13.994647644770788,13.865773096794797,13.988789558410645,608200
2006-03-30,13.94778293224157,13.988788416098378,13.824766480671139,13.877488136291504,1429900
2006-03-31,13.906776165531687,13.936066592238635,13.813049034700521,13.8247652053833,535800
2006-04-03,13.912631371857264,13.924347540115553,13.84233547962283,13.871625900268555,1250100
2006-04-04,13.830626417324742,13.90677930934713,13.824768330659053,13.859915733337402,1517500
2006-04-05,13.848197588089183,13.918493500751866,13.836482533741759,13.889203071594238,1118600
2006-04-06,13.830615382973829,13.906768214239912,13.824757300981839,13.83647346496582,1286900
2006-04-07,13.830620369693825,13.912631312521478,13.713460922241211,13.713460922241211,2276400
2006-04-10,13.748617916563743,13.795481504828228,13.701754328299257,13.73104476928711,895900
2006-04-11,13.754473084696231,13.766189258604037,13.584593032296418,13.602166175842285,944300
2006-04-12,13.602167103911944,13.684179209546388,13.590452046520666,13.649030685424805,1419300
2006-04-13,13.590443892358667,13.690029082987637,13.590443892358667,13.625591278076172,705100
2006-04-17,13.666597928833914,13.666597928833914,13.520149172152317,13.5494384765625,552700
2006-04-18,13.549439531661482,13.69588829974709,13.549439531661482,13.678315162658691,1128600
2006-04-19,13.643167989861396,13.713462773972646,13.637309904966218,13.69588851928711,1313400
2006-04-20,13.649023449904389,13.789615237229398,13.637308398723409,13.719319343566895,845000
2006-04-21,13.719319343566895,13.80133028841038,13.666597702648847,13.719319343566895,762200
2006-04-24,13.713466675633121,13.783762597059928,13.66074501389196,13.777904510498047,933800
2006-04-25,13.783762597059928,13.83062617223921,13.748614077688641,13.777904510498047,986400
2006-04-26,13.766188561419641,13.912637375902829,13.766188561419641,13.906779289245605,450400
2006-04-27,13.842340555309246,13.988789360291557,13.719324095435645,13.924352645874023,601000
2006-04-28,13.889203444580422,13.965357445119702,13.877488389918396,13.95949935913086,1265800
2006-05-01,13.99464450847221,14.059082326677098,13.936065892630102,13.953639030456543,738600
2006-05-02,13.971217348365844,14.053228328245599,13.918495684924343,14.035654067993164,1027800
2006-05-03,13.900913859159397,13.953635493907376,13.854050307973994,13.941919326782227,542800
2006-05-04,13.900919001073714,14.000504223843413,13.900919001073714,13.965356826782227,568700
2006-05-05,13.988787348660761,14.117662993594536,13.95363995336771,14.094230651855469,685600
2006-05-08,14.094229466437772,14.176241538311205,14.070798243984974,14.17038345336914,649600
2006-05-09,14.152816455205047,14.211396217346191,14.152816455205047,14.211396217346191,761200
2006-05-10,14.158672952399856,14.19382035880926,14.129383633278001,14.152814865112305,373600
2006-05-11,14.111799555663351,14.111799555663351,13.959492744074854,13.977066993713379,1816400
2006-05-12,13.91263677490635,14.018080095549841,13.848198941776275,13.86577320098877,1861500
2006-05-15,13.824773963935671,14.029802611516095,13.801341607724769,14.018086433410645,926900
2006-05-16,14.047371293514834,14.105951048094235,14.023940062072604,14.07080364227295,2268400
2006-05-17,13.971214534351786,14.047367412142387,13.877487399848471,13.895060539245605,2725100
2006-05-18,13.883344941481663,13.94778164560588,13.807190949359132,13.8247652053833,982000
2006-05-19,13.854046593626896,13.871620839602866,13.75446143439285,13.83647346496582,888500
2006-05-22,13.854055792764393,13.924351706030093,13.766186739168994,13.877488136291504,1843300
2006-05-23,13.971211095833407,13.982927264091696,13.865767816139408,13.871625900268555,740400
2006-05-24,13.854049480873963,14.018072458888142,13.824760182124882,13.977066993713379,1785200
2006-05-25,14.088379284964798,14.117669726106822,14.000510196170897,14.111811637878418,1404100
2006-05-26,14.193822638443914,14.193822638443914,14.082522314052477,14.111811637878418,3487700
2006-05-30,14.146951145642769,14.146951145642769,13.91849141896213,13.936065673828125,1479000
2006-05-31,13.947784071205362,14.018079990211366,13.88334735587523,13.988789558410645,728700
2006-06-01,13.988789309587064,14.064943313598633,13.971216168134937,14.064943313598633,680700
2006-06-02,14.100091904936289,14.11180807843791,13.965359261615031,14.035654067993164,1794300
2006-06-05,14.088364286732032,14.088364286732032,13.830615382973829,13.83647346496582,870100
2006-06-06,13.824766480671139,13.906777448384759,13.766186739168994,13.877488136291504,2695900
2006-06-07,13.90677328772812,14.006358483292972,13.84233547962283,13.871625900268555,2101200
2006-06-08,13.871625900458262,13.94777875950758,13.772040704892047,13.918489456176758,2283100
2006-06-09,14.000501077151348,14.000501077151348,13.889199707938332,13.930206298828125,2168800
2006-06-12,13.906774806361879,14.000501928032683,13.84819507598877,13.84819507598877,2327700
2006-06-13,13.906771928445325,13.930204262671568,13.789613609259689,13.801328659057617,1350600
2006-06-14,13.725183091973909,13.865773820003092,13.725183091973909,13.859915733337402,1369900
2006-06-15,13.912629808667743,13.98878265915967,13.818902707762986,13.971209526062012,1259000
2006-06-16,13.98122641324865,14.028340863845138,13.951780302862263,13.987115859985352,1392600
2006-06-19,13.981226044507698,14.093123282959594,13.89288659238129,13.934111595153809,1478300
2006-06-20,13.957674414042089,14.069570569542051,13.957674414042089,14.034235000610352,871800
2006-06-21,14.104899018161378,14.128455675915658,14.034226798304882,14.087230682373047,908300
2006-06-22,14.016560481167051,14.08723271120169,14.010672158353072,14.063674926757812,1221200
2006-06-23,13.993010557735051,14.104907841128664,13.993010557735051,14.01656723022461,369700
2006-06-26,14.016569340829532,14.104909965035855,14.004791564460028,14.093131065368652,734100
2006-06-27,14.06367685153988,14.104902979958949,13.987116288213034,14.028341293334961,752400
2006-06-28,13.957677089088916,14.093131065368652,13.957677089088916,14.093131065368652,1940400
2006-06-29,14.187356737625139,14.316921234130858,14.110795030778283,14.31692123413086,1585000
2006-06-30,14.387589694025442,14.387589694025442,14.240356890972866,14.246246337890625,5448200
2006-07-03,14.275697103045186,14.328701019287108,14.240361533316406,14.32870101928711,535400
2006-07-05,14.311028195770339,14.311028195770339,14.157907067081583,14.210909843444824,1175000
2006-07-06,14.258027716300376,14.440597247057164,14.181467133590779,14.375814437866211,3086700
2006-07-07,14.3640274185403,14.39347464392878,14.31102353613783,14.346360206604004,813000
2006-07-10,14.399361610097856,14.481811580397917,14.399361610097856,14.434697151184082,1721200
2006-07-11,14.470036942742855,14.528930277383806,14.399365839811258,14.511261940002441,2270600
2006-07-12,14.511267801816311,14.523046698161963,14.369924415560652,14.393482208251953,2125600
2006-07-13,14.29335459713631,14.369915127301969,14.240350721138293,14.275686264038086,839300
2006-07-14,14.246244189947218,14.311025849680997,14.081343071003932,14.134346961975098,3464600
2006-07-17,14.099009499207654,14.21090558872509,14.099009499207654,14.16968059539795,1180900
2006-07-18,14.169680915990579,14.234463691711426,14.081341482105598,14.234463691711426,1581100
2006-07-19,14.22268647589785,14.428812594768221,14.22268647589785,14.411144256591797,2522600
2006-07-20,14.487711618898638,14.505378840712972,14.42292881011963,14.422928810119629,498600
2006-07-21,14.428817773991522,14.464153339731093,14.364034967387827,14.393482208251953,796900
2006-07-24,14.41703294500149,14.499484062194824,14.393476285301194,14.499484062194824,1962500
2006-07-25,14.475929100997634,14.599605239247426,14.422925202218742,14.570158004760742,4859200
2006-07-26,14.576044610341935,14.576044610341935,14.470036833448304,14.499484062194824,1902400
2006-07-27,14.499483414824132,14.558375623093921,14.39347564266352,14.405253410339355,4074200
2006-07-28,14.452367209606114,14.564263290293775,14.428809430537092,14.540706634521484,2108400
2006-07-31,14.540703939090982,14.540703939090982,14.452364530551211,14.47003173828125,943900
2006-08-01,14.517154813603769,14.517154813603769,14.346365338444626,14.399369239807129,1266500
2006-08-02,14.475929624390147,14.540712419306002,14.42881517080512,14.52893352508545,916300
2006-08-03,14.499486444888571,14.58782589905107,14.487707551454344,14.564268112182617,1275900
2006-08-04,14.670276355421189,14.670276355421189,14.511264659084514,14.570158004760742,679600
2006-08-07,14.57604077436808,14.57604077436808,14.481811913771248,14.534815788269043,968500
2006-08-08,14.605492929973467,14.646719056468443,14.5524890334913,14.599604606628418,5638000
2006-08-09,14.664388529711747,14.664388529711747,14.487709596447866,14.505376815795898,3860500
2006-08-10,14.499486290212076,14.670275749998027,14.458260163632067,14.658496856689453,1278000
2006-08-11,14.687946468628098,14.687946468628098,14.581938658277485,14.629053115844727,658200
2006-08-14,14.711500753280943,14.776283543181005,14.640829640023684,14.658496856689453,2429600
2006-08-15,14.80572949722957,14.80572949722957,14.705611151755269,14.752725601196289,932200
2006-08-16,14.723277022692658,14.841063688192955,14.68205202675662,14.770391464233398,4637200
2006-08-17,14.735059675424823,14.81162024123635,14.71739133410039,14.746838569641113,3013400
2006-08-18,14.81161677762315,14.841064006277806,14.74683512117674,14.835174560546875,1070900
2006-08-21,14.84695327057449,14.88228994720177,14.823396609453292,14.870511054992676,852300
2006-08-22,14.864619761534724,14.876398652279953,14.805726431105425,14.85873031616211,562100
2006-08-23,14.841063170905825,14.870509274606107,14.776280394808984,14.811615943908691,1693000
2006-08-24,14.852841198688303,14.888177871704102,14.817505648969378,14.888177871704102,1625700
2006-08-25,14.888181811682317,14.888181811682317,14.811620123183829,14.8646240234375,1062900
2006-08-28,14.846955539410967,14.964742232907486,14.841067215703584,14.923517227172852,1744800
2006-08-29,14.982403306757751,14.988292750905638,14.90584165613183,14.976513862609863,2319200
2006-08-30,15.029522956717889,15.041301849104723,14.964740171887302,15.017744064331055,859500
2006-08-31,15.035416158174627,15.035416158174627,14.976522804828184,15.029526710510254,1773700
2006-09-01,15.076642963986767,15.117867979249528,15.023639051992527,15.111978530883789,754600
2006-09-05,15.170872496545364,15.642017151628544,15.011860754218244,15.058975219726562,2118400
2006-09-06,15.011854618137637,15.035412402911307,14.988297956660972,15.017744064331055,1714600
2006-09-07,15.04130243336519,15.076637988601256,14.935294644359947,14.964740753173828,3359800
2006-09-08,15.029514258656059,15.053070906499736,14.964731511317325,15.041293144226074,534900
2006-09-11,14.988296352262655,15.153196334838867,14.988296352262655,15.153196334838867,1554000
2006-09-12,15.188532500573423,15.194420822642726,15.10608138874418,15.159085273742676,3268200
2006-09-13,15.194415751932603,15.194415751932603,15.02362638649782,15.0471830368042,1795600
2006-09-14,15.053081308707716,15.12964299452328,15.005966857166264,15.123753547668457,953800
2006-09-15,15.104812979819023,15.211351808080032,15.098894030590731,15.140325546264648,1597200
2006-09-18,15.187673607542592,15.187673607542592,15.027865390442571,15.081134796142578,1403000
2006-09-19,15.08112832378309,15.122559815118866,15.045615778198638,15.116641998291016,1275700
2006-09-20,15.146241678472286,15.223185746281148,15.092972274249258,15.205430030822754,2111200
2006-09-21,15.152158106910626,15.21134644941852,15.02194352760851,15.069293975830078,1811200
2006-09-22,15.057460131900328,15.081134796142578,15.02194644215102,15.081134796142578,1364600
2006-09-25,15.075214990651892,15.075214990651892,14.903570015652711,14.986433029174805,2822700
2006-09-26,15.027864153565666,15.045620996978833,14.891731740836306,15.004189491271973,3256000
2006-09-27,15.039703855684563,15.122566877051465,15.004191293516461,15.098892211914062,2751300
2006-09-28,15.140324317267746,15.140324317267746,14.992353985344126,15.063380241394043,1040400
2006-09-29,15.063380502671238,15.122567733328067,14.99235424538936,15.021947860717773,1591600
2006-10-02,14.915410724469552,15.039705268193483,14.903572826327053,14.9213285446167,1928900
2006-10-03,14.939085006713867,14.98051652022044,14.891734544288628,14.939085006713867,2918800
2006-10-04,14.85622096740471,15.098892211914062,14.406391040554103,15.098892211914062,3268900
2006-10-05,15.09297947449655,15.104817376398811,14.998278517127392,15.03971004486084,1116100
2006-10-06,15.045624401794772,15.051543350938616,14.915410907402563,14.956842422485352,1665800
2006-10-09,14.974597162559926,15.010110855102539,14.909490984079886,15.010110855102539,1622600
2006-10-10,14.974598140992764,15.02786755436324,14.885816161683344,14.956842422485352,2463400
2006-10-11,14.903571407289665,14.986434428549183,14.856220948152226,14.980515480041504,2001800
2006-10-12,15.057458892587611,15.063377840392,14.968676933369501,15.004189491271973,1496100
2006-10-13,15.033790122367323,15.039709072935949,14.903576596630755,14.974601745605469,638000
2006-10-16,14.945002535855368,15.004190890495034,14.897652077928429,14.998271942138672,2616300
2006-10-17,14.909494868729418,15.010114765968455,14.897656968130862,14.968683242797852,1097600
2006-10-18,14.945006185173433,15.051545023755024,14.945006185173433,15.02786922454834,2107700
2006-10-19,15.051542343898383,15.06929806121783,14.998272934091956,15.063380241394043,1283800
2006-10-20,15.098885161037053,15.122559815118866,15.039696832447317,15.116641998291016,2572000
2006-10-23,15.12256731662105,15.29421344178346,15.0870547534207,15.264619827270508,2048700
2006-10-24,15.282376253444651,15.282376253444651,15.169918481014623,15.217268943786621,997200
2006-10-25,15.181752044700877,15.371153841716561,15.181752044700877,15.31788444519043,2033200
2006-10-26,15.359324148557683,15.418511390686035,15.311973677500433,15.418511390686035,1450400
2006-10-27,15.400754748582482,15.400754748582482,15.311972761775237,15.365241050720215,1698100
2006-10-30,15.270535151840669,15.341561395559767,15.270535151840669,15.300129890441895,2902200
2006-10-31,15.30013746184545,15.317893184868913,15.252786985575547,15.288299560546875,835700
2006-11-01,15.306045851410314,15.306045851410314,15.158075574049963,15.169912338256836,2555100
2006-11-02,15.152162044079104,15.175836709879693,15.092973686191586,15.14624309539795,1346600
2006-11-03,15.158079484025032,15.187673095561223,15.021945935756367,15.075215339660645,1916400
2006-11-06,15.033792343778654,15.16400701768029,15.033792343778654,15.128493309020996,1083700
2006-11-07,15.193597890240481,15.193597890240481,15.122571614728802,15.152166366577148,1737200
2006-11-08,15.12256588596253,15.235023642536026,15.12256588596253,15.205430030822754,808500
2006-11-09,15.240936472298337,15.240936472298337,15.08704726953441,15.116641998291016,1308100
2006-11-10,15.063384698049068,15.140328796687463,15.063384698049068,15.12257194519043,458700
2006-11-13,15.087053235844689,15.134403691656946,15.039702780032432,15.075215339660645,1030900
2006-11-14,15.057453669701278,15.158073489626789,15.045615778198638,15.116641998291016,911000
2006-11-15,15.152162465884414,15.252782338417038,15.152162465884414,15.193593978881836,635600
2006-11-16,15.181753193884681,15.317885604678786,15.181753193884681,15.300129890441895,1568700
2006-11-17,15.25278163765544,15.38299511951121,15.240943740507458,15.323806762695312,9636200
2006-11-20,15.329729113974693,15.347485963638112,15.270540744020884,15.276459693908691,10016300
2006-11-21,15.282372615799845,15.288291563352974,15.223184269192357,15.252779006958008,1950100
2006-11-22,15.211355459954932,15.288299560546875,15.199517558656355,15.288299560546875,1168500
2006-11-24,15.20542652290622,15.258695914839915,15.181750735858508,15.229101181030273,262700
2006-11-27,15.193599382816839,15.193599382816839,15.02787214295858,15.03971004486084,2513900
2006-11-28,15.039711008407023,15.13441197184337,15.010117380679866,15.104818344116211,1844000
2006-11-29,15.09889675057915,15.235029220581053,15.09889675057915,15.235029220581055,1200800
2006-11-30,15.181757630912438,15.229108097589224,15.098894596459104,15.158082962036133,1155500
2006-12-01,15.205433968944753,15.205433968944753,15.027868865904985,15.110733032226562,889300
2006-12-04,15.122566587133164,15.353401059110434,15.122566587133164,15.32972526550293,1077500
2006-12-05,15.359325369936109,15.41259479522705,15.329730617594269,15.41259479522705,1180200
2006-12-06,15.353407155396045,15.442189158828375,15.353407155396045,15.430351257324219,870700
2006-12-07,15.448103484154904,15.495453947069572,15.394834072260391,15.400753021240234,712700
2006-12-08,15.359326106148123,15.501377537424737,15.341569253891887,15.430351257324219,1684000
2006-12-11,15.507293284999509,15.507293284999509,15.40075445131754,15.459942817687988,554200
2006-12-12,15.459936901359567,15.465854719700165,15.377072768582353,15.424423217773438,1277000
2006-12-13,15.477699761738668,15.507294511727125,15.382998819624168,15.418511390686035,2534800
2006-12-14,15.418506160438744,15.536882862388405,15.412588341372768,15.477694511413574,740500
2006-12-15,15.544320575382635,15.562167506330859,15.490782051840643,15.502678871154785,3579600
2006-12-18,15.550274070237034,15.550274070237034,15.48483757371808,15.4907865524292,1136200
2006-12-19,15.455088189944192,15.550269552365375,15.455088189944192,15.502678871154785,1170400
2006-12-20,15.496736648919102,15.550276330449414,15.496736648919102,15.514583587646484,778300
2006-12-21,15.478885178850412,15.57406654791863,15.478885178850412,15.520526885986328,2009800
2006-12-22,15.59787082800516,15.603819809028584,15.466996649446145,15.508638381958008,512400
2006-12-26,15.52648399584546,15.56812572479248,15.478893286384292,15.56812572479248,549200
2006-12-27,15.62759967070971,15.63354864561864,15.538367316377661,15.621650695800781,983500
2006-12-28,15.645450192676174,15.645450192676174,15.57406474148073,15.615706443786621,736600
2006-12-29,15.556227382991702,15.633562993130653,15.52648361580102,15.538381576538086,959500
2007-01-03,15.508632979752843,15.710893725486278,15.508632979752843,15.639508247375488,2059700
2007-01-04,15.609762747735555,15.675200379011146,15.550274095180626,15.663302421569824,845300
2007-01-05,15.66925215981495,15.66925215981495,15.508633130526572,15.550274848937988,1360200
2007-01-08,15.502686214871753,15.59786762238095,15.490789389922012,15.57407283782959,965200
2007-01-09,15.585967412388976,15.639507084316358,15.56217149835386,15.609762191772461,2437600
2007-01-10,15.60976283071785,15.704944221451056,15.526479397489211,15.675200462341309,1042000
2007-01-11,15.770384178840876,15.82392386085563,15.63951003094473,15.79417896270752,1823700
2007-01-12,15.823919688037773,15.823919688037773,15.74658410789817,15.770380020141602,1333300
2007-01-16,15.764430174038909,15.817969838987008,15.746583240839046,15.78227710723877,1941800
2007-01-17,15.800125330767385,15.865562961225331,15.788228508126387,15.829870223999023,1573700
2007-01-18,15.865562793639304,15.865562793639304,15.788228341357234,15.806074142456055,664400
2007-01-19,15.776330550833732,15.853665003932676,15.776330550833732,15.829870223999023,773400
2007-01-22,15.764430567091779,15.835817167019615,15.752532611328554,15.812021255493164,2141800
2007-01-23,15.817971578523448,15.87746022774693,15.788227821237511,15.841766357421875,646700
2007-01-24,15.883404090795501,15.901249885559082,15.812017507787449,15.901249885559082,2088000
2007-01-25,15.936958979153715,15.936958979153715,15.770390882673436,15.800134658813477,2132700
2007-01-26,15.776327003948062,15.817968710458672,15.710889388202014,15.758480072021484,3047100
2007-01-29,15.829879569605845,15.871521310062834,15.770390882673436,15.800134658813477,1363700
2007-01-30,15.734692165173565,15.817975614545592,15.728743185268149,15.78823184967041,2545300
2007-01-31,15.806068000623707,15.87150560496307,15.746579372556214,15.853658676147461,1858800
2007-02-01,15.901252832205502,15.966690450868132,15.877458056560926,15.913150787353516,2725800
2007-02-02,15.948844867359497,15.978589757745842,15.907203155470162,15.942895889282227,1108000
2007-02-05,15.907201638340226,15.919099593360011,15.86555993042242,15.889354705810547,1195900
2007-02-06,15.942894972872367,15.942894972872367,15.847713598410259,15.865560531616211,1561800
2007-02-07,15.84176704664002,15.901255698451639,15.81202328806004,15.829870223999023,1713200
2007-02-08,15.812032623130424,15.829879569605845,15.758492918356488,15.800134658813477,1844200
2007-02-09,15.812025597664425,15.847718340104239,15.7168441947237,15.77633285522461,782700
2007-02-12,15.79417554230736,15.79417554230736,15.7346880281975,15.740635871887207,922300
2007-02-13,15.734691435714991,15.853667624351893,15.734691435714991,15.79417896270752,770000
2007-02-14,15.84771299789274,15.907201638340226,15.81796924499472,15.889354705810547,1683400
2007-02-15,15.853664727026759,15.99643680808994,15.853664727026759,15.984539985656738,980100
2007-02-16,15.960744418802063,16.00833511352539,15.931000660094359,16.00833511352539,1131100
2007-02-20,16.222496683609926,16.222496683609926,15.954798269166778,16.09162139892578,1113900
2007-02-21,16.079723597587133,16.085672576952568,15.996439021122848,16.00238800048828,837200
2007-02-22,15.972640779668573,16.020231469635178,15.901254177392893,15.942895889282227,2054600
2007-02-23,15.95478916168213,15.95478916168213,15.889351556693857,15.954789161682129,1364800
2007-02-26,15.954792933730978,15.96669088920563,15.883407470186032,15.948843955993652,989400
2007-02-27,15.877459224896526,15.889356046268508,15.353960506376986,15.585966110229492,4679900
2007-02-28,15.55622251984508,15.68114879922618,15.44914317599032,15.609762191772461,2056300
2007-03-01,15.34800294368608,15.645444869995119,15.34800294368608,15.645444869995117,2121100
2007-03-02,15.50863154220977,15.574069169955475,15.377757421369969,15.401552200317383,2159900
2007-03-05,15.306365502455398,15.496728206567129,15.169542450706494,15.348007202148438,2645300
2007-03-06,15.383698502279003,15.52647050662381,15.377749526933258,15.466981887817383,2027700
2007-03-07,15.532423652507818,15.532423652507818,15.40749740600586,15.40749740600586,1882900
2007-03-08,15.312321361835794,15.98454123938269,15.282577601442418,15.550274848937988,1756100
2007-03-09,15.597868919372559,15.609766879963516,15.514585464539808,15.597868919372559,1510500
2007-03-12,15.603808490370284,15.639502350619296,15.562166788064392,15.615706443786621,1086800
2007-03-13,15.556216427800994,15.574063356338211,15.318263053894043,15.318263053894043,1423300
2007-03-14,15.383701060157799,15.425342759850839,15.211184150399534,15.348007202148438,2661600
2007-03-15,15.40155184684102,15.544323921203613,15.40155184684102,15.544323921203613,1459600
2007-03-16,15.543725139369588,15.579594955027948,15.460028522739787,15.501876831054688,1909800
2007-03-19,15.543725162904746,15.627421779661272,15.543725162904746,15.603508949279785,785600
2007-03-20,15.603509883402278,15.752968788146973,15.591552897355275,15.752968788146973,1460200
2007-03-21,15.75296498993406,15.914380841806622,15.681224231230473,15.902423858642578,1103200
2007-03-22,15.944276588904629,15.980146408081053,15.884492796756591,15.980146408081055,2610500
2007-03-23,15.914389596275008,16.016021728515625,15.86058428271931,16.016021728515625,1196200
2007-03-26,15.950250651018079,15.950250651018079,15.82470460835697,15.902423858642578,1162600
2007-03-27,15.902431175623887,15.902431175623887,15.788842063862525,15.830690383911133,1892100
2007-03-28,15.794807528970443,15.878504100025888,15.717089447316138,15.800786018371582,1289100
2007-03-29,15.860580132184696,15.914385431660154,15.770903872871594,15.890471458435059,1844700
2007-03-30,15.878511490716528,15.950252256641862,15.489918621013016,15.932316780090332,2088700
2007-04-02,15.920355871958447,15.992096620202407,15.896443049397469,15.974161148071289,1076000
2007-04-03,16.01003793847233,16.123625882605033,15.980145474005099,16.081777572631836,2240000
2007-04-04,16.051886576056813,16.165475662788744,16.051886576056813,16.153518676757812,2778800
2007-04-05,16.159501799718523,16.195371627807617,16.093739497987453,16.195371627807617,794800
2007-04-09,16.201345480600583,16.23721529841242,16.153518676757812,16.153518676757812,326500
2007-04-10,16.2192804250216,16.231237411499023,16.1714536193929,16.231237411499023,1157200
2007-04-11,16.17145734031491,16.219284156948174,16.069825212434058,16.12363052368164,1958500
2007-04-12,16.08775811291977,16.195368718134922,16.063845278583663,16.141563415527344,735700
2007-04-13,16.16548029444692,16.201350122536013,16.129609326076547,16.195371627807617,632600
2007-04-16,16.285042710366437,16.285042710366437,16.201346085586458,16.231237411499023,1402900
2007-04-17,16.30297152122162,16.38068962097168,16.279057558048972,16.38068962097168,957500
2007-04-18,16.30896059562783,16.34483042338381,16.28504661693633,16.338851928710938,717400
2007-04-19,16.24917317631348,16.356783775936382,16.24917317631348,16.350805282592773,256000
2007-04-20,16.380695634911596,16.500263214111328,16.380695634911596,16.500263214111328,1448400
2007-04-23,16.458418935967046,16.512224245761715,16.416569474796905,16.464397430419922,2432500
2007-04-24,16.43450582073803,16.500268122890056,16.35080917456729,16.458419799804688,695900
2007-04-25,16.530149645980977,16.571997944229842,16.488301347732108,16.54210662841797,811800
2007-04-26,16.554077725522724,16.554077725522724,16.43451007976586,16.47635841369629,995100
2007-04-27,16.416567211398664,16.452438173170297,16.004061413554485,16.440481185913086,675400
2007-04-30,16.434494897829616,16.536126960752323,16.38068962097168,16.38068962097168,836300
2007-05-01,16.374720252227103,16.374720252227103,16.24917529647354,16.314937591552734,2412700
2007-05-02,16.356782364436878,16.428521997807405,16.320911407470703,16.320911407470703,1805700
2007-05-03,16.428516407036454,16.48830017468755,16.33286283490691,16.38068962097168,2078200
2007-05-04,16.41058207493749,16.41058207493749,16.31492850280795,16.38068962097168,3004200
2007-05-07,16.386677149126914,16.45243944383952,16.374720160946232,16.41059112548828,2766900
2007-05-08,16.3508081014458,16.356786595820086,16.2970027923584,16.2970027923584,1690900
2007-05-09,16.320911407470703,16.368738209811358,16.28504159078544,16.320911407470703,1094500
2007-05-10,16.30297992423247,16.32091426557529,16.17145533955251,16.219282150268555,1547100
2007-05-11,16.207318378941608,16.261123657226562,16.1654700825601,16.261123657226562,657500
2007-05-14,16.291024394003323,16.291024394003323,16.20134925842285,16.20134925842285,1065800
2007-05-15,16.201355025866537,16.36874836779799,16.201355025866537,16.3089656829834,1898400
2007-05-16,16.350813411905005,16.47635841369629,16.302986581658573,16.47635841369629,918400
2007-05-17,16.45841753106805,16.45841753106805,16.23721781631821,16.43450355529785,1185600
2007-05-18,16.47037365009772,16.5540714263916,16.434503826132428,16.5540714263916,1166300
2007-05-21,16.536134620899052,16.536134620899052,16.404611183364555,16.428524017333984,2122600
2007-05-22,16.446462810271356,16.482332638590062,16.392657497652657,16.458419799804688,1093400
2007-05-23,16.440482455658834,16.536136080541993,16.41059112548828,16.41059112548828,3732200
2007-05-24,16.422548573568648,16.512224853380502,16.338851928710938,16.338851928710938,1728300
2007-05-25,16.476351007403654,16.476351007403654,16.410589858051125,16.440481185913086,407300
2007-05-29,16.410588099852,16.577981342394494,16.410588099852,16.500263214111328,1502800
2007-05-30,16.4823302344493,16.61385481956896,16.47635174055467,16.577983856201172,1061400
2007-05-31,16.613855181409054,16.667659347070327,16.577984217260017,16.601898193359375,1545300
2007-06-01,16.62580781785356,16.757332380433386,16.61385197239433,16.67961311340332,1677500
2007-06-04,16.685601259016817,16.75136357835072,16.667665770030776,16.73940658569336,511100
2007-06-05,16.661676037252946,16.691567356410708,16.601892258656687,16.63776206970215,1942000
2007-06-06,16.542115985782726,16.607878286105283,16.5062461584619,16.53015899658203,2511600
2007-06-07,16.41058765960523,16.5480895737995,16.320911407470703,16.320911407470703,2088500
2007-06-08,16.320915129607506,16.47635255773382,16.308959281506382,16.416568756103516,626700
2007-06-11,16.470373695079424,16.51222315348123,16.416568388843963,16.506244659423828,1237600
2007-06-12,16.350805282592773,16.452437388872067,16.308956969468536,16.350805282592773,1028900
2007-06-13,16.446467072397862,16.512229391592296,16.350813411905005,16.47635841369629,1587400
2007-06-14,16.500263214111328,16.51222020008749,16.4285224385353,16.500263214111328,1942000
2007-06-15,16.58387662571493,16.59590727960256,16.51169499700174,16.535755157470703,2190900
2007-06-18,16.493646127211406,16.559813564697464,16.451539993286133,16.451539993286133,850300
2007-06-19,16.451542031062,16.451542031062,16.33123779296875,16.33123779296875,1081800
2007-06-20,16.4274762861298,16.463568236190167,16.24100580004165,16.313188552856445,1084800
2007-06-21,16.259048931490042,16.41544391248155,16.241002959615958,16.36130714416504,1541500
2007-06-22,16.391391899162247,16.391391899162247,16.19890601272276,16.271087646484375,1672700
2007-06-25,16.27108183074019,16.331233935579068,16.1567940935829,16.19890022277832,792900
2007-06-26,16.271083248826887,16.301159877520604,16.144764850231496,16.156795501708984,1164400
2007-06-27,16.084616092782255,16.31319392927433,16.066570111804573,16.283117294311523,712700
2007-06-28,16.24100775490387,16.367326153401763,16.24100775490387,16.25303840637207,824100
2007-06-29,16.295148955942505,16.39740722652678,16.186875357993696,16.271087646484375,1666500
2007-07-02,16.319217459876814,16.529749436026087,16.319217459876814,16.403430938720703,4223600
2007-07-03,16.46357498667335,16.475604494319942,16.3613167141857,16.39740753173828,1070800
2007-07-05,16.379358742768073,16.415450701442836,15.886113447275013,16.385374069213867,2972900
2007-07-06,16.337246909379648,16.481611251831055,16.331231585030945,16.481611251831055,655400
2007-07-09,16.481611251831055,16.481611251831055,16.409429654258254,16.481611251831055,1885900
2007-07-10,16.385374585380088,16.427480724520855,16.24702551468722,16.33123779296875,1853600
2007-07-11,16.192895639462574,16.409442901611328,16.192895639462574,16.409442901611328,1142700
2007-07-12,16.39740508276404,16.619966429622593,16.385374429607836,16.54778480529785,1291000
2007-07-13,16.54177268977051,16.66809113051257,16.49365121511071,16.662076950073242,1355600
2007-07-16,16.625986520203067,16.710199969120723,16.57184971279406,16.595911026000977,700700
2007-07-17,16.64402738557563,16.716210155687147,16.511693645561763,16.51770782470703,1364200
2007-07-18,16.535750438051657,16.541765763278654,16.433492203804605,16.523719787597656,693700
2007-07-19,16.529746021666664,16.60794415391872,16.523730692469837,16.57786750793457,1249500
2007-07-20,16.517702050617455,16.547778672360963,16.38536835686345,16.481611251831055,1204400
2007-07-23,16.325216260682243,16.571838822449962,16.313186759290648,16.481611251831055,1333100
2007-07-24,16.42747341309187,16.54176227368292,16.283109080016416,16.36130714416504,2000500
2007-07-25,16.529731625766868,16.529731625766868,16.265064255448067,16.36130714416504,1806400
2007-07-26,16.174837611419818,16.409430686553883,15.97633648464846,16.12070083618164,2815100
2007-07-27,16.150782195494713,16.150782195494713,15.898144219407527,15.904159545898438,3511200
2007-07-30,15.91619766081869,16.030486631353718,15.8019098375905,15.940258979797363,1047900
2007-07-31,15.98236037731047,16.12672480623554,15.807920455932615,15.807920455932617,3203400
2007-08-01,15.910171551026448,16.078596068387263,15.825958145040063,16.042505264282227,1454300
2007-08-02,16.06657059160902,16.174844186095925,16.01243494167191,16.060556411743164,1618700
2007-08-03,16.13273193772125,16.198899364267863,15.910170653110496,16.030473709106445,4452800
2007-08-06,16.066572316358787,16.44552993774414,16.00642133279226,16.44552993774414,3826700
2007-08-07,16.204929623450127,16.583886262673243,16.204929623450127,16.403430938720703,3275100
2007-08-08,16.511694897959945,16.692150115966797,16.43349679546569,16.692150115966797,4770200
2007-08-09,16.457559207268485,16.54778682232547,16.25905799522057,16.39139175415039,1764900
2007-08-10,16.234995272369765,16.445527120708984,16.078600217812237,16.301162719726562,2941300
2007-08-13,16.25905373210617,16.343265997771432,16.126718860568104,16.25303840637207,1353100
2007-08-14,16.198908973569754,16.198908973569754,15.97033108116346,15.994392395019531,1639400
2007-08-15,15.916189502841544,16.144767326752106,15.825961897532109,15.910175323486328,1755700
2007-08-16,15.789869681054203,15.952280044555664,15.651520622059394,15.952280044555664,2661200
2007-08-17,16.168822739789444,16.241005491231743,15.928215480491637,16.030473709106445,4028900
2007-08-20,16.156795049691546,16.234991987495356,15.982354050066533,16.150779724121094,1448700
2007-08-21,16.000400026777893,16.150779724121094,16.000400026777893,16.150779724121094,558100
2007-08-22,16.16882124049021,16.19889786217969,16.10265496738496,16.192882537841797,2922400
2007-08-23,16.27108183074019,16.27108183074019,16.108672639172994,16.19890022277832,1035200
2007-08-24,16.180853697246977,16.331233380580695,16.180853697246977,16.313188552856445,1351700
2007-08-27,16.30116278670997,16.34928425390185,16.234995339081284,16.241010665893555,1260800
2007-08-28,16.198901191319347,16.23499199745817,15.994384711022605,16.054536819458008,2099100
2007-08-29,16.060548844325492,16.24701930957706,16.03047222263601,16.192882537841797,1167800
2007-08-30,16.096640137244474,16.198898359516622,16.078594163676737,16.13874626159668,1027300
2007-08-31,16.22296475261446,16.325223014233803,16.144767798343803,16.180858612060547,1578700
2007-09-04,16.26506949479973,16.355297088623047,16.216946887634116,16.355297088623047,1787300
2007-09-05,16.060555413819806,16.204919815063477,16.060555413819806,16.204919815063477,1866800
2007-09-06,16.186875255994273,16.259058036607424,16.120707802707752,16.16281509399414,1298300
2007-09-07,16.10265832146979,16.162810430072263,16.01844491050391,16.090627670288086,4722100
2007-09-10,16.090626263209565,16.174838519505283,16.012429331978673,16.132732391357422,5018500
2007-09-11,16.15078305832207,16.30717811352224,16.13273707788526,16.241010665893555,3407600
2007-09-12,16.271081422417765,16.391385629076485,16.241005944406055,16.325218200683594,2135800
2007-09-13,16.469577763014424,16.469577763014424,16.367319561332174,16.373334884643555,2333000
2007-09-14,16.373344391795655,16.469587326049805,16.331238251472747,16.469587326049805,2344400
2007-09-17,16.391380854577697,16.41544214782322,16.355290062015023,16.373334884643555,603300
2007-09-18,16.451542776188894,16.692150115966797,16.403421308233312,16.692150115966797,1828300
2007-09-19,16.728243742861427,16.764335710376482,16.619970134929236,16.70418357849121,3788300
2007-09-20,16.716209103093785,16.72823860793305,16.644026337527503,16.72222328186035,1412200
2007-09-21,16.748846049560715,16.81538094687794,16.70045650892198,16.73069953918457,2317300
2007-09-24,16.74884158801319,16.76698693985813,16.652062532515675,16.718597412109375,951200
2007-09-25,16.63996243237313,16.73674147373889,16.591572911690253,16.694400787353516,6076300
2007-09-26,16.74279584832832,16.87586678581592,16.712551666832805,16.8093318939209,2808800
2007-09-27,16.83956709063639,16.906103105287016,16.81537175669179,16.869810104370117,1408500
2007-09-28,16.87586583711876,16.92425537109375,16.845622811020952,16.92425537109375,825300
2007-10-01,16.87586212158203,16.906106294718516,16.766985405685176,16.87586212158203,5794400
2007-10-02,16.881908416748047,16.887957250465448,16.80327588581597,16.881908416748047,2038300
2007-10-03,16.851666760206825,16.875860943329563,16.78513073764927,16.839569091796875,6854900
2007-10-04,16.84561910214279,16.881910956209328,16.80932724807625,16.87586212158203,5732400
2007-10-05,16.91216024334426,16.94845326455834,16.857723018918477,16.936355590820312,3707600
2007-10-08,16.803280406434666,16.88796179386614,16.803280406434666,16.82747459411621,2909100
2007-10-09,16.88191467307782,16.942401878970934,16.82747630314377,16.92425537109375,4467400
2007-10-10,16.83956002828212,17.008923833773654,16.83956002828212,16.996826171875,2556900
2007-10-11,17.11177137903266,17.123867901179693,16.954505054142576,17.039186477661133,6015200
2007-10-12,17.3718579017023,17.3718579017023,17.014984675456308,17.075471878051758,3744700
2007-10-15,16.77302646042682,17.16014362113535,16.77302646042682,17.02102279663086,3811300
2007-10-16,16.972644277745488,17.01498497419647,16.918205909823524,16.948450088500977,3147400
2007-10-17,17.014977885817427,17.057319718326404,16.90610234902811,17.008930206298828,7207900
2007-10-18,16.954498924236464,17.01498497419647,16.936352417029994,16.948450088500977,12642300
2007-10-19,16.960545470838394,16.978690821898372,16.754889698378502,16.773035049438477,7279600
2007-10-22,16.718593367469428,16.912151431637984,16.706496853731693,16.881908416748047,1933100
2007-10-23,16.9303067539513,16.936355590820312,16.827478834573412,16.936355590820312,1506200
2007-10-24,16.894005452754016,16.948443800478874,16.754885743544726,16.887956619262695,2160100
2007-10-25,16.972645977213073,17.063376214935328,16.93030527652252,17.027084350585938,2888900
2007-10-26,16.960547374606886,17.148056663356844,16.960547374606886,17.14200782775879,1332300
2007-10-29,17.148056030273438,17.20854323032344,17.099666500972912,17.148056030273438,1526300
2007-10-30,17.051277689232037,17.142007916276498,17.014984675456308,17.075471878051758,1542000
2007-10-31,16.990789043799182,17.208542493172477,16.990789043799182,17.18434715270996,2189400
2007-11-01,17.23878422517918,17.23878422517918,16.839570366997126,16.845619201660156,2617800
2007-11-02,16.791183193349266,16.954498291015625,16.791183193349266,16.954498291015625,2537000
2007-11-05,16.639971893103933,17.051283629610126,16.639971893103933,16.97869873046875,1753700
2007-11-06,16.936352127601488,17.093618392944336,16.936352127601488,17.093618392944336,1129500
2007-11-07,16.936346147940643,17.05127167697969,16.821420618901595,16.906103134155273,2671300
2007-11-08,17.045230859609415,17.069425051276486,16.773038992745082,17.027084350585938,3227300
2007-11-09,16.90610756211805,17.027080802641258,16.8577180351693,16.863765716552734,2385800
2007-11-12,16.736742386245933,17.033128360800024,16.718595882364042,16.87586212158203,2307100
2007-11-13,17.16619946252374,17.202492470712507,16.960544851273657,17.129907608032227,1602400
2007-11-14,17.21459197998047,17.33556638758563,17.154105929875342,17.21459197998047,2915100
2007-11-15,17.027082798143493,17.317419993862277,17.027082798143493,17.202495574951172,4579100
2007-11-16,17.269024540210214,17.32951172367008,17.166196674437565,17.2811222076416,1555800
2007-11-19,17.335558252905564,17.335558252905564,17.14200021452204,17.160146713256836,2718600
2007-11-20,17.50492638426631,17.50492638426631,17.123857893739224,17.299270629882812,3525100
2007-11-21,17.232734942781704,17.311368637660824,17.075468706720677,17.087566375732422,3356900
2007-11-23,17.29321870558518,17.29321870558518,17.14805016731705,17.262975692749023,686700
2007-11-26,17.420244197674876,17.420244197674876,17.045225687888532,17.087566375732422,2987300
2007-11-27,17.08756727997113,17.34766140900119,17.08756727997113,17.269027709960938,2612400
2007-11-28,17.42023963819796,17.57145700017432,17.287168774989652,17.541213989257812,4534000
2007-11-29,17.36580176900317,17.7287236783795,17.36580176900317,17.63194465637207,2780900
2007-11-30,17.722683800712616,17.722683800712616,17.559369839611758,17.65614891052246,2794800
2007-12-03,17.765025748841254,17.765025748841254,17.559369933630474,17.58961296081543,5158900
2007-12-04,17.571460201689963,17.63194738824064,17.541217185263186,17.565412521362305,2187800
2007-12-05,17.77711447622948,17.77711447622948,17.59565408525427,17.63799476623535,1632500
2007-12-06,17.740821344554664,17.819453867299348,17.63194465637207,17.63194465637207,3177400
2007-12-07,17.78316615455121,17.904140537018467,17.728727797810667,17.8194580078125,3010100
2007-12-10,18.006970352986627,18.006970352986627,17.81341224317606,17.83760643005371,980600
2007-12-11,17.982773446112677,17.982773446112677,17.589608425592456,17.644046783447266,3657200
2007-12-12,17.964626069482897,17.988820251524043,17.559363425444012,17.692434310913086,2379800
2007-12-13,17.813414238444228,17.813414238444228,17.57146542038316,17.771072387695312,3219400
2007-12-14,17.54121844741298,17.80131256070755,17.52912077849295,17.553316116333008,2749000
2007-12-17,17.396058288090522,17.535178086808717,17.36581410117498,17.432350158691406,2978300
2007-12-18,17.63800042665726,17.63800042665726,17.317419069109288,17.35371208190918,4009900
2007-12-19,17.26297969385516,17.547268002975372,17.26297969385516,17.498878479003906,1922700
2007-12-20,17.771068542766567,17.771068542766567,17.420244216918945,17.420244216918945,1720800
2007-12-21,17.49137684964392,17.837921142578125,17.49137684964392,17.837921142578125,2275200
2007-12-24,17.91695786914801,17.91695786914801,17.75888480313563,17.813602447509766,882300
2007-12-26,17.850083180052952,17.850083180052952,17.71024854376971,17.7528076171875,1349100
2007-12-27,17.850083222687367,17.850083222687367,17.58257484436035,17.58257484436035,2449500
2007-12-28,17.75888634812541,17.75888634812541,17.60081442797715,17.649452209472656,725400
2007-12-31,17.643369693203468,17.643369693203468,17.394100955507305,17.509614944458008,1763300
2008-01-02,17.345468180111656,17.4609822023524,17.181315210043643,17.260351181030273,10122700
2008-01-03,17.266432613430922,17.327230144105457,17.144838711698295,17.169157028198242,4379600
2008-01-04,17.029317843533754,17.229948816158227,17.029317843533754,17.096195220947266,4172500
2008-01-07,17.08404036361011,17.357627499130633,17.08404036361011,17.296831130981445,3826400
2008-01-08,17.40626612225084,17.54610079068721,17.169157028198242,17.169157028198242,5549600
2008-01-09,17.32114181016567,17.406257615743723,17.199547967856436,17.400178909301758,4759000
2008-01-10,17.381946165829874,17.576497317940067,17.333308377802325,17.430583953857422,5023700
2008-01-11,17.430591774469494,17.454910099586044,17.12052530181972,17.187402725219727,4456400
2008-01-14,17.156989284955973,17.24818611822498,17.090113076072182,17.114431381225586,7331400
2008-01-15,17.023234930353695,17.035394662183183,16.87124176133268,16.932039260864258,2611500
2008-01-16,16.816524887105622,17.05971373659784,16.816524887105622,16.87124252319336,8980400
2008-01-17,16.998923593492396,17.005003462313784,16.67061879445221,16.74965476989746,4250400
2008-01-18,16.85908824016271,16.85908824016271,16.4152683014319,16.5064640045166,6034900
2008-01-22,15.308754987893744,16.427425010620674,14.822376061707736,16.33622932434082,12101600
2008-01-23,16.04440444360354,16.56726150814894,15.971448345062864,16.536863327026367,10402400
2008-01-24,16.6462998224239,16.6462998224239,16.31799501345828,16.457828521728516,3787300
2008-01-25,16.51862459160346,16.52470446007108,16.19639852051751,16.232877731323242,2960800
2008-01-28,16.245025286737047,16.44565617157943,16.196387531612093,16.36054039001465,4415300
2008-01-29,16.555098739517128,16.555098739517128,16.311909856231747,16.4091854095459,1733400
2008-01-30,16.457821662827513,16.567256940080355,16.275430307150074,16.293668746948242,4867300
2008-01-31,16.25111532216259,16.628059030010355,16.238955585867053,16.536863327026367,3030900
2008-02-01,16.536858001702928,16.76180725264916,16.536858001702928,16.70100975036621,4343600
2008-02-04,16.78613443169965,16.792214300683618,16.5855033936944,16.5976619720459,2560900
2008-02-05,16.59157794170805,16.59157794170805,16.293670255115636,16.37270736694336,4559300
2008-02-06,16.415269129597586,16.42742886652002,16.245036291532468,16.30583381652832,3143200
2008-02-07,16.23895447887252,16.488224417473457,16.232875770755413,16.476064682006836,2395300
2008-02-08,16.397024157729714,16.47606126224164,16.293668746948242,16.293668746948242,2827600
2008-02-11,16.293676274708044,16.506467061052767,16.293676274708044,16.50038719177246,3441600
2008-02-12,16.61590000369192,16.719255447387695,16.561182347640255,16.719255447387695,5154200
2008-02-13,16.93812531571915,16.93812531571915,16.64021873474121,16.64021873474121,1872500
2008-02-14,16.755728539565798,16.79220773921556,16.506459806705692,16.555097579956055,3391700
2008-02-15,16.567254262540573,16.646290194663038,16.488218330418107,16.6280517578125,3103300
2008-02-19,16.986764558289867,16.986764558289867,16.609820818823504,16.89556884765625,3689200
2008-02-20,16.640218766305892,16.840849776717175,16.51254385443529,16.536863327026367,3547400
2008-02-21,16.69493755655654,16.7557350867798,16.56726378674249,16.5976619720459,4037100
2008-02-22,16.658459035368754,16.780054092407227,16.494306056251734,16.780054092407227,3101600
2008-02-25,16.7800582804655,16.828696083496897,16.68886254473372,16.80437660217285,2436400
2008-02-26,16.83476637999415,17.011077880859375,16.786128604622775,17.011077880859375,2379500
2008-02-27,16.998923571613513,16.998923571613513,16.780054092407227,16.780054092407227,2402500
2008-02-28,16.74357337315168,16.8712471190585,16.74357337315168,16.810449600219727,3234200
2008-02-29,16.73141681689822,16.73141681689822,16.48822785494665,16.494306564331055,4405200
2008-03-03,16.39094653179217,16.65845489501953,16.384867824105836,16.65845489501953,3034200
2008-03-04,16.591580960802368,16.68885653181723,16.415268263577754,16.646297454833984,4349600
2008-03-05,16.71925239439994,16.780049907757345,16.573339058111838,16.688854217529297,2130000
2008-03-06,16.52470359073083,16.68885655187177,16.445666464426104,16.536863327026367,1865600
2008-03-07,16.482147997749312,16.579423582599603,16.403110860298174,16.457828521728516,5307900
2008-03-10,16.56117860653736,16.56117860653736,16.354467765840944,16.37270736694336,4282300
2008-03-11,16.71317557898014,16.719255447387695,16.48822624598225,16.719255447387695,3677600
2008-03-12,16.664531323202393,16.810444629500264,16.615893554436436,16.67669105529785,4541800
2008-03-13,16.55509605357502,16.69492949382516,16.439582077515794,16.67669105529785,8384400
2008-03-14,16.82260474964051,16.828684615828486,16.299747853633896,16.39094352722168,4151100
2008-03-17,16.11128191403044,16.48822562375967,15.989686869700675,16.299753189086914,5314200
2008-03-18,16.500386387535258,16.74965521779583,16.421350409976526,16.5976619720459,3908900
2008-03-19,16.737491996291997,16.87732546528275,16.628056704171893,16.688854217529297,5407800
2008-03-20,16.680301838489473,16.924791180685478,16.6558523213613,16.88200569152832,3946600
2008-03-24,17.02258574698387,17.077595990922266,16.955350745322043,17.071483612060547,4827000
2008-03-25,17.083700912046748,17.138711131970922,17.02257831592916,17.114261627197266,3438100
2008-03-26,17.18149469311861,17.18149469311861,16.973678588867188,16.973678588867188,2154900
2008-03-27,17.163157932269375,17.169270307914818,17.010352038582568,17.059249877929688,2448900
2008-03-28,17.120378093902595,17.150938816354877,17.004245250113623,17.040918350219727,2735200
2008-03-31,17.071481541205532,17.163164881375526,17.02258368206041,17.028696060180664,2037900
2008-04-01,17.18761527616215,17.340421239561888,17.08981838703469,17.236513137817383,7419700
2008-04-02,17.35264860162193,17.395434094141113,17.181506631545194,17.24262809753418,3273700
2008-04-03,17.236508408538814,17.24873199623603,17.150936299758317,17.193721771240234,2664100
2008-04-04,17.25484384841091,17.340415954589844,17.18149766119083,17.340415954589844,2220400
2008-04-07,17.315969131723637,17.346529853498495,17.205948668027254,17.230398178100586,1447600
2008-04-08,17.16927489603954,17.224285125732422,17.138714175462052,17.224285125732422,1648600
2008-04-09,17.205946562063648,17.205946562063648,17.0042427919139,17.05314064025879,1823100
2008-04-10,17.083706508912407,17.181502228413194,17.05925699612874,17.095930099487305,1958500
2008-04-11,17.0470356930537,17.083709969658518,16.900342084085942,16.98591423034668,2347900
2008-04-14,16.99201331821489,17.022575193576174,16.949227858525436,16.97978973388672,2333500
2008-04-15,17.089819022292453,17.089819022292453,16.96757494651883,17.083707809448242,1360900
2008-04-16,17.144827121167012,17.181501388549805,17.065368540138053,17.181501388549805,3858400
2008-04-17,17.157048121969538,17.20594596862793,17.053140052093372,17.20594596862793,2294600
2008-04-18,17.34653302813569,17.34653302813569,17.07759536301084,17.089818954467773,3737100
2008-04-21,17.06536837577628,17.18761360090778,17.05925599793802,17.138715744018555,2343000
2008-04-22,17.138715294089092,17.163163638983445,16.96757221656125,17.034807205200195,2750400
2008-04-23,17.053137862009393,17.242616847749368,17.053137862009393,17.144821166992188,1418600
2008-04-24,17.236510269582585,17.248733858599596,17.06536719935976,17.169275283813477,2711400
2008-04-25,17.242625556920384,17.242625556920384,16.961463124183762,17.071483612060547,5969300
2008-04-28,17.126494284578595,17.205952880135193,17.114269526549243,17.175392150878906,3097900
2008-04-29,17.163161053272198,17.24873199623603,17.07759011030836,17.193721771240234,2731600
2008-04-30,17.273184096674534,17.36486743016072,16.90033721923828,16.90033721923828,2611400
2008-05-01,17.004242205434977,17.254843815286325,17.004242205434977,17.20594596862793,4348500
2008-05-02,17.328194960630334,17.328194960630334,17.157051876961276,17.181501388549805,3967100
2008-05-05,17.218176125621017,17.224288504098748,17.120380401611328,17.120380401611328,983300
2008-05-06,17.224285800582255,17.254846522357113,17.08370461511101,17.230398178100586,770600
2008-05-07,17.24873532719584,17.29152197275709,17.05925627440643,17.06536865234375,2367900
2008-05-08,17.065363783466506,17.181496599508264,17.065363783466506,17.114261627197266,1377100
2008-05-09,16.94312258963071,17.120378043620487,16.83310328963552,17.016469955444336,2844500
2008-05-12,17.028691711672487,17.20594596862793,17.016466958553732,17.20594596862793,1344100
2008-05-13,17.242616847749368,17.242616847749368,17.083699740881308,17.144821166992188,2549400
2008-05-14,17.199838079385252,17.328195688986526,17.199838079385252,17.21206283569336,3384800
2008-05-15,17.23651322267445,17.419879913330078,17.181502982314363,17.419879913330078,984300
2008-05-16,17.419873515135105,17.444323020011453,17.30985307482465,17.413761138916016,2458000
2008-05-19,17.425991385001254,17.51156234741211,17.340420422590398,17.51156234741211,2167500
2008-05-20,17.30373801007003,17.358748221678148,17.212054712661963,17.248727798461914,3690100
2008-05-21,17.291524587814123,17.315972937443927,17.04703409661368,17.071483612060547,2266800
2008-05-22,17.163167035894098,17.2731875242359,17.08370844199006,17.254850387573242,1783500
2008-05-23,17.236511507246643,17.236511507246643,17.144827005226553,17.163164138793945,2510500
2008-05-27,17.13260425132452,17.285410207725075,17.13260425132452,17.21206283569336,1573500
2008-05-28,17.315971725825776,17.315971725825776,17.144828627123957,17.236513137817383,1392300
2008-05-29,17.254839805086817,17.43209518666294,17.150931759359935,17.30373764038086,3419300
2008-05-30,17.42598589135419,17.444323020011453,17.322077827262827,17.413761138916016,2311100
2008-06-02,17.413765572173517,17.413765572173517,17.157051534699495,17.26095962524414,2447200
2008-06-03,17.19372752263395,17.352645874023438,17.150942036840057,17.352645874023438,2637800
2008-06-04,17.273180978124245,17.340415954589844,17.21817075480087,17.340415954589844,2180200
2008-06-05,17.36486376556585,17.523782054119106,17.346526636411653,17.517669677734375,1662500
2008-06-06,17.468778338569845,17.468778338569845,17.06537067346454,17.083707809448242,2102100
2008-06-09,17.13870995703428,17.193719007370778,17.028689524728335,17.144821166992188,2487000
2008-06-10,17.028698551977964,17.297636233721146,17.028698551977964,17.175392150878906,3032700
2008-06-11,17.236513778528042,17.236513778528042,16.96757494651883,17.083707809448242,6986300
2008-06-12,17.132599108381587,17.279292642592946,17.071476511006043,17.199832916259766,2360800
2008-06-13,17.1570506462759,17.24873397652262,17.08370444840524,17.187612533569336,4316400
2008-06-16,17.04702550065113,17.065362627989785,16.918669106729965,17.004240036010742,6055500
2008-06-17,17.03480420805701,17.06536492525224,16.888109501233334,16.94923210144043,3046800
2008-06-18,16.894228745418612,16.924790640854027,16.735310386605768,16.7597599029541,3251800
2008-06-19,16.723088289352823,16.857557143839333,16.723088289352823,16.81477165222168,2159400
2008-06-20,16.685236112914737,16.777317754707365,16.56245980993683,16.62384796142578,5297400
2008-06-23,16.666817533433985,16.672956465014387,16.51948668814873,16.562458038330078,1515300
2008-06-24,16.52563036250394,16.709793679244104,16.476520066647776,16.617712020874023,2343100
2008-06-25,16.679095658334806,16.99217414855957,16.642263239155863,16.99217414855957,4769100
2008-06-26,16.697517461450325,16.752766692230384,16.421271307550015,16.476520538330078,2229000
2008-06-27,16.433558969936527,16.5133628114744,16.18186840008606,16.304643630981445,3321100
2008-06-30,16.255520799504612,16.47037875189018,16.224827308113092,16.421268463134766,2226600
2008-07-01,16.181857279987504,16.40285301208496,16.138885920159716,16.40285301208496,7943400
2008-07-02,16.38443946838379,16.43354976741749,16.323051301871192,16.38443946838379,2999000
2008-07-03,16.372161865234375,16.501075963198453,16.347606129880127,16.372161865234375,1730600
2008-07-07,16.476516589793277,16.58087609282604,16.335324665361178,16.537904739379883,3255100
2008-07-08,16.53790203055202,16.75275993347168,16.4703749599792,16.75275993347168,6431100
2008-07-09,16.74662579947527,16.78345822539223,16.587017059326172,16.587017059326172,3225300
2008-07-10,16.629991200184346,16.709794998168945,16.501075931585337,16.709794998168945,4386200
2008-07-11,16.59315504509191,16.70365231653629,16.470378737867076,16.531766891479492,4209700
2008-07-14,16.470376578427434,16.734344784734667,16.470376578427434,16.544042587280273,3935500
2008-07-15,16.421269787944663,16.672960184481877,16.31077133660994,16.513351440429688,8632500
2008-07-16,16.488798973999298,16.734350468777755,16.488798973999298,16.72207260131836,3588800
2008-07-17,16.69751072498144,16.75275993347168,16.433542544612834,16.75275993347168,5109800
2008-07-18,16.75889391493591,16.75889391493591,16.47037124633789,16.47037124633789,2963700
2008-07-21,16.513357511603996,16.636133873977535,16.427414760471816,16.43355369567871,3792900
2008-07-22,16.451965371621114,16.771182900274052,16.451965371621114,16.72207260131836,1357800
2008-07-23,16.74662342568529,16.84484399479581,16.660679549552427,16.83870506286621,3088500
2008-07-24,16.808011234807253,16.869399386258937,16.64840368026711,16.734346389770508,3320100
2008-07-25,16.76504429890373,16.76504429890373,16.61771339911589,16.642269134521484,5232900
2008-07-28,16.52562574909685,16.679095527163916,16.501070022583008,16.501070022583008,1859900
2008-07-29,16.587014833922055,16.887815475463867,16.574736969969763,16.887815475463867,2977700
2008-07-30,16.96148271806612,17.127230392236562,16.887817865689286,17.084259033203125,3801500
2008-07-31,16.930788053620194,17.022869698162804,16.78345718817569,16.820289611816406,5016200
2008-08-01,16.875535437752465,16.906230093679376,16.74662139550365,16.789592742919922,4155300
2008-08-04,16.820295019241467,17.065846540589412,16.79574045254768,16.943071365356445,2253600
2008-08-05,17.11495749019798,17.40348156318271,17.04743155108241,17.237733840942383,3395900
2008-08-06,17.10881478680691,17.452586830402677,17.07812012254193,17.421892166137695,5259100
2008-08-07,17.317532626905383,17.329810492595428,17.084259033203125,17.084259033203125,3992700
2008-08-08,17.078128141707296,17.520122147610945,17.071989205971715,17.440317153930664,3085300
2008-08-11,17.4709985079947,17.66130187076601,17.434166090086023,17.593774795532227,2905000
2008-08-12,17.624471822133447,17.716554641723633,17.507835613514146,17.716554641723633,3044200
2008-08-13,17.636743265981377,17.64902112690725,17.452580035618325,17.538522720336914,4616900
2008-08-14,17.52010944305012,17.734966183582525,17.403472090417228,17.618330001831055,4390900
2008-08-15,17.630615296694028,17.81477981243574,17.587643927618895,17.790224075317383,1962000
2008-08-18,17.796358425035876,17.796358425035876,17.556945904217454,17.716554641723633,2579900
2008-08-19,17.507836999905614,17.56922516086631,17.42803203939217,17.477142333984375,2744300
2008-08-20,17.45258288075041,17.526247716552014,17.292974175338323,17.4832763671875,2201400
2008-08-21,17.25615347323009,17.40348441574277,17.207043159059197,17.292985916137695,1888600
2008-08-22,17.403479888459476,17.685863828763136,17.403479888459476,17.606060028076172,2801800
2008-08-25,17.47099259686755,17.532380719866286,17.268412610588463,17.32366180419922,3148400
2008-08-26,17.262280594027626,17.366640086574222,17.194753519179404,17.256141662597656,1495600
2008-08-27,17.243865398519073,17.354363832740603,17.213171909404895,17.335947036743164,1247800
2008-08-28,17.409614947308867,17.471001932227733,17.299116501044217,17.446447372436523,1487500
2008-08-29,17.44645138463635,17.464868186876377,17.2377323094439,17.274564743041992,1667000
2008-09-02,17.464862823486328,17.618332615710703,17.397335740225493,17.464862823486328,3601000
2008-09-03,17.40961304985137,17.507833620074607,17.335947036743164,17.335947036743164,2136900
2008-09-04,17.483281769838168,17.483281769838168,17.213175727256015,17.225452423095703,3137300
2008-09-05,17.225450618674895,17.434169647549187,17.139507902390783,17.385059356689453,8917700
2008-09-08,17.66130390301518,17.882299606778208,17.544666533521458,17.753385543823242,4121100
2008-09-09,17.96211095421112,17.980527757287465,17.630615524128945,17.66131019592285,4849300
2008-09-10,17.790223254064557,17.790223254064557,17.64289235080164,17.78408432006836,5140700
2008-09-11,17.679720593221585,17.94368883807921,17.532389724880932,17.857746124267578,4499000
2008-09-12,17.81477325188541,17.900715958386026,17.74724617055975,17.894577026367188,3219200
2008-09-15,17.833189720007308,17.90071680452487,17.55080585908227,17.679719924926758,7420400
2008-09-16,17.79635729703483,17.79635729703483,17.14564569374015,17.679719924926758,7878800
2008-09-17,17.3973332988857,17.53852520690731,17.035144546391017,17.047422409057617,8617900
2008-09-18,17.48941882174644,17.54466804516786,17.053565137957115,17.15792465209961,11022500
2008-09-19,18.226548299889533,18.720995896081835,17.120223999023438,17.120223999023438,6403500
2008-09-22,17.16967172070726,18.158564732776114,16.916267739007935,17.027517318725586,5088600
2008-09-23,17.02751874790809,17.194394899771286,16.798837661743164,16.798837661743164,3901800
2008-09-24,16.817379456258074,16.99043634540797,16.718490142130598,16.767934799194336,4509800
2008-09-25,16.891548212952777,17.243841566533806,16.835922822508014,17.182035446166992,7749500
2008-09-26,16.965709346248328,17.280918200518695,16.965709346248328,17.120223999023438,2529400
2008-09-29,17.237651569271403,17.27473592886634,16.477439880371094,16.477439880371094,9894400
2008-09-30,16.693767324271906,17.058422088623047,16.6752251370011,17.058422088623047,2583600
2008-10-01,17.015160453686402,17.35509234742333,16.67522738109578,17.182035446166992,8520100
2008-10-02,17.212934835046124,17.212934835046124,16.8977247601679,16.96571159362793,5136400
2008-10-03,17.645565937464205,17.76917808262357,16.81118808362324,16.829729080200195,5895100
2008-10-06,16.403274903390344,16.699942732071445,15.760493429061457,16.341468811035156,9393600
2008-10-07,16.885362330925407,16.885362330925407,15.667787200279752,15.822301864624023,6318900
2008-10-08,15.024998672584688,15.958266954483957,15.024998672584688,15.389653205871582,8482800
2008-10-09,15.556534133797804,15.717229502217965,14.450208736200485,14.462570190429688,13186900
2008-10-10,14.05465092406257,14.994100178825391,13.368605573974138,14.586181640625,14753000
2008-10-13,15.772848430024306,15.772848430024306,14.691246382319587,15.266040802001953,6320300
2008-10-14,16.217852456785764,16.217852456785764,14.796318592352415,15.296945571899414,15789900
2008-10-15,15.10535391780576,15.10535391780576,14.079376640770878,14.771601676940918,7790100
2008-10-16,14.895209648508764,14.913750648498535,13.727078316180213,14.913750648498535,11936300
2008-10-17,14.740701736409248,15.235148275371433,14.4316723548445,15.025008201599121,6180600
2008-10-20,15.34020883687004,15.377292009673171,14.833401152766953,15.148611068725586,5524900
2008-10-21,15.371119668435934,15.371119668435934,14.957020311658715,15.006464958190918,4127400
2008-10-22,15.14861783520972,15.14861783520972,14.202987664946004,14.771601676940918,7026600
2008-10-23,14.52438368399938,14.833413124084473,13.887782613036734,14.833413124084473,8948500
2008-10-24,13.751798491789115,14.320412229390238,13.751798491789115,14.091730117797852,7992500
2008-10-27,13.690001950126423,14.246254624843624,13.67764049141294,13.73326587677002,4859300
2008-10-28,14.09791121070555,14.987915601228412,13.733256674965377,14.678886413574219,4701100
2008-10-29,14.969380118921325,15.22896479977445,14.369863651194184,14.394586563110352,7062500
2008-10-30,14.734513157720698,15.130070178163269,14.715970980317612,15.00027847290039,6944000
2008-10-31,15.303126904148568,15.408196884649076,14.839583080561546,14.907569885253906,12867200
2008-11-03,15.191882548020732,15.30931402916084,15.06827033852026,15.13625717163086,7543100
2008-11-04,15.581252484277337,15.67396219203713,15.241320818667777,15.358752250671387,4796900
2008-11-05,15.649245313955374,15.649245313955374,15.043548101125026,15.086812019348145,5030000
2008-11-06,15.080631613950784,15.235146284542193,14.524379035592391,14.926116943359375,6801000
2008-11-07,14.833404262696153,15.025002071010455,14.759236722687326,14.994099617004395,4683300
2008-11-10,15.284589121279243,15.284589121279243,14.783961977949122,15.037365913391113,3000200
2008-11-11,14.957015211142787,14.975556210486316,14.59236062524922,14.697430610656738,4558400
2008-11-12,14.549097295717898,14.592361201030508,14.215345148129757,14.382221221923828,6267000
2008-11-13,14.283330318585891,14.957014083862305,13.931037211374951,14.957014083862305,7828700
2008-11-14,14.746884080628432,15.037371306727104,14.456395675676093,14.5120210647583,6104600
2008-11-17,14.413124995934092,14.660348176708077,14.184443995788074,14.320416450500488,4648600
2008-11-18,14.783958481506211,14.783958481506211,14.060830032671827,14.419303894042969,6971200
2008-11-19,14.431665355775802,14.709790956986609,14.005204685962344,14.048468589782715,6407700
2008-11-20,14.048467168571591,14.394580721825971,13.41804731677202,13.560201644897461,11979400
2008-11-21,13.615830859432714,14.209166526794434,13.226453296230053,14.209166526794434,16419700
2008-11-24,14.413123711616407,14.765416860184006,14.104094468472478,14.388401985168457,7532900
2008-11-25,14.919932441075476,14.919932441075476,14.221526825359541,14.46875,7972400
2008-11-26,14.289514657209294,14.660348856129716,14.147360290179753,14.654168128967285,10189000
2008-11-28,14.499653771383656,14.876669883728027,14.499653771383656,14.876669883728027,2234600
2008-12-01,14.580003241349663,14.629447884817122,13.999027796467058,14.05465316772461,7280700
2008-12-02,14.18444720484093,14.345141424559232,13.88159741366709,14.258613586425781,8265800
2008-12-03,13.906321002276973,14.481115792320972,13.887778816553366,14.431671142578125,8389700
2008-12-04,14.41930987946631,14.55528237337553,14.104099791043911,14.24625301361084,7789600
2008-12-05,14.147361880008551,14.753060242607955,13.974306215425836,14.647990226745605,8089400
2008-12-08,15.130074223680781,15.130074223680781,14.573821720237985,14.734517097473145,8635700
2008-12-09,14.64799226096813,14.70361764055271,14.289518247452753,14.450212478637695,10381200
2008-12-10,14.542919088417214,14.542919088417214,14.258611523205563,14.444029808044434,7463700
2008-12-11,14.21534790830465,14.55527966935325,14.21534790830465,14.283334732055664,7506700
2008-12-12,14.029929253416384,14.369860977030708,13.980484617638789,14.301874160766602,6598500
2008-12-15,14.406948666248969,14.406948666248969,14.135003673822943,14.289518356323242,4743000
2008-12-16,14.623265266418457,14.672709903493331,14.295693809014205,14.623265266418457,8487100
2008-12-17,14.462570917081385,14.685072388973676,14.437849186234029,14.549099922180176,6419600
2008-12-18,14.672710489938632,14.821044407091929,14.450209024782092,14.598544120788574,7119600
2008-12-19,14.798014928093567,14.872815864381694,14.473879519045925,14.48011302947998,9227600
2008-12-22,14.57360865861686,14.57360865861686,14.318040756959126,14.517509460449219,4339700
2008-12-23,14.542442638888375,14.635942889872736,14.342975119743018,14.399075508117676,5958200
2008-12-24,14.473877694862843,14.554912131372031,14.442711335541093,14.523744583129883,780900
2008-12-26,14.617251200966065,14.617251200966065,14.473882806262939,14.536216735839844,2630500
2008-12-29,14.536205561457503,14.561139589689116,14.342971598342116,14.50503921508789,1985100
2008-12-30,14.57984450344572,14.748145691679,14.573610994001484,14.735678672790527,3071400
2008-12-31,14.748141343532222,14.947608831257964,14.748141343532222,14.879042625427246,2815100
2009-01-02,14.922683358014265,15.165784330099166,14.835415397354597,15.090983390808105,3757900
2009-01-05,15.02864985754995,15.153316497802736,14.991248795445635,15.153316497802734,6645500
2009-01-06,15.20941389322395,15.22811442057666,14.847878686846965,14.928913116455078,8797400
2009-01-07,14.766842492270557,14.897742590794008,14.69204158674283,14.779308319091797,4228700
2009-01-08,14.598545663226549,14.642179042303164,14.442711487141262,14.586078643798828,6252100
2009-01-09,14.554908521681089,14.598541889478405,14.336740493774414,14.336740493774414,6061400
2009-01-12,14.367909418083716,14.44894384900598,14.274409157644449,14.342976570129395,6542400
2009-01-13,14.34920835252763,14.492575480542694,14.336741335590622,14.430241584777832,9802600
2009-01-14,14.180908336899781,14.28687561158947,14.018840670379067,14.112340927124023,5902500
2009-01-15,14.031306902543868,14.199608068611765,13.912872616541993,14.174674034118652,7621300
2009-01-16,14.386605728011022,14.392839235402201,14.18713824717315,14.305572509765625,3835100
2009-01-20,14.336739369054463,14.436473113029937,14.106104343036174,14.137271881103516,11335300
2009-01-21,14.305576741724517,14.330509589745047,13.937808019289223,14.205842971801758,6566600
2009-01-22,14.056236043364217,14.243237686014584,13.937802977497531,14.193370819091797,8119600
2009-01-23,13.950277542940066,14.131045791868571,13.89417832280845,14.056244850158691,6117100
2009-01-26,14.131034932457965,14.311801853550161,14.056234048231032,14.149735450744629,6673000
2009-01-27,14.212078457573597,14.349213313451683,14.14974572917874,14.2245454788208,8160500
2009-01-28,14.417777273317146,14.567379126793472,14.268176608761216,14.367910385131836,6032700
2009-01-29,14.305574249015597,14.455174877832217,14.205840496471184,14.243240356445312,4191700
2009-01-30,14.193367126872058,14.199600632230828,13.719631419881821,13.80689811706543,8398800
2009-02-02,13.657307341270727,13.781975159936884,13.557573561905972,13.68847370147705,5575100
2009-02-03,13.694702926584856,14.043772234067191,13.632370225674496,13.987671852111816,5450500
2009-02-04,13.962742699062744,13.962742699062744,13.576274587141913,13.607440948486328,7962600
2009-02-05,13.58250378577889,13.85053749945369,13.53886922925871,13.800670623779297,12049300
2009-02-06,13.856780724699998,14.087415929503804,13.775747440748946,14.037549018859863,7266500
2009-02-09,14.006375076602135,14.012608586208325,13.831841563310395,13.900407791137695,4804700
2009-02-10,13.775737256124344,13.831837637737976,13.370568758074816,13.4516019821167,7240500
2009-02-11,13.513937363747607,13.58873708821164,13.439136450363387,13.52640438079834,5428200
2009-02-12,13.4017324604702,13.669767299906775,13.333165076729731,13.651066780090332,7142700
2009-02-13,13.688468959821327,13.688468959821327,13.43913459777832,13.43913459777832,3946500
2009-02-17,13.227199631767357,13.407967781022734,13.146166412772864,13.24590015411377,5893400
2009-02-18,13.358098879353637,13.37056589235573,13.196031277085833,13.314465522766113,6997100
2009-02-19,13.457837120676057,13.588737234356017,13.426670766634219,13.482769966125488,5025900
2009-02-20,13.15863504876471,13.457836309647893,13.15863504876471,13.277068138122559,7591400
2009-02-23,13.270835979731196,13.376802053940356,12.928000157173981,12.934233665466309,5494700
2009-02-24,13.040198990786438,13.233432963452959,12.946698758136183,13.183566093444824,6059900
2009-02-25,13.13993501883258,13.23966877621528,12.97786736585565,13.0589017868042,5797200
2009-02-26,13.152407834933486,13.158641346133424,12.753471440582315,12.772171974182129,5424000
2009-02-27,12.697367007787784,12.934234391593277,12.6412666189275,12.691133499145508,5643200
2009-03-02,12.553999656412635,12.67866746104597,12.398165495081116,12.44803237915039,6964600
2009-03-03,12.56022795816581,12.56022795816581,12.248559764717923,12.298426628112793,6351300
2009-03-04,12.460495542700368,12.68489704605287,12.298427922381332,12.535296440124512,5214900
2009-03-05,12.460498302379346,12.48543233668295,12.117663653146154,12.248563766479492,7268000
2009-03-06,12.279726926343214,12.42932751200716,12.036624934334503,12.285959243774414,6911800
2009-03-09,12.267268778523981,12.354535552660922,12.017934288903703,12.098967552185059,4769800
2009-03-10,12.130130004067919,12.3669985844781,12.12389768414366,12.323365211486816,4260500
2009-03-11,12.410633510650252,12.472967417976086,12.254799336795857,12.31089973449707,5810500
2009-03-12,12.31089670568133,12.659964836337197,12.248562813691327,12.628798484802246,4139200
2009-03-13,12.728534867014108,12.884369034735183,12.622567585406966,12.815801620483398,3651100
2009-03-16,12.971636852838486,13.164872092694855,12.91553645274089,13.015270233154297,4294300
2009-03-17,13.071365876537216,13.258367538452147,12.965398624794759,13.258367538452148,3795800
2009-03-18,13.139935290079057,13.320703472141888,12.996568159496931,13.189802169799805,5077200
2009-03-19,13.214733844838733,13.239666685787647,12.896832097530218,13.021498680114746,5382900
2009-03-20,13.067274868121087,13.104896245648392,12.897976875305176,12.897976875305176,3539900
2009-03-23,13.111167492223423,13.474844020232966,13.079816541655848,13.462303161621094,6526400
2009-03-24,13.412144463322942,13.518739397735784,13.336901683715299,13.399604797363281,4791400
2009-03-25,13.424686527295059,13.662958141299807,13.324362014860172,13.531281471252441,4945200
2009-03-26,13.650409843389593,13.681760787963865,13.468571016165559,13.681760787963867,6675200
2009-03-27,13.550091743469238,13.650416248334668,13.474847766838947,13.550091743469238,4300400
2009-03-30,13.412144492695418,13.412144492695418,13.086090453744214,13.255387306213379,5073600
2009-03-31,13.349438571537402,13.405870041462393,13.155058857498853,13.230302810668945,6137700
2009-04-01,13.161332549294718,13.481117336608829,13.054737620190014,13.456035614013672,3698800
2009-04-02,13.612789231068298,13.876141269609434,13.581438281988515,13.738195419311523,7864100
2009-04-03,13.694301644178326,13.825977046544523,13.562625045850252,13.681760787963867,5373200
2009-04-06,13.606521950310642,13.719386100769043,13.518737127560039,13.719386100769043,5334200
2009-04-07,13.443495904723619,13.606523513172036,13.437225474095332,13.468576431274414,4710900
2009-04-08,13.525005400365329,13.631600299877073,13.468572736155464,13.581438064575195,2856100
2009-04-09,13.763281724465429,13.769550959602114,13.512469264350043,13.587713241577148,3632600
2009-04-13,13.53755088137045,13.631604955186486,13.499929491036523,13.550091743469238,4532300
2009-04-14,13.550084918710535,13.587706290095742,13.311813442693285,13.36197566986084,3846300
2009-04-15,13.355702665363753,13.600244522094727,13.299270021192113,13.600244522094727,3849300
2009-04-16,13.67549147776271,13.813438515474523,13.51246392153364,13.782086372375488,7116700
2009-04-17,13.844793297975642,13.894955544868361,13.750739234547083,13.85106372833252,4750600
2009-04-20,13.631600299877073,13.832249241084583,13.581438064575195,13.581438064575195,10397000
2009-04-21,13.606521950310642,13.757008680217396,13.525007557468097,13.719386100769043,5797100
2009-04-22,13.60025020858153,13.71311554411565,13.51246539429827,13.53754711151123,7322600
2009-04-23,13.53754711151123,13.593979779278289,13.35570824960357,13.53754711151123,7898900
2009-04-24,13.606516730946762,13.631597244996069,13.437218776257334,13.481110572814941,9407500
2009-04-27,13.361979775707427,13.69430538028506,13.361979775707427,13.562628746032715,5371200
2009-04-28,13.380785475678197,13.681758805442168,13.380785475678197,13.625326156616211,4986700
2009-04-29,13.669224835869976,13.951388222117957,13.656685171118523,13.85106372833252,5567900
2009-04-30,13.907497319927312,13.920038181465562,13.706848319164816,13.794631958007812,6801500
2009-05-01,13.838522867618765,13.85106372833252,13.637873880047891,13.85106372833252,4343700
2009-05-04,13.938843809117177,14.108141797720705,13.851060198416977,14.064249992370605,5021200
2009-05-05,14.032891987733647,14.152027692471131,13.907487052817636,13.945108413696289,7102300
2009-05-06,13.995282279063133,14.095606788908837,13.951390455500949,14.032903671264648,8046700
2009-05-07,14.15202801805318,14.2084606586502,14.04543316314342,14.089324951171875,6841600
2009-05-08,14.13949399252495,14.28371147477363,14.13949399252495,14.271170616149902,7584100
2009-05-11,14.183384125702567,14.221005497993668,14.05170752874092,14.202194213867188,5549500
2009-05-12,14.195928696211617,14.390308444869166,14.145766450485022,14.37149715423584,5243100
2009-05-13,14.26489806705051,14.26489806705051,14.1018705170545,14.10814094543457,5287800
2009-05-14,14.221013054300357,14.252364015207567,14.145769073775554,14.158309936523438,6371400
2009-05-15,14.14576497531177,14.246089456302752,14.026630401611328,14.026630401611328,7032500
2009-05-18,14.365223784377866,14.377764642233767,14.11441260706997,14.321331977844238,6592300
2009-05-19,14.327601677633899,14.434196572060344,14.302519963198513,14.402844429016113,6450900
2009-05-20,14.490632048062094,14.559604384231811,14.409117656276699,14.421658515930176,10199200
2009-05-21,14.302526277204093,14.35895896363456,14.208472198474144,14.289986610412598,5724300
2009-05-22,14.27117169475801,14.503171617020927,14.27117169475801,14.377766609191895,6040400
2009-05-26,14.371490882338021,14.578410205153341,14.283707289616903,14.559598922729492,5478700
2009-05-27,14.547062575607,14.584683953058036,14.189655303955078,14.189655303955078,6976400
2009-05-28,14.271168732695488,14.421655428433272,14.152032983417348,14.340142250061035,7246000
2009-05-29,14.377764799461858,14.534521936488764,14.321332134455206,14.49690055847168,6894700
2009-06-01,14.634848808067005,14.835497785006313,14.60349785390608,14.785335540771484,7258800
2009-06-02,14.804146097098851,14.998524634379429,14.703821613601638,14.935821533203125,6547300
2009-06-03,14.92327565273335,14.92327565273335,14.760249318873385,14.860573768615723,6743400
2009-06-04,14.841763602567532,14.929547203706885,14.716357432972568,14.885655403137207,6186500
2009-06-05,14.985978641242488,15.023600010675539,14.753978801116608,14.81041145324707,4533800
2009-06-08,14.722639251897347,14.935829187575887,14.69755871615076,14.86685562133789,4605900
2009-06-09,14.923279409687082,14.923279409687082,14.7351713180542,14.7351713180542,5158100
2009-06-10,14.791603789334777,14.848036455271563,14.53452217605033,14.5721435546875,6272400
2009-06-11,14.609763066773226,14.816682416784626,14.59722340613762,14.634844779968262,4375100
2009-06-12,14.584678906113261,14.747706413269043,14.565867625916265,14.747706413269043,5717100
2009-06-15,14.6787332104521,14.6787332104521,14.390300750732422,14.390300750732422,6131200
2009-06-16,14.421654411495357,14.434195267579678,14.202194213867186,14.202194213867188,5372600
2009-06-17,14.27743843345471,14.421654693357432,14.23354663226361,14.346410751342773,6575000
2009-06-18,14.346415817708392,14.616038344197444,14.302524001017115,14.60976791381836,5950200
2009-06-19,14.658415881091708,14.721597741994193,14.418320471241971,14.46254825592041,6319200
2009-06-22,14.41832609866127,14.468872330181314,14.336188924360156,14.405689239501953,3974800
2009-06-23,14.380411384469754,14.46254852825973,14.317228317260742,14.317228317260742,3668200
2009-06-24,14.424637403594275,14.45622833077189,14.304589711109417,14.355135917663574,6364800
2009-06-25,14.342496889364416,14.633137207268318,14.30458633954677,14.601546287536621,6931400
2009-06-26,14.671048019851618,14.671048019851618,14.475181646662135,14.55100154876709,3293400
2009-06-29,14.620504329926113,14.690005818359989,14.544685619922493,14.639459609985352,2135000
2009-06-30,14.614187614137304,14.860601463288658,14.468867398687024,14.525732040405273,3496300
2009-07-01,14.588910038060595,14.860596297354316,14.588910038060595,14.772139549255371,6946000
2009-07-02,14.645779026864512,14.77214395378623,14.46254825592041,14.46254825592041,4945400
2009-07-06,14.43727651744455,14.759509086608888,14.418321235099539,14.759509086608887,5522100
2009-07-07,14.708962293813707,14.77214415557928,14.569959305649212,14.576277732849121,4595800
2009-07-08,14.588913401610716,14.696324245046402,14.563639694865063,14.639459609985352,6933200
2009-07-09,14.639461947008385,14.71528187423246,14.494141725372174,14.532051086425781,3680700
2009-07-10,14.544686603280438,14.614186891296521,14.437275752582766,14.46254825592041,3175600
2009-07-13,14.456231632559193,14.72791800675939,14.456231632559193,14.721599578857422,2694400
2009-07-14,14.708963488328987,14.772145355225561,14.664734494337777,14.765828132629395,4135000
2009-07-15,14.88586987130762,15.037508472453306,14.791095896231125,15.0059175491333,4629300
2009-07-16,15.005924118395695,15.113334991868893,14.94274103897905,15.107016563415527,4606500
2009-07-17,15.107008268745052,15.138599188549527,15.037506799035594,15.119645118713379,3502200
2009-07-20,15.201794491935743,15.201794491935743,15.005927979946136,15.163885116577148,5113400
2009-07-21,15.227070189794034,15.27761643187571,15.018566790567435,15.14493179321289,6419500
2009-07-22,15.189158557990243,15.233386362616043,15.119657033511249,15.15124797821045,4032400
2009-07-23,15.214421977678946,15.467152999544064,15.132284847491498,15.359742164611816,5286800
2009-07-24,15.353427353034865,15.498748779296875,15.315517992109358,15.498748779296875,2274500
2009-07-27,15.422931615438335,15.498751555989795,15.315520735975394,15.441886901855469,4539400
2009-07-28,15.34711118098423,15.492431412076522,15.34711118098423,15.46083927154541,4661900
2009-07-29,15.372381506416248,15.574566356650534,15.372381506416248,15.542975425720215,3655900
2009-07-30,15.669336555543627,15.726201181524845,15.524016380310059,15.524016380310059,4899200
2009-07-31,15.574564962061842,15.681975804770545,15.486109399284086,15.492427825927734,4421900
2009-08-03,15.561925441311786,15.63774534292265,15.41028684320651,15.51137924194336,5843300
2009-08-04,15.492429547071625,15.65038661536122,15.473474265034827,15.536657333374023,4355100
2009-08-05,15.50506744886476,15.52402152706479,15.340791942135567,15.435565948486328,4473800
2009-08-06,15.422929094890616,15.448202805983012,15.214425798845845,15.277608871459961,6181200
2009-08-07,15.296557953932055,15.385014708749317,15.252330179081664,15.340786933898926,6299400
2009-08-10,15.340789377624509,15.3723803060881,15.258651035432495,15.353425025939941,4821500
2009-08-11,15.359743452655994,15.39765401295231,15.32183409747635,15.353425025939941,2614000
2009-08-12,15.302878900016706,15.460835953421524,15.296560473266512,15.347107887268066,2812100
2009-08-13,15.385019731424798,15.435565948486328,15.271290441757134,15.435565948486328,5435200
2009-08-14,15.410297056396864,15.48611700825748,15.27761364703735,15.41661548614502,2435000
2009-08-17,15.22705794839021,15.334468777103266,15.214421096749495,15.258648872375488,3634800
2009-08-18,15.227063270339231,15.334474136593023,15.176517051226677,15.283927917480469,3225100
2009-08-19,15.195470089835906,15.416610235231786,15.195470089835906,15.385019302368164,2962300
2009-08-20,15.34711118098423,15.505068268288966,15.34711118098423,15.46083927154541,2855400
2009-08-21,15.53033725568786,15.688294307192056,15.511381975665357,15.631429672241211,3033200
2009-08-24,15.713569594536203,15.726205244038908,15.5935218858846,15.637749671936035,1557900
2009-08-25,15.637754047056653,15.802029587720595,15.625117188901628,15.6630277633667,4690600
2009-08-26,15.681972745686137,15.789383567442197,15.650381823747,15.7135648727417,3094100
2009-08-27,15.75779264550306,15.75779264550306,15.599835625574526,15.7135648727417,3329500
2009-08-28,15.738838547751504,15.75779382540416,15.580881515995575,15.650382995605469,2780300
2009-08-31,15.61879610446611,15.700934463392265,15.561931457553207,15.681979179382324,3750000
2009-09-01,15.612476051287626,15.751479042657218,15.492429547071625,15.536657333374023,5901800
2009-09-02,15.511382004277156,15.587201919390358,15.467154222593066,15.54929256439209,4708600
2009-09-03,15.700930719325417,15.700930719325417,15.486109038907124,15.580883026123047,4783500
2009-09-04,15.606158837746351,15.72620534202918,15.587203555699002,15.69461441040039,4520400
2009-09-08,15.77674624565819,15.865202993656759,15.738836899439598,15.827292442321777,9057200
2009-09-09,15.858885606023081,15.890476529086056,15.776747277873001,15.820976257324219,4949400
2009-09-10,15.858883233500572,15.959975618318218,15.852564808809934,15.934701919555664,5525000
2009-09-11,16.035808093328644,16.035808093328644,15.928397191459307,16.00421714782715,6393000
2009-09-14,15.8715269631442,16.023165606105593,15.858890108284882,15.966300964355469,3836600
2009-09-15,16.023159164448504,16.029477589338022,15.839928458001532,15.884156227111816,4470400
2009-09-16,15.953662022792138,16.010526657104492,15.846251180770652,16.010526657104492,6051700
2009-09-17,16.023167237021042,16.073713456486345,15.941028877191842,15.953665733337402,7982900
2009-09-18,16.048479797408966,16.18211170725978,16.0166633117746,16.163021087646484,10221900
2009-09-21,16.14393165193344,16.156657517931002,16.05484330762375,16.11211395263672,5289600
2009-09-22,16.188470171895144,16.188470171895144,16.067565379691302,16.1439266204834,3232900
2009-09-23,16.188470171895144,16.341191439758592,16.1439266204834,16.1439266204834,5099700
2009-09-24,16.169384567592456,16.22665521249897,16.048479737931924,16.061206817626953,5439000
2009-09-25,16.112113922685946,16.156657487897427,16.029390332110502,16.061206817626953,4413000
2009-09-28,16.010300399672712,16.194839422007025,16.010300399672712,16.09302520751953,5071800
2009-09-29,16.175747542310738,16.26483466962128,16.150293383809966,16.169384002685547,4600500
2009-09-30,16.226650823036696,16.24574143741505,16.035749534136347,16.201196670532227,5376500
2009-10-01,16.156658116668197,16.201201683613185,16.010300335642903,16.05484390258789,10605100
2009-10-02,15.965756796424408,16.163021684832433,15.965756796424408,16.105751037597656,5437500
2009-10-05,16.093019531195583,16.163016020390863,15.97211473899174,16.1439266204834,4912700
2009-10-06,16.169382205821616,16.32210349869146,16.169382205821616,16.290287017822266,5368000
2009-10-07,16.309377703670467,16.36028480529785,16.271197680880192,16.36028480529785,4390300
2009-10-08,16.37938059889499,16.49392191717812,16.373017057465766,16.45574188232422,3002700
2009-10-09,16.474826846075157,16.50664454463316,16.411193876401335,16.49391746520996,3633700
2009-10-12,16.481182858543136,16.621178240817844,16.481182858543136,16.563907623291016,1902800
2009-10-13,16.55754656894484,16.55754656894484,16.443005316718114,16.50663948059082,2224300
2009-10-14,16.633904100707827,16.633904100707827,16.50663700576419,16.563907623291016,4402200
2009-10-15,16.55118696008629,16.716635339940975,16.52573280300664,16.691181182861328,3667800
2009-10-16,16.64027418544,16.831176723556176,16.64027418544,16.780269622802734,4825800
2009-10-19,16.805723256228287,16.952081025187596,16.780270311667177,16.875720977783203,10552700
2009-10-20,16.86299195680651,16.964806150768798,16.824811937500883,16.85662841796875,8234700
2009-10-21,16.831170932221344,16.9648015705736,16.691175543028766,16.72935676574707,11709200
2009-10-22,16.69754921487732,16.831181148059294,16.627551477795272,16.754819869995117,5120300
2009-10-23,16.799364647466472,16.799364647466472,16.53846551710258,16.589372634887695,6902900
2009-10-26,16.576635294468733,16.71663069204039,16.436641110617753,16.462095260620117,5801500
2009-10-27,16.481188444357503,16.563913237142522,16.411191943217435,16.474824905395508,6461800
2009-10-28,16.423919053328706,16.583003898283867,16.41119318816029,16.430282592773438,14674900
2009-10-29,16.5830066112954,16.729365615026754,16.50664655290806,16.697547912597656,9849600
2009-10-30,16.678453928921112,16.735724568027017,16.41755489020353,16.4366455078125,8113500
2009-11-02,16.436643104877692,16.621182073622947,16.436643104877692,16.595727920532227,8836600
2009-11-03,16.525736487931415,16.595734221787602,16.404832856006905,16.48755645751953,18182500
2009-11-04,16.513007492079666,16.703908821696345,16.506643952596303,16.55118751525879,8039000
2009-11-05,16.481184773363942,16.646633108361318,16.3984612127256,16.62754249572754,11922000
2009-11-06,16.551189507795694,16.69754729236936,16.51937180654846,16.672094345092773,4572000
2009-11-09,16.805724525298476,16.94571876525879,16.710273851974573,16.94571876525879,5407200
2009-11-10,16.939350128173828,17.02843722825725,16.882079502771425,16.939350128173828,3515400
2009-11-11,17.028444922190307,17.028444922190307,16.90754007907693,16.990264892578125,7192400
2009-11-12,16.97117038871806,17.05389396957479,16.87571972966153,16.888446807861328,4785200
2009-11-13,16.95207790713059,17.03480269261073,16.869354335371302,17.00298500061035,4050000
2009-11-16,17.034800286948723,17.187521545820633,17.034800286948723,17.098434448242188,5216000
2009-11-17,17.08571501740584,17.18116569519043,17.08571501740584,17.18116569519043,4238700
2009-11-18,17.193890208007375,17.193890208007375,17.0538947686916,17.16843605041504,6226300
2009-11-19,17.079348893475466,17.123892455455454,16.958444072586193,17.085712432861328,6202300
2009-11-20,17.015711540123448,17.162069277541264,17.015711540123448,17.111162185668945,5682800
2009-11-23,17.219345156870812,17.327522911792208,17.219345156870812,17.257526397705078,4272100
2009-11-24,17.219342631192525,17.314793291835436,17.193889688090884,17.295703887939453,4566000
2009-11-25,17.33388321277482,17.33388321277482,17.25752317281793,17.263885498046875,4851800
2009-11-27,16.88844503258094,17.187524056511727,16.882081494149965,17.104799270629883,3912500
2009-11-30,17.123887961055537,17.123887961055537,16.977530234757456,17.04116439819336,4728400
2009-12-01,17.181158781401614,17.282972958564113,17.072981066451366,17.276609420776367,5351500
2009-12-02,17.225708697009857,17.30206996495721,17.181165129757723,17.257526397705078,4973400
2009-12-03,17.282978593189572,17.282978593189572,17.098440792064494,17.12389373779297,7580100
2009-12-04,17.263885460805536,17.365700870063343,17.098438303348857,17.21297836303711,8089800
2009-12-07,17.130249738975273,17.251154515710837,17.130249738975273,17.193883895874023,4439600
2009-12-08,17.117526892165287,17.117526892165287,16.92662558804499,16.99662208557129,9975200
2009-12-09,17.009353669202984,17.0411713707999,16.92026653217404,17.028444290161133,6639500
2009-12-10,17.16207247804958,17.18116309620716,17.066621814703748,17.085712432861328,6643700
2009-12-11,17.17480215484196,17.263889292278083,17.142985666820838,17.18116569519043,4554400
2009-12-14,17.25751810504621,17.29569811381287,17.19388394795471,17.24479103088379,4087600
2009-12-15,17.21934061360493,17.21934061360493,17.130253502606006,17.17479705810547,5234500
2009-12-16,17.23843310726585,17.24479664641926,17.08571180874698,17.09207534790039,6109200
2009-12-17,17.009350409596475,17.04753164419587,16.882083268761427,16.888446807861328,10700400
2009-12-18,17.041974871848026,17.041974871848026,16.6758251270411,16.855688095092773,10117500
2009-12-21,16.92634557117488,17.041971655585293,16.87495633646092,16.945615768432617,7650300
2009-12-22,16.926348658328074,17.074092581925346,16.926348658328074,17.06124496459961,4110600
2009-12-23,17.029129331146464,17.112636404044302,17.022705521659496,17.074094772338867,3559100
2009-12-24,17.106209510601758,17.1640225603454,17.086939310831315,17.138328552246094,1568200
2009-12-28,17.221841376541555,17.221841376541555,17.119062859298293,17.170452117919922,8470700
2009-12-29,17.183290910615078,17.24752775719328,17.183290910615078,17.20256233215332,3186000
2009-12-30,17.170452117919922,17.22826518702133,17.14475810121739,17.170452117919922,3142600
2009-12-31,17.215408235569093,17.215408235569093,16.984157309714565,17.003427505493164,5099400
2010-01-04,16.990582604019412,17.202563352651524,16.990582604019412,17.13190269470215,8465900
2010-01-05,17.14475236057496,17.1640225603454,17.048397686074274,17.138328552246094,11805400
2010-01-06,17.11905684363303,17.14475207652278,17.04839740361849,17.12548065185547,9267000
2010-01-07,17.176869892418832,17.176869892418832,17.029125978951175,17.12548065185547,6951500
2010-01-08,17.086936521938817,17.086936521938817,16.97131044132377,17.067665100097656,5437400
2010-01-11,17.061243511754167,17.138327983928242,16.945617416101115,17.112632751464844,6140200
2010-01-12,17.048392887626946,17.208984375,17.048392887626946,17.208984375,6822400
2010-01-13,17.215411424409467,17.369580370490674,17.208988841437538,17.331037521362305,7926700
2010-01-14,17.305343059225684,17.343884682125456,17.260377628306603,17.279647827148438,5258900
2010-01-15,17.305346411051104,17.331040422888854,17.131907236585025,17.196144104003906,11968800
2010-01-19,17.241112332274014,17.32461941577387,17.164027833860153,17.298925399780273,10974200
2010-01-20,17.26680682468341,17.26680682468341,17.04197958397413,17.170452117919922,8670500
2010-01-21,17.157600639084997,17.241108931328718,16.88780801089656,16.926349639892578,9044700
2010-01-22,16.862108801285476,17.01627650615702,16.82999098889324,16.88780403137207,9082400
2010-01-25,17.00985273003709,17.016276537570594,16.836413602280413,16.919921875,6078200
2010-01-26,16.836413175921706,16.96488687290642,16.804295364283515,16.900650024414062,8116700
2010-01-27,16.881380681539675,16.958463923457334,16.81072002210179,16.939193725585938,12558400
2010-01-28,16.964888644810753,17.093362355213955,16.887805398741715,16.894227981567383,14181700
2010-01-29,16.97131431846575,17.067668999252124,16.829994201660156,16.829994201660156,8930500
2010-02-01,16.932767759183054,16.990580795858907,16.86210710875348,16.95846176147461,9016100
2010-02-02,16.990581596096426,17.22183252847562,16.95203875301994,17.20256233215332,7433200
2010-02-03,17.157601986580058,17.157601986580058,17.04840090005113,17.08051872253418,6566900
2010-02-04,17.029125906981747,17.035549715177037,16.70151904031879,16.7336368560791,10827300
2010-02-05,16.701518728211038,16.73363654337115,16.515231969677256,16.688671112060547,13527400
2010-02-08,16.733632970731872,16.810717425961133,16.65654974071846,16.669397354125977,5150900
2010-02-09,16.82356104769856,16.958457280823577,16.727206420435614,16.868526458740234,7456500
2010-02-10,16.881381277161132,16.887805085083595,16.727213562670322,16.849262237548828,6364600
2010-02-11,16.84283814810465,17.016277283463875,16.740059673495345,16.984159469604492,5879800
2010-02-12,16.868533379365008,17.016277283463875,16.823567949875443,16.984159469604492,8895400
2010-02-16,17.022700305889888,17.170444203172185,16.984158685993638,17.157596588134766,7113900
2010-02-17,17.20898838936821,17.298919251206375,17.164021733233024,17.279647827148438,7493600
2010-02-18,17.273221133227633,17.42096624255528,17.234679516767155,17.382423400878906,7539300
2010-02-19,17.376008060911524,17.472363986838864,17.305348600505695,17.420974731445312,4443900
2010-02-22,17.472363986838864,17.478786571698627,17.36958547605176,17.420974731445312,4414400
2010-02-23,17.363160243163424,17.440243507328972,17.234686502598986,17.324617385864258,8464300
2010-02-24,17.331038423861223,17.440240718312616,17.292496797941965,17.43381690979004,4147700
2010-02-25,17.27964757244009,17.47235813453052,17.22825833425919,17.44666290283203,6443300
2010-02-26,17.472365323602904,17.472365323602904,17.318196320410692,17.363162994384766,5805900
2010-03-01,17.427391649982734,17.498052312630527,17.356732212551037,17.485204696655273,4360200
2010-03-02,17.517324475183532,17.587983915594474,17.485205433891153,17.549442291259766,14652000
2010-03-03,17.575135756943947,17.613677377402922,17.51732271364747,17.555864334106445,7569800
2010-03-04,17.613677978515625,17.68433863944858,17.575136356741314,17.613677978515625,5479500
2010-03-05,17.703609892495308,17.735728933567582,17.607255219710765,17.722881317138672,5123200
2010-03-08,17.716452941646747,17.74214816788037,17.63294590681911,17.658639907836914,2690800
2010-03-09,17.6200984012091,17.71002924314384,17.607250788013896,17.632946014404297,4602700
2010-03-10,17.658643265342572,17.658643265342572,17.562288599077842,17.607254028320312,4573000
2010-03-11,17.575140045279056,17.652223305005325,17.49163175115655,17.639375686645508,6084000
2010-03-12,17.66506547939071,17.690760708191657,17.62652386140523,17.652217864990234,14073100
2010-03-15,17.63294929303403,17.799963394762532,17.63294929303403,17.78711700439453,4104900
2010-03-16,17.767846065195265,17.883472158170484,17.767846065195265,17.870624542236328,5360500
2010-03-17,17.915596707368213,17.973409775588095,17.864207449530156,17.947715759277344,3955000
2010-03-18,17.947707875655723,17.97982568824039,17.909165030294908,17.966978073120117,4596000
2010-03-19,17.914081573486328,18.03019752944663,17.830219502889726,17.914081573486328,4385200
2010-03-22,17.843124524078465,18.03020053551725,17.836673499848814,18.004396438598633,3038800
2010-03-23,17.997937193288507,18.172111076709,17.98503515072258,18.14630699157715,5327400
2010-03-24,18.13986857989822,18.13986857989822,17.965694587217822,18.017301559448242,3325600
2010-03-25,18.081800577288277,18.0882515990485,17.96568464641746,17.991487503051758,3843500
2010-03-26,18.03020053551725,18.056003402028804,17.939887426709152,18.004396438598633,3289300
2010-03-29,18.06245083679817,18.133410858815772,18.017294906571266,18.088254928588867,6690800
2010-03-30,18.126961124724712,18.185019104974984,18.06890314447444,18.12051010131836,3458100
2010-03-31,18.09471140259024,18.10761345324966,18.00439950878882,18.017301559448242,4757200
2010-04-01,18.10115057988869,18.165659560554452,18.04954364143737,18.133405685424805,4442600
2010-04-05,18.185012623876123,18.185012623876123,18.10115057988869,18.133405685424805,3603500
2010-04-06,18.08181036973628,18.107613240344474,18.056006268720836,18.075359344482422,3965600
2010-04-07,18.062453883475523,18.062453883475523,17.926986069944828,17.959239959716797,3591200
2010-04-08,17.959233624657237,18.023742611852867,17.90762668098205,17.991487503051758,2570500
2010-04-09,18.023745929518938,18.1011557440774,17.978589999292033,18.088254928588867,3339000
2010-04-12,18.081799239560524,18.14630699157715,18.068897196994598,18.14630699157715,4090000
2010-04-13,18.08180390564119,18.139861881763448,17.991490814780565,18.088254928588867,3045800
2010-04-14,18.081799849100694,18.11405372619629,18.004388821502104,18.11405372619629,3626000
2010-04-15,18.036645211370008,18.081802368164062,17.997940307381814,18.081802368164062,3876300
2010-04-16,18.023749511287594,18.146315280429835,17.939887426709152,18.004396438598633,6525100
2010-04-19,17.965694375981286,18.08181036973628,17.95279232547356,18.075359344482422,4791100
2010-04-20,18.107609589883122,18.172118599009583,18.06890467657005,18.126962661743164,5377800
2010-04-21,18.15921655110289,18.191471670869625,18.088257748430088,18.126962661743164,5605500
2010-04-22,18.03664955680331,18.126962661743164,17.985042595583547,18.126962661743164,2422800
2010-04-23,18.107605227353954,18.107605227353954,17.978588470591077,18.081802368164062,4651200
2010-04-26,18.09470540483156,18.14631235995609,18.036647426515607,18.04309844970703,4452200
2010-04-27,17.95923111208838,17.99793600682815,17.714097241121518,17.726999282836914,8249300
2010-04-28,17.797966972263445,17.91408293706221,17.70765510204527,17.868927001953125,5162100
2010-04-29,17.920535670075452,18.004396524647632,17.836673585096207,17.926986694335938,4095500
2010-04-30,17.91408746120194,18.030203455325395,17.817324542901485,17.823774337768555,7474600
2010-05-03,17.843124609356693,17.97214263375227,17.81732174272182,17.926986694335938,3372800
2010-05-04,17.797963913997823,17.894726791234152,17.714101851428058,17.746356964111328,12393300
2010-05-05,17.675402072524964,17.862478089120216,17.675402072524964,17.810871124267578,9048500
2010-05-06,17.739911617205617,17.785067559002453,16.094938486682132,17.365760803222656,11302200
2010-05-07,17.288348239646492,17.410915235617317,17.114175512159246,17.249643325805664,10845600
2010-05-10,17.81086941557506,17.81086941557506,17.585088504602474,17.752811431884766,8008800
2010-05-11,17.630241019265032,17.868923931494276,17.597987136988504,17.746356964111328,5904600
2010-05-12,17.746360013509207,17.868927001953125,17.70120407840012,17.868927001953125,6882700
2010-05-13,17.856028814437884,17.952791729217566,17.759265899658203,17.759265899658203,3342300
2010-05-14,17.733458213889055,17.79151619709929,17.52703037598909,17.59153938293457,7363700
2010-05-17,17.65605017936697,17.79151800031623,17.559286043937966,17.778615951538086,7124200
2010-05-18,17.868922939714235,17.920529886736386,17.66894494339757,17.675395965576172,8626600
2010-05-19,17.572183420385645,17.720553250662466,17.51412544672832,17.63024139404297,11727400
2010-05-20,17.417361101221953,17.417361101221953,17.069013288602317,17.10771942138672,18459000
2010-05-21,16.849693503399116,17.172237396240234,16.83034042688202,17.172237396240234,11228500
2010-05-24,17.094827123348807,17.172238202645097,16.998064197033965,17.049671173095703,6136100
2010-05-25,16.71421665712811,16.888390573575915,16.630355825360684,16.849685668945312,15939800
2010-05-26,16.8883944269262,17.004510397718406,16.727122518694145,16.74002456665039,7444000
2010-05-27,16.97225188419565,17.08191680908203,16.88839105006219,17.08191680908203,12368000
2010-05-28,17.094823130152328,17.12707702125394,16.97870715353522,16.99806022644043,7409900
2010-06-01,16.939999423596383,17.15932929178606,16.823883466271628,16.959352493286133,10514700
2010-06-02,17.03676445407056,17.249643325805664,16.978706468105806,17.249643325805664,7420600
2010-06-03,17.28834675467784,17.32060187211386,17.17223202312893,17.27544593811035,5494200
2010-06-04,17.127078020365648,17.127078020365648,16.778731300600516,16.81743621826172,9125300
2010-06-07,16.785178414153552,16.92709723278081,16.68841552734375,16.68841552734375,9533900
2010-06-08,16.707767508946873,16.97870433256901,16.67551362320416,16.959352493286133,9553000
2010-06-09,17.088363432982536,17.165774454907837,16.88193568172367,16.927091598510742,8617100
2010-06-10,17.107728898959227,17.230294696123845,17.088375821845545,17.21739387512207,8597800
2010-06-11,17.12062714058641,17.12062714058641,16.933551128005433,17.075469970703125,6023400
2010-06-14,17.198040267855724,17.26900031801111,17.139982268711737,17.172237396240234,5604600
2010-06-15,17.262547979612652,17.35285986900921,17.204489984884233,17.34640884399414,5392500
2010-06-16,17.256095464409057,17.307702429665774,17.204488499152344,17.23029136657715,3648800
2010-06-17,17.307694107191416,17.39800594536208,17.217382269020753,17.38510513305664,6245100
2010-06-18,17.45137968005904,17.470870375351367,17.321435928344727,17.321435928344727,7709400
2010-06-21,17.47736689086745,17.516349518912126,17.223977949723942,17.275955200195312,5379600
2010-06-22,17.26295953258747,17.340926023191766,17.087535858154297,17.087535858154297,7044200
2010-06-23,17.15251808291212,17.243479250073953,17.061558154986365,17.197998046875,6769800
2010-06-24,17.100529773317813,17.14600970794335,16.97708335130902,16.99007797241211,4779800
2010-06-25,17.01606243472338,17.042050430394127,16.801656203691273,16.81464958190918,10611300
2010-06-28,16.82765963930352,17.029071437684863,16.782179675724127,16.957603454589844,7855100
2010-06-29,16.827658186124527,16.879635459903266,16.632743719263253,16.684720993041992,10234200
2010-06-30,16.639241128187518,16.710709105517974,16.522291951710084,16.567771911621094,6563600
2010-07-01,16.58726829566146,16.626250951846945,16.437832508350553,16.600261688232422,9774300
2010-07-02,16.632739342797112,16.645733967631593,16.476807562490233,16.535282135009766,4874600
2010-07-06,16.691216509709093,16.756188404744748,16.502798138029277,16.632741928100586,6910800
2010-07-07,16.65222923519606,16.970591332060675,16.600251977608373,16.951099395751953,6495100
2010-07-08,17.07454622703067,17.21098606651989,17.016071656039404,17.20448875427246,6357800
2010-07-09,17.19799144202503,17.230478003262178,17.133020798021935,17.20448875427246,6894900
2010-07-12,17.13951589411484,17.262962341308594,17.13951589411484,17.262962341308594,3786300
2010-07-13,17.38640468690326,17.451376551111274,17.334427443383895,17.41888999938965,6162300
2010-07-14,17.353919157419387,17.451377579089847,17.31493653229239,17.42538833618164,4597100
2010-07-15,17.444887794753587,17.509859690820146,17.314944002620468,17.477373123168945,4122900
2010-07-16,17.40590200260308,17.47736996002942,17.204489037325864,17.230478286743164,7828300
2010-07-19,17.230477021158645,17.29544890069407,17.19799046177317,17.262962341308594,6491700
2010-07-20,17.113531237794103,17.49036672582604,17.113531237794103,17.470874786376953,7287700
2010-07-21,17.529345181568555,17.53584249316747,17.236973595030403,17.282453536987305,11398300
2010-07-22,17.431893167693104,17.529350392175022,17.40590515280799,17.477373123168945,7042900
2010-07-23,17.451378242043774,17.67877792995262,17.451378242043774,17.639795303344727,10102900
2010-07-26,17.691782408823713,17.73076629638672,17.626810502121415,17.73076629638672,8753200
2010-07-27,17.776241798514512,17.84121244967694,17.711269908116343,17.795732498168945,19712600
2010-07-28,17.76324650036617,17.80872645015305,17.678782674274228,17.698274612426758,7194100
2010-07-29,17.698268208370685,17.698268208370685,17.392902056557517,17.483861923217773,11052600
2010-07-30,17.373418474734557,17.587824862926382,17.334435833036725,17.52935028076172,7389100
2010-08-02,17.711274352605216,17.73076629638672,17.626810502121415,17.73076629638672,7790300
2010-08-03,17.61381489155936,17.64630022119699,17.535848365498797,17.574831008911133,7104100
2010-08-04,17.600812676736833,17.685275240926497,17.56183005012894,17.639795303344727,4452500
2010-08-05,17.581315486441916,17.59431010450386,17.516343635367175,17.561824798583984,18512500
2010-08-06,17.483867580715533,17.607314039153476,17.4123983827932,17.60081672668457,8372000
2010-08-09,17.678779745004245,17.7437516221782,17.620306418706722,17.691774368286133,3650800
2010-08-10,17.600822482982124,17.821726222228307,17.574833224606785,17.73076629638672,7497000
2010-08-11,17.548840665511644,17.548840665511644,17.412399572811076,17.43838882446289,9337600
2010-08-12,17.249963648142902,17.444879240766948,17.243467577033815,17.41888999938965,6401100
2010-08-13,17.340935128613864,17.457884306310618,17.33443781438227,17.412403106689453,4435400
2010-08-16,17.26945784733116,17.425389598369193,17.23697253057818,17.39290428161621,5077000
2010-08-17,17.542332871491066,17.65278464654763,17.431881096434502,17.561824798583984,5242400
2010-08-18,17.529351051724092,17.633305593647584,17.470876466987644,17.574831008911133,5379400
2010-08-19,17.516347262750006,17.522844573126477,17.295444906126168,17.366912841796875,7941200
2010-08-20,17.31493559802034,17.392902083302765,17.30843828764387,17.366912841796875,5856400
2010-08-23,17.425391651854692,17.503358156179328,17.392906331273497,17.405900955200195,4149900
2010-08-24,17.243470668704504,17.41239581100347,17.217481422667458,17.321435928344727,8426800
2010-08-25,17.230477702080336,17.41239748488608,17.21098576567876,17.36042022705078,6542800
2010-08-26,17.373415440831458,17.42539270043044,17.191494412617214,17.230478286743164,7530700
2010-08-27,17.334431719424995,17.360419727977757,17.120025382113656,17.34092903137207,9874400
2010-08-30,17.327935065637,17.392906948340013,17.19149398803711,17.19149398803711,8007800
2010-08-31,17.17850074451834,17.308443271760133,17.133020798021935,17.20448875427246,12423300
2010-09-01,17.392904240228027,17.542338679712792,17.353920373134738,17.50985336303711,9661500
2010-09-02,17.509854198120095,17.62030601501465,17.50335688662801,17.62030601501465,6034900
2010-09-03,17.70477703801138,17.73076629638672,17.61381711216979,17.73076629638672,5839700
2010-09-07,17.685280233065285,17.737257496292887,17.639800282645595,17.659292221069336,6444100
2010-09-08,17.68528164375916,17.76974547776372,17.665790943016418,17.737258911132812,5733200
2010-09-09,17.84770976264033,17.854207075603725,17.730761847006516,17.795732498168945,4962900
2010-09-10,17.802225306382535,17.906179809020227,17.78923068374397,17.880191802978516,4003400
2010-09-13,18.01014057305977,18.01014057305977,17.841214137735737,17.899688720703125,5254000
2010-09-14,17.886694728342963,17.99714657696714,17.84121353483293,17.932174682617188,8514700
2010-09-15,17.899685268800436,18.081606296197798,17.8801945710606,18.055618286132812,6451300
2010-09-16,18.003634584080768,18.075103759765625,17.958154650185044,18.075103759765625,6884700
2010-09-17,18.145126961120514,18.15821426192806,18.02734375,18.02734375,10596900
2010-09-20,18.09932121963391,18.249821422752802,18.0404296187485,18.223648071289062,6337100
2010-09-21,18.24327544982842,18.24981909887951,18.099318914924826,18.190927505493164,13361500
2010-09-22,18.197473471751728,18.269452372405805,18.171300120287988,18.223648071289062,5931300
2010-09-23,18.145128042553093,18.21710695321077,18.079692782689182,18.105867385864258,8952000
2010-09-24,18.262902881957604,18.393773341644092,18.23672953886423,18.34796905517578,4515900
2010-09-27,18.347971821096703,18.347971821096703,18.236732288016004,18.243274688720703,3614000
2010-09-28,18.30216949491613,18.419952697466687,18.177843890511525,18.361061096191406,5660100
2010-09-29,18.354518216305504,18.38069281711424,18.269453259824417,18.308713912963867,5319700
2010-09-30,18.387232465691834,18.465753754882098,18.171297048308528,18.243274688720703,8376000
2010-10-01,18.262911767263322,18.334890679917525,18.19747650558439,18.275999069213867,5417900
2010-10-04,18.249821422752802,18.33488762317555,18.164756470403653,18.223648071289062,6300800
2010-10-05,18.341424194446013,18.426489113965555,18.321793252369293,18.39377212524414,5418200
2010-10-06,18.465757832931086,18.478845133377508,18.380692876176663,18.472301483154297,4637500
2010-10-07,18.537734659910875,18.537734659910875,18.347973816997644,18.406864166259766,4440400
2010-10-08,18.40686694235398,18.478845849525186,18.367606287566826,18.446128845214844,4196400
2010-10-11,18.459213719935956,18.485388320172607,18.419953067654614,18.465757369995117,3051600
2010-10-12,18.439577747266203,18.56390455996443,18.41340315593049,18.51155662536621,5882500
2010-10-13,18.603164853346826,18.760208654224446,18.55081691972095,18.66860008239746,8258800
2010-10-14,18.694785347230674,18.727503606657706,18.59663306509754,18.675155639648438,3697300
2010-10-15,18.747128247413247,18.786388900040645,18.655519641924776,18.72095489501953,6477400
2010-10-18,18.714414544087088,18.799479514454916,18.714414544087088,18.786392211914062,4001300
2010-10-19,18.694784075550686,18.707871378431257,18.505023176077977,18.557371139526367,5782300
2010-10-20,18.668606942158455,18.786388900040645,18.60971533918054,18.72095489501953,4201000
2010-10-21,18.74713155236536,18.891089384167035,18.701327241546235,18.786392211914062,6328400
2010-10-22,18.838732036769173,18.858361732727232,18.786382852685705,18.851818084716797,4073800
2010-10-25,18.904168618392035,18.976147508324342,18.87145162191739,18.897624969482422,5217900
2010-10-26,18.792926788330078,18.812557732661837,18.714405507149557,18.792926788330078,3878600
2010-10-27,18.720949220218717,18.734035268412036,18.57044780929953,18.694774627685547,8714300
2010-10-28,18.773299242300226,18.80601623852719,18.675147005545927,18.760211944580078,6699200
2010-10-29,18.720953364312848,18.82564926147461,18.720953364312848,18.82564926147461,6420600
2010-11-01,18.89762581302915,18.91071311143256,18.68823403086848,18.74712562561035,7641400
2010-11-02,18.8387420282501,18.884546340543068,18.832198376769117,18.85837173461914,3161300
2010-11-03,18.91070603281313,18.923793326317732,18.760205901729254,18.91724967956543,8907700
2010-11-04,19.06775964260157,19.15282584617134,19.015411689663885,19.146282196044922,9502100
2010-11-05,19.100477988599444,19.12665134116214,18.989238432042253,19.04813003540039,6005300
2010-11-08,19.00232532498914,19.02195502697193,18.930346422855905,19.015411376953125,8569600
2010-11-09,19.021945531456215,19.021945531456215,18.86490175362004,18.91724967956543,6868900
2010-11-10,18.917263349874073,18.917263349874073,18.76021945855222,18.85837173461914,8337200
2010-11-11,18.75366960383545,18.87799644470215,18.74712595451894,18.87799644470215,6433600
2010-11-12,18.779849808717497,18.838741422077483,18.720958195357515,18.786392211914062,8355900
2010-11-15,18.8321886769936,18.89108026191562,18.779840740182166,18.792926788330078,4375700
2010-11-16,18.75367111448174,18.799475415313445,18.52464836224962,18.583539962768555,6359000
2010-11-17,18.616260585988687,18.662064892661494,18.557368977959715,18.590085983276367,9451600
2010-11-18,18.714412530528037,18.87800005046609,18.707868879961666,18.8387393951416,5221500
2010-11-19,18.832188388758738,18.864905380737664,18.747122212696347,18.851818084716797,3591300
2010-11-22,18.77329680473808,18.858361732727232,18.68823062867569,18.851818084716797,4960900
2010-11-23,18.734035091135073,18.734035091135073,18.59007857778468,18.62933921813965,5971800
2010-11-24,18.727495874685673,18.786386221192465,18.701321277950683,18.773300170898438,4284000
2010-11-26,18.69478158557046,18.734042240909105,18.629346327956895,18.648977279663086,2125500
2010-11-29,18.563912571375038,18.662064835095972,18.465759059580353,18.616260528564453,4896900
2010-11-30,18.505017522501507,18.622799468220713,18.47884292473712,18.531190872192383,9234200
2010-12-01,18.675151416468353,18.86491228593688,18.675151416468353,18.832195281982422,6465600
2010-12-02,18.812560788460857,18.85836508460188,18.77984379066683,18.845277786254883,9095500
2010-12-03,18.77329680473808,18.884536324768963,18.77329680473808,18.851818084716797,5143900
2010-12-06,18.819111854896757,18.86491616909084,18.8060245513916,18.8060245513916,4836500
2010-12-07,18.91071128845215,18.97614652608781,18.88453794224189,18.91071128845215,8562400
2010-12-08,18.930340966819315,18.98923255194141,18.891080326095672,18.982688903808594,4773600
2010-12-09,19.048127200103544,19.06775689958529,18.982691956326292,19.0350399017334,3764700
2010-12-10,19.067747116088867,19.133182326291873,19.04157378085136,19.067747116088867,3169500
2010-12-13,19.139725972119457,19.139725972119457,19.048117426678942,19.067747116088867,6420400
2010-12-14,19.100473111995047,19.198625343174495,19.09392946350664,19.159364700317383,4649200
2010-12-15,19.133188936552628,19.22479751364268,19.126645288464303,19.178993225097656,4278400
2010-12-16,19.211715826318727,19.35567237271817,19.12664962993496,19.34912872314453,7167000
2010-12-17,19.346485925491717,19.399291023622748,19.300281621998668,19.37948989868164,8089800
2010-12-20,19.432295288309927,19.432295288309927,19.32668509046364,19.35968780517578,5229100
2010-12-21,19.419096311297253,19.43889869817228,19.293683712368136,19.313486099243164,3154200
2010-12-22,19.320083070961783,19.399290084838867,19.306881482324673,19.399290084838867,2306300
2010-12-23,19.353088223572474,19.4190949161072,19.33988663327094,19.405893325805664,2979100
2010-12-27,19.36629120527021,19.36629120527021,19.313486099243164,19.313486099243164,1507700
2010-12-28,19.34648865943026,19.37289184171335,19.293683553837102,19.366291046142578,1965800
2010-12-29,19.386093971268938,19.405895099558172,19.34648919674435,19.372892379760742,2494600
2010-12-30,19.33988380432129,19.35968618687699,19.30688109236788,19.33988380432129,3825000
2010-12-31,19.333286714220915,19.386091815408363,19.293681944100634,19.346487045288086,3625100
2011-01-03,19.425697486820468,19.432298282574564,19.33988840099025,19.372892379760742,5257200
2011-01-04,19.359687126224294,19.372888715235312,19.254076932081798,19.320083618164062,5187300
2011-01-05,19.280477486166163,19.386088931804704,19.267277157062487,19.326683044433594,4492000
2011-01-06,19.326687850166145,19.339888182552187,19.207876045880443,19.26068115234375,5437600
2011-01-07,19.254083134410845,19.260683931042674,19.108869385430324,19.16167449951172,5449800
2011-01-10,19.128665232666425,19.194671921779218,19.095662517596466,19.174869537353516,4478600
2011-01-11,19.227679947883537,19.234280744515363,19.122069719720752,19.16167449951172,3442100
2011-01-12,19.254076932081798,19.353086331718785,19.201271835010548,19.320083618164062,4488000
2011-01-13,19.287080322041632,19.386090984123786,19.287080322041632,19.35968780517578,4779000
2011-01-14,19.33328588520064,19.379490189386782,19.313483500989637,19.35968780517578,4092500
2011-01-18,19.372892379760742,19.445498615109702,19.353089992498447,19.372892379760742,3321500
2011-01-19,19.386091385416602,19.412493305938263,19.280479926411285,19.33328628540039,5164100
2011-01-20,19.32667706221043,19.478491501179523,19.32667706221043,19.432287216186523,15486400
2011-01-21,19.491702787446002,19.531306300157173,19.412494503050695,19.465299606323242,4508200
2011-01-24,19.452094992584442,19.51810167615984,19.41909228028313,19.498300552368164,4953300
2011-01-25,19.485095445647293,19.58410482364696,19.458692273395357,19.564302444458008,9109700
2011-01-26,19.603909258506576,19.617109587044187,19.49169828261447,19.511499404907227,6028600
2011-01-27,19.405894720047232,19.43229790254727,19.26728178884113,19.313486099243164,15259800
2011-01-28,19.333288721366934,19.379493032331187,19.089064316161977,19.1286678314209,9732300
2011-01-31,19.115463408785047,19.148467382423412,19.009853211088004,19.062658309936523,6825400
2011-02-01,19.141867069406377,19.254078064654916,19.135266274512595,19.20127296447754,11645900
2011-02-02,19.141869422831554,19.181472938090476,19.06926192904599,19.1286678314209,8204900
2011-02-03,19.082462669479252,19.247478777834466,19.082462669479252,19.227676391601562,3302700
2011-02-04,19.247475203673545,19.353085392691753,19.19467010916444,19.33988380432129,4630900
2011-02-07,19.339887863859488,19.412495356164964,19.320086736120192,19.366291046142578,5262200
2011-02-08,19.372892353313695,19.471901771543884,19.33988837458826,19.45870018005371,3620200
2011-02-09,19.43229523260877,19.51150225128001,19.42569443789069,19.491701126098633,2587200
2011-02-10,19.45209680106296,19.498302365142454,19.333286270348655,19.41909408569336,5789200
2011-02-11,19.31347792275959,19.537899843107333,19.2870747514375,19.52469825744629,6764600
2011-02-14,19.47190080466147,19.51810511360973,19.399293314043916,19.43889808654785,5829000
2011-02-15,19.386082931193528,19.452088333199328,19.35307897121828,19.432287216186523,5229700
2011-02-16,19.43889739253045,19.498303290192418,19.419095006985476,19.4851016998291,4122200
2011-02-17,19.425696984722947,19.617115020751953,19.425696984722947,19.617115020751953,6706400
2011-02-18,19.650113123748106,19.68311583282548,19.55770327218069,19.66991424560547,5524400
2011-02-22,19.518105629275553,19.650119023163793,19.47190131910658,19.531307220458984,16824200
2011-02-23,19.531306007127757,19.584111109608067,19.46529931428413,19.4851016998291,7403100
2011-02-24,19.45209763288809,19.537906710875117,19.32008550679158,19.405893325805664,7415600
2011-02-25,19.438898356192137,19.50490379333496,19.405894378647716,19.50490379333496,4049200
2011-02-28,19.544508787279653,19.650118998669388,19.504904013778734,19.617115020751953,5388400
2011-03-01,19.69632240525551,19.729325122685992,19.452098015761862,19.465299606323242,6715400
2011-03-02,19.47188907934272,19.49829224511291,19.372879725648986,19.41248321533203,4991200
2011-03-03,19.51150237632514,19.65671734310784,19.485100456256475,19.610511779785156,9047000
2011-03-04,19.59730571960953,19.656711596111727,19.41908809010294,19.52469825744629,14030900
2011-03-07,19.597311616162557,19.597311616162557,19.41909393303279,19.471899032592773,14737500
2011-03-08,19.478506115803278,19.669924191390326,19.478506115803278,19.643522262573242,5786400
2011-03-09,19.610509829228135,19.775525904905813,19.59730949999321,19.742523193359375,14802600
2011-03-10,19.610511779785156,19.735924362286703,19.58410985971649,19.610511779785156,8262700
2011-03-11,19.53130203651311,19.67651572406952,19.51149965499386,19.62371063232422,7341500
2011-03-14,19.5247052119461,19.57751031442641,19.40589341662216,19.4851016998291,5810700
2011-03-15,19.18807350031405,19.37949279652023,19.148469985537027,19.313486099243164,12900900
2011-03-16,19.240870611577037,19.247471404459354,18.957042812499935,19.036251068115234,12979600
2011-03-17,19.21447691661712,19.25408043187604,19.06926192904599,19.1286678314209,7932800
2011-03-18,19.264084670796844,19.35038083897869,19.184425598050677,19.283998489379883,7203500
2011-03-21,19.396849574444552,19.556166465877627,19.383574116428708,19.52297592163086,5906100
2011-03-22,19.483148903221647,19.54953126428573,19.463233815060956,19.49642562866211,5466800
2011-03-23,19.449958218442575,19.562807858959527,19.410129305947855,19.529617309570312,5380700
2011-03-24,19.609268449919433,19.742031859784312,19.589353368677695,19.70884132385254,5221000
2011-03-25,19.722116778542574,19.761946941026046,19.695564603024714,19.70884132385254,4569200
2011-03-28,19.728757837108184,19.828331990797075,19.702205657958984,19.702205657958984,6117000
2011-03-29,19.702206689000253,19.80177958176196,19.675653242323516,19.795141220092773,3786100
2011-03-30,19.854886567334287,19.941184008799624,19.854886567334287,19.90135383605957,10207700
2011-03-31,19.874808940418053,19.927914590736837,19.86153221130371,19.86153221130371,4585100
2011-04-01,19.888075100104025,20.00756307396157,19.888075100104025,19.961095809936523,5194200
2011-04-04,20.007555793728717,20.01419415276505,19.954450187575564,20.000917434692383,2603500
2011-04-05,19.987652958589283,20.09386422921945,19.98101459590762,20.020843505859375,4440800
2011-04-06,20.087224977231624,20.14696897258337,20.06067152768055,20.11377716064453,6281100
2011-04-07,20.11377400822392,20.14032745361328,20.027477842984414,20.14032745361328,4327400
2011-04-08,20.20007346368545,20.20007346368545,20.020841487761768,20.080585479736328,7281700
2011-04-11,20.087219497281296,20.26645143444066,20.087219497281296,20.186792373657227,6793100
2011-04-12,20.08723186141049,20.28637773674098,20.08723186141049,20.25318717956543,9857400
2011-04-13,20.23326479265349,20.306285511486262,20.219988068113324,20.266456604003906,5309100
2011-04-14,20.18679855274558,20.42577454210754,20.18679855274558,20.385944366455078,6516300
2011-04-15,20.392583268074432,20.512071265913686,20.359392720291634,20.47224235534668,8840800
2011-04-18,20.319561353037475,20.40585752652226,20.273094085304276,20.359390258789062,10006400
2011-04-19,20.346121491850447,20.40586550691175,20.28637747678915,20.399227142333984,7268600
2011-04-20,20.52535103490908,20.571818315150296,20.492160482204902,20.505435943603516,6796700
2011-04-21,20.565175334235278,20.59172878334777,20.48551751917409,20.512069702148438,5639600
2011-04-25,20.485520662048607,20.498796122503425,20.38594647873831,20.458967208862305,6384000
2011-04-26,20.465608659403483,20.62492560413931,20.45233193080753,20.598373413085938,6700000
2011-04-27,20.638197959124142,20.75768595888896,20.624921233341773,20.73113250732422,7150800
2011-04-28,20.71785587164371,20.87717404944851,20.651474774719684,20.8638973236084,5723200
2011-04-29,20.89708584837659,20.95682984273316,20.863895303128782,20.92363929748535,16050400
2011-05-02,20.97674494693348,21.02985057905683,20.910362590244755,20.950191497802734,7724700
2011-05-03,20.90372869723045,21.023216711589352,20.897090333528464,21.0033016204834,10287600
2011-05-04,20.990022330450927,21.04976506059436,20.943553793013308,20.97674560546875,11416400
2011-05-05,20.956830401993876,20.983383851811247,20.764322955370616,20.817428588867188,17000000
2011-05-06,21.036490165157932,21.049765624357477,20.817429261637763,20.870534896850586,10133100
2011-05-09,20.837340758636504,20.970105464924806,20.837340758636504,20.943552017211914,5193200
2011-05-10,20.976744721571016,21.08959434688801,20.970106359359647,21.069679260253906,7614800
2011-05-11,21.069680823537368,21.14270154714212,20.97010791525521,21.02985191345215,7044700
2011-05-12,21.036490023393497,21.355122566384956,21.036490023393497,21.341848373413086,10342400
2011-05-13,21.288748435959402,21.414873568658987,21.255557878120275,21.3153018951416,6644100
2011-05-16,21.288735579148845,21.394946819456724,21.24226831978138,21.32192611694336,11341900
2011-05-17,21.295378577236416,21.42150365373208,21.25554840621226,21.368396759033203,13613600
2011-05-18,21.36839346238883,21.42813744356991,21.282098570230612,21.401586532592773,10312100
2011-05-19,21.454697014924356,21.527717738588766,21.3883159201075,21.52107810974121,11084300
2011-05-20,21.481250105665634,21.547631199369725,21.401592286765446,21.454696655273438,12311500
2011-05-23,21.28210196259826,21.36839686851189,21.262185610846085,21.308652877807617,7600000
2011-05-24,21.348484151871627,21.348484151871627,21.268826337576282,21.288740158081055,7352200
2011-05-25,21.189170496488565,21.21572268326687,21.063044127411246,21.149341583251953,23021800
2011-05-26,21.129423816496374,21.22235835765324,21.029850912951424,21.18252944946289,8423200
2011-05-27,21.242270178188267,21.3418443325589,21.235631816821027,21.268823623657227,4347200
2011-05-31,21.38167926041688,21.461339623990842,21.32193525387481,21.448062896728516,7570100
2011-06-01,21.421501134386858,21.45469167353212,21.209078645126212,21.228992462158203,14211100
2011-06-02,21.19580377922576,21.228994321277664,20.910360559482484,20.983381271362305,11745700
2011-06-03,20.78423500061035,20.890446258527884,20.74440609542579,20.78423500061035,9226700
2011-06-06,20.731128010114556,20.7709581788213,20.67138402319243,20.678022384643555,6439100
2011-06-07,20.711212715499343,20.770956698162617,20.631553649902344,20.631553649902344,13196900
2011-06-08,20.60499799602774,20.678017422190425,20.55189111716371,20.644826889038086,8355300
2011-06-09,20.697938809501515,20.857255696232706,20.638194818710062,20.75768280029297,5887500
2011-06-10,20.664747441479,20.72449143354654,20.50543055134493,20.518707275390625,10787000
2011-06-13,20.498793209794297,20.69794028197941,20.492156113579135,20.611642837524414,10001000
2011-06-14,20.757684281724817,20.897086092761644,20.704578649024384,20.830703735351562,10591800
2011-06-15,20.69793925159324,20.744406519615083,20.445686559277387,20.518707275390625,24775100
2011-06-16,20.5319871285519,20.72449459200064,20.518710402482807,20.68466567993164,10211000
2011-06-17,20.836403775095906,20.929990037650985,20.79629555900333,20.816349029541016,13061200
2011-06-20,20.802977556997313,21.010204798602985,20.76286807151207,20.970096588134766,8469200
2011-06-21,21.02358507961756,21.036953639742208,20.916628948514436,20.95005226135254,12758400
2011-06-22,20.89656673674337,20.916621482298257,20.802980474188292,20.816349029541016,9302800
2011-06-23,20.689340056871302,20.689340056871302,20.442003288033675,20.62917709350586,18618400
2011-06-24,20.64254279643448,20.662597539790468,20.43531554849084,20.462055206298828,8765000
2011-06-27,20.502166939229937,20.615807954397532,20.47542727682943,20.555644989013672,5039000
2011-06-28,20.609124455532424,20.62917920371143,20.548961486012775,20.595754623413086,19095900
2011-06-29,20.662605465499443,20.749508111692226,20.662605465499443,20.716083526611328,9806900
2011-06-30,20.71608974010204,20.889893809600064,20.71608974010204,20.876523971557617,10175700
2011-07-01,20.836410551709733,21.06369264184849,20.802987239931877,21.03695297241211,8450300
2011-07-05,21.023582166478093,21.10379861618139,20.99015758325382,21.03026580810547,7251600
2011-07-06,21.030264613177884,21.190700053503587,21.003526223135207,21.143905639648438,8706200
2011-07-07,21.324398883773174,21.33776871901803,21.25086733996182,21.29097557067871,7479900
2011-07-08,21.15058795737205,21.217435836791992,21.103794824283266,21.217435836791992,5743600
2011-07-11,21.090426667077757,21.110481415000407,21.003525309447642,21.063688278198242,8308600
2011-07-12,21.016896179577365,21.150590680613817,20.970103040463737,20.996841430664062,5628600
2011-07-13,21.097112625195752,21.10379754150019,20.943363375245998,20.996841430664062,5897100
2011-07-14,20.95673160662986,21.057002793500203,20.85646041975951,20.90325355529785,6827100
2011-07-15,20.9701057850993,20.9767894272611,20.81635524000876,20.963420867919922,10520300
2011-07-18,20.88320524065664,20.90994491206803,20.716086119388564,20.829727172851562,5921500
2011-07-19,20.90994299944979,21.157278562293012,20.883203330484257,21.117170333862305,8400700
2011-07-20,21.1706492413391,21.1706492413391,20.990160293674258,21.08374786376953,3812600
2011-07-21,21.170644114665834,21.297654966526906,21.123850978458425,21.257545471191406,6894500
2011-07-22,21.270913885324493,21.28428371621193,21.17064270370321,21.217435836791992,8006300
2011-07-25,21.05031703088052,21.11716491111066,20.996838981699867,21.023578643798828,5910100
2011-07-26,21.023574627098068,21.05699792331875,20.950041845392143,20.970096588134766,5398600
2011-07-27,20.929995218536458,20.94336505221587,20.70939806289619,20.742822647094727,7625400
2011-07-28,20.776245956275748,20.903256826195147,20.70939806289619,20.742822647094727,6844200
2011-07-29,20.5823848423492,20.789612127806382,20.56901501102492,20.60912322998047,12659700
2011-08-01,20.802980728741257,20.802980728741257,20.34841669073918,20.53558921813965,11186600
2011-08-02,20.3551063791805,20.462062498494955,20.248150259866048,20.268203735351562,12283100
2011-08-03,20.248149896122946,20.348421096801758,20.107769195158614,20.348421096801758,13508500
2011-08-04,20.18798438168926,20.281570653883566,19.68662716633291,19.71336555480957,18917200
2011-08-05,19.907227809225247,20.141193531070726,19.532880104237368,19.994129180908203,24268500
2011-08-08,19.68662967829764,19.92059538863684,19.185272398969353,19.238750457763672,25886700
2011-08-09,19.41923153629749,19.706676483154297,18.76412521905277,19.706676483154297,28746500
2011-08-10,19.452660710284558,19.479399099447736,18.92456381787512,18.951303482055664,22101900
2011-08-11,19.05157969825732,19.753479492922878,19.01815638423237,19.512828826904297,20124800
2011-08-12,19.713369161465565,19.840380036264612,19.52619530781526,19.746793746948242,12733300
2011-08-15,19.887176011741527,20.034240383746337,19.740111639736718,20.027555465698242,23864000
2011-08-16,19.94064885909535,20.161245996841945,19.900540636327992,20.074344635009766,13192800
2011-08-17,20.15456217914944,20.321681270643246,20.074345729242204,20.208040237426758,12507900
2011-08-18,19.88048255073813,20.01417830421334,19.606407403629436,19.84705924987793,17609500
2011-08-19,19.659885113690393,20.094394392525775,19.659885113690393,19.75347137451172,14881200
2011-08-22,20.007501293456713,20.060979360971082,19.753479516500175,19.813642501831055,8849500
2011-08-23,19.853747375019392,20.22809376025044,19.800269319986384,20.22140884399414,12722300
2011-08-24,20.174620743636854,20.3216851129512,20.107772839396617,20.30831527709961,12641800
2011-08-25,20.328369667619302,20.348424421038324,19.940653359975485,20.000816345214844,13771600
2011-08-26,19.960705188812554,20.234780403627326,19.619782080746436,20.167932510375977,9421300
2011-08-29,20.294943962657644,20.548964434283906,20.288259045638856,20.52890968322754,13124600
2011-08-30,20.47543053260242,20.689344040768763,20.37515933269108,20.582387924194336,10714600
2011-08-31,20.69602791387597,20.782930556450527,20.54896357069575,20.649234771728516,8987800
2011-09-01,20.655917201047114,20.816351358383287,20.54896109615633,20.575700759887695,11725100
2011-09-02,20.341733401763893,20.455374420349845,20.26151568716668,20.281570434570312,10867700
2011-09-06,19.86711305152963,20.241460657492905,19.80695008896472,20.201351165771484,11784300
2011-09-07,20.39521685378631,20.562335968017578,20.36179226592946,20.562335968017578,8986300
2011-09-08,20.4821161521322,20.71608314329916,20.4420079257948,20.50885581970215,6404100
2011-09-09,20.348422661794153,20.348422661794153,19.96070638767075,20.054292678833008,12023400
2011-09-12,19.77352977671104,20.107767941479665,19.760159944116115,20.074344635009766,10435500
2011-09-13,20.087706159511832,20.187978593849124,19.933956963552866,20.147869110107422,8857000
2011-09-14,20.181301510844502,20.57570266222534,20.081030312615933,20.38852882385254,12343400
2011-09-15,20.48879642064741,20.635862008881713,20.401895070795792,20.62917709350586,9792100
2011-09-16,20.722760100118226,20.817015256100284,20.66216713294971,20.763154983520508,12832500
2011-09-19,20.5275189011468,20.64197215813324,20.453460533646634,20.588111877441406,6738300
2011-09-20,20.628511428833008,20.850685297412923,20.57465113596911,20.628511428833008,7135800
2011-09-21,20.675630376933043,20.702561154166457,20.20435333251953,20.20435333251953,12112100
2011-09-22,19.739809454884043,19.91485567008778,19.63882159953234,19.820600509643555,19977700
2011-09-23,19.719617287152825,19.914860348818504,19.68595380470664,19.861000061035156,13093900
2011-09-26,19.961984197679836,20.2447509765625,19.881194423216396,20.2447509765625,12087800
2011-09-27,20.5005876113245,20.567911993208043,20.258215727326885,20.365936279296875,15290000
2011-09-28,20.406331059744815,20.439994534642803,19.955250769153874,19.982181549072266,12298000
2011-09-29,20.231291399730296,20.359210077541217,19.941793126561315,20.177431106567383,8661200
2011-09-30,20.042772112125046,20.25821318907131,19.948515677863472,19.968713760375977,14873200
2011-10-03,19.847524133343278,20.083163248871323,19.679210662841797,19.679210662841797,17137600
2011-10-04,19.49069601336263,19.874450434321073,19.32238258072264,19.867717742919922,15177200
2011-10-05,19.834064166344337,19.914855219274983,19.753274397543915,19.894657135009766,9942200
2011-10-06,19.935051803123493,20.143760188301357,19.82059856916206,20.130294799804688,9943700
2011-10-07,20.224554175011797,20.38613500806899,20.12356503073703,20.2447509765625,10812600
2011-10-10,20.406332594180743,20.561182022094727,20.399599898694884,20.561182022094727,5672200
2011-10-11,20.487129804045377,20.567919605859867,20.43326950812547,20.52079200744629,5435700
2011-10-12,20.608308339947705,20.803551360518075,20.601575644875584,20.68236541748047,7715400
2011-10-13,20.64870736649889,20.689102260900864,20.500591897604618,20.621776580810547,4139700
2011-10-14,20.7766249241756,20.817019816427077,20.668904355418007,20.783357620239258,4205100
2011-10-17,20.709297258173052,20.82375051199903,20.561181811393105,20.641971588134766,5765900
2011-10-18,20.621773458807898,20.958400524165803,20.466925316934542,20.79681968688965,14981300
2011-10-19,20.810281573655683,20.918002113701778,20.69582833934044,20.736223220825195,7398600
2011-10-20,20.783356914841026,20.938205066658128,20.722763936455127,20.85068130493164,6276700
2011-10-21,21.059393787221225,21.18731117248535,20.985335407445763,21.18731117248535,13734900
2011-10-24,21.194034581945512,21.194034581945512,20.99205890541198,21.039186477661133,9755200
2011-10-25,20.99206760528324,21.018997107387587,20.76989375536747,20.790090560913086,13392900
2011-10-26,20.992063767684783,21.0189932648661,20.709296984564148,20.998796463012695,5286200
2011-10-27,21.254637252185272,21.328695633342775,21.05266148337652,21.268102645874023,21683000
2011-10-28,21.173846133423993,21.261368618663163,21.099787756900476,21.21424102783203,11994500
2011-10-31,21.079587631644117,21.16037869678747,20.897809982299805,20.897809982299805,8271600
2011-11-01,20.554450254117047,20.73622790391635,20.507321383589385,20.534252166748047,18721200
2011-11-02,20.72949981689453,20.763162017111252,20.601581144635873,20.72949981689453,4854400
2011-11-03,20.89107351875705,20.998794063433508,20.796817079067512,20.985328674316406,5172100
2011-11-04,20.823754198106613,20.904543989149246,20.729499013846684,20.86414909362793,4886300
2011-11-07,20.870872985839846,21.039186477661133,20.756419760036167,21.039186477661133,4930100
2011-11-08,21.07958079973084,21.261359674290855,20.971860270538983,21.247894287109375,5827200
2011-11-09,20.985330199677968,20.985330199677968,20.668901237206864,20.749691009521484,6187700
2011-11-10,20.93147160622553,21.005529973576472,20.74969267770797,20.951669692993164,4501200
2011-11-11,21.07285244976061,21.220969171027328,21.07285244976061,21.19403839111328,3135400
2011-11-14,21.126715606341598,21.126715606341598,20.96513475721462,21.01226234436035,2725900
2011-11-15,20.998797474594447,21.173843709161712,20.965133996333204,21.113250732421875,6358400
2011-11-16,20.96513281781021,21.207504711145,20.897808433333054,20.92473793029785,7333200
2011-11-17,20.837217197391773,21.025727544254185,20.71603124061998,20.85068130493164,6726800
2011-11-18,20.904535540365366,20.971861195110918,20.81701308808719,20.91126823425293,8138700
2011-11-21,20.695830027212963,20.75642299644689,20.500587014004946,20.574644088745117,21788100
2011-11-22,20.527519145416697,20.74969296643059,20.527519145416697,20.594844818115234,5769000
2011-11-23,20.453455163032434,20.514048123416703,20.325537832559018,20.372665405273438,5091300
2011-11-25,20.39286747560119,20.581377803331293,20.352471304690194,20.446727752685547,3223600
2011-11-28,20.71602384617139,20.79681359909493,20.65543088941375,20.76988410949707,6760300
2011-11-29,20.830480551860273,21.052654335771738,20.810282468184617,20.985328674316406,4812400
2011-11-30,21.308494999346674,21.497006636095836,21.28829819535494,21.476808547973633,7078000
2011-12-01,21.51720283806826,21.61145801174049,21.382552773412286,21.443145751953125,11693700
2011-12-02,21.550861022201058,21.577791800598217,21.369083404541016,21.369083404541016,5688600
2011-12-05,21.604724108250924,21.604724108250924,21.369084917117227,21.49700355529785,7178500
2011-12-06,21.476807731629833,21.618191774850246,21.429680145266502,21.523935317993164,5993000
2011-12-07,21.4970033494618,21.651851482332866,21.389282797540165,21.57779312133789,5951300
2011-12-08,21.496997328904534,21.517194124152002,21.295020387520445,21.328683853149414,5215300
2011-12-09,21.429680499600558,21.584529936951007,21.38928560835413,21.550865173339844,3885100
2011-12-12,21.402752118975933,21.490274601940175,21.23443856516504,21.355623245239258,5890500
2011-12-13,21.476806190675294,21.537399164260737,21.1199823285947,21.30849266052246,6460700
2011-12-14,21.261366215965595,21.382552169625303,21.173843740617137,21.200773239135742,5653200
2011-12-15,21.281562035402327,21.463339662393093,21.274829340457448,21.41621208190918,7244100
2011-12-16,21.589446392284092,21.589446392284092,21.351676904878293,21.392436981201172,9366600
2011-12-19,21.41961472102628,21.58265634863598,21.263365360794772,21.304126739501953,4628900
2011-12-20,21.528307588721187,21.779664223017896,21.4875462129501,21.745695114135742,6064300
2011-12-21,21.643797596312293,22.01064223829575,21.643797596312293,21.976673126220703,8074800
2011-12-22,22.03780835980697,22.03780835980697,21.89514745428113,21.96987533569336,4135700
2011-12-23,21.976665770622894,22.153295764969137,21.95628638338238,22.126121520996094,5227700
2011-12-27,22.132922671787554,22.228029961260837,22.112540687272364,22.166889190673828,3918400
2011-12-28,22.194059272670753,22.194059272670753,22.024224098837106,22.05819320678711,3647100
2011-12-29,22.064983048807875,22.200851691240246,22.064983048807875,22.173677444458008,2933300
2011-12-30,22.119334801583648,22.153301319326893,22.051399174617966,22.071781158447266,2935100
2012-01-03,22.20764344443171,22.268784202540623,22.04460315046044,22.051395416259766,20757900
2012-01-04,22.010636257306878,22.044602768672735,21.935908377414773,22.003841400146484,6855200
2012-01-05,21.96308370029684,22.01063733683709,21.854386712229037,21.99025535583496,4563000
2012-01-06,22.02421110709843,22.02421110709843,21.806822420143888,21.847583770751953,6365900
2012-01-09,21.901943260597122,21.90873552671129,21.820420518353874,21.881561279296875,3304900
2012-01-10,22.037811357049666,22.037811357049666,21.935911807020446,21.95629119873047,5053600
2012-01-11,21.86117935180664,21.929112370978075,21.806830863286642,21.86117935180664,5384000
2012-01-12,21.91552421960222,21.956285584077893,21.79324530913209,21.85438346862793,4733100
2012-01-13,21.800048367770128,21.861189149016415,21.69814749760627,21.834014892578125,5589000
2012-01-17,22.0174256412918,22.024217906084502,21.915523529052734,21.915523529052734,6746500
2012-01-18,21.90873287162087,21.983460747214906,21.86117924014804,21.96308135986328,5147100
2012-01-19,21.983462011622713,22.051395034354428,21.88835474320683,22.003841400146484,5962200
2012-01-20,21.969874009082442,22.044601885982363,21.90194098907084,22.010635375976562,11017800
2012-01-23,21.949496576788363,22.01063733683709,21.881560959245988,21.99025535583496,21798800
2012-01-24,21.88155854229578,21.92231990831887,21.847592033015815,21.867971420288086,5885300
2012-01-25,21.80003668187114,22.146499195559226,21.786449560935367,22.119327545166016,7762100
2012-01-26,22.18047095580901,22.221229732029997,21.97666670878948,22.03780746459961,6762500
2012-01-27,21.94270498045627,22.010640608095354,21.806836316657318,21.88835906982422,5682200
2012-01-30,21.793251348274925,21.82042300730982,21.66417495407273,21.745695114135742,9643100
2012-01-31,21.847596172491105,21.854388439042616,21.630207362136293,21.759281158447266,5873600
2012-02-01,21.847590515212264,22.0174256412918,21.847590515212264,21.915523529052734,9539000
2012-02-02,21.949491890580205,22.01742490214008,21.922317649364942,21.997045516967773,5452400
2012-02-03,22.06498146057129,22.180470705343474,22.017427827864687,22.06498146057129,6662400
2012-02-06,22.017428904305646,22.09894905129128,21.99025465815085,22.051395416259766,7380000
2012-02-07,21.99705326452461,22.13292192697678,21.990258406088447,22.071781158447266,11209400
2012-02-08,22.132915991881433,22.132915991881433,21.99704736586338,22.078567504882812,4694700
2012-02-09,22.098953109074696,22.22802950627145,22.051399465311437,22.200855255126953,5976200
2012-02-10,22.092158568621258,22.15329933166504,22.06498432027314,22.15329933166504,4576400
2012-02-13,22.221235019640947,22.275583522839522,22.200855626681115,22.248409271240234,5427400
2012-02-14,22.160095636445245,22.31634370570296,22.160095636445245,22.302759170532227,4678700
2012-02-15,22.36389058652428,22.41823907668053,22.23481680962116,22.295957565307617,5330400
2012-02-16,22.30954583013553,22.465793860116953,22.29595870690078,22.43861961364746,4185900
2012-02-17,22.48617319606417,22.554108812077278,22.411447905667902,22.459001541137695,3526000
2012-02-21,22.46579609886621,22.46579609886621,22.295960928725716,22.329927444458008,5558000
2012-02-22,22.32992623829175,22.336721095958602,22.214439572744244,22.26878547668457,3682400
2012-02-23,22.221228749592605,22.418238130879423,22.214436484348955,22.3842716217041,4280000
2012-02-24,22.418240171529828,22.472588664340318,22.397860782465283,22.459001541137695,4660400
2012-02-27,22.38427365926266,22.49976031926679,22.316338043249548,22.459001541137695,5540300
2012-02-28,22.46579652048317,22.540524411384055,22.425035145952027,22.533729553222656,4875800
2012-02-29,22.513348831062363,22.656009746270872,22.5065565647815,22.57448959350586,12843400
2012-03-01,22.58807716840474,22.62204368344489,22.32992698943743,22.540523529052734,7825200
2012-03-02,22.520144766600644,22.60845718987301,22.506557641909726,22.560903549194336,4036500
2012-03-05,22.547316293787258,22.69677207304182,22.54052402722071,22.662805557250977,6070600
2012-03-06,22.526933484171835,22.601661362459243,22.46579272843474,22.47258758544922,9765800
2012-03-07,22.52015031468376,22.53373485124232,22.404661022098463,22.506563186645508,7278800
2012-03-08,22.581285401057144,22.68997980647527,22.581285401057144,22.662805557250977,5795400
2012-03-09,22.66960555250861,22.75112832797484,22.628846756255424,22.73754119873047,5234200
2012-03-12,22.683186890973033,22.853022075950644,22.683186890973033,22.819055557250977,7409600
2012-03-13,22.886993247963062,22.988895416259766,22.84623445382821,22.988895416259766,5126200
2012-03-14,22.96171444016707,22.98888868929182,22.87339942625116,22.920955657958984,5727500
2012-03-15,22.900574930101115,22.975302823549,22.846229020353036,22.961715698242188,5293400
2012-03-16,23.00814641003984,23.00814641003984,22.91253564762818,22.94668197631836,5354200
2012-03-19,22.933032620991785,22.98766624275183,22.871568168262552,22.96034812927246,4210100
2012-03-20,22.86473026642235,22.987659133865307,22.844242990247817,22.94668197631836,4792900
2012-03-21,22.919380027618182,23.028649907151546,22.905720967026582,22.980844497680664,4171100
2012-03-22,22.933029124515034,23.042298956574022,22.864733851229232,23.00132179260254,5471000
2012-03-23,23.02864228724406,23.062788624824723,22.946687950812198,23.055957794189453,3105900
2012-03-26,23.09692921632134,23.23351713786203,23.083270163647477,23.213029861450195,5562300
2012-03-27,23.288155103794118,23.308644989240356,23.19254432237301,23.19937515258789,3310600
2012-03-28,23.185716317083386,23.206203597525377,23.083274704476576,23.144739151000977,3537200
2012-03-29,23.06961936977412,23.151573715156502,22.974008572026857,23.137914657592773,5045100
2012-03-30,23.185713531910164,23.322301463912208,23.165223648731082,23.27449607849121,3775800
2012-04-02,23.27450395498829,23.506700131213435,23.27450395498829,23.458894729614258,9978900
2012-04-03,23.38377403600675,23.458894949796964,23.240355224664107,23.329137802124023,4460900
2012-04-04,23.219866719740065,23.356454692072433,23.20620766198694,23.254013061523438,5436200
2012-04-05,23.20620766198694,23.26767211927656,23.137914978420202,23.254013061523438,4562600
2012-04-09,23.055959537232997,23.096936708546828,23.01498497111793,23.04230308532715,2747700
2012-04-10,23.01497887799331,23.02180710213849,22.82375473435337,22.837413787841797,7105400
2012-04-11,22.96034423108093,23.042298557604884,22.885220734366435,22.953516006469727,14575600
2012-04-12,22.933035815417597,22.987669444787755,22.857912295484454,22.967182159423828,2666500
2012-04-13,22.93986404213922,23.090111082005507,22.93986404213922,22.967182159423828,5539400
2012-04-16,23.042306445644208,23.13791725412088,22.974011150161484,23.062793731689453,5805600
2012-04-17,23.206204165434794,23.356451172882096,23.15839877310129,23.294986724853516,5715900
2012-04-18,23.260840388215083,23.342792117187024,23.226691446378158,23.294986724853516,6363000
2012-04-19,23.329135651443185,23.329135651443185,23.13108322967502,23.219865798950195,6954000
2012-04-20,23.274492956836408,23.472542696218238,23.240344024517483,23.431568145751953,5243400
2012-04-23,23.219863325874083,23.23352238163077,23.01498269992078,23.069616317749023,5378200
2012-04-24,23.124257658377935,23.192550347076644,23.055962364480145,23.076452255249023,5679500
2012-04-25,23.151575101105006,23.27450402133876,23.12425698434217,23.226696014404297,5500500
2012-04-26,23.254018299244958,23.48621712295064,23.219871949770486,23.438411712646484,4135100
2012-04-27,23.43840315768986,23.472549494701006,23.390597764834546,23.40425682067871,4944100
2012-04-30,23.383765857369056,23.383765857369056,23.28815248151574,23.342788696289062,5605200
2012-05-01,23.342792371979233,23.499867606389337,23.281327923279754,23.40425682067871,5091000
2012-05-02,23.397427446303904,23.49304084316358,23.329134768031388,23.424745559692383,10755000
2012-05-03,23.458894729614258,23.520359189555915,23.397430269672604,23.458894729614258,2322700
2012-05-04,23.438399512735167,23.472545844436148,23.27449607849121,23.27449607849121,4985200
2012-05-07,23.21986079093772,23.356448728394643,23.21986079093772,23.308643341064453,4204700
2012-05-08,23.20620766198694,23.288159403306807,23.151574036173326,23.254013061523438,8638300
2012-05-09,23.151573715156502,23.288159080396106,23.06961936977412,23.137914657592773,6840000
2012-05-10,23.247187123812868,23.37011605049383,23.247187123812868,23.301820755004883,3172100
2012-05-11,23.254009779091675,23.370110451005544,23.219863442128247,23.2403507232666,3289600
2012-05-14,23.11742104027937,23.226690877967368,23.049128368673784,23.144739151000977,6938000
2012-05-15,23.09010278691208,23.267665275074794,23.076443733176777,23.11741828918457,3297400
2012-05-16,23.15839288712814,23.274493528428685,23.137905611391858,23.19253921508789,4610600
2012-05-17,23.21303023866974,23.247176568310326,23.021806103326153,23.028636932373047,5267000
2012-05-18,23.062789813375346,23.090107926927153,22.8442501153583,22.89205551147461,7303300
2012-05-21,22.96035460419355,22.994500953072837,22.82376660347699,22.980844497680664,4945000
2012-05-22,22.980844121914043,23.09694222724514,22.933038713224843,23.008159637451172,4275500
2012-05-23,22.96034102883401,23.01497723889661,22.782778556526335,22.94668197631836,6277500
2012-05-24,22.973998746903902,23.172051089080114,22.967170523641638,23.165220260620117,6473200
2012-05-25,23.172057261722586,23.240349933328172,23.09693375983738,23.144739151000977,2864500
2012-05-29,23.199373512138557,23.308643341064453,23.172055403607526,23.308643341064453,3345400
2012-05-30,23.19937261159639,23.233518943335593,23.069612903710066,23.11741828918457,3231600
2012-05-31,23.144739821811555,23.199376044838306,23.008151869443182,23.069616317749023,5125900
2012-06-01,22.85108469294172,22.898890102346247,22.625716706491726,22.646203994750977,14138900
2012-06-04,22.65302772400453,22.73498207116589,22.571075982042075,22.721323013305664,3855700
2012-06-05,22.673516775404195,22.721322173548696,22.584734205193485,22.69400405883789,4985100
2012-06-06,22.74863579444081,23.008150017331975,22.74863579444081,23.00132179260254,5551700
2012-06-07,23.178889454700265,23.178889454700265,23.03547325665866,23.08327865600586,4819500
2012-06-08,23.069614850975096,23.281326293945312,23.062786626130144,23.281326293945312,4117600
2012-06-11,23.3837657139222,23.3837657139222,23.144736183552403,23.172054290771484,5824500
2012-06-12,23.17888468488268,23.294985348833553,23.110592015639817,23.281326293945312,4685300
2012-06-13,23.233516164573146,23.39059135594554,23.19253900826816,23.247175216674805,5569400
2012-06-14,23.288158754944526,23.643286431042064,23.288158754944526,23.56816291809082,7900400
2012-06-15,23.66855351741061,23.69605973066656,23.572284394151666,23.60666847229004,6792300
2012-06-18,23.613548306653612,23.7029422055533,23.54478538327686,23.66855812072754,3234800
2012-06-19,23.70293875978038,23.751073323774108,23.62042011595942,23.647926330566406,14235400
2012-06-20,23.592918297422283,23.592918297422283,23.372873810304746,23.524152755737305,7006600
2012-06-21,23.537899428755477,23.57915874248607,23.235338997473917,23.24909210205078,7127800
2012-06-22,23.338491817138998,23.386626389058858,23.3041103547873,23.31786346435547,4075300
2012-06-25,23.22846408683277,23.24909505788928,23.118441859366357,23.17345428466797,5722100
2012-06-26,23.242222958369663,23.290357530879902,23.132200703612334,23.228469848632812,4592400
2012-06-27,23.304109634876934,23.407256641883034,23.22846884615744,23.365997314453125,3772500
2012-06-28,23.262849644733294,23.48289411367042,23.166577894328444,23.469141006469727,5746400
2012-06-29,23.723568163768014,23.909231185913086,23.64105213941591,23.909231185913086,8008000
2012-07-02,23.812968628298897,24.067394637127073,23.812968628298897,24.04676628112793,8832500
2012-07-03,24.060524415417934,24.163668840082643,23.99175884250307,24.15679359436035,2151900
2012-07-05,24.122399055736604,24.143027404870374,24.026127305792762,24.067386627197266,4472400
2012-07-06,23.950489489629582,24.06051172512569,23.922983274971305,24.039880752563477,3676700
2012-07-09,24.06051206583182,24.06051206583182,23.93673672125387,24.012374877929688,5359000
2012-07-10,24.101768423976097,24.143027745963515,23.98487094638393,24.039880752563477,5276700
2012-07-11,24.0880244750625,24.0880244750625,23.909239258082465,24.005508422851562,6852900
2012-07-12,23.964241094613833,24.10176955120033,23.92298439383387,24.0261287689209,6885100
2012-07-13,24.094891600263136,24.30805819202977,24.033003932912894,24.294307708740234,4999500
2012-07-16,24.232421805767455,24.280556370196035,24.149903161201006,24.170534133911133,3956200
2012-07-17,24.232421127935574,24.328690254099886,24.081139573599113,24.273677825927734,6212300
2012-07-18,24.26680071176705,24.308057406576218,24.225541393821135,24.280553817749023,4904100
2012-07-19,24.328690594707453,24.342443701943036,24.143027581732543,24.246171951293945,5982800
2012-07-20,24.129279687825814,24.18428950551649,24.01925742930692,24.094898223876953,6919600
2012-07-23,23.929854179775948,23.95048514859879,23.819831964221393,23.88859748840332,6449600
2012-07-24,23.936738841258133,23.936738841258133,23.689188130177417,23.812963485717773,3924200
2012-07-25,23.87485000248308,23.902353595492258,23.771703003502935,23.81983757019043,5133400
2012-07-26,24.03301629966342,24.25306086944073,24.03301629966342,24.211801528930664,5811600
2012-07-27,24.273683372701107,24.569368683851014,24.22554879861973,24.486852645874023,6313800
2012-07-30,24.486850861190025,24.624379329886512,24.431838424456487,24.610626220703125,5766800
2012-07-31,24.631245647969337,24.631245647969337,24.500595092773438,24.500595092773438,5052000
2012-08-01,24.6106229110431,24.6106229110431,24.32869076854162,24.3768253326416,8705500
2012-08-02,24.24617686741289,24.342448637581903,24.08114479339819,24.177413940429688,6016100
2012-08-03,24.411216095610932,24.62438540584595,24.411216095610932,24.583126068115234,7232300
2012-08-06,24.679381039886977,24.720640353889433,24.548730480250615,24.569358825683594,4097300
2012-08-07,24.665634712602152,24.665634712602152,24.4387149810791,24.4387149810791,6347800
2012-08-08,24.466222508983627,24.631254572909523,24.424963181433473,24.610626220703125,4813500
2012-08-09,24.57624043310397,24.589990916729466,24.4799686857672,24.507474899291992,3255000
2012-08-10,24.459335780173273,24.51434819697349,24.39057288230941,24.500595092773438,3044900
2012-08-13,24.50060268879865,24.507477931462034,24.41808403801472,24.493724822998047,4432300
2012-08-14,24.603739905608023,24.624370873867097,24.521223901981106,24.58998680114746,4092000
2012-08-15,24.638128585985854,24.672510041998823,24.55560994379039,24.603744506835938,2833400
2012-08-16,24.56249737645229,24.66564178466797,24.49373181450386,24.66564178466797,4111200
2012-08-17,24.658754012583362,24.706888569924335,24.624372560645043,24.686260223388672,4605400
2012-08-20,24.65187614831371,24.693135464521678,24.589988485570085,24.686260223388672,5377500
2012-08-21,24.71376014935149,24.755019459446284,24.521221948514953,24.534975051879883,6429800
2012-08-22,24.51434774292974,24.548729191224872,24.41120077490798,24.459335327148438,3998800
2012-08-23,24.45246868262801,24.466221791408024,24.253052540023695,24.26680564880371,5382400
2012-08-24,24.25305309711606,24.514356923663954,24.232424745040845,24.47997283935547,6677800
2012-08-27,24.51434898376465,24.56248353844152,24.4593365651988,24.51434898376465,3317500
2012-08-28,24.51436573529513,24.603757041844123,24.45247803368675,24.52811622619629,5877100
2012-08-29,24.528099012553685,24.589986670729754,24.47308921813965,24.47308921813965,3848700
2012-08-30,24.445588246173863,24.445588246173863,24.35619436007232,24.3768253326416,4805300
2012-08-31,24.479976200259905,24.569370110087817,24.38370704650879,24.38370704650879,8650900
2012-09-04,24.41809393701898,24.57625343690351,24.390590332078368,24.52811622619629,5943000
2012-09-05,24.5418624634795,24.562493440326914,24.452471181978403,24.486852645874023,4505000
2012-09-06,24.54873302397579,24.79628368736858,24.54873302397579,24.789405822753906,4791800
2012-09-07,24.74126832707719,24.803155985581494,24.54185224710372,24.58998680114746,6167600
2012-09-10,24.562490463256836,24.603747165676083,24.50060278649073,24.562490463256836,7045500
2012-09-11,24.555615573665257,24.569368683851014,24.479974779212366,24.486852645874023,4499700
2012-09-12,24.507482771719953,24.54874210526069,24.342450683832496,24.356201171875,9593200
2012-09-13,24.34931692033862,24.83066514103163,24.34931692033862,24.789405822753906,9155900
2012-09-14,24.74815081910952,24.816913731135454,24.562487808875154,24.603744506835938,10535800
2012-09-17,24.603740807573725,24.727516129119895,24.576237220780786,24.67250633239746,5369700
2012-09-18,24.68626797062951,24.85130004097977,24.631255531754448,24.810043334960938,4888200
2012-09-19,24.830678204837014,24.94070048832527,24.77566575152381,24.878812789916992,17987300
2012-09-20,24.85129984152822,25.030087643299794,24.830671488684363,25.016334533691406,7029000
2012-09-21,25.095963328506745,25.116737286295542,24.902063369750977,24.902063369750977,8846200
2012-09-24,24.846673012778414,25.01979642605263,24.770498288273178,24.985172271728516,6189300
2012-09-25,25.00595301789372,25.089051539139597,24.805129170033023,24.812055587768555,3766200
2012-09-26,24.805129170033023,24.922854496647844,24.791278976216315,24.812055587768555,4846200
2012-09-27,24.85360246597895,24.943627401115076,24.75665375505739,24.895153045654297,4990900
2012-09-28,24.79820539395185,24.853603527564314,24.68740648507256,24.812055587768555,5648600
2012-10-01,24.818977350035176,25.075199310718457,24.818977350035176,24.97132682800293,5443700
2012-10-02,25.026718191461963,25.137517061397936,24.895145358929692,24.992094039916992,7288400
2012-10-03,25.019797290902805,25.172144103525753,24.943622563764464,25.06827163696289,8157500
2012-10-04,25.15136142166452,25.269086679619402,25.102887092404515,25.185985565185547,4704400
2012-10-05,25.255240269574056,25.33833875477843,25.20676593306707,25.28293800354004,4746500
2012-10-08,25.22753818066837,25.262162327014313,25.17906384745344,25.206764221191406,3024700
2012-10-09,25.137511253052676,25.220609725890327,24.957464121628963,24.964387893676758,6898800
2012-10-10,25.005940501636157,25.089038981288635,24.839740900678155,24.860517501831055,4800000
2012-10-11,24.985170282939126,24.99901783024361,24.79819669448741,24.80512046813965,4780500
2012-10-12,24.88129224403075,24.96439072629729,24.791267347277678,24.825891494750977,3637800
2012-10-15,24.88129516998102,25.005944228865665,24.818970640538694,24.992094039916992,3933300
2012-10-16,25.054424285888672,25.095974862215062,24.971325774889923,25.054424285888672,4171800
2012-10-17,25.075201044763674,25.248324502915846,25.075201044763674,25.165225982666016,5464500
2012-10-18,25.09596717162202,25.10289094472763,24.971318122495255,25.026716232299805,7520100
2012-10-19,25.012867036794734,25.033643640242303,24.687396854853908,24.728944778442383,4963800
2012-10-22,24.701239664893915,24.763564179978584,24.569666862671983,24.74279022216797,5963700
2012-10-23,24.569675527883945,24.590449493021104,24.334227570265707,24.410402297973633,5008200
2012-10-24,24.42425248861632,24.52812495595587,24.36885172604556,24.410402297973633,4127600
2012-10-25,24.56967172874613,24.645846444675374,24.46579927746808,24.562747955322266,5155400
2012-10-26,24.576601831491402,24.576601831491402,24.396551995614654,24.479650497436523,4537900
2012-10-31,24.65969461899972,24.728942914195628,24.410396529649436,24.50734519958496,10607600
2012-11-01,24.55583006454504,24.65277877605396,24.500431932963203,24.52120590209961,4944200
2012-11-02,24.60429974023765,24.6597005029358,24.3550015914035,24.375778198242188,4617800
2012-11-05,24.292682487828642,24.389631192039044,24.22343152649688,24.334230422973633,9441200
2012-11-06,24.375775348269446,24.59044667449138,24.36192515921425,24.51427459716797,3443400
2012-11-07,24.375774343170846,24.451949059006754,24.10570227186414,24.223424911499023,6083400
2012-11-08,24.20264612298346,24.27882082362822,23.95334806329254,23.96027183532715,7502200
2012-11-09,23.891023548369812,24.133395194373307,23.86332317692575,23.96027183532715,6354300
2012-11-12,23.96027183532715,24.03644653597191,23.91872391981387,23.96027183532715,3303200
2012-11-13,23.870255486838044,24.133401155598154,23.870255486838044,23.946430206298828,4295500
2012-11-14,23.994905516343596,24.015679480070453,23.64173228306556,23.68328285217285,8883900
2012-11-15,23.62095915018239,23.704057649666304,23.517084044587246,23.67635726928711,6756700
2012-11-16,23.620953499448987,23.85640139303967,23.600179539961086,23.82870101928711,7026400
2012-11-19,23.953356710251903,24.22342882519321,23.953356710251903,24.21650505065918,8628300
2012-11-20,24.230354101177028,24.3134525999439,24.105705032199896,24.30652618408203,5457900
2012-11-21,24.375772524264804,24.375772524264804,24.251123478862436,24.341148376464844,3737000
2012-11-23,24.39655943761171,24.708182216569206,24.39655943761171,24.701255798339844,3058300
2012-11-26,24.583530451163096,24.59738064447212,24.45195757720874,24.52120590209961,4365100
2012-11-27,24.54890159257519,24.65277406004095,24.47965063927759,24.50042724609375,3345100
2012-11-28,24.486576037821873,24.749724366109323,24.417325087402205,24.73587417602539,6404400
2012-11-29,24.722020074325368,24.902067233621437,24.7150936595525,24.867443084716797,14167900
2012-11-30,24.853587246041197,24.97823626707993,24.8189631050088,24.957462310791016,5690600
2012-12-03,24.93668956721489,25.005940501636157,24.846667314946803,24.860517501831055,8409400
2012-12-04,24.818979363849728,24.89515410901443,24.763578588582902,24.812055587768555,5125200
2012-12-05,24.805119487683967,24.964392691924367,24.728944772253055,24.853593826293945,6201900
2012-12-06,24.908998446306132,24.93669618577298,24.839747493504667,24.881298065185547,4850100
2012-12-07,24.978249550117305,25.061348061116053,24.909001231227354,25.054424285888672,4591500
2012-12-10,24.999015856570917,25.09596717162202,24.999015856570917,25.026716232299805,7959100
2012-12-11,25.11674211347396,25.241391167468638,25.00594324788462,25.04056739807129,4862100
2012-12-12,25.123668889024973,25.130595304881982,24.964395665811132,24.985172271728516,4649300
2012-12-13,25.06134141363203,25.08904179050214,24.88821802067384,24.943618774414062,4965200
2012-12-14,24.881289411962182,24.99901202830245,24.874362998264036,24.902063369750977,2437100
2012-12-17,24.957462310791016,25.012860408112324,24.87436120233011,24.957462310791016,6632800
2012-12-18,24.9089907181173,25.019789566569784,24.777415269443587,24.950538635253906,8219000
2012-12-19,24.985180829343545,24.99902838249317,24.701255798339844,24.701255798339844,16482200
2012-12-20,24.74280158673438,24.853600482036516,24.67355326779081,24.839750289916992,5870700
2012-12-21,24.635279051059243,24.810344989357677,24.467214574923286,24.62827491760254,8263800
2012-12-24,24.544229162407774,24.572240336695366,24.502215072268996,24.551233291625977,4714600
2012-12-26,24.544231121365122,24.565240839403977,24.29914000501868,24.341154098510742,11087600
2012-12-27,24.34115812450583,24.439197258552774,24.201107561311012,24.383174896240234,6488000
2012-12-28,24.250120645721424,24.376168262878398,24.124073028564453,24.124073028564453,15265500
2012-12-31,24.075056437074466,24.439193725585938,24.04004380133724,24.439193725585938,17879100
2013-01-02,24.789338840254977,25.076446882736885,24.712309397172994,25.069442749023438,10813900
2013-01-03,25.034419872233812,25.083438103035427,24.936383410630583,25.00640869140625,6537300
2013-01-04,24.978399762075107,25.118453007543756,24.978399762075107,25.076438903808594,5942500
2013-01-07,25.041412396803175,25.062422110574015,24.8383380864951,24.908363342285156,3029900
2013-01-08,24.894364258979873,24.894364258979873,24.79632780675093,24.83834457397461,4506100
2013-01-09,24.901373256919157,24.950391492615783,24.845350889669586,24.89436912536621,4310400
2013-01-10,24.97139280389151,25.0554236641541,24.915373120814078,25.041418075561523,4083300
2013-01-11,25.069432492525372,25.15346336364746,25.041421311720267,25.15346336364746,3021900
2013-01-14,25.146455067859957,25.251495631676505,25.132449481264917,25.230485916137695,5080900
2013-01-15,25.181472281716268,25.328526960789308,25.125452596433057,25.307519912719727,4265900
2013-01-16,25.24449553620159,25.328526397905456,25.223488488598854,25.272506713867188,3322600
2013-01-17,25.384554186023657,25.51760330147095,25.321530358434202,25.440576553344727,6186500
2013-01-18,25.489588837560234,25.545608520507812,25.3775468003722,25.545608520507812,5659500
2013-01-22,25.52459731743075,25.566611404977532,25.440566471044743,25.552608489990234,3817600
2013-01-23,25.538607061874195,25.559614109067926,25.482584707633738,25.545608520507812,3602400
2013-01-24,25.559627792769135,25.657664293882256,25.54562219671093,25.615650177001953,4569000
2013-01-25,25.713675451367525,25.762693680522425,25.66465722221262,25.741683959960938,3930800
2013-01-28,25.7416798732281,25.804703682320664,25.671654605922022,25.7626895904541,5114700
2013-01-29,25.748679802672044,25.94475265618032,25.727672760165383,25.902738571166992,4868900
2013-01-30,25.88874456293955,25.951768389935495,25.825720735943605,25.853729248046875,4374500
2013-01-31,25.87474032627029,25.916754432272167,25.811716495973865,25.81871795654297,4374900
2013-02-01,25.993778789003247,26.06380673751446,25.89574233238064,26.028791427612305,4855400
2013-02-04,25.94475354468069,25.94475354468069,25.76268627037257,25.783693313598633,4501000
2013-02-05,25.930755669511534,26.161843898883955,25.923754210118357,26.091815948486328,7608700
2013-02-06,26.02179806428163,26.13384014546489,25.979781282102685,26.12683868408203,2893700
2013-02-07,26.10581028908628,26.287880210369625,26.09180470504202,26.266870498657227,8721400
2013-02-08,26.301894853030245,26.378921584864365,26.217861319822767,26.245872497558594,7203800
2013-02-11,26.28088513408191,26.28088513408191,26.196854272167364,26.245872497558594,2957700
2013-02-12,26.273889264973228,26.273889264973228,26.175852793333853,26.217866897583008,3308400
2013-02-13,26.266879545213996,26.266879545213996,26.16884309443154,26.245872497558594,3165800
2013-02-14,26.32290218948744,26.392927463302353,26.273883963558408,26.301895141601562,7964100
2013-02-15,26.259880836608435,26.392929937848358,26.210862606083555,26.336910247802734,5690500
2013-02-19,26.406940271048956,26.61001736043646,26.3999388102707,26.603015899658203,8140800
2013-02-20,26.63101499348369,26.701042932962725,26.546984137401598,26.553985595703125,10454300
2013-02-21,26.532994185085258,26.69405453385887,26.469970338061295,26.63803482055664,9752400
2013-02-22,26.694047265179655,26.79208374023438,26.624021974795884,26.792083740234375,6182400
2013-02-25,26.883115770247752,26.92513254258954,26.413940499917647,26.427946090698242,7873900
2013-02-26,26.4909610748291,26.581993377590003,26.378916385968154,26.4909610748291,7656600
2013-02-27,26.525983848783476,26.76407356108081,26.40693765698809,26.687044143676758,6405800
2013-02-28,26.7150533465946,26.84810244869928,26.659030984891643,26.673036575317383,8069700
2013-03-01,26.539978850051977,26.78506992463628,26.532974721468218,26.764062881469727,6584800
2013-03-04,26.715051416877053,26.967144012451172,26.694041697109427,26.967144012451172,5105800
2013-03-05,27.058183670043945,27.10720190579237,26.988158382201483,27.058183670043945,8253900
2013-03-06,27.079186200109763,27.121202968574845,26.967144155495934,26.995155334472656,5795700
2013-03-07,27.065183281914457,27.065183281914457,26.974148285886642,26.995155334472656,3375900
2013-03-08,27.079186833228917,27.086190963783384,26.932132147102536,27.044174194335938,5178500
2013-03-11,27.08619683125306,27.121209477730552,27.044180052703847,27.07219123840332,3624300
2013-03-12,27.06518391470622,27.086190963783384,27.002160096181612,27.044174194335938,5323300
2013-03-13,27.10019309666314,27.13520573108986,27.00915811011944,27.114198684692383,4113000
2013-03-14,27.149209129236397,27.23323997934107,27.093186781638238,27.205228805541992,4250900
2013-03-15,27.156682597424428,27.156682597424428,27.03001218706501,27.08631134033203,9104400
2013-03-18,26.93852066089668,27.114451444072838,26.882224206215476,27.001855850219727,5045300
2013-03-19,27.03000913603936,27.241125567978056,27.03000913603936,27.22705078125,8304900
2013-03-20,27.31852633649968,27.536681430450667,27.31852633649968,27.4874210357666,6377100
2013-03-21,27.43817484189569,27.5437317346403,27.381875684838647,27.402986526489258,5588600
2013-03-22,27.522616031591866,27.677436001660876,27.466316884479102,27.656322479248047,6132500
2013-03-25,27.698545231811448,27.79002999831388,27.543725270729013,27.635210037231445,6281900
2013-03-26,27.740773644494368,27.909668432568996,27.71262675022492,27.895593643188477,7227800
2013-03-27,27.832260644373044,27.874485015869137,27.71966500487526,27.87448501586914,5357900
2013-03-28,27.895579618838152,28.008175192783895,27.79002277828977,27.987064361572266,5040400
2013-04-01,27.958924785421125,28.008185198840263,27.881514797336422,27.972999572753906,5370100
2013-04-02,28.057447151806468,28.310787968715278,28.043372363701387,28.275602340698242,8043900
2013-04-03,28.338935830144,28.338935830144,27.902628163252658,27.96596336364746,11956200
2013-04-04,28.02225996038448,28.163005149091582,27.980035598424998,28.113744735717773,8889800
2013-04-05,27.874482338129233,27.951892336189843,27.797072340068624,27.90966796875,8528000
2013-04-08,27.909663348068385,28.226339340209964,27.81114252484458,28.22633934020996,9479100
2013-04-09,28.275594939110004,28.303744507951574,28.09966416058617,28.198184967041016,6614500
2013-04-10,28.26856798354168,28.451537572760607,28.233382350073963,28.409313201904297,7325700
2013-04-11,28.472642496918294,28.648573312175312,28.41634603197147,28.54301643371582,5973200
2013-04-12,28.437456483219837,28.662647708920623,28.430420431881572,28.64857292175293,5782900
2013-04-15,28.599314505725328,28.65561365832693,28.1911563873291,28.1911563873291,11247900
2013-04-16,28.395229839701603,28.733019335597106,28.353008166082873,28.718944549560547,10341100
2013-04-17,28.599311386256627,28.669685319332597,28.374120169395635,28.472640991210938,9761800
2013-04-18,28.43041847516384,28.557088866463864,28.33189497177084,28.416343688964844,10303600
2013-04-19,28.458573311583354,28.894883752141443,28.458573311583354,28.859695434570312,11227600
2013-04-22,28.90190033494322,28.986346334344343,28.718933555492473,28.930049896240234,5972300
2013-04-23,29.007469330928085,29.162286599695985,28.78227813591042,29.155250549316406,13184200
2013-04-24,29.02858079088021,29.11302681970533,28.662644419983543,28.690793991088867,30015500
2013-04-25,28.75413801790259,28.859694915241295,28.68376406851844,28.78228759765625,12200800
2013-04-26,28.711904751882532,28.85968597306169,28.711904751882532,28.775239944458008,9481800
2013-04-29,28.85969290698231,28.901917273674535,28.754136016988987,28.866731643676758,6696000
2013-04-30,28.838574374975156,28.873759995589342,28.690793157701115,28.8104248046875,11354900
2013-05-01,28.775248860471994,28.993404076825342,28.740063228025758,28.78228759765625,7556600
2013-05-02,28.789313738224653,28.986355359675738,28.690792927499114,28.887834548950195,9194000
2013-05-03,29.042658775255585,29.11303002627889,28.923024427126588,29.014509201049805,12843400
2013-05-06,28.993401846962065,28.993401846962065,28.768210595235452,28.803396224975586,14530800
2013-05-07,28.85968481809943,29.02857955303849,28.81042441301111,29.021543502807617,8152200
2013-05-08,29.014507818437796,29.06376822870496,28.951172621738436,29.056732177734375,6623300
2013-05-09,29.03562036884889,29.09895556928482,28.782282251596346,28.85265350341797,12872500
2013-05-10,28.796357143588697,28.986362763300473,28.796357143588697,28.965251922607422,8304700
2013-05-13,28.93709921422948,29.12006876207591,28.887838801614937,29.014509201049805,7821600
2013-05-14,29.000423279487677,29.36635955019135,29.000423279487677,29.359323501586914,7373100
2013-05-15,29.345250826939097,29.69711234120817,29.317101261519895,29.647851943969727,11728700
2013-05-16,29.57748642371162,29.633785570526193,29.422669138953683,29.4719295501709,9313100
2013-05-17,29.478957375416986,29.535256506521755,29.303026617450076,29.514142990112305,9368100
2013-05-20,29.493030492816303,29.521180056779173,29.190429391440908,29.21154022216797,9866600
2013-05-21,29.296010931712445,29.324157832339175,29.042670034626564,29.23971176147461,10408400
2013-05-22,29.260809333961852,29.570446547919857,29.09191459985429,29.1904354095459,16899000
2013-05-23,28.9511645647669,29.169319667017827,28.88782938569342,29.070798873901367,12831900
2013-05-24,29.07784502837276,29.35933540752386,29.07784502837276,29.345260620117188,16015800
2013-05-28,29.598594426270274,29.690076496047165,29.30302932959484,29.394514083862305,15727400
2013-05-29,29.22563594538784,29.253785529520915,28.775253337227014,28.831552505493164,21414900
2013-05-30,28.86672577620799,28.96524659397295,28.70486976352399,28.718944549560547,15949200
2013-05-31,28.655602653020956,28.655602653020956,28.170032044037306,28.184106826782227,33824800
2013-06-03,28.254495004150986,28.500797115301364,27.92374415389904,28.49376106262207,39020500
2013-06-04,28.599304719136047,28.697825517984004,28.296703588679925,28.500783920288086,12962800
2013-06-05,28.41633571317325,28.44448259318011,28.14892021943139,28.155956268310547,17077900
2013-06-06,28.141895880436966,28.282638392505113,27.937815479650276,28.275602340698242,12352700
2013-06-07,28.423376316469735,28.747088306585503,28.423376316469735,28.627456665039062,18700800
2013-06-10,28.747088306585503,28.747088306585503,28.493750238988806,28.627456665039062,11190300
2013-06-11,28.465607886403863,28.754134330650842,28.374123106181745,28.557092666625977,20334000
2013-06-12,28.6626457362199,28.782280076665913,28.41634368896484,28.416343688964844,14908400
2013-06-13,28.47967160203802,29.47192095716475,28.303740846274486,28.711898803710938,13048700
2013-06-14,28.662655186054092,28.873771679660457,28.56413433467058,28.641544342041016,8453300
2013-06-17,28.733026151072178,29.014513885099404,28.697837835388636,28.894882202148438,9877200
2013-06-18,28.89487799727339,29.03562050155991,28.803393221894197,29.00043487548828,8441200
2013-06-19,29.00044438941855,29.063779610921813,28.423391342163086,28.423391342163086,25795200
2013-06-20,28.18411952137882,28.345975569112586,27.515581804571315,27.564842224121094,32296500
2013-06-21,27.773090245990314,28.07058459099323,27.65267773392675,27.92892074584961,22743500
2013-06-24,27.73057936879541,28.08473745676464,27.532249002164633,27.815576553344727,24973100
2013-06-25,27.935992429488845,27.964325728481093,27.70933144157506,27.85807991027832,13004400
2013-06-26,28.028089024233278,28.254750131219183,28.028089024233278,28.14850425720215,18133100
2013-06-27,28.32557798795705,28.538072397284914,28.261829394957388,28.27599334716797,10033600
2013-06-28,28.219328398230616,28.360992233262465,28.077664563198766,28.098913192749023,11033300
2013-07-01,28.268911726111117,28.509739446910885,27.964335411511026,28.3043270111084,11795300
2013-07-02,28.290153104439607,28.495565487584003,28.240571177751285,28.33973503112793,5441200
2013-07-03,28.247665766341694,28.346829654515275,28.084753278340337,28.2830810546875,3985400
2013-07-05,28.346813214621317,28.474310340334192,28.084736990438962,28.35389518737793,10602600
2013-07-08,28.389318389734438,28.665561312357084,28.389318389734438,28.63722801208496,7611700
2013-07-09,28.828488532254465,28.913485774683824,28.7789065823362,28.8497371673584,8937800
2013-07-10,28.849726093763266,29.012638538393375,28.807226137854833,28.885141372680664,7701700
2013-07-11,29.18972083531817,29.380966604855185,29.161387528272787,29.33846664428711,12282200
2013-07-12,29.288883924534346,29.373883843396886,29.2393019895376,29.345550537109375,5566100
2013-07-15,29.395130147002373,29.395130147002373,29.317214911881074,29.38804817199707,7076000
2013-07-16,29.133036445851832,29.33844602251784,29.133036445851832,29.281782150268555,10156700
2013-07-17,29.331384668532202,29.423466565423258,29.30305136148682,29.33846664428711,9365500
2013-07-18,29.3313678587438,29.543862135778078,29.28886792253241,29.4376163482666,7136100
2013-07-19,29.44470592072881,29.607618331909176,29.409290649082998,29.60761833190918,8352700
2013-07-22,29.63596236388639,29.643044339975763,29.501383202084227,29.543880462646484,7887600
2013-07-23,29.57221034806477,29.57929232333441,29.451797854392037,29.487213134765625,6122500
2013-07-24,29.565128093974504,29.565128093974504,29.23221851717444,29.29596710205078,8262900
2013-07-25,29.239298508160353,29.480126178904456,29.218049881981088,29.45179557800293,4720600
2013-07-26,29.33846659270612,29.43054848943528,29.055141628789052,29.4163818359375,6073200
2013-07-29,29.37388385331222,29.4234657883257,29.281801958853123,29.352632522583008,7493000
2013-07-30,29.402207564978408,29.522622737506232,29.26762844463524,29.324295043945312,5733600
2013-07-31,29.331383526139877,29.47304735383642,29.281801591748,29.317216873168945,6735500
2013-08-01,29.46595493508618,29.60761872556499,29.46595493508618,29.55803680419922,6207700
2013-08-02,29.473050248065356,29.586380780949,29.35263503699415,29.572214126586914,3956400
2013-08-05,29.565119951243293,29.64303246506692,29.501371383924383,29.59345054626465,5010300
2013-08-06,29.579285427066814,29.60053675194648,29.451790987849154,29.55803680419922,3148600
2013-08-07,29.458881796430852,29.487215103426422,29.36679989970169,29.4163818359375,5987100
2013-08-08,29.501383556789527,29.60762941148561,29.409301654442494,29.572214126586914,2915000
2013-08-09,29.515536506528402,29.558036453771802,29.366790744194546,29.444705963134766,4266300
2013-08-12,29.331388826389418,29.39513742527174,29.225140260914454,29.359722137451172,4208600
2013-08-13,29.43054239043831,29.444709041000287,29.232214686595235,29.38096046447754,4178500
2013-08-14,29.366803885366636,29.395137196207603,29.161391434789476,29.17555809020996,4871500
2013-08-15,28.955967794114347,28.963049767420273,28.686806874286095,28.70805549621582,8854300
2013-08-16,28.658473602358516,28.708055521579638,28.424730654889217,28.538061141967773,8607300
2013-08-19,28.52390065621812,28.52390065621812,28.403485467798472,28.41057014465332,5126600
2013-08-20,28.467232149402825,28.580562653403454,28.375152972535805,28.41765022277832,7174100
2013-08-21,28.339735446570838,28.453065952378697,28.16974103886525,28.198074340820312,7899700
2013-08-22,28.205160459595717,28.382239569815184,28.190993806536625,28.318490982055664,5501900
2013-08-23,28.38932415925091,28.51681863236151,28.33973952269157,28.481403350830078,3352900
2013-08-26,28.488495917681004,28.523911209020014,28.14850425720215,28.14850425720215,17412500
2013-08-27,27.935997738789762,28.07766155866244,27.907667136425328,27.999746322631836,11462400
2013-08-28,27.935994388572524,27.943079064823475,27.765999986721948,27.787248611450195,18628600
2013-08-29,27.681008799301104,28.02100037887534,27.65975746794385,27.900585174560547,7455000
2013-08-30,27.985584259033203,28.0351689008294,27.872253724955613,27.985584259033203,8672400
2013-09-03,28.113078383704657,28.212244954476265,27.907668670709686,27.964332580566406,15164200
2013-09-04,27.950168860227443,28.21224791460292,27.900586920645715,28.141414642333984,6468800
2013-09-05,28.18391311497588,28.20516174452614,28.070582587352984,28.098913192749023,4525100
2013-09-06,28.198070159936748,28.297234000064208,27.900575937542378,28.169736862182617,6976700
2013-09-09,28.183903846799424,28.39639817846274,28.176819171270502,28.368064880371094,10347600
2013-09-10,28.445986197641645,28.502652805973675,28.297240403788972,28.396404266357422,6501800
2013-09-11,28.339733391608945,28.60889433663994,28.339733391608945,28.6018123626709,6812300
2013-09-12,28.60890007019043,28.693897284914346,28.580566764611543,28.60890007019043,7002900
2013-09-13,28.672639033990116,28.863884729445036,28.672639033990116,28.842636108398438,5063200
2013-09-16,29.083478159786115,29.196808698318588,29.04806017110901,29.104726791381836,8178900
2013-09-17,29.097642089412897,29.232221246935687,29.097642089412897,29.203887939453125,5344500
2013-09-18,29.182628160857934,29.57220153286455,29.03388240642099,29.550952911376953,12763900
2013-09-19,29.60054562939582,29.635960912133847,29.352633246203904,29.4163818359375,6148500
2013-09-20,29.409964489937057,29.409964489937057,29.188999449677922,29.21038246154785,7279100
2013-09-23,29.181875689527537,29.181875689527537,29.017932888469158,29.08208465576172,5586800
2013-09-24,29.08206833151967,29.131963820395427,28.90386938007764,28.946638107299805,6855000
2013-09-25,28.932402156442777,28.982297680312428,28.654412032282693,28.704307556152344,8234700
2013-09-26,28.739931869928405,28.853979110717773,28.69003637202685,28.853979110717773,4560300
2013-09-27,28.754194978636225,28.754194978636225,28.547483455643796,28.6757869720459,4453400
2013-09-30,28.47619843306568,28.590245675047065,28.319382455678504,28.369277954101562,8120800
2013-10-01,28.355032863852884,28.554617655162627,28.326523081467318,28.540361404418945,7152300
2013-10-02,28.454818187084218,28.48333068284713,28.21247013040324,28.47620391845703,5827400
2013-10-03,28.433426315175023,28.461938802053663,28.248100588664684,28.333635330200195,9686800
2013-10-04,28.34075993580875,28.483319640253605,28.262354681509276,28.376401901245117,5713900
2013-10-07,28.212470106463442,28.426308386301315,28.198213858594084,28.283748626708984,5438900
2013-10-08,28.33364413470111,28.469074410808137,28.255236130970264,28.283748626708984,9532300
2013-10-09,28.319384343619852,28.447687839289987,28.21246657662868,28.30512809753418,8706800
2013-10-10,28.490448451975965,28.846846345169162,28.490448451975965,28.832590103149414,6104900
2013-10-11,28.811216097598933,28.925266080139068,28.747067061071974,28.918136596679688,5451800
2013-10-14,28.761321507361014,29.04644103460503,28.732811729917678,29.03931427001953,6808200
2013-10-15,28.996531859152824,29.025044342259573,28.739924949392172,28.775564193725586,7792900
2013-10-16,28.882486505114453,29.217501405434977,28.882486505114453,29.203245162963867,7034800
2013-10-17,29.11058961253666,29.538266137586344,29.11058961253666,29.531139373779297,8498700
2013-10-18,29.573902130126953,29.616668142518296,29.474108423312696,29.573902130126953,5861400
2013-10-21,29.531146733502595,29.588169015473106,29.388586949923745,29.509763717651367,3646400
2013-10-22,29.581051309500452,29.95883254044873,29.56679505486622,29.88042449951172,9404700
2013-10-23,29.809133538292024,30.00158881709666,29.794877289591522,29.937437057495117,8809800
2013-10-24,29.99447453658558,29.99447453658558,29.837658454711562,29.88042449951172,7754800
2013-10-25,29.887544629654876,29.98020889621624,29.794880363093515,29.951696395874023,4301900
2013-10-28,30.04435219257636,30.43638944490599,30.001583454120045,30.343725204467773,33007100
2013-10-29,30.40788179694647,30.607463836669922,30.32234702550804,30.607463836669922,15133400
2013-10-30,30.643100935460115,30.643100935460115,30.265317210181664,30.343725204467773,11872100
2013-10-31,30.286700529701495,30.357979035691002,30.144140798621777,30.186906814575195,11588100
2013-11-01,30.194046560141185,30.343733105060757,30.129894795303994,30.30096435546875,9055000
2013-11-04,30.37223651022297,30.450644501445925,30.222550010125047,30.3294677734375,5305500
2013-11-05,30.300958108660254,30.479157116570537,30.208296582299678,30.38649559020996,6804500
2013-11-06,30.543315611906994,30.72151465916223,30.400758549384143,30.714387893676758,7356400
2013-11-07,30.69299521981531,30.707251465401853,30.20116426393245,30.265316009521484,11993800
2013-11-08,30.27244960056105,30.415006637573242,30.03009883089866,30.415006637573242,15162000
2013-11-11,30.400755649360196,30.45777792510947,30.293835143565868,30.32234764099121,7981900
2013-11-12,30.251053825637005,30.393613534417067,30.222544059161223,30.372230529785156,5657100
2013-11-13,30.265325268322737,30.643109094186112,30.23681276842708,30.62885284423828,7651500
2013-11-14,30.643110348399667,30.885461169228826,30.621724613051786,30.84981918334961,5891500
2013-11-15,30.835544527138246,30.95672122477356,30.757139274668504,30.88544273376465,3054000
2013-11-18,30.97812098963216,30.97812098963216,30.728643417015654,30.792795181274414,3924900
2013-11-19,30.75003335213495,30.785672624943146,30.628859280766637,30.678754806518555,7013200
2013-11-20,30.714378768372352,30.79278676092575,30.457771781507002,30.55043601989746,7392100
2013-11-21,30.55044156207809,30.628849568855546,30.479160319961597,30.607463836669922,6777800
2013-11-22,30.65734650892203,30.78564997190363,30.55042876917084,30.764266967773438,5443000
2013-11-25,30.864074440786755,30.892586940931995,30.671619143458898,30.714387893676758,4447200
2013-11-26,30.75002479245435,30.8284328022678,30.635977519753375,30.68587303161621,3854300
2013-11-27,30.785659689382744,30.785659689382744,30.621716928068956,30.70725440979004,3257000
2013-11-29,30.771392032353393,30.842673240689788,30.62170557349707,30.657344818115234,2642100
2013-12-02,30.671609099373736,30.678738581626178,30.4221316025539,30.493410110473633,5041700
2013-12-03,30.457772258840013,30.657354265484965,30.457772258840013,30.64310073852539,6124800
2013-12-04,30.564694448891412,30.650229210922436,30.329470454429778,30.571821212768555,8093100
2013-12-05,30.464901194788744,30.500540449750023,30.25106022681935,30.2938289642334,6060000
2013-12-06,30.529055401522736,30.74289366762328,30.4791571776349,30.70725440979004,7108600
2013-12-09,30.835563390709154,30.921100895167342,30.75715809027518,30.814180374145508,5513100
2013-12-10,30.75001802341457,30.78565727845679,30.464901263975964,30.55043601989746,3341900
2013-12-11,30.54329966022894,30.74288433790797,30.54329966022894,30.600324630737305,21705800
2013-12-12,30.593203135124725,30.593203135124725,30.1512703747353,30.17978286743164,9662500
2013-12-13,30.272450200834733,30.272450200834733,30.03722619071821,30.12989044189453,5929000
2013-12-16,30.186916350698887,30.308093112081945,30.0586128241058,30.122764587402344,5893100
2013-12-17,30.09425663458158,30.13702266664136,29.908928098650076,29.980209350585938,7247300
2013-12-18,30.01584634956081,30.493418465496756,29.716470552248964,30.479162216186523,11754200
2013-12-19,30.400749482884454,30.45777174706735,30.243933497954973,30.42213249206543,5698800
2013-12-20,30.41638651884958,30.63903402607808,30.37329539728815,30.560029983520508,11007300
2013-12-23,30.631859584902674,30.660586092114794,30.423576653927004,30.531307220458984,6601700
2013-12-24,30.53129084197285,30.639024090483208,30.48101605660677,30.574384689331055,5915300
2013-12-26,30.595940803594665,30.696493148803714,30.552849681133484,30.69649314880371,15154600
2013-12-27,30.746772611773302,30.825773928183363,30.71085968458402,30.76831817626953,3590500
2013-12-30,30.76831650475086,30.868866119966366,30.76113556356612,30.847320556640625,3245700
2013-12-31,30.897587574441225,30.933497750854407,30.746763189643353,30.868858337402344,6516500
2014-01-02,30.775487176346644,30.789851793694268,30.437928257874685,30.488203048706055,14997000
2014-01-03,30.552861197089594,30.603136018758022,30.40921767527738,30.430763244628906,6298600
2014-01-06,30.509763810686408,30.545674002067532,30.244025106739702,30.315845489501953,9498600
2014-01-07,30.473848569320605,30.552852621130086,30.33738876877702,30.481029510498047,7479100
2014-01-08,30.473847245923086,30.473847245923086,30.186560295414086,30.25119972229004,23824100
2014-01-09,30.33019854092747,30.452296432760832,30.208103388865045,30.409202575683594,24438600
2014-01-10,30.488213118083102,30.56003348877079,30.337388695776042,30.452302932739258,15903800
2014-01-13,30.452297084929743,30.552846680492397,30.244014214252246,30.279924392700195,9275100
2014-01-14,30.358934637581054,30.488213498248125,30.30147614849722,30.437938690185547,10885000
2014-01-15,30.473849102543596,30.552853155735466,30.37329948567088,30.445119857788086,4384200
2014-01-16,30.358934259028043,30.495394059243264,30.29429482950051,30.452302932739258,6522100
2014-01-17,30.41637969439331,30.43792799011049,30.186551298394402,30.215280532836914,8233800
2014-01-21,30.301474766777876,30.409208059011746,30.1291047869294,30.330204010009766,5618400
2014-01-22,30.351749572547966,30.437937302243636,30.29429382585562,30.330204010009766,3615300
2014-01-23,30.22247074556845,30.22247074556845,29.956729379176615,30.064462661743164,8916700
2014-01-24,30.02137820026389,30.150657083911668,29.76282043296834,29.791549682617188,18509700
2014-01-27,29.805906736703438,29.841816919757242,29.61917214096083,29.66944694519043,8451500
2014-01-28,29.719719278588478,29.95672865885625,29.70535465860693,29.899272918701172,5022200
2014-01-29,29.705362872830456,29.748454004919687,29.295980679351516,29.374984741210938,36942400
2014-01-30,29.4827149987441,29.5329898121633,29.367800748104237,29.418075561523438,19016600
2014-01-31,29.080500504562337,29.475517852742744,28.958402639258377,29.274415969848633,21959500
2014-02-03,29.238511629692116,29.317515663034484,28.60648484249496,28.64239501953125,41150000
2014-02-04,28.757314151534718,28.850680079853852,28.69267472589843,28.793224334716797,11694000
2014-02-05,28.72139811354051,28.86503881698789,28.649575022046015,28.81476402282715,9453300
2014-02-06,28.944053947560608,29.159517825131164,28.929689323752992,29.123607635498047,12794100
2014-02-07,29.231325913388662,29.41806044732488,29.15950283128209,29.396514892578125,6986300
2014-02-10,29.37497668193888,29.53298202253575,29.324701881780175,29.511436462402344,5645800
2014-02-11,29.55453326737888,29.87054671983267,29.439619035598284,29.856182098388672,9688100
2014-02-12,29.920822199614367,29.920822199614367,29.626354302801623,29.726903915405273,8852500
2014-02-13,29.511439252787813,29.892092129915785,29.46834538867523,29.877727508544922,5708600
2014-02-14,29.813082505862074,30.12909863736889,29.726897533528795,30.050094604492188,7234700
2014-02-18,30.01419004168241,30.042919284424134,29.769996957920544,29.877727508544922,7130400
2014-02-19,29.841814796337605,29.94236439764211,29.698171334572102,29.813085556030273,6085300
2014-02-20,29.769997573240637,30.035736224665694,29.719722767289177,29.942367553710938,6793100
2014-02-21,29.97827985814095,30.078829467965594,29.870546567745187,29.877727508544922,5702300
2014-02-24,29.899271490672934,30.186555657269498,29.8920878111397,29.985456466674805,3302300
2014-02-25,29.978279053085338,30.244017691881496,29.978279053085338,30.100374221801758,6304200
2014-02-26,30.1650105790204,30.251195556396,30.014186183670347,30.07164192199707,4877300
2014-02-27,30.028559033065928,30.208112716674805,30.014194409604606,30.208112716674805,4172400
2014-02-28,30.20092751117627,30.538489296055193,30.179381946957328,30.416391372680664,5404800
2014-03-03,30.172195673911496,30.323022829802998,30.071646063164767,30.25119972229004,8829800
2014-03-04,30.452293850565695,30.725213369599885,30.452293850565695,30.660573959350586,7275500
2014-03-05,30.631853085741575,30.674944207303007,30.552849043184004,30.560029983520508,8090900
2014-03-06,30.617480592014775,30.639026147255052,30.552841186523434,30.552841186523438,6145900
2014-03-07,30.66057983219335,30.66776351235854,30.50975542597908,30.639034271240234,4123200
2014-03-10,30.552846634276815,30.674941788769353,30.552846634276815,30.667760848999023,4901200
2014-03-11,30.746761436916493,30.775487932546973,30.58875338198077,30.653392791748047,10017400
2014-03-12,30.50974051352382,30.732387913708962,30.50974051352382,30.7180233001709,5203700
2014-03-13,30.73958685705584,30.861684773766264,30.516942066220974,30.567216873168945,9738900
2014-03-14,30.452302259525585,30.71804091292114,30.445118578752712,30.581581115722656,5299600
2014-03-17,30.682131050615787,30.804226227322314,30.63185624376351,30.76113510131836,4161400
2014-03-18,30.81140563692711,30.876045056743866,30.718036977242654,30.825767517089844,3575000
2014-03-19,30.79704711127406,30.883232108160772,30.43793976117917,30.588764190673828,10676900
2014-03-20,30.488210257670442,30.732403330778453,30.437935454951553,30.69649314880371,9907900
2014-03-21,30.80186873438275,30.975116930150097,30.679153442382812,30.679153442382812,7454000
2014-03-24,30.69360419882955,30.852414883656063,30.60698144060047,30.650291442871094,6111300
2014-03-25,30.765775398553302,30.917368598713455,30.765775398553302,30.874055862426758,9086100
2014-03-26,30.931828796007707,31.02567175809479,30.801893234252926,30.80189323425293,7102300
2014-03-27,30.72970129663758,30.939042183971207,30.72970129663758,30.780231475830078,10552500
2014-03-28,30.80188215042707,30.94625525083512,30.80188215042707,30.85963249206543,4522600
2014-03-31,31.03288009206483,31.119502848960906,30.931816996383645,31.083410263061523,8973400
2014-04-01,31.047317523047823,31.141160457193866,30.960694758898875,31.032882690429688,6524200
2014-04-02,31.05453595576129,31.1411587150643,30.97513061236358,31.068973541259766,6705400
2014-04-03,31.06897180720202,31.170032146363013,31.032879222314193,31.105064392089844,4430400
2014-04-04,31.19891254229655,31.271097724164907,30.96069648549225,31.004009246826172,8815700
2014-04-07,30.93181958628655,31.17003562980619,30.93181958628655,31.032882690429688,15088000
2014-04-08,31.04011130864865,31.206139480554555,30.996798534099234,31.191701889038086,7688000
2014-04-09,31.198904757843984,31.328840255737305,31.16280942222779,31.328840255737305,5559000
2014-04-10,31.328835640028753,31.4948636953897,30.99677677561978,31.018434524536133,6121800
2014-04-11,30.99678542292476,31.12672093792322,30.82353990538538,30.85963249206543,15474700
2014-04-14,31.025659053124,31.15559456167034,30.90294371376785,31.105064392089844,4333800
2014-04-15,31.213342482822657,31.227777312709573,30.989564067950475,31.184467315673828,6318800
2014-04-16,31.357720110918663,31.487655639648438,31.26387992637127,31.487655639648438,4314800
2014-04-17,31.429903384795672,31.523743555427327,31.321622875681932,31.494871139526367,4209600
2014-04-21,31.41547254625116,31.53097049572057,31.35772219467229,31.509315490722656,3739700
2014-04-22,31.538181140221674,31.559838894257066,31.44434096959002,31.494871139526367,5669400
2014-04-23,31.494875651418365,31.538185658318174,31.444345474243164,31.444345474243164,11037100
2014-04-24,31.42990942655015,31.610375140638716,31.401034251410795,31.567062377929688,3946200
2014-04-25,31.53818080543226,31.632023728755474,31.47321305139122,31.610368728637695,6647400
2014-04-28,31.68255771954589,32.036271701696464,31.610372541321546,31.971303939819336,7214200
2014-04-29,31.942434670063275,32.000185026265534,31.83415412902832,31.83415412902832,4222300
2014-04-30,31.761966693658696,31.93521499633789,31.761966693658696,31.93521499633789,4855000
2014-05-01,31.87024133677809,31.935209094064387,31.725868236843226,31.906333923339844,9711100
2014-05-02,31.906333923339844,31.949643925738812,31.805273579491793,31.906333923339844,5245300
2014-05-05,31.78362394419562,31.920779663331704,31.68256357453022,31.83415412902832,3279600
2014-05-06,31.74030336264847,31.798050945934843,31.62480544238808,31.632022857666016,4471900
2014-05-07,31.704216341536178,31.956870001539656,31.704216341536178,31.93521499633789,7554300
2014-05-08,31.935205627302597,32.10123371041358,31.877455292122665,31.978515625,4197900
2014-05-09,31.949638409602358,32.13732423321989,31.91354582927202,32.130104064941406,2792400
2014-05-12,32.173415090641384,32.2672579974248,32.1084473480509,32.15897750854492,4824900
2014-05-13,32.15177187851537,32.26726982393185,32.14455170797721,32.22395706176758,2518600
2014-05-14,32.20230312752876,32.216740715396575,32.01461723893553,32.05071258544922,3165700
2014-05-15,31.95686232880136,31.978517328803832,31.7186463140234,31.769176483154297,4726400
2014-05-16,31.812499789612094,31.978527936643452,31.769187021551854,31.96409034729004,6381700
2014-05-19,31.88468464895688,31.94243500576607,31.80528203887711,31.89912223815918,2805300
2014-05-20,31.89911495320631,31.89911495320631,31.733086845829384,31.78361701965332,6246800
2014-05-21,31.783624610905267,31.98574810816446,31.754752185887043,31.96409034729004,5037700
2014-05-22,31.949640098106933,31.97129785039962,31.834142182733494,31.91354751586914,2898300
2014-05-23,31.906342743564984,32.00740311535028,31.906342743564984,31.96409034729004,2710000
2014-05-27,32.04349241467115,32.07236759040678,31.964087058242345,32.05071258544922,3520700
2014-05-28,32.0795856999041,32.10846087626297,32.000183095449785,32.00740051269531,3903100
2014-05-29,32.03627978085042,32.310585730229924,32.03627978085042,32.26005554199219,6683400
2014-05-30,32.16620156139776,32.541570480180404,32.16620156139776,32.5126953125,4482600
2014-06-02,32.45495502393062,32.49104761786022,32.39720742438095,32.43330001831055,3273000
2014-06-03,32.38997997143514,32.411637725874506,32.30335721474104,32.31779479980469,2674000
2014-06-04,32.29614705990272,32.476612783239105,32.2817094715932,32.43330001831055,3149000
2014-06-05,32.44050290894894,32.60653096962939,32.38997274933694,32.5632209777832,3905400
2014-06-06,32.57044360198532,32.65706910690906,32.563226186752146,32.64984893798828,2562200
2014-06-09,32.577675894653595,32.67873626765319,32.54880071559981,32.59933090209961,6310400
2014-06-10,32.505487947019134,32.635423499072516,32.49105035749224,32.59933090209961,4362000
2014-06-11,32.53435031141653,32.59931806185367,32.462165145903064,32.5126953125,4977900
2014-06-12,32.447728221281444,32.51269597303849,32.22394979774325,32.281700134277344,5186300
2014-06-13,32.325020540337505,32.33224071157267,32.2023051662246,32.27449035644531,1936700
2014-06-16,32.26728121818745,32.42608922815841,32.17343824387106,32.397216796875,18205200
2014-06-17,32.44774699373247,32.44774699373247,32.28893623007231,32.397216796875,4897800
2014-06-18,32.36111375335723,32.78701020271487,32.32501840694061,32.77979278564453,22633400
2014-06-19,32.80865274722465,32.996335794592156,32.78699499868018,32.96746063232422,11404200
2014-06-20,33.055421230976776,33.07722471154085,32.84464501029492,32.866451263427734,5165400
2014-06-23,32.86644500415633,32.873711905437496,32.633865347204186,32.68474197387695,3370700
2014-06-24,32.63386412709202,32.67020417727557,32.48850115378969,32.568450927734375,3677200
2014-06-25,32.45216491795385,32.539381603159235,32.3940186127713,32.517578125,6083000
2014-06-26,32.45214842496211,32.49575535911846,32.270445472465276,32.40127182006836,15990200
2014-06-27,32.4012757403892,32.51756553315472,32.27044937695707,32.45941925048828,4692800
2014-06-30,32.34312698317028,32.626583158063724,32.34312698317028,32.43034362792969,12049100
2014-07-01,32.48124168809756,32.59753154877224,32.35768492412964,32.503047943115234,5099600
2014-07-02,32.51756421539253,32.655657472278115,32.51756421539253,32.59024429321289,3093000
2014-07-03,32.61205405363004,32.81556330140951,32.56844710755198,32.77195358276367,2303400
2014-07-07,32.70655179325828,32.851914800186506,32.670211734668406,32.82284164428711,5813700
2014-07-08,32.771959976596946,32.859176658336885,32.72835024944282,32.757423400878906,4629500
2014-07-09,32.80101778622813,32.93184413393165,32.793748115485144,32.90277099609375,5296000
2014-07-10,32.699283548792714,32.888253509247136,32.6702103940863,32.85191345214844,3871200
2014-07-11,32.851904679351115,32.93185444715959,32.75015143761956,32.895511627197266,3100500
2014-07-14,32.982732297881064,33.0626820686707,32.96092605057699,33.011802673339844,4135600
2014-07-15,32.968197002706546,32.968197002706546,32.69200763087477,32.7210807800293,7181800
2014-07-16,32.85190727631027,32.8882473265774,32.67747115343271,32.72834777832031,4513100
2014-07-17,32.735621321349996,32.786497952251345,32.503041645067135,32.524845123291016,3965200
2014-07-18,32.56118745022156,32.87371693189393,32.55392054782927,32.85191345214844,5929300
2014-07-21,32.72834634585946,32.72834634585946,32.59025305186123,32.699275970458984,5085300
2014-07-22,32.655688011894796,32.728368157685665,32.575738187982935,32.641151428222656,13404200
2014-07-23,32.699278762172796,32.713812564829865,32.56845235771333,32.5975227355957,2796500
2014-07-24,32.65566882361588,32.742885501830884,32.61205909822427,32.68474197387695,3449600
2014-07-25,32.65567018875157,32.68474334022802,32.48123405246123,32.553916931152344,2477800
2014-07-28,32.52484257311596,32.582988873911816,32.34313954198123,32.386749267578125,30101200
2014-07-29,32.42310095400311,32.51031766392554,32.234128181173766,32.241397857666016,6319100
2014-07-30,32.29227102881086,32.33588076536512,31.8997917175293,31.899791717529297,22406900
2014-07-31,31.630860834338197,31.718077504255284,31.3328680039342,31.354671478271484,10784500
2014-08-01,31.31106431414166,31.732613859646804,31.31106431414166,31.594520568847656,11890000
2014-08-04,31.63813322068479,31.754423058260457,31.507306806841108,31.696279525756836,5024400
2014-08-05,31.601799129122437,31.761698725672993,31.42736572612997,31.558189392089844,4571700
2014-08-06,31.245653533148765,31.84890613700467,31.231116958378145,31.827102661132812,27891900
2014-08-07,31.907043612817493,31.907043612817493,31.492761050405104,31.565441131591797,5532600
2014-08-08,31.594517428460684,31.914313699214755,31.5654442840555,31.88524055480957,5259400
2014-08-11,32.00153843809306,32.2631912586541,31.972468058917215,32.11056137084961,23734600
2014-08-12,32.09602727819066,32.146903911395064,32.00881058877863,32.08876037597656,3954200
2014-08-13,32.16142788309452,32.241377638957076,32.05967465656671,32.183231353759766,2704300
2014-08-14,32.292256738837445,32.321329883674835,32.146893787218204,32.31406021118164,2196100
2014-08-15,32.48123802444566,32.56118781449842,32.18324511679271,32.35768127441406,4542700
2014-08-18,32.4376259627946,32.57571926862321,32.40128591100477,32.54664611816406,4427600
2014-08-19,32.604784583578414,32.67019777010745,32.46668853836849,32.63385772705078,2627900
2014-08-20,32.55391701633829,32.648400600031486,32.5175769631818,32.612060546875,5580000
2014-08-21,32.62659443885612,32.81556713583468,32.62659443885612,32.670204162597656,1724000
2014-08-22,32.706534081265815,32.757410690253515,32.59024429321289,32.59024429321289,5176500
2014-08-25,32.74288043699978,32.81556330140951,32.71380729123589,32.77195358276367,1985200
2014-08-26,32.79376717682147,32.84464381132626,32.72835396494836,32.750160217285156,1792300
2014-08-27,32.77922038474329,32.77922038474329,32.699273392983706,32.764686584472656,2054500
2014-08-28,32.67746354028853,32.78648643825804,32.648390397821,32.77921676635742,2797700
2014-08-29,32.80830373711285,32.83010721686966,32.69928356576018,32.8010368347168,3076400
2014-09-02,32.83735140594983,32.96090805876787,32.71379198056532,32.815547943115234,11691900
2014-09-03,32.895515354076714,32.91005192919498,32.80103177466032,32.837371826171875,2391400
2014-09-04,32.88824081682332,33.026334089532064,32.84463110159381,32.939117431640625,4379600
2014-09-05,32.94639829919483,33.12810134887695,32.83737536035816,33.12810134887695,5067000
2014-09-08,33.019070918919404,33.08448411286725,32.86644105723039,32.880977630615234,4229500
2014-09-09,32.90279010367341,32.90279010367341,32.757427102634544,32.8010368347168,3452700
2014-09-10,32.837365535228855,32.99726505832818,32.786488918345924,32.96092224121094,4186400
2014-09-11,32.88825099699642,32.99727393253317,32.85917784451083,32.975467681884766,3924700
2014-09-12,32.931858294234914,32.95366177070506,32.67747238762096,32.74288558959961,5778400
2014-09-15,32.844624720417954,32.93184413393165,32.80828468440409,32.90277099609375,6105500
2014-09-16,32.8519019146902,33.23711137527593,32.822828770194164,33.14989471435547,8388400
2014-09-17,33.11355228694465,33.21530551279029,33.01179628853156,33.07720947265625,10476000
2014-09-18,33.128097728235865,33.17897435478096,33.06268452659671,33.14263153076172,6364600
2014-09-19,33.27941695841585,33.34524448818054,33.18433212872692,33.22821807861328,5411900
2014-09-22,33.206262182669384,33.25746104039882,33.11849032073736,33.1696891784668,6516500
2014-09-23,33.059986319318455,33.118498117586334,32.877132415771484,32.877132415771484,6715600
2014-09-24,32.86981434677385,33.3159782859458,32.86981434677385,33.30134963989258,14707300
2014-09-25,33.198949703560764,33.20626542116615,32.86249923706055,32.86249923706055,11438400
2014-09-26,32.93564423930876,33.05267062606344,32.74547740713083,32.98684310913086,3935200
2014-09-29,32.789348330603985,33.02340099691483,32.767403974924434,32.979515075683594,11255800
2014-09-30,32.994144439697266,33.07460056865509,32.877118103975306,32.994144439697266,7122400
2014-10-01,32.96489821377647,32.96489821377647,32.730845463837554,32.78936004638672,18044800
2014-10-02,32.76742513798219,32.92833749629515,32.694284678819756,32.84788131713867,16950100
2014-10-03,33.04536777778202,33.25016331954157,32.913712703756595,33.23553466796875,9134100
2014-10-06,33.323291999058625,33.323291999058625,33.03072467585512,33.25014877319336,6884100
2014-10-07,33.08191918224508,33.29403032412767,33.05266189575195,33.05266189575195,11318600
2014-10-08,33.103857592098706,33.55002140308065,33.059974456676315,33.53539276123047,9800300
2014-10-09,33.50614385633049,33.72556794042581,33.19894790649414,33.19894790649414,15077400
2014-10-10,33.228196861693355,33.70361791644173,33.228196861693355,33.3598518371582,11403400
2014-10-13,33.3452230674324,33.396421914345176,32.87711772987108,32.8990592956543,20244600
2014-10-14,33.001456263456404,33.06728374948577,32.8039738053683,32.884429931640625,12854000
2014-10-15,32.57724329434875,32.77472579146038,32.02136601578377,32.489471435546875,22241300
2014-10-16,32.057937325025094,32.41632929741579,31.955536828499508,32.248104095458984,19593400
2014-10-17,32.54068772185974,32.730854587897745,32.24080737802273,32.64308547973633,12534400
2014-10-20,32.584563063615896,33.14044045891523,32.55530577120457,33.111183166503906,17229300
2014-10-21,33.00878310315993,33.25014877319336,32.877128086731226,33.25014877319336,13863600
2014-10-22,33.27208910702568,33.550024961271475,33.21357453341913,33.32328796386719,10426900
2014-10-23,33.454949028386935,33.528089468524094,33.24283784580864,33.30134963989258,12604800
2014-10-24,33.41837616550021,33.60854577490143,33.36717729915272,33.579288482666016,9205600
2014-10-27,33.49151901942707,33.79871221405718,33.45494879960857,33.65974426269531,4917200
2014-10-28,33.80603337242843,33.80603337242843,33.645121031177055,33.791404724121094,5633500
2014-10-29,33.79139803501537,33.864538471944336,33.53540092550634,33.73288345336914,6381200
2014-10-30,33.76946250877527,34.02545968527477,33.55735407012426,33.945003509521484,5020200
2014-10-31,34.252185311064714,34.25949823757688,34.05470281369568,34.16441345214844,8184300
2014-11-03,34.11321244151281,34.318007852458685,34.11321244151281,34.29606628417969,14994800
2014-11-04,34.23756193845001,34.53012647615655,34.22293329304536,34.47892761230469,10508200
2014-11-05,34.67640901759921,34.86657582144633,34.552069720877775,34.72029495239258,7780400
2014-11-06,34.7568677377981,34.86657839769481,34.63252564176046,34.79343795776367,5638000
2014-11-07,34.74224465440994,34.91778564453125,34.610589609351294,34.91778564453125,5912000
2014-11-10,34.85925803440429,35.0786820975243,34.778801893563674,35.07136917114258,4209500
2014-11-11,35.05674925231966,35.10794812011785,34.93240715186048,35.005550384521484,3277800
2014-11-12,34.859266709328516,35.05674925231966,34.85195378112694,35.005550384521484,4923700
2014-11-13,35.03480461823438,35.29811186243404,35.00554732772483,35.129886627197266,7507100
2014-11-14,35.144507056473,35.15913569830794,34.8446268741771,34.932395935058594,7544500
2014-11-17,34.87389081756994,35.16645812988281,34.87389081756994,35.16645812988281,4049600
2014-11-18,35.166451137298324,35.356617899398394,35.10793657041947,35.29810333251953,5015400
2014-11-19,35.28347605640034,35.4809557363232,35.23959013301304,35.44438552856445,4919500
2014-11-20,35.33468030264946,35.39319208597552,35.23959551585013,35.290794372558594,4076000
2014-11-21,35.58336403658048,35.64919154104991,35.37125287883135,35.43708038330078,5042300
2014-11-24,35.50290246788007,35.59067153039757,35.3566188369321,35.415130615234375,4912000
2014-11-25,35.415128246306246,35.53215737533906,35.356616471917846,35.44438552856445,6157500
2014-11-26,35.44440001933405,35.61262527590241,35.43708709084375,35.60531234741211,3644800
2014-11-28,35.715032423629026,36.14656503774793,35.69308805383357,36.05879592895508,4640900
2014-12-01,35.89787696408602,35.978330331843296,35.766221940295665,35.82473373413086,8330400
2014-12-02,35.81010685748442,35.97833210949974,35.788165282478225,35.94907760620117,6130900
2014-12-03,35.95638328017201,35.95638328017201,35.6126171270759,35.69307327270508,5909600
2014-12-04,35.700395184889295,35.74427833366334,35.50291264501912,35.663822174072266,8023900
2014-12-05,35.641875699779696,35.73696049259989,35.510220691299,35.729644775390625,6732100
2014-12-08,35.69306816443031,35.84666471676095,35.56141317953887,35.656497955322266,4653600
2014-12-09,35.385889317179874,35.554114578959386,35.18840676027456,35.539485931396484,6120000
2014-12-10,35.53948780324259,35.64188555144689,35.16646703619412,35.20303726196289,5304800
2014-12-11,35.32736879114427,35.70039226599892,35.21034242043333,35.4955940246582,5233700
2014-12-12,35.28348269667569,35.6272460624571,35.03480133093567,35.0421142578125,6812500
2014-12-15,35.18839604278982,35.29079375441317,34.69834626414158,34.80805969238281,9451300
2014-12-16,34.65446910166776,35.378568924531756,34.65446910166776,34.67641067504883,9811500
2014-12-17,34.77880572085514,35.298110045083476,34.74223550466543,35.18108367919922,10126400
2014-12-18,35.68575961811911,35.87592640289561,35.33468054536587,35.85398483276367,8726300
2014-12-19,35.979219571349944,36.11182134208287,35.79505075757567,35.8171501159668,13154400
2014-12-22,35.912925183521594,36.163394927978516,35.905559666122976,36.163394927978516,5125700
2014-12-23,36.318095549810096,36.494898876900606,36.222326963878004,36.41386413574219,5563500
2014-12-24,36.524357390077384,36.561190587660825,36.35491962284644,36.37702178955078,1478000
2014-12-26,36.41385950305251,36.54646127895197,36.399125660153324,36.43595886230469,3302400
2014-12-29,36.39175941323006,36.42859261464199,36.17812291077046,36.32545852661133,13478700
2014-12-30,36.273897360312944,36.35492929247212,36.14866108298769,36.163394927978516,5094900
2014-12-31,36.29599565731596,36.29599565731596,35.70665592594946,35.72138977050781,5218700
2015-01-02,35.81715064487641,35.89818537376462,35.397245968085805,35.618247985839844,7612100
2015-01-05,35.551959100832065,35.63299385707532,35.27202442860237,35.36779022216797,8272700
2015-01-06,35.618242440560564,35.70664548205352,35.22043999461302,35.32357406616211,11112400
2015-01-07,35.58142353631957,35.971863434251986,35.544590325999785,35.92766189575195,9226100
2015-01-08,36.24442603016352,36.51699510963472,36.17075681260825,36.47279357910156,12904100
2015-01-09,36.5906598326676,36.5906598326676,36.178123474121094,36.178123474121094,6382800
2015-01-12,36.16339171726867,36.354926064757194,35.97185736978014,36.067623138427734,6256400
2015-01-13,36.31073435800466,36.50963707085301,35.84662802802516,36.060264587402344,10135000
2015-01-14,35.78769375327562,35.98659364648839,35.69929067829911,35.94976043701172,13315500
2015-01-15,36.185494214198975,36.22969574907842,35.86872357304691,36.00869369506836,10898400
2015-01-16,35.92028403814112,36.33282319078254,35.853983153077195,36.295989990234375,12948500
2015-01-20,36.43595671661234,36.605391684685245,36.14128830656108,36.44332504272461,9978200
2015-01-21,36.36965512759975,36.62749314286398,36.18548632106515,36.62012481689453,7588600
2015-01-22,36.774846817643486,36.99585175910765,36.45071054579437,36.98848342895508,12062000
2015-01-23,36.81167127101247,36.87060384272637,36.568567035934244,36.57593536376953,6423700
2015-01-26,36.561201518292634,36.62750241784182,36.37703266512198,36.57593536376953,4428600
2015-01-27,36.20759197884615,36.31809158730224,35.986587141547496,36.15602493286133,10344800
2015-01-28,36.28863255059858,36.39913499558687,35.706661062882766,35.73612594604492,7765700
2015-01-29,35.876079025288156,36.06761332064008,35.57404233749191,36.023414611816406,9765600
2015-01-30,35.831886679181835,35.853986039251076,35.32358172623627,35.37514877319336,10951600
2015-02-02,35.44145155842504,35.81715475065505,35.12468093292817,35.7950553894043,14354100
2015-02-03,36.0160592630652,36.126561695322316,35.809791053725085,36.1118278503418,6279600
2015-02-04,36.04552927835521,36.384399304187234,36.04552927835521,36.126564025878906,7901300
2015-02-05,36.2370569497482,36.325460008976144,36.14865670071351,36.310726165771484,8079500
2015-02-06,36.3180975761993,36.45806770426211,36.00869524926956,36.14866256713867,6304100
2015-02-09,36.08972753470219,36.11919241369137,35.780322418670984,35.87609100341797,5656100
2015-02-10,36.214955262912575,36.33282319078254,35.99395324943052,36.295989990234375,5055100
2015-02-11,36.31809557573059,36.54646595459516,36.20022762765064,36.465431213378906,4618000
2015-02-12,36.55381865024465,36.63485336303711,36.44331906841249,36.63485336303711,7150600
2015-02-13,36.55383147189048,36.575933644163534,36.38439647216265,36.465431213378906,5932000
2015-02-17,36.41386101525066,36.50962959297585,36.237057703311336,36.47279357910156,4887500
2015-02-18,36.465431316749545,36.67169952392578,36.384396575303576,36.67169952392578,5251200
2015-02-19,36.60539384035552,36.61276216690171,36.391760143800326,36.43595886230469,4380200
2015-02-20,36.31073305942761,36.55383449297456,36.17076292750642,36.539100646972656,5898000
2015-02-23,36.480165318656304,36.64960031959401,36.480165318656304,36.642234802246094,4710600
2015-02-24,36.67906724148717,36.79693518794118,36.53909712306499,36.7674674987793,4275800
2015-02-25,36.7601027511677,36.796935958294405,36.598033267577904,36.642234802246094,3282600
2015-02-26,36.64224244650338,36.73064272408815,36.54647383983997,36.693809509277344,4124200
2015-02-27,36.68642816952071,36.91479851666782,36.6643288105105,36.841129302978516,4578900
2015-03-02,36.870606973823556,36.936907879003094,36.78957222191591,36.907440185546875,5511200
2015-03-03,36.90743480700796,36.914803134395186,36.60539801858247,36.7674674987793,5818200
2015-03-04,36.69380861977393,36.70854246737992,36.42123665435432,36.509639739990234,3635800
2015-03-05,36.60538568380484,36.69378872150165,36.5169854563006,36.63485336303711,5336300
2015-03-06,36.36966821460639,36.44333744984464,35.839263771860935,35.92029571533203,12065500
2015-03-09,36.060253843005114,36.18548728589517,35.949751432060786,36.11918640136719,6436500
2015-03-10,35.905544666254926,35.92764401941217,35.59613967109144,35.60350799560547,7996200
2015-03-11,35.65509836624879,35.65509836624879,35.29412610396447,35.33095932006836,8699500
2015-03-12,35.49301485871858,35.84661865234375,35.456181657127175,35.84661865234375,9905500
2015-03-13,35.77295189341138,35.78768573594005,35.35304721702022,35.566680908203125,5821400
2015-03-16,35.67718377607778,36.00868821170857,35.67718377607778,36.001319885253906,22130500
2015-03-17,35.87608244185721,35.905550124007654,35.64034660503933,35.74348068237305,7487500
2015-03-18,35.65508210576867,36.13391931713428,35.242542967038304,35.9865837097168,19747300
2015-03-19,35.9055548425505,35.9865867638238,35.758219222628945,35.824520111083984,20386700
2015-03-20,35.99943573954472,36.28108746115324,35.94755289969614,36.27367401123047,7951000
2015-03-23,36.236614610035524,36.51826632671788,36.2069664656684,36.332969665527344,4669300
2015-03-24,36.421919346778004,36.5182744236339,36.12544631958008,36.12544631958008,6939800
2015-03-25,36.53309948386726,36.58498233571051,36.036502838134766,36.036502838134766,18476700
2015-03-26,35.85861323474095,36.080968678622106,35.79931694175778,35.8808479309082,7616000
2015-03-27,35.88826179415458,36.14767885827423,35.873440546973455,36.103206634521484,4950100
2015-03-30,36.17733389090219,36.49604448659676,36.036506569258194,36.46639633178711,25326800
2015-03-31,36.318153645888565,36.46639157318918,36.12544631958008,36.12544631958008,7411800
2015-04-01,36.11062458198569,36.17733151221954,35.82156216010681,36.169918060302734,8033400
2015-04-02,36.18472472777407,36.48120045893128,36.13284189893188,36.414493560791016,4821000
2015-04-06,36.35520883420453,36.85921604086131,36.25885376685464,36.70356750488281,5615300
2015-04-07,36.76286240101341,36.836982773931034,36.53309631347656,36.53309631347656,7660800
2015-04-08,36.54050911733695,36.68874704461403,36.429332792431616,36.59239196777344,5039200
2015-04-09,36.59238985321902,36.76286247014545,36.458976009119525,36.6961555480957,4785400
2015-04-10,36.79250749118447,36.88886255426469,36.66650710880509,36.76285934448242,4605100
2015-04-13,36.666512345113624,36.80733682095504,36.58498134374106,36.59239196777344,3712800
2015-04-14,36.5256779644833,36.733212153419736,36.44414697890856,36.67391586303711,5722200
2015-04-15,36.725804643738186,36.874042566269154,36.547921398623586,36.57015609741211,6764300
2015-04-16,36.614625888238386,36.84439196685341,36.58497774022257,36.70356750488281,5796400
2015-04-17,36.533101577938744,36.55533627931652,36.16250814215702,36.36262893676758,5539800
2015-04-20,36.42192145766995,36.703573253124375,36.42192145766995,36.48862838745117,3976200
2015-04-21,36.540515735079644,36.7258124708837,36.4960463280251,36.55533981323242,3948500
2015-04-22,36.584989136608534,36.65169607672212,36.37004423764212,36.57757568359375,2897700
2015-04-23,36.37004140582175,36.629455693062944,36.36263078078786,36.45157241821289,6320800
2015-04-24,36.555335643603314,36.555335643603314,36.41451115832053,36.458980560302734,6555100
2015-04-27,36.51086135790304,36.525685433530036,36.23662302731196,36.25885772705078,6888100
2015-04-28,36.25885209927229,36.34038308886457,36.10320357045222,36.29591369628906,3665100
2015-04-29,36.177333294591136,36.25145085298991,35.91791618538818,35.96979904174805,9409300
2015-04-30,35.88084443266351,36.02166887366439,35.71037184806161,35.8511962890625,8286300
2015-05-01,35.98461227011178,36.19214646038656,35.88084658867577,36.17732238769531,5158300
2015-05-04,36.17732324326008,36.32555831887273,36.16990979303775,36.22920608520508,6710200
2015-05-05,36.214381866871626,36.25885125841588,35.88825791606542,35.94014358520508,6537400
2015-05-06,36.01425654357465,36.14025690679976,35.828959895959514,36.05131530761719,6233300
2015-05-07,35.932735023277246,36.2143867934521,35.85120402448427,36.14026641845703,6433800
2015-05-08,36.325574466475175,36.584991618920206,36.325574466475175,36.44416427612305,6946500
2015-05-11,36.34038308886457,36.56274136135368,36.28108962296293,36.29591369628906,3988400
2015-05-12,35.954968920731915,36.332975756273974,35.954968920731915,36.214385986328125,4903400
2015-05-13,36.20696888094143,36.45897247006717,36.15508603853933,36.19955825805664,3716900
2015-05-14,36.347806598411616,36.77028290921577,36.347806598411616,36.75545883178711,6174300
2015-05-15,36.762851952817336,36.87403106689453,36.725793190592384,36.87403106689453,5014300
2015-05-18,36.83698984394294,36.8518139213716,36.69616252207244,36.75545883178711,6199900
2015-05-19,36.777681703339816,36.777681703339816,36.540502195585965,36.65909194946289,5157200
2015-05-20,36.607223840845094,36.75546179969793,36.57757568359375,36.57757568359375,5463200
2015-05-21,36.584974413565845,36.70356416744277,36.45897120965756,36.65909194946289,4313600
2015-05-22,36.4886167853176,36.61461998035229,36.481206163210885,36.503440856933594,5336900
2015-05-26,36.45897614985257,36.47380022452119,36.140265612985004,36.214385986328125,8790100
2015-05-27,36.28851568109848,36.50346059464903,36.25886752183549,36.44416427612305,7599900
2015-05-28,36.40708557664992,36.44414434175606,36.23661299523964,36.39226150512695,5741300
2015-05-29,36.33298256775651,36.370041347674054,36.09580298339985,36.16250991821289,6663600
2015-06-01,36.23662747804797,36.31074786528672,36.03650667360885,36.16250991821289,5992300
2015-06-02,36.058751482856934,36.1476931380949,35.888275971494835,36.066162109375,4998200
2015-06-03,36.11062171986856,36.214387419251565,35.99203194523037,36.043914794921875,5892700
2015-06-04,35.977206450684776,36.06614807130388,35.710378761424316,35.78449630737305,7084800
2015-06-05,35.68815611123367,35.777097761878956,35.25085565673853,35.27309036254883,9482300
2015-06-08,35.25083675332686,35.38425057145311,35.17671639469973,35.25824737548828,10944000
2015-06-09,35.30273340780603,35.56214769602672,35.24343709769634,35.428733825683594,7096700
2015-06-10,35.51768244277438,35.851217184172754,35.51768244277438,35.777099609375,7091600
2015-06-11,35.80673647900637,35.92532625772937,35.72520547599617,35.762264251708984,7469300
2015-06-12,35.673319920299534,35.702965242180504,35.495433851998015,35.621437072753906,6748800
2015-06-15,35.48060069518777,35.5473076003001,35.33977626324057,35.36201095581055,7632600
2015-06-16,35.45837036019722,35.76966740404269,35.40648751955631,35.747432708740234,5036400
2015-06-17,35.85861259750352,35.99943704973168,35.665902476135706,35.94014358520508,10508800
2015-06-18,36.05132684133549,36.48121655848823,36.02167868965529,36.340389251708984,8821000
2015-06-19,36.364261218533066,36.47612944777848,36.2896842956543,36.2896842956543,8908200
2015-06-22,36.491022113571056,36.58051493289868,36.39406989975962,36.431358337402344,4445900
2015-06-23,36.44627886653532,36.45373826195755,36.200172871191846,36.274749755859375,5107500
2015-06-24,36.25985157258226,36.319515385484465,36.110694885253906,36.110694885253906,6765100
2015-06-25,36.252385256544564,36.252385256544564,36.0435676574707,36.0435676574707,6443700
2015-06-26,36.095776299731035,36.24493011949939,36.051028446844484,36.11814880371094,4608000
2015-06-29,35.93169369394897,35.9988140321539,35.54388761153452,35.55880355834961,8106200
2015-06-30,35.931707222931735,35.931707222931735,35.49169658345493,35.49915313720703,10039900
2015-07-01,35.73779026254769,35.95406723022461,35.588636479940476,35.95406723022461,6859600
2015-07-02,35.97645117731108,36.11814844264519,35.81983511623716,35.92424392700195,6956600
2015-07-06,35.68558874633709,36.02864987079624,35.64830029767939,35.8944091796875,8740700
2015-07-07,35.99135329740289,36.662556654483325,35.87202857224701,36.63272476196289,17427000
2015-07-08,36.319497850473375,36.49102696236241,36.20017312720597,36.2225456237793,11754300
2015-07-09,36.66255510396481,36.729675436834235,36.252376556396484,36.252376556396484,8359900
2015-07-10,36.58799355332417,36.7669792860313,36.5507022511605,36.677486419677734,7782500
2015-07-13,36.84901677476857,37.035461911828705,36.84901677476857,37.020545959472656,7031800
2015-07-14,37.028007225988176,37.09512759251279,36.960886859463564,37.0802116394043,6858300
2015-07-15,37.072746338480584,37.087662289214485,36.90867657026113,36.983253479003906,5980500
2015-07-16,37.16968862281686,37.41579463157689,37.12494078262142,37.363590240478516,4451200
2015-07-17,37.27411193580856,37.34869169854151,37.12495525526973,37.34123229980469,4874400
2015-07-20,37.363604041469415,37.453099754917304,37.259195220707205,37.40835189819336,6345400
2015-07-21,37.3188591003418,37.430724474973005,37.21445027938187,37.3188591003418,6146000
2015-07-22,37.318854046432484,37.53513105766128,37.296478698594825,37.4008903503418,6107900
2015-07-23,37.482923165761775,37.482923165761775,37.20698520319904,37.25918960571289,4535100
2015-07-24,37.3486671690608,37.3486671690608,37.00560617565551,37.05035400390625,9950100
2015-07-27,36.90121192249522,37.08765701275334,36.789346575296136,37.02799606323242,9567100
2015-07-28,37.192071275444675,37.45309614713319,37.087662464739964,37.44563674926758,8765800
2015-07-29,37.48291870887399,37.65445069093966,37.40834181270075,37.57241439819336,6105100
2015-07-30,37.39343234391522,37.497841154619934,37.199530673310285,37.44563674926758,7029100
2015-07-31,37.572418482792344,37.6022475375487,37.46800967882875,37.52021408081055,6168800
2015-08-03,37.512750605313784,37.60970284627998,37.40834181270075,37.57241439819336,6961400
2015-08-04,37.550039053400404,37.624618794499874,37.37105336461413,37.57241439819336,5633000
2015-08-05,37.69174087682596,37.952762870393116,37.67682492791836,37.90055847167969,5239900
2015-08-06,37.997506525290284,37.997506525290284,37.56495258946755,37.617156982421875,7889500
2015-08-07,37.55750857567952,37.66191739644173,37.24427926846589,37.40835189819336,6889700
2015-08-10,37.512756559422606,37.66936977320015,37.482924658247825,37.550045013427734,5780000
2015-08-11,37.30393664681758,37.49783830267509,37.28902069714755,37.415802001953125,5616200
2015-08-12,37.17714657645223,37.46054388519764,36.92358116229604,37.43817138671875,8275100
2015-08-13,37.400888737915665,37.49783814296825,37.244272689510545,37.28902053833008,4935200
2015-08-14,37.281570571532676,37.41580845185052,37.19207485808478,37.40835189819336,5247000
2015-08-17,37.28902353321051,37.46055270007207,37.15478282089681,37.44563674926758,4978400
2015-08-18,37.31139400822674,37.41580281325445,37.21444460065906,37.25918960571289,5108300
2015-08-19,37.177152069827606,37.19206801932622,36.737141516861016,36.91613006591797,9309200
2015-08-20,36.662568382184816,36.90867730681545,36.50595516374356,36.58053207397461,12756300
2015-08-21,36.29711736659064,36.379153635638104,35.58116912841797,35.58116912841797,23544300
2015-08-24,33.858426131038925,35.1262503416227,32.60551502264407,34.34318161010742,68723800
2015-08-25,35.581178130439554,35.581178130439554,34.04487250295843,34.08216094970703,35853900
2015-08-26,34.760827805068175,35.14863398687855,34.11945615226358,35.08897018432617,24372800
2015-08-27,35.37236463824378,35.71542293983628,34.95472658961393,35.60355758666992,19550400
2015-08-28,35.50660393966278,35.56626489001665,35.312699449928445,35.52897644042969,8695300
2015-08-31,35.4394921085878,35.4394921085878,35.18592660756751,35.28287887573242,12948300
2015-09-01,34.58183981954104,34.93981410605015,34.34319029520163,34.55946731567383,15589300
2015-09-02,34.85778295460578,35.03676868726358,34.69371032889702,35.02931213378906,9637300
2015-09-03,35.17099972729085,35.48422894060615,35.09642283336757,35.26795196533203,7626800
2015-09-04,34.80556039083314,34.89505606272297,34.55945440545031,34.693695068359375,10507100
2015-09-08,35.25303785402548,35.45439889201937,35.00692897039085,35.417110443115234,6867300
2015-09-09,35.7452486549604,35.75270520591097,34.74590297695157,34.83539581298828,7587400
2015-09-10,34.67133554870823,35.14117519980328,34.65641959781092,34.89506912231445,14986300
2015-09-11,34.85777270069322,35.133710616910285,34.73098856950629,35.126251220703125,5127300
2015-09-14,35.111345108295446,35.178462617965465,34.87269274589763,35.0143928527832,6180100
2015-09-15,35.059131931113704,35.49914243797393,34.91743469311424,35.43202209472656,7284500
2015-09-16,35.75271862796398,35.87950280112794,35.55135753759323,35.834754943847656,11470700
2015-09-17,35.80492303899413,36.259849630765764,35.73034612178735,35.834754943847656,13063900
2015-09-18,35.4204216003418,35.8107296313307,35.27781020688206,35.4204216003418,10970800
2015-09-21,35.51050021046865,35.78071086184832,35.502992688794436,35.683135986328125,9770600
2015-09-22,35.32284814814919,35.38289399815952,35.105175857391245,35.292823791503906,10674800
2015-09-23,35.28530614564286,35.412908193130015,35.172719135450066,35.35285949707031,6458500
2015-09-24,35.0901596375601,35.46545546256074,35.075147460966484,35.41291427612305,7740100
2015-09-25,35.615582831806954,35.99838340446437,35.50299291222975,35.638099670410156,12257300
2015-09-28,35.54800763673595,35.623065628203584,35.04510993141057,35.11266326904297,15816000
2015-09-29,35.21025759781042,35.22526977585825,34.88750292798257,35.0976676940918,15304100
2015-09-30,35.24028119421161,35.5405161588553,35.180232483314796,35.4204216003418,12715600
2015-10-01,35.442941298568165,35.52550684441122,35.15771564836856,35.4204216003418,13766200
2015-10-02,35.22526032260058,35.92331066645072,35.045117097651115,35.90829849243164,13196700
2015-10-05,36.17102080479388,36.568836438748505,36.058433743444276,36.523799896240234,10515800
2015-10-06,36.448732082399566,36.57633129037229,36.26108416718324,36.27609634399414,9444000
2015-10-07,36.448741601099016,36.67391858550827,36.328647018528706,36.60636520385742,11944000
2015-10-08,36.553823108141316,37.056718265568975,36.4862697281441,37.04170608520508,12447100
2015-10-09,37.10925158625119,37.23685366061181,37.0041692092954,37.124263763427734,12459500
2015-10-12,37.139281977926935,37.30441309043244,37.101752960524905,37.22184753417969,5652600
2015-10-13,37.154289525997754,37.20683071646705,36.94412476412054,36.996665954589844,10162600
2015-10-14,36.92910840330846,37.079227300479275,36.48625923145847,36.568824768066406,10771200
2015-10-15,36.7939960162866,36.92159519810095,36.64387714223255,36.899078369140625,5255600
2015-10-16,36.92909939483444,37.28938294218903,36.92159187700339,37.251853942871094,6921900
2015-10-19,37.251860175520214,37.42449589188988,37.13927029544976,37.416988372802734,6284300
2015-10-20,37.409493837891695,37.46203503259803,37.334435806391326,37.39448165893555,6078400
2015-10-21,37.32692428172704,37.65718359349882,37.32692428172704,37.40198516845703,14418900
2015-10-22,37.55209724982838,38.197606491139766,37.49205141006533,38.14506530761719,13590300
2015-10-23,38.28018221230933,38.37775994907885,37.87486194875637,38.08502960205078,13360200
2015-10-26,38.08502105649507,38.16007907514972,37.949914332292806,38.00996017456055,8893000
2015-10-27,37.88987186743081,38.06250762939453,37.76977729983517,38.06250762939453,5126200
2015-10-28,38.07000166980722,38.077506324939385,37.439504697370126,37.84482192993164,10430900
2015-10-29,37.82981509259865,37.94240210661691,37.649671861578106,37.85983657836914,5606900
2015-10-30,37.73974527178736,37.73974527178736,37.432002825914914,37.439510345458984,8577100
2015-11-02,37.46201664474594,37.672181320414076,37.409475475828906,37.664676666259766,13054000
2015-11-03,37.44701383996292,37.58212055476704,37.22183693638261,37.48454284667969,12452900
2015-11-04,37.529583464664114,37.597136829431705,37.1843119839764,37.32692337036133,8067600
2015-11-05,37.28940312921437,37.379473348993734,37.109259826374974,37.319427490234375,9691800
2015-11-06,37.14678510861061,37.21433847726162,36.643887172368615,36.914100646972656,13747200
2015-11-09,36.73395427236702,36.79400297866316,36.46374368387415,36.66640090942383,7896000
2015-11-10,36.62886272932528,36.82401811264923,36.62886272932528,36.76396942138672,7438600
2015-11-11,36.7039363826559,36.9441255048399,36.7039363826559,36.71144104003906,7264700
2015-11-12,36.62136939582246,36.658898407823784,36.21604919433594,36.21604919433594,8473500
2015-11-13,36.110959699326195,36.27609075552709,35.870770633913715,35.900794982910156,9112400
2015-11-16,35.78069886758657,36.52378578380765,35.78069886758657,36.51628112792969,9734900
2015-11-17,36.61386496910088,36.80151290824269,36.396195535789424,36.501277923583984,8056200
2015-11-18,36.60635301398615,37.02668534465245,36.553811830562836,37.00416564941406,7826200
2015-11-19,37.02669519950423,37.266884348589805,37.01918767800002,37.10175323486328,7421100
2015-11-20,37.266879711097864,37.439515461565286,36.80901830785462,36.83904266357422,5487200
2015-11-23,36.84654562442588,37.22934612074576,36.84654562442588,37.16179275512695,5316600
2015-11-24,37.07173237120318,37.35695808636875,36.9066012419051,37.25938034057617,9786000
2015-11-25,37.25937113086559,37.447019053856074,37.22934677599989,37.35694885253906,5599000
2015-11-27,37.341930139880894,37.58211921021073,37.341930139880894,37.49955368041992,2712600
2015-11-30,37.50706212570154,37.58212013830333,37.08672981060442,37.094234466552734,10355200
2015-12-01,37.16929957437031,37.432005511666794,37.16929957437031,37.409488677978516,10807900
2015-12-02,37.35695428745138,37.46203668148925,37.169306337160755,37.22184753417969,7832000
2015-12-03,37.35695846482327,37.49206523320302,36.884084775494145,37.02669906616211,12556000
2015-12-04,37.124257206321,37.88986092741915,36.97413832435046,37.85983657836914,12783200
2015-12-07,38.00245668381846,38.08502222483938,37.81480876814543,37.964927673339844,9022000
2015-12-08,37.724733477303836,37.94991325342596,37.64217080444282,37.867347717285156,6436400
2015-12-09,37.65718085532037,38.06250102434997,37.35694592007166,37.50706481933594,18821800
2015-12-10,37.58963682868878,37.792294084814074,37.43951790357938,37.55210494995117,7842700
2015-12-11,37.17680360711178,37.40198339333452,37.03419222401332,37.13927459716797,11597900
2015-12-14,37.13927365930244,37.537086308564916,36.99666227980529,37.50706481933594,16609500
2015-12-15,37.799806062551504,37.92740530280649,37.60465057791593,37.74726486206055,11557500
2015-12-16,37.91239032100187,38.557899723088866,37.90488566289223,38.47533416748047,20860400
2015-12-17,38.47532504529981,38.47532504529981,37.972430036052465,37.97993469238281,10235700
2015-12-18,37.942129134890145,37.942129134890145,37.30698776245117,37.30698776245117,14720600
2015-12-21,37.55651647661691,37.737986726748495,37.40529463327432,37.73042678833008,8155500
2015-12-22,37.790916141887685,38.26727303969683,37.70774239480032,38.22190475463867,7185700
2015-12-23,38.38822782060594,38.55457520892611,38.3201768785086,38.501644134521484,6464100
2015-12-24,38.41848273108823,38.57726734006874,38.41848273108823,38.46384811401367,2312100
2015-12-28,38.29751045676651,38.41848964027582,38.2597021183682,38.410926818847656,4620900
2015-12-29,38.66045570951366,38.78143491712534,38.49410821740817,38.743629455566406,4134000
2015-12-30,38.720937422918425,38.76630569985704,38.562152780190296,38.607521057128906,6942900
2015-12-31,38.47897542869296,38.48653824965705,38.131160657992744,38.17652893066406,6801400
2016-01-04,37.67749182020628,37.69261169433594,37.314551384926865,37.69261169433594,17281200
2016-01-05,37.78334469574281,38.02530304028387,37.68504821690708,37.934566497802734,8630500
2016-01-06,37.55652045769501,37.95726646127383,37.533837755663555,37.8060417175293,12429100
2016-01-07,37.38259858661238,37.75309892159813,37.21625402861779,37.35235595703125,16031500
2016-01-08,37.594314098124045,37.594314098124045,36.98941535981272,37.06502914428711,14691000
2016-01-11,37.291862632886854,37.548943716908006,37.04990430491057,37.412841796875,15890200
2016-01-12,37.63968709227278,37.768229109675026,37.31455496424369,37.61700439453125,13171500
2016-01-13,37.662366243617015,37.69260887398468,36.89112292400628,36.92892837524414,19407900
2016-01-14,37.03479325675165,37.359925403574,36.86088583381415,37.10284423828125,19025800
2016-01-15,36.47525305612716,36.76257676045532,36.233291850021836,36.5206184387207,24210900
2016-01-19,36.89112414164062,37.09527704630862,36.72477668945829,36.95917510986328,14945200
2016-01-20,36.550879733029525,36.71722723269144,35.83256439329266,36.49795150756836,28302800
2016-01-21,36.52818520937907,36.800386187491924,36.30134673439515,36.6416015625,21001000
2016-01-22,37.05747218162117,37.344798839301944,36.7701484083118,37.269187927246094,13754500
2016-01-25,36.66428433325677,37.25405740056589,36.60379330872722,36.936485290527344,15869400
2016-01-26,37.04990924038079,37.51870320273719,37.0121037874179,37.2767448425293,10523400
2016-01-27,37.32966721302157,37.7077274522422,37.012097996574184,37.23893356323242,17247400
2016-01-28,37.36748318188828,37.753106349723495,37.2540668088091,37.61700439453125,15649200
2016-01-29,37.874076906375635,38.43360735947448,37.700169533156355,38.38067626953125,20576300
2016-02-01,38.29751487819492,38.668012408553516,38.18409561864832,38.50922775268555,18573100
2016-02-02,38.22946171846415,38.22946171846415,37.92701229984145,38.01774597167969,14068600
2016-02-03,38.16140496963459,38.22945593430995,37.57919180171674,37.934566497802734,25209800
2016-02-04,37.768224055979495,37.813589445392296,37.40528651882134,37.586753845214844,21240800
2016-02-05,37.654807129106125,37.76822637835459,37.32967502458992,37.526268005371094,20073300
2016-02-08,37.276753783131944,37.53383496305858,36.96674437948851,37.427978515625,21546900
2016-02-09,37.13307496958479,37.881632583883295,37.10282945998047,37.67748260498047,24376300
2016-02-10,37.81359703199103,38.03287273938368,37.5867613863032,37.63212966918945,14798700
2016-02-11,37.1859966892702,37.503565831665185,36.95916117550663,37.32965850830078,26010400
2016-02-12,37.5565097963666,37.866522019443025,37.38260239995846,37.85895919799805,12464000
2016-02-16,38.18408253169517,38.214328041791,37.8740732641394,38.161399841308594,15217700
2016-02-17,38.32775742867907,38.668012322187316,38.21434105375738,38.554595947265625,11040500
2016-02-18,38.426044539037925,38.50165543717818,38.17652626767839,38.38067626953125,13101900
2016-02-19,38.27482608923311,38.51678446391592,38.06311323247848,38.4411735534668,9795000
2016-02-22,38.66046021768489,38.74363397343648,38.524358232704515,38.63021469116211,9152000
2016-02-23,38.554587738180416,38.698249602907886,38.46385119631689,38.62263870239258,9986500
2016-02-24,38.441179994351295,38.788994855688394,38.244589863621755,38.743629455566406,13271700
2016-02-25,38.841916007093495,39.20485356385125,38.751182338996884,39.18217086791992,9512000
2016-02-26,39.288039028985835,39.288039028985835,38.554603759227305,38.63021469116211,28143900
2016-02-29,38.60750339896071,38.90994978710553,38.494084200675125,38.501644134521484,13596800
2016-03-01,38.72093336097699,38.94020901662061,38.660445215775574,38.87215805053711,13169700
2016-03-02,38.91754089685997,38.985591888427734,38.675582456701726,38.985591888427734,16157700
2016-03-03,38.82679324834884,39.18217086791992,38.69069130401827,39.18217086791992,10743600
2016-03-04,39.16704435372015,39.446808152743365,39.015819665144804,39.348514556884766,17384700
2016-03-07,39.182166840300454,39.31826877064081,39.03850497355052,39.1065559387207,14095900
2016-03-08,39.00070932378304,39.43169791671287,38.9326583415114,39.2199821472168,11554900
2016-03-09,39.340954665266445,39.56779315720471,39.33339472824175,39.514862060546875,11307500
2016-03-10,39.65853317487879,39.74926685556282,39.189739126244284,39.529991149902344,13004500
2016-03-11,39.7265936308921,39.809767393176806,39.5148778129749,39.65854263305664,12880500
2016-03-14,39.63584518432617,39.72658174387144,39.51486598930401,39.63584518432617,10645100
2016-03-15,39.52244081307268,39.78708198118007,39.454389814934714,39.734153747558594,6523700
2016-03-16,39.70389948747135,39.91561525977248,39.43169843915007,39.82487869262695,13743400
2016-03-17,39.80975615646226,40.19537644576961,39.77194781382472,40.066837310791016,13903400
2016-03-18,40.136001579725445,40.17400137910932,39.953598483804456,40.014400482177734,13037000
2016-03-21,40.029587786201795,40.18158984383833,39.85478643463912,40.03718948364258,11421400
2016-03-22,39.90798672171394,40.01439019150294,39.740787067584584,39.80158615112305,9853200
2016-03-23,39.71798586639085,40.23479113576615,39.702788269525264,39.80918884277344,11304300
2016-03-24,39.672403096898464,39.80160301616209,39.63440329118559,39.76360321044922,9455500
2016-03-28,39.8091911705413,40.0599921222631,39.8091911705413,39.97639083862305,7363500
2016-03-29,39.953599558604886,40.288001861057204,39.900399258196536,40.272804260253906,10354700
2016-03-30,40.40960411118896,40.5388069152832,40.31080520716285,40.5388069152832,8932300
2016-03-31,40.47038528585174,40.538786053006994,40.280383476997976,40.325984954833984,8297400
2016-04-01,40.158789720042606,40.865596809128135,40.1055894358489,40.75159454345703,14840300
2016-04-04,40.804799720138334,40.850401211713994,40.55399876446818,40.76679992675781,12949000
2016-04-05,40.59959898017451,40.69080196697249,40.40199830717593,40.49319839477539,11748800
2016-04-06,40.38680692510428,40.820011062978594,40.38680692510428,40.81241226196289,11672400
2016-04-07,40.538803697043804,40.68320409091013,40.242401210097846,40.37160110473633,11243400
2016-04-08,40.54640137223388,40.63760436507081,40.46280297759808,40.592002868652344,7040200
2016-04-11,40.63759725550556,40.76679712395625,40.27279404557643,40.303192138671875,6694100
2016-04-12,40.31079110164384,40.5995918112465,40.31079110164384,40.553993225097656,9361100
2016-04-13,40.65279434291221,40.69839292833103,40.059986639685924,40.24238967895508,14780000
2016-04-14,40.21959461956178,40.31839640415392,40.02959274876068,40.059993743896484,11811300
2016-04-15,40.052392187851034,40.3259953268439,40.00679069828614,40.310794830322266,12384200
2016-04-18,40.24240440480684,40.5388069152832,40.21200340393773,40.5388069152832,8476800
2016-04-19,40.45518923381554,40.553990997039804,40.33358817876945,40.5159912109375,5980100
2016-04-20,40.44759918388188,40.44759918388188,39.961194858502814,40.059993743896484,20207300
2016-04-21,39.907981003732246,39.96118418060289,39.31517625297778,39.345577239990234,30667400
2016-04-22,39.21637948544512,39.48998260498047,39.17078089832127,39.48998260498047,22004200
2016-04-25,39.26959703858389,39.76360321044922,39.26199823712105,39.76360321044922,8947300
2016-04-26,39.86239513578144,39.88519443371335,39.53559166916386,39.6039924621582,10821800
2016-04-27,39.748393407859396,39.9155959929126,39.451990933773196,39.79399490356445,12012100
2016-04-28,39.64198743083963,40.06759263532961,39.634388632187246,39.83198928833008,11547000
2016-04-29,39.82439650644896,39.83199530624939,39.51279352905478,39.74839401245117,13198500
2016-05-02,39.862395143845795,40.24239890518046,39.73319235740873,40.20439910888672,14096300
2016-05-03,40.05998286559253,40.28798446880023,40.01438428446959,40.12838363647461,12837300
2016-05-04,40.01440709476102,40.32601013992093,39.90040477857108,40.25000762939453,11003200
2016-05-05,40.15879328318778,40.47799501667161,40.1283922897517,40.25759506225586,10555900
2016-05-06,40.19679092801054,40.46279525756836,40.06759106160675,40.46279525756836,8435400
2016-05-09,40.48560016042567,40.79720312167068,40.39440007155357,40.68320083618164,9845100
2016-05-10,40.81239542428272,41.08599853515625,40.76679393940447,41.08599853515625,8567400
2016-05-11,41.025194822972715,41.07079630592538,40.74399292609261,40.759193420410156,6462100
2016-05-12,40.850402930949734,41.06320410219534,40.766801642475095,40.9796028137207,11906400
2016-05-13,40.880798747789896,40.941597832215756,40.394394475590424,40.46279525756836,10657700
2016-05-16,40.38679391469717,40.81239911444916,40.356392922029556,40.72119903564453,8139300
2016-05-17,40.56919140024239,40.69839125253974,39.81678288063539,39.92318344116211,19898200
2016-05-18,39.702784482396915,39.82438554010971,39.30758032003088,39.45957946777344,20120200
2016-05-19,39.58118940896942,39.862391353845595,39.48238762864058,39.847190856933594,13237300
2016-05-20,39.95358977265041,39.97638906746999,39.596385358086444,39.64198684692383,7050800
2016-05-23,39.7103745848658,39.786374142095724,39.603974045064994,39.67997360229492,8546700
2016-05-24,39.77119828708231,40.105600580538805,39.755997787488994,40.014400482177734,11258200
2016-05-25,40.09040725890668,40.24240938285615,39.99920714421675,40.0752067565918,9767300
2016-05-26,40.12079523515553,40.32599760097228,40.12079523515553,40.23479461669922,7957000
2016-05-27,40.2803955078125,40.34879629539748,40.15119563081776,40.2803955078125,7873000
2016-05-31,40.341180982071485,40.401980046592115,39.930776424567725,40.021976470947266,8766400
2016-06-01,40.05239221931405,40.432395935058594,40.05239221931405,40.432395935058594,10175800
2016-06-02,40.34879952855332,40.447601318359375,40.21199794242143,40.447601318359375,6309800
2016-06-03,40.523598212642014,40.72120177909618,40.36399733918179,40.70600128173828,13362500
2016-06-06,40.77439673611008,40.85799511184443,40.55399390205157,40.75159454345703,10778100
2016-06-07,40.782000869329316,40.8656021551985,40.637600493226984,40.70600128173828,5572800
2016-06-08,40.69840721596261,40.96441162081403,40.61480591441499,40.94921112060547,6024500
2016-06-09,40.873199443866866,41.13160209100526,40.865600645067936,41.108802795410156,5946800
2016-06-10,40.90359498309631,41.207599080085274,40.85799349878859,41.139198303222656,10563900
2016-06-13,41.13919932739772,41.2076001059632,40.79719543457031,40.79719543457031,9091800
2016-06-14,40.78200099679958,40.972002865569465,40.53879883671001,40.95680236816406,9530900
2016-06-15,40.94921119499411,41.06321059796698,40.78200859159513,40.835208892822266,9347600
2016-06-16,40.70599930891047,41.0708025302243,40.645197322425695,41.04800033569336,12205700
2016-06-17,40.98912842560335,41.050293300233754,40.61448299566917,40.88208770751953,10077500
2016-06-20,41.14204598874648,41.2720231734009,40.95854552710631,41.01206588745117,6497500
2016-06-21,41.065582123058206,41.22614318796562,41.05029017640408,41.119102478027344,6879100
2016-06-22,41.17261741062847,41.28730553710986,41.096160604067684,41.14203643798828,5408300
2016-06-23,41.3026108078198,41.39435958862305,41.18792264433488,41.39435958862305,5642500
2016-06-24,40.637417266661885,41.11910043748045,40.43098037203659,40.599185943603516,23775900
2016-06-27,40.53802740648689,40.606839715440046,40.255133654853225,40.51509094238281,19305900
2016-06-28,40.85915142614984,40.85915142614984,40.40040462338851,40.76740264892578,11868600
2016-06-29,40.98147873931576,41.26437538342408,40.85150156497463,41.24143600463867,10821000
2016-06-30,41.29496045073486,42.16658401489258,41.2873159348097,42.16658401489258,20984800
2016-07-01,42.24303023736605,42.25832218201894,41.952489122241644,41.96778106689453,14933900
2016-07-05,41.91426991730573,42.472412894743435,41.91426991730573,42.204811096191406,19917100
2016-07-06,42.19715852435411,42.31184666213102,41.983077111587086,42.24303436279297,19540000
2016-07-07,42.350084355352806,42.426544102849704,42.07483509764625,42.158939361572266,15618100
2016-07-08,42.31951419553152,42.61770293261572,42.18953695755094,42.579471588134766,10227500
2016-07-11,42.58708953857422,42.717066686565296,42.37300524094176,42.58708953857422,8213900
2016-07-12,42.51829195676178,42.57945683678542,42.34243891631233,42.357730865478516,15270800
2016-07-13,42.41123669805352,42.64825453731817,42.32713246477636,42.59473419189453,9398800
2016-07-14,42.57179759469761,42.83175480731983,42.51062981919117,42.58708953857422,15486400
2016-07-15,42.617673426327435,42.785878975690004,42.5029853055729,42.58708953857422,10722200
2016-07-18,42.587108915246986,42.61769281691555,42.472420742310575,42.54123306274414,9656800
2016-07-19,42.418890423828195,42.51063919067383,42.30420519443134,42.51063919067383,5295600
2016-07-20,42.5030000075956,42.55652037135669,42.33479148340871,42.357730865478516,6073200
2016-07-21,42.296562217659975,42.31949868262714,42.07483333417395,42.23539733886719,6682400
2016-07-22,42.31950448363178,42.45712912558192,42.26598411361133,42.4341926574707,10602400
2016-07-25,42.39596072662159,42.42654462599747,42.19716829731955,42.38831329345703,4033400
2016-07-26,42.334789030684,42.4647691327454,42.02895881500234,42.059539794921875,11737800
2016-07-27,42.00601776810358,42.00601776810358,41.317897622633296,41.43258285522461,21562400
2016-07-28,41.6772346478886,41.69252659059543,41.31023677284446,41.61606979370117,10873800
2016-07-29,41.66961604828472,41.88369754603315,41.58551176941451,41.822532653808594,9262200
2016-08-01,41.79192850753201,41.952489553075885,41.669595865692834,41.868385314941406,14918200
2016-08-02,41.8836887314266,41.9677929925967,41.63137886455734,41.80723190307617,11733500
2016-08-03,41.876043681253144,41.876043681253144,41.46316981348719,41.577857971191406,13290800
2016-08-04,41.64666116586886,41.83780610910617,41.53962046431843,41.66959762573242,8943200
2016-08-05,41.83781096307883,41.95249619234263,41.65431051295975,41.7384147644043,12028500
2016-08-08,41.91426424153191,41.94484813340805,41.56255823487774,41.692535400390625,8057700
2016-08-09,41.69255251828872,41.975449259332464,41.69255251828872,41.822532653808594,7840900
2016-08-10,41.937202025237774,42.05953467996145,41.891329102616744,41.975433349609375,7303600
2016-08-11,42.189514766215666,42.189514766215666,41.96014140318884,41.975433349609375,8083000
2016-08-12,42.05189615520202,42.166584311372596,42.02131225800441,42.12070846557617,8783800
2016-08-15,42.174225317569444,42.24303762221696,42.01366424560547,42.01366424560547,8568200
2016-08-16,41.952506182762654,41.960153616519136,41.822528975316565,41.83017349243164,6712100
2016-08-17,41.81487463371343,42.00601961306845,41.66196098354215,41.944854736328125,12552000
2016-08-18,42.0136730163436,42.136005703850515,42.0136730163436,42.09012985229492,6683700
2016-08-19,42.03660231467897,42.04424974695468,41.906625132400386,41.990726470947266,5846500
2016-08-22,41.99073115782918,42.09777480515106,41.914274326383286,42.05189895629883,9938600
2016-08-23,42.07482176282452,42.15128148608895,41.952489122241644,41.96778106689453,5687400
2016-08-24,41.952503367847626,42.036607633677264,41.73077738669091,41.898983001708984,7793500
2016-08-25,41.92191521452337,41.92191521452337,41.65431051295975,41.7384147644043,7359700
2016-08-26,41.776647633177845,41.944856154020634,41.40964961040897,41.52433776855469,13499700
2016-08-29,41.60079249473445,41.76900100708008,41.56256408283068,41.76900100708008,8202800
2016-08-30,41.692543372756454,41.75371116820511,41.463169973106034,41.52433776855469,7950900
2016-08-31,41.48610627837163,41.62373090096028,41.4325859158806,41.577857971191406,8154900
2016-09-01,41.409646820490174,41.63137568909134,41.37141840923086,41.59314727783203,16677600
2016-09-02,41.74605618852135,42.013660870269604,41.715475212966524,41.91426467895508,10966300
2016-09-06,41.92191444432917,42.021307724536925,41.71547753547816,42.00601577758789,9273300
2016-09-07,41.929564020971235,42.00602084830518,41.55491856709649,41.63902282714844,13418500
2016-09-08,41.47846502667083,41.60079771008384,41.33319587656827,41.40965270996094,13344400
2016-09-09,41.050289195700095,41.12674892714407,40.285709381103516,40.285709381103516,24921600
2016-09-12,40.23985124257969,41.10382465050748,40.23985124257969,41.042659759521484,23542700
2016-09-13,40.828566068491874,40.87443899386634,40.45392065030292,40.53802490234375,21780500
2016-09-14,40.560968154196054,40.70624021990637,40.30101083921262,40.41569900512695,19396200
2016-09-15,40.32394649914483,40.790337803084746,40.28571516960926,40.74446487426758,10119900
2016-09-16,40.69676960001088,40.73523476772612,40.37365573485366,40.612144470214844,14475100
2016-09-19,40.61982474511106,40.76599644932669,40.52750778198242,40.52750778198242,9579400
2016-09-20,40.719848519310865,40.78908699576966,40.62753152893388,40.635223388671875,9705900
2016-09-21,40.64291487198926,40.95833392022605,40.42750466571987,40.85832214355469,24882700
2016-09-22,41.00447664861575,41.29681708289377,41.00447664861575,41.219886779785156,17316000
2016-09-23,41.2276033132091,41.235295174242786,41.01988784884316,41.035274505615234,12930800
2016-09-26,40.92757188333796,40.94295854050118,40.65061792380958,40.689083099365234,12797200
2016-09-27,40.6890718960653,40.97371763844875,40.66599338402728,40.85832214355469,12608700
2016-09-28,40.942949367338926,41.0198797012142,40.74292580373662,40.92756271362305,9757500
2016-09-29,40.90447042666797,40.927551868477636,40.4967344827051,40.52750778198242,15094000
2016-09-30,40.71983827897285,41.073722432009035,40.71983827897285,40.935245513916016,17343100
2016-10-03,40.86602724715324,40.89680056298007,40.59676807043083,40.67369842529297,11454200
2016-10-04,40.64292142343372,40.67369179954312,40.25056904731826,40.32749938964844,13346600
2016-10-05,40.39672797979829,40.46596644482301,40.189015519427876,40.289024353027344,15203800
2016-10-06,40.135169904470146,40.46597565323241,40.07362621861208,40.365966796875,15413300
2016-10-07,40.381349112773755,40.465971304897344,39.973610132122644,40.25825881958008,11403000
2016-10-10,40.350575805799316,40.496744611871776,40.18132555214398,40.25825881958008,8661700
2016-10-11,40.22749452083399,40.258267834699566,39.90438059465496,40.05055236816406,19642600
2016-10-12,40.1197752242914,40.37364762799885,40.04284196960461,40.27363586425781,7145400
2016-10-13,39.99669198241776,40.39673323829701,39.95053202149133,40.28133773803711,19180700
2016-10-14,40.296719146198825,40.48135309646225,40.227480681174114,40.289024353027344,10659100
2016-10-17,40.30441417238584,40.35826599000379,40.073620249065485,40.09669876098633,8465000
2016-10-18,40.281330386294684,40.45058061076429,40.212091924893805,40.219783782958984,7844900
2016-10-19,40.142865848890885,40.21210433165412,39.92745854016282,39.9890022277832,9032000
2016-10-20,39.965919494628906,40.10439644554352,39.86590771125631,39.965919494628906,12176300
2016-10-21,40.10438986796309,40.235172003097034,40.01206995935876,40.18132019042969,14028200
2016-10-24,40.22749049056234,40.53521479427388,40.22749049056234,40.44289779663086,7609500
2016-10-25,40.612135550989365,40.689065869524434,40.55828374107411,40.589054107666016,9414600
2016-10-26,40.6198347823337,40.69676804953734,40.473665976702875,40.53520965576172,12417600
2016-10-27,40.51982563755245,40.681384041835116,40.29672648491267,40.35057830810547,17905700
2016-10-28,40.31980814246376,40.65830576245049,40.250569659431875,40.51982879638672,12751000
2016-10-31,40.55060785115549,40.719858152473286,40.519834535514995,40.61984634399414,8579100
2016-11-01,40.61983993157349,40.689078413481866,40.31211562786196,40.44289779663086,11342100
2016-11-02,40.3428840637207,40.57368094878514,40.312113689122505,40.3428840637207,9703300
2016-11-03,40.46596295273022,40.473657745237674,40.01206704000557,40.065921783447266,15641600
2016-11-04,40.004385756137886,40.06593237365153,39.67358002376272,39.70435333251953,11992400
2016-11-07,40.04283635575684,40.39672047359217,40.01975784993811,40.37364196777344,11763000
2016-11-08,40.08131310729516,40.66599419129937,40.04284794156689,40.542903900146484,13406800
2016-11-09,39.712048296730266,40.1197873328713,39.44278916082018,39.9890022277832,34557200
2016-11-10,40.00438912626542,40.00438912626542,38.84272450252269,38.919654846191406,52820800
2016-11-11,38.81195657557026,39.01197725768054,38.6273196165643,38.881195068359375,20828100
2016-11-14,38.881189165871895,38.91196247681873,38.66577892394853,38.81195068359375,20591800
2016-11-15,38.88887104420838,39.11197308925009,38.82732737281629,39.0504264831543,23028700
2016-11-16,39.058109283447266,39.22735946353861,38.99656269624939,39.058109283447266,16034200
2016-11-17,39.02734531631009,39.065810475149476,38.81193807904673,38.9888801574707,15626700
2016-11-18,38.98888357846345,39.0196568821165,38.79655483268757,38.850406646728516,14786100
2016-11-21,38.85040181502755,39.12735564405356,38.72731155042748,39.111968994140625,18968700
2016-11-22,39.22737807915729,39.38893354516475,39.204296630653225,39.3120002746582,11991800
2016-11-23,39.15813474353293,39.288916885107724,39.04273631944614,39.096588134765625,14783600
2016-11-25,39.18121389014099,39.412007807355124,39.18121389014099,39.40431594848633,10823500
2016-11-28,39.39663269502751,39.55818819093007,39.304315688041015,39.48895263671875,15116500
2016-11-29,39.49663331614828,39.58895029699938,39.404316335297175,39.54279327392578,7915400
2016-11-30,39.342775195485224,39.45817363862302,38.904265807088485,38.91196060180664,16837600
2016-12-01,38.76578086623065,38.80424602778741,38.45036184593928,38.658077239990234,33621100
2016-12-02,38.75808613636199,38.935028214177095,38.73500469337498,38.90425491333008,21587200
2016-12-05,38.91195521548532,39.011964055343256,38.8350219524747,38.95042037963867,21223400
2016-12-06,38.93503282987519,39.06581497192383,38.91195431885575,39.06581497192383,16546300
2016-12-07,39.050428448351106,39.65818800796569,39.04273658955389,39.62741470336914,11756500
2016-12-08,39.47355325281836,39.658187207262195,39.396619992880275,39.465858459472656,17006400
2016-12-09,39.4889507894443,40.04285574015661,39.4889507894443,40.03516387939453,14415900
2016-12-12,39.93515283189481,40.23518529723362,39.93515283189481,40.196720123291016,9935900
2016-12-13,40.27364869476949,40.473672285975745,40.18133169443828,40.38135528564453,10452400
2016-12-14,40.40441598490014,40.53519809980628,39.83512170870641,39.94282531738281,25363200
2016-12-15,39.9428331967778,40.24286851046752,39.819742914765534,40.112083435058594,16154500
2016-12-16,40.24074924291096,40.36476055785631,40.15549589877475,40.34150695800781,15871100
2016-12-19,40.388003524812426,40.48100903675197,40.27949660145097,40.41900634765625,7523200
2016-12-20,40.434512487624346,40.434512487624346,40.15549589877475,40.34150695800781,15316900
2016-12-21,40.3027412308512,40.52750722806674,40.3027412308512,40.333744049072266,6553100
2016-12-22,40.2872528179197,40.35700770312345,40.201996518604844,40.271751403808594,6537200
2016-12-23,40.248493099211366,40.380250659185656,40.248493099211366,40.34925079345703,6484300
2016-12-27,40.3182563147518,40.419014029848654,40.2717520716473,40.34150695800781,13378500
2016-12-28,40.3104968198099,40.33375041544184,40.093482971191406,40.093482971191406,8643600
2016-12-29,40.116731903128134,40.32599651535902,40.09348126507753,40.27949523925781,10299400
2016-12-30,40.287248489328356,40.364755551556264,39.992727566046526,40.07798385620117,8049900
2017-01-03,40.10898731256717,40.279499895561,39.99272819569098,40.22524642944336,21730000
2017-01-04,40.279499895561,40.41900965317557,40.21749424480246,40.22524642944336,9144600
2017-01-05,40.21750010973599,40.411263361724764,40.07024110259785,40.35700988769531,12312500
2017-01-06,40.27948058977298,40.41899028052112,40.13221871809952,40.39573669433594,9092400
2017-01-09,40.24073434369625,40.271737160953734,40.03147271868673,40.07022476196289,6903200
2017-01-10,40.031488198242194,40.09349090014125,39.80672212109899,39.86872482299805,10344300
2017-01-11,39.798966080984734,40.00823072323789,39.798966080984734,39.94622802734375,12087500
2017-01-12,39.93073660912011,40.00049150733122,39.86873094111335,39.90748596191406,13257600
2017-01-13,39.9074782696291,40.00823302582983,39.829971199560376,39.930728912353516,6517700
2017-01-17,39.96172793876574,40.51976400721177,39.92297292912199,40.49651336669922,19030100
2017-01-18,40.45776265985494,40.65152588815253,40.45776265985494,40.636024475097656,11652100
2017-01-19,40.58951664290489,40.58951664290489,40.39575343175943,40.48876190185547,17283400
2017-01-20,40.68250727179328,40.89952102699594,40.5429975844228,40.752262115478516,11015600
2017-01-23,40.75227203854194,40.775522673234924,40.60501013457598,40.73677062988281,16203800
2017-01-24,40.76777775439434,41.04679724678994,40.752279299565174,41.0080451965332,10242500
2017-01-25,41.10104846554031,41.15530192425746,40.992541548106,41.00029373168945,8816800
2017-01-26,41.0157923116665,41.02354449527377,40.82202911376953,40.82202911376953,9985400
2017-01-27,40.721267829929054,40.82977473024423,40.4887526211692,40.597259521484375,16358700
2017-01-30,40.48101643548882,40.62052620719237,40.450013606978594,40.5662727355957,9951700
2017-01-31,40.566273222878166,40.76003646850586,40.496518336188494,40.76003646850586,12061300
2017-02-01,40.56626526209268,40.69027359669512,40.43450474349463,40.442256927490234,18479800
2017-02-02,40.628267485554886,40.97704184656276,40.628267485554886,40.81428146362305,18747500
2017-02-03,41.02355109781404,41.19406368551591,40.91504416258276,41.07780456542969,17954700
2017-02-06,41.05456187017689,41.06231109993946,40.85304641723633,40.85304641723633,19067900
2017-02-07,40.93055148198006,41.26382452062016,40.93055148198006,41.186317443847656,8364400
2017-02-08,41.23281081928228,41.434323252578665,41.17080517421146,41.35681915283203,8559200
2017-02-09,41.310315501691306,41.59708422270886,41.24056062829872,41.5273323059082,8840900
2017-02-10,41.55059275070445,41.61259545469043,41.4033307851266,41.55834197998047,9354200
2017-02-13,41.62034764055907,41.67460111526903,41.442085801284534,41.55834197998047,14059100
2017-02-14,41.45757888780827,41.64358991899012,41.31031695181459,41.56608581542969,10483300
2017-02-15,41.659100650563786,41.9768722767974,41.57384434361943,41.94586944580078,12675900
2017-02-16,41.8993596954128,42.01561585328617,41.70559647569841,42.00011444091797,11377300
2017-02-17,41.8761005438921,42.25587770505713,41.798596448923746,42.209373474121094,15581800
2017-02-21,42.33339202216891,42.69766786098275,42.28689073659602,42.58916091918945,16500000
2017-02-22,42.55040728548632,42.65116203822202,42.48840163156377,42.59690856933594,8099000
2017-02-23,42.62791509449183,42.86818258939774,42.596912264840896,42.697669982910156,9790300
2017-02-24,42.6511616946989,42.8604263401136,42.62016182457961,42.84492492675781,7762200
2017-02-27,42.77516571685694,42.77516571685694,42.55815186501848,42.65115737915039,12707400
2017-02-28,42.58140166839026,42.798418472559945,42.53490039053327,42.70541000366211,17735500
2017-03-01,42.72867100275692,42.99993835923148,42.66666534608134,42.90693283081055,16716100
2017-03-02,42.860425496938554,42.99218602957454,42.77516920345508,42.89917755126953,9988500
2017-03-03,42.76743014059962,42.806182204141564,42.55041621949044,42.736427307128906,10083200
2017-03-06,42.589159465186505,42.612410107179166,42.48065252709767,42.55040740966797,6686600
2017-03-07,42.441898358441264,42.58140812635437,42.43414912982048,42.49615478515625,7846500
2017-03-08,42.38765104973311,42.47290735991635,42.34889898781149,42.40315246582031,10788000
2017-03-09,42.38765170851126,42.54266291519968,42.38765170851126,42.47290802001953,7025300
2017-03-10,42.6511588964991,42.72091377372762,42.55040415118509,42.66666030883789,6530200
2017-03-13,42.62791509449183,42.751923456503015,42.573661620898974,42.697669982910156,10658000
2017-03-14,42.643416692917874,42.73642222567855,42.550411160157196,42.57366180419922,7890800
2017-03-15,42.62791936526857,43.01544590495283,42.62791936526857,42.89143753051758,14102900
2017-03-16,42.89917289958504,42.953426361083984,42.806167387957125,42.953426361083984,8727200
2017-03-17,42.98459672678779,43.13263331536883,42.83656311035156,42.83656311035156,16469400
2017-03-20,42.87551142701438,42.976799131996046,42.84434849421903,42.92226028442383,6559200
2017-03-21,42.93785490242862,43.0625155839112,42.8287771776495,42.88331604003906,13135500
2017-03-22,42.945641039049775,43.01576285184726,42.69631969846867,42.797607421875,7094700
2017-03-23,42.758648044955564,42.91447461319189,42.63398738479541,42.70410919189453,7474700
2017-03-24,42.70411297184837,42.766441821373185,42.478164576513095,42.618408203125,8343300
2017-03-27,42.462597051410114,42.6340066511447,42.39247521262287,42.5794677734375,5739500
2017-03-28,42.42362171200771,42.76643778237973,42.42362171200771,42.6573600769043,8810200
2017-03-29,42.61840375863171,42.789810306058335,42.587237851047036,42.73527145385742,5558200
2017-03-30,42.69631635519596,42.77423112561707,42.61061159380504,42.64957046508789,5399100
2017-03-31,42.5950326295719,42.70411331837897,42.5249137878418,42.5249137878418,4762300
2017-04-03,42.58723120696757,42.63398006105124,42.384658783559814,42.45478057861328,10666600
2017-04-04,42.485970006957224,42.58725776790456,42.40805817370291,42.5794677734375,5284000
2017-04-05,42.58723826892732,42.77423074412565,42.446994655564716,42.50153350830078,7268100
2017-04-06,42.5404894070916,42.67294302955387,42.4703676004103,42.50153350830078,5061000
2017-04-07,42.54049342603792,42.735275910538356,42.524913442765346,42.618408203125,7629900
2017-04-10,42.633987174786334,42.813186687124805,42.55607240497967,42.743064880371094,5260600
2017-04-11,42.750854955632846,42.79760381760908,42.6106113418487,42.75864791870117,6325100
2017-04-12,42.72747783676755,42.94563322705641,42.704104894134964,42.92226028442383,7377400
2017-04-13,42.891109888009794,42.93006579719783,42.71191032802852,42.72749328613281,6719100
2017-04-17,42.79761077851997,43.031349182128906,42.78981781418414,43.031349182128906,10585800
2017-04-18,42.976802495075724,43.35078446718382,42.89889069877407,43.22612380981445,11085500
2017-04-19,43.28065537060988,43.31182127273815,43.000168195743456,43.0625,7254600
2017-04-20,42.91448160116517,43.046932273839666,42.828776826072236,42.976810455322266,9738200
2017-04-21,42.95343769549297,42.984600636636074,42.828777014485304,42.852149963378906,8435700
2017-04-24,42.976806370525985,43.311832474694356,42.976806370525985,43.2417106628418,9831700
2017-04-25,43.26508748389094,43.47545293828729,43.249504527401015,43.413124084472656,7292900
2017-04-26,43.428691919647164,43.428691919647164,43.0391270594758,43.0625,7930800
2017-04-27,43.12484042346255,43.14821634241388,42.93785090472079,43.007972717285156,5861400
2017-04-28,42.883311964542365,43.00797263417758,42.76644128644599,42.99238967895508,7034800
2017-05-01,43.05471508614133,43.05471508614133,42.78981081282339,42.82876968383789,8353900
2017-05-02,42.73527932624069,42.82098410181418,42.501540920587125,42.540496826171875,7672100
2017-05-03,42.5794677734375,42.64958961222475,42.447014090330065,42.5794677734375,10973800
2017-05-04,42.688529446844946,43.13263326780876,42.64957354489361,42.90668487548828,11587700
2017-05-05,43.023563385009766,43.070309287002544,42.89110972769109,43.023563385009766,8539500
2017-05-08,43.05471861089819,43.05471861089819,42.92226794946818,43.007972717285156,5323400
2017-05-09,42.99239360103066,43.070305412106045,42.78202814455303,42.852149963378906,7256900
2017-05-10,42.87552307561479,42.93785490242862,42.82098421322522,42.88331604003906,5232300
2017-05-11,42.828780467324464,42.945648193359375,42.7586586428454,42.945648193359375,5058900
2017-05-12,42.90668101719722,42.93784692481369,42.79760331268414,42.82097625732422,5478800
2017-05-15,42.797603231139774,43.00796864893328,42.797603231139774,42.961219787597656,7303700
2017-05-16,43.093669789447524,43.155998627182505,42.891094379484194,42.92226028442383,4797100
2017-05-17,42.8521419550071,43.00796852018148,42.743064251028386,42.85993194580078,14021700
2017-05-18,42.875518881978905,42.99238955975123,42.75085821268933,42.8911018371582,7906600
2017-05-19,42.90667676590945,43.20274691464151,42.84434792899674,43.12483215332031,6277600
2017-05-22,43.13261759706399,43.42868769418797,43.12482463621814,43.366355895996094,7101800
2017-05-23,43.42870704096258,43.61569657455153,43.38974816366525,43.413124084472656,7518500
2017-05-24,43.4442672308574,43.615676702002425,43.389728394064655,43.584510803222656,5136700
2017-05-25,43.64685048480104,43.97408356466629,43.63126753259638,43.857215881347656,6036600
2017-05-26,43.888381427325996,44.028622051734175,43.88058846521519,44.02083206176758,4207600
2017-05-30,43.92733723534742,44.044204917482546,43.85721543720867,44.0052490234375,4250900
2017-05-31,44.044208572779745,44.254573984654556,44.044208572779745,44.129913330078125,9780100
2017-06-01,44.18445540036246,44.48831558227539,44.04421178222655,44.48831558227539,23243900
2017-06-02,44.605186546155004,44.63635245530984,44.39482111757691,44.62076950073242,17247900
2017-06-05,44.56622328437786,44.69088392826119,44.43376967842073,44.667510986328125,17359600
2017-06-06,44.62857443921282,44.66753332477704,44.47275078553865,44.55845260620117,14846500
2017-06-07,44.464931084997666,44.60517466669941,44.44934813457037,44.542842864990234,10077700
2017-06-08,44.51947867509312,44.52727163791031,44.08316786595378,44.207828521728516,10593400
2017-06-09,44.17666952958519,44.27795725705156,44.036425898368655,44.15329360961914,13410200
2017-06-12,44.168876945825076,44.34807648233461,44.044216269464314,44.145503997802734,11442400
2017-06-13,44.14549252086592,44.25457021280547,43.97408302087852,44.215614318847656,9520600
2017-06-14,44.394813677687935,44.589596119046064,44.34027483187919,44.49610137939453,16040200
2017-06-15,44.277945856438066,44.464935335151075,44.122119309414444,44.394813537597656,10361100
2017-06-16,44.00696410402715,44.02266721622787,43.53588271825508,43.92845153808594,26268000
2017-06-19,44.030507876338994,44.14042663574219,43.74000487498878,44.14042663574219,7883100
2017-06-20,44.17969228036911,44.20324544950615,43.95985471492427,43.96770477294922,7231700
2017-06-21,43.967704871410746,44.06192054323207,43.79497364385316,43.84208297729492,12517800
2017-06-22,43.77927762669446,43.80283379476349,43.53588685212853,43.55158996582031,7227600
2017-06-23,43.543727467411074,43.70075557520901,43.51232124683908,43.567283630371094,10146400
2017-06-26,43.70076446578277,43.88134577821651,43.66150817961242,43.740020751953125,6590500
2017-06-27,43.653647798574376,43.77926969027289,43.355297677704236,43.3631477355957,10585500
2017-06-28,43.62224848064282,43.70861110543593,43.50447663628302,43.520179748535156,10734300
2017-06-29,43.46522156018418,43.58299041275192,42.89992148365903,43.056949615478516,19058600
2017-06-30,43.22182551758326,43.30034107686698,43.12760984150514,43.135459899902344,11222600
2017-07-03,43.16686535490763,43.34744664545091,43.08049973876469,43.0962028503418,5782600
2017-07-05,43.08834879576868,43.1825644614308,43.01768629775658,43.06479263305664,15837000
2017-07-06,42.91561917257748,43.049094116027064,42.813550450535104,42.82140350341797,7893700
2017-07-07,42.86066401151184,42.94702963137191,42.68008271319643,42.7978515625,9841500
2017-07-10,42.83711353638367,42.83711353638367,42.44454469054275,42.49950408935547,9119200
2017-07-11,42.53875342296563,42.55445653364047,42.28750964229235,42.3817253112793,11256400
2017-07-12,42.64867001368308,42.76644184016871,42.585860569269514,42.61726379394531,8100800
2017-07-13,42.67222841063028,42.71933774601039,42.585865788360245,42.6251220703125,10008200
2017-07-14,42.82140540018455,43.025539858249275,42.805702288785376,42.962730407714844,6341100
2017-07-17,43.04124814552038,43.056951258807906,42.88422000770769,43.00984191894531,7902200
2017-07-18,42.97843868743287,43.08050443120789,42.876369948595226,43.00984191894531,5310800
2017-07-19,42.99412746754695,43.1668586730957,42.93916808306541,43.1668586730957,5592000
2017-07-20,43.135457674315454,43.308188900765174,43.05694511414496,43.17471694946289,9816700
2017-07-21,43.02553604188775,43.26107670185838,42.98627976440297,43.24537658691406,7738700
2017-07-24,43.22967156204121,43.25322472847638,43.07264346399572,43.10404968261719,9302400
2017-07-25,43.25322211890261,43.43380337248837,43.21396584552514,43.40239715576172,13799900
2017-07-26,43.41026869732719,43.50448439257503,43.261090601866584,43.39456558227539,7594000
2017-07-27,43.42596601239968,43.82638491002018,43.40240984543667,43.81853485107422,12859000
2017-07-28,43.68504547879305,43.86562672561033,42.844948680744075,43.44950485229492,18412200
2017-07-31,43.33960693494069,43.53589138392587,43.331753879746,43.43382263183594,7279300
2017-08-01,43.48091451593657,43.598683340994064,43.36314269581727,43.386695861816406,19015300
2017-08-02,43.300345318666196,43.42596723076401,43.15902029317333,43.35530471801758,17133700
2017-08-03,43.34745007940195,43.575140722714025,43.2610844564172,43.316043853759766,17803400
2017-08-04,43.29249220495364,43.43381723025233,43.13546406628147,43.19827651977539,17063700
2017-08-07,43.20612349361731,43.55158597303942,43.20612349361731,43.520179748535156,16854000
2017-08-08,43.41026411736895,43.535886029466766,43.33174855039368,43.35530471801758,9813200
2017-08-09,43.32388801122798,43.457359950205294,43.276778682438504,43.42595672607422,7251800
2017-08-10,43.31603608934946,43.44951102687208,43.229673476907756,43.24537658691406,6662800
2017-08-11,43.166875621473835,43.45737576708548,43.166875621473835,43.27679443359375,4928400
2017-08-14,43.3710083014991,43.59084590128737,43.3710083014991,43.48877716064453,10657800
2017-08-15,43.504468474418154,43.77141534249774,43.504468474418154,43.70860290527344,11059000
2017-08-16,43.73216998987107,43.92060135848531,43.73216998987107,43.857791900634766,5682800
2017-08-17,43.70074534442933,43.91273279106886,43.45735168457031,43.45735168457031,6725600
2017-08-18,43.363148964081546,43.488770859338956,43.268933291404046,43.339595794677734,6810300
2017-08-21,43.30819345032575,43.57514037603549,43.18257154381896,43.49662780761719,6829300
2017-08-22,43.520173935349916,43.63009271137009,43.44166137963894,43.50447082519531,7129400
2017-08-23,43.45736158541583,43.50447091597793,43.331739698978915,43.378849029541016,5367100
2017-08-24,43.33959726042089,43.45736610648514,42.74289099147094,42.78215026855469,11807100
2017-08-25,42.94703334079681,43.09620842749086,42.89992399996899,42.92347717285156,7359200
2017-08-28,42.88421718236007,42.93917657771422,42.672229659538736,42.7978515625,6204700
2017-08-29,42.74288785543866,42.986281578213465,42.70363157629746,42.947025299072266,6219500
2017-08-30,42.86849691398281,43.01767492315315,42.86064685852916,42.93915939331055,6497100
2017-08-31,42.97057524083739,43.033387678796345,42.90776579794033,42.954872131347656,10117300
2017-09-01,43.04125142381668,43.16687334462247,42.99414208036594,43.15902328491211,17904500
2017-09-05,43.03337810537333,43.25321559919972,42.994118842851854,43.22180938720703,20215900
2017-09-06,43.3003314439926,43.44165642420087,43.1904096854493,43.40239715576172,17462000
2017-09-07,43.43380755588317,43.528023220075994,43.32388878181455,43.465213775634766,16738100
2017-09-08,43.3160404999427,43.39455605796898,43.08835286932226,43.253231048583984,9158200
2017-09-11,43.33174539657197,43.58298920248127,43.323895337977106,43.520179748535156,9177800
2017-09-12,43.520171850854126,43.622240564439196,43.496618684281366,43.61438751220703,7453400
2017-09-13,43.57512702159045,43.79496454183822,43.57512702159045,43.637939453125,7972300
2017-09-14,43.5672930795121,43.661508766600114,43.41026493765694,43.55158996582031,5817900
2017-09-15,43.659037935300155,43.659037935300155,43.45362213856262,43.627437591552734,12497700
2017-09-18,43.66693467292049,43.76174171970958,43.564225280813,43.690635681152344,8299400
2017-09-19,43.71433775196328,43.73803875913718,43.45361461760411,43.55632400512695,6207700
2017-09-20,43.43781048691677,43.49311484310507,42.92426960604521,43.1375846862793,11029200
2017-09-21,43.08228037822489,43.12178607314185,42.68724753994632,42.72675323486328,10398700
2017-09-22,42.797850560350156,42.797850560350156,42.56873383515566,42.60033416748047,11318200
2017-09-25,42.67145182136312,42.94797665507571,42.63985148042431,42.90847396850586,9185400
2017-09-26,42.955868893453385,43.07437994745477,42.861061858569045,43.011173248291016,17321400
2017-09-27,42.92426943541895,42.963772116273375,42.442328892955466,42.67934799194336,11657800
2017-09-28,42.6240436359749,42.79785603450662,42.584540955120474,42.67934799194336,7768200
2017-09-29,42.67935039180006,42.78205977888599,42.60824435671927,42.64774703979492,14502800
2017-10-02,42.647750031116594,42.821565465474755,42.53714130520203,42.56874465942383,17850000
2017-10-03,42.63984629309687,42.69515065033901,42.50553355846495,42.61614227294922,20409200
2017-10-04,42.552941328255805,42.91637084609459,42.434430261461515,42.750457763671875,21389200
2017-10-05,42.89266528066811,43.05067901498335,42.829458581397496,42.940067291259766,19005000
2017-10-06,42.72676112689973,42.79786415761635,42.458138626698734,42.51344299316406,7605500
2017-10-09,42.56874723810024,42.63195093651077,42.31592641673424,42.39493179321289,12580300
2017-10-10,42.568745606953236,42.87687078281994,42.52134057456535,42.76626205444336,10646500
2017-10-11,42.74255674862985,42.97167654416943,42.74255674862985,42.85316848754883,10316300
2017-10-12,42.82155968568741,43.07438045761417,42.78205700517285,43.03487777709961,8096300
2017-10-13,43.20079167929802,43.22449268529299,43.08228062160042,43.11388397216797,8315600
2017-10-16,43.06647393975773,43.1533816367846,43.05067528017197,43.12968063354492,4349600
2017-10-17,43.01906562740529,43.05856829830133,42.837350930194994,42.97166061401367,10375500
2017-10-18,42.92427655234089,42.987480249414986,42.78996379853293,42.91637420654297,4668500
2017-10-19,42.71885158088035,42.758354262574485,42.545036164792435,42.68724822998047,8544500
2017-10-20,42.60824232674469,42.63194333268859,42.45022858810875,42.58454132080078,11702600
2017-10-23,42.55294418334961,42.76626230957496,42.49763981883139,42.55294418334961,7326400
2017-10-24,42.521335461644064,42.576639819182354,42.34752004431718,42.40282440185547,10682300
2017-10-25,42.39492573340635,42.466031767618226,42.03149623137303,42.28431701660156,12213400
2017-10-26,42.43443366057,42.616148434045215,42.30802325233238,42.31592559814453,14583700
2017-10-27,42.20531256903301,42.260619946448855,41.86558705599877,41.952491760253906,10230400
2017-10-30,42.20530993624335,42.20530993624335,41.56535862250626,41.596961975097656,9299800
2017-10-31,41.802379443618705,42.03939856999495,41.73127340431966,41.9445915222168,10824900
2017-11-01,42.06310072116945,42.189511117204226,41.94458965632241,42.07889938354492,7556300
2017-11-02,42.031500653283175,42.102606694975734,41.81818252820551,41.9761962890625,10661400
2017-11-03,41.99989057264654,42.118401627776855,41.93668688674202,41.98408889770508,5922400
2017-11-06,41.89718577794921,41.905088123215485,41.5258569246989,41.533756256103516,10731100
2017-11-07,41.557459078655974,41.99989700317383,41.423149341881604,41.99989700317383,9536300
2017-11-08,42.12630073849596,42.4581298828125,42.07099638342008,42.4581298828125,12860400
2017-11-09,42.268514895672325,42.59244171170152,42.23691154438619,42.45022964477539,10421300
2017-11-10,42.38702639941387,42.924271321451606,42.363322378770604,42.884765625,7993600
2017-11-13,42.90846323301183,43.30349602759866,42.88475921591111,43.12968063354492,7809300
2017-11-14,43.019072703755434,43.31139613310415,42.9558660088362,43.27979278564453,8903200
2017-11-15,43.1454943971776,43.18499708493348,42.78996417965094,42.82156753540039,10724800
2017-11-16,43.20868572198212,43.540514834608175,43.153381372187944,43.41410446166992,11134200
2017-11-17,43.2955994753886,43.41411053516172,43.177091429476924,43.26399612426758,7298900
2017-11-20,43.19289448805771,43.35881059140203,43.1770958247504,43.21659851074219,6946900
2017-11-21,43.29559228896222,43.54051369870467,43.24819028401016,43.35879898071289,10383900
2017-11-22,43.35089550346812,43.39830052104124,43.169180790229106,43.30349349975586,10470400
2017-11-24,43.37460574151693,43.42200775202928,43.26399401797843,43.27189636230469,2331000
2017-11-27,43.24820649778471,43.37461691481645,43.23240481892298,43.29560852050781,8108900
2017-11-28,43.366698957473986,43.651123046875,43.271891932293975,43.651123046875,6985900
2017-11-29,43.619529691843304,44.04616592366842,43.580027006791724,43.880252838134766,14739900
2017-11-30,44.04616113839552,44.40169129295753,43.93555242672319,44.283180236816406,14098300
2017-12-01,44.1883754400499,44.40959287460767,43.714337219179974,44.39379119873047,29328700
2017-12-04,44.7019217942699,44.85203320249368,44.306888917391,44.812530517578125,22771300
2017-12-05,44.812538240588516,44.97845135414438,44.62292110090882,44.741432189941406,22930400
2017-12-06,44.73352947124712,45.025856018066406,44.73352947124712,45.025856018066406,16712200
2017-12-07,44.946827238709446,44.97052824002593,44.567596148341714,44.5912971496582,7557500
2017-12-08,44.599214878948224,44.70982360839844,44.40169842954089,44.70982360839844,8695500
2017-12-11,44.662421481517214,44.725628196093794,44.45700568686738,44.701927185058594,6737800
2017-12-12,44.72562528601444,44.88363904831268,44.559712191839125,44.70982360839844,6220100
2017-12-13,44.74141383161485,45.06534059301292,44.678207139702565,44.96263122558594,11589000
2017-12-14,45.02584074498303,45.02584074498303,44.75721831520906,44.76511764526367,9118200
2017-12-15,45.0261921977079,45.33660739251134,45.0261921977079,45.27293395996094,9090900
2017-12-18,45.36844964123057,45.61519142531593,45.225180609988925,45.24905776977539,8799600
2017-12-19,45.424170939700815,45.51172458530797,45.296821010525456,45.304779052734375,7889000
2017-12-20,45.34456962883686,45.38436590473121,44.954558838045266,45.22517776489258,13813800
2017-12-21,45.31273216749701,45.384366679834756,45.14558598412936,45.19334030151367,5553100
2017-12-22,45.25700320425144,45.336595733536335,45.209245864924284,45.26496124267578,4218600
2017-12-26,45.233134602787786,45.463954195848174,45.201296370551546,45.36844253540039,8506300
2017-12-27,45.432127223666654,45.527638901403265,45.29681623030009,45.36049270629883,5992600
2017-12-28,45.424164458425736,45.47987985472393,45.17742267748989,45.288856506347656,7291200
2017-12-29,45.28886012582263,45.51967977053589,45.272941006142126,45.28089904785156,5085300
2018-01-02,45.328653679095574,45.38436907649368,44.99435825844552,45.0023193359375,20146800
2018-01-03,45.0739465956014,45.145581100189574,44.946596702584735,44.986392974853516,17950400
2018-01-04,45.105777938141685,45.32864250907659,44.99434717080459,45.113739013671875,15455100
2018-01-05,45.18537898427655,45.34456711529105,45.08190624367796,45.31272888183594,15555100
2018-01-08,45.24904895461369,45.46395245960988,45.22517179947884,45.424156188964844,12891000
2018-01-09,45.479881544404215,45.583354299771415,45.35253162866824,45.36049270629883,8357600
2018-01-10,45.24905361704413,45.25701469374994,44.835168716176355,45.13762283325195,9663500
2018-01-11,45.22517496001804,45.22517496001804,44.994352323380745,45.07394790649414,11500800
2018-01-12,45.14558202775681,45.30476712010256,44.99435193926293,45.089866638183594,7308900
2018-01-16,45.17741829180547,45.45599828251413,45.153541134641706,45.296810150146484,13806700
2018-01-17,45.44803343773823,45.9813131815151,45.4082371670112,45.81416702270508,12549700
2018-01-18,45.80620578362543,45.88580136105677,45.599263354825574,45.678855895996094,12423300
2018-01-19,45.84599434590601,46.2360050190932,45.79824004373718,46.18824768066406,9962800
2018-01-22,46.16438715620751,46.53847885131836,46.14050999652347,46.53847885131836,7871600
2018-01-23,46.32356031682192,46.51458360500916,46.1723302577249,46.38723373413086,10908900
2018-01-24,46.506642358333394,46.53848059661373,46.2599005660531,46.482765197753906,16603500
2018-01-25,46.562352966369424,46.753379340135105,46.267856883231,46.50663757324219,12144600
2018-01-26,46.41907703308167,46.74541130263181,46.3554036088152,46.7294921875,6342700
2018-01-29,46.809093371873146,46.920524154886785,46.51459426103869,46.54643249511719,10760800
2018-01-30,46.22805346573589,46.62602223302524,46.11661966043585,46.23601150512695,10898100
2018-01-31,46.27580648101518,46.39519832236881,45.83804145648627,46.0211067199707,13757000
2018-02-01,45.84600926945248,46.084793003065464,45.710701320915675,45.8221321105957,14094500
2018-02-02,45.59926278374015,45.71865159400071,44.91475600770745,44.94659423828125,15569100
2018-02-05,44.75558229317345,45.026201267612684,43.29105661437199,43.31493377685547,39487500
2018-02-06,42.60654713438386,43.88004936655703,42.375727492554724,43.79249572753906,38881700
2018-02-07,43.69697419853639,44.41331619619021,43.553705191753444,43.60145950317383,17526900
2018-02-08,43.70494150300425,43.79249514084926,42.64634587988384,42.662261962890625,32928400
2018-02-09,42.988589946250755,43.06022445421108,41.914075363107024,42.74980926513672,34912000
2018-02-12,42.99655295497449,43.39452178680181,42.893080208546245,43.18757629394531,21013600
2018-02-13,43.028392814258,43.497996174989076,43.02043173701469,43.38656234741211,11994500
2018-02-14,43.15573989170394,43.505951360893455,42.932875287436836,43.3626823425293,20370500
2018-02-15,43.52186833965422,44.07902526855469,43.33880305546396,44.07902526855469,14788900
2018-02-16,44.094961422957496,44.445173010259055,43.856177620977796,44.254146575927734,11591600
2018-02-20,43.77656993851486,43.77656993851486,43.20349386953438,43.251251220703125,16069800
2018-02-21,43.31492077612745,43.442273701179786,42.71796760311846,42.73388671875,15207400
2018-02-22,42.821449088209725,43.16370255358366,42.76573369024294,42.84532928466797,10239200
2018-02-23,42.93287437458861,43.267169755750814,42.78164731898015,43.25920867919922,10321100
2018-02-26,43.330846511216244,43.561669168744054,43.21145768013246,43.52983093261719,10100400
2018-02-27,43.55369823519955,43.65716791759109,42.94878407289932,42.95674514770508,9832600
2018-02-28,43.211454247641264,43.23533140470908,42.51102828979492,42.51102828979492,13726400
2018-03-01,42.40756245122696,42.81349240501773,42.04143181404193,42.415523529052734,27808600
2018-03-02,42.256317293997455,42.845312314406385,42.16080565477934,42.773677825927734,25965400
2018-03-05,42.54286254223046,43.19553108860335,42.54286254223046,43.14777374267578,18859700
2018-03-06,43.163695904319255,43.21941129370321,42.83736160810134,43.17961502075195,20784300
2018-03-07,42.77369573342341,42.95676105034143,42.55879217801664,42.78961181640625,12592900
2018-03-08,42.81348445158278,43.19553413718466,42.74184994576612,43.17961502075195,10725100
2018-03-09,43.29901343145718,43.46615962491546,43.139825279289624,43.45819854736328,11486800
2018-03-12,43.47410891709583,43.70493153947295,43.299004717586335,43.378597259521484,10915700
2018-03-13,43.513905958923935,43.59350153852999,43.27512529262758,43.34675979614258,12406100
2018-03-14,43.450242127232585,43.45820016882023,42.82145057265386,42.90900421142578,13519000
2018-03-15,42.85327476654746,43.04430110092007,42.48714424828223,42.60653305053711,9280100
2018-03-16,42.60574134256354,42.86987759613108,42.581730066172284,42.62174987792969,9629100
2018-03-19,42.589731566317845,42.66977424081649,42.05345938709821,42.205535888671875,10714700
2018-03-20,42.269569490662576,42.43765452499817,41.949404903371715,42.08547592163086,9888200
2018-03-21,41.8533559474421,42.02144097856056,41.477163022572995,41.565208435058594,17028500
2018-03-22,41.44514839166947,41.773315732672785,41.18901793299937,41.22103500366211,15584100
2018-03-23,41.36511313260162,41.53319819134115,40.66875856545485,40.708778381347656,15936400
2018-03-26,41.012933801578605,41.333095376756106,40.88486856084437,41.29307556152344,12374700
2018-03-27,41.36510638066732,41.70127644327408,41.08496466182835,41.26905822753906,17326800
2018-03-28,41.40512765365892,42.04545378600843,41.389119118685706,41.83734893798828,32397500
2018-03-29,42.005444838046365,42.38163787391273,42.005444838046365,42.12550735473633,13272800
2018-04-02,41.99743034739155,42.077469967251304,40.908874418730484,41.09296798706055,28604800
2018-04-03,41.277053225514315,41.741291476299935,41.14898802759331,41.637237548828125,24860600
2018-04-04,41.37310029073404,42.43764470174226,41.32507775107748,42.28556823730469,28012500
2018-04-05,42.35761991791876,42.55772205975319,42.13350649612545,42.3896369934082,18235800
2018-04-06,42.26157649381687,42.60575246071339,41.74931544168718,41.957420349121094,13113400
2018-04-09,42.08547110660066,42.35760700535209,41.81333215453378,41.93339157104492,14686700
2018-04-10,42.17351558322415,42.24555245808818,41.80532846872606,42.029441833496094,13041900
2018-04-11,41.90938204829405,42.16551247819084,41.86135644769506,41.94940185546875,9025200
2018-04-12,42.1254902296154,42.25355543714173,41.86135402160245,41.88536834716797,9843700
2018-04-13,42.06146208672602,42.173518777598616,41.88537430963301,42.09347915649414,8836700
2018-04-16,42.20553725655629,42.78983505941225,42.14950890924927,42.549713134765625,7804700
2018-04-17,42.66176048503716,42.74980588389644,42.41363587368676,42.645751953125,8131300
2018-04-18,42.61375488213554,42.70980305847367,42.24556460842585,42.32560729980469,14496600
2018-04-19,41.749291517907956,41.781308578648364,40.88485225112169,41.10095977783203,23643100
2018-04-20,41.00492490777258,41.14099593326008,40.29256186918988,40.41262435913086,19102700
2018-04-23,40.44463694213391,40.4846598062384,40.18050374827624,40.36459732055664,12344900
2018-04-24,40.43664597546912,40.48467159438888,39.82833368241907,40.10847854614258,18771500
2018-04-25,40.09245081660128,40.34858122161196,39.93236855014078,40.18049621582031,19012500
2018-04-26,40.26855108441841,40.5807098980989,40.140485851797806,40.42062759399414,11009900
2018-04-27,40.33257418189495,40.77279814096266,40.292554377127956,40.6367301940918,11096100
2018-04-30,40.708771107271374,40.892864670136376,40.30856691322162,40.3806037902832,13892700
2018-05-01,40.2285330797034,40.25254741287645,39.74828916267146,40.0284309387207,10927100
2018-05-02,39.916365538856056,39.95638534767736,39.15597695798848,39.244022369384766,18818900
2018-05-03,39.34008104959192,39.428123424401555,39.02791915351381,39.204010009765625,16634400
2018-05-04,39.1719867788358,39.97239519481515,39.13196696869999,39.77229309082031,13132400
2018-05-07,39.860336156489936,39.93237303181621,39.43612069807722,39.524166107177734,9665300
2018-05-08,39.4361268523885,39.476146666411694,39.187999120138954,39.36408996582031,8290800
2018-05-09,39.29204739153747,39.51616076027873,39.212007775077204,39.42011260986328,9228200
2018-05-10,39.60421514043084,39.852342892961765,39.54818678555552,39.65224075317383,10242700
2018-05-11,39.72427764563014,39.924379785418076,39.53217824797453,39.65224075317383,10065200
2018-05-14,39.70825971477093,39.780296590186396,39.572188704179226,39.63622283935547,6708100
2018-05-15,39.44411944642384,39.58819318249563,39.26803169935912,39.4841423034668,22686900
2018-05-16,39.60420376474726,39.86033418584108,39.5481754259652,39.764286041259766,12151300
2018-05-17,39.88435843846833,39.99641514392134,39.764295937873705,39.90036392211914,19572900
2018-05-18,39.804317280218775,39.86835143054276,39.50016117281253,39.65224075317383,15664700
2018-05-21,39.80431159410038,39.95638809942093,39.700257641346376,39.82032012939453,7928400
2018-05-22,39.892357151065724,40.09245926296848,39.67624650381284,39.74828338623047,9383800
2018-05-23,39.66023389907519,39.932372865472416,39.60420555775655,39.89235305786133,18136200
2018-05-24,39.89235718913902,39.9643940716254,39.66023800631447,39.8603401184082,9843800
2018-05-25,39.86835289916429,40.18051176020179,39.81232454222508,39.924381256103516,12913500
2018-05-29,39.78030587381874,40.01242508802945,39.6602433690018,39.836334228515625,14959300
2018-05-30,39.988400293083444,40.468647133389965,39.86033507966481,40.396610260009766,17628100
2018-05-31,40.3245784455715,40.36459825728886,39.596206880378105,39.74828338623047,18603000
2018-06-01,39.86034008036547,39.932376962783096,39.64422943311258,39.74828338623047,10944600
2018-06-04,39.828318841219115,40.12447213422714,39.828318841219115,40.076446533203125,11665200
2018-06-05,40.10846368293991,40.132474956843446,39.76428784151649,39.89235305786133,8980900
2018-06-06,39.90836683950747,39.94038391113281,39.66023911438505,39.94038391113281,12071000
2018-06-07,39.83632468404873,40.39661115009372,39.78029634277579,40.18850326538086,16618500
2018-06-08,40.20452170751245,40.708779956559354,40.20452170751245,40.68476867675781,17081500
2018-06-11,40.71677897786495,41.10097468616214,40.71677897786495,41.02093505859375,13199600
2018-06-12,41.0449314481938,41.124974100044824,40.82882086816849,41.10095977783203,11362200
2018-06-13,41.09296668462231,41.1569977678175,40.84483898561621,40.972904205322266,15696000
2018-06-14,41.02092586156517,41.076954198964515,40.86884938195485,41.04493713378906,9751300
2018-06-15,41.00785059819833,41.59667262956996,40.92719122615864,41.57247543334961,17217800
2018-06-18,41.43532842290401,41.451460903987865,40.78197986226679,40.967498779296875,21627300
2018-06-19,40.81425786216335,41.257893574739526,40.79006066946187,41.185298919677734,12639200
2018-06-20,41.30628725810889,41.31435504017717,41.04817361715543,41.22562789916992,9562500
2018-06-21,41.282084854221544,41.443406628690944,41.19335772441553,41.30628204345703,13272700
2018-06-22,41.40307655731726,41.71765232218996,41.395008776344845,41.645057678222656,9938300
2018-06-25,41.54825204922571,41.91929295430951,41.540187347290804,41.85476303100586,22124200
2018-06-26,41.86284443911537,41.943503792548974,41.48373870867183,41.67732238769531,14047300
2018-06-27,41.62085823765293,41.975766760512194,41.41920678673996,41.58859634399414,19862400
2018-06-28,41.49180143214691,41.685388178884416,41.42727456787238,41.58859634399414,13177400
2018-06-29,41.61280099854135,41.790255291805124,41.378884535049565,41.56440353393555,13018300
2018-07-02,41.37889183717431,41.564410868798795,41.05625124707182,41.32242965698242,13255500
2018-07-03,41.483723187991664,41.636977132960055,41.354666424608816,41.419193267822266,7736300
2018-07-05,41.59667451617769,42.01611003911468,41.51601514047971,41.991912841796875,11699800
2018-07-06,42.040301608435435,42.290350562757475,41.94350975516394,42.12096405029297,12335100
2018-07-09,42.15321653684901,42.21774647592486,41.91123541922826,41.959632873535156,15117900
2018-07-10,42.06449690663795,42.48392924688198,41.97576976956269,42.45973205566406,15280300
2018-07-11,42.411336081499165,42.45166575766782,42.17741965198112,42.322608947753906,11484600
2018-07-12,42.44360646896027,42.516201131372405,42.129030624160265,42.26615524291992,11002300
2018-07-13,42.29034870073049,42.588792030069165,42.27421621306929,42.54039764404297,14053500
2018-07-16,42.50813544796599,42.53233264256114,42.217756804993826,42.338748931884766,10347400
2018-07-17,42.31453933433529,42.7501072027957,42.31453933433529,42.70170974731445,14759300
2018-07-18,42.6533162084366,42.693645883653076,42.322607948530305,42.3548698425293,10474200
2018-07-19,42.080620127025504,42.564585418903555,41.99996078352419,42.379066467285156,15092800
2018-07-20,42.29840431421725,42.661377516181155,42.22580967382447,42.63718032836914,17895700
2018-07-23,42.556524995654264,42.661384621899735,42.2419491938751,42.37100601196289,13337200
2018-07-24,42.274221107179294,42.53233478572564,42.20162644277827,42.45167541503906,15987700
2018-07-25,42.50812512947245,42.80656840587917,42.41939800155121,42.7743034362793,15258400
2018-07-26,42.943701861993844,43.36313424563543,42.887236615047776,43.00016403198242,15129400
2018-07-27,42.97595531200745,43.266333887405914,42.90336066815783,43.056617736816406,13414400
2018-07-30,42.94370904502672,43.11309558332511,42.75012223200142,43.008235931396484,12143900
2018-07-31,43.14535395237728,43.3631348528356,42.89530499824258,43.20988082885742,17898400
2018-08-01,43.08081353419889,43.153408175703575,42.77430248373945,42.84689712524414,14917600
2018-08-02,42.77430814533196,43.338932867662315,42.750110953946596,43.282470703125,15902900
2018-08-03,43.38732743394414,44.00034649816375,43.35506246294389,43.79063034057617,20418500
2018-08-06,43.81483064811755,43.96808465583844,43.73417129183439,43.830963134765625,13412100
2018-08-07,43.79064059127239,43.84710276526122,43.41153478566937,43.564788818359375,13766100
2018-08-08,43.54058473274922,43.57284970619634,43.21794422914967,43.234073638916016,12591800
2018-08-09,43.242135566435216,43.314730208384425,43.048548828918385,43.105010986328125,8047000
2018-08-10,42.975956962565135,43.121146255840586,42.85496793614026,42.943695068359375,13459200
2018-08-13,43.0162897149971,43.105013770259205,42.75010831833977,42.943695068359375,8696600
2018-08-14,43.000160574998965,43.28247140224558,42.97596030626551,43.24214172363281,8882500
2018-08-15,43.11309030605736,43.45186334118654,42.871109127113996,43.41960144042969,15592600
2018-08-16,43.86322493058364,44.16973292382178,43.79869498866593,44.04067611694336,15526100
2018-08-17,44.00035360302786,44.42785684541875,43.911626456928666,44.379459381103516,13037600
2018-08-20,44.43591829931591,44.61337257852877,44.30686148087672,44.35525894165039,10189600
2018-08-21,44.33912248287727,44.40364934783799,43.87128963484486,44.04067611694336,13806200
2018-08-22,44.00034632451615,44.089073455938156,43.70996774057395,43.76642990112305,13573900
2018-08-23,43.6373750496654,43.766431861982156,43.53251850506606,43.66157531738281,10714300
2018-08-24,43.63737587912888,43.72610301621265,43.476057168384415,43.6051139831543,9570500
2018-08-27,43.67770424775057,43.81482575350535,43.45992031776632,43.62930679321289,10631600
2018-08-28,43.62124783074059,43.750304649537455,43.41959635906067,43.48412322998047,12621500
2018-08-29,43.54865278101171,43.61317965134349,43.43572537325592,43.53252029418945,8681000
2018-08-30,43.46798037775985,43.61316964890456,43.30665862349279,43.3953857421875,11092500
2018-08-31,43.395401135084995,43.53252575178662,43.20181742286316,43.379268646240234,10472900
2018-09-04,43.32280349731445,43.50832249084684,43.20181445472764,43.32280349731445,9571100
2018-09-05,43.19374418705737,43.822898864746094,43.14534980359017,43.822898864746094,14723800
2018-09-06,43.80677189292111,43.96809062739705,43.661582570326665,43.94389343261719,12333800
2018-09-07,43.80677299813533,43.88743236740828,43.54865932411264,43.855167388916016,9247300
2018-09-10,43.960017764630805,44.26652884178538,43.960017764630805,44.00841522216797,8361600
2018-09-11,43.95194746628025,44.000341840701054,43.75029603430916,43.84708786010742,8121600
2018-09-12,43.847096372877274,44.45205078624046,43.82289918096907,44.35525894165039,15220000
2018-09-13,44.371392702977865,44.387525191484485,44.04068438098611,44.290733337402344,9746500
2018-09-14,44.25039738594014,44.25846209057219,43.94388630165101,44.169734954833984,8925200
2018-09-17,44.13746721768334,44.347183356888806,44.040672313166915,44.331050872802734,10279600
2018-09-18,44.29073145821724,44.30686394603938,43.968087855689255,44.14554214477539,15638500
2018-09-19,44.10520241358606,44.29072136583093,44.00034280511488,44.06487274169922,7791600
2018-09-20,44.185865381259504,44.62950103926973,44.185865381259504,44.62143325805664,11817800
2018-09-21,44.69291305541992,44.76602045202333,44.603559226383524,44.69291305541992,10307900
2018-09-24,44.53858408232601,44.636059594619574,43.97809291458404,44.01058578491211,10648700
2018-09-25,44.140557490449524,44.23803301008107,43.72628420799726,43.75065231323242,8348300
2018-09-26,43.880621068104425,44.1324361861478,43.742527907019046,43.79938888549805,10369900
2018-09-27,43.65318387087262,44.02684267228207,43.531337127560604,43.74253463745117,8892800
2018-09-28,43.69377320834774,43.864356071607375,43.653158683574915,43.8074951171875,9249700
2018-10-01,43.8724846498248,43.93747037865244,43.72627295734281,43.77500915527344,8725500
2018-10-02,43.75065316866513,44.124311916801105,43.64505287942985,44.02683639526367,9592400
2018-10-03,44.124299682932275,44.173038979533054,43.498825987327734,43.555686950683594,15192700
2018-10-04,43.43384206925806,43.515071129160546,43.12516606398661,43.45008850097656,19964000
2018-10-05,43.360741030279065,43.580063242584906,43.34449459617969,43.40947723388672,13903100
2018-10-08,43.368865540040616,44.06744675864091,43.368865540040616,44.01058578491211,14908300
2018-10-09,44.02683841854646,44.12431394456345,43.807516160989906,43.913116455078125,13477200
2018-10-10,43.76689240074095,44.09993655163695,43.31200154396257,43.385108947753906,26121600
2018-10-11,43.263270997977514,43.49071802174521,42.17478448716772,42.3128776550293,44523200
2018-10-12,42.4915856735938,42.694661493504256,42.17478479163295,42.54844665527344,26263000
2018-10-15,42.42659284296172,43.11705237463603,42.42659284296172,42.80837631225586,15892000
2018-10-16,42.913988441522655,43.3526299054693,42.75964881835846,43.28764724731445,15468600
2018-10-17,43.2470170945966,43.58818289886861,43.092677527119946,43.49070739746094,15837800
2018-10-18,43.539446510515944,43.929354739602346,43.29575619135484,43.4338493347168,19370300
2018-10-19,43.92937086398042,44.55484177655462,43.92937086398042,44.42487335205078,28312300
2018-10-22,44.50609230865061,44.56295328378049,43.969972329789755,44.09181594848633,16645700
2018-10-23,43.83188274488137,44.40049564115769,43.58007071986244,44.286773681640625,30466600
2018-10-24,44.31925819226228,45.09906842353377,44.1892898203837,44.473594665527344,36761900
2018-10-25,44.36799637950098,44.74165817671894,43.98621601304495,44.57919692993164,30018200
2018-10-26,44.27052183752891,44.39236854995248,43.531326092262745,43.726280212402344,39310600
2018-10-29,44.02683979245407,44.53859174272249,43.82376396601165,44.229915618896484,31687500
2018-10-30,44.530458499515596,45.1478106296753,44.4167365541416,45.10719299316406,33148100
2018-10-31,45.09907172568459,45.09907172568459,44.32738310547547,44.68479537963867,30135100
2018-11-01,44.782268530886135,45.13968076148191,44.55482156715222,45.001590728759766,22589800
2018-11-02,45.00159419224705,45.058455162884194,44.37612041654799,44.76602554321289,28704100
2018-11-05,44.83913077304036,45.448358084905884,44.77414503907001,45.32651138305664,19972200
2018-11-06,45.31839820184986,45.61894953101727,45.164058604114246,45.60270309448242,15626500
2018-11-07,45.78953296500226,45.878886817571065,45.38338134328295,45.862640380859375,15067100
2018-11-08,45.63518597448563,45.96010843665016,45.62706120865188,45.887001037597656,12890200
2018-11-09,45.87075877293907,46.301278440542085,45.87075877293907,46.15506362915039,18510900
2018-11-12,46.02509508048796,46.28503183339433,45.8220192986117,45.911373138427734,15950700
2018-11-13,45.935750721392715,46.10633366968982,45.586460056579895,45.805782318115234,23146500
2018-11-14,45.886997550428916,45.886997550428916,45.27777030418615,45.49708938598633,17577600
2018-11-15,45.34276307878282,45.42399215698242,44.993472464881265,45.42399215698242,25604700
2018-11-16,45.39962656754656,45.716424328236634,45.237165303459356,45.5377197265625,15212800
2018-11-19,45.55396107898008,45.80577306645649,45.277777890461365,45.46460723876953,16727200
2018-11-20,45.3265126624637,45.55395963908962,44.58731696048294,44.709163665771484,33023200
2018-11-21,44.684789734386115,44.79038999926925,44.254270106409834,44.35174560546875,16604400
2018-11-23,44.311134146502916,44.701039268478496,44.205533874293764,44.50608825683594,8700800
2018-11-26,44.57106798674765,44.79039018455518,44.34362412177255,44.56294631958008,13125400
2018-11-27,44.48984145713287,44.977222080924435,44.46547335555042,44.960975646972656,15954400
2018-11-28,44.887875062806934,45.34276598649145,44.74978500127413,45.33464431762695,21973700
2018-11-29,45.26152294792673,45.54582775089011,45.204661987334056,45.407737731933594,13285000
2018-11-30,45.39962871508171,45.813905113035126,45.285906754448554,45.70018005371094,16551900
2018-12-03,45.8626387584891,45.8626387584891,45.26965778359825,45.74079513549805,20855900
2018-12-04,45.82203026449823,45.99261321841158,44.9447442881644,44.969112396240234,27634900
2018-12-06,44.8228903086193,45.03408777476746,44.067448093408466,45.01784133911133,32514000
2018-12-07,44.977221532279685,45.13968277112527,44.25427227304175,44.44922637939453,23139500
2018-12-10,44.70103835584931,44.70103835584931,43.766891655195394,44.44922637939453,44469000
2018-12-11,44.75789733451713,45.139680764024995,44.571068002693565,44.81475830078125,25677400
2018-12-12,45.090948233138946,45.22904138528708,44.733535948875,44.757904052734375,18735200
2018-12-13,44.81476210357161,45.180299131066185,44.757901132482516,45.03408432006836,16987800
2018-12-14,44.74977821285848,44.80663918235703,44.16491898522715,44.2705192565918,20262700
2018-12-17,44.16492493815505,44.27052522375341,42.98708465650051,43.24702453613281,27324100
2018-12-18,43.360745283934705,43.45009913090157,42.49158111584192,42.73527145385742,27349700
2018-12-19,42.938347495893474,43.279513351314996,42.12604429876704,42.32099533081055,46289600
2018-12-20,42.13415686328307,42.15040329555808,41.16751738309548,41.56554412841797,43415000
2018-12-21,41.57703111669365,42.48693901900848,41.13437271118164,41.13437271118164,38484500
2018-12-24,41.02781073722201,41.16716756671574,39.91296860945843,39.94575881958008,23086800
2018-12-26,40.027729976330164,41.06059646606445,39.61786177568151,41.06059646606445,26670600
2018-12-27,40.806474759157986,41.486857434922015,40.19987160748614,41.45406723022461,35926900
2018-12-28,41.75736880606053,41.9295158171989,41.29011933378361,41.45406723022461,24436600
2018-12-31,41.56063197960721,41.65899946226914,41.240935315671486,41.6262092590332,14959600
2019-01-02,41.18356360341471,41.511456330908985,40.9458392652249,41.38029861450195,20459000
2019-01-03,41.30651457791193,41.73277785930321,41.07698939833434,41.1425666809082,22074800
2019-01-04,41.413076931667696,42.01968002319336,41.32290544121357,42.01968002319336,19003300
2019-01-07,41.913120981308346,42.241013649228854,41.58522518634179,41.962303161621094,15143300
2019-01-08,42.20823388103495,42.454154206325576,42.00329975545166,42.34758758544922,28273800
2019-01-09,42.33937860099747,42.38036478812482,41.85573408798523,41.9541015625,15684500
2019-01-10,41.872142367942736,42.27381150608423,41.75737662999855,42.200035095214844,32431700
2019-01-11,42.29020021160151,42.34758150836661,42.09346210337392,42.32299041748047,11732400
2019-01-14,42.21642474373855,42.306596248372955,42.052476837771096,42.11805725097656,7811500
2019-01-15,42.10985428796437,42.57710374469608,42.085263198782464,42.53611755371094,11447700
2019-01-16,42.519728764321364,42.519728764321364,42.150846736599526,42.30659866333008,13484700
2019-01-17,42.24100747337529,42.577099206906944,42.191825300253235,42.48693084716797,10196400
2019-01-18,42.73285142970027,43.12632445299654,42.683666129146125,42.99516677856445,11957600
2019-01-22,42.88041031788693,42.96238270345189,42.25740893022738,42.60169982910156,20877700
2019-01-23,42.92958895996723,43.23289364105926,42.7246548859003,43.10993194580078,23804700
2019-01-24,42.88041502994873,42.88861101858744,42.290203782476205,42.577110290527344,17727200
2019-01-25,42.70826988751198,42.880416927004966,42.34758695756994,42.40496826171875,12920300
2019-01-28,42.31479355263403,42.60170317876248,42.17543986080736,42.58530807495117,10996700
2019-01-29,42.667274942256896,42.77384153970865,42.49513106509739,42.68367004394531,11500400
2019-01-30,42.72465696455449,43.068947851801305,42.62628947978938,42.970577239990234,13934600
2019-01-31,42.97877427332536,43.88048294860808,42.88040679332352,43.76572036743164,17886500
2019-02-01,43.89689619871541,43.89689619871541,43.4460416746707,43.62638473510742,14423400
2019-02-04,43.6181655069172,43.90507507324219,43.53619313199329,43.90507507324219,13367500
2019-02-05,43.93786394574078,44.02803543807597,43.79031116320061,43.913272857666016,11296100
2019-02-06,43.79031364084522,43.99524772518548,43.79031364084522,43.92147445678711,19006100
2019-02-07,43.732931416997324,43.92147352237968,43.58537862924777,43.8886833190918,14519000
2019-02-08,43.798518494543465,44.093624114990234,43.634570580178995,44.093624114990234,11100100
2019-02-11,44.13459383117795,44.24935639026479,44.011632159559085,44.208370208740234,6876200
2019-02-12,44.298560842959155,44.68383486837097,44.232980422520896,44.552677154541016,11694100
2019-02-13,44.6346549987793,44.77400870887993,44.53628749005845,44.6346549987793,10809600
2019-02-14,44.16740706494775,44.33135500360647,43.89689249710384,44.13461685180664,11388500
2019-02-15,44.34774303124129,44.63465268008884,44.134612918910065,44.552677154541016,12635400
2019-02-19,44.65923054185926,44.954336092299584,44.56086306739436,44.78219223022461,19831700
2019-02-20,44.741207516185334,44.86416608155336,44.560864534524015,44.700218200683594,14478600
2019-02-21,44.62646383976574,44.92976866356227,44.49530609573521,44.831398010253906,11711800
2019-02-22,44.413317703759716,44.61825180053711,44.298555109891765,44.61825180053711,24758700
2019-02-25,44.70841764833807,44.83957532860379,44.3149446075409,44.3723258972168,15162600
2019-02-26,44.39692306518555,44.58546206094742,44.29855557327635,44.39692306518555,15114400
2019-02-27,44.2985543990429,44.39692188834464,44.15100160156724,44.33134460449219,10811600
2019-02-28,44.43790894915241,44.716619446820104,44.33134546993106,44.54447555541992,8469400
2019-03-01,44.67563160349992,44.6920267059394,44.142801718878296,44.462501525878906,10812200
2019-03-04,44.5444778919842,44.626450284461406,44.044438167552805,44.388729095458984,10113600
2019-03-05,44.38051759914559,44.50347928060509,44.273951017017055,44.355926513671875,10132400
2019-03-06,44.34773315926268,44.470694856689384,44.10181289145514,44.29035186767578,12001100
2019-03-07,44.21658239929087,44.29035880389168,43.91328079239703,44.00345230102539,14336100
2019-03-08,44.044440759166285,44.24117889055268,43.81491554508759,44.028045654296875,11909300
2019-03-11,44.10181654044808,44.634646437322424,44.10181654044808,44.60185623168945,10519200
2019-03-12,44.61005268552017,44.774000588351306,44.511685194639945,44.61825180053711,10841800
2019-03-13,44.65104247151392,45.044515566178646,44.61825226519697,44.872371673583984,11135300
2019-03-14,44.88877932782681,44.962555754284445,44.75762158379628,44.831398010253906,8449600
2019-03-15,44.98634061542423,45.208879284213644,44.89567508301005,45.08524703979492,21846900
2019-03-18,45.09348459537166,45.24184579304,45.03578892340934,45.151180267333984,8103700
2019-03-19,45.250089924640946,45.348996341903735,44.95336752867426,45.11821365356445,13359400
2019-03-20,45.09348841143964,45.18415394481829,44.780284206904284,44.92864227294922,19832700
2019-03-21,44.84621276532234,45.52207898264848,44.84621276532234,45.45614242553711,12699200
2019-03-22,45.39020490894482,45.69516818164153,45.332509239628635,45.3984489440918,21007300
2019-03-25,45.316018239859474,45.60449969195372,45.208867806557166,45.489105224609375,12538000
2019-03-26,45.6457164990057,46.041345292830094,45.61274664680913,45.87649917602539,12808700
2019-03-27,45.876500309412314,46.00837657727847,45.4891123969775,45.71989822387695,12740400
2019-03-28,45.82704935249194,46.06607609049312,45.81056756878983,45.94244384765625,11920900
2019-03-29,46.024860404917845,46.296853825319836,45.9012250311672,46.24740219116211,13888800
2019-04-01,46.33807584460604,46.346316737019144,46.01662758945687,46.09080505371094,13799400
2019-04-02,45.950685218274835,45.950685218274835,45.7116584777832,45.7116584777832,13964800
2019-04-03,45.62922550572435,45.728131904984615,45.37371390144277,45.489105224609375,18616500
2019-04-04,45.52208823549702,45.736389164068456,45.48087748590364,45.662208557128906,10671300
2019-04-05,45.72813636165058,45.83528680539577,45.604504136570476,45.81880187988281,9045200
2019-04-08,45.79407551973128,46.016617295245624,45.7363798532103,46.00837326049805,6136900
2019-04-09,45.90122500074962,45.975405596115216,45.752863810018425,45.950679779052734,12062300
2019-04-10,45.99189215354013,46.140253349533666,45.950681408914875,46.082557678222656,7060800
2019-04-11,46.15673284869019,46.26388328745875,46.00837167014231,46.1732177734375,6444900
2019-04-12,46.20619906595392,46.35456028124363,46.06607874298977,46.321590423583984,7635700
2019-04-15,46.30509997891128,46.63479222787756,46.296855943389055,46.59357833862305,6505000
2019-04-16,46.67600249746689,46.75842398677968,46.42049084991199,46.60182189941406,9345100
2019-04-17,46.84909219693024,46.90678787159198,46.618309498283296,46.83260726928711,12720200
2019-04-18,47.0221786466455,47.10460328385454,46.6677605670927,46.873817443847656,10622200
2019-04-22,46.86558255788492,47.145820071950304,46.7749170174257,46.89030838012695,12432100
2019-04-23,46.86558639846913,46.92328208454785,46.65128544088037,46.74195098876953,20408400
2019-04-24,46.76666641986966,47.013934023514274,46.73369656760286,46.84084701538086,8221900
2019-04-25,46.58533152841443,46.62654226825464,46.379274685035476,46.54412078857422,9992100
2019-04-26,46.59358214412129,46.97272920465258,46.568856323891765,46.96448516845703,8405700
2019-04-29,46.93975715686602,47.04690761315598,46.873817447094225,47.022178649902344,7210800
2019-04-30,47.04690111544088,47.615616884873575,46.99744633994231,47.566162109375,15965900
2019-05-01,47.62385719875487,47.656827048688065,46.980960845947266,46.980960845947266,11992700
2019-05-02,46.939759348227504,47.15405712663339,46.72545842564305,46.96448516845703,13925900
2019-05-03,47.187024786628456,47.42605151831638,47.112844185214215,47.31890106201172,13801300
2019-05-06,46.97272322385813,47.32713813067694,46.91502441037145,47.24471664428711,10100300
2019-05-07,47.030421626487936,47.12108400911462,46.52764235542613,46.77490997314453,20115500
2019-05-08,46.74193745106831,47.030418942089135,46.53588059070122,46.766666412353516,11940200
2019-05-09,46.56884871801039,46.79963138693612,46.31333708871544,46.667755126953125,23531600
2019-05-10,46.552370356150156,47.302417280089834,46.35455751037403,47.236480712890625,14029600
2019-05-13,46.750182535866244,46.90678462135715,46.61830626803752,46.7913932800293,13081800
2019-05-14,46.92326956541174,47.33538329555295,46.8490889682192,47.01393508911133,16497800
2019-05-15,46.94799541198821,47.48374451917292,46.857329888232805,47.38483810424805,9681800
2019-05-16,47.63211268338011,48.02774154514793,47.500236396124166,47.75574493408203,12859800
2019-05-17,47.4919859011591,47.87113292661628,47.48374500990446,47.59913635253906,15458700
2019-05-20,47.49199028166319,47.755742844635165,47.4507795332323,47.48374938964844,9496800
2019-05-21,47.65683153133602,47.673316457853204,47.31065750700983,47.38483810424805,8124100
2019-05-22,47.40132037646669,47.70628680391902,47.302413960519644,47.59913635253906,11102000
2019-05-23,47.4178031158638,47.59913415688417,47.31889670447911,47.58264923095703,17398000
2019-05-24,47.665072787075324,47.70628352887595,47.269440862090775,47.40956115722656,9530800
2019-05-28,47.41780591854283,47.53319726267498,46.60182247407787,46.63479232788086,14043000
2019-05-29,46.45346115959581,46.46170205093672,46.05783234748746,46.29685592651367,11455100
2019-05-30,46.38752422371344,46.59358110550915,46.28037690898819,46.49467468261719,9770200
2019-05-31,46.13201522595092,46.197951792471514,45.76111221371491,45.83529281616211,13450800
2019-06-03,45.90122721752152,46.50291290046579,45.892986326162095,46.41225051879883,17060600
2019-06-04,46.7007309923205,46.84085130519791,46.55236978771077,46.83260726928711,16546800
2019-06-05,47.0469065797327,47.45902032421875,46.865575526021765,47.36835479736328,15069700
2019-06-06,47.46725953280276,47.96179475098181,47.38483804449899,47.86288833618164,20769600
2019-06-07,48.027740464928215,48.514034852780476,48.027740464928215,48.324462890625,18860800
2019-06-10,48.39039783734788,48.44809351327802,48.192584989638384,48.340946197509766,15341800
2019-06-11,48.48105459524155,48.62117488584061,48.373904154686734,48.49753952026367,18109700
2019-06-12,48.58820886430934,48.85196139708978,48.49754334163264,48.57172393798828,10921200
2019-06-13,48.687115860652455,48.827236163969,48.39863750702757,48.67887496948242,11564400
2019-06-14,48.65415086736082,48.835481932996,48.60469922704472,48.70360565185547,9726100
2019-06-17,48.72008560668818,48.76953724195627,48.34094173013438,48.563480377197266,8796600
2019-06-18,48.83547750571911,48.868447359059935,48.233791831051306,48.29972839355469,18120600
2019-06-19,48.266756858309876,48.59644592621844,48.02773016175605,48.49753952026367,13457200
2019-06-20,48.703594254963505,48.98383167983244,48.596443819054784,48.9261360168457,13566200
2019-06-21,48.867177339159106,49.00836242834401,48.69277111082168,48.76751708984375,15416200
2019-06-24,48.84225749415344,49.08310280516432,48.80903635879268,48.892086029052734,17796300
2019-06-25,48.900397194188336,48.96683630260649,48.7259878022887,48.8671760559082,11861700
2019-06-26,48.642942019261056,48.642942019261056,48.15294127889526,48.169551849365234,11672600
2019-06-27,48.23599576170378,48.302434877687034,47.986840364374736,48.26091003417969,11524900
2019-06-28,48.493450630089846,48.55158604335518,48.12802757983028,48.22768783569336,12409300
2019-07-01,48.47683529941908,48.63463412119543,48.23598996874409,48.51836013793945,12628100
2019-07-02,48.53497021719683,48.94192123413086,48.501752247601004,48.94192123413086,11913500
2019-07-03,49.00835868901501,49.598022775483265,48.966833852313805,49.54819107055664,11995800
2019-07-05,49.25751796726316,49.365481917653725,48.892091771657505,49.3322639465332,11008200
2019-07-08,49.332261606879044,49.490057258680025,49.257515631153936,49.39870071411133,9257100
2019-07-09,49.29903756068941,49.38208723186559,48.92530770411286,49.1080207824707,12499500
2019-07-10,49.28243322417086,49.54819600730833,49.240908383332304,49.42361831665039,16804800
2019-07-11,49.523276802164304,49.58971590725785,49.282428313898535,49.54819107055664,12575300
2019-07-12,49.531593234417976,49.80566292975152,49.531593234417976,49.68939208984375,8732000
2019-07-15,49.77243529228153,49.88870611702294,49.63955389712815,49.80565643310547,7212600
2019-07-16,49.81395494189144,50.021582298185486,49.64785242322779,49.822261810302734,13579000
2019-07-17,49.82226440145128,49.897010380330194,49.64785500530567,49.76412582397461,9049900
2019-07-18,49.822266063776674,50.24582451279448,49.64785666181188,50.09633255004883,9444300
2019-07-19,50.22091487311534,50.29566086138128,49.747524670145275,49.78074264526367,7460400
2019-07-22,49.87208095813048,49.87208095813048,49.44021575817475,49.490047454833984,7135100
2019-07-23,49.938532140934896,50.02988868372526,49.689379949415176,49.84717559814453,10058100
2019-07-24,49.77244709578487,49.8139719475912,49.45685251939916,49.51498794555664,7975900
2019-07-25,49.41530694862114,49.664459123137085,49.299036145056476,49.5814094543457,9469200
2019-07-26,49.66446160936688,50.15446228330606,49.523276531725365,50.13785171508789,14727900
2019-07-29,50.13785716354298,50.33718083567947,50.10463919163881,50.22921371459961,6121300
2019-07-30,50.42853577952643,50.67768798564958,50.26243325273027,50.37870407104492,14123800
2019-07-31,50.22090833790867,50.29565431644797,48.87548072420123,49.357177734375,16826700
2019-08-01,49.498368758112456,50.0797260866698,49.14955626186358,49.182777404785156,30148200
2019-08-02,49.10803231006121,49.490065956176984,49.000065177674536,49.19108200073242,24368700
2019-08-05,48.87548894515788,49.08311634623016,47.6463351109871,47.9120979309082,26364800
2019-08-06,48.07818562647267,48.5681862682906,47.895472556192225,48.34394836425781,20126400
2019-08-07,48.13634004259121,49.09142743689097,47.62972863351792,48.908714294433594,17550800
2019-08-08,48.87548395390914,49.58972264756134,48.64294230226141,49.539894104003906,24011300
2019-08-09,49.514979415011695,49.63955711711129,48.91701468210433,49.26582717895508,10590200
2019-08-12,49.13294030572581,49.29073596509599,48.76751727806433,48.933616638183594,11774000
2019-08-13,48.90038663433616,49.71428533758839,48.817333806570765,49.490047454833984,13199500
2019-08-14,49.04989369680504,49.44853788870739,48.67616377685209,48.70938491821289,17281300
2019-08-15,49.2409070108187,49.614636904233095,49.00005850526919,49.44022750854492,14431100
2019-08-16,49.656161908982874,50.20429803176538,49.656161908982874,50.004974365234375,18294300
2019-08-19,50.40361341772341,50.60293706403705,50.29564947877283,50.50327682495117,13180800
2019-08-20,50.478369338685106,50.53650475362255,49.91362259231344,49.95515060424805,8959300
2019-08-21,50.287344625561964,50.32886946283298,49.96344645944925,50.0880241394043,8735900
2019-08-22,50.129552345101715,50.461754233733934,49.99667095602038,50.353790283203125,7127600
2019-08-23,50.212616227589564,50.42024365476432,49.232614517873245,49.51498794555664,25296100
2019-08-26,49.84717759397175,50.17107577273012,49.64785393189007,50.12955093383789,13629800
2019-08-27,50.33718464866276,50.47006605077193,49.830573313077004,49.98836898803711,13389300
2019-08-28,49.97175088227801,50.47005844116211,49.88039750621754,50.47005844116211,12435500
2019-08-29,50.76904185899939,50.77734555923772,50.18768462991304,50.494972229003906,9657600
2019-08-30,50.66107709658824,50.785654782935076,50.27073663630083,50.42853546142578,8567000
2019-09-03,50.21260786294795,50.727526077627004,50.12125130330674,50.71921920776367,15551600
2019-09-04,50.92684265487337,51.175994873046875,50.72752214759149,51.175994873046875,12200500
2019-09-05,51.30887385796081,51.4251446764392,50.78565517480803,50.86040115356445,15719800
2019-09-06,50.993290355316546,51.10956119161124,50.868712648919264,51.02650833129883,13904200
2019-09-09,51.001577632705335,51.05140933284496,50.76903603500374,50.910221099853516,27082400
2019-09-10,50.68598391450815,50.68598391450815,50.32056094610163,50.594627380371094,31985000
2019-09-11,50.57802326996162,50.81886858599617,50.31226051781584,50.77734375,17422200
2019-09-12,51.07632280951618,51.234118438640614,50.88530604747872,50.98496627807617,18296200
2019-09-13,50.75242937973592,51.04310639926515,50.586326867944116,50.69429397583008,17830400
2019-09-16,50.45345981047676,50.50329152859876,50.096340417626074,50.204307556152344,16741200
2019-09-17,50.179371545896956,50.75242500376178,50.179371545896956,50.478355407714844,11681500
2019-09-18,50.52819167515376,50.61954821542804,50.12954754607297,50.5614128112793,10968900
2019-09-19,50.51989024585539,50.64446475971243,50.453447970617994,50.55310821533203,10664100
2019-09-20,50.66004672606807,50.77700542812276,50.3927116394043,50.3927116394043,13951100
2019-09-23,50.43447213113026,50.802060192441495,50.39270162967716,50.593204498291016,8767800
2019-09-24,50.79370316132996,51.13622636539189,50.61826514661443,50.802059173583984,17305900
2019-09-25,51.01927378525941,51.08610914373816,50.68510336663622,50.835479736328125,17626600
2019-09-26,50.89395754698997,51.26989845988429,50.868895881758746,51.11952209472656,15527300
2019-09-27,51.24484448601429,51.261553327638005,50.76029763958349,51.06105041503906,14293900
2019-09-30,51.094459863665456,51.53723294123474,51.094459863665456,51.311668395996094,11078800
2019-10-01,51.336733781860225,51.478754133922,50.96914569532819,51.178001403808594,16827400
2019-10-02,50.927372217100896,50.97749873148772,49.958281913817345,50.150428771972656,18668200
2019-10-03,50.40107001976976,50.67675794657261,49.949940844762445,50.501319885253906,20998100
2019-10-04,50.58486379362842,51.30332810882604,50.5347404514706,51.29497528076172,11938600
2019-10-07,51.17800404483228,51.244839404699924,50.827127966183255,50.877254486083984,9378900
2019-10-08,50.72688209117681,50.86890246170449,50.38435881220851,50.3927116394043,14924100
2019-10-09,50.64332528776814,50.90230748281688,50.53472262680868,50.77699279785156,8504600
2019-10-10,50.66839876682565,51.027630858900814,50.526375220549596,50.877254486083984,8648000
2019-10-11,51.06940660274921,51.136238782585394,50.72688331551381,50.82713317871094,18172100
2019-10-14,50.89395832637249,50.94408484448776,50.55143508646458,50.576499938964844,7569500
2019-10-15,50.70181433603859,50.73523201668171,50.284102888655845,50.359291076660156,12217700
2019-10-16,50.40107481443972,50.46790700215833,50.23398956481409,50.409427642822266,10397700
2019-10-17,50.57649745304446,50.78535315459795,50.5013092730098,50.64332962036133,13209800
2019-10-18,50.55143742567238,50.93573437523519,50.55143742567238,50.743587493896484,9301200
2019-10-21,50.75193822493882,50.93573227205876,50.685102867118744,50.910667419433594,9924100
2019-10-22,51.27825504503516,51.31166953675455,50.902314127946184,50.92737579345703,12492500
2019-10-23,50.90232220392972,51.19471897089777,50.88561336197644,51.16130447387695,7499400
2019-10-24,51.261535160419704,51.42026431926249,51.06103231887948,51.33672332763672,9089300
2019-10-25,51.28661793363809,51.29497394837131,50.994221155692664,51.03599166870117,7518600
2019-10-28,51.0359874702138,51.21978153659441,50.81877890830674,50.93573760986328,11154200
2019-10-29,50.843840576672974,51.17800784013656,50.75194354348267,50.93573760986328,10072400
2019-10-30,50.97750415290416,51.26154805753399,50.83548060714657,51.16965103149414,7216400
2019-10-31,51.186364196891525,51.3701582645027,50.768652724601125,51.09446716308594,12628100
2019-11-01,51.1863590122444,51.27825603674177,50.977503297254124,51.08610916137695,10232000
2019-11-04,51.144583403372884,51.16964506686775,50.43447213113026,50.593204498291016,17081600
2019-11-05,50.526374670005445,50.868897918381506,50.36764547237738,50.760292053222656,17192200
2019-11-06,50.84384282365542,51.09446907905064,50.701819260570495,50.969154357910156,8284500
2019-11-07,51.027633199347235,51.035986026271125,50.7018155853765,50.7937126159668,9437800
2019-11-08,50.768648066557745,50.91902443773605,50.593210029144835,50.760292053222656,7574200
2019-11-11,50.785357409820165,50.86889842268729,50.601563357250065,50.68510437011719,5632200
2019-11-12,50.76029108672732,50.85218811035156,50.618270731588225,50.85218811035156,7085100
2019-11-13,50.927379572582424,51.33673819865296,50.860547397299044,51.236488342285156,9500900
2019-11-14,51.4620425256351,51.47875136384065,51.01091664162535,51.21977233886719,8442100
2019-11-15,51.294967690740165,51.34509102548133,51.052694283206286,51.236488342285156,7221400
2019-11-18,51.18636073685091,51.787866236092555,51.18636073685091,51.503822326660156,8615500
2019-11-19,51.57901620910395,51.66255723238475,51.32838676549002,51.43699264526367,8560900
2019-11-20,51.43698875023965,51.67926216104808,51.328382878690086,51.55394744873047,11935900
2019-11-21,51.46205733713572,51.587372066302166,51.17801337965959,51.29497528076172,7611100
2019-11-22,51.33672902538982,51.37014670050291,51.0109146602495,51.2114143371582,5517100
2019-11-25,51.311675600081074,51.403572633660346,51.01927884495214,51.26990509033203,10396500
2019-11-26,51.336723193952906,51.73772568910457,51.24482619127313,51.687599182128906,7354800
2019-11-27,51.77951719061436,51.87141423057473,51.63749681022894,51.81293487548828,5483300
2019-11-29,51.82964036948256,51.913181389384384,51.695972825508264,51.79622268676758,3008500
2019-12-02,51.69597274140887,51.93824297348429,51.45369932244783,51.91318130493164,17920100
2019-12-03,51.812926780290795,51.871406126240494,51.47875635753366,51.82963562011719,20537000
2019-12-04,51.77115470457784,52.205574966237286,51.71267536040111,52.172157287597656,17369100
2019-12-05,52.18886659251198,52.19721941880378,51.84634335061312,52.15544891357422,13445200
2019-12-06,52.26406698772613,52.556463779534326,52.230649300980616,52.355960845947266,10746700
2019-12-09,52.322539774018345,52.531395509615066,52.31418375993854,52.397727966308594,6643000
2019-12-10,52.39772180288032,52.45620114701776,52.18051007875392,52.23063659667969,7194300
2019-12-11,52.34759096647083,52.4311319692367,52.155444110601344,52.30582046508789,6201700
2019-12-12,52.31417667487463,52.64834708132594,52.15544748459711,52.26405334472656,11843600
2019-12-13,52.13039086241689,52.5313934768188,52.038493832408754,52.44784927368164,10158300
2019-12-16,52.59821989564484,52.75695227078968,52.531387727335286,52.63163757324219,10004600
2019-12-17,52.56481280249418,52.66506585547318,52.481271778564135,52.5481071472168,8005500
2019-12-18,52.63999186495123,52.81543308377988,52.38101282357339,52.46455383300781,5464100
2019-12-19,52.539736687420856,52.865551052808755,52.531383862078684,52.748592376708984,9068100
2019-12-20,52.91116583609279,53.36599038451544,52.877474414804276,53.14699935913086,15270600
2019-12-23,53.248065642800235,53.248065642800235,52.90273665882374,52.91958236694336,6006500
2019-12-24,52.97854393137123,53.054348015982356,52.9027398467601,52.98696517944336,1700100
2019-12-26,53.04591590628171,53.1385656866685,52.89430775891968,53.03749465942383,8638600
2019-12-27,53.14699329425472,53.29018021189574,53.09645938107941,53.27333450317383,10314100
2019-12-30,53.1806914521397,53.26492000642487,52.9195909663327,52.995391845703125,6238600
2019-12-31,52.8858995214925,53.07962037677746,52.776404007465054,53.045928955078125,4985400
2020-01-02,53.14699817269909,53.14699817269909,52.481610288554,52.624794006347656,14460700
2020-01-03,52.431069987096194,52.76797774610507,52.29630752609075,52.540565490722656,26388900
2020-01-06,52.46475096336281,52.71743012583264,52.37210118742624,52.650047302246094,22541700
2020-01-07,52.490023628636216,52.540560751826504,52.20365302320503,52.245765686035156,15607600
2020-01-08,52.28787870726438,52.65847461812361,52.18680446640183,52.439483642578125,11451400
2020-01-09,52.59952636987138,52.81851417455566,52.4731851509827,52.81009292602539,6854500
2020-01-10,52.86061921549263,52.93642329328931,52.70901427288948,52.77639389038086,7410800
2020-01-13,52.793247489221436,53.1301552660079,52.76798053050919,53.12173080444336,9625700
2020-01-14,53.05434736122728,53.163839649766146,52.98696452551987,53.138572692871094,7512300
2020-01-15,53.09645272808609,53.62707802788192,53.07118256167438,53.51758575439453,12454300
2020-01-16,53.58497776955235,53.70289453013096,53.52601938926305,53.66078186035156,8048600
2020-01-17,53.65235075195229,53.87133852235643,53.58496792229553,53.753421783447266,14902700
2020-01-21,53.677628449525265,53.96399910689989,53.4923288438738,53.9387321472168,11300300
2020-01-22,53.95557563018759,54.107183817035946,53.938733132085204,53.98084259033203,8046500
2020-01-23,53.80397128047567,54.07349302212158,53.60182595800261,53.9303092956543,14563100
2020-01-24,53.97241180401683,54.039794632471526,53.39124615406038,53.55970001220703,11935100
2020-01-27,53.10487619726075,53.64392597941563,53.071184782628535,53.3912467956543,8748400
2020-01-28,53.42494200582576,53.61866283423855,53.37440488028706,53.45863342285156,7899500
2020-01-29,53.500747384814765,53.54286005062289,53.189109802246094,53.189109802246094,8300800
2020-01-30,53.21437575290509,53.86292107565635,53.18068433569948,53.82080841064453,13824800
2020-01-31,53.84607800199407,54.081911507993006,53.06277018507984,53.214378356933594,15280000
2020-02-03,53.40809919585994,53.61024449599513,53.17226568986101,53.214378356933594,21797600
2020-02-04,53.635513949887596,53.89661763867453,53.424947391734136,53.53444290161133,14290900
2020-02-05,53.71130627129078,53.98925239640068,53.6439234452096,53.963985443115234,20911400
2020-02-06,54.02295302091194,54.34301186040092,53.913460729345445,54.056644439697266,9628500
2020-02-07,54.05664822460591,54.2335233661274,53.896618793656565,54.12403106689453,14849000
2020-02-10,54.149294527168166,54.452510871891825,54.13244560469401,54.351436614990234,7394100
2020-02-11,54.43566323590203,54.43566323590203,54.10717992568516,54.149295806884766,8375700
2020-02-12,54.21668086854601,54.2335233661274,54.01453234168013,54.12403106689453,8479000
2020-02-13,54.006119942944125,54.53674542289437,53.9303126309614,54.444095611572266,7950900
2020-02-14,54.50305172380248,54.58727706894904,54.393559417710144,54.5704345703125,5421200
2020-02-18,54.4946181035659,54.61253485215133,54.267209067288526,54.37670135498047,6902300
2020-02-19,54.38513186611992,54.528315587333886,54.29248206392698,54.3177490234375,4971300
2020-02-20,54.22509759991465,54.40197273718126,53.8545016152145,54.35986328125,13397700
2020-02-21,54.208260461056334,54.570435232968215,54.19141153623327,54.452518463134766,10027800
2020-02-24,53.711307842851085,54.124019632199044,53.13856665636294,53.19752502441406,19892700
2020-02-25,53.23122873092372,53.492329217447896,52.06047913356598,52.23735427856445,25721400
2020-02-26,52.397378988284785,52.87747046027398,51.91728751629558,51.94255447387695,26066400
2020-02-27,51.47931324667994,51.942559050097394,49.820050888512306,49.82847213745117,39092300
2020-02-28,48.69141701319995,48.85144645698572,47.20060524438474,48.84302520751953,50978800
2020-03-02,48.94409497994506,51.49616082894466,48.94409497994506,51.45404815673828,27103100
2020-03-03,51.52984567063796,52.38895756848631,50.3843631401735,50.75495910644531,35237500
2020-03-04,51.47089126880206,53.27334053733045,51.403508426282116,53.24807357788086,26214300
2020-03-05,52.07731503471464,52.944848098378145,51.71514035099313,52.245765686035156,16556300
2020-03-06,50.86445008770028,52.127849258136905,50.48542969397124,51.83305740356445,24800200
2020-03-09,48.96935769649019,50.95710649706581,48.851440939335816,49.57579040527344,19126300
2020-03-10,50.620193766483084,51.083442714220176,48.75878636681523,50.99921417236328,28174800
2020-03-11,49.735813483865456,49.99691713637944,47.899673094807774,48.497684478759766,17759800
2020-03-12,45.38972756899692,47.764918130185016,43.72204078431106,43.9410285949707,26713800
2020-03-13,46.13092080710684,47.69753647517619,44.43796392206778,47.68069076538086,24835800
2020-03-16,43.25036855682093,46.804732987768816,42.77027707462065,44.446388244628906,27436800
2020-03-17,45.305499927110986,48.38819410814584,45.20442566918221,48.19447326660156,32318100
2020-03-18,46.114082079831796,48.00918134338653,44.89279524516497,46.95634841918945,35524900
2020-03-19,46.45939927998641,46.695232766593506,44.968587854669494,45.38972091674805,26807900
2020-03-20,45.51606668605696,45.53291239578865,42.07961901256773,42.450218200683594,26903700
2020-03-23,42.362955015569945,42.86273807420081,40.372295487733396,41.193973541259766,31822200
2020-03-24,42.98980880238958,43.540418483548116,42.18507281892374,43.294761657714844,28041800
2020-03-25,43.20157437649123,44.56538930030102,42.42225340939463,43.17616271972656,25526400
2020-03-26,43.70136362173599,45.84449981653313,43.52347553637783,45.539546966552734,25754100
2020-03-27,44.54845297824859,46.58146980298956,44.47221476653603,45.32777404785156,26004700
2020-03-30,45.76826703022768,47.2337321940282,45.76826703022768,47.09819793701172,15892600
2020-03-31,46.92877737354377,47.15748878157773,46.03086100002909,46.14098358154297,15203200
2020-04-01,44.88729553910735,46.064749991381554,44.777172946541754,45.361663818359375,11979800
2020-04-02,44.73481789598622,46.78477386230325,44.624695306378406,46.52217483520508,14748100
2020-04-03,46.33581097828438,47.030424329868985,46.140980719317085,46.886417388916016,15374100
2020-04-06,48.0554101825658,48.97026883597747,47.36926619250705,48.631431579589844,14835200
2020-04-07,49.385342103766845,49.775002694699765,48.063883885578406,48.07235336303711,22985400
2020-04-08,48.428129395651915,49.054977361116016,47.885992361408164,48.78390884399414,13877400
2020-04-09,48.91943796575907,49.995242443855275,48.800845905894995,49.2413330078125,20376000
2020-04-13,49.08038640068038,49.33451594936265,48.4027151441077,48.8770866394043,10679500
2020-04-14,49.71570747298313,51.011757280033244,49.52087717432406,50.95246124267578,17745300
2020-04-15,50.27478187702511,50.58820745169337,49.774998730582375,50.14772033691406,12553400
2020-04-16,50.410315824774024,50.66444536626378,49.76652895709864,50.478084564208984,14486100
2020-04-17,51.0964592686226,51.41835431499558,50.41031532984132,51.24893569946289,12083100
2020-04-20,50.740692810776025,51.09646906334149,50.19855249086989,50.240909576416016,9263900
2020-04-21,49.52934432650949,49.817355003386794,48.99567681877392,49.17356491088867,13021900
2020-04-22,49.76652983938049,49.92747575130481,49.24980450189791,49.6479377746582,15086800
2020-04-23,49.529342083674656,49.85123388395619,49.122739363799695,49.20744705200195,21074200
2020-04-24,49.49545900916446,49.89359226317898,49.32604039694182,49.732643127441406,9638300
2020-04-27,50.03760150070677,50.10537024562505,49.68182528406065,49.87665557861328,11024000
2020-04-28,50.45268386127465,50.520449384037384,49.94442789928992,50.15620040893555,13608800
2020-04-29,50.410318660796364,50.410318660796364,49.47005158367314,49.944419860839844,16038500
2020-04-30,49.80041167920401,49.82582333995572,49.06344120349204,49.3514518737793,16397100
2020-05-01,49.08039472045376,49.49547025312298,48.606026376136924,48.809326171875,13023600
2020-05-04,48.71614009901786,48.89403143888478,48.30106784590882,48.78390884399414,11314200
2020-05-05,48.97873604822106,49.35145442789771,48.76696358062018,48.82625961303711,9705200
2020-05-06,48.91096953124991,49.046503778466544,48.25023724860138,48.2925910949707,10700100
2020-05-07,48.665314586142024,48.733080096683366,48.05540883431256,48.15705871582031,11203600
2020-05-08,48.639897031278544,49.334513672523634,48.61448537013967,49.23286056518555,13405000
2020-05-11,49.01262745527863,49.54629505504072,48.96180089245638,49.165103912353516,8807200
2020-05-12,49.32604813597827,49.59711666550743,48.75002670288086,48.75002670288086,20587300
2020-05-13,48.7076654212769,48.97873390945792,48.0215214929111,48.309532165527344,12186800
2020-05-14,48.07235260073979,48.318009451237906,47.428565688163324,48.19094467163086,11793500
2020-05-15,48.18247228625108,48.758493651291815,48.01305366746414,48.61448669433594,20847900
2020-05-18,49.385337829589844,49.639464139448116,49.02956164206653,49.385337829589844,15213600
2020-05-19,49.4531206612891,49.478532330098915,48.478965759277344,48.478965759277344,15313100
2020-05-20,48.88555498422749,49.08038526401806,48.589074826153016,49.05497360229492,8519600
2020-05-21,48.97873908230073,48.98721179110881,48.41119038504037,48.512840270996094,13913900
2020-05-22,48.5297745567557,48.724604819533035,48.419651979919436,48.6822509765625,7216300
2020-05-26,49.36839585028849,49.45310677485484,48.851670520303564,48.94485092163086,10487200
2020-05-27,49.334520790132345,49.72418139697173,49.054979551709465,49.681827545166016,10937800
2020-05-28,50.0630146006189,50.40185187214801,49.85124211376114,50.122310638427734,10184300
2020-05-29,49.96984168434196,50.33408741993545,49.52088177655058,50.17314147949219,12890900
2020-06-01,50.19854788410977,50.70680378149273,50.1731362202277,50.520442962646484,9101400
2020-06-02,50.605140583309584,50.68137878629362,50.26630340751592,50.65596389770508,9837900
2020-06-03,50.87621987719373,50.96092757350476,50.706801253180195,50.7237434387207,10155300
2020-06-04,50.62208828842125,50.8846873066447,50.20701606925184,50.478084564208984,8973800
2020-06-05,50.85080307537256,51.44376662147746,50.706799350768236,51.18116760253906,11502200
2020-06-08,51.1896439756543,51.75719266934036,51.01175586850419,51.731781005859375,13094200
2020-06-09,51.53694983004409,51.6131880505731,50.99481280912287,51.30823516845703,13735400
2020-06-10,51.42682997721563,51.5708369487264,51.06258104099581,51.16423416137695,9877800
2020-06-11,50.61363447034199,50.927056908715755,49.16511114639022,49.22440719604492,14738500
2020-06-12,49.902062313900466,49.91053179048299,48.80931564545073,49.23286056518555,17837500
2020-06-15,48.77542958293437,49.86817290965987,48.44506186452935,49.80040740966797,11366700
2020-06-16,50.78304545066828,50.84234149134471,49.92748275280805,50.579742431640625,10840300
2020-06-17,50.67290904581193,50.88468148523153,50.35101403310465,50.50349044799805,8388400
2020-06-18,50.27478432884185,50.8169245798189,50.20701881708942,50.76609802246094,6022600
2020-06-19,51.23198815662404,51.39293404728219,50.42725224055135,50.50349044799805,10777200
2020-06-22,50.453129487680776,50.55557473757079,50.179948667785254,50.35922622680664,9039600
2020-06-23,50.69216948881319,50.871443806615446,50.23117559454523,50.28239822387695,7951000
2020-06-24,50.026286157701584,50.026286157701584,49.257966290581926,49.43724060058594,14343200
2020-06-25,49.411623928174656,49.84700479898602,49.10429472215631,49.78724670410156,12128900
2020-06-26,49.77017131454072,49.90676170768328,48.72867078804314,48.77135467529297,14476500
2020-06-29,49.087224387954386,49.78725063174379,49.044540496322774,49.69334411621094,9654200
2020-06-30,49.70188382941345,50.24824546885448,49.62505152033128,50.06043243408203,7379800
2020-07-01,50.15433770542672,50.418983042706444,50.07750539825339,50.10311508178711,7261600
2020-07-02,50.52142632094078,50.85436524165269,50.25678097691663,50.35922622680664,6857200
2020-07-06,50.743382855429324,50.86290230972333,50.3250761634028,50.60679244995117,10091300
2020-07-07,50.333620026799125,51.349514389872134,50.29947160559592,51.06779479980469,8161000
2020-07-08,51.17877491622931,51.21292333701603,50.726316482236896,50.93973922729492,9328000
2020-07-09,50.87144834784242,51.00803878168107,50.248254289917725,50.538509368896484,7672500
2020-07-10,50.59826330776852,51.57147047568868,50.5897245745355,51.46902847290039,14142800
2020-07-13,51.71660013325171,52.075148774775656,51.19584812445234,51.39219665527344,10906200
2020-07-14,51.247065971033905,52.271495748048295,51.14462397030421,52.1434440612793,14270100
2020-07-15,52.40808491468662,52.809320688094516,52.02392335042081,52.186126708984375,14952700
2020-07-16,52.16052107552767,52.399556780437216,52.05807906289379,52.29711151123047,7770200
2020-07-17,52.536127760764955,52.66417941499353,52.35685349090196,52.57881164550781,6321700
2020-07-20,52.46783670493957,52.49344964385689,51.88732669025124,52.049530029296875,6818600
2020-07-21,52.41662348310248,53.065427145604104,52.35686537957887,52.501991271972656,7847300
2020-07-22,52.66419345484924,52.99713566037526,52.126370501880935,52.92030334472656,7022700
2020-07-23,53.099576858738864,53.32153506915775,52.928838020262226,53.10811233520508,9468000
2020-07-24,53.19348626204531,53.63740596348453,52.78371498146433,53.03982162475586,6809200
2020-07-27,52.98860148122198,53.31300498146037,52.87762073650859,53.304466247558594,6801900
2020-07-28,53.287389784013385,53.765457908548946,53.261780096536135,53.50081253051758,6699300
2020-07-29,53.48373346005966,53.74837554135711,53.347143053288406,53.57763671875,7486400
2020-07-30,53.4495850442238,53.76544974927504,53.2020139142721,53.57763671875,10901300
2020-07-31,53.364213433366615,53.534952254145956,52.86053570318224,53.52641677856445,10277200
2020-08-03,53.55202543861062,53.57763512143792,53.11664454768608,53.38128662109375,8614400
2020-08-04,53.30445911185209,54.06424675533179,53.210555847512786,54.04717254638672,7417400
2020-08-05,54.13254390449371,54.243524641669445,53.78253073946801,53.936195373535156,7143600
2020-08-06,53.80813044520744,54.03009187838641,53.71422393552187,53.92764663696289,11983700
2020-08-07,53.842280344672275,54.26912575933216,53.78252224714566,54.21790313720703,9175700
2020-08-10,54.27768315938604,54.61062217627912,54.15816366665361,54.49964141845703,4345600
2020-08-11,54.75573380634932,54.89232747666227,53.970339741483954,54.12400436401367,8633500
2020-08-12,54.34597130595929,55.06307190757669,54.34597130595929,54.824039459228516,8021600
2020-08-13,54.70450869141328,54.943541076212746,54.62767638821746,54.78133773803711,5857100
2020-08-14,54.72159743951961,54.95209768064712,54.56793278314998,54.772823333740234,3776300
2020-08-17,54.900849626820694,55.25940468905716,54.79841090601899,55.08012390136719,5172900
2020-08-18,55.165517769347524,55.45576959884641,54.91794658428599,55.30210494995117,4927300
2020-08-19,55.22526194719041,55.302090995678995,54.77280684881764,54.86670684814453,5871600
2020-08-20,54.55084949884925,54.82403032475211,54.45694297933783,54.755733489990234,10178600
2020-08-21,54.687443454614964,54.96916304817592,54.525243336747366,54.892333984375,5713900
2020-08-24,54.98623876825358,55.36185836791992,54.81549666554592,55.36185836791992,6978500
2020-08-25,55.48992656987675,55.53261373403538,55.003322858943704,55.24235534667969,4517100
2020-08-26,55.131360304251665,55.387463668311696,54.87525042704689,55.31063461303711,5375300
2020-08-27,55.413082445326204,55.91675697728526,55.40454371218341,55.65211486816406,8711200
2020-08-28,55.91674983948342,56.181391914822925,55.38745917566022,56.14724349975586,6868200
2020-08-31,55.94236686339188,56.14725086753545,55.76309254562313,55.98505401611328,7661200
2020-09-01,55.97651441074725,56.07042093475508,55.60088831471594,56.0448112487793,9723000
2020-09-02,56.30091504521709,57.291199664696535,56.21554725360731,57.060699462890625,11174600
2020-09-03,57.19728569404376,57.71803762216046,55.669178324521106,56.07895278930664,26304400
2020-09-04,56.24114513528071,56.471645288706775,55.2594059681087,55.95089340209961,15604800
2020-09-08,55.81432099008317,55.92530499993942,54.542323092612726,54.772823333740234,16316600
2020-09-09,55.088677085808044,56.104571421249815,54.986238338130015,55.566741943359375,12848500
2020-09-10,55.56673787859416,55.72040250201567,54.7642728568549,54.8837890625,11060600
2020-09-11,55.0545302773058,55.455766085845156,54.79842688746787,55.191123962402344,10212500
2020-09-14,55.46428433452607,55.805761908002275,55.3020810216677,55.549652099609375,6397000
2020-09-15,55.68625825804983,55.88260351058502,55.395999975716165,55.472835540771484,5672900
2020-09-16,55.7118651991442,55.85699107659379,55.174035809669405,55.22526168823242,7270700
2020-09-17,54.76427048720944,55.16550623728999,54.482550937602525,54.875247955322266,10108700
2020-09-18,54.96061611779222,55.037451683279535,53.995947775002456,54.3715705871582,9988900
2020-09-21,53.99973280167816,54.16289875111663,53.338476149799824,53.95679473876953,11326200
2020-09-22,53.99112386370969,54.54073873417668,53.9395995170803,54.27452087402344,7148600
2020-09-23,54.44629776328718,54.58370153496886,53.39859195673664,53.45870590209961,7015900
2020-09-24,53.45869768934336,54.1371301410298,53.09801407257669,53.85373306274414,9141700
2020-09-25,53.57892237636149,54.19724085516146,53.45869451125341,54.13712692260742,7432100
2020-09-28,54.58369456983797,55.05601976997511,54.55792911370997,54.74686050415039,6077600
2020-09-29,54.77262671242268,54.90144417464449,54.283125597522435,54.38618087768555,8150400
2020-09-30,54.60945470489639,55.39093914159193,54.58369252569709,55.047428131103516,8284100
2020-10-01,55.36517984848614,55.48540772563523,54.88426506392585,55.356590270996094,9262900
2020-10-02,54.806972389339904,55.29647344990943,54.62663058301719,55.047428131103516,7463000
2020-10-05,55.176238928333106,55.485398145315266,55.090362824044014,55.41669464111328,4501200
2020-10-06,55.54551605127018,55.76020960333106,54.892845818465446,55.05601501464844,6552800
2020-10-07,55.37377112304618,55.88044482771307,55.2621262680376,55.64857864379883,8073100
2020-10-08,55.897610735449305,56.0693695103002,55.66574457930975,56.017845153808594,6659000
2020-10-09,56.241136011238645,56.704874993175125,56.172439035785416,56.45582962036133,7894700
2020-10-12,56.69626787598892,57.409052010248345,56.66192267485106,57.108482360839844,8685600
2020-10-13,56.93673704342971,57.2373067292422,56.79933001452813,57.065547943115234,7505700
2020-10-14,57.05695661222331,57.28882274983328,56.54168688077573,56.7735595703125,6566200
2020-10-15,56.36135604949245,56.96250200237306,56.309831687104534,56.80792236328125,6650000
2020-10-16,56.97967577262821,57.28883505714246,56.80792352653284,56.825096130371094,6701200
2020-10-19,56.825086549325576,57.06554227408813,55.931960605973885,56.08654022216797,7733900
2020-10-20,56.63616484444416,56.74780970137008,55.914797547053084,56.02643585205078,7660200
2020-10-21,55.96631231553519,56.395699409965125,55.94055013817773,56.07795715332031,7013900
2020-10-22,56.086548261422216,56.24112789977322,55.7859785623864,56.05219650268555,7779700
2020-10-23,56.24970860356294,56.37852604052138,55.98349070526195,56.155242919921875,5094100
2020-10-26,55.72586761875782,55.83750592670835,54.94438308328305,55.43388748168945,9352300
2020-10-27,55.46822556449473,55.768801793005295,55.26212157939889,55.28788375854492,5331400
2020-10-28,54.49781191030191,54.78120897898031,53.613275500724555,53.67338943481445,10980600
2020-10-29,53.53598398866583,54.188650942041285,53.0035448996519,53.656211853027344,8942700
2020-10-30,53.450104926578234,53.70773651826129,52.806024309388874,53.46727752685547,10093200
2020-11-02,54.23159062846108,54.56651203358719,53.89666594737145,54.317466735839844,10935100
2020-11-03,54.86709455929496,55.71727936010658,54.79839431246494,55.21060562133789,20578800
2020-11-04,55.51975187888324,56.17242208824196,55.16765132122689,55.23635482788086,25605800
2020-11-05,55.88044370238184,56.163840795180676,55.48540830875073,55.63998794555664,13919500
2020-11-06,55.72585368794233,56.18100293601887,55.65715018395013,55.897605895996094,12703600
2020-11-09,57.22872801039107,57.77834312642447,55.69152098050959,55.76881408691406,15142600
2020-11-10,55.76021100537505,57.022610171543405,55.71726967311225,56.8680305480957,15134300
2020-11-11,57.194363298362724,57.60657781803064,56.80791750961516,57.3575325012207,10382100
2020-11-12,57.20294189453125,57.357521490742336,56.722030507175106,57.20294189453125,8945500
2020-11-13,57.41764197807976,58.07031218690863,57.245889763511265,57.993019104003906,6167300
2020-11-16,58.525474548339844,58.551236731097156,58.07890820745159,58.525474548339844,12955900
2020-11-17,58.08748855375898,58.45676173575776,57.94149850671764,58.113250732421875,8147900
2020-11-18,58.199130739016574,58.405241285964145,57.30601124328859,57.31459426879883,7607700
2020-11-19,57.16000278291273,57.55503808809656,57.02260233203103,57.46916198730469,8830200
2020-11-20,57.38328983343147,57.63233512920621,57.05695800720609,57.108482360839844,4663400
2020-11-23,57.211542608741254,57.297418722928015,56.77356590888296,57.12565994262695,5825300
2020-11-24,57.46917795492259,57.70963372472027,57.34036049198002,57.51211929321289,6064900
2020-11-25,57.48634989190646,57.709626477577736,57.400467226110955,57.477760314941406,5245400
2020-11-27,57.62374158950067,57.62374158950067,57.29740978572094,57.46916198730469,3228600
2020-11-30,57.32317952690687,57.52070048153302,56.87661981269137,57.46058654785156,11581900
2020-12-01,57.718209351030076,58.02736856659046,57.60657107116033,57.967254638671875,12126200
2020-12-02,57.76974920628795,58.0445567436537,57.29742723215257,57.486358642578125,11392100
2020-12-03,57.34035662579189,57.73539856602752,57.33177360025521,57.63234329223633,10951400
2020-12-04,57.68386780886817,58.08749277572994,57.61516429282194,58.07890319824219,11055800
2020-12-07,57.96725962736802,58.061725315359396,57.58081385062316,57.855621337890625,9466300
2020-12-08,57.64950238276025,58.29358295115128,57.52927453414802,58.17335510253906,7090900
2020-12-09,58.25924007161941,58.285008801896645,57.78691818070772,57.941497802734375,10420100
2020-12-10,57.924308842539915,58.070305415017394,57.537863128862824,57.68385314941406,5723400
2020-12-11,57.46060043914276,57.975863788397234,57.443421281407865,57.81269454956055,5000800
2020-12-14,58.09607378189974,58.31935690014355,57.57222101520865,57.589393615722656,6663200
2020-12-15,57.838437291263105,58.01019605122881,57.65809550724419,57.72679901123047,6121300
2020-12-16,57.769740244437955,58.11325125083824,57.63233977303434,57.838443756103516,10505500
2020-12-17,58.0445486906094,58.27642140829952,58.02737608837528,58.20771789550781,4673300
2020-12-18,58.29358744943262,58.46534621207998,57.88996909904677,58.33652877807617,6980500
2020-12-21,57.69052740649627,57.82041672860956,57.101671588050934,57.70784378051758,8255600
2020-12-22,57.68186475909896,57.68186475909896,57.20558189829899,57.300838470458984,9107900
2020-12-23,57.47403189393606,57.716500751938334,57.36145234787724,57.49134826660156,4302600
2020-12-24,57.53465362054091,57.811761852387036,57.39609620122715,57.777122497558594,1954900
2020-12-28,57.99361510070727,58.40927415648579,57.932997879790335,58.236083984375,6315400
2020-12-29,58.383299223691196,58.54783452020745,57.915677807367544,58.062896728515625,4993600
2020-12-30,58.13216287847331,58.201441586409054,57.93299485163456,58.00227355957031,7359900
2020-12-31,58.06288712123159,58.495869108394295,57.777117424076806,58.40926742553711,6062200
2021-01-04,58.38329469010281,58.40061767090772,57.08434861455259,57.777122497558594,12992600
2021-01-05,57.69052741387819,57.89835693606744,57.240222407889874,57.777122497558594,10871900
2021-01-06,57.664537902416,58.10618137939936,57.569287943439996,57.820411682128906,14206600
2021-01-07,57.86372308886195,58.00228052136398,57.413424646794425,57.64723205566406,13963500
2021-01-08,57.690529770305,57.98495438820071,57.37012068014055,57.93299865722656,17960800
2021-01-11,57.612582242259464,57.99360850571103,57.34413552398086,57.43939208984375,9648700
2021-01-12,57.439387781743456,57.569283689703134,57.006405826398094,57.24887466430664,11089500
2021-01-13,57.18827123635925,57.551974580869214,57.16229336986309,57.33548355102539,8337500
2021-01-14,57.38743624378782,57.4134207156893,56.9631156976722,57.03239440917969,11549000
2021-01-15,56.824566551440256,57.08435181705574,56.59941403581476,56.833221435546875,13260300
2021-01-19,57.023735835128186,57.13631539878133,56.53879804333589,56.58209228515625,8130800
2021-01-20,56.56477400949393,56.82456587881605,56.18374769629659,56.68600845336914,10700600
2021-01-21,56.59940908906491,56.64270993294058,56.40023445673052,56.49549102783203,8461200
2021-01-22,56.45219228389365,56.6946611339651,56.21837831648143,56.34827423095703,8329300
2021-01-25,56.17509514546915,57.10167649458957,56.14911067203235,56.911163330078125,17486100
2021-01-26,56.980440246205994,57.534656739946676,56.72064837429804,57.42207717895508,9304200
2021-01-27,57.10166720166858,57.87237461865043,56.313636805214735,56.45219421386719,17826800
2021-01-28,56.56477927841274,57.30084750101344,56.40024397206375,56.668697357177734,19925900
2021-01-29,56.45219954657929,56.46951592090618,55.47365592418141,55.4996337890625,19374700
2021-02-01,55.73344926097486,55.85468370481487,55.36974262606399,55.551597595214844,13283300
2021-02-02,55.76808784138141,56.37426005214731,55.6035525526957,55.9239616394043,13278400
2021-02-03,55.79406045391855,56.140447373223815,55.63818667057022,56.01055145263672,9542000
2021-02-04,56.06251592752672,56.43488076770614,55.94128147786663,56.417564392089844,7292400
2021-02-05,56.76394531145746,57.11898713137261,56.73796084063132,56.945796966552734,8889300
2021-02-08,57.127649311033245,57.29218459434456,56.789923860812074,57.162288665771484,9412200
2021-02-09,57.170938258408555,57.31815715411687,56.95444726641601,57.110321044921875,12345400
2021-02-10,57.37878372459688,57.50867966233122,56.919823803813124,57.049713134765625,6957200
2021-02-11,57.11033543463297,57.12765841815436,56.711992701812605,56.798587799072266,7478500
2021-02-12,56.74661258941487,56.95444207287764,56.59940031391126,56.885169982910156,7131800
2021-02-16,56.98910244832853,57.03240330146741,56.58209821324036,56.781272888183594,9246600
2021-02-17,56.56478080536962,57.101680983308825,56.495502084322794,56.98910140991211,8871000
2021-02-18,56.47817246964822,57.101667599364966,56.434871627447535,56.95444869995117,7464900
2021-02-19,56.99775616514403,57.0064176559468,56.18374780600807,56.23571014404297,10246100
2021-02-22,56.088476466655266,56.43486333300825,55.97590354297203,56.28765106201172,8649600
2021-02-23,56.46951483554878,56.841879640844354,56.16642873979224,56.365596771240234,12743400
2021-02-24,56.21837977477158,56.51281096233913,56.05385111182992,56.33095932006836,9103700
2021-02-25,56.24436795413971,56.56477706269418,55.59489485255943,55.716129302978516,17558500
2021-02-26,55.828700850952714,55.828700850952714,54.79820156360605,54.815521240234375,17718400
2021-03-01,55.20520755407918,55.82004122971086,55.187887876871024,55.3697395324707,11263900
2021-03-02,55.309126410036065,55.69881091760235,55.24850918701363,55.27449035644531,12942700
2021-03-03,55.12726664112401,55.44767238764981,54.98005435066824,55.01469039916992,13450900
2021-03-04,55.12726881276309,55.79406149769606,54.54707451097173,54.815521240234375,25968700
2021-03-05,55.0493369494407,56.19240928422716,54.84150741769271,56.02787399291992,21719300
2021-03-08,56.045195089438224,56.86785830474071,55.94993851417817,56.270347595214844,18947000
2021-03-09,56.46084883158711,56.72930215789491,56.17508573945039,56.218379974365234,17259600
2021-03-10,56.261681472206625,57.20557904979714,56.0798298271694,56.95444869995117,15827600
2021-03-11,57.01505926047228,57.188256002279516,56.75527405793165,56.81589126586914,12386500
2021-03-12,57.02373170035791,57.36145715326518,56.980437461676786,57.28352355957031,10518200
2021-03-15,57.49135567724166,57.58661225613268,57.188269565670986,57.5346565246582,8383700
2021-03-16,57.46537298970707,57.78578205607221,57.46537298970707,57.60392379760742,13550200
2021-03-17,57.62991354580929,57.86372094602044,57.31816594100657,57.517333984375,12254200
2021-03-18,57.37011864371397,57.603926031579995,57.00641532624174,57.28352355957031,14497600
2021-03-19,57.34414570802077,57.63857034077203,57.20558827605642,57.482696533203125,20807100
2021-03-22,57.384316998018384,58.124365233136864,57.34078201374424,58.08953857421875,14499400
2021-03-23,58.08082091886639,58.60320743371093,57.92410430016253,58.333309173583984,13216300
2021-03-24,58.19399689733432,58.48131177741646,57.96763363651593,58.10693359375,15831000
2021-03-25,58.185306909236814,58.742520135155274,57.8979919714179,58.67286682128906,14764000
2021-03-26,58.74252795758415,59.74377288959813,58.57710297574954,59.708946228027344,15098600
2021-03-29,59.534817371815066,60.36193570032836,59.50869903431064,60.3096923828125,11857300
2021-03-30,60.19650403354476,60.25744902846856,59.55222742399237,59.665409088134766,14042700
2021-03-31,59.63928665884554,59.8830666218034,59.34327003025552,59.47386169433594,18241100
2021-04-01,59.23878298508021,59.491271243005535,58.79475145269395,59.186546325683594,21191800
2021-04-05,59.4390351114645,60.26615329255109,59.33456178006824,59.94401168823242,20093000
2021-04-06,59.83952967347385,60.42286116414125,59.79599469670559,60.19649124145508,19302100
2021-04-07,60.30097689252308,60.37933188709672,59.97012697986425,60.04848861694336,20763900
2021-04-08,60.02236890321358,60.23132219310361,59.95271559241514,60.109432220458984,10244700
2021-04-09,60.118135944365534,60.25743591279711,59.639277772402714,60.004947662353516,7020400
2021-04-12,60.08332647945892,60.33581480213097,60.004964827764354,60.32710647583008,10117800
2021-04-13,60.06589264401198,60.23131758387274,59.9265926755804,60.004947662353516,11982600
2021-04-14,59.970123018393124,60.03977632619444,59.70022475379431,59.95271301269531,12087500
2021-04-15,60.09202891432673,60.52735223971814,60.09202891432673,60.43158721923828,7714900
2021-04-16,60.68406690218206,60.90172855770281,60.44899523692255,60.77983856201172,7810000
2021-04-19,60.78852630777465,60.91041626219909,60.35320314411471,60.54474639892578,10867400
2021-04-20,60.11814073824428,61.06714219152968,60.03107077821359,60.8755989074707,13168800
2021-04-21,60.945271930330286,61.354476961806554,60.945271930330286,61.18034362792969,10794900
2021-04-22,61.0758447184154,61.110671370620686,60.59698655372352,60.72758483886719,10762900
2021-04-23,60.60570754937974,60.7624241958189,60.32710091598857,60.57088088989258,9133800
2021-04-26,60.536053626392984,60.536053626392984,59.80471371197807,59.89177703857422,8750100
2021-04-27,59.85694822377945,59.97883820512559,59.587049928299535,59.84823989868164,10078900
2021-04-28,60.092022025494764,60.231328662053436,59.82212372029488,59.89177703857422,7925300
2021-04-29,59.86565339782489,60.623111578820264,59.86565339782489,60.527339935302734,9202600
2021-04-30,60.527346532724316,60.60570817800975,60.28356655629171,60.57958984375,10784800
2021-05-03,60.71018530764364,61.30222521226199,60.64924031639642,61.07585525512695,12671500
2021-05-04,60.94525179789265,61.18032341783933,60.57087355686252,60.76241683959961,11147300
2021-05-05,60.74500184594282,60.832071807745166,60.5099302195907,60.7188835144043,8726200
2021-05-06,60.83206568190369,61.51987712734512,60.83206568190369,61.50246047973633,10192000
2021-05-07,61.40668884540241,61.69400374840417,61.258680553251736,61.50246047973633,9841800
2021-05-10,61.76366860487432,62.373118535065174,61.71142529478221,61.97262191772461,10558400
2021-05-11,61.998717861938275,62.12931612624656,61.15418994758219,61.432796478271484,14385700
2021-05-12,61.293521307662346,61.36317462911291,60.60570970397725,60.614418029785156,13223100
2021-05-13,60.6057055323174,61.746250361911635,60.53605221566127,61.46764373779297,18490900
2021-05-14,61.70271835716757,62.103214940401294,61.6678917009074,61.737545013427734,9672600
2021-05-17,61.77237981196026,62.042284801950046,61.51989811802894,61.650489807128906,10705800
2021-05-18,61.720139059290375,61.96391905284978,61.424122393541566,61.45894241333008,11168900
2021-05-19,61.16291061398842,61.34574556391897,60.82335904375957,61.25868225097656,13709500
2021-05-20,61.26739841864501,62.0422732952925,61.23257176050844,61.82461166381836,11336300
2021-05-21,61.98131264981553,62.23380087565633,61.720116101013545,61.83329772949219,7779600
2021-05-24,61.91167907630805,62.23382070346484,61.78978908603386,62.01615905761719,6535900
2021-05-25,62.05968385444823,62.08580218765623,61.659187246078474,62.033565521240234,8271800
2021-05-26,62.06839050819128,62.129335498204,61.7897838906323,61.9029655456543,10622500
2021-05-27,62.00743440547735,62.20767934712968,61.45892295115895,61.519874572753906,12693900
2021-05-28,61.61566314253322,61.911686470343,61.606961458264614,61.650489807128906,8476400
2021-06-01,61.88556761646542,62.04228428458561,61.232582606382444,61.44153594970703,8893800
2021-06-02,61.52859344146801,61.78108175180416,61.38058511411777,61.66790008544922,6411300
2021-06-03,61.485060864239195,62.103219108710064,61.485060864239195,62.05097579956055,9410000
2021-06-04,62.2338109689617,62.416645925774255,62.06838601839095,62.26863098144531,6078200
2021-06-07,62.27733187136071,62.3556934963574,61.88554367389062,62.16415023803711,7306900
2021-06-08,62.18157748457716,62.25993913130281,61.63307252752279,61.641780853271484,8545200
2021-06-09,61.52858003517807,61.833304949358315,61.32833508121888,61.34574508666992,8273800
2021-06-10,61.458946329002444,61.88556798741896,61.43282799124369,61.728851318359375,8213000
2021-06-11,61.85071992612358,61.8768382548469,61.46763339150221,61.76365661621094,6232300
2021-06-14,61.71143466484884,61.74626132936286,61.35447297796743,61.728851318359375,10449400
2021-06-15,61.781086076058905,61.92039272979063,61.519896064072206,61.580841064453125,5151600
2021-06-16,61.59823663858435,61.66788994912608,60.74500019071153,60.76241683959961,10507100
2021-06-17,60.77113396090675,61.110685595817465,60.60570898505057,60.98008728027344,9239700
2021-06-18,60.5621648818372,60.640526516369334,59.88306171424985,59.90047836303711,16882500
2021-06-21,60.25450927284834,60.64884238000695,60.21945640111065,60.587501525878906,14278400
2021-06-22,60.59626499144952,60.92925723665607,60.49987126784867,60.67512893676758,8351000
2021-06-23,60.62253948102955,60.63130436822023,60.29830551147461,60.29830551147461,7072900
2021-06-24,60.315851405999105,60.66637344515732,60.26326875445169,60.59626770019531,6343700
2021-06-25,60.63131352480148,61.13080519970344,60.52615491958226,61.060699462890625,9241300
2021-06-28,61.1045154180004,61.279773069213505,60.97306883676516,61.11327362060547,7570600
2021-06-29,61.14834479669224,61.25350343029665,60.74524672968794,60.84164047241211,13155400
2021-06-30,60.973081240081484,61.393702362817194,60.946793255617024,61.31483840942383,8815100
2021-07-01,61.341120324494234,61.490090012154496,61.03441606000207,61.13080978393555,11633100
2021-07-02,61.27101645211363,61.46380390586349,61.19215250411691,61.279781341552734,20733300
2021-07-06,61.13955919526291,61.165853858996535,60.736461264804895,61.02564239501953,7595700
2021-07-07,61.00813449114588,61.58649020989033,60.99936960105289,61.349891662597656,7880500
2021-07-08,61.06070656887937,61.3936988290159,60.88544889210263,61.122047424316406,9212900
2021-07-09,61.35864500673484,61.58648533153922,61.2359632977598,61.47256851196289,6286900
2021-07-12,61.36741385149144,61.46380758413501,61.1395735120019,61.37617874145508,7384200
2021-07-13,61.35865020751953,61.73546025578194,61.235968488145936,61.35865020751953,12057600
2021-07-14,61.43751201026513,61.98957966803642,61.34988317841035,61.90195083618164,7616100
2021-07-15,61.805567709561295,62.16485467309811,61.63031001581075,62.156089782714844,8662500
2021-07-16,62.26125207351614,62.48908575166602,62.173616535832345,62.25248718261719,8634300
2021-07-19,62.04215532031255,62.45401145215767,61.51636901716454,62.068443298339844,20734400
2021-07-20,62.05968003886105,62.69061827067372,61.9194752571531,62.085968017578125,20404900
2021-07-21,62.3751613267881,62.42773729448203,61.910722450419634,61.928245544433594,9366300
2021-07-22,61.77049932676809,61.98957473178565,61.42874222979277,61.823081970214844,9632100
2021-07-23,61.84060777713987,62.64680369845864,61.75297894841411,62.56793975830078,9732400
2021-07-26,62.47155385510827,62.7694932471731,62.31381926941161,62.673099517822266,5952200
2021-07-27,62.655565242662014,63.076192958005365,62.45401293026504,62.804534912109375,14720700
2021-07-28,62.655585250481806,62.73444921161379,62.12104056174435,62.25248718261719,9114100
2021-07-29,62.48031345533571,62.734435063217944,62.41897260418287,62.55917739868164,8811100
2021-07-30,62.65556845495643,62.988560677672865,62.567939626415374,62.66433334350586,10403700
2021-08-02,62.66433666666104,62.72567751845786,62.33133774063427,62.40144348144531,12049800
2021-08-03,62.418971570294055,62.795781559891964,62.26999520368931,62.68185806274414,8647700
2021-08-04,62.4627868472797,62.62052142762745,61.82309032217341,61.86690139770508,8886500
2021-08-05,62.1911286778299,62.29628059618075,62.015864337826876,62.16484069824219,7063000
2021-08-06,62.30504548459364,62.41896897700835,62.05091720582748,62.16484069824219,13492100
2021-08-09,62.366385513189144,62.497832095052516,62.22618072867885,62.39267349243164,9054900
2021-08-10,62.51535416009448,62.86587614409431,62.41020224485007,62.8395881652832,11291700
2021-08-11,62.99732790768037,63.30403216179905,62.94475194573183,63.049903869628906,14992700
2021-08-12,63.08495730052065,63.128775059635,62.900934746412844,63.01485824584961,6432100
2021-08-13,63.09371844431063,63.60197500300159,62.997324728501965,63.54063415527344,8808500
2021-08-16,63.540631078911176,63.92619923782731,63.42670759175245,63.90867614746094,7903100
2021-08-17,63.79477495508285,64.18910809849186,63.645798565089585,63.94374465942383,15666000
2021-08-18,63.821065064477615,63.91745880241359,63.10249781800648,63.14630889892578,10669200
2021-08-19,62.865898460647806,63.7860181595712,62.83084558123944,63.654571533203125,13035600
2021-08-20,63.645788721824125,64.01384050915668,63.40919020950079,63.75971221923828,10454500
2021-08-23,63.76848471201043,63.88240823495325,63.53188614666867,63.55817413330078,8794500
2021-08-24,63.52310762604101,63.54063740380297,62.9885630603737,63.07619857788086,8494200
2021-08-25,63.032394941756294,63.12002379324568,62.751978605598566,62.97105407714844,8007400
2021-08-26,62.883410390708654,62.92722146329138,62.471547531653826,62.68185806274414,13078000
2021-08-27,62.7432053554792,63.01486345025196,62.53289480279377,62.90093994140625,9126200
2021-08-30,62.91846801040749,63.24269537747302,62.857127155639546,63.18135452270508,5645800
2021-08-31,63.23394250527667,63.39167041456306,63.07620791033798,63.321571350097656,8037000
2021-09-01,63.37415518358936,63.715912400754476,63.260238339752036,63.654571533203125,8399100
2021-09-02,63.786004597619595,64.00508003310297,63.672087778002854,63.89992141723633,6623300
2021-09-03,63.707129054780474,63.917446270305874,63.52310650543415,63.82105255126953,6010700
2021-09-07,63.715899265473865,63.715899265473865,63.04114986151122,63.0849609375,9206300
2021-09-08,63.00609576909086,63.698374938563056,62.97104289758765,63.62826919555664,10662900
2021-09-09,63.56693148713342,63.58445458092625,63.198886346616284,63.26022720336914,7741500
2021-09-10,63.38290715099272,63.409195133775555,62.86588564220719,62.98856735229492,10269900
2021-09-13,63.23394443206941,63.68961845041469,62.99733918962564,63.14630889892578,13798000
2021-09-14,63.30404106875369,63.34785883364356,62.75197333366347,62.85713195800781,9145500
2021-09-15,62.85712729679414,63.19011955404623,62.70815091860737,63.0849609375,8824700
2021-09-16,63.00609182164305,63.198879260006386,62.34886556485049,62.8746452331543,9789900
2021-09-17,62.70815563766627,62.93599598116986,62.5241330591007,62.53289794921875,13150000
2021-09-20,62.102577373954276,62.46409675822747,61.432435513026945,61.90858840942383,17880700
2021-09-21,62.084954019353646,62.57873928945658,61.72342785565703,61.83805465698242,11140400
2021-09-22,62.24366935987076,62.40238702613055,61.89096941468921,62.0144157409668,10025900
2021-09-23,62.10260039206672,62.525849810401695,62.04087721932217,62.24367904663086,8440500
2021-09-24,62.15550042423651,62.54347847448905,62.15550042423651,62.27013397216797,6717300
2021-09-27,62.17313029557869,62.464107063058606,61.935050444444336,61.98796081542969,8467100
2021-09-28,61.82041229540404,61.890954958891875,61.035643664228175,61.25608444213867,14982900
2021-09-29,61.37952627770616,62.12902352265472,61.24726047511096,61.811588287353516,13329500
2021-09-30,61.961498454808826,62.01440882253948,60.674124962020976,60.70057678222656,16259900
2021-10-01,60.885761071794136,61.15028603633254,60.28616173392523,60.85930252075195,15889200
2021-10-04,60.84167515547663,61.27373734177146,60.24207576890953,60.66532516479492,20351600
2021-10-05,60.815220313610595,61.24728247847826,60.682954463498284,60.97393798828125,16186100
2021-10-06,60.65647862166095,61.62641659289777,60.58593596589007,61.564693450927734,14909900
2021-10-07,61.873325994464025,62.38475029696764,61.793970530620236,61.83805465698242,8396800
2021-10-08,61.88216299704621,62.023241659518234,61.6529026022923,61.76753616333008,7285700
2021-10-11,61.86450763331009,62.0849484272247,61.696970477192856,61.749874114990234,8218300
2021-10-12,61.80279994240961,62.25250120710511,61.64408897203402,61.77634811401367,12401200
2021-10-13,61.83805795005398,62.05849877556335,61.353092170325425,61.890968322753906,9548300
2021-10-14,62.120229929278366,62.68455797699663,62.07614579489721,62.58757019042969,9975100
2021-10-15,62.7991940909014,62.82564591807446,62.26131784731184,62.43766784667969,11575200
2021-10-18,62.16430864288255,62.35829763274921,61.7410593261444,62.06731414794922,10043300
2021-10-19,61.96150704150663,62.1025924052475,61.6617107345379,62.093772888183594,10203100
2021-10-20,62.155492545373754,62.66691686909262,62.10258890061664,62.45529556274414,8829700
2021-10-21,62.54346413241164,62.59636777174331,62.30539102809976,62.37592697143555,7976400
2021-10-22,62.499382314431536,62.95790301264032,62.446478667453725,62.86090850830078,9575700
2021-10-25,62.81682205200195,62.95790742358792,62.375940356776994,62.81682205200195,6844600
2021-10-26,62.825629230304095,63.19596816699974,62.781538378512934,63.03725051879883,8805500
2021-10-27,63.36350969039958,63.40760054522417,62.64046407158791,62.66691589355469,10334900
2021-10-28,62.68455489821846,62.91381525863159,62.578747599043666,62.88736343383789,8614800
2021-10-29,62.72864712084839,63.07253430528043,62.6669239525483,62.82564163208008,8105300
2021-11-01,62.95790164972035,63.06370894138545,62.70218948266273,62.922630310058594,7033700
2021-11-02,62.95789211937589,63.486948679575185,62.7727226596721,63.345863342285156,9942700
2021-11-03,63.35469752125883,63.93666458129883,63.310613388641706,63.93666458129883,10471100
2021-11-04,63.70739526454068,64.05128239629518,63.5398580931096,63.99837875366211,11701700
2021-11-05,64.2452670695158,64.47452738437775,64.12182076012537,64.36871337890625,9929100
2021-11-08,64.39517598310704,64.4392668412675,63.557503496621756,63.8572998046875,12813600
2021-11-09,63.87494171915953,64.13946669808908,63.663313663231,64.07774353027344,13527600
2021-11-10,64.13946267080476,64.43926570088533,64.02483585986472,64.271728515625,11350400
2021-11-11,64.31581996019436,64.35109130095647,64.07774009188026,64.2276382446289,6319100
2021-11-12,64.35990409065671,64.52744127744661,64.12183094966298,64.2276382446289,7469800
2021-11-15,64.34226589005091,64.60679083055508,64.21881957235168,64.5362548828125,6381300
2021-11-16,64.49216519537599,64.70378649707035,64.10418720283643,64.13064575195312,6562200
2021-11-17,64.06892518420254,64.19237150912885,63.874936180084006,63.98956298828125,10444900
2021-11-18,63.82202666060311,63.910208374432834,63.45168768087116,63.76030349731445,11269500
2021-11-19,63.90137144105069,63.91900374261875,63.49576123180134,63.53103256225586,11924000
2021-11-22,63.61039633634727,64.47452722729433,63.5398536662048,64.03364562988281,13425400
2021-11-23,64.04249442751592,64.56273850318665,63.93668709012891,64.45692443847656,13405700
2021-11-24,64.36871531480622,64.46570980757575,63.97192455516331,64.26290130615234,9556400
2021-11-26,63.83085302578382,64.12183656707258,63.22243411714749,63.45169448852539,11715600
2021-11-29,63.52223379168739,63.85730144944769,63.20479844125317,63.610408782958984,13646600
2021-11-30,63.21361505307269,63.266518699939894,61.8468792055605,61.97914505004883,23715100
2021-12-01,62.4023898614328,62.92263374065767,61.65289235288764,61.679344177246094,22897400
2021-12-02,61.89096650645098,62.72863892787553,61.89096650645098,62.33184814453125,18704000
2021-12-03,62.67573360523602,63.204790211297215,62.49056412948058,63.10779571533203,22867600
2021-12-06,63.557503782486556,64.45689943804946,63.54868426535071,64.21882629394531,18524400
2021-12-07,64.32463008891965,64.67733675462958,64.2011837650192,64.35990142822266,13169300
2021-12-08,64.2540760779953,64.53623998579252,63.61038608944505,64.1570816040039,14489800
2021-12-09,64.14828082948334,64.5627106617289,63.87493635601082,64.33345031738281,8613900
2021-12-10,64.71261636359124,65.46211391942846,64.59798954169834,65.41802978515625,10890000
2021-12-13,65.40038773527168,66.4761401262822,65.30339322609396,66.2733383178711,16518100
2021-12-14,66.14105576162059,66.42321970051277,65.88534364085595,66.3174057006836,16048300
2021-12-15,66.32621134517214,67.06688900712317,66.29975953257639,66.98753356933594,21277000
2021-12-16,66.93465794442548,67.70178773988,66.92583842743164,67.46371459960938,14499000
2021-12-17,67.2256283378444,67.56070267853583,66.27332914001958,66.30859375,23809700
2021-12-20,65.8043216091727,66.36363812752946,65.72441537887231,66.328125,14116700
2021-12-21,66.32815172128949,66.37254484194486,65.84873446665621,66.23937225341797,11872100
2021-12-22,66.21270469931123,66.68324173072716,65.95523963480453,66.65660858154297,7650200
2021-12-23,66.81643612945818,67.03838814325334,66.70989672439885,66.80755615234375,8089000
2021-12-27,66.85193584036766,67.51779174804688,66.85193584036766,67.51779174804688,7343200
2021-12-28,67.4378950665066,67.97057851339349,67.4378950665066,67.8995590209961,7285200
2021-12-29,67.97057705278249,68.37896791240117,67.85516445335897,68.21028900146484,7891600
2021-12-30,68.37896533105226,68.44999159267961,67.9528213081623,67.99720764160156,6802800
2021-12-31,67.95282725858327,68.56541696524694,67.91731412465981,68.45887756347656,11289000
2022-01-03,68.05936602560276,68.48551008183443,67.49116266156445,68.44999694824219,22320300
2022-01-04,68.43224210900738,69.1247312636725,68.40560895281833,68.91165924072266,23066000
2022-01-05,68.82287026431207,69.40882677074063,68.79623710919027,68.8495101928711,29748500
2022-01-06,68.80511557142333,69.23126636430703,68.56541040716422,68.6630630493164,25023900
2022-01-07,68.55653382441739,69.0004378178172,68.37009496000195,68.73409271240234,12650300
2022-01-10,68.6275585516577,68.76960430417621,67.97057577926815,68.1925277709961,18578300
2022-01-11,68.12149746749768,68.1747637695567,67.36685539666861,68.11261749267578,19571600
2022-01-12,68.06822545617115,68.19251801187616,67.81964034476114,68.13925170898438,11155200
2022-01-13,68.21028349747284,68.40560232184237,67.98833151949599,68.2635498046875,14287300
2022-01-14,68.09486204343614,68.47661970477398,67.78413063849526,68.3878402709961,21391700
2022-01-18,67.88180671460228,67.8995666697804,67.18931747829768,67.40238952636719,16683800
2022-01-19,67.52665593906666,68.29905112734194,67.50890276420964,67.8285140991211,18518500
2022-01-20,67.76639367798755,68.34347029579632,67.32248962943284,67.38463592529297,15677800
2022-01-21,67.72199502541942,68.2990715960346,67.33135732713757,67.43789672851562,25270600
2022-01-24,67.17155604719487,67.61546004399598,65.79545094773643,67.2159423828125,35518900
2022-01-25,66.62999002972312,66.86081522217933,65.67115580841563,66.47018432617188,28638500
2022-01-26,66.26601632904631,66.86084631252456,65.57352688279516,65.96416473388672,33222000
2022-01-27,66.48794237862853,67.45565664702188,66.15057776793014,66.40804290771484,23816500
2022-01-28,66.06179501273375,67.22482129850009,65.48471847131111,67.1893081665039,25111500
2022-01-31,66.78092131906921,67.50892363511603,66.62999557909995,67.44677734375,15453000
2022-02-01,67.4467822211531,67.59770797203653,66.69214669329774,67.38463592529297,15620900
2022-02-02,67.4556523062716,68.29906716546292,67.39350601952526,68.1925277709961,13630400
2022-02-03,67.88179760911537,68.54765359677486,67.78413818905031,68.21028900146484,14414700
2022-02-04,67.74861773845434,68.06822911988036,66.99398238864605,67.37574005126953,17939500
2022-02-07,67.64209067188969,67.8285295307654,67.10940047688801,67.50003814697266,10949400
2022-02-08,67.65983266405533,67.94393089348,67.39349438402748,67.75749206542969,11472900
2022-02-09,68.086006815095,68.23693256970309,67.65985593765281,67.7752685546875,14899300
2022-02-10,67.40238869045828,67.71312016783898,66.80755889469546,67.0472640991211,19828500
2022-02-11,67.24258020281965,67.49116537452016,66.61223729645394,66.80755615234375,18498300
2022-02-14,66.80755551518085,67.05614068451054,65.73330859147023,66.6211166381836,23550800
2022-02-15,67.02062478153385,67.44677560666672,66.42579504043051,66.73652648925781,12300400
2022-02-16,66.70101124787215,67.10052890382647,66.21272092184445,66.8608169555664,13507700
2022-02-17,66.69213095809738,67.56217889486194,66.49681213906631,67.37574005126953,12873300
2022-02-18,67.32247926426356,67.75750326830688,67.1005272741586,67.50003814697266,16470100
2022-02-22,67.55331957952977,67.60659267501794,66.55009879811251,66.97624969482422,21545800
2022-02-23,67.19818486167216,67.23369799193429,66.3458900556921,66.4346694946289,15134300
2022-02-24,65.55573651730582,65.69778904216034,64.0908588020074,65.28939819335938,30125500
2022-02-25,65.6711592139243,67.49116156012076,65.64452605752417,67.39350891113281,21141600
2022-02-28,66.39029438160873,66.77205216859474,65.77770457207703,66.49683380126953,20975100
2022-03-01,66.31925029235548,66.86081367668098,65.75105375362659,66.1061782836914,18750300
2022-03-02,66.12394693016734,67.10940763985496,66.03516070589893,66.80755615234375,18935000
2022-03-03,67.10052071409618,67.74861666871693,67.04724763574191,67.34910583496094,19576500
2022-03-04,66.58559115436748,67.5000321891376,66.32812605575819,67.35798645019531,22078900
2022-03-07,66.99399502661188,67.28697331042689,66.05292065568385,66.13282012939453,20057300
2022-03-08,66.20383527961837,66.37252094925849,64.30392690264942,64.34832000732422,29710400
2022-03-09,65.35153694110188,65.3692901179422,64.50812218573978,64.78334045410156,18254000
2022-03-10,64.32169448999929,64.57028644905704,63.56705895552935,64.17076873779297,21892400
2022-03-11,64.40159045648643,64.7567149964161,63.33621683669749,63.42500305175781,14276500
2022-03-14,63.82452117146475,64.40159776768346,63.416130274886065,63.76237487792969,18438900
2022-03-15,64.33945460278368,65.2716490511394,64.18852885020773,65.1917495727539,17078100
2022-03-16,65.35155105669568,65.60013622677187,64.33057044522175,65.26277160644531,18783200
2022-03-17,65.21838290988065,65.83097267292486,65.06745715689357,65.7155532836914,14484600
2022-03-18,65.77768412807245,65.92861661904114,65.2805138710558,65.86647033691406,20278600
2022-03-21,66.03146345041608,66.53980912235193,65.58554595558952,65.9511947631836,17659100
2022-03-22,66.44170379638672,66.57548039976191,65.87985022720372,66.44170379638672,11667300
2022-03-23,66.52198551270104,66.69143638111707,65.84419564736234,65.90662384033203,14027800
2022-03-24,66.17414892593445,66.39710765790075,65.95119019396813,66.37035369873047,9458800
2022-03-25,66.53089210490252,67.05707831256753,66.46846392475527,66.92330169677734,12508400
2022-03-28,66.95004014489369,67.19975280761719,66.55763064395119,67.19975280761719,11602600
2022-03-29,67.72594536553721,67.92215013475865,67.19083897523862,67.79728698730469,16595100
2022-03-30,67.5297475374168,67.85080868293234,67.24436060853199,67.84188842773438,13367500
2022-03-31,67.76162702643391,68.09160162533834,67.56542223564689,67.68135833740234,12388500
2022-04-01,67.80620603331677,68.43940799278239,67.54757309705725,68.35914611816406,12644000
2022-04-04,68.24320666763231,68.24320666763231,67.3692122360878,68.14511108398438,9618400
2022-04-05,67.8329741433151,68.91209377577681,67.8329741433151,68.20755004882812,12717200
2022-04-06,68.20753482697556,69.16179787935761,67.91322768266778,69.0726089477539,23849600
2022-04-07,69.30450159494991,70.0625600340112,69.10829679337043,69.91094970703125,18311500
2022-04-08,70.09822333181148,70.41928444725566,69.78608247072977,70.20524597167969,13879400
2022-04-11,70.33011944513576,70.5619984859112,69.78609946725612,69.91987609863281,18229900
2022-04-12,69.92878491334335,70.41929007591804,69.68798565543274,69.93769836425781,19804800
2022-04-13,69.88419114258924,70.42821103690856,69.87527088742438,70.33010864257812,11715500
2022-04-14,70.44603244685342,70.80276774540926,70.26766819965545,70.312255859375,12195600
2022-04-18,70.15173796329965,70.4103641020333,69.53636969213233,69.73257446289062,11426700
2022-04-19,69.7593363048392,70.89196378562524,69.6969081256488,70.79386138916016,12814100
2022-04-20,71.1862569241272,72.01566360061024,71.1416624602957,71.85513305664062,21659600
2022-04-21,71.99782671993931,72.54183969054638,71.73919381028308,71.7927017211914,18501800
2022-04-22,71.9621556943483,72.05133781786013,70.60656292199292,70.66899108886719,19747900
2022-04-25,70.89196562269615,71.19519307530808,69.72366389436043,70.98114776611328,30868200
2022-04-26,70.87412310951665,71.2130179340584,69.86634528205207,69.88418579101562,26864500
2022-04-27,70.0357996189424,70.87412667422055,69.84851509036851,70.142822265625,29441700
2022-04-28,70.24093018866323,71.25762159764656,69.8752745534906,71.17735290527344,22128500
2022-04-29,70.82061711191365,70.9276329519556,69.1528832949323,69.2420654296875,27802900
2022-05-02,69.72364225940551,69.82174462797202,67.32460456217594,68.33238220214844,55145100
2022-05-03,68.21644656381847,68.77830688050805,67.6902672622025,68.13618469238281,47646900
2022-05-04,68.16296239913848,69.7682684287787,67.95783731595465,69.670166015625,37161600
2022-05-05,69.29557792364454,69.4561084984642,67.84188929911613,68.35023498535156,32186100
2022-05-06,68.10050873837399,68.76938486652395,67.75269369606879,68.42156982421875,34046900
2022-05-09,67.89539656613206,69.00127687271221,67.57433541959732,68.39482879638672,33323800
2022-05-10,68.74262841657955,68.96558711787554,67.64566861237304,67.9221420288086,32510900
2022-05-11,68.00242248110762,68.76940116752253,67.57433866378895,67.62785339355469,30110100
2022-05-12,67.76163300532005,68.10052788938809,66.88763162492322,67.61001586914062,29049700
2022-05-13,67.94891919985514,68.6802237177985,67.53867586580513,68.626708984375,15405300
2022-05-16,68.58209985088305,69.25097597399798,68.28779272371413,68.93883514404297,14613700
2022-05-17,68.69805027424505,68.8764213601506,67.7705410400198,68.46617126464844,20637000
2022-05-18,67.71703081268613,67.74378477362154,63.85538368725434,64.06050872802734,40188900
2022-05-19,63.70375745520587,63.72159115665313,62.4997818848169,62.9189453125,38772000
2022-05-20,63.27569696236828,63.29353747451255,62.053887242794666,63.052738189697266,26185000
2022-05-23,63.748357032397664,64.5866771508999,63.56106572929076,64.35480499267578,17710900
2022-05-24,64.20319731317049,65.5052755473556,64.09618147188675,65.40717315673828,23272400
2022-05-25,65.28230621431639,65.6122875477799,64.87206301291185,65.42500305175781,16647300
2022-05-26,65.72823405465199,66.45953845218135,65.62121821374967,66.12064361572266,16580500
2022-05-27,66.21875038146973,66.88762664794922,66.10281427811132,66.88762664794922,16921300
2022-05-31,66.5308988851687,66.85196007412043,65.7193324605466,66.41496276855469,19212200
2022-06-01,66.50412106136459,66.55762897227292,65.11286094447132,65.54985809326172,17552000
2022-06-02,65.70148227759348,66.50413513183594,64.62236275295237,66.50413513183594,17618500
2022-06-03,66.22766805559189,66.48630101838293,65.66580765898476,65.83525848388672,9750300
2022-06-06,66.290098573317,66.49521681728879,65.63905601583164,65.86201477050781,10924200
2022-06-07,65.00584780808683,66.29900574098438,65.00584780808683,66.20982360839844,9070200
2022-06-08,65.83525926769774,65.98686958433031,65.35366755236981,65.39826202392578,7896600
2022-06-09,65.33584837974215,65.969050552554,64.3994187020533,64.4172592163086,9442200
2022-06-10,63.6235040384693,64.6491156235815,63.2935294514074,64.1407699584961,17720500
2022-06-13,63.18650746436143,63.62350470280038,62.499797518243085,62.75843048095703,22813000
2022-06-14,62.7405878732958,63.025974787411116,61.572286256786334,62.01820373535156,19864600
2022-06-15,62.45521565200761,62.95464116816098,61.385016173346855,62.08064651489258,20069400
2022-06-16,61.23339828573035,62.080638868300326,60.8409886832795,61.607967376708984,19017100
2022-06-17,61.714980553080395,62.05388221474361,61.10853246838755,61.385005950927734,24825300
2022-06-21,62.11549887492139,63.19374111350919,61.81898860041912,63.02301788330078,16147200
2022-06-22,62.708536759812745,63.40939048502404,62.4659293286219,62.978092193603516,15207200
2022-06-23,63.409398127984176,64.26300072075671,63.34650116699309,64.20010375976562,16570700
2022-06-24,64.76617942953189,65.48500081897949,64.53255922171567,65.45804595947266,13437000
2022-06-27,65.52092847925339,65.62875474877548,65.08963711167038,65.27832794189453,10936500
2022-06-28,65.4670289918631,65.8803528066741,64.3528514538833,64.4067611694336,11004000
2022-06-29,64.65835504225652,65.08066613432369,64.50560626371225,64.81110382080078,9230600
2022-06-30,64.47864398449379,65.14355559802328,64.09227503570226,64.85602569580078,12670700
2022-07-01,64.87399811149025,65.83542693580286,64.7661786747195,65.7905044555664,11664100
2022-07-05,65.35022695870475,65.57485992977031,64.31691392075233,65.36819458007812,12828700
2022-07-06,65.61080212010245,66.0151456239893,65.35023387869833,65.55689239501953,11768100
2022-07-07,65.5029595870822,65.72759250277505,65.23339734614979,65.61976623535156,8476300
2022-07-08,65.64675229230261,66.0241409800429,65.29632532567334,65.50299072265625,10732500
2022-07-11,65.4220892066714,65.86237466416974,65.18847590644053,65.4131088256836,7172500
2022-07-12,65.50297581557331,66.08702291212401,64.99081291511436,65.22442626953125,11032200
2022-07-13,64.84704468986727,65.85340287198001,64.68530867587155,65.26935577392578,13851600
2022-07-14,64.433720432024,65.42210413111846,64.41575281069686,65.3232650756836,10801700
2022-07-15,65.75456327330059,65.96122862207747,65.27834247359141,65.5389175415039,9300100
2022-07-18,65.65573406105281,65.7635603707434,64.78415690967242,64.90097045898438,8473600
2022-07-19,65.44008549438962,65.70964097418926,65.26037498593492,65.58384704589844,8729100
2022-07-20,65.6557098435246,65.7186067871637,64.80210748624361,65.14354705810547,10232000
2022-07-21,65.01777549303596,65.49399635198074,64.82908459733642,65.34124755859375,11944800
2022-07-22,65.48500727626295,65.96123497710846,65.38616821148887,65.77253723144531,9369800
2022-07-25,65.8533924868839,66.24874864880441,65.71861135393345,66.09599304199219,8157500
2022-07-26,65.4939790566975,66.0420839755269,65.27833335502383,65.94324493408203,9764200
2022-07-27,65.81744213420673,66.58119265140303,65.31426661327784,66.39250183105469,10995600
2022-07-28,66.43744321526998,67.58756281774824,66.32062969438313,67.4527816772461,9372000
2022-07-29,66.68005278490352,67.03946692300757,66.50034914347876,66.931640625,13198900
2022-08-01,66.8417786816603,67.98291788318056,66.81482382505412,67.76726531982422,13150400
2022-08-02,67.7223523346729,67.84814625329977,67.12931798521386,67.22815704345703,10632700
2022-08-03,67.24613064157303,67.80322294161209,66.96758791918103,67.66844177246094,12808400
2022-08-04,67.51567912754918,67.7043699835447,66.94960655956265,67.21916198730469,11983600
2022-08-05,66.88672547705256,67.11135848109397,66.43745946896973,67.0664291381836,7125700
2022-08-08,67.32700427125621,67.53366965136568,66.86875102336498,67.03048706054688,6966100
2022-08-09,67.12931874371995,67.22815780307992,66.80584670495176,66.931640625,8086200
2022-08-10,67.56958854948977,67.63248550121594,67.1922068391327,67.42582702636719,11262300
2022-08-11,67.71334203363477,67.928987698512,67.11132750592428,67.26407623291016,8959500
2022-08-12,67.47074075577764,67.84812927246094,67.21017260044654,67.84812927246094,11094400
2022-08-15,67.81219278092077,68.59391102195605,67.70436650221616,68.52203369140625,10207200
2022-08-16,68.77363438397184,69.54637238813761,68.71972466213617,69.29478454589844,12312600
2022-08-17,69.00723987250842,69.36664708169349,68.92636845176462,69.09709167480469,9667600
2022-08-18,68.98927251285161,69.42955118818061,68.9084079390224,69.33071899414062,5777700
2022-08-19,69.11506711352563,69.43853912259549,68.98028596720421,69.10608673095703,6456500
2022-08-22,68.89941523902803,68.91738285781436,68.288413371494,68.40522003173828,7113700
2022-08-23,68.15364135267109,68.20755792674787,67.81220170803769,68.10871887207031,10183400
2022-08-24,68.22553210948875,68.42321023785543,67.99191188003225,68.2794418334961,8061900
2022-08-25,68.30640312494073,68.59393310546875,67.98293789519525,68.59393310546875,6105000
2022-08-26,68.62986542316739,68.71073686051291,66.81483396527226,66.89569854736328,11212500
2022-08-29,66.50034240415982,67.16525403635299,66.32961916342968,66.78787231445312,13214300
2022-08-30,66.91366022137265,66.91366022137265,65.92527667182458,66.09599304199219,10316700
2022-08-31,66.30265989566158,66.41946655745589,65.69165802001953,65.69165802001953,10397800
2022-09-01,65.46702357659474,66.2038193342691,65.21543578449909,66.06005096435547,15968200
2022-09-02,66.56322834932004,66.82380335856182,64.99079791287156,65.19745635986328,15846700
2022-09-06,65.2333922607581,65.75454222979886,64.73920399791075,64.82905578613281,21871800
2022-09-07,65.03574057492077,66.07804093548538,64.98183085118632,65.9971694946289,19632300
2022-09-08,65.67369090573341,66.07803435926508,65.0537085787248,65.82644653320312,14843900
2022-09-09,65.99716103731345,66.9136673548806,65.75456045634209,66.473388671875,18139000
2022-09-12,66.52729690324584,66.95858833873235,66.43744509212397,66.73395538330078,8680000
2022-09-13,66.17688535802658,66.26673718994493,64.32590471528296,64.505615234375,12940800
2022-09-14,64.7032859356882,64.7841505185372,64.10126433504253,64.47865295410156,12291500
2022-09-15,64.44270505876484,64.50560201374229,63.76880617461199,63.93952941894531,11234700
2022-09-16,63.714903385352216,64.16416935696996,63.705916146448544,64.09228515625,13452600
2022-09-19,63.84898983735023,64.56344821578054,63.84898983735023,64.51822662353516,9370400
2022-09-20,64.09316720639673,64.31021564178006,63.66810913304723,64.16551208496094,9169900
2022-09-21,64.55441723788844,65.18748517445283,63.88518029909553,63.921356201171875,14189700
2022-09-22,63.975610237759106,64.26501052572209,63.713340148691536,63.83091354370117,10428400
2022-09-23,63.47820490320132,63.47820490320132,62.09450960991606,62.74565505981445,15909500
2022-09-26,62.61001331248462,63.333510663565924,62.49243990429608,62.79088592529297,11638000
2022-09-27,63.098357635597374,63.44202518830836,61.588050242951454,61.705623626708984,17159300
2022-09-28,61.98597439613594,62.754693143580376,61.44334980381316,62.447208404541016,14259200
2022-09-29,62.302518481053056,62.42913068366862,61.03638955504991,61.41623306274414,13508200
2022-09-30,61.56997111209028,61.66945310708883,60.30384227562002,60.349063873291016,13427400
2022-10-03,60.78316827742001,61.5428484320503,60.44854635337658,61.38909912109375,12703300
2022-10-04,61.75989393342744,62.64617935408356,61.750848233260214,62.32061004638672,13366400
2022-10-05,61.99501912343563,62.293458159639584,61.307690970672674,61.95884323120117,10596100
2022-10-06,61.94077467280036,62.049302389518054,60.918831214807184,61.05448913574219,10607000
2022-10-07,60.936905145770744,61.009256944363614,59.90591616528782,60.141056060791016,13741600
2022-10-10,60.24959152317774,60.61133676306643,59.85166347948237,60.35811233520508,11799000
2022-10-11,60.394284221089976,61.40718876499432,60.29480221678474,60.85551834106445,10783400
2022-10-12,61.45240020606284,61.877458401929815,61.17204560872391,61.18109130859375,10963200
2022-10-13,60.593241201483806,62.429124868239825,60.31288662178616,62.19398498535156,18475600
2022-10-14,62.56478624622287,62.637138044967635,60.97308117307449,61.07256317138672,11611200
2022-10-17,61.714673796990134,62.04025001226079,61.588061591034624,61.732765197753906,9105200
2022-10-18,62.655225194452974,62.96271690219857,62.16686088204356,62.53765869140625,11000700
2022-10-19,62.628097120649066,62.96271904047356,61.99503608297874,62.248260498046875,8985300
2022-10-20,62.27538942345911,62.420086129169384,61.32579098656615,61.38005828857422,10023200
2022-10-21,61.34388142375349,62.4743524499917,61.14491741915995,62.32061004638672,9613300
2022-10-24,62.76375682998369,63.5686517009139,62.62809891806161,63.442039489746094,11076000
2022-10-25,63.58673476537006,64.35546061560424,63.22498954155146,64.27406311035156,10619600
2022-10-26,64.41875736079359,65.16034600163793,64.21979337669077,64.69911193847656,9483700
2022-10-27,64.76242552205896,65.17843803699348,64.6538978182226,64.75337982177734,9988200
2022-10-28,64.87094292168238,66.2908140470635,64.84380582514805,66.1732406616211,9545400
2022-10-31,65.98333443420188,66.19134414653709,65.61254351201453,65.78437042236328,9201000
2022-11-01,65.94714583124517,66.26367628918759,65.3412151117773,65.57635498046875,9535200
2022-11-02,65.44070262332822,66.0918549916952,64.40066797384469,64.43684387207031,16291600
2022-11-03,63.894219043655696,64.50919551230784,63.74951545110363,64.21979522705078,10624500
2022-11-04,64.98852262939609,65.34122905778939,64.12936736020171,64.97947692871094,11938600
2022-11-07,65.11511545287652,65.6758314309986,64.98850328037248,65.55825805664062,7133600
2022-11-08,65.75723753362307,66.15516554103937,65.06990922077152,65.7481918334961,9091700
2022-11-09,65.58542374967965,65.99239758144722,64.97949275332199,65.03376007080078,9465200
2022-11-10,66.42648349745794,66.73397524504578,65.45880044744213,66.56214141845703,19286100
2022-11-11,66.74300024250803,66.81534513139725,65.44974134320694,66.4897689819336,14289300
2022-11-14,66.42647532275882,67.02336734175961,65.92907220677245,65.96524810791016,14803000
2022-11-15,66.79726129760826,67.01430976612444,65.97427521722118,66.51690673828125,15064200
2022-11-16,66.60735885760168,67.17711381032859,66.57118295427564,66.84249877929688,9748600
2022-11-17,66.25463182113496,66.86056248875575,66.25463182113496,66.82438659667969,7827000
2022-11-18,67.36701510453815,67.6202394639836,67.0866605494159,67.53884887695312,9070800
2022-11-21,67.66546714510478,68.28044360188385,67.52980925466808,68.18096160888672,8054900
2022-11-22,68.68742930489566,68.74169661593558,68.42516605090611,68.67839050292969,6307100
2022-11-23,68.73263296423215,69.04916344659803,68.64219666924862,68.91350555419922,6286400
2022-11-25,69.00395420597194,69.01299300629218,68.82307470185361,68.95873260498047,2978000
2022-11-28,68.70551023901061,69.07630115872915,68.59698253331729,68.69646453857422,8698300
2022-11-29,68.51559397883521,68.66029069090766,68.08149004292189,68.43419647216797,7755100
2022-11-30,68.38898920668431,69.82694528234163,68.02723703738509,69.8088607788086,11704200
2022-12-01,69.6822500694956,69.76364068693685,69.20292446734005,69.49232482910156,10215700
2022-12-02,68.98587442115662,69.89929709617121,68.90448380548489,69.8088607788086,6087200
2022-12-05,69.05820703771371,69.13959763075994,68.73263086583516,68.93159484863281,8632900
2022-12-06,69.00395604528228,69.26621925851127,68.17192410385519,68.50654602050781,8136300
2022-12-07,68.63315611076438,68.94064781655749,68.50654390833412,68.79594421386719,7298700
2022-12-08,68.68742249608887,69.17578684794496,68.59698618645214,69.166748046875,7803400
2022-12-09,68.83211982569436,69.13056583010506,68.62411012266183,68.6331558227539,9761700
2022-12-12,68.75976693617439,69.36569773564834,68.54271843633322,69.35665893554688,6996800
2022-12-13,70.04397496996076,70.19772425792551,68.82306776458005,69.25717163085938,11349000
2022-12-14,69.3656869560801,69.88118137549864,68.80497784363845,69.21194458007812,13820200
2022-12-15,68.63313985290061,68.76879772332616,67.52979929321353,68.0362548828125,11281000
2022-12-16,67.68353824361044,67.91867808049022,67.11378349639519,67.70162963867188,14561500
2022-12-19,67.68616874860774,68.26001638972588,67.25806239708379,67.65884399414062,8093900
2022-12-20,67.54042694190161,67.86833785791156,67.23073021041382,67.60418701171875,7368900
2022-12-21,67.93210363017862,68.54237962813215,67.88655774106036,68.27822875976562,7953100
2022-12-22,68.03228250278389,68.15980262214994,67.36735020952484,68.12336730957031,6888300
2022-12-23,68.15982204725225,68.5241683275596,67.93210649072608,68.47862243652344,4874700
2022-12-27,68.56971529056827,68.94317218263535,68.42398093099366,68.8065414428711,4839700
2022-12-28,69.00690535348127,69.09799016135598,67.95030212402344,67.95030212402344,5028900
2022-12-29,68.22356895878687,68.4877197872986,68.11426301099121,68.24178314208984,5574800
2022-12-30,68.10516136674308,68.1598178224641,67.4129111213273,67.90477752685547,6249900
2023-01-03,67.94118714474581,67.96851883972552,66.96656517021778,67.64971160888672,14433300
2023-01-04,67.84100808311698,68.33286747138531,67.48576549263845,67.91387176513672,12197300
2023-01-05,67.78635457621303,67.85011464407556,67.09410439637021,67.23072814941406,9848200
2023-01-06,68.09603985558641,69.29837732561909,68.04138341422696,69.02511596679688,9982400
2023-01-09,68.97957882006047,69.45322397834082,68.35108184814453,68.35108184814453,11081800
2023-01-10,68.43307649230236,68.5423824611078,68.03230183867034,68.26001739501953,8427900
2023-01-11,68.48772032265488,68.68811108718371,67.69526783092522,68.29644012451172,9848300
2023-01-12,68.44218750601529,68.45129807414021,67.59508535290746,67.75904083251953,9841300
2023-01-13,67.57685749730994,68.09604858617757,67.53131161522512,68.07782745361328,9274200
2023-01-17,68.18712736925335,68.6972078467176,68.02317193730765,68.12336730957031,9006800
2023-01-18,67.95941695288349,68.00496283434074,66.16501763294998,66.26521301269531,16069900
2023-01-19,66.00107264077353,66.30165882761074,65.61851219352269,65.63672637939453,12421500
2023-01-20,65.68226321659594,66.17412955927598,65.21772162362156,66.14680480957031,12349600
2023-01-23,66.27433372341861,66.69332948952272,66.08305350080542,66.35630798339844,12000200
2023-01-24,66.33807919500066,66.8117243634972,65.94640826843943,66.62955474853516,13465600
2023-01-25,66.2287735095504,66.79351043701172,65.90086264190516,66.79351043701172,11606800
2023-01-26,66.72065713655363,66.77530664557703,66.33809667473547,66.55670166015625,8081500
2023-01-27,66.51116710459868,66.66601898876685,66.04663230007931,66.36543273925781,10341700
2023-01-30,66.22878273620256,66.9483646321544,66.22878273620256,66.4473876953125,10463100
2023-01-31,66.57491510667248,67.17608749655595,66.37453125937176,67.16697692871094,8002700
2023-02-01,67.11232207521326,68.00497002109957,66.82084647133077,67.70438385009766,15447600
2023-02-02,67.2489495796475,67.55863935368262,66.82084328668324,67.12142944335938,12238800
2023-02-03,67.32181851515696,67.34003269874142,66.36541056781114,66.8572769165039,12874800
2023-02-06,66.74797455086797,67.06677490065833,66.70243561479873,66.93925476074219,7208900
2023-02-07,66.45649248243733,66.784403367247,65.99195090406936,66.6568832397461,9268200
2023-02-08,66.29253912444257,66.41095563893512,66.02838829507776,66.14680480957031,8933500
2023-02-09,66.49293209965782,66.72975818719397,65.77335021972868,65.85533142089844,8341500
2023-02-10,65.85533076736449,66.52025619013983,65.7187000663216,66.46560668945312,8197200
2023-02-13,66.6659922741444,67.24894340056248,66.62955696007757,67.22161865234375,7440500
2023-02-14,67.17607269781473,67.20339744600311,66.38362025372398,66.61133575439453,9344700
2023-02-15,66.47473239640841,66.7570974800365,66.20147093208413,66.73887634277344,9006000
2023-02-16,66.14679690047652,66.65687736552864,65.86442497218682,66.25609588623047,8355100
2023-02-17,66.06482713923374,67.13964469745399,66.06482713923374,67.11231994628906,11116000
2023-02-21,66.83905578359341,67.21251256567211,66.5020412673357,66.8572769165039,8974700
2023-02-22,66.94836027355892,67.41290186208465,66.59312463213509,66.757080078125,8851000
2023-02-23,66.82085879616169,67.00302847619122,66.2652322379454,66.67511749267578,12700000
2023-02-24,66.18323609412056,66.33808096590444,65.8279935216082,66.22877502441406,11340600
2023-02-27,66.54758530232829,66.72976189876823,66.01017997881524,66.15591430664062,10162300
2023-02-28,65.88264398364048,66.00105353084042,65.58205788383492,65.60938262939453,9757300
2023-03-01,65.40901301024886,65.48188365481377,64.60745676801625,65.12664794921875,10475000
2023-03-02,65.13574977328135,66.1468072455817,65.07198970517801,66.019287109375,9876000
2023-03-03,66.01929458418543,66.13770416711924,65.46366809237898,66.07394409179688,12384300
2023-03-06,65.89176663446952,66.34719772356371,65.86444188101618,66.24700927734375,8356000
2023-03-07,66.25611201303468,66.47472393640322,65.48188056175323,65.5911865234375,10059400
2023-03-08,65.52741853499255,65.77334823241875,65.29970302098361,65.70047760009766,11170800
2023-03-09,65.95551773207474,66.06481671949578,64.89891452483637,65.09019470214844,15612700
2023-03-10,65.21773627097568,65.4727765912765,64.53458957760094,64.77141571044922,19026300
2023-03-13,64.70765603610519,66.1103847558827,64.67122071164411,65.09932708740234,29831400
2023-03-14,65.29060935900453,65.72782631680496,65.06289378603778,65.69139099121094,19139200
2023-03-15,65.26327820289511,66.2014651596339,65.11753691480938,66.1194839477539,21438000
2023-03-16,66.07395421941071,66.22879914759531,65.7004973286181,66.1650390625,15712500
2023-03-17,66.07392953933852,66.18323547981433,65.390783047347,65.68225860595703,13283900
2023-03-20,65.93395149789265,66.65699260541217,65.90649538970248,66.59292602539062,14130900
2023-03-21,66.69360590110956,66.84004081190179,66.07124181909153,66.53800964355469,12499700
2023-03-22,66.6570002425511,66.9407227033346,65.91565032280992,65.9248046875,11942200
2023-03-23,66.09869765724585,66.3366622418824,65.42142135930128,65.66853332519531,12160300
2023-03-24,65.84242877711381,66.84919231241173,65.76920783348724,66.78512573242188,12352500
2023-03-27,67.01394141452175,67.44410576502503,67.0047870501378,67.14207458496094,10865500
2023-03-28,67.24275324620612,67.62715276667721,67.169532294859,67.26105499267578,11593400
2023-03-29,67.63631439208984,67.7095353512973,67.46241635965588,67.63631439208984,9483400
2023-03-30,67.81019011330135,68.00239683345637,67.61799037587976,67.82849884033203,10737800
2023-03-31,68.17629328290153,68.40510350990537,68.05731447864375,68.37764739990234,10338700
2023-04-03,68.42341007586877,68.88103051541334,68.16714374696122,68.73458862304688,9607700
2023-04-04,68.7071367238562,69.00001354380103,68.45087037924624,68.59730529785156,7272900
2023-04-05,68.78951513735353,69.2196725307609,68.78951513735353,68.91764831542969,12409900
2023-04-06,68.8535782607132,69.09153587502898,68.56070144231875,68.9725570678711,8616800
2023-04-10,68.73459247082117,68.99085881407456,68.31358248080001,68.9725570678711,9423400
2023-04-11,69.1006910971489,69.3661118081654,69.0457788751228,69.17391204833984,12944300
2023-04-12,69.16475548119294,69.39356570932746,68.77120160949221,68.86272430419922,10386400
2023-04-13,68.89018855486597,69.28374247307168,68.56985559417176,69.24713897705078,12919000
2023-04-14,69.06408190294657,69.36611309516232,68.61561578836624,68.80781555175781,8789700
2023-04-17,68.94510776436701,69.25628635968859,68.86273244148288,69.24713897705078,9683400
2023-04-18,69.23797049774991,69.52169292185252,69.01831465272639,69.45762634277344,7233100
2023-04-19,69.5399977386668,69.61321169440225,69.20135613529989,69.41185760498047,6283600
2023-04-20,69.16475115867904,69.79626958333787,69.12814068653744,69.57660675048828,7329500
2023-04-21,70.04339135378457,70.44609962102129,69.93356690470878,70.08000183105469,10431000
2023-04-24,70.08000128666161,70.40948859679858,70.08000128666161,70.36372375488281,8723100
2023-04-25,70.34543012990608,70.81220503695013,70.18984082180316,70.27220916748047,12179700
2023-04-26,69.94270118887249,70.21727622561167,69.68643487870698,69.7230453491211,8778800
2023-04-27,69.7596490696515,70.57421275503249,69.71388424037872,70.50099182128906,11287800
2023-04-28,70.6840438780364,71.00437673349005,70.5101459067619,70.8762435913086,9757600
2023-05-01,70.75726960232902,71.22404440236278,70.73896785728603,70.93116760253906,10860800
2023-05-02,70.86710870229311,70.90371917908111,70.02508868437249,70.73897552490234,19136000
2023-05-03,70.52846720714408,70.82134403945315,70.14406767400114,70.1623764038086,11656600
2023-05-04,70.23559160912535,70.34542304169682,69.75966936678488,69.98847961425781,11682600
2023-05-05,70.09830223371006,70.69321025815255,70.01593389848318,70.63829803466797,10479400
2023-05-08,70.39118428784265,70.51931746126212,70.18983016311657,70.42778778076172,8069200
2023-05-09,70.43694776624866,70.43694776624866,70.0800043285625,70.20813751220703,6939500
2023-05-10,70.226444912487,70.52846913522193,69.61322813639379,70.09830474853516,12259100
2023-05-11,70.07999714246775,70.35457221225634,69.69559763095099,70.30880737304688,11790600
2023-05-12,70.38202753493859,70.61083776295676,70.23558563729463,70.58338165283203,7012000
2023-05-15,70.69319965631986,70.78472234264669,70.09829172109549,70.40947723388672,8652200
2023-05-16,70.3088061225009,70.3088061225009,69.71389813702964,69.8145751953125,11310700
2023-05-17,69.9976322199734,70.00677960207348,69.34780498867684,69.77796936035156,10891300
2023-05-18,69.52170702414902,69.61322972957952,69.01832865291391,69.43933868408203,10765300
2023-05-19,69.5857768679791,69.66815219463035,69.1739211829284,69.48509979248047,10457600
2023-05-22,69.30203916054096,69.42101795876992,68.39595266268378,68.43255615234375,14575700
2023-05-23,68.24951689371525,68.30442911586336,67.83766126213602,67.92918395996094,13700400
2023-05-24,67.95663533862397,68.00240017571655,67.43494831634389,67.48986053466797,11901800
2023-05-25,66.89495013223038,67.21529001475567,66.47394018068496,66.97732543945312,17725000
2023-05-26,66.91327699860601,67.31598531478828,66.68446672490887,67.2061538696289,15531000
2023-05-30,66.81259193846539,66.97733559515729,66.21768390137049,66.43733978271484,22766900
2023-05-31,66.51970581637904,66.87664919226032,66.18106418524883,66.51055145263672,22328600
2023-06-01,66.49224554074209,66.56546648062468,66.11699346089362,66.45563507080078,13836100
2023-06-02,66.48311043502663,67.41666023210831,66.46480868612129,67.37089538574219,14719800
2023-06-05,67.27019828728719,67.75527479035279,67.00477761938217,67.1237564086914,9629600
2023-06-06,67.18783393963444,67.31596709961418,66.4007262524827,66.78512573242188,10796900
2023-06-07,66.35496697897915,66.74852085554315,66.15361285849514,66.56547546386719,13595100
2023-06-08,66.63868769238069,67.04139592284258,66.48309841524183,67.0230941772461,8881300
2023-06-09,66.79427499691961,67.12375525261928,66.65698748378385,66.91325378417969,8756200
2023-06-12,66.99562027868144,67.05968685203639,66.55630862788541,66.89494323730469,11357600
2023-06-13,66.80342741144413,67.27020219818878,66.71190472336744,67.16952514648438,8401800
2023-06-14,67.480712679489,67.81019296985318,67.27935857006987,67.58138275146484,13849900
2023-06-15,67.81934829425715,68.42341063106966,67.69121512876367,68.2586669921875,16251200
2023-06-16,68.46917474214308,68.68883760254691,68.27697497634057,68.3410415649414,12672900
2023-06-20,68.25440598855363,68.46640087195844,67.80275126217009,67.8211898803711,9731800
2023-06-21,67.78431320642675,68.28205036626045,67.52622883442521,68.06082916259766,13633500
2023-06-22,68.41108610688394,68.5585598631598,68.18987195633466,68.45716857910156,17247600
2023-06-23,68.56778190391535,68.56778190391535,67.9686534830341,68.00552368164062,9706900
2023-06-26,68.00553003737222,68.12535995211047,67.52623147523525,68.09770202636719,8955400
2023-06-27,67.91335713567393,68.36500479826984,67.89492555103145,68.30048370361328,8965400
2023-06-28,67.98710331631898,68.03318579797723,67.47092748293011,67.8396224975586,12800400
2023-06-29,67.50779700092801,67.88571132095298,67.28658280731011,67.77510070800781,10018000
2023-06-30,67.93178182975873,68.46638914969849,67.87648004916883,68.36499786376953,14266200
2023-07-03,68.26359863609176,68.89959716796875,68.0792547007244,68.89959716796875,12817100
2023-07-05,68.61387277535536,68.84430624702728,68.5309130687723,68.77978515625,17579200
2023-07-06,68.46639091746934,68.64152260355412,68.25439606488696,68.60465240478516,14881300
2023-07-07,68.43873420076068,68.43873420076068,67.66448118933295,67.71056365966797,16405400
2023-07-10,67.81196918804235,68.35579589752076,67.609186585602,67.69214630126953,11953600
2023-07-11,67.74743619160557,67.89491697921343,67.38796056215016,67.79352569580078,9812500
2023-07-12,67.91335562933904,68.13456980150181,67.80274502712179,67.95022583007812,12680900
2023-07-13,68.07004191403807,68.3557841831774,67.7935259845023,68.23595428466797,10581500
2023-07-14,68.2543976595545,68.58622242395651,68.0516150777231,68.46639251708984,12475600
2023-07-17,68.2082938093735,68.49402900608635,68.0147305762193,68.26359558105469,9496300
2023-07-18,68.19907738646097,68.77055483631601,67.97786325811433,68.18986511230469,10124100
2023-07-19,68.4110935353711,68.95491317957912,68.36500402587775,68.88117980957031,14718700
2023-07-20,68.94569656799072,69.5632565756454,68.7982157727035,69.47108459472656,16106300
2023-07-21,69.58169693971719,69.90430242977968,69.49874425610352,69.71073913574219,13836800
2023-07-24,69.69230731690743,70.07943390368685,69.62778621911086,69.97804260253906,10692500
2023-07-25,69.89509651086468,69.97804920202383,69.60014188851062,69.9596176147461,8576600
2023-07-26,69.77525308907931,70.24533934490549,69.66464952225306,70.04255676269531,10506500
2023-07-27,70.17159761335294,70.33750999271415,69.42499542236328,69.42499542236328,10008500
2023-07-28,70.03334022652338,70.42046675140763,69.84898923924197,70.1439437866211,9672400
2023-07-31,70.05178359632838,70.26378550930656,69.5540463953239,69.82135009765625,10057100
2023-08-01,69.7291703279815,70.02412489209566,69.38812625636422,69.44342803955078,9376700
2023-08-02,69.16691086141583,70.12551493580872,69.16691086141583,69.69229888916016,11509700
2023-08-03,69.65541894027014,69.83055060242803,69.4618556973816,69.49872589111328,8774900
2023-08-04,69.59090645687961,69.75681883303454,68.74291299309718,68.80743408203125,10022800
2023-08-07,68.93647391660144,69.44342330320221,68.91803530194919,69.36968994140625,8875600
2023-08-08,69.32359581928854,69.39733620844358,68.68759726929994,68.8719482421875,11413600
2023-08-09,68.90883705442168,69.33283385821187,68.79822644080458,68.97335815429688,11912200
2023-08-10,69.19455864050857,69.61855536029701,68.74291103086216,68.8350830078125,10357700
2023-08-11,68.86273426743604,69.12081861719123,68.69682189512612,68.94569396972656,7472500
2023-08-14,69.03786844998139,69.22221241155489,68.48482953298952,68.60465240478516,11483800
2023-08-15,68.41109044586545,68.52169401201962,67.83961290240677,67.86726379394531,13257500
2023-08-16,68.14377966798762,68.33734292084455,67.62761099370248,67.71056365966797,14814900
2023-08-17,67.72901359056858,67.90413825873677,66.95475341749771,67.05614471435547,11798000
2023-08-18,66.94553226733528,67.44326942941572,66.88101117404366,67.30500793457031,12334500
2023-08-21,67.1298783772463,67.25892055442198,66.56762016286457,66.85335540771484,12005400
2023-08-22,66.6413839300318,66.71511731979658,66.38329245289707,66.47547149658203,11496100
2023-08-23,66.70588995159733,66.91788482666016,66.59527934356099,66.91788482666016,10796800
2023-08-24,66.68743646434936,67.28656481781138,66.36483105318383,66.38326263427734,13797500
2023-08-25,66.65981163653579,66.91789606636365,66.33720609925096,66.75198364257812,13088500
2023-08-28,66.97319203452928,67.17596759597285,66.82571122736455,67.05614471435547,6914800
2023-08-29,67.09300904999098,67.33266182454406,66.7150947888776,67.29579162597656,9502800
2023-08-30,67.37875932026276,67.61841214824508,67.22206621562053,67.40641021728516,9679300
2023-08-31,67.15753300716823,67.39718579195493,67.05614171484584,67.06536102294922,7731300
2023-09-01,67.28658064155869,67.323450844687,66.2726746684828,66.49388885498047,8346400
2023-09-05,66.3740637566806,66.62292882916145,65.92240905761719,65.92240905761719,8634200
2023-09-06,65.84867095947266,65.99614472421254,65.63666907183672,65.84867095947266,9050100
2023-09-07,65.96849326541977,66.24501624130183,65.73805979627518,66.00536346435547,10149000
2023-09-08,66.03302371038583,66.09754480959616,65.83024110364697,66.08832550048828,8323000
2023-09-11,66.18049911810645,66.71509945403969,66.18049911810645,66.65979766845703,8450700
2023-09-12,66.69667332070486,66.71510490664822,66.03302371038583,66.08832550048828,13300200
2023-09-13,66.19891994719215,66.45700428100928,66.06065847342707,66.29109191894531,7863700
2023-09-14,66.47544097500669,67.01004120864482,66.44778305523585,66.96395874023438,9356000
2023-09-15,66.8257119161925,67.06536471416949,66.35562562884932,66.41093444824219,10891600
2023-09-18,66.62900274249645,66.65684102471215,66.1093288480624,66.38772583007812,6841200
2023-09-19,66.27636761780279,66.35060775923398,65.89589928284468,66.22997283935547,7733500
2023-09-20,66.41557206447763,66.7403638624316,66.10006205501669,66.29493713378906,10841700
2023-09-21,66.23925655605638,66.3134967075847,65.43191791795998,65.44119262695312,11869900
2023-09-22,65.45974801358655,65.62678479365812,65.05143431120501,65.08855438232422,12243000
2023-09-25,64.88440566966128,65.02360418383569,64.55961385654132,64.8565673828125,9137600
2023-09-26,64.57815793632156,64.76375827950737,64.3090498285782,64.37400817871094,11541000
2023-09-27,64.28121867298304,64.4853755556405,63.51100008831729,63.84507369995117,14182700
2023-09-28,63.93786907048302,64.2069843122344,63.770832268014246,64.03994750976562,12094400
2023-09-29,64.2441006506785,64.34617200409213,63.51099512026857,63.85434341430664,11797500
2023-10-02,63.705861135147295,63.789375979676045,63.0005939905448,63.418182373046875,12642500
2023-10-03,63.23259712499686,63.55738891699422,62.917087121322304,62.96348190307617,15396200
2023-10-04,63.12123661292581,63.51099384144976,62.75932474924146,63.46459197998047,15125900
2023-10-05,63.343956131131044,63.41818919650061,62.183980410563535,62.21181869506836,15757300
2023-10-06,61.94270175211734,62.081900250692314,60.4857725708827,61.86846160888672,28723400
2023-10-09,61.63647355616356,61.95199066119655,61.20032151446149,61.92415237426758,15662900
2023-10-10,62.43452996449038,62.86140016580174,62.23965489953931,62.555171966552734,18809600
2023-10-11,62.83357082512602,62.944931055203185,61.84991357253517,62.12830352783203,18293200
2023-10-12,62.31389267153857,62.34173095405391,61.23743188141606,61.450870513916016,15185000
2023-10-13,61.562235506746624,62.08190950691301,61.450882355228025,61.989112854003906,15641000
2023-10-16,62.351016055462715,62.82428104323609,62.09118263160365,62.6294059753418,16172800
2023-10-17,62.37885835685081,63.01916724969126,62.37885835685081,62.89852523803711,13192200
2023-10-18,63.15835051974044,63.61306606196787,63.028433816226695,63.13051223754883,16617700
2023-10-19,63.08411461889049,63.334666227258126,62.64796267105699,62.66651916503906,18237000
2023-10-20,62.80573412222324,63.08413116447497,62.42525863647461,62.42525863647461,14730500
2023-10-23,62.3510168813113,62.759323518528,62.12829644654231,62.30461502075195,13777300
2023-10-24,62.397412749190764,62.94492497762569,62.37885625260163,62.83356475830078,12055600
2023-10-25,62.73148761179062,63.325394633824864,62.564450819347854,63.04700469970703,11351100
2023-10-26,63.074842966397945,63.306838118059005,62.620134451522716,62.63869094848633,13662200
2023-10-27,62.527326630369856,62.77788534250907,61.59934608452325,61.78494644165039,17587700
2023-10-30,62.01693654041047,62.86139508697117,62.01693654041047,62.75004196166992,12224000
2023-10-31,62.80571866387674,63.03771378200868,62.490201621654144,62.972755432128906,8586400
2023-11-01,63.01915897555019,63.149075678789266,62.55516872685939,62.907798767089844,18709400
2023-11-02,63.13051925037189,63.817222913788,62.889242311360235,63.72442626953125,21175900
2023-11-03,64.09561759178061,64.3461692301404,63.79866409301758,63.79866409301758,17201100
2023-11-06,63.81722345535475,64.17914240690862,63.77082867279773,63.9007453918457,14663200
2023-11-07,63.91931129863686,64.32762509285686,63.84507821963151,64.05850982666016,12567700
2023-11-08,64.17913121746093,64.27192784632635,63.63161907127575,63.80793762207031,10481700
2023-11-09,63.88217361048584,63.93785725430509,63.399626870271184,63.5481071472168,10336900
2023-11-10,63.69659200390723,64.05850389529859,63.3532366105662,63.99354553222656,9266200
2023-11-13,63.93785945741513,64.38328614374147,63.88217581167719,64.19769287109375,8540800
2023-11-14,64.52249378076611,65.07000604853734,64.49465549391734,64.8565673828125,13606200
2023-11-15,65.32983355197179,65.50614504594103,65.16279676615417,65.37622833251953,10618900
2023-11-16,64.69881015341278,64.97720009229033,64.43897671182161,64.56889343261719,16536300
2023-11-17,64.65241125363836,64.69881311887659,64.25337928435367,64.4853744506836,10761100
2023-11-20,64.21625964380134,64.55033325197726,64.16986485817897,64.43898010253906,11651300
2023-11-21,64.4296856279138,64.68023724474943,64.15128864927041,64.63384246826172,11681400
2023-11-22,64.77304756719504,65.13495942840431,64.77304756719504,65.09783935546875,8862100
2023-11-24,65.1071009952308,65.39477262154428,65.1071009952308,65.33909606933594,4500800
2023-11-27,65.2741536089461,65.39479562106467,65.11639860225443,65.15351867675781,11746800
2023-11-28,65.1349447827992,65.61749146260087,65.12566299666983,65.45045471191406,8562300
2023-11-29,65.51542338567546,65.51542338567546,64.8380015699089,64.92151641845703,9873800
2023-11-30,64.98648126842531,65.60822658064879,64.55961103555858,65.57111358642578,11803600
2023-12-01,65.52470000694838,65.86805532152091,65.32982496243821,65.8402099609375,13490300
2023-12-04,65.47829523247762,66.1464422581035,65.47829523247762,65.9237289428711,11386300
2023-12-05,65.8216640594334,65.97941906181454,65.32055368722558,65.4040756225586,11565900
2023-12-06,65.25559415513722,65.3947926582357,64.96792244068233,65.2370376586914,11008700
2023-12-07,65.42262999499768,65.72886528139146,65.19063485317143,65.51542663574219,8460000
2023-12-08,65.39480361189058,65.45048019048383,64.96793332283627,65.06072998046875,8191300
2023-12-11,65.42263116889053,65.71030288433926,65.32055273826099,65.68246459960938,16192800
2023-12-12,65.82166439366043,65.89590454101562,65.5247108841698,65.89590454101562,8764500
2023-12-13,65.88661717725921,67.11155118524488,65.71958039980983,67.0929946899414,14052700
2023-12-14,67.1486699384761,67.25074836046649,66.06293444631953,66.10932922363281,16056700
2023-12-15,66.01653258907685,66.29492957267415,65.84949581490434,66.10932922363281,17434600
2023-12-18,66.3954588810789,67.04061478575261,66.25520511620103,66.79751586914062,11816000
2023-12-19,66.67595520303885,67.0032163456244,66.64790587849777,66.92841339111328,8283200
2023-12-20,66.4889509273425,66.63854969371064,65.62873840332031,65.62873840332031,16705400
2023-12-21,65.98403890586673,66.15234196936606,65.56328481391918,66.0868911743164,10971900
2023-12-22,66.25519076564152,66.71334630697896,66.18973997402189,66.591796875,7831800
2023-12-26,66.45155269334684,67.04060990260439,66.45155269334684,66.87230682373047,6915800
2023-12-27,66.89100230726302,67.18085479736328,66.79750219435338,67.18085479736328,7566700
2023-12-28,67.08735864046477,67.29306318115677,66.99385852204162,67.20890808105469,6466000
2023-12-29,67.11540538683505,67.38656071337685,67.04995459309058,67.34915924072266,10412700
2024-01-02,67.10606288271379,68.21873366993341,67.10606288271379,68.10652923583984,12912000
2024-01-03,68.22808541267207,68.3402827124886,67.47072510450052,67.57357025146484,13979700
2024-01-04,67.52680274941608,67.9382117437098,67.33979541855517,67.48004913330078,10865000
2024-01-05,67.51746746810205,67.76992564443862,66.9377552979978,67.3304672241211,12802800
2024-01-08,67.33981484956853,67.85407624082666,67.30242050620642,67.8260269165039,9409000
2024-01-09,67.57357156124999,68.0036849975586,67.3304726512005,68.0036849975586,7838600
2024-01-10,67.94757417875506,68.25613100357545,67.65772165861583,67.8634262084961,11113300
2024-01-11,67.78862177305363,67.89147404574229,67.39591698657075,67.85407257080078,9507800
2024-01-12,68.08781185172266,68.23741771943683,67.83536086695551,68.0691146850586,7712800
2024-01-16,68.07846672752234,68.11586819831085,67.42395882272639,67.69511413574219,11566900
2024-01-17,67.53617154288318,67.88212270643115,67.39591779357363,67.64836883544922,9641400
2024-01-18,67.48006913593109,67.61097073953582,67.0499628478581,67.56422424316406,10548800
2024-01-19,67.6203252086499,67.63902238111862,67.02191581921427,67.36787414550781,11309600
2024-01-22,67.07801274466776,67.321118782123,66.90970966236836,67.04061126708984,15078600
2024-01-23,67.39592034407038,67.87277312272583,67.37721603886686,67.76992797851562,13859600
2024-01-24,67.71381629548166,67.75121776902701,66.9190546000477,66.93775177001953,12290500
2024-01-25,67.21826080131092,67.58291625976562,66.93775331006799,67.58291625976562,12160900
2024-01-26,67.71381911470226,68.01302378192052,67.71381911470226,67.91017150878906,7432800
2024-01-29,68.097190012407,68.33094391979525,67.85408395131435,68.30289459228516,9321900
2024-01-30,68.20002862940146,68.72363499422394,67.95692261704743,68.68623352050781,11058900
2024-01-31,68.66753218564816,68.86388456054749,68.09717222987337,68.18132019042969,17220600
2024-02-01,68.20937224268297,69.57450103759766,67.99432269024682,69.57450103759766,20588700
2024-02-02,69.36879432954302,69.63994964970202,69.01348391449268,69.35009002685547,23158000
2024-02-05,69.36880111111114,69.41554760519737,68.9012933686367,68.91999053955078,14564700
2024-02-06,68.91999042510197,69.11634282058293,68.69558870649544,69.07894134521484,11224200
2024-02-07,69.36879920957738,69.40620068398233,68.94803797272304,69.01348876953125,7544100
2024-02-08,68.9012813886232,69.2659367936617,68.69557687632441,68.99478149414062,16287600
2024-02-09,68.81714151271376,68.81714151271376,68.2561336219932,68.3589859008789,20698800
2024-02-12,68.4337899669429,68.85454410841767,68.06913447537076,68.8451919555664,13422900
2024-02-13,68.79844587901303,68.99479828847487,67.69512724470184,68.10652923583984,21640600
2024-02-14,68.0504193988437,68.0878208707265,67.65771464447643,67.97561645507812,15191300
2024-02-15,68.24678175757984,68.50858496544852,68.17198593647622,68.41508483886719,14235700
2024-02-16,68.34963362626677,68.83584569533241,68.05978109552531,68.51793670654297,15568300
2024-02-20,69.00414590813693,69.63060457339827,68.89194148141468,69.23789978027344,15388700
2024-02-21,69.36879937401513,69.6025532393988,69.16309483110118,69.49034881591797,13776600
2024-02-22,69.1817926745623,69.78020200507784,68.90129231353423,69.70540618896484,11744900
2024-02-23,69.74280070998681,70.27576637787794,69.6212512665882,69.92045593261719,12548300
2024-02-26,69.93915060872573,69.95784777682773,69.53709372532322,69.63994598388672,11806000
2024-02-27,69.57450380631558,69.68670109601618,69.45294723100413,69.64929962158203,8294300
2024-02-28,69.60254877146606,69.78954899832834,69.42489356242594,69.7240982055664,6768700
2024-02-29,69.93916145774834,70.04201373226637,69.48099873176727,69.61190032958984,14083400
2024-03-01,69.42490156636205,69.69605692009459,69.13504904122827,69.62125396728516,15512500
2024-03-04,69.35009130881052,69.73345105137739,69.33139413937867,69.6773452758789,15912700
2024-03-05,69.9765513086596,70.33186173731882,69.70540311171659,69.84564971923828,15708400
2024-03-06,70.17290448641234,70.55625706833915,70.10745369761503,70.43470764160156,11816200
2024-03-07,70.72457230457938,70.90222753347567,70.5562692281519,70.83677673339844,9174900
2024-03-08,70.35990479295675,70.49080637072069,70.02329869767779,70.2757568359375,13301600
2024-03-11,70.43472454253065,70.76197856504233,70.22901997592254,70.65912628173828,9316500
2024-03-12,70.8180686516294,71.2388298870594,70.72456853273445,71.02377319335938,10454900
2024-03-13,71.01441628615014,71.24817013453588,70.90221900442982,71.20142364501953,9739500
2024-03-14,71.15465884509481,71.32296187483996,70.41599594419112,70.64974975585938,14086100
2024-03-15,70.31316253421888,70.69652231219018,70.20096524006307,70.62171936035156,14248300
2024-03-18,70.53883184463848,71.282933089019,70.53883184463848,71.07571411132812,10229000
2024-03-19,71.16989725816026,71.37711622030977,71.13222042994033,71.33943939208984,10245900
2024-03-20,71.44305318771336,71.58433950554053,71.17932256036698,71.55608367919922,10986100
2024-03-21,71.59375,71.83863858308969,71.29234258640382,71.59375,8936100
2024-03-22,71.5937598056654,71.7067831099192,71.22641969459946,71.24525451660156,10942300
2024-03-25,71.24524514714214,71.41478726734692,70.8967399039102,71.04744720458984,11003700
2024-03-26,71.1322270636506,71.29235539504873,71.02862475903422,71.08513641357422,7964400
2024-03-27,71.44305674936301,71.82923889160156,71.44305674936301,71.82923889160156,9848100
2024-03-28,72.04587571894646,72.15890622238012,71.82924290335036,71.92343139648438,9172700
2024-04-01,71.9140074455061,72.01761693954576,71.34886932373047,71.34886932373047,13205200
2024-04-02,71.34886170568396,71.45247118866105,70.86849111971021,70.98152160644531,16269200
2024-04-03,70.95326740142171,70.95326740142171,70.08672187502715,70.19974517822266,16094700
2024-04-04,70.51057423113797,70.63301853934313,69.80414983570401,69.8983383178711,18289500
2024-04-05,69.84183326886806,70.22800823809949,69.69112593425592,70.0113754272461,11148900
2024-04-08,69.88891861166154,70.16207024530291,69.8418279627638,69.90776062011719,10040700
2024-04-09,70.11498373756353,70.26568388350597,69.71938058395723,70.2468490600586,12629600
2024-04-10,69.7005443554183,70.10556131952299,69.48390436647445,69.9925308227539,15018400
2024-04-11,70.33161688648467,70.35045889614472,69.6063576092379,69.82299041748047,10551900
2024-04-12,69.54042084856118,69.7193768130561,69.04121541381303,69.11656188964844,14605900
2024-04-15,69.54041637097627,69.71937232394855,68.73038252240626,68.83399200439453,12119600
2024-04-16,68.97528941497895,69.06947790845668,68.69271674842433,68.86225891113281,12737600
2024-04-17,69.26726921356072,69.36145769794553,68.78689860124123,69.11656188964844,12731500
2024-04-18,69.34261724835625,69.59692685417005,69.20133094018406,69.43680572509766,11964200
2024-04-19,69.40855816611607,70.15265943738775,69.28610666426214,70.11498260498047,15843100
2024-04-22,70.25626109054653,70.97210652738639,69.94543980178847,70.78372955322266,12181600
2024-04-23,70.8967469448639,71.0474542605107,70.66127215375603,70.98152160644531,12821100
2024-04-24,70.49172077874792,71.60316193456711,70.16205755162346,71.51839447021484,15011000
2024-04-25,71.66911162449226,72.02703794430967,71.08513867930992,71.34886932373047,14352600
2024-04-26,71.09454834337326,71.58433272115153,71.04745051318768,71.19815063476562,13488200
2024-04-29,71.21699825276882,71.45247305001085,71.00035827741313,71.4242172241211,9244000
2024-04-30,71.34886285642915,71.36769767812861,70.94384592174652,71.11338806152344,12517400
2024-05-01,70.90616592949377,71.17931754173506,70.36928370850093,70.66127014160156,24867400
2024-05-02,70.89674292813086,71.50897878754849,70.62359850970692,71.25466918945312,22820400
2024-05-03,71.28292888915912,71.61259215873476,70.87791196193184,71.47130584716797,18088200
2024-05-06,71.63143892510702,71.7162064060065,71.04745881868988,71.50898742675781,12508400
2024-05-07,71.81040082786973,72.32844831881869,71.81040082786973,72.290771484375,14641800
2024-05-08,72.2813461813238,72.42263250555627,71.97993870981763,72.07412719726562,12686000
2024-05-09,72.14005364854457,72.6957778930664,72.09296300193378,72.6957778930664,12851900
2024-05-10,72.68636289157254,73.19498934536449,72.6204302319766,73.11022186279297,10774900
2024-05-13,73.25148265280615,73.46812258642778,72.780533149047,72.90298461914062,11755400
2024-05-14,72.9689377395852,73.0913820579214,72.40379961370265,72.76171875,10117600
2024-05-15,72.57334779432821,72.92184595472172,72.57334779432821,72.80882263183594,18143000
2024-05-16,73.46814090440436,74.04270001713618,73.30801975787148,73.84490203857422,17360400
2024-05-17,73.76012017949044,73.82605283258367,73.47755474599958,73.66593170166016,11265700
2024-05-20,73.64710210308232,73.64710210308232,73.07254300561753,73.15731048583984,9226400
2024-05-21,73.35511660019668,73.61885444666224,73.20441644548075,73.59059143066406,6595200
2024-05-22,73.09136504302816,73.5434797501594,72.95949975055643,73.298583984375,9395100
2024-05-23,73.07253668272253,73.1949809833778,72.39436815514236,72.43204498291016,10751300
2024-05-24,72.68635501573314,72.90299498014373,72.58274553529156,72.62042236328125,6943200
2024-05-28,72.38494584715036,72.58274379977652,71.7915519892719,72.05528259277344,8840700
2024-05-29,71.66910438359464,71.92342118367817,71.50898324939116,71.53723907470703,10402400
2024-05-30,71.74445890620336,71.92342205018709,71.55608194441452,71.72562408447266,7404400
2024-05-31,71.6596859896485,72.88415052056952,71.33002273848207,72.84647369384766,11873900
2024-06-03,72.61100308010573,73.16672732346986,72.39437029668268,72.81822204589844,12223400
2024-06-04,72.82763818806566,73.57173934004895,72.70519389196203,73.44929504394531,9097500
2024-06-05,73.35510959971184,73.45871909011946,72.7052040162068,73.28917694091797,9095100
2024-06-06,73.24208426881137,73.7789665287729,73.09137694651729,73.5152359008789,9759400
2024-06-07,73.49638625447025,73.7036052080292,73.07253453027779,73.14788818359375,7490500
2024-06-10,73.26092705063611,73.27976906103034,72.62043523353991,73.09138488769531,10033800
2024-06-11,72.98777064825097,73.05370330810547,72.4508883648298,73.05370330810547,8583700
2024-06-12,73.19498914565493,73.23266597762422,72.07412674946121,72.25308990478516,14172800
2024-06-13,72.22483047207598,72.41320743639831,71.9234230174879,72.34727478027344,8723500
2024-06-14,72.14004935162694,72.47913360595703,71.95167240416353,72.47913360595703,7246400
2024-06-17,72.20599120203802,73.29859046281794,72.05528389096763,73.1667251586914,8762000
2024-06-18,73.05370630033251,73.35511378431578,72.9500968040144,73.26092529296875,6567100
2024-06-20,73.12905538756911,73.47756068845861,72.91242258965141,73.10079956054688,9316300
2024-06-21,73.25149897034932,73.62826009450798,73.1007988323583,73.15731048583984,11594000
2024-06-24,73.33002752472562,74.03230040604635,73.17818963172012,73.9374008178711,9722600
2024-06-25,73.66218191868478,73.76657363066832,73.17818463952234,73.462890625,10705700
2024-06-26,72.95044426798736,73.49137999693649,72.79859910318538,73.31106567382812,8405200
2024-06-27,73.29206951884858,73.3584999510168,72.69418838896044,72.99787139892578,4592300
2024-06-28,72.9883918380528,73.07379929691615,72.48541025448404,72.67521667480469,8396900
2024-07-01,73.05481459554194,73.33002120542157,72.10580431482256,72.1627426147461,9275300
2024-07-02,72.24815123143345,72.67521020887845,72.02039078768716,72.66571807861328,8233400
2024-07-03,72.54236602783203,72.79859568092004,72.35255958075236,72.54236602783203,5600600
2024-07-05,72.54236046248214,73.48187877222718,72.43796873469101,73.4344253540039,7202900
2024-07-08,73.491355886614,73.57676333351351,73.1212424693023,73.3205337524414,4486800
2024-07-09,73.32054372423435,73.48187375056824,73.10226815184912,73.1307373046875,5635700
2024-07-10,73.2635932514202,73.48186880912704,73.08328621544403,73.45339965820312,7249100
2024-07-11,73.34902194659324,73.48188283651685,72.96941630093632,73.1781997680664,11414600
2024-07-12,73.56728493229728,73.88995224166972,73.25411699485116,73.5008544921875,10028200
2024-07-15,73.45340473271752,73.64320391223859,73.01686082751938,73.07379913330078,8481200
2024-07-16,73.10227309698456,73.78556177282638,72.99788136926567,73.77606964111328,7987300
2024-07-17,73.8899407019494,74.86742012821091,73.8709564418115,74.72506713867188,18297900
2024-07-18,74.44986480420636,75.11417644467413,74.34547307842391,74.35496520996094,14877200
2024-07-19,74.54477414229044,74.6396737397229,73.9943463406569,74.10822296142578,11816500
2024-07-22,74.27903890830189,74.33598445428942,73.80453372052837,74.15567016601562,9408200
2024-07-23,74.23159028705291,74.3644511560204,73.82351554940297,73.88994598388672,6937900
2024-07-24,73.62422553875246,73.95637771700358,73.33951953432323,73.82351684570312,10620400
2024-07-25,74.07975776463284,74.85794608976127,73.73811340332031,73.73811340332031,15686200
2024-07-26,74.03229497098452,74.57323054828275,73.85198069842714,74.4878158569336,10271900
2024-07-29,74.34546660640314,74.6776260179089,73.96586826246677,74.51628875732422,9115000
2024-07-30,73.62422282481252,74.13668926966989,73.30155554899528,74.01331329345703,11818400
2024-07-31,74.01331588815049,74.3454680658021,73.55779497033527,73.88045501708984,10474100
2024-08-01,74.0228004024343,74.72506596869123,73.79503996696221,74.56373596191406,16535000
2024-08-02,75.13314457216585,75.68357229014761,73.83300508014317,75.21855926513672,24086900
2024-08-05,75.08571382422001,75.30398218594017,73.4913758848867,73.73811340332031,29057400
2024-08-06,74.09874191828173,75.05723731461704,74.01332720789385,74.25057983398438,15801400
2024-08-07,74.56375255716128,75.35143298726352,74.27904651917542,74.32649993896484,14182300
2024-08-08,74.11770996522142,75.12366590145591,74.04178739637833,75.00028991699219,13889800
2024-08-09,74.84844453575833,75.24702712176928,74.52577727062521,75.11416625976562,10319800
2024-08-12,75.07620237889508,75.1331406776749,74.54475894928689,74.73455810546875,9735300
2024-08-13,74.73456571376549,75.09518704337331,74.3549601223826,75.07621002197266,7513900
2024-08-14,75.01927169640999,75.64561476769828,74.89589571602976,75.41785430908203,7264000
2024-08-15,76.48073603615113,76.6895194590673,75.96827684946916,76.19603729248047,7745200
2024-08-16,76.12011730953509,76.47125373636653,75.99674857380339,76.40482330322266,6976700
2024-08-19,76.4902267499714,76.84136315840767,76.46175760016891,76.66104888916016,7330000
2024-08-20,76.642082041966,77.04066467285156,76.51870605594803,77.04066467285156,6931200
2024-08-21,77.6859831724865,78.09405788813493,77.34433888774018,77.56261444091797,7960700
2024-08-22,77.77139049248137,77.77139049248137,77.11657831479891,77.44873046875,7632600
2024-08-23,77.58159236489986,77.68598407758715,77.18300977484336,77.66699981689453,6505100
2024-08-26,77.75241707765277,78.37876013409236,77.7429249469929,78.2174301147461,7270700
2024-08-27,78.33131925163131,78.5495875889289,78.11304367395897,78.40724182128906,5674600
2024-08-28,78.42622498285013,78.5306167142078,77.78089757099147,78.07508850097656,6666800
2024-08-29,77.98018793561789,77.98018793561789,77.52466696840513,77.68599700927734,6343700
2024-08-30,77.83782851465989,78.36927925318703,77.62905231208185,78.30284881591797,8884800
2024-09-03,78.32182039376802,79.11899282596082,78.22692081003353,78.85326385498047,15503700
2024-09-04,78.71092978457625,79.28033461188816,78.63500721016794,79.22339630126953,19276700
2024-09-05,79.2423759728028,79.36574473005764,78.52112597257157,78.91971588134766,12775800
2024-09-06,78.91021458205175,79.2518588982418,78.66346985583124,78.75836944580078,12616500
2024-09-09,78.76787153569782,79.51759069988266,78.63501064486765,79.3657455444336,10061000
2024-09-10,79.25186401474357,79.71687710387783,79.13798015520301,79.34676361083984,14002500
2024-09-11,79.0620501504335,79.11899569503852,77.89477147145963,78.60652923583984,14556400
2024-09-12,78.62550970032567,79.17593746657411,78.35978794844704,79.09052276611328,8659100
2024-09-13,79.14747725294987,79.71688210562925,78.97665507310849,79.65045166015625,5953700
2024-09-16,79.85921607862002,80.21983737653711,79.59349436011546,79.96360778808594,7794600
2024-09-17,79.6884040672832,79.91616453489453,79.10950714680776,79.20440673828125,8404900
2024-09-18,79.14747105667439,79.58401498423174,78.5780662485724,78.90072631835938,12935600
2024-09-19,79.10951126873618,79.11900340049053,78.3123387299985,78.43571472167969,14934200
2024-09-20,78.35978707673281,78.8722535526727,78.22692620227151,78.81531524658203,12719100
2024-09-23,78.65217177690766,79.52989923779361,78.59492361808435,79.27230072021484,11985900
2024-09-24,79.16735815813726,79.45356982465017,78.890681785313,79.08148956298828,8985100
2024-09-25,79.35816840045109,79.43449442543172,78.7666526251267,78.88114166259766,6100900
2024-09-26,78.7380265039297,79.42494612148828,78.7380265039297,79.06240844726562,8565600
2024-09-27,79.16737251990057,79.66347719916479,79.07196133490423,79.20552825927734,6432600
2024-09-30,79.49172868039628,79.64438071763648,78.88113508913497,79.18643188476562,8468900
2024-10-01,79.21506579733907,79.32001227108174,78.6807981338134,78.9193115234375,15725800
2024-10-02,78.7094137263064,78.71895629938167,78.09882006879823,78.25146484375,10788300
2024-10-03,77.93663054168182,78.05111229998212,77.33557219520385,77.4691390991211,11507900
2024-10-04,77.34512272124215,77.82214950681262,77.23063367231885,77.72674560546875,12463000
2024-10-07,77.75535802724637,77.75535802724637,76.85854543365093,76.9539566040039,9270800
2024-10-08,76.98257616663882,77.43098245832861,76.77268324041378,77.3355712890625,8218300
2024-10-09,77.40236204463788,77.91755183612185,77.27833770327821,77.80307006835938,9276300
2024-10-10,77.7839770368729,77.94616437733083,77.26878729760928,77.45960235595703,9122600
2024-10-11,77.72674391776599,77.96525730537232,77.3832840573048,77.88893127441406,8741500
2024-10-14,77.85075586191479,78.2419212491481,77.72673154049558,78.2037582397461,6263000
2024-10-15,78.30870911806251,79.36770903250947,78.30870911806251,78.69986724853516,11287700
2024-10-16,78.43273098381844,78.74757036014157,78.25145850432635,78.64262390136719,7720300
2024-10-17,78.74756827915536,78.85251473515642,78.07972653379866,78.28961944580078,7716400
2024-10-18,78.1178972773907,78.48997755683318,77.8889264774685,78.46135711669922,8314200
2024-10-21,78.43274162760581,78.60447155810047,77.72674403728377,77.80307006835938,8704600
2024-10-22,77.68856775863883,78.33732435432296,77.6122417405937,78.2419204711914,8912400
2024-10-23,77.85076579474796,78.20376821761818,77.69812101651401,78.08927917480469,6926500
2024-10-24,78.07019782162197,78.23238516589547,77.75535842707903,77.98432922363281,6211500
2024-10-25,77.98432793428067,78.10835954278652,77.26878783788638,77.3355712890625,6546900
2024-10-28,77.64087081893946,77.81260073922937,77.44052045840965,77.47868347167969,5714200
2024-10-29,77.11614720069332,77.31649756495598,76.66774088497895,76.71544647216797,9459900
2024-10-30,76.61049292053029,76.83946370439696,76.3719795643379,76.5914077758789,8504800
2024-10-31,76.40060346730868,76.88716549523521,76.28611443075816,76.43876647949219,10905300
2024-11-01,76.68681255246617,76.74406070823463,76.37198045056488,76.4673843383789,7916100
2024-11-04,76.58186544546979,76.90624739591811,76.4673836925998,76.67727661132812,6958900
2024-11-05,76.48646416421745,77.1638412475586,76.34335468940448,77.1638412475586,5304800
2024-11-06,77.36419595095883,77.478684993017,75.71368744801153,75.90449523925781,18487700
2024-11-07,76.06670108124531,76.6200466689663,76.00945291235216,76.18118286132812,17598100
2024-11-08,76.19070748130272,77.29740567479851,76.18116490892733,77.10659790039062,11530300
2024-11-11,77.00164961255432,77.70764709572096,76.78222140508015,76.83946228027344,9273800
2024-11-12,77.12568147734162,77.2306279446921,76.79176420797668,76.92533111572266,13518000
2024-11-13,76.93487661765235,77.2306308847989,76.70590580692118,77.15431213378906,6781600
2024-11-14,76.96349334716797,77.4118996524091,76.90625246695862,76.96349334716797,7572200
2024-11-15,76.89671121594255,76.95395937598656,76.24795453996514,76.28611755371094,11359100
2024-11-18,76.45784347123154,76.96349063888871,76.37198215393892,76.82038116455078,8747600
2024-11-19,77.02074228884169,77.17338706390113,76.45784693861177,76.92533111572266,8020800
2024-11-20,76.22887523275591,76.53417205810547,75.87587282141249,76.53417205810547,7687200
2024-11-21,76.62002863713543,77.45005774165467,76.41013571791103,77.36418914794922,8185800
2024-11-22,77.79351551865597,78.14651789889868,77.6981116339241,78.07972717285156,7703800
2024-11-25,78.5949174044798,78.8334307573108,78.27054273847762,78.5090560913086,8243100
2024-11-26,78.46136238356918,78.90976871936937,78.36595848376831,78.83344268798828,6973600
2024-11-27,79.18644378269789,79.4154145941118,78.85252649962537,78.99563598632812,7067800
2024-11-29,78.97654592658793,79.47265781244971,78.87159946145756,79.39633178710938,4982600
2024-12-02,79.32000407500028,79.39633009871751,78.72848830946707,79.3009262084961,10750100
2024-12-03,79.23413821394406,79.2913790890245,78.74756893921077,78.89067840576172,11053200
2024-12-04,78.68079196256322,78.78573842807452,78.28009124634754,78.67124938964844,10100900
2024-12-05,78.75712080757096,79.13873639161835,78.54722786903447,78.98609161376953,12639000
2024-12-06,79.00516055482746,79.46310939433275,78.59491729736328,78.59491729736328,7180600
2024-12-09,78.70940721506044,79.07194489457413,78.26100094267379,78.47089385986328,11614000
2024-12-10,78.4136582743714,79.03378721664377,78.09881887734514,78.84297943115234,8497200
2024-12-11,78.96699580607095,79.29137774333788,78.20375746216884,78.2419204711914,9046100
2024-12-12,78.7380276530681,78.82389624594106,78.34686953554674,78.47089385986328,5410800
2024-12-13,78.3182366306479,78.72847986556523,77.87937295961882,78.27053833007812,8154300
2024-12-16,78.29916184502412,78.6903272308646,77.84121301268034,77.86029815673828,6495000
2024-12-17,77.6981251629507,78.12744635842368,77.5931786878171,77.72674560546875,8535900
2024-12-18,77.43098648751686,77.68857773292866,76.52463128427763,76.54371643066406,17223000
2024-12-19,76.47692753971407,76.85854309410836,75.9999008178711,75.9999008178711,15778400
2024-12-20,75.9617472187294,76.70590783239392,75.70414868086029,76.26704406738281,11035400
2024-12-23,75.99019186265771,76.1632248442844,75.13464193519279,75.86521911621094,11469000
2024-12-24,75.79791537432278,76.41314201370074,75.6921726081097,76.36508178710938,3932600
2024-12-26,76.22088162659644,76.65346030900606,76.15359144635318,76.60540008544922,4253700
2024-12-27,76.24972952217476,76.63424803294215,75.95173116001831,76.23050689697266,6601700
2024-12-30,75.90366117658749,75.95172873918156,75.09617893038566,75.33650207519531,7249300
2024-12-31,75.49031741612319,75.8075457793151,75.13464379746698,75.56722259521484,6125500
2025-01-02,75.73062821896134,76.07669413421365,75.08656395105079,75.33650207519531,9321800
2025-01-03,75.48068288279305,75.65371582388626,75.0288815743471,75.29804229736328,6991300
2025-01-06,75.38456864960202,75.40379860989057,74.42327598944159,74.50979614257812,9275700
2025-01-07,74.70204519537006,75.1346312549864,74.14449374115183,74.25023651123047,11112800
2025-01-08,74.17334081858468,74.46172419923366,73.70230216225444,74.38481903076172,9277400
2025-01-10,73.91379232886966,74.33676344782478,73.28895063061717,73.38507843017578,13943200
2025-01-13,73.44275772248056,73.69269585752149,73.11591441756849,73.51004791259766,9490900
2025-01-14,73.59655654371309,73.68307668841909,73.18320044675838,73.52926635742188,7763700
2025-01-15,73.93301425565575,74.16372241634384,73.16397727458852,73.27933502197266,11426800
2025-01-16,73.13513870085174,73.90416833763473,72.87558560620141,73.8272705078125,11223400
2025-01-17,73.9618531388999,74.4040468437377,73.8753329933445,74.25023651123047,10524800
2025-01-21,74.39444288580034,74.88470422569782,74.31753770815341,74.5963134765625,8849500
2025-01-22,74.93274987774353,74.93274987774353,74.16372025318702,74.23101043701172,8357500
2025-01-23,74.1252719539533,74.529013080225,73.82727359895475,74.50017547607422,7562500
2025-01-24,74.47134083830214,74.91353456574866,74.4328882532093,74.88469696044922,6685300
2025-01-27,75.64412643551002,77.0572279064627,75.63451145477335,76.91303253173828,17519900
2025-01-28,76.67269543800704,76.99953138292841,75.55759256551747,75.7114028930664,11664900
2025-01-29,75.82676040705907,76.23050888765262,75.75947021597361,75.89405059814453,10195100
2025-01-30,76.26895660555435,76.80728548572807,76.11515359270544,76.64386749267578,8192000
2025-01-31,75.97094993708384,76.49004880021396,75.87482214778127,75.92288970947266,10269000
2025-02-03,75.37496652660033,76.37470451243121,75.2019335417293,76.22090148925781,13340800
2025-02-04,75.96133918151948,76.03824435086969,75.26921465960947,75.57682800292969,9307500
2025-02-05,75.56721288545307,76.06708181715672,75.16347174822158,76.04785919189453,8847800
2025-02-06,77.04760782712175,77.06683045324164,76.15360536388847,76.39392852783203,9846300
2025-02-07,76.4131371842086,76.59578510232016,76.05746366040766,76.27855682373047,8104000
2025-02-10,76.48044249727056,76.75921825172945,75.9997961621513,76.74960327148438,7949600
2025-02-11,76.86495782312716,77.5090221251183,76.58618208030694,77.48979949951172,9157100
2025-02-12,76.8265022496333,77.52824906931092,76.7784420204458,77.43212127685547,10564000
2025-02-13,77.63399095634334,78.3357304339419,77.42250541490365,78.26844024658203,10132300
2025-02-14,78.22999159769725,78.27805916283481,77.4705695398244,77.48979949951172,10470300
2025-02-18,77.23986367962999,77.78780020186693,76.80728491673591,77.7685775756836,10432400
2025-02-19,77.95121629207883,78.42225496401042,77.75896069861176,78.39341735839844,6450800
2025-02-20,77.44172856286688,78.08580017089844,77.31676316666277,78.08580017089844,14264000
2025-02-21,78.08579843261994,79.06631362381664,77.84547529090621,78.9990234375,18203300
2025-02-24,78.68179032096414,79.60463024864816,78.64333774055066,79.23934173583984,14114200
2025-02-25,79.4893020935026,80.6332355111939,79.4893020935026,80.36407470703125,18198000
2025-02-26,80.0564420549199,80.13334721877672,78.68179342081974,78.82598876953125,19969500
2025-02-27,78.4799323966851,79.23935448031347,78.46070977042659,78.8163833618164,16613700
2025-02-28,79.48928562922029,79.91224937640554,78.96057177763831,79.86418914794922,15163900
2025-03-03,79.47967288343771,80.57554586653089,79.47967288343771,80.28715515136719,18918900
2025-03-04,80.13334209525192,80.88314905971484,78.87405128745289,78.92211151123047,21845600
2025-03-05,78.76832369692004,79.54696841241966,78.64335095605543,79.24897003173828,13772700
2025-03-06,78.95096421163133,79.59503587332999,78.7683235918192,79.39315795898438,13729400
2025-03-07,78.88366534775577,80.20063879891528,78.86444272349718,79.65270233154297,19631100
2025-03-10,79.77765834667987,81.08501666499198,79.17204674364034,79.47966003417969,27412700
2025-03-11,79.31626602047582,79.38355621890368,78.25884547343168,78.31652069091797,27913700
2025-03-12,77.55709076956191,77.84548149623912,76.53812291437593,76.61502075195312,22000500
2025-03-13,76.71115471732179,77.01876806519641,76.1151506471544,76.25934600830078,18077400
2025-03-14,76.08630714059633,76.49966323231362,75.82675404384726,76.432373046875,10251300
2025-03-17,76.56694736251933,77.77817793870551,76.4996571824023,77.5474624633789,12470000
2025-03-18,77.48980588362141,77.58593368773542,76.61502599779686,76.66309356689453,9461100
2025-03-19,76.49006058585678,76.73999874381828,76.07670442749335,76.66309356689453,12042700
2025-03-20,76.54773856290228,76.82651433874643,76.17283497947639,76.28819274902344,10954500
2025-03-21,76.23050840288765,76.45160160044215,75.93250270076358,76.25934600830078,11926200
2025-03-24,76.37338439579838,76.80826195012679,76.30573775929358,76.73094940185547,9586600
2025-03-25,76.59564583142893,76.69228281731112,75.79354484004071,76.03514099121094,12703200
2025-03-26,76.1994198659284,77.38807609985649,76.1994198659284,77.21412658691406,11491900
2025-03-27,77.4363945606812,78.2481614503956,77.37841384460492,78.09353637695312,9253000
2025-03-28,78.19983628733085,78.37378580185046,77.41706715845712,77.70698547363281,12493200
2025-03-31,77.82294382460525,79.1662177108164,77.82294382460525,78.92462158203125,14299100
2025-04-01,79.10824263426206,79.25320179644459,78.5863940741625,79.04059600830078,11201000
2025-04-02,79.07924890686628,79.30151322287018,78.45109747946017,78.80866241455078,9219000
2025-04-03,79.00194255629376,80.03597380309198,78.6153872343376,79.26286315917969,20746100
2025-04-04,78.83765517347614,79.28219119195862,75.8225326538086,75.8225326538086,35619500
2025-04-07,74.02506067718463,76.7116087505436,73.59985645648457,74.94313049316406,45133500
2025-04-08,76.06413076372634,76.31539282342803,73.06833998687934,73.78346252441406,26842500
2025-04-09,73.41623807184709,77.25278605238385,73.28094481983722,76.64395904541016,39358900
2025-04-10,76.63429475625924,77.45572011693231,75.3490015857043,76.68260955810547,25968000
2025-04-11,76.97252823325142,78.1418526137603,76.25740575528086,77.64899444580078,19009500
2025-04-14,77.97757879892356,79.29186249642726,77.62967973941201,78.97295379638672,12388100
2025-04-15,79.08891389857176,79.18555825908253,78.25782990702963,78.30614471435547,8920200
2025-04-16,78.63471754752491,78.75067898083724,77.13681846851945,77.46539306640625,13657300
2025-04-17,77.80362110351899,79.49479404251319,77.68765230487641,79.11790466308594,13663600
2025-04-21,79.18556096765462,79.27253204757373,77.50404635992047,78.36412811279297,13804400
2025-04-22,78.66370437868189,79.92966578843999,78.52841113059762,79.4754638671875,11258800
2025-04-23,79.6107659869824,79.92967469568936,78.402785156665,79.02127075195312,17717300
2025-04-24,78.48976886390814,78.5960717739256,77.96792022553068,78.32548522949219,12480700
2025-04-25,78.47042712446076,78.7023647386063,77.31076854545077,78.12252807617188,14378000
2025-04-28,78.19017736363931,78.4897542143581,77.44605713240175,77.86160278320312,12088900
2025-04-29,77.53302835544672,78.56705943120332,77.10781683433729,78.50907135009766,10065700
2025-04-30,78.94396089526195,79.38849692967464,77.95824446740515,79.07925415039062,10565800
2025-05-01,78.55740342116772,78.80866547647814,78.11286739895955,78.39311981201172,13203000
2025-05-02,78.83765304779139,79.10823954105634,78.48008811144618,78.81832122802734,14859700
2025-05-05,78.8376651018869,78.93430209669582,78.27716020989308,78.75068664550781,10236300
2025-05-06,78.59605488715869,78.88596581979262,78.24815586965494,78.6153793334961,10506300
2025-05-07,78.69269802361805,79.09857778482917,78.43177742653359,78.74102020263672,10474900
2025-05-08,78.82799410144328,79.19521760718146,78.34480178566321,78.64437866210938,11018500
2025-05-09,78.3061469861649,78.60572386823684,78.10320709447781,78.190185546875,9231500
2025-05-12,78.24816399639265,78.49942606244745,77.6296784283574,78.30614471435547,18914800
2025-05-13,78.04522748753966,78.16118892848284,76.97253992123595,77.25279235839844,13148500
2025-05-14,77.11748688987696,77.22378977587012,76.69227534590429,76.83723449707031,10352000
2025-05-15,76.90489494951649,78.46077488114307,76.59565214544394,78.4124526977539,13370000
2025-05-16,78.48976226815756,79.31118774414062,78.37379345617546,79.31118774414062,11973300
2025-05-19,79.09857767924927,79.60110179782697,78.86664744071385,79.5431137084961,13601400
2025-05-20,79.50446317812285,80.05530214248195,79.50446317812285,79.82337188720703,12719300
2025-05-21,79.43680284273897,79.56243754624234,78.77000255223774,78.8956298828125,10989100
2025-05-22,78.82799825690553,78.99228188342795,78.24816892198933,78.56707763671875,11871600
2025-05-23,78.52841215560358,79.021262977374,78.04521987101595,78.85697937011719,10693100
2025-05-27,79.14690119205552,79.62042758748338,78.97295166699006,79.57210540771484,14433600
2025-05-28,79.54311221181753,79.80404017657348,78.94395849246385,79.03092956542969,9963800
2025-05-29,79.05991993438329,79.39816043488779,78.66370609148915,79.34983825683594,13321300
2025-05-30,79.21454768342022,80.39353808761713,79.21454768342022,80.04563903808594,17778900
2025-06-02,79.81370356440401,80.1036219044346,79.30152088688898,80.09395599365234,15827900
2025-06-03,79.95865924963053,80.14227468184282,79.45614250479865,80.01664733886719,13265600
2025-06-04,80.03596786428497,80.05529231113059,79.38849198748673,79.45613861083984,10804100
2025-06-05,79.29185670371352,79.39815959596102,78.48008983318081,78.69269561767578,16474500
2025-06-06,79.05993117368547,79.19522444394913,78.6927076362456,78.9439697265625,10948900
2025-06-09,78.81832992126782,79.07925790635866,78.46077231841487,78.83766174316406,13027300
2025-06-10,78.8473133291687,79.19521236332884,78.712020079543,79.01160430908203,12364900
2025-06-11,78.96328453109213,78.96328453109213,78.4800922326229,78.74102020263672,11204000
2025-06-12,78.71201397568547,79.22420395004029,78.36411496850374,79.20487213134766,10709900
2025-06-13,78.96328330953834,79.39816079519076,78.05487944313168,78.23849487304688,15635100
2025-06-16,78.4317730099306,79.09857333067772,78.24815758751453,78.48975372314453,12728200
2025-06-17,78.26748831096528,78.39312303024272,77.79396191157595,77.82295227050781,15059900
2025-06-18,78.03555349535449,78.12252456705542,77.67798855263833,77.72631072998047,11117700
2025-06-20,78.00656731071143,78.50908406647555,77.90026441321585,78.29647827148438,16771500
2025-06-23,78.35680624904265,79.27144166803427,78.29842779200293,79.20333099365234,17771400
2025-06-24,79.19360184797591,79.281176960439,78.78493778583359,79.13522338867188,12580900
2025-06-25,78.96980913827515,78.96980913827515,77.96759861787895,78.07463073730469,12880400
2025-06-26,78.1524767030565,78.4638408563154,77.81192332035252,78.00652313232422,13783200
2025-06-27,78.08435936293847,78.61951993545149,78.00651647538997,78.37626647949219,15135300
2025-06-30,78.33734950388506,78.93088856416027,78.22058516590236,78.7849349975586,12080000
2025-07-01,78.87249893877558,80.25418422369872,78.87249893877558,79.7676773071289,23302100
2025-07-02,79.70929069827355,80.04984405204848,79.33954811753311,80.0011978149414,16429100
2025-07-03,80.04984795860749,80.1082338388942,79.57307324005522,79.9622802734375,10898400
2025-07-07,79.8844328223191,79.94281869927319,79.47576880117195,79.8941650390625,14365100
2025-07-08,79.58279916052841,79.69956348835638,79.08656004664225,79.15467071533203,15712800
2025-07-09,79.26171299479996,79.34928810778213,78.20113138578621,78.63898468017578,22179000
2025-07-10,78.6778967566083,79.22278211112747,78.39572186273054,78.92115020751953,16687900
2025-07-11,78.6097925614213,78.82385680361402,78.23031774062757,78.6292495727539,16936700
2025-07-14,78.64870331486864,78.74600320531684,78.11354278214485,78.69734954833984,13694000
2025-07-15,78.52221388091615,78.66816744154741,77.89948561749551,77.90921783447266,17681600
2025-07-16,77.94813465473618,78.24976655157558,77.52973843161733,78.18165588378906,15633600
2025-07-17,78.4832969652818,78.96980386710425,78.29842196706728,78.92115020751953,17079000
2025-07-18,78.96007797294261,79.29089912938828,78.60979238170204,78.70709228515625,12755000
2025-07-21,78.77519243010072,79.12547797451889,78.6097818739882,78.69734954833984,13430900
2025-07-22,78.30816130230026,79.55361789642318,78.24977542078977,79.41739654541016,20413700
2025-07-23,79.44658660888672,79.65091863755246,79.19360091570235,79.44658660888672,13808900
2025-07-24,79.51469139552324,79.60225907696237,79.0962951515769,79.1644058227539,11462600
2025-07-25,79.11575365535046,79.3200856727388,78.85304318256733,79.30062866210938,9284900
2025-07-28,78.88223106628286,79.00872019198533,78.37626713996654,78.4832992553711,12113200
2025-07-29,78.61952572396085,79.232521805649,78.20112945196537,78.9990005493164,18872900
2025-07-30,79.03792405489276,79.29090232938194,78.08436714614191,78.29843139648438,16485500
2025-07-31,77.74380901356928,78.38599430189467,77.50055554820986,77.62704467773438,18339700
2025-08-01,78.05517411117818,78.48330259099232,77.88976353434334,77.99679565429688,28529200
2025-08-04,77.89948436088737,78.51248782094889,77.89948436088737,78.37626647949219,14441900
2025-08-05,78.3373528441382,78.7265598971693,78.18166705352292,78.29843139648438,15062900
2025-08-06,78.5222181228158,79.6801070299333,78.32761831379918,79.41739654541016,16043200
2025-08-07,79.55361030452387,80.13741709936723,79.29089242156536,80.0206527709961,15984100
2025-08-08,80.08877053520733,80.5558204665625,80.05958130640516,80.25418853759766,14135200
2025-08-11,80.29309799490964,80.40013011010302,79.69956638816417,80.18607330322266,12970500
2025-08-12,80.29309910890758,80.46824189769885,80.04012085449192,80.40013122558594,16449500
2025-08-13,79.97201018237901,80.56554922086572,79.71902450445684,80.40013122558594,17683900
2025-08-14,80.12768494447937,80.17633860388133,79.62172103482725,79.68009948730469,12826500
2025-08-15,79.81632706597537,80.04984831764945,79.44658446553252,79.80659484863281,12217700
2025-08-18,79.84551584392945,80.06931230050483,79.65091603921697,79.69956970214844,11892100
2025-08-19,79.85524180241835,80.64338060029081,79.83578479287476,80.51689147949219,13215600
2025-08-20,80.48770572832333,81.63586235212365,80.40986283977603,80.97421264648438,24835800
2025-08-21,80.41959622018788,80.45851766502463,79.96227852273925,80.24445343017578,18125200
2025-08-22,80.48770689277556,81.01313526281186,80.04012141241276,80.24445343017578,16491500
2025-08-25,79.87470060142908,80.01092936531069,78.7946620951695,78.87249755859375,20490600
2025-08-26,78.76546792805219,78.81412158979417,78.21085033232353,78.35680389404297,17724000
2025-08-27,78.26923547729093,78.61952105273083,78.18166037167774,78.59032440185547,11764700
2025-08-28,78.63898638336917,78.6876400498027,77.86057226147621,78.09410095214844,14505000
2025-08-29,78.2692307583056,78.6584303311009,78.11354499038266,78.60005187988281,15675800
2025-09-02,78.73628226151547,79.00872496317706,78.16220762922953,78.47357177734375,16662400
2025-09-03,78.08436286931895,78.45410546651812,77.7535417176418,78.4151840209961,14723100
2025-09-04,78.57086878784777,78.86277591373776,78.26923686833294,78.46383666992188,12717400
2025-09-05,78.44437624654998,79.08656150266135,78.24976902992057,78.68762969970703,20657300
2025-09-08,78.60005344237815,78.6097856589433,77.88002531018613,78.39572143554688,18019800
2025-09-09,78.24005034234735,78.66817140532885,78.15247523215345,78.5514144897461,13459600
2025-09-10,78.22059104111942,78.3665446186838,77.39353066626434,77.7827377319336,19041800
2025-09-11,77.98706296726724,78.63898047687104,77.87029863070117,78.4151840209961,16717500
2025-09-12,78.27896257987243,78.4638375900044,77.94814142859063,78.15247344970703,10261000
2025-09-15,78.12329077984586,78.30816580549791,77.21838751121801,77.25730895996094,14871900
2025-09-16,77.3837932612806,77.78273251831601,77.20865046464428,77.60758972167969,16171000
2025-09-17,77.72434515073074,78.56113767160109,77.72434515073074,78.07463073730469,14408700
2025-09-18,77.55893474630702,77.86056667071598,77.38379195263255,77.39352416992188,21046100
2025-09-19,77.57839954026112,77.5978565514232,77.16972807078974,77.23783874511719,13348900
2025-09-22,76.94491618237103,77.00369523843582,76.32771367034782,76.37669372558594,11993700
2025-09-23,76.44526544388592,76.78815569991193,76.15136271348376,76.7587661743164,9703700
2025-09-24,76.73917969353539,77.22902507780493,76.61181510997898,76.9253158569336,10634100
2025-09-25,77.2584109016512,77.32698895318383,76.19054412841797,76.19054412841797,12046100
2025-09-26,76.11218049884674,76.42568125527168,75.91623785455138,76.37669372558594,11547800
2025-09-29,76.50404549336827,76.54323401948932,76.00440860283082,76.52364349365234,11490300
2025-09-30,76.42567682403245,76.94491172102603,76.36689029692855,76.77836608886719,12306100
2025-10-01,76.68039527568838,76.89592844661186,76.2199468803354,76.66080474853516,10125300
2025-10-02,76.32771191307393,76.611815660478,76.17095780124654,76.35710144042969,8422100
2025-10-03,76.32771623694474,76.75877511999407,76.22974117427874,76.44527435302734,8426600
2025-10-06,76.27871859569372,76.3374976459445,75.80846377034688,75.8868408203125,10740000
2025-10-07,75.98481315746447,76.70978970340994,75.59294283197187,76.59222412109375,12084200
2025-10-08,76.53343612131837,76.54322764619803,76.08277932012038,76.21013641357422,9503000
2025-10-09,76.45507049560547,76.57263608174028,76.1121802124384,76.45507049560547,9315600
2025-10-10,76.70978998899734,77.17023837061012,76.51384735107422,76.51384735107422,20763500
2025-10-13,76.15136564933707,76.54323597164765,75.86725443354878,76.25912475585938,12692100
2025-10-14,76.33749780194556,77.52292265592227,76.21014070132632,77.48373413085938,12884100
2025-10-15,77.47394028976049,78.10094172313217,77.3563747180858,77.62089538574219,9111200
2025-10-16,77.81683746793728,78.13033821257095,76.88613423449435,77.08206939697266,13600000
2025-10-17,77.45434979529057,78.15972834479085,77.41516126760196,78.11074829101562,13983900
2025-10-20,78.27729134750784,78.38505792648725,77.91480308417285,78.04216766357422,13002500
2025-10-21,78.17933192059878,78.22831197786662,77.46415431956727,77.6796875,17471400
2025-10-22,77.79724454351961,78.62018116989985,77.3857687558824,78.12053680419922,13294700
2025-10-23,78.20871155794447,78.23810108347756,77.40536547077,77.73845672607422,10809500
2025-10-24,78.25769068334603,78.27728868310092,77.45434460567392,77.48373413085938,12735500
2025-10-27,77.68948393093162,77.71887345920958,77.26821658523623,77.6111068725586,13984700
2025-10-28,77.30740545157175,77.39557403679015,76.81756004627562,76.83715057373047,8927500
2025-10-29,76.30811172569791,76.31791072601825,74.93654318429267,75.02471923828125,19894100
2025-10-30,75.0541090488516,75.3872003165314,74.91695294163671,74.94634246826172,17364800
2025-10-31,74.64264348961589,74.93654624119016,74.27035620672861,74.7308120727539,14658200
2025-11-03,74.57406407214286,74.6328431264952,73.9274645764774,74.14299774169922,16185500
2025-11-04,74.45649242015264,74.6524275683217,74.01563459954889,74.44669342041016,18147000
2025-11-05,74.35853180872142,74.66223355915498,73.9764530019026,74.39772033691406,15782900
2025-11-06,74.16258855412694,74.38792072075829,73.63356211402233,74.06462097167969,15452200
2025-11-07,74.58385429092056,75.2892328285744,74.3389316028156,75.1520767211914,16959500
2025-11-10,74.92674936647629,75.05410646895601,74.38791648204861,74.87776184082031,16805900
2025-11-11,75.11288535602722,75.96521896922813,75.05410630492612,75.85745239257812,19801200
2025-11-12,75.91623282560701,76.15136398318556,75.73009666891623,75.74968719482422,10978200
2025-11-13,75.75948619500177,76.21014303535664,75.55375203795587,75.74968719482422,15370800
2025-11-14,75.77907892017092,76.03380061104998,75.23045448545969,75.69091033935547,13138200
2025-11-17,75.71049793863862,76.02399867127379,75.16187352513886,75.21085357666016,13887100
2025-11-18,75.41659107315557,75.80846136163878,75.08349235860886,75.53414916992188,16840000
2025-11-19,75.37741358905384,75.50477070401871,74.68183400834221,74.95614624023438,15122100
2025-11-20,75.19127046649996,75.80847299255733,75.14228293570032,75.4949722290039,21590200
2025-11-21,75.78887535042892,76.80775460494495,75.64192024627282,76.31790924072266,22216000
2025-11-24,76.21994333385865,76.34730044054776,75.3382201640377,75.43618774414062,17869400
2025-11-25,75.63212808021272,76.50405230935914,75.63212808021272,76.47466278076172,18586300
2025-11-26,76.47465286900736,77.50333108327843,76.47465286900736,77.3073959350586,13275100
2025-11-28,77.19963321840596,77.77764716664709,77.19963321840596,77.758056640625,8914300
2025-12-01,77.6502979707497,77.91481120845027,77.43476479031698,77.6796875,16939900
2025-12-02,77.44455436014965,77.44455436014965,76.58242174341152,77.17023468017578,20551000
2025-12-03,77.32699437857563,77.93440535937232,77.14085073659248,77.2290267944336,16832900
2025-12-04,77.09186638767316,77.30739954544882,76.42567638838801,76.85673522949219,14269500
2025-12-05,76.80775994549425,77.38577392773206,76.64121430394583,76.86653900146484,13343200
2025-12-08,76.71958939094289,76.72938839245684,76.1023868356308,76.22974395751953,14602000
2025-12-09,76.39629062708227,76.63141432240313,76.07299087448638,76.40608215332031,14040200
2025-12-10,76.60201916595668,76.78815531861967,76.34729748798203,76.63140869140625,13945300
2025-12-11,76.81755195935264,77.46414393956114,76.80775295943295,77.19963073730469,13753800
2025-12-12,77.32699098020349,77.84622588033969,77.1996338738607,77.80703735351562,14506900
2025-12-15,78.01277637748919,78.28709608236107,77.70907461872636,78.02257537841797,14499400
2025-12-16,78.16952811793631,78.34587275705434,77.49353908890932,77.66988372802734,13055300
2025-12-17,77.7776498273123,78.25769621297037,77.73846129948038,78.0323715209961,14268400
2025-12-18,77.71886691881633,78.19891328066957,77.53272328945715,77.58171081542969,12117100
2025-12-19,77.51313720405966,77.55232573219318,77.16044792530542,77.18003845214844,13142000
2025-12-22,76.99931437188411,77.2264467696231,76.76230435942223,76.91043090820312,10983600
2025-12-23,76.84131224357675,76.85118985952975,76.4166651705581,76.54505157470703,7638500
2025-12-24,76.58454978409081,77.21658154668927,76.58454978409081,77.14745330810547,4697100
2025-12-26,77.0684436173071,77.43384002272325,76.99931538216487,77.2560806274414,8761300
2025-12-29,77.19682690247454,77.50297270516829,77.19682690247454,77.30545806884766,9242300
2025-12-30,77.1276977050005,77.35483765034361,77.06844708204703,77.17707824707031,5610900
2025-12-31,77.0190670384307,77.14745343487797,76.70305115661219,76.71292877197266,5872000
2026-01-02,76.7425489034711,76.99931414462088,76.33765711397764,76.7228012084961,15968600
2026-01-05,76.59441626116951,76.60429387604898,75.80438036229997,76.38703155517578,23429400
2026-01-06,76.37716016915822,76.72280890841604,76.17965306193649,76.50554656982422,17108100
2026-01-07,76.59441478820374,76.72280117593034,75.64636720714438,75.66612243652344,18977200
2026-01-08,75.6562510764291,77.74986103335759,75.557497524607,77.46347045898438,26260100
2026-01-09,77.45359079937718,78.35225789197823,77.39434017673022,78.26338195800781,18234000
2026-01-12,78.5398990661852,79.27068441035374,78.2732637157498,79.18180847167969,26411200
2026-01-13,79.21143033584693,80.17923320983635,79.21143033584693,80.10022735595703,26284200
2026-01-14,80.0706064732399,81.32479245169111,80.04098115999975,81.20629119873047,32494200
2026-01-15,81.07790058289714,81.48279993457747,80.83101293950561,81.34454345703125,29123700
2026-01-16,81.12727911017299,81.25565796915905,80.70263207271108,81.08777618408203,23754200
2026-01-20,80.92976405163223,81.5321704861106,80.43598877972622,81.33466339111328,19889000
2026-01-21,81.1470305211604,81.54205226574253,80.64338514287098,81.4136734008789,23029100
2026-01-22,81.31490918238289,81.54204912545441,81.02852615136325,81.24578094482422,15777300
2026-01-23,81.35441473537604,81.9074481881135,81.28528649558548,81.87782287597656,20185600
2026-01-26,82.0160782994297,82.29259125503123,81.61117894700392,81.74943542480469,13188000
2026-01-27,81.7296807503042,82.20370076674524,81.42353497467319,82.12470245361328,13532200
2026-01-28,81.96670073264245,82.36172248401977,80.92976957707867,81.295166015625,16303200
2026-01-29,81.33466099064358,81.81855863319441,80.98901981739299,81.1075210571289,18799300
2026-01-30,81.15690807523693,82.47035217285156,81.00877397932925,82.47035217285156,18174800
2026-02-02,82.71723564242264,83.60603263855432,82.25308568141983,83.4480209350586,26041700
2026-02-03,83.07275097622815,85.26510676270124,83.01349282268232,84.80096435546875,33052500
2026-02-04,85.24536350603438,86.26253937098284,85.146609957533,85.90702056884766,33748100
2026-02-05,86.48967759409459,86.54892821513495,85.39349589837198,85.837890625,38772900
2026-02-06,85.76876554516943,86.99332614301274,85.62063145270471,86.84519958496094,29568600
2026-02-09,86.81557268531401,87.1217109455717,85.79838928734961,86.34154510498047,21853900
2026-02-10,86.24279236146678,86.73656764231647,85.73913946536449,86.06503295898438,20908100
2026-02-11,85.90701912019003,87.60560724965629,85.65026140529875,87.29946899414062,25588300
2026-02-12,87.38835048504694,88.93880462568252,87.38835048504694,88.0993881225586,35282800
2026-02-13,87.94138041734186,88.87955043595626,87.51673337499355,88.3956527709961,25649700
2026-02-17,88.51415687690418,89.01780978862107,86.55881092338961,87.10195922851562,29819300
2026-02-18,86.83531568073306,87.41796685864045,86.52917743704695,86.9439468383789,20422200
2026-02-19,86.90445338393722,87.59573579481689,86.28229921414551,86.57855987548828,18447200
2026-02-20,86.57855219446914,86.85506513428952,86.09465454978348,86.79581451416016,17909400
2026-02-23,86.58843224258189,88.05988044764062,86.58843224258189,87.86237335205078,22070900
2026-02-24,87.85249922403304,88.66229040315443,87.65499212060365,88.62278747558594,20364000
2026-02-25,88.22776431892277,88.34627309972706,87.22046605253155,87.9018783569336,15215600
2026-02-26,88.14876777560899,88.52403428743123,87.48710315413574,87.75374603271484,15925900
2026-02-27,87.87225132326449,88.93880019194977,87.8524960929778,88.8894271850586,17314200
2026-03-02,88.32652896893401,88.6721701755495,87.58586601143801,87.6056137084961,27606700
2026-03-03,87.25008862153807,87.40810032431023,86.07490860342403,86.6476821899414,36852400
2026-03-04,86.71681488075245,86.8649489761075,85.84777307410286,86.07491302490234,22736400
2026-03-05,85.26511742474518,85.36387851486708,84.00105382908363,84.3467025756836,33738500
2026-03-06,83.86278786414843,84.78121014380258,83.5665272305128,84.71208190917969,25859700
2026-03-09,84.2084369223039,85.08736389397022,83.74429446603918,84.89972686767578,20729100
2026-03-10,84.62320672106804,85.41324261876623,84.09980614942002,84.65283203125,18864900
2026-03-11,84.4849508914422,84.54420151225553,83.16162926278098,83.53689575195312,18432200
2026-03-12,82.87524023869707,83.91217132859784,82.64810783176708,83.20113372802734,17861800
2026-03-13,83.65540276638905,84.05042447712242,83.50726868306248,83.68502807617188,13103600
2026-03-16,84.14918288715148,84.39607052883463,83.76403876887882,83.92205047607422,12882500
2026-03-17,84.33682062393011,84.61333357946354,83.58628007718727,83.6455307006836,12224900
2026-03-18,82.9641224812454,82.98387017678628,81.57167261161497,81.61117553710938,19412700
2026-03-19,81.59142563307367,81.96669211349396,80.8112598281049,80.94951629638672,18581300
2026-03-20,81.08777576377604,81.28528285879435,80.05084467889813,80.27798461914062,20895800
2026-03-23,81.21646947567443,81.26612796659394,80.42198665871584,80.62060546875,21027400
2026-03-24,80.2432250036858,81.46474505555096,80.07439068421952,80.55108642578125,14830000
2026-03-25,80.86888318508385,81.0675019961382,79.9552245313186,80.94833374023438,17648200
2026-03-26,80.91854027656385,81.66337217036688,80.51136187107704,80.58087921142578,14148400
2026-03-27,80.7099809997244,81.75274868592506,80.43191163722338,81.21646881103516,25942100
2026-03-30,81.34558028093791,82.04075370791685,81.06750333332424,81.31578063964844,15855700
2026-03-31,81.43495894896394,81.70309511414041,80.5908175971745,81.41510009765625,19522700
2026-04-01,81.15688452310785,81.30585241753025,80.36239413740293,80.89867401123047,29643400
2026-04-02,81.14695414713489,81.41509788183579,80.60074861758265,81.32571411132812,20709800
2026-04-06,81.29592550728486,82.12020802041985,81.04764818960487,82.09041595458984,9796700
2026-04-07,81.89178602618996,81.97123658286196,80.54115687005444,80.70005798339844,13331200
2026-04-08,80.69012358365883,82.22944589506051,80.41205421621589,82.20957946777344,12645900
2026-04-09,81.67330059916218,83.06365503049135,81.49454063546524,82.87496185302734,11716200
2026-04-10,82.80544113275653,82.83524077284227,81.5739878646419,81.80240631103516,12097000
2026-04-13,81.57399080103262,81.70309227209756,80.51136423771057,80.9880599975586,9981200
2026-04-14,80.50142907531081,81.18667684574783,80.15384237176372,80.90860748291016,11577400
2026-04-15,80.67026865904033,80.75964485571565,79.90557028453594,80.50143432617188,10893700
2026-04-16,80.431910759668,81.23633435163708,80.31274250665169,80.86888122558594,13279000
2026-04-17,80.7596407730474,81.971235223323,80.59081402553608,81.89178466796875,12251700
2026-04-20,81.98116673240467,82.37840434727272,81.51440420043072,81.822265625,9430800
2026-04-21,81.77260898899087,81.8818516086033,81.17674497635528,81.27605438232422,8710400
2026-04-22,81.52433065548358,81.94144227819751,81.28598656880555,81.54419708251953,9138500
2026-04-23,81.79247719725785,83.08352223343167,81.79247719725785,82.9047622680664,12354400
2026-04-24,83.18283320334882,83.28214261334472,82.37840955569072,82.65648651123047,10852700
2026-04-27,82.5273786909053,82.76572279381746,81.70309617967364,81.77261352539062,11125800
2026-04-28,83.02392840881367,83.07358690002343,82.05068562640702,82.50751495361328,10170400
2026-04-29,82.18972401295974,82.66641221203562,81.9017214199745,82.34861755371094,12096900
2026-04-30,82.71606637125355,83.858143469297,82.60682375285154,83.72903442382812,15360200
2026-05-01,84.13621708690737,84.47387059589396,83.16296668562298,83.59000396728516,13320000
2026-05-04,82.96434783935547,83.7687639090674,82.56710262310455,82.96434783935547,12599100
2026-05-05,82.90476107737418,83.87800387063439,82.69620147342494,83.48075866699219,10891500
2026-05-06,83.75882478370771,83.92765910305383,83.26227019264427,83.65951538085938,11529800
2026-05-07,83.3516552911096,83.71910842202502,82.57703132896205,83.40131378173828,10116900
2026-05-08,83.94752416305823,84.21566790508908,83.58007858765478,83.59993743896484,10323400
2026-05-11,83.50062359256565,83.70917561594177,82.25923708902543,82.79551696777344,11062700
2026-05-12,83.13317358832916,84.4341442684144,82.63661896822673,83.85814666748047,16105000
2026-05-13,83.61979416714371,84.672495103584,83.56021003790407,84.13621520996094,10463200
2026-05-14,84.36462479749113,84.67249380643108,84.20573126301227,84.39442443847656,6627600
2026-05-15,84.94062928361734,85.00021341146918,83.92766122602619,84.0567626953125,12229600
2026-05-18,84.16600547469,85.34780785815067,84.096488133123,85.3080825805664,11634800
2026-05-19,85.22863659905781,86.10257002234412,84.57318842579865,85.49677276611328,12233000
2026-05-20,84.9902862837065,85.47690766521089,84.22558796452061,84.93069458007812,14035000
2026-05-21,83.97731265587977,84.1858646814636,82.86503518609932,84.07662963867188,13185200
2026-05-22,84.13621716589478,84.53346238264547,83.85814778721598,84.21566772460938,7889900
2026-05-26,84.2057288604912,84.30503826380979,82.95440916357595,83.05371856689453,9475800
2026-05-27,83.44103082528272,84.57318227276619,83.32186257162687,83.99717712402344,12224200
2026-05-28,84.27525047084896,84.36462666531797,83.78862906615477,83.84821319580078,6414300
2026-05-29,83.39138509385054,83.52048656894077,82.27910000407297,82.33869171142578,13011100
2026-06-01,81.94144798061751,82.07054945804789,81.11716546816656,81.46475219726562,20246700
2026-06-02,81.35550473213854,81.72295786779875,80.9185418316156,81.26612854003906,15723400
2026-06-03,81.22640367400115,82.1499955478192,81.08736898992721,81.59385681152344,14750300
2026-06-04,82.76571542750736,83.03385914913785,81.2760516574501,81.47467803955078,12184700
2026-06-05,82.02088710954058,83.80848674208012,81.87192678751401,82.86503601074219,17021500
2026-06-08,82.39827207664672,82.91468553023164,82.35854679916758,82.4975814819336,9544500
2026-06-09,82.60682624900217,84.00710632665215,82.46779156262052,83.5204849243164,12440600
2026-06-10,84.17594389929579,85.03001847817514,83.81842395572664,84.90090942382812,13134100
2026-06-11,85.0895972353529,85.36766660127145,84.61290148176255,84.68241882324219,18013600
2026-06-12,84.87111015270118,85.26835534258892,84.53345666623078,85.22863006591797,9363000
2026-06-15,84.88105036735045,85.17897860172404,84.54338927620682,84.89098358154297,10980200
2026-06-16,85.19884001108403,85.75497874394411,84.50365901818695,85.00021362304688,9364100
2026-06-17,84.60297531187759,84.80159412147584,82.78558365444809,83.10337829589844,18015200
2026-06-18,83.26227021569855,83.31192870554734,82.55716360541183,82.72599792480469,10446700
2026-06-22,82.66000366210938,83.13999938964844,82.1500015258789,82.18000030517578,11243600
2026-06-23,83.62000274658203,83.83999633789062,83.02999877929688,83.72000122070312,14963300
2026-06-24,84.04000091552734,84.80999755859375,83.81999969482422,84.44000244140625,11294900
2026-06-25,83.94999694824219,84.98999786376953,83.69999694824219,83.94000244140625,12076100
2026-06-26,84.6500015258789,85.22000122070312,84.44999694824219,84.70999908447266,11372100
2026-06-29,84.91000366210938,85.08000183105469,84.05000305175781,84.37000274658203,10163800
2026-06-30,83.98999786376953,84.08999633789062,82.94999694824219,83.06999969482422,12752500
2026-07-01,83.0999984741211,83.33000183105469,82.7699966430664,83.30000305175781,12210100
2026-07-02,83.75,85.13999938964844,83.75,84.98999786376953,16704700
2026-07-06,84.80000305175781,85.0999984741211,83.31999969482422,84.0999984741211,13176600
2026-07-07,85.5199966430664,85.95999908447266,84.44999694824219,84.86000061035156,13234800
2026-07-08,85.16999816894531,85.30000305175781,84.3499984741211,84.38999938964844,10998500
2026-07-09,83.55000305175781,83.83999633789062,83.11000061035156,83.19999694824219,11322100
2026-07-10,83.23999786376953,84.19000244140625,83.16999816894531,84.12000274658203,8305400
2026-07-13,84.55000305175781,85.54000091552734,84.37999725341797,84.58999633789062,8118700
2026-07-14,84.51000213623047,84.73999786376953,83.3499984741211,83.41999816894531,7871000
2026-07-15,83.0999984741211,84.22000122070312,82.97000122070312,83.47000122070312,7387500
2026-07-16,84.13999938964844,85.81999969482422,84.04000091552734,85.80999755859375,12146500
2026-07-17,86.79000091552734,87.43000030517578,84.76000213623047,85.19000244140625,15692300
2026-07-20,85.13999938964844,85.4000015258789,84.55999755859375,84.86000061035156,8570800
2026-07-21,84.43000030517578,84.5999984741211,83.91999816894531,84.05999755859375,7388000
2026-07-22,84.58000183105469,85.0199966430664,84.06999969482422,84.37999725341797,6545700
2026-07-23,83.19999694824219,83.69000244140625,82.80999755859375,83.20999908447266,10350900
2026-07-24,83.37000274658203,84.27999877929688,83.16000366210938,84.12999725341797,9634500
2026-07-27,84.41999816894531,85.7699966430664,84.37999725341797,85.36000061035156,12238200
2026-07-28,87.06999969482422,88.77999877929688,86.93000030517578,87.05999755859375,22246300
2026-07-29,86.33999633789062,87.87999725341797,86.33999633789062,87.36000061035156,14859700
2026-07-30,86.0,86.08999633789062,84.98999786376953,85.47000122070312,16600400
2026-07-31,84.8499984741211,85.43000030517578,84.33000183105469,85.05000305175781,11382900
2026-08-03,85.91999816894531,86.33999633789062,84.62999725341797,84.86000061035156,12592500
2026-08-04,84.29000091552734,85.43000030517578,83.86000061035156,85.37000274658203,13262100
2026-08-05,85.73999786376953,85.87999725341797,84.79000091552734,85.33000183105469,7739100
2026-08-06,86.30999755859375,86.41000366210938,84.69000244140625,85.11000061035156,8275700
2026-08-07,84.5,85.20999908447266,84.25,85.12000274658203,5690700
2026-08-10,84.66000366210938,85.05000305175781,84.33000183105469,84.94999694824219,6917500
2026-08-11,84.62000274658203,84.9800033569336,84.3499984741211,84.69000244140625,7358300
2026-08-12,84.08999633789062,85.12999725341797,84.01000213623047,85.08000183105469,6448300
2026-08-13,85.61000061035156,86.19999694824219,85.51000213623047,86.0,10352900
2026-08-14,86.0,86.30000305175781,85.81999969482422,86.08999633789062,6970200
2026-08-17,85.36000061035156,85.61000061035156,84.58999633789062,84.68000030517578,10513400
2026-08-18,85.76000213623047,86.19000244140625,85.12999725341797,85.58000183105469,10663000
2026-08-19,85.72000122070312,87.19000244140625,85.72000122070312,86.54000091552734,11244000
2026-08-20,85.19999694824219,86.0,85.0,85.31999969482422,11495300
2026-08-21,85.5999984741211,86.01000213623047,85.27999877929688,85.98999786376953,11194000
2026-08-24,86.44999694824219,87.47000122070312,86.44999694824219,87.44999694824219,9105200
2026-08-25,86.86000061035156,87.01000213623047,86.25,86.5199966430664,7022700
2026-08-26,86.62000274658203,86.69000244140625,86.25,86.2699966430664,7315400
2026-08-27,85.30999755859375,85.86000061035156,85.06999969482422,85.08000183105469,8492100
2026-08-31,85.3499984741211,85.3499984741211,84.9000015258789,84.9800033569336,7012600
2026-09-01,85.51000213623047,86.16000366210938,85.15229797363281,85.25,9238776
