date,open,high,low,close,volume
1998-12-22,5.877264183543095,5.877264183543095,5.7952985763549805,5.7952985763549805,15800
1998-12-23,5.789228402793701,5.789228402793701,5.758870626012289,5.7710137367248535,48200
1998-12-24,5.871193898118232,5.889408563779406,5.859050787677449,5.877265453338623,47600
1998-12-28,5.865119411195178,5.877262515566183,5.837797796938554,5.846904754638672,6200
1998-12-29,5.8711930899381395,5.959230999093559,5.8711930899381395,5.944051742553711,24000
1998-12-30,5.974410374304539,5.989589633028961,5.895480155944824,5.895480155944824,140800
1998-12-31,5.87423038482666,5.87423038482666,5.834764903041481,5.87423038482666,43200
1999-01-04,5.831727998775237,5.87726428328442,5.755833203051271,5.7801194190979,218600
1999-01-05,5.825655518314853,5.849941730499268,5.801369306130437,5.849941730499268,222400
1999-01-06,5.8681555866718105,5.9288711088248744,5.8681555866718105,5.910656452178955,82000
1999-01-07,5.9106579666747825,5.971373504385071,5.877264050355891,5.889407157897949,444600
1999-01-08,5.907618909209538,5.928869707518558,5.849939547374957,5.922798156738281,271800
1999-01-11,5.889409657416342,5.889409657416342,5.743692305067897,5.7649431228637695,258000
1999-01-12,5.75887075188343,5.8529794913844055,5.737619937093634,5.767977714538574,14200
1999-01-13,5.73154456360568,5.849940187351473,5.73154456360568,5.80743932723999,51800
1999-01-14,5.725474188336309,5.783154309486263,5.68297331949394,5.710295677185059,40000
1999-01-15,5.731549750434028,5.789229911933136,5.716371228664906,5.737621307373047,13800
1999-01-19,5.9136915675449275,5.931906223297119,5.828689840701366,5.931906223297119,24400
1999-01-20,5.937982026009006,5.971375956038362,5.88333801963469,5.907624244689941,65400
1999-01-21,5.950125929070542,5.950125929070542,5.8863749504089355,5.8863749504089355,41000
1999-01-22,5.846904481043581,5.968335519071485,5.8226182734380005,5.925834655761719,41600
1999-01-25,5.925837888556633,5.925837888556633,5.704226493835449,5.704226493835449,27200
1999-01-26,5.767974972973786,5.816547393798828,5.6799378308065585,5.816547393798828,30400
1999-01-27,5.801370944266273,5.801370944266273,5.728512287139893,5.728512287139893,15600
1999-01-28,5.743692864312066,5.816551547580295,5.737621307373047,5.737621307373047,35200
1999-01-29,5.737619248702397,5.761905467744524,5.673868294295108,5.728512287139893,79600
1999-02-01,5.761902558177553,5.761902558177553,5.682972386147723,5.716366291046143,24400
1999-02-02,5.643509036106509,5.6556521424336275,5.567614250983823,5.640472888946533,55400
1999-02-03,5.610118968073254,5.676906098645555,5.610118968073254,5.670834541320801,65000
1999-02-04,5.661725981072959,5.661725981072959,5.585831165313721,5.585831165313721,36400
1999-02-05,5.607076591628728,5.63743434052451,5.58886194229126,5.58886194229126,16200
1999-02-08,5.591897346602849,5.628326645277785,5.579754247044536,5.58886194229126,26600
1999-02-09,5.601008919165709,5.664759865400654,5.588865811201292,5.613152027130127,24400
1999-02-10,5.613148229798147,5.631362879422442,5.570647380674793,5.57368278503418,16000
1999-02-11,5.588864481133827,5.628329202047914,5.570649823522022,5.597971439361572,8800
1999-02-12,5.625293566548671,5.625293566548671,5.482611717173651,5.506897926330566,206000
1999-02-16,5.579758570676194,5.607080936431885,5.5645800550447975,5.607080936431885,118600
1999-02-17,5.591899811506531,5.682973098338885,5.56761360168457,5.56761360168457,114800
1999-02-18,5.591900397055405,5.743689224337039,5.567614184690344,5.667795181274414,28000
1999-02-19,5.637438708851233,5.66476033345037,5.585830125160064,5.607080936431885,19200
1999-02-22,5.628330460041659,5.78922700881958,5.628330460041659,5.78922700881958,13800
1999-02-23,5.7376189872568055,5.7376189872568055,5.585830125160064,5.607080936431885,30200
1999-02-24,5.6252953675233925,5.7436903044901175,5.6252953675233925,5.658688545227051,132000
1999-02-25,5.62225798138401,5.628329534279673,5.512970029262075,5.537256240844727,47200
1999-02-26,5.576724995045488,5.576724995045488,5.491723204362267,5.570653438568115,22800
1999-03-01,5.525115897170211,5.525115897170211,5.455293374542578,5.488686561584473,16800
1999-03-02,5.525113652910671,5.540292907150728,5.406718730926514,5.406718730926514,20600
1999-03-03,5.409754753112793,5.44314867154977,5.409754753112793,5.409754753112793,9400
1999-03-04,5.455291965826497,5.494756698608398,5.44011270934047,5.494756698608398,11400
1999-03-05,5.585825796823692,5.597968896382005,5.522074894720542,5.58886194229126,42000
1999-03-08,5.564584813125983,5.564584813125983,5.497797656696063,5.525119304656982,78200
1999-03-09,5.531185446499209,5.552436255126558,5.476541462944332,5.50993537902832,11600
1999-03-10,5.485649122739594,5.512970743732729,5.482612975320103,5.491720676422119,68000
1999-03-11,5.497795642324918,5.567618182431257,5.48261637811933,5.534224987030029,19200
1999-03-12,5.613152943117243,5.619224498090244,5.567615910241433,5.594938278198242,15600
1999-03-15,5.619225139532786,5.634403658119631,5.585831212791013,5.610117435455322,31800
1999-03-16,5.591897346602849,5.619219691187041,5.558504193395479,5.58886194229126,20200
1999-03-17,5.601007916827369,5.613151022618695,5.537256240844727,5.537256240844727,24200
1999-03-18,5.525115074838461,5.619224548339844,5.525115074838461,5.619224548339844,27600
1999-03-19,5.592018803319954,5.622576283119517,5.515625476837158,5.515625476837158,102000
1999-03-22,5.515622051217324,5.579792345925672,5.515622051217324,5.533956527709961,76800
1999-03-23,5.4850628974372215,5.4850628974372215,5.326164150211642,5.359776973724365,68800
1999-03-24,5.396446536442828,5.457561446255318,5.32922013564909,5.433115482330322,47400
1999-03-25,5.4361707279385385,5.4361707279385385,5.384222689923529,5.414780139923096,15200
1999-03-26,5.332277080992029,5.3567230487076785,5.31088648622497,5.3445000648498535,24600
1999-03-29,5.356722114867519,5.387279569184984,5.316997051239014,5.316997051239014,29000
1999-03-30,5.268104237930797,5.295606315204873,5.231435298919678,5.231435298919678,23000
1999-03-31,5.268105896630388,5.277273507285391,5.219213962554932,5.219213962554932,41000
1999-04-01,5.240604514999268,5.329220771789551,5.240604514999268,5.329220771789551,22400
1999-04-05,5.344497459667586,5.39338937126646,5.3169953863775365,5.3719987869262695,16800
1999-04-06,5.378112897443008,5.402558865158658,5.338388572920941,5.3445000648498535,77800
1999-04-07,5.3903341799234425,5.427003119922922,5.36588821992379,5.414780139923096,58200
1999-04-08,5.433115176704315,5.579790952003419,5.433115176704315,5.558401107788086,89800
1999-04-09,5.567566764975175,5.567566764975175,5.506451871836041,5.518674850463867,34600
1999-04-12,5.524789922622614,5.607295454881266,5.506455442790902,5.598127841949463,19000
1999-04-13,5.59812636592412,5.604237857589975,5.506453990936279,5.506453990936279,26000
1999-04-14,5.524789655530775,5.524789655530775,5.423950394347304,5.427005767822266,53200
1999-04-15,5.442283184470917,5.503398095323867,5.442283184470917,5.4820075035095215,35000
1999-04-16,5.512563888398395,5.555344317687518,5.509508516464913,5.543121337890625,5600
1999-04-19,5.598127841949463,5.695911734385262,5.588960975049554,5.598127841949463,23800
1999-04-20,5.604238719713611,5.659242153167725,5.604238719713611,5.659242153167725,20600
1999-04-21,5.6836891541052434,5.760083198547363,5.643964817979621,5.760083198547363,39200
1999-04-22,5.747859348937501,5.747859348937501,5.668409942571759,5.741747856140137,26400
1999-04-23,5.77536124390916,5.77536124390916,5.732580790250573,5.738692283630371,12200
1999-04-26,5.738694034756124,5.778419126862622,5.708136558532715,5.708136558532715,12200
1999-04-27,5.680632928166489,5.744803229522901,5.680632928166489,5.741747856140137,17400
1999-04-28,5.766191383018185,5.778414363431545,5.717299461364746,5.717299461364746,17400
1999-04-29,5.8150818749271815,5.8334163410393565,5.796747408815007,5.799802780151367,27400
1999-04-30,5.775358378157347,5.78758135885186,5.671463042253987,5.7234110832214355,65000
1999-05-03,5.741747845406902,5.827308744410067,5.741747845406902,5.808974266052246,8800
1999-05-04,5.8425879906716265,5.8425879906716265,5.74480409124616,5.760083198547363,100400
1999-05-05,5.77230537899295,5.805918216705322,5.7478594075541904,5.805918216705322,1254200
1999-05-06,5.763136117689071,5.7814705910221225,5.68368673324585,5.68368673324585,33400
1999-05-07,5.753968238830566,5.787581060994829,5.753968238830566,5.753968238830566,12200
1999-05-10,5.75397139009582,5.75397139009582,5.735636909956425,5.738692283630371,8200
1999-05-11,5.723414236262813,5.763138572388435,5.680633780264172,5.760083198547363,31200
1999-05-12,5.747861138473187,5.775362491607666,5.717303664972618,5.775362491607666,23600
1999-05-13,5.753971719376457,5.867033980356944,5.753971719376457,5.851755619049072,20600
1999-05-14,5.799806664699184,5.799806664699184,5.741747856140137,5.741747856140137,31200
1999-05-17,5.778415665859134,5.86397654803767,5.735635224769866,5.860920429229736,20400
1999-05-18,5.8517522325241025,5.8517522325241025,5.7234109384774445,5.732577800750732,21600
1999-05-19,5.790640681753688,5.857867112778611,5.790640681753688,5.851755619049072,62200
1999-05-20,5.845644346133246,5.888424803856007,5.805919262374694,5.839532852172852,56400
1999-05-21,5.805915235449307,5.821194332768851,5.784525394439697,5.784525394439697,14000
1999-05-24,5.8517512630970945,5.8731411022122435,5.808970838835402,5.842583656311035,21800
1999-05-25,5.867030702788254,5.934257096257703,5.842584741526637,5.848696231842041,41800
1999-05-26,5.8395328643391,5.894536310097245,5.812030768444037,5.8792572021484375,29800
1999-05-27,5.854807502480622,5.854807502480622,5.775358131361365,5.778414249420166,17800
1999-05-28,5.793694773654922,5.808973877613997,5.790639400482178,5.790639400482178,6200
1999-06-01,5.772301188396517,5.787579536437988,5.720353163786649,5.787579536437988,10800
1999-06-02,5.80897011893361,5.8150816073564595,5.750910605900894,5.787579536437988,120000
1999-06-03,5.787581212485015,5.787581212485015,5.711187958092048,5.732577800750732,16400
1999-06-04,5.78147013247514,5.81813907623291,5.775358641848845,5.81813907623291,26800
1999-06-07,5.854810019334157,5.882312109559885,5.8334201678535464,5.867033004760742,21800
1999-06-08,5.900646587699763,5.91898106583964,5.867033004760742,5.867033004760742,8600
1999-06-09,5.8914798065750285,5.922037274451455,5.885368312999743,5.912870407104492,10000
1999-06-10,5.867031851316715,5.867031851316715,5.8120284277106204,5.86397647857666,9600
1999-06-11,5.867032574456486,5.8731440667215455,5.8181406363360155,5.824252128601074,14600
1999-06-14,5.897588118956111,5.992316591291894,5.894532746832518,5.986205101013184,159200
1999-06-15,5.998430599900171,6.025931944684535,5.989262987617489,5.992319107055664,87000
1999-06-16,6.007597396349666,6.062600831311158,6.007597396349666,6.05037784576416,249800
1999-06-17,6.004542699211289,6.032044046773324,5.9892635925408895,5.998431205749512,8000
1999-06-18,6.056747485229991,6.075194431885514,6.010630493895275,6.019853591918945,137000
1999-06-21,5.986033294315437,6.016778198881495,5.949139408836167,5.973735332489014,117200
1999-06-22,5.958364177341304,5.992183957160774,5.952215194702148,5.952215194702148,22000
1999-06-23,5.973737035031066,5.973737035031066,5.921470307068504,5.933768272399902,17400
1999-06-24,5.887650034770491,5.887650034770491,5.83845818382978,5.869203090667725,10200
1999-06-25,5.847682112952765,5.90917193538129,5.838459014892578,5.838459014892578,36400
1999-06-28,5.890724272570078,5.933767143037708,5.890724272570078,5.8999481201171875,19800
1999-06-29,5.89072527786096,5.91532120803992,5.859980365137259,5.9030232429504395,7800
1999-06-30,5.942991777572251,6.084418370693997,5.909171999565129,6.029077529907227,52200
1999-07-01,6.0598202837486514,6.0598202837486514,5.995255617182721,6.007553577423096,57000
1999-07-02,5.989107368739612,6.010629177093506,5.9706604261254235,6.010629177093506,15200
1999-07-06,5.99218225479126,6.0382992361790455,5.961437350330063,5.99218225479126,22800
1999-07-07,6.01370372599902,6.047523498535156,6.010629610645592,6.047523498535156,15400
1999-07-08,6.05674264113855,6.05674264113855,5.998327732086182,5.998327732086182,9800
1999-07-09,6.0044767093868305,6.0106256866874785,5.884571276720399,5.998327732086182,62600
1999-07-12,6.01985231403409,6.01985231403409,5.955288389749379,5.973735332489014,14400
1999-07-13,5.998331665670397,6.001405781032873,5.9460649490356445,5.9460649490356445,2000
1999-07-14,5.955290651673756,5.9829607009887695,5.952215784745251,5.9829607009887695,26000
1999-07-15,6.0106266474551955,6.075190544128418,6.0106266474551955,6.075190544128418,14400
1999-07-16,6.105937225662408,6.148980086266272,6.105937225662408,6.1459059715271,3000
1999-07-19,6.14898084390043,6.14898084390043,6.087491035461426,6.087491035461426,11600
1999-07-20,6.102865361555616,6.145908238032956,6.09671637920171,6.115163326263428,10200
1999-07-21,6.099788554832169,6.182800165509368,6.099788554832169,6.152055263519287,29600
1999-07-22,6.08748908515449,6.142829895019531,6.08748908515449,6.142829895019531,8200
1999-07-23,6.121309774354983,6.139756713779547,6.10286283493042,6.10286283493042,6800
1999-07-26,6.084417209945295,6.1582049835841985,6.084417209945295,6.112087249755859,49200
1999-07-27,6.145906502518424,6.179725520610809,6.118235714435578,6.148980617523193,10800
1999-07-28,6.155128495248859,6.170501319342118,6.133607442247719,6.13668155670166,5200
1999-07-29,6.065971255758935,6.10286514859495,6.019853514409831,6.035226345062256,31800
1999-07-30,6.065970442479938,6.087491501778149,6.010629610645592,6.047523498535156,10200
1999-08-02,6.056744606893274,6.161277254931026,6.056744606893274,6.139756202697754,94400
1999-08-03,6.164353336428899,6.192023373419239,6.099788665771484,6.099788665771484,117200
1999-08-04,6.112086239466282,6.130533179826844,6.007553577423096,6.007553577423096,15400
1999-08-05,6.010628389079226,6.062894344329834,5.967585528622523,6.062894344329834,26200
1999-08-06,6.05059322271716,6.081338106978935,6.038295269012451,6.038295269012451,5200
1999-08-09,6.07519230446032,6.099788224721294,6.059820229601172,6.062894344329834,17400
1999-08-10,6.07212073146979,6.07212073146979,5.949141078686687,5.952215194702148,32200
1999-08-11,5.56790045882197,5.9921799792667505,5.56790045882197,5.92146635055542,23400
1999-08-12,5.90916969134066,5.949138436044937,5.890722751617432,5.890722751617432,47200
1999-08-13,5.912245215162735,5.992181962867534,5.912245215162735,5.967586040496826,24000
1999-08-16,5.949137129366555,5.973733043595238,5.92146635055542,5.92146635055542,5000
1999-08-17,6.004478469597254,6.004478469597254,5.955286636771502,5.986031532287598,60000
1999-08-18,5.99218246277137,5.99218246277137,5.936841632820415,5.949139595031738,53200
1999-08-19,5.887648269990786,5.903020343498052,5.823083609679849,5.881499290466309,14800
1999-08-20,5.899946780006969,5.915318854949759,5.866127014160156,5.866127014160156,25800
1999-08-23,5.872277018720949,5.9060967904678705,5.8292341505209,5.893798828125,16200
1999-08-24,5.872274235701461,5.890721170473298,5.853827300929624,5.87842321395874,4600
1999-08-25,5.9306956421709724,5.989110616825531,5.9183976737586,5.961440563201904,77800
1999-08-26,5.97988135345552,5.99217930919465,5.942987486238132,5.964508533477783,15400
1999-08-27,5.915317398876481,5.927615356046703,5.884572505950928,5.884572505950928,25600
1999-08-30,5.869200172309829,5.893796085550294,5.80156141089855,5.804635524749756,49400
1999-08-31,5.80463662023107,5.80463662023107,5.687806010289979,5.758519649505615,40200
1999-09-01,5.718552361143397,5.789266018332521,5.693956437009446,5.7800421714782715,47600
1999-09-02,5.712403151852671,5.712403151852671,5.669360286338173,5.7001051902771,304400
1999-09-03,5.780040343217883,5.81693421774906,5.776966228977518,5.807711124420166,33600
1999-09-07,5.832308256687732,5.838457237058194,5.7677435874938965,5.7677435874938965,40800
1999-09-08,5.743148335836468,5.752372182771918,5.678584409720486,5.6847333908081055,12400
1999-09-09,5.663209248205711,5.706252098083496,5.6355392200167165,5.706252098083496,113400
1999-09-10,5.733925986130229,5.743149083658587,5.706255192328874,5.727777004241943,23800
1999-09-13,5.730850323210372,5.7800421714782715,5.712403380109909,5.7800421714782715,14200
1999-09-14,5.743146172805539,5.807710825212694,5.736997194033799,5.783114910125732,11000
1999-09-15,5.853828107410458,5.866126065619304,5.78926420211792,5.78926420211792,10800
1999-09-16,5.687806010289979,5.758519649505615,5.687806010289979,5.758519649505615,6000
1999-09-17,5.784144481999736,5.86159648870733,5.784144481999736,5.833714008331299,21200
1999-09-20,5.836812574285776,5.855401149363119,5.530101463695141,5.802733898162842,23800
1999-09-21,5.7872484586971655,5.796543133122926,5.725286483764648,5.725286483764648,20600
1999-09-22,5.750065054461313,5.867792679498775,5.750065054461313,5.833714008331299,29400
1999-09-23,5.815127259268828,5.849205941121551,5.774851628310683,5.781047821044922,34800
1999-09-24,5.7252854596477984,5.7252854596477984,5.657127299413896,5.6974029541015625,56000
1999-09-27,5.743870664639489,5.796538681066111,5.743870664639489,5.781047821044922,24200
1999-09-28,5.7469696021839525,5.7469696021839525,5.709792442783424,5.715988636016846,1800
1999-09-29,5.861598649958928,5.898775808415327,5.790342807769775,5.790342807769775,19000
1999-09-30,5.824422506070212,5.904973030090332,5.815128593022799,5.904973030090332,17000
1999-10-01,5.86779422070943,5.880186605547253,5.8027345784964295,5.864696502685547,26200
1999-10-04,5.904975274496415,5.96074104309082,5.895681357916503,5.96074104309082,36600
1999-10-05,5.960736408134731,5.982423457243826,5.790341514777946,5.802733898162842,26600
1999-10-06,5.8585034269413985,5.904974516619895,5.83991483979569,5.889484405517578,46800
1999-10-07,5.877088495428806,5.877088495428806,5.7934395251686315,5.8058319091796875,17800
1999-10-08,5.81822500693596,5.90497170565492,5.81822500693596,5.84920597076416,6400
1999-10-11,5.8275211795001045,5.836815092863559,5.808932596401813,5.81203031539917,21400
1999-10-12,5.771757310720365,5.771757310720365,5.688108281338398,5.6974029541015625,28400
1999-10-13,5.675712916357764,5.765558095075245,5.660222811693059,5.750067234039307,13200
1999-10-14,5.731481415811902,5.82132663781313,5.719089023561498,5.787247180938721,23400
1999-10-15,5.666420315608105,5.709793677622273,5.613752283548054,5.6509294509887695,25800
1999-10-18,5.638540115397954,5.694305896759033,5.604461404974315,5.694305896759033,11800
1999-10-19,5.740775841262723,5.743873561006286,5.613753447973781,5.626145839691162,13000
1999-10-20,5.6323390141029455,5.638535206637712,5.567279370673474,5.635437488555908,33800
1999-10-21,5.588968070700653,5.588968070700653,5.505319813681895,5.5486931800842285,13800
1999-10-22,5.582770930112596,5.61685037612915,5.548692240467398,5.61685037612915,8800
1999-10-25,5.576572155566177,5.604455394529512,5.542493481689887,5.5548858642578125,220400
1999-10-26,5.660222488014045,5.660222488014045,5.588965892791748,5.588965892791748,16200
1999-10-27,5.6447343462929105,5.7438734786098005,5.6447343462929105,5.734579563140869,109600
1999-10-28,5.839914995624895,5.970035109116907,5.839914995624895,5.948348045349121,39400
1999-10-29,5.976229254687785,6.022700329663111,5.935953617095947,5.935953617095947,55400
1999-11-01,5.948348257386327,5.9917216300964355,5.942152061284882,5.9917216300964355,51800
1999-11-02,5.951444479668595,6.025798804726164,5.92975742334115,5.935953617095947,176600
1999-11-03,5.9080701446219495,5.9080701446219495,5.849205935517485,5.867794513702393,8800
1999-11-04,5.904973498322149,5.904973498322149,5.81203057862138,5.836815357208252,21400
1999-11-05,5.917368813564903,5.9297612089859815,5.864701511211216,5.886387825012207,153600
1999-11-08,5.886382039122004,5.923559188842773,5.873989655881746,5.923559188842773,30800
1999-11-09,5.883287195244344,5.883287195244344,5.827521443423883,5.836815357208252,7800
1999-11-10,5.818225141307516,5.867794684577442,5.818225141307516,5.861598491668701,46600
1999-11-11,5.855403290320807,5.870894153401503,5.830618514488762,5.843010902404785,11400
1999-11-12,5.892579456212404,5.892579456212404,5.82751980885623,5.861598491668701,7600
1999-11-15,5.839910199122744,5.849204107124439,5.812026962375767,5.833714008331299,29600
1999-11-16,5.855405913322028,5.855405913322028,5.821327209472656,5.821327209472656,14600
1999-11-17,5.833715540590988,5.908069849617929,5.833715540590988,5.864696502685547,27000
1999-11-18,5.870896783342049,5.880190700256724,5.821327209472656,5.821327209472656,21400
1999-11-19,5.774852807471093,5.824422359466553,5.774852807471093,5.824422359466553,26200
1999-11-22,5.790342229375504,5.80583233233276,5.7469688821755796,5.759361267089844,70600
1999-11-23,5.725285273012908,5.737677665378737,5.6974027683755954,5.70050048828125,64800
1999-11-24,5.691204574302633,5.691204574302633,5.66022360426389,5.669517517089844,37600
1999-11-26,5.700500108221161,5.762462065919217,5.700500108221161,5.734579563140869,5000
1999-11-29,5.68190990510534,5.688106099113089,5.650928935066598,5.669517517089844,52200
1999-11-30,5.719088047414991,5.812030973429319,5.7128918523473695,5.740775108337402,41400
1999-12-01,5.731479565900071,5.784147594150776,5.731479565900071,5.7686567306518555,9600
1999-12-02,5.762462065919217,5.777952933529508,5.734579563140869,5.734579563140869,35400
1999-12-03,5.827522709628339,5.91736717334145,5.827522709628339,5.846111297607422,25800
1999-12-06,5.877088495428806,5.877088495428806,5.790341807351415,5.8058319091796875,19800
1999-12-07,5.7934402358734,5.886383127358,5.7934402358734,5.84920597076416,219000
1999-12-08,5.818223999208433,5.849204957670671,5.793439232438642,5.802733898162842,20000
1999-12-09,5.833716601729099,5.861599094500384,5.787244771948583,5.808931827545166,16600
1999-12-10,5.808932556738697,5.8151287510624865,5.765559196472168,5.765559196472168,16000
1999-12-13,5.750069271620884,5.781050248299876,5.712892099606094,5.7624616622924805,27800
1999-12-14,5.771753652004108,5.8089308067469005,5.750066600218571,5.759361267089844,20400
1999-12-15,5.762460681241547,5.8089325165340195,5.7407743794440655,5.7841477394104,25800
1999-12-16,5.719090286271396,5.7314826812579,5.694305496298389,5.725286483764648,22400
1999-12-17,5.774272455194946,5.799215316772461,5.724386732039913,5.799215316772461,948200
1999-12-20,5.774271447456863,5.774271447456863,5.665146827697754,5.665146827697754,373600
1999-12-21,5.711911984658262,5.805447661262928,5.680733425790041,5.739973068237305,555000
1999-12-22,5.768033816663787,5.783623477847036,5.711912406555707,5.72438383102417,169200
1999-12-23,5.73373855854154,5.7773885501082685,5.708795706217695,5.752445697784424,595000
1999-12-27,5.761799442741546,5.761799442741546,5.552903414971512,5.599670886993408,1824600
1999-12-28,5.605904748108213,5.662026152705514,5.605904748108213,5.64955472946167,198400
1999-12-29,5.64955612142911,5.64955612142911,5.565374374389648,5.565374374389648,55800
1999-12-30,5.565374374389648,5.599670416162628,5.565374374389648,5.565374374389648,13600
1999-12-31,5.60902583992166,5.621497269514376,5.587200457536581,5.615261554718018,76200
2000-01-03,5.774273066823591,5.774273066823591,5.431308683804911,5.478076934814453,353400
2000-01-04,5.481194301390312,5.481194301390312,5.312829971313477,5.312829971313477,187000
2000-01-05,5.431305936515756,5.471838450968062,5.359595618755337,5.446895599365234,546800
2000-01-06,5.43754243850708,5.43754243850708,5.375185300450807,5.43754243850708,69000
2000-01-07,5.446895870877249,5.484310150146484,5.421953018031092,5.484310150146484,92400
2000-01-10,5.48119252310656,5.518606806540735,5.471839332845789,5.503017902374268,31000
2000-01-11,5.478078202722827,5.478078202722827,5.403249592745026,5.44378137588501,51400
2000-01-12,5.359598254782348,5.431308607812281,5.359598254782348,5.387658596038818,73400
2000-01-13,5.437542358291483,5.437542358291483,5.3346534626142335,5.337770938873291,279200
2000-01-14,5.344007752861651,5.38142204284668,5.319064892871632,5.38142204284668,91400
2000-01-18,5.375185155938599,5.443778005956377,5.359596252441406,5.359596252441406,92000
2000-01-19,5.344007622918417,5.39701157970622,5.344007622918417,5.362714767456055,52000
2000-01-20,5.372069686717623,5.418837175877006,5.359598254782348,5.387658596038818,225000
2000-01-21,5.49989873090667,5.568491572221833,5.462484453825673,5.562255859375,402200
2000-01-24,5.57472963549874,5.57472963549874,5.487429618835449,5.487429618835449,128600
2000-01-25,5.4188351514044575,5.481192287784256,5.312828019558801,5.359596252441406,113800
2000-01-26,5.3471238488575,5.378302411354641,5.319062762012385,5.334652423858643,62800
2000-01-27,5.350242576599121,5.3751854324340815,5.300356864929199,5.300356864929199,37400
2000-01-28,5.294120567696574,5.312827707511756,5.2348816722128975,5.272295951843262,56800
2000-01-31,5.241117247823289,5.515488624572754,5.234881534715347,5.515488624572754,829600
2000-02-01,5.50613747805289,5.50613747805289,5.45001603150422,5.474958896636963,46400
2000-02-02,5.4874273526221184,5.49678130257089,5.446895599365234,5.446895599365234,29000
2000-02-03,5.453132103618915,5.509253527869562,5.4250710108958256,5.43754243850708,192200
2000-02-04,5.487428526429909,5.487428526429909,5.409482479095459,5.409482479095459,38600
2000-02-07,5.384539098363785,5.412599429091967,5.368949433696064,5.393892288208008,46000
2000-02-08,5.459366468417688,5.487426793011553,5.406362533569336,5.406362533569336,65200
2000-02-09,5.418833958098908,5.437541094893265,5.381419684510193,5.406362533569336,32600
2000-02-10,5.344007160018847,5.397011112215431,5.325300017101628,5.328418254852295,166400
2000-02-11,5.331536999375435,5.331536999375435,5.20994092209283,5.234883785247803,185000
2000-02-14,5.234882240305719,5.272296523996306,5.213056860888435,5.24111795425415,23200
2000-02-15,5.2317642317314,5.250471374395517,5.2068213748459105,5.228646755218506,52200
2000-02-16,5.216173960618893,5.241116810971655,5.1787596850897515,5.206820011138916,308000
2000-02-17,5.203706939239195,5.203706939239195,5.163174392516355,5.17564582824707,21400
2000-02-18,5.125757276991336,5.125757276991336,4.9823358446667605,4.985454082489014,29800
2000-02-22,5.001042374927939,5.004160612367923,4.941803475523435,4.9667463302612305,64000
2000-02-23,4.976101105029766,4.976101105029766,4.842033598712685,4.863858222961426,103800
2000-02-24,4.898153715058554,5.0883426109738945,4.664314060059404,4.701728343963623,209400
2000-02-25,4.717318471354549,4.776557379404704,4.676785945892334,4.676785945892334,14800
2000-02-28,4.6923767818327695,4.8545054016761,4.664315678569668,4.810855388641357,391000
2000-02-29,4.817091082470686,4.851387140526888,4.795265695456526,4.845151424407959,18200
2000-03-01,5.019750380486654,5.072754336530611,5.016632903705294,5.057164669036865,92200
2000-03-02,5.107052698731422,5.21305989760619,5.107052698731422,5.188117027282715,211200
2000-03-03,5.291005227346491,5.309712374712721,5.234883785247803,5.234883785247803,91200
2000-03-06,5.1694050115697525,5.1694050115697525,5.088340759277344,5.088340759277344,158400
2000-03-07,5.169405470891303,5.19746655669888,4.997923764095114,5.029102325439453,163800
2000-03-08,4.972983723858516,5.1725266291680345,4.972983723858516,5.063401222229004,49800
2000-03-09,5.016632383118421,5.122639523010094,5.016632383118421,5.1039323806762695,313400
2000-03-10,5.097696666564994,5.160053807677743,5.063399858355197,5.1039323806762695,45200
2000-03-13,5.019748782995412,5.138227325699652,5.019748782995412,5.11952018737793,372400
2000-03-14,5.072753677389414,5.113285437454388,5.038456870077006,5.0852251052856445,340000
2000-03-15,5.038457912352027,5.178761885806218,5.032222197113968,5.11328649520874,427000
2000-03-16,5.206822800524359,5.406365710245052,5.197469607229097,5.312829971313477,106000
2000-03-17,5.358718186366773,5.446669012403274,5.339871580787523,5.35557746887207,125600
2000-03-20,5.377560641375251,5.390125035397156,5.3021742772438225,5.333585262298584,122600
2000-03-21,5.289607582776437,5.346147331285924,5.267620286235235,5.2990312576293945,179400
2000-03-22,5.251918660784231,5.289611856914261,5.157685670459155,5.17653226852417,97000
2000-03-23,5.214224908687619,5.283329094224443,5.167108801983854,5.264482498168945,14200
2000-03-24,5.305317078108256,5.305317078108256,5.201660418223185,5.214224815368652,48600
2000-03-27,5.245634793276879,5.295892372134621,5.245634793276879,5.286469459533691,66000
2000-03-28,5.295892799790637,5.299034282157825,5.242494501377142,5.261341094970703,35200
2000-03-29,5.327307177068024,5.386988478170821,5.302178369629023,5.35557746887207,25800
2000-03-30,5.352431907232598,5.399548768724102,5.336726797981936,5.343008995056152,67200
2000-03-31,5.383844033863844,5.390126232269752,5.29589325618112,5.374421119689941,118800
2000-04-03,5.3555730216308355,5.421535702947955,5.3115976451295195,5.408971309661865,161800
2000-04-04,5.537757371844494,5.641413245141028,5.434100731678162,5.484358310699463,129000
2000-04-05,5.616285363513497,5.657120036504204,5.556604862213135,5.556604862213135,22000
2000-04-06,5.606862361869399,5.6288496724675205,5.55974549122071,5.591156482696533,258400
2000-04-07,5.613143603727997,5.613143603727997,5.531475039806554,5.575450420379639,339400
2000-04-10,5.5377560241912915,5.628847480564732,5.52833234698322,5.56288480758667,53200
2000-04-11,5.610001103679812,5.732504310767214,5.610001103679812,5.707375526428223,56600
2000-04-12,5.760774400995588,5.829878565020618,5.735645614077397,5.757633686065674,152000
2000-04-13,5.760775010330241,5.773339405118311,5.719941110703912,5.763916492462158,50000
2000-04-14,5.770196717434316,5.776478912680913,5.500062321830636,5.553460597991943,276600
2000-04-17,5.562885192637843,5.562885192637843,5.226787308025867,5.468652248382568,235600
2000-04-18,5.4780761133218006,5.54718028447609,5.4780761133218006,5.484358310699463,95200
2000-04-19,5.50634886021303,5.534618377685547,5.484360776072057,5.534618377685547,14400
2000-04-20,5.575448664789802,5.578589378978332,5.553460597991943,5.553460597991943,16000
2000-04-24,5.584871462263199,5.719939040792064,5.584871462263199,5.704233169555664,33400
2000-04-25,5.748209754413462,5.892700272830412,5.707375860904383,5.87385368347168,36600
2000-04-26,5.876993941977028,5.905263436696664,5.8393007711044955,5.861288070678711,46800
2000-04-27,5.804748353205229,5.848723719517389,5.7293620109558105,5.7293620109558105,22200
2000-04-28,5.729365615426848,5.7607766111254595,5.691672420588513,5.726224899291992,19400
2000-05-01,5.675967306174213,5.74507149671116,5.675967306174213,5.726224899291992,55000
2000-05-02,5.688530708778006,5.716800216523678,5.503205483159057,5.518911361694336,48400
2000-05-03,5.528334669205748,5.729365020813229,5.500065159445912,5.5377583503723145,367200
2000-05-04,5.465511219068007,5.550321259350477,5.443523913690528,5.5283331871032715,56000
2000-05-05,5.493779860242792,5.540895938873291,5.4906383793370255,5.540895938873291,29800
2000-05-08,5.478077123830984,5.6414142857800735,5.478077123830984,5.578592300415039,64600
2000-05-09,5.547176157956743,5.584869314182949,5.528329579843639,5.5597405433654785,20600
2000-05-10,5.584870667256696,5.701091643879534,5.572306278803925,5.666539192199707,76400
2000-05-11,5.68224860740077,5.760775700803384,5.68224860740077,5.751352787017822,95800
2000-05-12,5.7387875727428295,5.7387875727428295,5.6414131319086245,5.66025972366333,24000
2000-05-15,5.63512839746842,5.801606933113743,5.63512839746842,5.770195960998535,1838600
2000-05-16,5.754491460551503,5.792184636057299,5.697951697292809,5.745068550109863,1812800
2000-05-17,5.697953655036369,5.697953655036369,5.631990958672103,5.6571197509765625,13200
2000-05-18,5.704233169555664,5.760772925641568,5.6759636749474724,5.704233169555664,24000
2000-05-19,5.5911570901153596,5.628850283981306,5.531476583262608,5.597439289093018,14800
2000-05-22,5.635131359100342,5.644555039122386,5.575450864150141,5.635131359100342,29600
2000-05-23,5.62256557453314,5.62256557453314,5.5314741134643555,5.5314741134643555,30200
2000-05-24,5.59429664229527,5.663400807199778,5.588014445485769,5.625707626342773,29400
2000-05-25,5.641412163051128,5.641412163051128,5.5314741134643555,5.5314741134643555,50000
2000-05-26,5.622563768335865,5.672821321572386,5.572306215099343,5.6414103507995605,229200
2000-05-30,5.685388830906244,5.685388830906244,5.61628465727092,5.682248115539551,56800
2000-05-31,5.653976136497015,5.723080289276423,5.653976136497015,5.713657379150391,18600
2000-06-01,5.694810380880921,5.754490852355957,5.682245990373594,5.754490852355957,13600
2000-06-02,5.7325031497065435,5.7670548377397415,5.707374370457133,5.7356438636779785,101600
2000-06-05,5.660260447472201,5.660260447472201,5.603720664978027,5.603720664978027,33600
2000-06-06,5.641410941492689,5.751349734143602,5.641410941492689,5.7356438636779785,92400
2000-06-07,5.69167023697056,5.776480276254318,5.69167023697056,5.757633686065674,64800
2000-06-08,5.754492126679989,5.801608984951197,5.7293633401006,5.792185306549072,16200
2000-06-09,5.795327213067367,5.873854293448644,5.795327213067367,5.864431381225586,268600
2000-06-12,5.886416711514152,5.886416711514152,5.823594761551354,5.839300632476807,89600
2000-06-13,5.873855441238833,5.9837942954991155,5.873855441238833,5.964947700500488,62400
2000-06-14,5.99949887771654,5.99949887771654,5.902125195596901,5.939818382263184,75600
2000-06-15,5.939815802363444,6.012060661993394,5.90840482711792,5.90840482711792,454200
2000-06-16,5.905699462312015,5.975327215886969,5.842401504516602,5.842401504516602,472000
2000-06-19,5.924684967821849,5.978488583036121,5.90886087508095,5.937344551086426,183600
2000-06-20,5.889870712149692,5.902530293720481,5.832902595081138,5.8740458488464355,480400
2000-06-21,5.836072015198934,5.943678549101734,5.836072015198934,5.893040180206299,351600
2000-06-22,5.864554701339944,5.883544083903355,5.855059623718262,5.855059623718262,30800
2000-06-23,5.86771605806104,5.918354384344199,5.86771605806104,5.8740458488464355,78400
2000-06-26,5.918357565596296,5.9246873597841,5.855059623718262,5.855059623718262,28600
2000-06-27,5.8360695150163435,5.867718482017517,5.696814060211182,5.696814060211182,6972600
2000-06-28,5.693651037758288,5.744289398193359,5.592374316888147,5.744289398193359,3541000
2000-06-29,5.643009666109943,5.677823133991921,5.595535842194937,5.652503967285156,23000
2000-06-30,5.639845475691174,5.715802990515297,5.500590031846947,5.5195794105529785,8087800
2000-07-03,5.652504594926048,5.696813141582803,5.633515217787439,5.6841535568237305,510200
2000-07-05,5.5164143102602425,5.836068431273202,5.5164143102602425,5.7347917556762695,4350000
2000-07-06,5.7379563059083765,5.798088938030676,5.734791023860036,5.7411208152771,732800
2000-07-07,5.722132903694255,5.820245082077593,5.722132903694255,5.801255702972412,76000
2000-07-10,5.848728764395456,5.877213219393132,5.791760627079915,5.801255702972412,136200
2000-07-11,5.798091567035288,5.798091567035288,5.747453212738037,5.747453212738037,13600
2000-07-12,5.779101629006235,5.798091010043495,5.763277531148464,5.772771835327148,12200
2000-07-13,5.785429920171546,5.798089504241943,5.741121375925156,5.798089504241943,10400
2000-07-14,5.785432279058322,5.785432279058322,5.674661259617669,5.718969821929932,124000
2000-07-17,5.687320309000046,5.722133789743697,5.649341544908826,5.67149543762207,298400
2000-07-18,5.684154584456272,5.722133345599632,5.636681519367008,5.649341106414795,344600
2000-07-19,5.734793482628881,5.74428856016526,5.662001236463079,5.706309795379639,342000
2000-07-20,5.68732024215361,5.6936500360944144,5.5702186679087475,5.614527225494385,185200
2000-07-21,5.662001132939233,5.722133789743697,5.617692574832811,5.67149543762207,23600
2000-07-24,5.646174175608465,5.696812509021994,5.62402029107987,5.652503967285156,174800
2000-07-25,5.734793262146216,5.7411230560337945,5.687320194329335,5.699979782104492,266200
2000-07-26,5.728463661510314,5.728463661510314,5.646176338195801,5.646176338195801,9800
2000-07-27,5.684153696052842,5.684153696052842,5.617691260779629,5.624021053314209,8800
2000-07-28,5.658834412035828,5.658834412035828,5.589206695556641,5.589206695556641,23000
2000-07-31,5.646175234437363,5.66516461302852,5.605031967163086,5.605031967163086,108000
2000-08-01,5.64301040672764,5.734792011745727,5.633515331626597,5.728462219238281,19000
2000-08-02,5.74112459887629,5.82341194152832,5.74112459887629,5.82341194152832,59400
2000-08-03,5.823409739541181,5.883543161235056,5.823409739541181,5.832904815673828,119000
2000-08-04,5.766441454939676,5.836069178325335,5.718968393516632,5.801255702972412,35200
2000-08-07,5.785431446763664,5.937346495694001,5.785431446763664,5.915192604064941,73800
2000-08-08,5.80442324418288,5.80442324418288,5.747455077118926,5.760114669799805,107200
2000-08-09,5.747450287192372,5.7601098693227515,5.646173630149335,5.668328285217285,150800
2000-08-10,5.671492794410094,5.684152376540474,5.627184256953765,5.668328285217285,9200
2000-08-11,5.6936501305311475,5.791761551900977,5.6936501305311475,5.731628894805908,23800
2000-08-14,5.665166063968226,5.78543215918096,5.665166063968226,5.766442775726318,25000
2000-08-15,5.766443132444192,5.823411286332226,5.7411239529384,5.804421901702881,14200
2000-08-16,5.772773911467696,5.7791037074232525,5.709475951912129,5.722135543823242,33800
2000-08-17,5.709474279206964,5.728463661510314,5.646176338195801,5.646176338195801,25000
2000-08-18,5.63351452549963,5.72213160792322,5.63351452549963,5.677823066711426,20800
2000-08-21,5.712637206445431,5.722131507341252,5.684152758398721,5.71580171585083,11200
2000-08-22,5.722133867409197,5.722133867409197,5.646176338195801,5.646176338195801,24400
2000-08-23,5.646176914219331,5.696815272194392,5.627187529978682,5.69048547744751,197400
2000-08-24,5.70947202471985,5.70947202471985,5.646174108703001,5.677823066711426,22400
2000-08-25,5.655671338924029,5.69048481966768,5.6525060555764615,5.67149543762207,319800
2000-08-28,5.696814311178107,5.813915880581159,5.696814311178107,5.772771835327148,23800
2000-08-29,5.760114319556583,5.760114319556583,5.715805747867686,5.722135543823242,20800
2000-08-30,5.722131814779091,5.791759524914678,5.722131814779091,5.779099941253662,14600
2000-08-31,5.82341194152832,5.88038010182588,5.82341194152832,5.82341194152832,12000
2000-09-01,5.87088628015464,5.893040180206299,5.829742219087005,5.893040180206299,484600
2000-09-05,5.92468690828314,5.950006083104863,5.899367733461417,5.915192604064941,312800
2000-09-06,5.978492257691982,6.000646155681973,5.956337587021874,5.9879865646362305,273800
2000-09-07,5.994316360159101,6.025965337773458,5.962667382544745,5.9879865646362305,70400
2000-09-08,6.0259642679183205,6.190538922294241,6.019634473519247,6.177879333496094,1920800
2000-09-11,6.215857170255068,6.351948115821561,6.215857170255068,6.32029914855957,1127800
2000-09-12,6.310803192686365,6.329792570397557,6.241175474411992,6.304473400115967,1380600
2000-09-13,6.304473284884338,6.342452039612557,6.253834945246713,6.260164737701416,203800
2000-09-14,6.25383686628498,6.25383686628498,6.1462303615007245,6.177879333496094,121000
2000-09-15,6.190846534932038,6.273816643132158,6.190846534932038,6.235522747039795,108400
2000-09-18,6.229142885375097,6.241907522435292,6.1908489741945125,6.197231292724609,122400
2000-09-19,6.216374879607355,6.216374879607355,6.095110893249512,6.095110893249512,100400
2000-09-20,6.075965226586185,6.075965226586185,5.961083531125522,5.986612796783447,192600
2000-09-21,6.024907736803489,6.031290054321289,5.954702244107685,6.031290054321289,293800
2000-09-22,6.095112027029504,6.184464454650879,6.082347394512165,6.184464454650879,50600
2000-09-25,6.190845438691436,6.22913932800293,6.178080808920939,6.22913932800293,114000
2000-09-26,6.254669728905264,6.356786785703717,6.254669728905264,6.318492889404297,33400
2000-09-27,6.292961120605469,6.3408288614740345,6.241902612527533,6.292961120605469,103600
2000-09-28,6.331257878211721,6.500389652608822,6.321684793143168,6.497198104858398,225000
2000-09-29,6.509960706328607,6.65037162352393,6.503578391910638,6.592930793762207,118800
2000-10-02,6.532301497664585,6.631227016448975,6.497198366453375,6.631227016448975,45400
2000-10-03,6.5833586568256095,6.701431497495774,6.548255920410156,6.548255920410156,183400
2000-10-04,6.592932130393461,6.650372971800568,6.490815079003049,6.548255920410156,117000
2000-10-05,6.647180290268239,6.647180290268239,6.586548304903334,6.6056952476501465,398400
2000-10-06,6.586548981157322,6.6503721301995435,6.5514462491840995,6.573784351348877,40800
2000-10-09,6.628034028034766,6.663136760007989,6.561019721540433,6.573784351348877,80800
2000-10-10,6.6312272910478045,6.672712351097671,6.548257170948073,6.56102180480957,29800
2000-10-11,6.599314254263173,6.599314254263173,6.401462472945805,6.4589033126831055,81800
2000-10-12,6.3950828387885394,6.4876268422688925,6.292965747550399,6.369553565979004,125000
2000-10-13,6.39507936231005,6.465284824371338,6.388697047577206,6.465284824371338,116800
2000-10-16,6.5035786628723145,6.548254865659464,6.490814033504557,6.5035786628723145,157400
2000-10-17,6.56102175770314,6.618462609667467,6.541874807048363,6.589742183685303,68200
2000-10-18,6.554638892412186,6.583359315991402,6.497198045253754,6.535491943359375,270000
2000-10-19,6.458902460085164,6.557828337685282,6.458902460085164,6.5035786628723145,77000
2000-10-20,6.458903862332759,6.50038930633016,6.315302140314695,6.468477725982666,162200
2000-10-23,6.487622823590353,6.631224504645896,6.487622823590353,6.6056952476501465,48800
2000-10-24,6.6759026762005895,6.6759026762005895,6.548256353519889,6.576976776123047,22000
2000-10-25,6.592932790517807,6.647182479500771,6.522727310657501,6.535491943359375,153000
2000-10-26,6.535493660747304,6.554640614831524,6.478052798494642,6.513155937194824,59200
2000-10-27,6.55463854060776,6.663137912750244,6.522726960565852,6.663137912750244,54600
2000-10-30,6.797166635716439,6.934386431648743,6.797166635716439,6.921621799468994,104400
2000-10-31,6.905664669082237,6.975870132446289,6.892900039379682,6.975870132446289,54200
2000-11-01,7.001402977804297,7.020549932164746,6.8992858878819,6.934388637542725,80600
2000-11-02,6.950342834598994,6.950342834598994,6.84184345150608,6.937578201293945,11800
2000-11-03,6.9088556012913385,6.9758699050452035,6.883326342718438,6.905664443969727,19600
2000-11-06,6.943958533950282,6.956723163608278,6.873753070831299,6.873753070831299,26600
2000-11-07,6.886519596098085,6.886519596098085,6.8290787468257195,6.883328437805176,28800
2000-11-08,6.892904865785719,6.918434143066406,6.838655151564257,6.918434143066406,37200
2000-11-09,6.931196329134321,6.975872548567046,6.860990841454322,6.956725597381592,25400
2000-11-10,7.007784911564419,7.026931864874704,6.950344051633563,6.969491004943848,25800
2000-11-13,7.0077837411120685,7.055651116392889,6.963107524183303,7.001401424407959,51200
2000-11-14,6.924809821240314,6.956721387236812,6.857795532647665,6.880133628845215,32600
2000-11-15,6.873753070831299,6.937576219121283,6.813121079955813,6.873753070831299,39400
2000-11-16,6.96310712395047,6.991827547468139,6.931195542264171,6.95353364944458,42000
2000-11-17,6.860991659724368,6.892903248839365,6.809933117140372,6.848227024078369,17600
2000-11-20,6.931193690174562,6.937576004806399,6.9056644316472156,6.915237903594971,22600
2000-11-21,6.8546093419013685,6.905667884485363,6.83227122952087,6.848227024078369,9600
2000-11-22,6.899281978607178,6.937575865629974,6.876943877843879,6.899281978607178,50600
2000-11-24,6.9311922875900205,6.9311922875900205,6.880133780867442,6.886516094207764,13400
2000-11-27,6.841841861014604,6.880135752027746,6.835459545845747,6.838650703430176,70600
2000-11-28,6.8482257681586045,6.953533992925256,6.8482257681586045,6.937578201293945,202800
2000-11-29,6.937576866672941,6.9950177054954406,6.937576866672941,6.982253074645996,82600
2000-11-30,7.004594545342557,7.020550341573406,6.880139334741938,6.972682952880859,44400
2000-12-01,6.9439589037163145,6.959914691638457,6.800356812417035,6.838650703430176,27000
2000-12-04,6.860989337702757,6.982253335299364,6.860989337702757,6.912047863006592,40000
2000-12-05,6.931196329134321,6.956725597381593,6.896093585294322,6.956725597381592,46600
2000-12-06,6.9950177054954406,7.0045911786325235,6.931194551248219,6.982253074645996,90600
2000-12-07,7.020548570630318,7.030122045953905,6.969490035571188,6.979063510894775,40200
2000-12-08,6.8897111943199345,6.924813937783353,6.809932231903076,6.809932231903076,88400
2000-12-11,6.784403406125363,6.83546194540006,6.752491819078678,6.829079627990723,37200
2000-12-12,6.8546093419013685,6.918432520131362,6.825888911697871,6.848227024078369,34400
2000-12-13,6.931198898148894,7.026933689559791,6.918434259294108,7.017360210418701,67000
2000-12-14,6.991825919574483,7.014164021553954,6.915238141359153,6.975870132446289,61600
2000-12-15,6.983046246284003,6.989473348213394,6.896280370237216,6.915561676025391,57600
2000-12-18,6.961719392611878,6.961719392611878,6.880769167116391,6.903435230255127,25600
2000-12-19,6.722108738067894,6.864581177603052,6.644396498321444,6.663824558258057,51200
2000-12-20,6.6508718239382505,6.696203959057596,6.573159592305087,6.602302074432373,49400
2000-12-21,6.550494957938408,6.605540735469072,6.508400430535703,6.563446998596191,66800
2000-12-22,6.59906313175018,6.6670613288879395,6.550493386202312,6.6670613288879395,78600
2000-12-26,6.696203564268607,6.871056075134422,6.696203564268607,6.854866027832031,15000
2000-12-27,6.845151999450597,6.909912188660158,6.812771904845817,6.854866027832031,35600
2000-12-28,6.871054227919806,6.8840062622796925,6.79981803894043,6.79981803894043,24400
2000-12-29,6.790106692556608,6.922865097132107,6.780392662953522,6.877532958984375,37200
2001-01-02,6.825723918856443,6.838675956653135,6.764201739322159,6.773915767669678,14800
2001-01-03,6.9293388817459345,7.029717155266553,6.631442070007324,6.631442070007324,155800
2001-01-04,6.631441146608383,6.631441146608383,6.424208610776871,6.527824878692627,96800
2001-01-05,6.492210493906087,6.618492489587329,6.463068008422852,6.463068008422852,70400
2001-01-08,6.537542645673133,6.573160360737355,6.469544039779919,6.560208320617676,727800
2001-01-09,6.514875604173029,6.647634003661644,6.514875604173029,6.58935022354126,104000
2001-01-10,6.560205276376508,6.650869515141831,6.5375396119498905,6.57315731048584,39200
2001-01-11,6.534302268847905,6.553730323165589,6.398305888624113,6.4209723472595215,60200
2001-01-12,6.424212741183567,6.482496929359628,6.33354844846525,6.469544887542725,93800
2001-01-16,6.3659257888793945,6.378877825072435,6.2299294088524695,6.3659257888793945,87200
2001-01-17,6.352976213945365,6.424212440605303,6.333548152129018,6.3821187019348145,57400
2001-01-18,6.411257498523412,6.531064220780771,6.362687761223591,6.495445728302002,35400
2001-01-19,6.4177333178520195,6.508397562503815,6.404781282901763,6.476017475128174,20600
2001-01-22,6.476020048519891,6.52135218885953,6.4112598480346925,6.463068008422852,39600
2001-01-23,6.511635283143666,6.550491383916688,6.450112728321684,6.4565887451171875,83200
2001-01-24,6.46954477837317,6.524591350431077,6.420975017644319,6.466307163238525,35800
2001-01-25,6.5213513211985985,6.531065745243777,6.424211033395243,6.5116376876831055,32600
2001-01-26,6.521353344361945,6.521353344361945,6.301168623698284,6.450117111206055,51400
2001-01-29,6.52782817679438,6.579636336927669,6.492598612093149,6.550623893737793,105600
2001-01-30,6.476020016661091,6.550623893737793,6.471875268986854,6.550623893737793,17800
2001-01-31,6.476019502061423,6.494670469848548,6.451151413256967,6.490525722503662,16800
2001-02-01,6.517466268823621,6.569274425506592,6.482236706468607,6.569274425506592,29600
2001-02-02,6.49881509900707,6.548550880446632,6.4967427253723145,6.4967427253723145,18200
2001-02-05,6.558909289574201,6.558909289574201,6.4988120632981845,6.544403076171875,15600
2001-02-06,6.536116881999212,6.610720354792292,6.536116881999212,6.583780288696289,76800
2001-02-07,6.614865541433074,6.625227014789567,6.569274505293687,6.585853099822998,14600
2001-02-08,6.6438751220703125,6.658381335765693,6.612789926706294,6.6438751220703125,28600
2001-02-09,6.6832510935683755,6.722625001466958,6.621081474059706,6.635587692260742,460200
2001-02-12,6.652167122221801,6.77857915329985,6.623154680439249,6.641805648803711,21400
2001-02-13,6.656312463558834,6.732989112859098,6.587926100474334,6.69775915145874,62600
2001-02-14,6.672890819918099,6.672890819918099,6.585853099822998,6.585853099822998,22200
2001-02-15,6.610721948283039,6.656312992383081,6.5485523067588955,6.596215724945068,40600
2001-02-16,6.625228164249467,6.6936149279559105,6.6045052139411045,6.633517265319824,58000
2001-02-20,6.654237948247499,6.74541999444403,6.645948455721583,6.664599418640137,39200
2001-02-21,6.683252293274592,6.693613766631084,6.585853099822998,6.585853099822998,18000
2001-02-22,6.600359950829506,6.679108183546386,6.592070455140934,6.656312465667725,48800
2001-02-23,6.565129443164779,6.619009971618652,6.465657880756793,6.619009971618652,19800
2001-02-26,6.631444845558494,6.718482179702131,6.631444845558494,6.693614482879639,33400
2001-02-27,6.745420086412178,6.77028777379946,6.695684711637613,6.701901435852051,27200
2001-02-28,6.718480936374115,6.718480936374115,6.579635465069417,6.6252264976501465,31000
2001-03-01,6.589997771075675,6.602432014023343,6.538189611255064,6.552696228027344,18800
2001-03-02,6.422139054989224,6.610720713694048,6.403488086962166,6.569274425506592,31200
2001-03-05,6.589995213378591,6.594139959419162,6.502957522850282,6.556838035583496,86400
2001-03-06,6.571345445773382,6.600358278065595,6.546477755539837,6.548550128936768,26600
2001-03-07,6.529902303549234,6.560987128920785,6.473949380721441,6.517468452453613,65400
2001-03-08,6.558910911078839,6.643876630360784,6.538187574553115,6.6397318840026855,109600
2001-03-09,6.600358352959379,6.621081691899018,6.523682117462158,6.523682117462158,20600
2001-03-12,6.523683702197882,6.6065766828280195,6.523683702197882,6.598287582397461,38000
2001-03-13,6.407632434407746,6.459440587856946,6.393126214684345,6.444934368133545,321600
2001-03-14,6.320596192200526,6.364114861501623,6.16724406972319,6.223196983337402,90200
2001-03-15,6.258426732141408,6.3392473461822485,6.258426732141408,6.3330302238464355,7200
2001-03-16,6.292330998370312,6.365376380712866,6.25476477899041,6.281896114349365,549800
2001-03-19,6.229721804764882,6.361203193664551,6.135806242646999,6.361203193664551,158600
2001-03-20,6.279811165446495,6.334073456309607,6.25059316192999,6.269376277923584,37400
2001-03-21,6.271462455994866,6.281897740782901,6.11493676676306,6.129546165466309,89000
2001-03-22,6.106584636180396,6.106584636180396,5.920841076490589,6.0523223876953125,458200
2001-03-23,5.929191955175843,6.046064336245946,5.906234731048285,6.041890621185303,198000
2001-03-26,6.20885212956018,6.273549300796445,6.173372958611505,6.242244243621826,237200
2001-03-27,6.365376192992434,6.482248562454668,6.365376192992434,6.471813678741455,57200
2001-03-28,6.459290295763963,6.459290295763963,6.2923294071920335,6.334069728851318,21200
2001-03-29,6.292332415596288,6.482250213623047,6.286071642999726,6.482250213623047,42200
2001-03-30,6.511469816108261,6.549035652830661,6.4759906385936565,6.530252933502197,19200
2001-04-02,6.530253364264046,6.663821854040109,6.490600069587215,6.551123142242432,111000
2001-04-03,6.574078683138165,6.574078683138165,6.484337227900101,6.5198163986206055,32600
2001-04-04,6.490598081142361,6.565730134591362,6.453031855385171,6.544860363006592,19200
2001-04-05,6.459293362709156,6.501033306121826,6.423814191872417,6.501033306121826,10600
2001-04-06,6.490597903638354,6.544860184018628,6.24850489767428,6.37998628616333,782000
2001-04-09,6.417553000206303,6.540686569291266,6.417553000206303,6.5198163986206055,41400
2001-04-10,6.532339170722055,6.676342928751124,6.532339170722055,6.655472755432129,35000
2001-04-11,6.6554729952810945,6.678430226565863,6.505208458486929,6.565731525421143,186400
2001-04-12,6.574075415192603,6.586597352144238,6.4822469487284815,6.561553478240967,48400
2001-04-16,6.553208697009106,6.665907382965088,6.553208697009106,6.665907382965088,23000
2001-04-17,6.678429194526913,6.820345878601074,6.678429194526913,6.820345878601074,60400
2001-04-18,6.803648382857887,6.814084063782843,6.657558005411289,6.6784281730651855,1146800
2001-04-19,6.772344090847401,6.885042763369483,6.636688192871112,6.690950870513916,112800
2001-04-20,6.647121038327856,6.665904143525799,6.553205512338138,6.611641883850098,67200
2001-04-23,6.611646032871085,6.626255035400391,6.540687679386914,6.626255035400391,645000
2001-04-24,6.678427653518098,6.77234320162182,6.651296716324417,6.657557487487793,31800
2001-04-25,6.730602334369154,6.780690888085158,6.628338966824092,6.7744293212890625,395200
2001-04-26,6.803649283957225,6.885043306846338,6.803649283957225,6.834954738616943,167800
2001-04-27,6.814083184251369,6.887128164513678,6.803647504673403,6.839127063751221,32400
2001-04-30,6.824518643818997,6.943478076648971,6.824518643818997,6.845388412475586,353000
2001-05-01,6.887129881625718,6.918435335903599,6.84956365494457,6.9100871086120605,242600
2001-05-02,6.90799985997143,6.90799985997143,6.807823517874395,6.822432518005371,117600
2001-05-03,6.8036488082515705,6.8036488082515705,6.657558421670767,6.734777927398682,73200
2001-05-04,6.751475616950042,6.816173200001541,6.678430600707194,6.803650856018066,27600
2001-05-07,6.845387834593541,6.8495619471986116,6.78486439601587,6.839127063751221,22600
2001-05-08,6.887132021951398,6.887132021951398,6.74104118347168,6.74104118347168,49200
2001-05-09,6.793211364833394,6.793211364833394,6.680512733731612,6.751471042633057,43800
2001-05-10,6.67842760931135,6.78277804070684,6.67842760931135,6.755646705627441,23600
2001-05-11,6.793214961673472,6.793214961673472,6.715995842202004,6.759822845458984,27000
2001-05-14,6.84538519610219,6.849559307098389,6.780688465986789,6.849559307098389,29800
2001-05-15,6.903828015623926,6.903828015623926,6.789041852769497,6.803650856018066,62800
2001-05-16,6.849564534715261,6.9622632292339315,6.782780300066614,6.949740886688232,54000
2001-05-17,6.970608979359747,6.970608979359747,6.876693433983678,6.907998085021973,66400
2001-05-18,6.918436224520296,6.949740886688232,6.8871307662214845,6.949740886688232,53200
2001-05-21,6.94973716084278,7.001912365948402,6.907996837532193,6.974781036376953,47200
2001-05-22,6.9747847756487555,6.9935678914018675,6.941392658324432,6.949740886688232,21200
2001-05-23,6.991478373050568,6.997739143697494,6.9184333950679315,6.947651386260986,31800
2001-05-24,6.926781316148341,6.945564425554517,6.893389210107429,6.928868770599365,28400
2001-05-25,6.88713010685588,6.933044562330108,6.816171764818799,6.820345878601074,24600
2001-05-29,6.841218403779769,6.841218403779769,6.763999258067427,6.816174507141113,42600
2001-05-30,6.782778859116968,6.876694417930883,6.7201687519512605,6.786952972412109,89600
2001-05-31,6.814085355974494,6.893391132354736,6.809911242039087,6.893391132354736,139000
2001-06-01,6.824519852440631,6.864172738362931,6.770257170514556,6.834954738616943,37400
2001-06-04,6.855822718040931,6.855822718040931,6.751472291305875,6.839127063751221,26200
2001-06-05,6.866260320366165,6.866260320366165,6.720169522801413,6.73895263671875,502200
2001-06-06,6.69929804310958,6.761908945075457,6.6554710486380175,6.684689044952393,36400
2001-06-07,6.69929817992506,6.69929817992506,6.590774020798771,6.628340244293213,51000
2001-06-08,6.5782531017487615,6.763996793388439,6.5782531017487615,6.653385162353516,28600
2001-06-11,6.5761666206772915,6.726431153111426,6.5761666206772915,6.715996265411377,111400
2001-06-12,6.67842712247482,6.7744293212890625,6.67842712247482,6.7744293212890625,16600
2001-06-13,6.782778061303468,6.782778061303468,6.630426526539094,6.634600639343262,27800
2001-06-14,6.636688290989737,6.636688290989737,6.438422679901123,6.438422679901123,101800
2001-06-15,6.410885818014926,6.602161395594273,6.410885818014926,6.478147506713867,151200
2001-06-18,6.518085881021179,6.579041650991129,6.473945136432731,6.4865570068359375,248800
2001-06-19,6.486558271765414,6.576941356056865,6.471844821003823,6.511781215667725,19800
2001-06-20,6.553818787726726,6.587449640701054,6.473945211229152,6.528595447540283,46600
2001-06-21,6.515985551944449,6.534902961426239,6.358340740203857,6.358340740203857,26600
2001-06-22,6.358340082940671,6.431907734330538,6.354136125510062,6.429805755615234,44200
2001-06-25,6.417193184385699,6.4361105886697185,6.354135036468506,6.354135036468506,28600
2001-06-26,6.326809950723783,6.455027419666523,6.312096503542762,6.448721885681152,32800
2001-06-27,6.410885027753628,6.478146708161311,6.406681072500338,6.463433265686035,18800
2001-06-28,6.545409195412808,6.568530551244802,6.478147506713867,6.478147506713867,19000
2001-06-29,6.47394583662494,6.547513484954834,6.47394583662494,6.547513484954834,28400
2001-07-02,6.515984286841792,6.589551931552932,6.515984286841792,6.566430568695068,73600
2001-07-03,6.610572030778145,6.631591016473191,6.555921785965829,6.58324670791626,29800
2001-07-05,6.568532375099013,6.673628893100598,6.568532375099013,6.6378960609436035,57600
2001-07-06,6.663118685429644,6.692545579015269,6.625283878870207,6.631589412689209,198800
2001-07-09,6.635794623912216,6.692546844482422,6.614775238414572,6.692546844482422,41600
2001-07-10,6.684139879579077,6.734586572305291,6.684139879579077,6.703057289123535,15800
2001-07-11,6.694648020781584,6.772419617528645,6.694648020781584,6.734584808349609,38800
2001-07-12,6.694647076165225,6.705156565715894,6.656812272324689,6.665219783782959,19000
2001-07-13,6.67362841398379,6.684137904664886,6.631589649436667,6.648405075073242,48800
2001-07-16,6.69464635848999,6.751398157255595,6.690442402755861,6.69464635848999,223600
2001-07-17,6.732481238696789,6.768214464080322,6.705156326293945,6.705156326293945,28800
2001-07-18,6.764011558504249,6.766113135936656,6.635793685913086,6.635793685913086,37800
2001-07-19,6.70515847830163,6.757707143777994,6.677833557128906,6.677833557128906,45800
2001-07-20,6.652608556353565,6.688341383391949,6.52859465080337,6.5370025634765625,81000
2001-07-23,6.505476058193005,6.534902961426239,6.295282975872216,6.358340740203857,56000
2001-07-24,6.379356839821459,6.379356839821459,6.164959910165125,6.175469398498535,143000
2001-07-25,6.179674677090829,6.448721885681152,6.179674677090829,6.448721885681152,165000
2001-07-26,6.406683118147429,6.476046798329505,6.347829329454374,6.471843242645264,17200
2001-07-27,6.515983265170054,6.555920049050467,6.423498229151173,6.467638969421387,68400
2001-07-30,6.484456989641408,6.547514757083539,6.43190871646913,6.5412092208862305,49400
2001-07-31,6.4487197482241205,6.5517142452646535,6.438209860213106,6.488656520843506,27400
2001-08-01,6.452923801251846,6.593753095444469,6.442413913081507,6.56432580947876,57600
2001-08-02,6.515983419280248,6.614773991308989,6.515983419280248,6.553818225860596,16800
2001-08-03,6.515985639732336,6.543310564401124,6.478150820259019,6.534903049468994,37000
2001-08-06,6.455027664767995,6.463435578282899,6.389867938673013,6.408785343170166,29200
2001-08-07,6.438209618141675,6.490757853487273,6.425598153913874,6.459228992462158,24600
2001-08-08,6.42139633763708,6.42139633763708,6.307892319959728,6.3310136795043945,58200
2001-08-09,6.305790816644244,6.379358456354036,6.305790816644244,6.34152364730835,147200
2001-08-10,6.326809715938831,6.465537071228027,6.2952808444478965,6.465537071228027,28400
2001-08-13,6.41719246052836,6.442415396120996,6.394071102142334,6.394071102142334,18000
2001-08-14,6.375153699992191,6.419294438646302,6.375153699992191,6.394071102142334,117200
2001-08-15,6.398277071078067,6.398277071078067,6.314199924468994,6.314199924468994,19600
2001-08-16,6.32891138285408,6.3898671446167565,6.30579002447272,6.383561611175537,30600
2001-08-17,6.305788993835449,6.3604392132247085,6.295279505876897,6.305788993835449,64800
2001-08-20,6.326807666737177,6.381457880046002,6.326807666737177,6.356234550476074,30800
2001-08-21,6.4192969265144,6.434010378131018,6.358340740203857,6.358340740203857,90200
2001-08-22,6.368848801500975,6.3709507799607925,6.316300542739707,6.347829818725586,121800
2001-08-23,6.305791136013205,6.383562736425053,6.305791136013205,6.333116054534912,23000
2001-08-24,6.312098555973201,6.383564237728415,6.312098555973201,6.37725830078125,8800
2001-08-27,6.40037703649616,6.40037703649616,6.356236297842048,6.394071102142334,8400
2001-08-28,6.337319211451896,6.366746505657976,6.331013677695227,6.364644527435303,6400
2001-08-29,6.375152739299705,6.375152739299705,6.30999303110797,6.326808452606201,83000
2001-08-30,6.305792191449333,6.358340459711411,6.251141944347396,6.253243923187256,582000
2001-08-31,6.301583749531721,6.301583749531721,6.230118123477667,6.257443428039551,18600
2001-09-04,6.28477080463537,6.396173242239485,6.2595478684039785,6.322605609893799,871000
2001-09-05,6.295283722508553,6.295283722508553,6.230123570604681,6.284773826599121,192200
2001-09-06,6.253240821246334,6.291075619772788,6.236425399780273,6.236425399780273,19200
2001-09-07,6.185978030792359,6.278463032796884,6.185978030792359,6.228016376495361,67800
2001-09-10,6.200693836040846,6.3310136795043945,6.200693836040846,6.3310136795043945,23400
2001-09-17,6.232223659221629,6.2847719200935,6.179675398349758,6.274262428283691,2367800
2001-09-18,6.253243036035882,6.358339557649931,6.23222365153079,6.3184027671813965,190800
2001-09-19,6.337319379486256,6.383562099788502,6.192286085567018,6.270057678222656,20600
2001-09-20,6.2343252340151745,6.354135196898017,6.2343252340151745,6.349931240081787,48400
2001-09-21,6.142566178877354,6.320488817757981,6.142566178877354,6.170101642608643,49000
2001-09-24,6.17010473294144,6.227294267796894,6.17010473294144,6.191286087036133,44400
2001-09-25,6.1743369733202025,6.290834141269917,6.1743369733202025,6.28447961807251,87200
2001-09-26,6.14256741581914,6.197638758372073,6.112913771367793,6.134094715118408,91400
2001-09-27,6.131975802290947,6.131975802290947,6.0133604385681885,6.0578413009643555,116200
2001-09-28,6.10867576786661,6.223054368368708,6.10867576786661,6.19763708114624,25200
2001-10-01,6.187049129365178,6.254829536628917,6.151041356132282,6.250593185424805,90000
2001-10-02,6.184930438512362,6.3416717737622506,6.184930438512362,6.3183722496032715,19600
2001-10-03,6.343789973549591,6.388270442751471,6.343789973549591,6.386152267456055,40400
2001-10-04,6.4073324942170915,6.4073324942170915,6.322607517242432,6.322607517242432,24600
2001-10-05,6.4073310660478295,6.4073310660478295,6.335314750671387,6.335314750671387,21000
2001-10-08,6.375561061780016,6.420041525866573,6.373442886728192,6.39462423324585,62200
2001-10-09,6.348024871938004,6.388269387904403,6.33743440121027,6.362852096557617,146400
2001-10-10,6.331079421002513,6.381914404040276,6.312016251863286,6.375560283660889,57600
2001-10-11,6.3713242638480185,6.379796963459785,6.2632997678013265,6.282362937927246,2046200
2001-10-12,6.2781251489558,6.301424663546539,6.191282017845447,6.239998817443848,89000
2001-10-15,6.227294856521945,6.231531208541531,6.19128667235699,6.229413032531738,260000
2001-10-16,6.25906123246509,6.27600622177124,6.231525776342751,6.27600622177124,29400
2001-10-17,6.322609357860241,6.339554358188147,6.246356654384325,6.269656181335449,42200
2001-10-18,6.280245595947592,6.280245595947592,6.1468037913688685,6.148921966552734,62600
2001-10-19,6.167986228860834,6.265419880527949,6.136213999490474,6.254829406738281,30600
2001-10-22,6.195519073717216,6.195519073717216,6.095967288742114,6.136211395263672,14000
2001-10-23,6.057843516730315,6.068433990507543,5.941346285177404,5.979472637176514,79400
2001-10-24,5.973119408793363,5.973119408793363,5.905338992868851,5.926520347595215,154000
2001-10-25,5.920164850016206,5.977353969303884,5.920164850016206,5.966763496398926,72400
2001-10-26,5.951934598673867,6.023950920534017,5.915926437743792,5.9858245849609375,231000
2001-10-29,6.004887595062956,6.004887595062956,5.937107624268675,5.975233554840088,117200
2001-10-30,5.93075576576579,5.93075576576579,5.8735662382071725,5.886275291442871,92000
2001-10-31,5.846030266863643,5.920164788429069,5.846030266863643,5.871447563171387,27400
2001-11-01,5.930755057544604,5.97947187712857,5.848148241380433,5.920164585113525,141000
2001-11-02,5.9095723828493005,5.947698721448415,5.8566192245728725,5.943462371826172,75400
2001-11-05,6.026069051087694,6.034541345597222,5.98158819191104,6.0006513595581055,45800
2001-11-06,5.973118845477466,6.026072025299072,5.930756140019901,6.026072025299072,108800
2001-11-07,6.026070892819166,6.026070892819166,5.941345497826484,5.947700023651123,102000
2001-11-08,5.968881885489263,6.040898235023252,5.951936885834246,6.028189182281494,88600
2001-11-09,6.068433349434599,6.083260172756677,6.019716528804735,6.066315174102783,91800
2001-11-12,5.9942977232745145,6.053605409625138,5.9942977232745145,6.045133113861084,51200
2001-11-13,6.0641984027764035,6.0641984027764035,5.975237038246643,6.040899276733398,74800
2001-11-14,6.068433088189415,6.068433088189415,5.943463576996631,5.977353572845459,1393000
2001-11-15,5.962527145636685,5.994298968352204,5.930755322921164,5.966763496398926,441600
2001-11-16,6.026070393066076,6.064196332850179,6.017597692669216,6.030306339263916,2272400
2001-11-19,6.089614560431017,6.1002050328489075,5.975235519114795,6.015480041503906,83000
2001-11-20,6.047252357393471,6.055725059221309,5.9837087096873205,6.028189182281494,35000
2001-11-21,5.990060998301165,5.990060998301165,5.918044675670915,5.983706474304199,40200
2001-11-23,5.983708098567345,6.009125797454275,5.930754929553475,5.977353572845459,8600
2001-11-26,5.9942969436319675,6.004887816960244,5.930753319664339,5.983706474304199,40000
2001-11-27,5.9413446839083015,5.970998729693616,5.8989823962158905,5.903218746185303,153200
2001-11-28,5.882037690454903,5.9011008622569285,5.824848175048828,5.824848175048828,52400
2001-11-29,5.782486018794967,5.822730541229248,5.77401372165127,5.822730541229248,1354200
2001-11-30,5.8354367564172085,5.8460276284327595,5.797310829162598,5.797310829162598,56200
2001-12-03,5.767659717395415,5.837557892154865,5.76130559496316,5.807904243469238,293000
2001-12-04,5.80790055387689,5.873562335968018,5.7613019349735755,5.873562335968018,85000
2001-12-05,5.87780059452186,5.9201632829294395,5.846028780216444,5.915926933288574,82600
2001-12-06,5.846028759685799,5.884155098318618,5.824847415556396,5.860855579376221,69600
2001-12-07,5.846029993259021,5.898983162755932,5.824848644660133,5.86721134185791,27400
2001-12-10,5.8566204078888,5.8566204078888,5.793076766718462,5.826966762542725,38400
2001-12-11,5.814257497670413,5.814257497670413,5.716823467022089,5.733768463134766,67600
2001-12-12,5.759184497907529,5.797310829162598,5.6426873297392115,5.797310829162598,1023000
2001-12-13,5.716822477369955,5.801547443266409,5.716822477369955,5.790956974029541,83200
2001-12-14,5.771895651308283,5.782486123930614,5.735887478791472,5.750714302062988,56400
2001-12-17,5.761303380787781,5.805783836721559,5.759185206124195,5.776130199432373,48200
2001-12-18,5.824849952240046,5.8502676570646805,5.814259477563532,5.8290863037109375,102600
2001-12-19,5.856619847118256,5.95405387878418,5.78248533685082,5.95405387878418,105200
2001-12-20,5.905334304846766,5.93075199114041,5.852381162068728,5.9243974685668945,83600
2001-12-21,5.8913150703006325,5.919063838574742,5.872104227983892,5.882776737213135,166200
2001-12-24,5.912661306515589,5.929737567901611,5.880642960177883,5.929737567901611,64200
2001-12-26,5.944679072760967,5.963889917152571,5.923333644866943,5.923333644866943,42800
2001-12-27,5.912658885013927,6.002309322357178,5.912658885013927,6.002309322357178,31400
2001-12-28,6.008716778221809,6.021523876004326,5.9681604935918235,5.980967998504639,71600
2001-12-31,6.019384639075892,6.040729648393998,5.97882838853757,5.983097553253174,114800
2002-01-02,5.955351909931786,6.072751566225919,5.9105268753118025,6.068482398986816,45000
2002-01-03,6.083422894630466,6.100499153137207,6.0023107685059784,6.100499153137207,143400
2002-01-04,6.115439571807965,6.126112485637877,6.0407308035187155,6.072749137878418,152400
2002-01-07,6.104767170580226,6.126112591478801,6.05353840470167,6.079152584075928,79600
2002-01-08,6.040730737844418,6.0599415753993675,6.0023094698645485,6.004443645477295,781200
2002-01-09,6.008713798072644,6.027924638783545,5.9446779337897055,5.951081275939941,52000
2002-01-10,5.912658456665541,6.010846810526693,5.901985543987162,5.998039722442627,70200
2002-01-11,6.04073360780757,6.04073360780757,5.940410614013672,5.940410614013672,525800
2002-01-14,5.91265965291297,6.0257897002822975,5.91265965291297,5.995906352996826,84800
2002-01-15,6.055672229515906,6.055672229515906,5.961752633596117,5.998039722442627,173200
2002-01-16,5.995906898977881,6.012983157143108,5.966023548971262,5.972426891326904,80000
2002-01-17,5.955349602704673,5.9638879338749495,5.884909999070049,5.912659168243408,87400
2002-01-18,5.872101354696156,5.921195524536529,5.859294268461695,5.901984691619873,68200
2002-01-22,5.869969984818773,5.869969984818773,5.773915767669678,5.773915767669678,157200
2002-01-23,5.78458942927681,5.880643251660415,5.78458942927681,5.859298229217529,257800
2002-01-24,5.869968958753359,5.899852306807204,5.808067272493156,5.846488952636719,127200
2002-01-25,5.827277901327803,5.829412484272854,5.786722046762032,5.810201644897461,434400
2002-01-28,5.805932886137426,5.823009142567768,5.7845874638169805,5.810201644897461,28000
2002-01-29,5.8528933664673755,5.85716253299712,5.720552053956197,5.735494136810303,55400
2002-01-30,5.699205914531431,5.729089260101318,5.6095554706917214,5.729089260101318,99000
2002-01-31,5.688534836077255,5.782454475916161,5.688534836077255,5.767512798309326,158800
2002-02-01,5.816606315422921,5.835817157842435,5.773915464017305,5.7803192138671875,34400
2002-02-04,5.8166052077522625,5.8166052077522625,5.690667667931442,5.720551013946533,37600
2002-02-05,5.675725679339398,5.718416520241572,5.613824000744248,5.643707752227783,29600
2002-02-06,5.635171236172766,5.6565166634987945,5.502830319585685,5.530579090118408,246200
2002-02-07,5.511368347148971,5.64157508980463,5.511368347148971,5.609557151794434,199400
2002-02-08,5.5711345510203065,5.6522466745055056,5.5711345510203065,5.639439582824707,107600
2002-02-11,5.654377882482878,5.677857875823975,5.592476637033435,5.677857875823975,127000
2002-02-12,5.667184966518994,5.726952037237302,5.652243300621882,5.677857875823975,213800
2002-02-13,5.699207105686549,5.752570466574512,5.688534189230876,5.712014198303223,93000
2002-02-14,5.679995591438991,5.761107711258529,5.679995591438991,5.724820613861084,165600
2002-02-15,5.761107649543914,5.761107649543914,5.688533455526459,5.714148044586182,131400
2002-02-19,5.6778584420471105,5.712010940969176,5.615956783294678,5.615956783294678,99800
2002-02-20,5.658646895945214,5.686395645141602,5.549785666704279,5.686395645141602,46600
2002-02-21,5.635170170072248,5.675726433605971,5.5391163759724895,5.573268890380859,102400
2002-02-22,5.581807590633648,5.660785545627969,5.515637135668769,5.650112628936768,68200
2002-02-25,5.6799955305932714,5.722685969519369,5.635170101521275,5.714148044586182,64800
2002-02-26,5.763242056880789,5.763242056880789,5.697071613927836,5.707744121551514,892800
2002-02-27,5.75470319946684,5.808066546971377,5.735492768924836,5.7461652755737305,109400
2002-02-28,5.786723034561948,5.82514471987136,5.756839275360107,5.756839275360107,51000
2002-03-01,5.816607484913945,5.880643367767334,5.805934973481785,5.880643367767334,510200
2002-03-04,5.923332509985361,5.951081275939941,5.878507486413323,5.951081275939941,200800
2002-03-05,5.955348014831543,5.970289683265594,5.910523009529391,5.955348014831543,177200
2002-03-06,5.9660224423595,6.072749137878418,5.955349528529588,6.072749137878418,524000
2002-03-07,6.083421427928291,6.083421427928291,5.9873672425300475,6.03646183013916,112000
2002-03-08,6.040729871097463,6.091959035313459,5.976694026522426,6.019384860992432,127800
2002-03-11,5.9980398981533325,6.038596153259277,5.968156148908426,6.038596153259277,151600
2002-03-12,5.998043831439677,6.017254680291281,5.959622133736469,5.976698398590088,93200
2002-03-13,5.998043831439677,6.015120096293296,5.968160062598145,5.976698398590088,37200
2002-03-14,6.015115095697677,6.019384260144529,5.944675510844344,5.955348014831543,112400
2002-03-15,5.982031501097691,6.035826749886071,5.982031501097691,6.005701541900635,43000
2002-03-18,5.94114871042262,6.042283652570672,5.94114871042262,6.033676624298096,139400
2002-03-19,6.065953041392431,6.068104900833764,6.00139848942811,6.061649322509766,96400
2002-03-20,6.057346790687428,6.074561259166395,5.990640776634596,6.025069713592529,50600
2002-03-21,6.068106625229556,6.089624404907227,6.037980994915208,6.089624404907227,49400
2002-03-22,6.089622097937277,6.102533253363072,6.018612384796143,6.018612384796143,238200
2002-03-25,6.018612811615086,6.053041741008417,5.982032022831521,6.027220249176025,109400
2002-03-26,6.046588459485959,6.048740319547463,5.971274999034687,5.994945049285889,85400
2002-03-27,6.014310147006014,6.055194248520896,5.971273775445314,6.010006427764893,457000
2002-03-28,6.078865328598669,6.104687238015258,6.020766340230337,6.063802719116211,67000
2002-04-01,6.003552330885392,6.01000791134064,5.960516359126482,6.001400470733643,72600
2002-04-02,5.9497529579091974,6.035825252532959,5.9497529579091974,6.035825252532959,71600
2002-04-03,6.0143074866958255,6.046584545876602,5.984181875758702,6.035825252532959,29200
2002-04-04,6.025068699180092,6.0659532088435935,6.005702374098709,6.044435024261475,48000
2002-04-05,6.078862955194306,6.078862955194306,5.98203134572026,6.012156963348389,24800
2002-04-08,6.003550866160824,6.003550866160824,5.923934112097499,5.969121932983398,103000
2002-04-09,6.00355321889615,6.00355321889615,5.842167377471924,5.842167377471924,733400
2002-04-10,5.848620458074067,5.964818000793457,5.848620458074067,5.964818000793457,50200
2002-04-11,5.904569447078947,5.904569447078947,5.779764426591709,5.786219596862793,525200
2002-04-12,5.788369427928569,5.824950218200684,5.734574172259298,5.824950218200684,39800
2002-04-15,5.779764950236419,5.779764950236419,5.7281215312619995,5.73457670211792,203600
2002-04-16,5.799129066497221,5.887353258151293,5.78406604926643,5.874442100524902,108400
2002-04-17,5.91747703205437,5.941147071518636,5.8851999666918315,5.904566287994385,83000
2002-04-18,5.906720810009373,5.906720810009373,5.788370969757391,5.8895063400268555,204400
2002-04-19,5.844317594365148,5.844317594365148,5.799129768478578,5.837862014770508,95400
2002-04-22,5.771156269824017,5.777611849719741,5.745334771091763,5.749638080596924,37800
2002-04-23,5.766852908824199,5.861532701061114,5.766852908824199,5.777612209320068,240000
2002-04-24,5.745332961079322,5.846467885032146,5.745332961079322,5.792672634124756,99200
2002-04-25,5.704450463036563,5.792674672739393,5.704450463036563,5.753942012786865,74000
2002-04-26,5.708750881313826,5.734572366064058,5.465596172436053,5.661410808563232,44600
2002-04-29,5.680779031564453,5.680779031564453,5.5774922370910645,5.5774922370910645,453800
2002-04-30,5.626984395504966,5.700145985600197,5.603314759009649,5.695842266082764,113600
2002-05-01,5.661413874148632,5.762549240388373,5.618377906119768,5.749638080596924,90600
2002-05-02,5.760398579922079,5.760398579922079,5.691540688397227,5.7130584716796875,23400
2002-05-03,5.736725614495916,5.736725614495916,5.663564039272846,5.680778503417969,50200
2002-05-06,5.702294830555028,5.713053713235105,5.648499596304509,5.650651454925537,147600
2002-05-07,5.6140728600264715,5.635591044170514,5.583947648479946,5.5947065353393555,58000
2002-05-08,5.607618562196887,5.693690908003089,5.599011532828927,5.674324989318848,69000
2002-05-09,5.642047204675546,5.710905488135205,5.626984596252441,5.626984596252441,351400
2002-05-10,5.6334380280881025,5.6398931947083195,5.493570475506474,5.497873783111572,475800
2002-05-13,5.487115624267965,5.581795381331251,5.454838555622016,5.564580917358398,354400
2002-05-14,5.603314055036337,5.650653732504725,5.594706617082869,5.648501873016357,138000
2002-05-15,5.644198225208091,5.67217198848436,5.6162248723570585,5.618376731872559,114800
2002-05-16,5.66141123415503,5.685081272309701,5.622678593692887,5.639893054962158,27600
2002-05-17,5.599010782593688,5.620528968768255,5.521545476535352,5.586099624633789,91200
2002-05-20,5.592554721981508,5.626983652725682,5.564581369661328,5.616224765777588,64400
2002-05-21,5.633440641349235,5.717361129742528,5.61622617166791,5.657110691070557,108800
2002-05-22,5.682932482342259,5.758245944976807,5.674325452272074,5.758245944976807,214200
2002-05-23,5.732420691113542,5.863681209149812,5.732420691113542,5.861529350280762,71400
2002-05-24,5.842167411005021,5.8636856054035125,5.80128288269043,5.80128288269043,156400
2002-05-28,5.788372096997181,5.8443192379419635,5.77976506554244,5.842167377471924,41800
2002-05-29,5.799130854337449,5.799130854337449,5.728121107201395,5.745335578918457,38800
2002-05-30,5.6979944567929355,5.73457525396524,5.629136582215727,5.691539287567139,102800
2002-05-31,5.6592607600329625,5.723815313408289,5.64635001352799,5.648501873016357,1310400
2002-06-03,5.63559237326229,5.661413871984674,5.519394397735596,5.519394397735596,850400
2002-06-04,5.4892681696004315,5.575340500221762,5.4892681696004315,5.538759708404541,79600
2002-06-05,5.538759663051757,5.590403061001686,5.487116265101828,5.517241477966309,54400
2002-06-06,5.523695824993378,5.523695824993378,5.355854511260986,5.355854511260986,942200
2002-06-07,5.351551717404063,5.441927754949464,5.347247998848284,5.418257713317871,112200
2002-06-10,5.42040903872156,5.489266887131218,5.383828255450785,5.437623500823975,94600
2002-06-11,5.465601852956511,5.489271913932623,5.347252368927002,5.347252368927002,31400
2002-06-12,5.390285250126153,5.459143532311533,5.362311893633101,5.456991672515869,46200
2002-06-13,5.45699183064217,5.497875936668608,5.448384391210097,5.450536251068115,28600
2002-06-14,5.321428677203547,5.398894007053785,5.295607174203727,5.381679534912109,58200
2002-06-17,5.43116800673925,5.502177715301514,5.43116800673925,5.502177715301514,93200
2002-06-18,5.517238887507862,5.55812337893157,5.4871136887877885,5.543060779571533,62000
2002-06-19,5.55167129003059,5.55167129003059,5.373071023231067,5.390285491943359,114600
2002-06-20,5.388133499943187,5.388133499943187,5.297757445697326,5.325730800628662,77800
2002-06-21,5.32073467898152,5.34463357925415,5.268591962890439,5.34463357925415,123800
2002-06-24,5.318562212299365,5.318562212299365,5.227312352139614,5.255556583404541,80800
2002-06-25,5.257729154145901,5.2946636305574275,5.207758687664321,5.220794677734375,281000
2002-06-26,5.09695413517186,5.192549302651092,5.09695413517186,5.166478157043457,61200
2002-06-27,5.179512206266146,5.2164466636736515,5.068708834043632,5.162131309509277,90400
2002-06-28,5.1882063444329445,5.2685933113098145,5.159962521385901,5.2685933113098145,60400
2002-07-01,5.2946630622769595,5.2946630622769595,5.159960746765137,5.159960746765137,88800
2002-07-02,5.136060006219596,5.159958895816598,5.023084379018509,5.051328182220459,83600
2002-07-03,5.057847593648152,5.073055831516713,4.994841563171652,5.020913124084473,64800
2002-07-05,5.020913813207232,5.079574108123779,4.992669583809025,5.079574108123779,67400
2002-07-08,5.06219309758309,5.096954906583307,5.012223048944457,5.014395713806152,52800
2002-07-09,5.01005079159023,5.020914116782306,4.871003544279533,4.881866455078125,159000
2002-07-10,4.849277818728182,4.849277818728182,4.599427114519709,4.605945110321045,193600
2002-07-11,4.540765274646157,4.766717433929443,4.527729700654714,4.766717433929443,126600
2002-07-12,4.640706639075779,4.658087545745245,4.5385934497983556,4.588563919067383,129800
2002-07-15,4.560318276744713,4.660258769989014,4.269187869249633,4.660258769989014,324400
2002-07-16,4.673294636338244,4.673294636338244,4.510348521044971,4.523384094238281,254600
2002-07-17,4.62766929138304,4.62766929138304,4.438652038574219,4.438652038574219,113400
2002-07-18,4.432134218170334,4.449515120422241,4.334366798400879,4.334366798400879,129000
2002-07-19,4.269188295199347,4.269188295199347,4.05844479416542,4.091033935546875,343200
2002-07-22,4.149693923326523,4.149693923326523,3.925914472801396,3.991093158721924,207600
2002-07-23,4.03454544653569,4.07365257758343,3.6217487348859096,3.6804094314575195,555400
2002-07-24,3.5630885047260925,4.008474826812744,3.5630885047260925,4.008474826812744,761800
2002-07-25,4.01933849485297,4.199665556694957,3.9128803898516513,4.127969264984131,540400
2002-07-26,4.206181394812884,4.206181394812884,4.021509097426169,4.0736517906188965,278600
2002-07-29,4.138830184936523,4.1822826378402365,4.045408115662155,4.138830184936523,229000
2002-07-30,4.149693763619806,4.4755859375,4.108413972231516,4.4755859375,529600
2002-07-31,4.486450564107231,4.6776409448042715,4.347403315886464,4.492968559265137,372600
2002-08-01,4.519038085007359,4.562490541637431,4.3452290872737445,4.427788257598877,374000
2002-08-02,4.416925808467123,4.449514947120981,4.297432161938515,4.340884208679199,235600
2002-08-05,4.301778419914861,4.406064276324771,4.264843940734863,4.264843940734863,175800
2002-08-06,4.421270943454011,4.466895652688725,4.388681806230162,4.440824508666992,294400
2002-08-07,4.4755880399962455,4.51904010162341,4.393028418435646,4.473415374755859,595800
2002-08-08,4.508175676910957,4.555973052978516,4.447342313775842,4.555973052978516,190400
2002-08-09,4.562493410028952,4.597255231430065,4.484279104679647,4.56683874130249,206800
2002-08-12,4.562492745963901,4.666778194988627,4.5299035949428665,4.645051956176758,328200
2002-08-13,4.57987278556974,4.638533494918823,4.516867160797119,4.516867160797119,220200
2002-08-14,4.560318380879275,4.653740882873535,4.506003011291298,4.653740882873535,150600
2002-08-15,4.671124286966213,4.7124041059975195,4.621154219629878,4.662433624267578,338000
2002-08-16,4.705884935487899,4.705884935487899,4.571183012397918,4.588563919067383,168000
2002-08-19,4.603770737180213,4.660258769989014,4.577699178040238,4.660258769989014,143000
2002-08-20,4.653741944451386,4.710229991435731,4.601599227479716,4.647223949432373,107200
2002-08-21,4.699365718726977,4.799306216897055,4.64287809752744,4.790615558624268,267800
2002-08-22,4.8079969261263615,4.910110098747828,4.8079969261263615,4.888383865356445,227800
2002-08-23,4.888384743914546,4.888384743914546,4.790616883278852,4.812343120574951,151600
2002-08-26,4.855794722466089,4.894901859691891,4.8275504947392625,4.888383865356445,123600
2002-08-27,4.888385009096289,4.940527732799426,4.816688712205285,4.840587615966797,118400
2002-08-28,4.8666572566748725,4.8666572566748725,4.747163603827124,4.810169219970703,314400
2002-08-29,4.771063606228048,4.775408936834716,4.692849727275702,4.742819786071777,211000
2002-08-30,4.779751844184343,4.779751844184343,4.649394892827924,4.671121120452881,146400
2002-09-03,4.681983503288235,4.681983503288235,4.508174530519494,4.542936325073242,223400
2002-09-04,4.562493041344396,4.562493041344396,4.449516923723317,4.514695644378662,142600
2002-09-05,4.519040301609293,4.527730962955436,4.469070242049591,4.501659393310547,179400
2002-09-06,4.562492779552928,4.605945257496562,4.484278485011801,4.501659393310547,145800
2002-09-09,4.458206747209945,4.512522130345368,4.377819797836385,4.492968559265137,367000
2002-09-10,4.50817673718792,4.50817673718792,4.366956825889646,4.390855312347412,101400
2002-09-11,4.410408491946227,4.432134725848086,4.362611108876892,4.395200252532959,175000
2002-09-12,4.356090699813241,4.388680239798415,4.280049544896407,4.282221794128418,263400
2002-09-13,4.334368619975339,4.351749529531799,4.251808988786979,4.345231533050537,169200
2002-09-16,4.395200531523879,4.395200531523879,4.234427053474331,4.295260429382324,243000
2002-09-17,4.301776261735493,4.360436948837515,4.134485271160794,4.138830184936523,281600
2002-09-18,4.1714222685937505,4.308296874009903,4.097553302371206,4.275707721710205,384000
2002-09-19,4.275705018183699,4.275705018183699,4.180109872741609,4.1866278648376465,724400
2002-09-20,4.107902300668493,4.189268437644046,4.015540456369657,4.088110446929932,1179400
2002-09-23,4.1013041315730305,4.1013041315730305,3.914381335451538,3.9803543090820312,326600
2002-09-24,3.956164125106716,3.956164125106716,3.835214304196309,3.8506078720092773,346200
2002-09-25,3.850606603440138,4.004542650299383,3.850606603440138,3.9649593830108643,810400
2002-09-26,4.013340734656963,4.121096134185791,4.013340734656963,4.121096134185791,3267600
2002-09-27,4.1628776763187805,4.1628776763187805,4.019936901993723,4.050724029541016,649200
2002-09-30,3.9803538337186737,4.112299345778479,3.958362845134836,4.105701923370361,219000
2002-10-01,4.154080595845333,4.180469858622005,4.0375291021430435,4.17167329788208,556800
2002-10-02,4.134290177752389,4.2024622886405805,4.024335647286174,4.046326637268066,739200
2002-10-03,4.145285120477419,4.145285120477419,4.0045430621305025,4.024334907531738,453200
2002-10-04,4.035331607398202,4.035331607398202,3.8264178185127693,3.8396122455596924,655800
2002-10-07,3.8264179003370185,3.9231780127845455,3.804426908493042,3.804426908493042,522600
2002-10-08,3.859403737075219,3.859403737075219,3.4679658886734486,3.6614856719970703,6561200
2002-10-09,3.672482154415619,3.672482154415619,3.3294238645838528,3.349215507507324,1933600
2002-10-10,3.351413928420638,3.6284993864460713,3.276644816599018,3.575721263885498,2877600
2002-10-11,3.6834776773654885,3.705468672760818,3.58451840780818,3.6241021156311035,2885800
2002-10-14,3.4855588328036666,3.6284996439809296,3.4855588328036666,3.617504358291626,618600
2002-10-15,3.6724814878983705,3.6834767731753266,3.606508517906894,3.6284995079040527,1477400
2002-10-16,3.646091230276241,3.646091230276241,3.4745622677255357,3.503150463104248,2539600
2002-10-17,3.59771259813234,3.6065087430142846,3.483359778564154,3.5625271797180176,2138600
2002-10-18,3.584517844702396,3.6197032640301696,3.4569708045000374,3.5933144092559814,1338400
2002-10-21,3.593314393454746,3.8154226141366716,3.593314393454746,3.804426908493042,2606000
2002-10-22,3.804426373280568,3.8879920466428763,3.707666693888622,3.7560465335845947,2724000
2002-10-23,3.7604460385216316,3.8484096026945496,3.753848613917403,3.8242194652557373,1099600
2002-10-24,3.89239041383733,3.925376687966142,3.771440182774045,3.8264174461364746,2642000
2002-10-25,3.881394624710083,3.9055847542829545,3.782435804485398,3.881394624710083,1566400
2002-10-28,3.947368484295263,4.00454448077259,3.925377490565274,3.9583637714385986,1187000
2002-10-29,3.9803541973667267,4.002345187959677,3.8616030998307496,3.931973934173584,1771200
2002-10-30,3.9429683297907756,4.019936561584473,3.916579065954064,4.019936561584473,631400
2002-10-31,4.046326236069306,4.046326236069306,3.9671592672045515,4.011140823364258,491400
2002-11-01,3.9891500659977455,4.05512303321307,3.986950925146245,4.030932903289795,716400
2002-11-04,4.083712183280252,4.2398478724612145,4.079313900330174,4.176074028015137,1130400
2002-11-05,4.195865881847137,4.195865881847137,4.123295890944252,4.176074028015137,426000
2002-11-06,4.195865431625289,4.264037132263184,4.178272721156048,4.264037132263184,844400
2002-11-07,4.180472516532954,4.180472516532954,4.024336819674279,4.06611967086792,924200
2002-11-08,4.070517505925876,4.088110217211213,3.936372820223109,3.9407711029052734,632000
2002-11-11,3.9363722970992994,3.9561641470954823,3.8506078934113517,3.8967885971069336,1934400
2002-11-12,3.8923915945026883,3.978156017140863,3.804427610886411,3.8242194652557373,2796000
2002-11-13,3.81542502277181,3.8923933330933194,3.80662845270373,3.8484113216400146,1621800
2002-11-14,3.9143822062736713,3.9561650569239757,3.8945903517258094,3.934174060821533,1023200
2002-11-15,3.936371251729387,4.011140349760265,3.9253759688484986,3.9913485050201416,633200
2002-11-18,3.9913495949654787,4.066118713414076,3.9803543090820312,3.9803543090820312,588600
2002-11-19,3.9913493804084057,4.028733937623078,3.951765682246606,4.002345085144043,1185600
2002-11-20,4.00674339313928,4.046327095702733,3.958363545252448,4.000146389007568,717400
2002-11-21,4.046325950244864,4.103502346712539,4.026534104565931,4.06831693649292,1195800
2002-11-22,4.068317776709448,4.200263302004894,4.057322491036187,4.182670593261719,1527800
2002-11-25,4.200263372560074,4.261837644473868,4.134290399082519,4.191466808319092,1641200
2002-11-26,4.182670424179604,4.213457558374793,4.081512038413171,4.085910320281982,1482800
2002-11-27,4.121096510285636,4.149684928358552,4.05732308898424,4.110101222991943,335800
2002-11-29,4.125495941658445,4.13429209005388,4.0727177929555145,4.127695083618164,226800
2002-12-02,4.145287090088846,4.165078944894078,4.039730810756524,4.06611967086792,444600
2002-12-03,4.090309370308639,4.145286645663746,4.026535529563919,4.110101222991943,615200
2002-12-04,4.123294582942103,4.156280855716997,4.011140919952892,4.017738342285156,2003800
2002-12-05,4.046324211062719,4.079310466535136,3.967157281817517,4.004541397094727,1370800
2002-12-06,4.0023455301992374,4.013340816714288,3.940770835162391,4.000146389007568,1718000
2002-12-09,4.02433530122101,4.088109124740062,4.013340016897205,4.0551228523254395,3216200
2002-12-10,4.068317612249983,4.101303887379577,4.026534773382766,4.085910320281982,945000
2002-12-11,4.052922592898248,4.138686961392523,4.046325172459038,4.123293399810791,544400
2002-12-12,4.145284999549038,4.1562802824764455,4.112298731323662,4.136488437652588,564400
2002-12-13,4.189268489003505,4.222255191934413,4.1496852004844476,4.1782732009887695,1904600
2002-12-16,4.2112583012807585,4.246443716374235,4.191466452860274,4.244244575500488,2224400
2002-12-17,4.266236108071967,4.286027959012814,4.244245115977327,4.248643398284912,2132400
2002-12-18,4.248643742666399,4.283829165092526,4.224453607457192,4.235449314117432,763200
2002-12-19,4.261838234826763,4.277232224380867,4.2112592417646875,4.239847660064697,660000
2002-12-20,4.272558922059105,4.305938202423199,4.261432212310688,4.283685207366943,975000
2002-12-23,4.283684801535749,4.314838736998674,4.241404157378539,4.26588249206543,760000
2002-12-24,4.272559068281911,4.277009327893004,4.239179362334862,4.248080730438232,346800
2002-12-26,4.281460591953853,4.332642192160028,4.252531990580126,4.274784564971924,447200
2002-12-27,4.252532122776103,4.332642326846344,4.210251466124163,4.259207725524902,466400
2002-12-30,4.250304689152024,4.285909301096381,4.219150335370371,4.270332336425781,779600
2002-12-31,4.294810970335233,4.294810970335233,4.228052417726291,4.261431694030762,749600
2003-01-02,4.312615100061201,4.372698077439875,4.2747851244273,4.361571788787842,1050000
2003-01-03,4.4060750007629395,4.450580980342556,4.377146411144523,4.4060750007629395,1241800
2003-01-06,4.3949490143783105,4.606351794972711,4.3949490143783105,4.604126453399658,4366200
2003-01-07,4.5618463573174575,4.606352345213851,4.455032495694782,4.503988742828369,2822200
2003-01-08,4.517338212603101,4.561844179249974,4.472832670396581,4.535140514373779,2331000
2003-01-09,4.557395904609089,4.566297272415713,4.501763629139425,4.512890338897705,1329400
2003-01-10,4.539593593436419,4.539593593436419,4.483961317966756,4.512890338897705,1121000
2003-01-13,4.572972579305009,4.572972579305009,4.38827345361901,4.417202472686768,1595200
2003-01-14,4.439455165025578,4.439455165025578,4.372696188628192,4.426103115081787,1967600
2003-01-15,4.423881305240879,4.439458709278227,4.386051315746187,4.412755012512207,811200
2003-01-16,4.437229356244862,4.468383287286307,4.40162474235736,4.4060750007629395,1459200
2003-01-17,4.417202199064651,4.448356133570369,4.36156993062414,4.386047840118408,1060000
2003-01-21,4.394949996580608,4.428329278755125,4.294811725616455,4.294811725616455,813000
2003-01-22,4.31038776315369,4.317063362822684,4.205798840974468,4.2569804191589355,1652000
2003-01-23,4.283685877884644,4.359345818254482,4.283685877884644,4.334867477416992,830400
2003-01-24,4.279235054077589,4.314839680806215,4.1968995139328795,4.223602771759033,1075800
2003-01-27,4.2236029178486,4.23695497166414,4.054480722817572,4.061156749725342,777200
2003-01-28,4.116787050299423,4.1902216131379575,4.094534062436743,4.1835455894470215,1289800
2003-01-29,4.183547015326511,4.216926720717565,4.112337769448022,4.18132209777832,959000
2003-01-30,4.2213763646860425,4.2213763646860425,4.110111828115547,4.114562511444092,1651800
2003-01-31,4.127915227789643,4.161294937133789,4.09898662739077,4.161294937133789,681800
2003-02-03,4.183548755291431,4.192450126948673,4.1434938561561285,4.174647808074951,570400
2003-02-04,4.159067515012092,4.163517772850605,4.119012223382502,4.154616832733154,343400
2003-02-05,4.159069420060923,4.159069420060923,4.063381829436484,4.092310428619385,388000
2003-02-06,4.10566257460379,4.107887492372368,4.025551952834935,4.05448055267334,543400
2003-02-07,4.072282684171462,4.072282684171462,3.9632434674303254,3.9832711219787598,1351400
2003-02-10,4.003298110790767,4.027776445488315,3.9610174666151488,3.996622085571289,655000
2003-02-11,4.041129216888744,4.047805244000449,3.9076116457392467,3.9298646450042725,1032000
2003-02-12,3.9387660256612453,3.949892313104996,3.7829954548047846,3.794121742248535,1419800
2003-02-13,3.787445262285991,3.905385409858059,3.7184609379032243,3.8475282192230225,1006400
2003-02-14,3.894260803670789,3.9120631217956543,3.849754796138254,3.9120631217956543,826400
2003-02-18,3.938762783285905,3.9832683208647675,3.920960483366298,3.9543397426605225,1273200
2003-02-19,3.9610180239475112,3.992172388248091,3.9231880579287055,3.9565677642822266,1499800
2003-02-20,3.9788176397747885,4.005521301874354,3.945438380480564,3.9543397426605225,797200
2003-02-21,4.003300246062484,4.043355569862898,3.954343974995734,4.005525588989258,633600
2003-02-24,4.027775551967175,4.027775551967175,3.961016587903808,3.978818893432617,1722800
2003-02-25,3.9966242172821596,4.02777859381624,3.943217260361861,4.005525588989258,1316400
2003-02-26,4.005523790372796,4.005523790372796,3.9187375774023687,3.936539888381958,1510000
2003-02-27,3.961017441123143,3.992171800839668,3.9276381641216482,3.9432151317596436,1273200
2003-02-28,3.943216740318058,3.98994808673572,3.9387664794921875,3.9387664794921875,1975000
2003-03-03,3.9832721542407183,4.025552816404482,3.9610191518155418,3.9654698371887207,427400
2003-03-04,3.9521142893826595,3.9921695691692882,3.927635968526321,3.9409875869750977,625200
2003-03-05,3.958793625233613,3.983271542143212,3.9231885721602224,3.981046199798584,479000
2003-03-06,3.9943982538663505,4.0010738564595805,3.940990886476591,3.981046199798584,871200
2003-03-07,3.9877220902601884,4.016650690868291,3.9498921205784314,3.9943981170654297,842800
2003-03-10,3.99217084770181,3.99217084770181,3.894257957359172,3.9009339809417725,1979400
2003-03-11,3.9276394560566454,3.956568483563413,3.887584140703075,3.8942601680755615,1734000
2003-03-12,3.909834921278139,3.938763932362307,3.869779628663404,3.9009339809417725,546600
2003-03-13,3.9610171232684563,3.9921714804849775,3.9165115656513563,3.9699184894561768,858400
2003-03-14,3.992173741510846,4.014426745142959,3.963244709456875,3.9854977130889893,845200
2003-03-17,4.005523342208251,4.076732578159247,3.9810450081848994,4.074507236480713,920600
2003-03-18,4.083407330124702,4.125687959954114,4.06337968570237,4.121237277984619,1044600
2003-03-19,4.150166775757927,4.156842800182206,4.090083829260873,4.098985195159912,627800
2003-03-20,4.139041542335968,4.161294538285634,4.1012115765537125,4.145717144012451,1068600
2003-03-21,4.183277223249748,4.21476411819458,4.158537274949225,4.21476411819458,1209200
2003-03-24,4.172029876453052,4.183275497849907,4.097810491140179,4.111305236816406,574800
2003-03-25,4.131548728300298,4.20351902072314,4.115804851478118,4.167533874511719,637800
2003-03-26,4.212512818112028,4.214761942157856,4.120300877115832,4.131546497344971,815600
2003-03-27,4.1135567706808365,4.183277948275319,4.095563765906163,4.151790618896484,1173200
2003-03-28,4.172030275326203,4.181026773303811,4.1382942658634425,4.158535957336426,589000
2003-03-31,4.160787912260717,4.192274818648452,4.109059300630316,4.138297080993652,617200
2003-04-01,4.163035623991096,4.178779071836495,4.118053976738429,4.167533874511719,992400
2003-04-02,4.2372561282658685,4.2372561282658685,4.167534943224207,4.169784069061279,1286200
2003-04-03,4.205768891980754,4.205768891980754,4.1405455347930875,4.1540398597717285,848600
2003-04-04,4.183274439219437,4.217010436919495,4.156285383673498,4.205765247344971,487200
2003-04-07,4.295728050870623,4.3069732404451475,4.18777268663984,4.205765247344971,628800
2003-04-08,4.2170129159736955,4.237254612288509,4.1720312732792815,4.178778648376465,616000
2003-04-09,4.223761802220329,4.235007002428797,4.151791062364706,4.169784069061279,790600
2003-04-10,4.205765247344971,4.205765247344971,4.163032754804104,4.205765247344971,384400
2003-04-11,4.2417515873282206,4.244000711684552,4.169781323832037,4.192271709442139,485800
2003-04-14,4.2305081335137595,4.250749834117204,4.194522983324709,4.246251583099365,823800
2003-04-15,4.257496552461178,4.486902171184296,4.235005729825757,4.300229072570801,683600
2003-04-16,4.32946660846757,4.3339648585476676,4.273239769396562,4.2957305908203125,596400
2003-04-17,4.31822230735888,4.329467505913379,4.277738906199762,4.304727554321289,475600
2003-04-21,4.351956495375354,4.360952564627042,4.322718305109909,4.345209121704102,597600
2003-04-22,4.3294681552131955,4.410434969674204,4.300230377200549,4.4059367179870605,741400
2003-04-23,4.419431044071598,4.419431044071598,4.3362155327439105,4.4059367179870605,988800
2003-04-24,4.430675315104938,4.498147353821556,4.423927939642572,4.446418762207031,1252000
2003-04-25,4.473406822509382,4.493648517279021,4.417179987921877,4.4351725578308105,605800
2003-04-28,4.453164782008471,4.520637235661128,4.453164782008471,4.49589729309082,889800
2003-04-29,4.543128886371203,4.552124957788007,4.475656420349799,4.502645492553711,2158200
2003-04-30,4.522886360347217,4.534131554800991,4.480153849264869,4.49589729309082,727200
2003-05-01,4.49814676700043,4.49814676700043,4.410433042316467,4.4351725578308105,1731400
2003-05-02,4.453164506575429,4.475655323068566,4.426175869964979,4.471157073974609,1047800
2003-05-05,4.498147024096427,4.518388720022999,4.46441100721105,4.489150524139404,1012400
2003-05-06,4.531884184177242,4.531884184177242,4.468910384499473,4.482404708862305,1348400
2003-05-07,4.4981458941540335,4.4981458941540335,4.450915568174194,4.4756550788879395,1895800
2003-05-08,4.475657642282765,4.480155893707644,4.441921614549911,4.4689106941223145,553800
2003-05-09,4.480155389778702,4.5206387900952905,4.475657138859788,4.498147964477539,722800
2003-05-12,4.54087830674643,4.552123499659582,4.491398428384694,4.531881809234619,428800
2003-05-13,4.547626672676527,4.547626672676527,4.50939240425097,4.540879726409912,1081800
2003-05-14,4.563369157659911,4.565617853079045,4.525134900885385,4.56112003326416,1072000
2003-05-15,4.5768640269482095,4.6488343003841255,4.5768640269482095,4.6308417320251465,1778600
2003-05-16,4.65333253916866,4.732050186426985,4.63533997085047,4.7275519371032715,1771400
2003-05-19,4.67807558010874,4.70956292014184,4.651086921768357,4.653336048126221,1648200
2003-05-20,4.615097548915518,4.700562127683614,4.610599300302303,4.6735734939575195,1044200
2003-05-21,4.687069621721727,4.687069621721727,4.633091904438053,4.66232967376709,1208400
2003-05-22,4.6848202970436175,4.761288833849942,4.666827725381937,4.745545387268066,5728800
2003-05-23,4.777030163973958,4.96820142129156,4.761286724367194,4.925468921661377,4469800
2003-05-27,4.8917354557580515,5.019932592169219,4.8917354557580515,4.99744176864624,2547400
2003-05-28,5.042423790689541,5.042423790689541,4.9704534932451105,4.97495174407959,2897800
2003-05-29,5.008686018362659,5.035674655991543,4.869243294024552,4.900730609893799,3267800
2003-05-30,4.932218476474208,4.9816979412730555,4.7275528130662865,4.950211048126221,2462400
2003-06-02,5.015434636438082,5.026680263348893,4.970453415725252,4.992944240570068,2364400
2003-06-03,5.008686297909557,5.033425812287364,4.970452034987473,5.013184547424316,966800
2003-06-04,5.026677993440659,5.089651759796777,5.006436303118589,5.082904815673828,2277200
2003-06-05,5.0559157274756625,5.094149983565915,5.0041871542290295,5.024428844451904,1815200
2003-06-06,5.105395819124712,5.105395819124712,4.970451354980469,4.970451354980469,1720200
2003-06-09,4.970452076456586,4.999689840593085,4.950210382447975,4.965953826904297,1904800
2003-06-10,5.004187293420731,5.004187293420731,4.959205663012818,4.988443851470947,852600
2003-06-11,4.988444301560823,5.0356746316716015,4.9704517335695755,5.026678562164307,1227200
2003-06-12,5.046920861011307,5.087404251098633,5.010935720706287,5.087404251098633,1319000
2003-06-13,5.094152650403958,5.103149152535706,4.9951932718388905,5.019933223724365,842200
2003-06-16,5.037921056782839,5.116638660430908,5.037921056782839,5.116638660430908,1673600
2003-06-17,5.161624809961119,5.161624809961119,5.078408886300778,5.091903209686279,3238200
2003-06-18,5.096396978664935,5.121136907262553,5.0626609853804565,5.116638660430908,686600
2003-06-19,5.161623447329102,5.161623447329102,5.107645310083329,5.13238525390625,1066200
2003-06-20,5.169358242997845,5.173894428486348,5.108115196228027,5.108115196228027,891000
2003-06-23,5.103579065120116,5.10811568367725,5.033263208027584,5.053677558898926,1031000
2003-06-24,5.065020088251756,5.065020088251756,4.981094352031863,5.021923065185547,1317000
2003-06-25,5.0355300772164595,5.08089495190681,5.006042497663879,5.012847423553467,707000
2003-06-26,5.035531014010388,5.062749857361178,5.01738497423129,5.060481548309326,758600
2003-06-27,5.0559477993647945,5.062752297163806,4.992436413213176,4.994704723358154,491600
2003-06-30,5.058213271235226,5.058213271235226,4.994702347924728,5.017385005950928,370400
2003-07-01,4.987897385464814,5.021921155945728,4.922118153553143,4.983360767364502,1376800
2003-07-02,4.974288432938036,5.030994866632932,4.967483505145776,5.0196533203125,630200
2003-07-03,5.019653342578791,5.046872621232813,4.972020145728948,4.990166187286377,591800
2003-07-07,4.990164303712199,5.0309929899642665,4.990164303712199,4.999237537384033,432000
2003-07-08,4.996970176886661,5.00377467079575,4.942532062435576,4.9606781005859375,954800
2003-07-09,4.9357270917778475,4.978824094238156,4.910776127305721,4.9243855476379395,781800
2003-07-10,4.924386524049965,4.924386524049965,4.790559737749117,4.8359246253967285,1218400
2003-07-11,4.842730524244547,4.869949375763607,4.8200478595547676,4.865413188934326,1014000
2003-07-14,4.894898894998297,4.915313243886603,4.8313875392751555,4.858606815338135,524800
2003-07-15,4.84953357734048,4.854070195455279,4.763339996337891,4.763339996337891,2393400
2003-07-16,4.79736424625596,4.79736424625596,4.665805336232113,4.683951377868652,1175000
2003-07-17,4.683949962744503,4.717973726454217,4.649926199034789,4.672608852386475,779200
2003-07-18,4.729316227510476,4.763339998112709,4.697560333330771,4.745193958282471,406800
2003-07-21,4.761073648651615,4.761073648651615,4.652197364858093,4.677148342132568,655400
2003-07-22,4.699829567219856,4.774682050328502,4.665805789922436,4.75653600692749,703200
2003-07-23,4.761073131649895,4.763341441395433,4.708903305410072,4.727049350738525,584200
2003-07-24,4.740658293504777,4.786023618521126,4.720243940511,4.724780559539795,681000
2003-07-25,4.758803378223092,4.779217727103969,4.717974680461339,4.763339996337891,670000
2003-07-28,4.797363775894933,4.797363775894933,4.711170194731226,4.729316234588623,570000
2003-07-29,4.790559277787119,4.790559277787119,4.683950915147851,4.708901882171631,1551800
2003-07-30,4.754268714232132,4.754268714232132,4.674880027770996,4.674880027770996,1002400
2003-07-31,4.6952953103132655,4.731587412029026,4.672612638581921,4.681685447692871,2011600
2003-08-01,4.708902822426142,4.708902822426142,4.645391453972882,4.661269187927246,1935000
2003-08-04,4.681683540907373,4.681683540907373,4.597758252109788,4.661269187927246,444200
2003-08-05,4.672610757534876,4.672610757534876,4.57507561119988,4.588685035705566,1177600
2003-08-06,4.570539478021865,4.659001828302289,4.563734981363575,4.615904808044434,1280800
2003-08-07,4.6635356276254045,4.672608862039073,4.604560901843444,4.658999443054199,881600
2003-08-08,4.652198277287308,4.693026999876533,4.649929966850576,4.681685447692871,552000
2003-08-11,4.702099808987484,4.711173050734414,4.652198277287308,4.681685447692871,568000
2003-08-12,4.704365260505504,4.745193958282471,4.674878108019759,4.745193958282471,787800
2003-08-13,4.761073120312959,4.761073120312959,4.697561745496681,4.699830055236816,1283800
2003-08-14,4.722511280878559,4.761071669438409,4.697560313976387,4.717974662780762,310400
2003-08-15,4.740657343739557,4.747462270919421,4.683950915147851,4.708901882171631,191800
2003-08-18,4.745194416754906,4.745194416754906,4.67941474561745,4.697560787200928,468600
2003-08-19,4.727048864761143,4.727048864761143,4.665805805835432,4.7020978927612305,819400
2003-08-20,4.72931528276441,4.751997936179963,4.677145482753575,4.747461318969727,1173000
2003-08-21,4.733854270111275,4.786024096242392,4.7225127214072185,4.7656097412109375,1131400
2003-08-22,4.767878049533368,4.786024094818613,4.699830055236816,4.699830055236816,1136800
2003-08-25,4.679414284749294,4.7361207131922045,4.679414284749294,4.722511291503906,420200
2003-08-26,4.738388532818733,4.76333949719986,4.7043647657944385,4.736120223999023,483800
2003-08-27,4.717973751169293,4.761070749499696,4.717973751169293,4.751997947692871,885000
2003-08-28,4.7293162257483345,4.770144923510088,4.7293162257483345,4.763339996337891,1055800
2003-08-29,4.763339502994764,4.7746806144714355,4.736120229760813,4.7746806144714355,1060600
2003-09-02,4.756536014038941,4.863144397735596,4.756536014038941,4.863144397735596,1921000
2003-09-03,4.849534530523144,4.8948998553163126,4.849534530523144,4.879022121429443,1926400
2003-09-04,4.8903641966241,4.899437436418754,4.867681529773351,4.881291389465332,1985200
2003-09-05,4.9085092650163755,4.913045884009281,4.856339444505355,4.872217178344727,1858000
2003-09-08,4.899434069346172,4.9289212131423685,4.86541030877038,4.908506870269775,1332800
2003-09-09,4.951605325320288,4.951605325320288,4.879021165973967,4.897167205810547,709800
2003-09-10,4.897167189880806,4.913044920606701,4.872216222948276,4.89036226272583,672200
2003-09-11,4.931192901503934,4.931192901503934,4.8767547607421875,4.8767547607421875,2797800
2003-09-12,4.876750483309467,4.92211577713864,4.858604452304898,4.9130425453186035,4241000
2003-09-15,4.931193400600628,4.931193400600628,4.872218633980801,4.885828495025635,1135600
2003-09-16,4.899435026802457,4.937995411693383,4.879020679940456,4.928922176361084,296200
2003-09-17,4.933458805098457,4.9379954227747875,4.899435037797327,4.915312767028809,1008800
2003-09-18,4.924387459641308,4.983362214160083,4.915314653442334,4.969752788543701,494000
2003-09-19,4.982339102397596,4.998359415183314,4.95487539725009,4.977761745452881,479000
2003-09-22,5.007512517636748,5.007512517636748,4.922833616631695,4.950296878814697,669000
2003-09-23,4.952585015575792,5.0006463739253535,4.936564708299484,4.973182678222656,384800
2003-09-24,4.982338637970303,4.982338637970303,4.909102679764668,4.913679599761963,576200
2003-09-25,4.915969789984993,4.9571651382759585,4.909104189617083,4.922835826873779,487600
2003-09-26,4.920545066845939,4.977760707158102,4.89079312595272,4.968605995178223,1868800
2003-09-29,4.95716426629371,5.021245956420898,4.954875587733367,5.021245956420898,506400
2003-09-30,4.977763749305756,5.0120930671691895,4.950300033102432,5.0120930671691895,350400
2003-10-01,5.0281128486477495,5.034978886094498,4.945722581891333,5.018958568572998,1570600
2003-10-02,5.012091058204321,5.0693067105503085,5.012091058204321,5.067018032073975,384000
2003-10-03,5.073883813473036,5.112790472581231,5.057863501461561,5.078461170196533,664400
2003-10-06,5.092191424600081,5.092191424600081,5.057862131513647,5.071593761444092,351600
2003-10-07,5.057864049398264,5.080750398974344,5.018957386075169,5.055575370788574,756000
2003-10-08,5.071595079596816,5.078461114606903,5.02582238590441,5.037265777587891,1096200
2003-10-09,5.057864922887259,5.085328197904793,5.0372672483636665,5.046421527862549,798800
2003-10-10,5.096768712912405,5.096768712912405,5.018955416797662,5.030398368835449,407800
2003-10-13,5.028110659588333,5.076172027749547,5.012090349041503,5.062440395355225,680200
2003-10-14,5.053288378808119,5.080752094770107,5.037268059714026,5.076174736022949,992600
2003-10-15,5.092195099864509,5.092195099864509,5.005227465509079,5.0120930671691895,1691000
2003-10-16,5.009800985839816,5.0487076360708345,5.007512308000266,5.034976005554199,784600
2003-10-17,5.092194575120217,5.092194575120217,5.002938270568848,5.002938270568848,381200
2003-10-20,5.03726664959343,5.03726664959343,4.996071305443056,5.028111934661865,406800
2003-10-21,5.034977591262153,5.06015261890512,5.012091242179529,5.021245956420898,699000
2003-10-22,5.046421845318166,5.073885558584247,5.01209253112625,5.018958568572998,617800
2003-10-23,5.032689292127648,5.046420928004161,4.991493947977274,5.028111934661865,829600
2003-10-24,5.041845462766203,5.067020063054875,4.991495389146937,5.0120930671691895,872800
2003-10-27,5.034977773186495,5.069307079790421,5.014380101919976,5.032689094543457,663800
2003-10-28,5.034978886094498,5.067019521137499,4.98005189608325,5.018958568572998,1834200
2003-10-29,5.018958289897925,5.046421565118208,4.998360615222268,5.014380931854248,942400
2003-10-30,5.08990467689229,5.09219335550198,5.01666870746548,5.055575370788574,817000
2003-10-31,5.07617391840591,5.078462597410852,5.0235356108549,5.046421527862549,413000
2003-11-03,5.07388243918594,5.092191424600081,5.039553146099506,5.071593761444092,705600
2003-11-04,5.073885239400968,5.1013489509393874,5.025823853338956,5.046421527862549,638200
2003-11-05,5.044131278991699,5.055574232943899,5.000647268236057,5.044131278991699,496200
2003-11-06,5.080748501746258,5.080748501746258,4.991491815381415,5.023532867431641,911200
2003-11-07,5.025824448544248,5.041845203476171,4.980052172587282,4.991495132446289,682200
2003-11-10,5.021246385211868,5.032689342469955,4.980051040649414,4.980051040649414,1830200
2003-11-11,4.980052272398762,4.99836127045269,4.966320632988553,4.9846296310424805,1063600
2003-11-12,4.986917060181982,5.016669010865671,4.982339702685772,4.9960713386535645,1218000
2003-11-13,5.005226949726692,5.016669908995001,4.980051915511315,5.002938270568848,1345200
2003-11-14,4.991493981157355,5.0281119680853585,4.991493981157355,4.9960713386535645,1348000
2003-11-17,4.980051934028221,4.9892062141727225,4.925124943598463,4.954876899719238,1760800
2003-11-18,4.980050488565131,5.0235345070627675,4.86561918258667,4.86561918258667,592000
2003-11-19,4.867908174594684,5.126522750692311,4.863330817295762,4.927412509918213,1381600
2003-11-20,4.952587359045761,4.966319431655182,4.886217420850258,4.915969371795654,1862400
2003-11-21,4.893081077527601,4.929699486756899,4.88621548047015,4.906813144683838,966200
2003-11-24,4.938855361796642,4.991493660054318,4.93198932599402,4.982339382171631,2257000
2003-11-25,4.996069756168513,5.016667421856391,4.966317814908631,5.009801387786865,650200
2003-11-26,5.002937936331307,5.057864922887259,5.000649257326365,5.046421527862549,942000
2003-11-28,5.055574080610854,5.057862758636475,5.030399058849725,5.057862758636475,508200
2003-12-01,5.078459794669636,5.087614069116384,5.03497579061581,5.071593761444092,780000
2003-12-02,5.041844274747061,5.0944825788357955,5.041844274747061,5.080750942230225,550000
2003-12-03,5.112789087756069,5.112789087756069,5.060150809255496,5.071593761444092,582000
2003-12-04,5.071594422723179,5.089903410524607,5.048708078841219,5.083037376403809,960600
2003-12-05,5.094481929623556,5.147120227004361,5.080750294767869,5.110502243041992,839200
2003-12-08,5.124232292175293,5.144829956345163,5.103634628005422,5.124232292175293,603800
2003-12-09,5.147120882924529,5.158564277196553,5.080750942230225,5.080750942230225,594400
2003-12-10,5.115078701930926,5.218066600044534,5.092192356843216,5.103635311126709,253200
2003-12-11,5.101348424468784,5.137966411727027,5.0944823881625485,5.126523017883301,2181200
2003-12-12,5.160851111590334,5.160851111590334,5.103635465401879,5.137965202331543,1920200
2003-12-15,5.1928930087450675,5.195181687344629,5.119657039642334,5.119657039642334,719200
2003-12-16,5.172294348913233,5.181448625040349,5.128810336877443,5.151696681976318,2967000
2003-12-17,5.165429197682514,5.195181582354736,5.1265225353178545,5.174583911895752,3506200
2003-12-18,5.236376565096625,5.252397315209487,5.179160909970251,5.2409539222717285,5651200
2003-12-19,5.271446000898438,5.301476396156682,5.222935972465493,5.252965927124023,937200
2003-12-22,5.299166890873362,5.301476955413818,5.246036287642381,5.301476955413818,483600
2003-12-23,5.343057354863181,5.345367419645545,5.308407264327324,5.329197406768799,843800
2003-12-24,5.36846655854129,5.36846655854129,5.315336400919257,5.338436603546143,250400
2003-12-26,5.336127137077325,5.359227342292332,5.329196943332892,5.345366954803467,330600
2003-12-29,5.313027584222209,5.386947897506721,5.313027584222209,5.384637832641602,438200
2003-12-30,5.400804343226299,5.41235466006055,5.377704590756868,5.398494720458984,361600
2003-12-31,5.423904160070373,5.423904160070373,5.361533775290297,5.389254093170166,1125800
2004-01-02,5.405426203881282,5.4262163402523385,5.359226243523129,5.375396251678467,404800
2004-01-05,5.407738040692967,5.414668235288323,5.336127792273574,5.384637832641602,818800
2004-01-06,5.405424551560536,5.405424551560536,5.338434475308737,5.373084545135498,375400
2004-01-07,5.4054279872534305,5.4054279872534305,5.352297817042863,5.400807857513428,903000
2004-01-08,5.416974786794251,5.416974786794251,5.382324276891032,5.398494720458984,468800
2004-01-09,5.389254232020674,5.410044360816343,5.370774166491136,5.380014419555664,1283800
2004-01-12,5.391564560039193,5.398494750177894,5.354604427165194,5.377704620361328,1109400
2004-01-13,5.380016682640999,5.386946434754854,5.343056095435066,5.352296352386475,1831000
2004-01-14,5.380016307842374,5.416976451873779,5.35922617174975,5.416976451873779,550600
2004-01-15,5.426214599662115,5.428524663028966,5.370774400656318,5.398494720458984,512000
2004-01-16,5.428524286483602,5.428524286483602,5.370774028116755,5.389254093170166,1305000
2004-01-20,5.377707257718825,5.437767613244007,5.373087128693867,5.428527355194092,713800
2004-01-21,5.416976915361335,5.534787109166723,5.410046722537609,5.523237228393555,3247600
2004-01-22,5.54402494430542,5.553265197367031,5.493204874265113,5.54402494430542,543800
2004-01-23,5.571747127915291,5.571747127915291,5.486276520883983,5.495516777038574,567200
2004-01-26,5.507069469433212,5.516309289707486,5.428529014402378,5.463179111480713,1229000
2004-01-27,5.509375452272181,5.509375452272181,5.440074868866502,5.444694995880127,664800
2004-01-28,5.435455151757932,5.5417154288738555,5.435455151757932,5.465485095977783,816600
2004-01-29,5.511687066872973,5.5324772036854615,5.46317660077727,5.5093770027160645,1412800
2004-01-30,5.530164369640289,5.54171424404017,5.465483927442348,5.500133991241455,410200
2004-02-02,5.541714677717685,5.541714677717685,5.465484355154313,5.467794418334961,453000
2004-02-03,5.474727989673091,5.516307830810547,5.451627784196878,5.516307830810547,480600
2004-02-04,5.541717656685683,5.541717656685683,5.407737004382893,5.426217079162598,1511400
2004-02-05,5.4377678527266475,5.453937864426381,5.384637247799242,5.3938775062561035,1305400
2004-02-06,5.4400763511657715,5.451626671847037,5.393876390239758,5.4400763511657715,816600
2004-02-09,5.4793456747614195,5.4793456747614195,5.433145721301817,5.472415924072266,3244000
2004-02-10,5.426214908877289,5.518615245819092,5.426214908877289,5.518615245819092,656800
2004-02-11,5.500138120049527,5.5440284687954335,5.467798094973489,5.513998508453369,391600
2004-02-12,5.507066832682895,5.546337041395973,5.49782657623291,5.49782657623291,509000
2004-02-13,5.520927612294885,5.5278578056811885,5.465487387003693,5.4908976554870605,515600
2004-02-17,5.5209256301700345,5.5463358895306,5.497825434442209,5.53247594833374,939800
2004-02-18,5.527857002247556,5.564817147069797,5.527857002247556,5.550957202911377,576800
2004-02-19,5.567128675535375,5.576368493871472,5.497828055315553,5.513998508453369,1158400
2004-02-20,5.520928724931462,5.532479049569712,5.442388279790693,5.4608683586120605,693000
2004-02-23,5.440076278662064,5.50475675181606,5.440076278662064,5.481656551361084,642200
2004-02-24,5.511686160377166,5.511686160377166,5.433145754358409,5.451625823974609,453600
2004-02-25,5.463176390591287,5.52323673456113,5.456246638986858,5.50706672668457,906200
2004-02-26,5.500134623461804,5.548645070836225,5.500134623461804,5.54402494430542,597000
2004-02-27,5.530167533698753,5.608707958232966,5.530167533698753,5.604087829589844,1003400
2004-03-01,5.65028644315009,5.659526698226847,5.604086489565149,5.631806373596191,720000
2004-03-02,5.659530190648412,5.659530190648412,5.604089947775271,5.606400012969971,959600
2004-03-03,5.64335804185695,5.64335804185695,5.5694377459658595,5.604087829589844,478800
2004-03-04,5.647976450478307,5.647976450478307,5.611016313788517,5.6433563232421875,496400
2004-03-05,5.63642817004704,5.687248706817627,5.629498417287228,5.687248706817627,1195400
2004-03-08,5.710348899402442,5.717279093282947,5.659528799411402,5.671078681945801,1093000
2004-03-09,5.652597145271409,5.666457529451806,5.627187322140005,5.638737201690674,474800
2004-03-10,5.629498724580945,5.664148812070658,5.5740580558776855,5.5740580558776855,577800
2004-03-11,5.601776376774012,5.611016631769905,5.493206024169922,5.493206024169922,2798200
2004-03-12,5.5139952145796975,5.560195159861502,5.497824771101556,5.546335220336914,1639000
2004-03-15,5.5509581967477475,5.571748337007458,5.51630766924839,5.530168056488037,3430600
2004-03-16,5.544025149539841,5.590225535359154,5.5024448904223675,5.5832953453063965,1155800
2004-03-17,5.6063986347935275,5.680318940453141,5.6017785055398575,5.671078681945801,2148600
2004-03-18,5.624875991447308,5.682626257395227,5.6063959239679555,5.645666122436523,622200
2004-03-19,5.659174770586802,5.682463645221803,5.612597465515137,5.612597465515137,578800
2004-03-22,5.647532342651743,5.647532342651743,5.538075174684996,5.547390460968018,944800
2004-03-23,5.60560961221147,5.60560961221147,5.538072377130909,5.545058727264404,928200
2004-03-24,5.5869802271819555,5.5869802271819555,5.524100392532195,5.556704998016357,821600
2004-03-25,5.56834989798225,5.586980913032441,5.542732085713824,5.566020965576172,1280600
2004-03-26,5.589308857335888,5.600953073109327,5.5660199815906495,5.584650993347168,1013600
2004-03-29,5.603283905614294,5.621914923690044,5.559035515308456,5.619585990905762,13357800
2004-03-30,5.600952982813972,5.647530733553547,5.589308767228253,5.6405439376831055,811000
2004-03-31,5.6475282080945615,5.675474934880773,5.624239343139077,5.663830280303955,1374800
2004-04-01,5.675478306529288,5.694109320722228,5.661504712735771,5.680135726928711,788000
2004-04-02,5.682463047149502,5.696436192780512,5.642872097696401,5.652187824249268,2592600
2004-04-05,5.696435745243192,5.696435745243192,5.647529517277804,5.668489456176758,1275800
2004-04-06,5.659174147559888,5.684791951257921,5.649858865250423,5.67081880569458,1375400
2004-04-07,5.682463645221803,5.682463645221803,5.612597465515137,5.612597465515137,2013200
2004-04-08,5.642871371322269,5.663831309169877,5.59862300848686,5.607938289642334,664600
2004-04-12,5.612599554653335,5.63123057245656,5.5054708691359115,5.519444465637207,2081800
2004-04-13,5.512456580506099,5.519443377379174,5.38203948159761,5.419301509857178,5355200
2004-04-14,5.356419579057148,5.4449167505682565,5.34477536634719,5.426285743713379,4540000
2004-04-15,5.414643580408379,5.496154432824101,5.414643580408379,5.456563472747803,3260200
2004-04-16,5.454234033135924,5.482180773495425,5.449576169042945,5.475193977355957,841400
2004-04-19,5.449576648790804,5.479852323862081,5.437932431731641,5.440261363983154,527600
2004-04-20,5.475193708843085,5.477522640775359,5.379709720611572,5.379709720611572,2492000
2004-04-21,5.368061579695058,5.421626091003418,5.368061579695058,5.421626091003418,1051000
2004-04-22,5.4332781656567555,5.484513376527625,5.291216313616511,5.482184886932373,967600
2004-04-23,5.484508037567139,5.496152695201273,5.440259671152235,5.484508037567139,783800
2004-04-26,5.472863888715498,5.5427300585517045,5.470534957161187,5.500810623168945,1133600
2004-04-27,5.484509259262627,5.542731227807658,5.4751939752785725,5.510127067565918,1321600
2004-04-28,5.470535520398955,5.5217706872740475,5.470535520398955,5.514784336090088,1540000
2004-04-29,5.503140576540424,5.533416250613505,5.423959103591612,5.428616523742676,1344000
2004-04-30,5.398337230982139,5.496150087713064,5.361075232627316,5.421626091003418,1931000
2004-05-03,5.470534173147152,5.470534173147152,5.405325431566735,5.458889961242676,1108800
2004-05-04,5.456562846955362,5.505469086276878,5.428616107201381,5.479851722717285,1966800
2004-05-05,5.475193440043981,5.489166586753282,5.433273555717752,5.442589282989502,1068000
2004-05-06,5.421629785516373,5.463549229082571,5.389025181589292,5.461220741271973,4005600
2004-05-07,5.444918404213233,5.444918404213233,5.267924007437061,5.295870304107666,4308600
2004-05-10,5.26093781683683,5.274910966780795,5.181755893490318,5.221346855163574,3753200
2004-05-11,5.228334523260937,5.263267626039822,5.1794278240116975,5.207374572753906,2910800
2004-05-12,5.170111708908065,5.216689023751427,5.13983603227137,5.202715873718262,4191800
2004-05-13,5.156138493528248,5.235320423198199,5.156138493528248,5.2236762046813965,2026400
2004-05-14,5.177096729570351,5.291211721238537,5.177096729570351,5.251620769500732,4348200
2004-05-17,5.212029425310113,5.2353182970843415,5.184083134539664,5.195727348327637,1825600
2004-05-18,5.279568317591273,5.286555113982387,5.2399773597717285,5.2399773597717285,1141200
2004-05-19,5.244635768016189,5.288884150487619,5.202715873718262,5.202715873718262,1320800
2004-05-20,5.214359105328469,5.281896798747644,5.214359105328469,5.256278991699219,1252800
2004-05-21,5.251621338320889,5.2935412263717865,5.232990326320308,5.249292850494385,801400
2004-05-24,5.298197128818485,5.333130207861164,5.281895054878447,5.321485996246338,1274600
2004-05-25,5.326143684766828,5.423956569413385,5.298196955925733,5.4169697761535645,1699400
2004-05-26,5.426287862531837,5.468207755373456,5.389025834272269,5.419301509857178,1494000
2004-05-27,5.449576169042945,5.4984828536224795,5.414643076742346,5.475193977355957,1467600
2004-05-28,5.449577262609137,5.503141377831986,5.430946246696908,5.486839294433594,1001200
2004-06-01,5.493824870495096,5.510126950268935,5.451904982963305,5.479851722717285,741800
2004-06-02,5.465875013101471,5.510123807390551,5.414639871007556,5.489163875579834,472800
2004-06-03,5.507797413384215,5.507797413384215,5.430944442749023,5.430944442749023,1417000
2004-06-04,5.430943464153386,5.472863339527869,5.430943464153386,5.4495744705200195,880800
2004-06-07,5.463547805538605,5.496152400970459,5.437930448511446,5.496152400970459,992400
2004-06-08,5.46354964580168,5.489167455655817,5.435603347959344,5.444918632507324,2149000
2004-06-09,5.398340849742932,5.463549168477034,5.398340849742932,5.409985065460205,1660400
2004-06-10,5.40299818079371,5.447246551513672,5.40299818079371,5.447246551513672,858000
2004-06-14,5.398340849742932,5.440260737042487,5.398340849742932,5.409985065460205,1277000
2004-06-15,5.419301120560035,5.484509443230813,5.40299903989234,5.433274269104004,1319000
2004-06-16,5.451903494002354,5.472863432043914,5.423957206079101,5.463547706604004,1427600
2004-06-17,5.454232880479291,5.514783768296532,5.451903948924981,5.500810623168945,2386400
2004-06-18,5.4925922047231905,5.53252980640717,5.473798065582943,5.530180931091309,2819000
2004-06-21,5.560720128121571,5.59126043008962,5.5207825344171795,5.567768096923828,4804400
2004-06-22,5.577160167953766,5.584208130724774,5.534873287502014,5.546619892120361,851600
2004-06-23,5.539573339712302,5.5983050334955475,5.539573339712302,5.5889081954956055,1074800
2004-06-24,5.595957551128035,5.619450325979867,5.588910032333674,5.607704162597656,593000
2004-06-25,5.617098343678275,5.619447664859665,5.565414621949284,5.5748114585876465,756200
2004-06-28,5.579511630546252,5.649989492960329,5.579511630546252,5.6006550788879395,1107200
2004-06-29,5.600657505212935,5.603006828056157,5.520782320893432,5.558370590209961,1472000
2004-06-30,5.548969987276974,5.5865582311259745,5.506683100925047,5.581859588623047,1510000
2004-07-01,5.607702608037377,5.607702608037377,5.499636052911991,5.516080856323242,591400
2004-07-02,5.478491476025428,5.59125620308593,5.476142154867435,5.57246208190918,927000
2004-07-06,5.567766557624575,5.591258884295533,5.546623105150786,5.56306791305542,786800
2004-07-07,5.5560173372237225,5.579510100950427,5.532524573497017,5.5748114585876465,1242200
2004-07-08,5.53252885478324,5.581863741595296,5.53252885478324,5.5536723136901855,1739800
2004-07-09,5.546620257757662,5.591256013988357,5.511380889666765,5.541921615600586,1874400
2004-07-12,5.527830656872009,5.5536723136901855,5.523132010873233,5.5536723136901855,919600
2004-07-13,5.56776369937733,5.56776369937733,5.525476816137996,5.541921615600586,1047200
2004-07-14,5.523132331447781,5.607706171984414,5.523132331447781,5.59126091003418,842800
2004-07-15,5.603003803762133,5.631194766489333,5.5818603576730945,5.617099285125732,798200
2004-07-16,5.631194692411656,5.661735424399517,5.626496497410443,5.657036781311035,898800
2004-07-19,5.666434168085489,5.694625130942321,5.654687560155746,5.6828789710998535,1535200
2004-07-20,5.682878265596478,5.706371030452169,5.666433464623659,5.694624423980713,965200
2004-07-21,5.706371946848895,5.708720820433176,5.598305390392996,5.605353355407715,897800
2004-07-22,5.577164940572638,5.5936097530237054,5.534878023934161,5.567768096923828,621600
2004-07-23,5.586561501879688,5.586561501879688,5.5278297804691725,5.534877300262451,535000
2004-07-26,5.527828052194541,5.56541630629831,5.506684603250254,5.520780086517334,1523800
2004-07-27,5.567766425241981,5.567766425241981,5.492589458185181,5.51373291015625,1646800
2004-07-28,5.563066051918334,5.586558818817139,5.509033001712164,5.586558818817139,1016800
2004-07-29,5.617099981211639,5.654688234897458,5.6030044981012885,5.626497268676758,2930600
2004-07-30,5.579510240809083,5.666433334350586,5.579510240809083,5.666433334350586,1599400
2004-08-02,5.687576762528675,5.715768171471997,5.649988515995742,5.7087202072143555,2224200
2004-08-03,5.72516856275499,5.72516856275499,5.6781830050579805,5.696977138519287,1795200
2004-08-04,5.711069876299432,5.74865812512058,5.661735467754403,5.74630880355835,1229200
2004-08-05,5.708719542789381,5.748657106093286,5.6781792640686035,5.6781792640686035,4024800
2004-08-06,5.631196542296663,5.7674541000132455,5.6288472199806545,5.720468997955322,3563200
2004-08-09,5.767453799404624,5.767453799404624,5.696975925947447,5.70637321472168,1292800
2004-08-10,5.7275147340612955,5.751007501821571,5.694625128049275,5.748658180236816,2030000
2004-08-11,5.7416130802510885,5.772153377532959,5.685230682747084,5.772153377532959,938600
2004-08-12,5.802692150267766,5.802692150267766,5.74630932384373,5.769802093505859,1329600
2004-08-13,5.783897555920868,5.795643715757368,5.72281653897906,5.748658180236816,908800
2004-08-16,5.640591708196764,5.781547857483342,5.640591708196764,5.774499893188477,548800
2004-08-17,5.814440287682828,5.821488255403628,5.7510099224580244,5.772153377532959,1041600
2004-08-18,5.802693501324224,5.847329281178894,5.776851403870266,5.809741020202637,962600
2004-08-19,5.816787429277422,5.828533589653786,5.7791991783683025,5.781548500061035,3975400
2004-08-20,5.812091188511726,5.81678983383953,5.753359466176619,5.8050432205200195,656800
2004-08-23,5.828536236018134,5.833234881536951,5.793297290802002,5.793297290802002,842400
2004-08-24,5.835583967063265,5.835583967063265,5.781550890055962,5.8050432205200195,890200
2004-08-25,5.833232770099802,5.837931413917866,5.795644515729966,5.828534126281738,911000
2004-08-26,5.847328253466657,5.847328253466657,5.80973999909682,5.828534126281738,711800
2004-08-27,5.852028758081049,5.852028758081049,5.802694326566296,5.826186656951904,1057200
2004-08-30,5.826184126186376,5.849676894454725,5.807390001189153,5.840280055999756,1087000
2004-08-31,5.863772181541146,5.89666223526001,5.816787094651336,5.89666223526001,1687200
2004-09-01,5.903711253550159,5.9154578643260045,5.877869606018066,5.877869606018066,1482400
2004-09-02,5.915456651298918,5.936600098272368,5.880217722372264,5.931901454925537,857800
2004-09-03,5.9671437641940726,5.988287223145133,5.884919251394121,5.91076135635376,1170600
2004-09-07,5.910759891285363,5.957745443550006,5.910759891285363,5.953046798706055,1078200
2004-09-08,5.950695286822563,5.950695286822563,5.875518789329051,5.89666223526001,2896600
2004-09-09,5.8919617662533135,5.94599480107128,5.8919617662533135,5.922502040863037,1910400
2004-09-10,5.903709623270699,5.948345835718081,5.889614142319464,5.934250354766846,1039400
2004-09-13,5.953045831927973,5.953045831927973,5.880218641023646,5.887266159057617,611200
2004-09-14,5.8943144130168665,5.913108542170836,5.875520283862897,5.877869606018066,1099000
2004-09-15,5.908406793993979,5.910756114914978,5.854373757072445,5.889612674713135,2477200
2004-09-16,5.877867290880776,5.945995814197113,5.877867290880776,5.92485237121582,2232600
2004-09-17,5.98147132749343,5.986209235004327,5.926986746613303,5.960151195526123,817800
2004-09-20,5.945936758706775,5.962518979911076,5.93409199225253,5.9388298988342285,506000
2004-09-21,5.936461477975186,5.981470690874838,5.931724022800235,5.971994876861572,783200
2004-09-22,5.9388317251306875,5.964889767511695,5.919880544807712,5.945938587188721,1283800
2004-09-23,5.94593645538357,5.9530428630619525,5.886713981628418,5.886713981628418,603600
2004-09-24,5.881979859245694,5.910406863741556,5.870135537607699,5.889086723327637,2289600
2004-09-27,5.886713852159085,5.912771432792756,5.8677626790475035,5.896189212799072,1899000
2004-09-28,5.938833291979126,5.957784477302012,5.922251061300588,5.93409538269043,1182000
2004-09-29,5.9340917239075495,5.945936489826162,5.893820423447505,5.922247409820557,1103800
2004-09-30,5.915144197367544,5.953046568013316,5.900930921333354,5.93409538269043,3325200
2004-10-01,5.936461846016466,6.000422239076305,5.934092892366283,5.981471061706543,808600
2004-10-04,6.038324300718285,6.0406932542534815,5.9933150872129355,6.005159854888916,1293800
2004-10-05,5.998054076932006,6.040694344598728,5.998054076932006,6.031218528747559,1217000
2004-10-06,6.02884973327064,6.059645229624984,6.012267056337959,6.054907321929932,1233600
2004-10-07,6.062014132143201,6.073858449448793,6.019373866912279,6.021742820739746,2245200
2004-10-08,6.035955296510373,6.090439871867414,6.0098977115053485,6.047800064086914,1482600
2004-10-11,6.07385879641428,6.07385879641428,6.028850026616535,6.031218528747559,683200
2004-10-12,5.99568592587208,6.08333542690576,5.99568592587208,6.080966472625732,1771600
2004-10-13,6.088072442740511,6.090440944841403,5.976733867064539,6.000422954559326,2048600
2004-10-14,6.026479402057036,6.026479402057036,5.9838391462105935,6.012265682220459,1065800
2004-10-15,6.040694472499172,6.0762278790298705,6.014636430188497,6.059645652770996,1248200
2004-10-18,6.076226494394475,6.076226494394475,6.017004013061523,6.017004013061523,1094400
2004-10-19,6.002791827763593,6.062014319788228,5.988578556190572,6.0075297355651855,1660600
2004-10-20,6.002792198167963,6.031218743068074,5.969627745173906,6.014636516571045,1933600
2004-10-21,6.028850394886831,6.047801575915026,6.007530259751137,6.040694713592529,673400
2004-10-22,6.076228114681797,6.092810341583773,6.026481433975869,6.078597068786621,1798800
2004-10-25,6.064380291369375,6.175718358962813,6.064380291369375,6.170980453491211,1775200
2004-10-26,6.204150295205633,6.249159077639688,6.159141060939681,6.232576847076416,1374000
2004-10-27,6.289426176016013,6.289426176016013,6.2017771728459605,6.225466251373291,2545200
2004-10-28,6.19467120677312,6.22783610222513,6.144924541342591,6.1899333000183105,2034600
2004-10-29,6.218361800650343,6.239681934399114,6.180459441059587,6.223099708557129,2271400
2004-11-01,6.258633426163916,6.279953560975416,6.223100018755346,6.272846698760986,3091000
2004-11-02,6.291798009575397,6.291798009575397,6.147295422882246,6.149663925170898,2294200
2004-11-03,6.265738780079742,6.291796364929782,6.225467474222391,6.279952049255371,1607400
2004-11-04,6.313116372414834,6.422085972203301,6.265738658802534,6.405503749847412,1970400
2004-11-05,6.462356121909514,6.467093576141589,6.329697463116426,6.3818135261535645,5742200
2004-11-08,6.3723383852582485,6.452880989498175,6.3723383852582485,6.443405628204346,5159000
2004-11-09,6.476572893642294,6.476572893642294,6.426825756711901,6.44577693939209,3365200
2004-11-10,6.445774129654074,6.46709425735474,6.407871780815478,6.443405628204346,3991200
2004-11-11,6.459985575053426,6.526314436253552,6.429189645069242,6.512101173400879,6062400
2004-11-12,6.526319172164624,6.59264853332902,6.504999036498632,6.590279579162598,3411800
2004-11-15,6.5973830364922605,6.602120942379685,6.5286847566193345,6.557111740112305,1151000
2004-11-16,6.545271396636963,6.590280629307478,6.538164984837115,6.545271396636963,2084000
2004-11-17,6.552377050024754,6.59027941206286,6.4742033718421865,6.490785598754883,1730600
2004-11-18,6.469465463629474,6.523950504412073,6.469465463629474,6.490785598754883,4391400
2004-11-19,6.533423759452465,6.533423759452465,6.441036838294031,6.467094421386719,3828000
2004-11-22,6.490786500773048,6.57369809869047,6.483680089298204,6.568960189819336,1290600
2004-11-23,6.60922908782959,6.628180264532511,6.5594824184213065,6.60922908782959,1944600
2004-11-24,6.621074041514215,6.666082805052221,6.616336134247571,6.632918357849121,1996600
2004-11-26,6.668450485251261,6.67792629797501,6.644761405273507,6.658975124359131,736400
2004-11-29,6.69214065352063,6.69214065352063,6.552375555937735,6.571326732635498,2376600
2004-11-30,6.5594818782123605,6.58080200672628,6.493152539298871,6.5002593994140625,3941600
2004-12-01,6.46709425735474,6.490783338336772,6.412609687378212,6.443405628204346,3187600
2004-12-02,6.396029423585906,6.443407600048883,6.336806928923074,6.362864971160889,7479600
2004-12-03,6.348651582440549,6.426825261451127,6.348651582440549,6.410243034362793,3010400
2004-12-06,6.426824986856705,6.47894107185823,6.3889226260365675,6.469465255737305,1342400
2004-12-07,6.478939795452238,6.486046204311127,6.414979404732076,6.419717311859131,1283200
2004-12-08,6.384184785450248,6.4291935538195615,6.367602108236984,6.3865532875061035,1543200
2004-12-09,6.396026689303084,6.405502501277508,6.353386439081343,6.388919830322266,2819200
2004-12-10,6.360493488417513,6.433929226090731,6.358124535353009,6.412609100341797,1574000
2004-12-13,6.443406243046386,6.514473040942174,6.410241345774228,6.507366180419922,2880000
2004-12-14,6.5618499578281275,6.573694271277972,6.488413768577985,6.5310540199279785,3310800
2004-12-15,6.561851501464844,6.576064771314564,6.5144733328568405,6.561851501464844,1084400
2004-12-16,6.597385329373451,6.604491738842802,6.533424933158901,6.564220428466797,4399800
2004-12-17,6.536003965492951,6.588617078866707,6.5288292634281895,6.581442832946777,1950400
2004-12-20,6.579048283291625,6.677100219672002,6.579048283291625,6.617312431335449,1253200
2004-12-21,6.660360170147872,6.686666488647461,6.629270262632915,6.686666488647461,1220400
2004-12-22,6.691447302637188,6.720145633771555,6.68427306196197,6.701013565063477,4668800
2004-12-23,6.732103234053981,6.732103234053981,6.679490157357933,6.698622226715088,1457200
2004-12-27,6.744060419173255,6.744060419173255,6.6460085160529925,6.655574321746826,1644800
2004-12-28,6.662749314577567,6.684272948526952,6.638834115062196,6.6723151206970215,1148400
2004-12-29,6.686666032799607,6.703406996705815,6.662751282365704,6.691449165344238,1410200
2004-12-30,6.701013770220528,6.722537405194142,6.69144750750136,6.693839073181152,1260200
2004-12-31,6.720148611362699,6.720148611362699,6.660360813140869,6.660360813140869,1350200
2005-01-03,6.648400810943086,6.708188589660719,6.571872527167642,6.5838303565979,4052800
2005-01-04,6.576654293550581,6.612526862104692,6.528823898048794,6.538390159606934,2575200
2005-01-05,6.552741858887985,6.552741858887985,6.435557842254639,6.435557842254639,2863800
2005-01-06,6.433166853254876,6.488171516911424,6.433166853254876,6.469039440155029,1544400
2005-01-07,6.516869860118361,6.5383935034873915,6.459473629849177,6.469039440155029,735600
2005-01-10,6.449904646010302,6.524041811333449,6.449904646010302,6.502518177032471,4130400
2005-01-11,6.4809959041379335,6.507302219030458,6.442731758708267,6.483387470245361,724600
2005-01-12,6.476211411521387,6.514475548913237,6.442730405339642,6.502518177032471,394400
2005-01-13,6.524043581387753,6.586222935555667,6.50730261761035,6.533609390258789,1750400
2005-01-14,6.581441173369598,6.605356384743508,6.524044939759044,6.588615417480469,1598200
2005-01-18,6.5766601242117,6.650796892436798,6.540787523854063,6.646014213562012,1188400
2005-01-19,6.672317087130367,6.672317087130367,6.617312431335449,6.617312431335449,2247200
2005-01-20,6.5694812323267735,6.638835277450039,6.5694812323267735,6.59578800201416,1616000
2005-01-21,6.5694804191589355,6.619702386332529,6.567088853470239,6.5694804191589355,6548800
2005-01-24,6.595787388434551,6.657966729819353,6.569480621194377,6.6268768310546875,1772800
2005-01-25,6.629271139972701,6.665144185105925,6.579049606617735,6.588615417480469,2205400
2005-01-26,6.600571681630079,6.691448915866758,6.588613850714327,6.684274673461914,2795200
2005-01-27,6.705798419563923,6.727321603265203,6.643619066247405,6.7177557945251465,2358000
2005-01-28,6.674705943215802,6.72492790222168,6.66035700756174,6.72492790222168,740000
2005-01-31,6.753629370098449,6.801459789276123,6.736888860229668,6.801459789276123,1918400
2005-02-01,6.815806252879261,6.863636654655518,6.787107920584602,6.846895694732666,3780000
2005-02-02,6.9042936582721195,6.9042936582721195,6.84689698288439,6.873203754425049,3402800
2005-02-03,6.904294677929965,6.904294677929965,6.825374807797342,6.892336845397949,3504400
2005-02-04,6.935382453874117,6.978429728295086,6.911467250735294,6.9592976570129395,1476000
2005-02-07,7.0071304490478745,7.019088283539339,6.935385266678068,6.94495153427124,1742800
2005-02-08,6.987995852230459,6.995170550340293,6.954514840007062,6.985604286193848,2912600
2005-02-09,6.980824125456143,6.9927815038028625,6.94495153427124,6.94495153427124,3361400
2005-02-10,6.952125549316406,6.990389706136418,6.935385037725743,6.952125549316406,7394800
2005-02-11,6.99516806518136,7.016691695719626,6.918639803776158,6.95690393447876,5149200
2005-02-14,7.002347280473216,7.033436735681903,6.9425594806417505,7.019087791442871,2036400
2005-02-15,7.066915542935519,7.066915542935519,6.997561954060845,7.00712776184082,1690200
2005-02-16,7.031044462631626,7.045393405429202,6.959299292499079,7.026261329650879,2099200
2005-02-17,7.074090262641882,7.074090262641882,6.992778843611377,7.011910915374756,2468200
2005-02-18,6.990386303674386,6.992777869329671,6.916249592938597,6.93777322769165,2133800
2005-02-22,6.947339151199974,6.947339151199974,6.75601845699939,6.772758960723877,8505200
2005-02-23,6.799068470660863,6.842115758261742,6.79189377067915,6.808634281158447,3474400
2005-02-24,6.827763691309354,6.870810962095563,6.796674249155159,6.861245155334473,3999200
2005-02-25,6.887551932175592,7.016693753274354,6.863637185582091,6.9951701164245605,7096200
2005-02-28,7.011909481133258,7.026258417984665,6.921032272881704,6.947338581085205,3939400
2005-03-01,6.959296001612705,7.014300636446912,6.935380804162564,6.966470241546631,2960200
2005-03-02,6.995170233648893,7.002344931433909,6.925816190160764,6.9592976570129395,5140800
2005-03-03,6.9951701164245605,7.011910621497833,6.935382337651701,6.9951701164245605,4624600
2005-03-04,7.0406088563541225,7.114745573262605,7.007127390536948,7.105179309844971,3420400
2005-03-07,7.1147474194216915,7.169752079912249,7.1147474194216915,7.155403137207031,2259000
2005-03-08,7.167360347599143,7.167360347599143,7.08844048032949,7.107572555541992,3523800
2005-03-09,7.143442499030524,7.143442499030524,6.973645005999714,6.9808197021484375,7904600
2005-03-10,6.995171877565353,7.047784971919576,6.94255878321113,7.026261329650879,4798600
2005-03-11,7.031042692459366,7.064524158750463,6.978429611351288,6.9951701164245605,3512800
2005-03-14,6.999951513989648,7.107569215432187,6.985602122215092,7.102786540985107,1106600
2005-03-15,7.105180635211229,7.155402615232884,7.071699619293213,7.071699619293213,5102200
2005-03-16,7.066915542935519,7.090830746602312,6.971255184412915,7.00712776184082,7517600
2005-03-17,7.019085970590118,7.069307490470895,7.011911272259467,7.047783851623535,1667200
2005-03-18,7.096461774936557,7.096461774936557,6.980797535525725,7.026581287384033,2703800
2005-03-21,7.06031239068867,7.06031239068867,7.004890252115714,7.024167537689209,1853800
2005-03-22,7.0313988463158426,7.0530858566810375,6.874770795594786,6.881999492645264,7424200
2005-03-23,6.8868183200815185,6.8868183200815185,6.778383277865458,6.848263740539551,13146000
2005-03-24,6.879588436677312,6.949468891962857,6.867540304196877,6.920552730560303,4757400
2005-03-28,6.9639249567037895,6.980792521692803,6.925370391126994,6.9325995445251465,1636000
2005-03-29,6.963927259109066,6.963927259109066,6.836215390764489,6.845853805541992,2611400
2005-03-30,6.8868170145622525,6.956697463989258,6.848262442328993,6.956697463989258,2348600
2005-03-31,6.983203248394688,7.033806410279327,6.915732978690826,7.024167537689209,1538600
2005-04-01,7.0844103162942815,7.108507042257195,6.992843309163392,7.04826545715332,3409600
2005-04-04,7.106096170716027,7.106096170716027,7.002480587612193,7.067541599273682,3349000
2005-04-05,7.060312282859525,7.11332516208205,7.053083588134079,7.108505725860596,2446000
2005-04-06,7.127784422359184,7.1542908672184184,7.084410406992011,7.086820125579834,1521200
2005-04-07,7.108507202168927,7.16151963279444,7.094049350108666,7.151881217956543,2021000
2005-04-08,7.180796280885065,7.180796280885065,7.082000124682522,7.096458435058594,2119600
2005-04-11,7.139831525882849,7.185615253234263,7.0892288216576755,7.166337966918945,2937000
2005-04-12,7.2048942586289675,7.253087715719544,7.101278647609038,7.2338104248046875,1536200
2005-04-13,7.253088944233034,7.253088944233034,7.171160329066273,7.183208465576172,1356400
2005-04-14,7.159113879429129,7.183210619280673,7.108511139387265,7.1157402992248535,1567800
2005-04-15,7.094048326554466,7.139831594740662,6.978384147940316,6.9904327392578125,2339800
2005-04-18,6.985613760175101,7.050674778729733,6.9398300293840505,7.016939640045166,1978800
2005-04-19,7.03622137943972,7.120559279509494,6.988027899736633,7.1157402992248535,1609600
2005-04-20,7.1326061348344565,7.1326061348344565,7.0506775151405465,7.05308723449707,1558800
2005-04-21,7.014534359534039,7.1398365794693115,7.014534359534039,7.1157402992248535,7696400
2005-04-22,7.1446519570120115,7.1687486831624945,7.103687660438239,7.161519527435303,3618000
2005-04-25,7.204893068506232,7.221760637819644,7.168748211462235,7.209712505340576,1294600
2005-04-26,7.224173705582106,7.224173705582106,7.1181488037109375,7.1181488037109375,2495800
2005-04-27,7.1566995103294495,7.204892496023219,7.0651320561798014,7.171157360076904,1151400
2005-04-28,7.20248043343837,7.204890150879725,7.1157329035826224,7.139829158782959,4466000
2005-04-29,7.120555621530005,7.243448517993828,7.120555621530005,7.241038799285889,1881000
2005-05-02,7.2820029032649005,7.301280192805772,7.2386293465030676,7.260315895080566,2191400
2005-05-03,7.301281285024383,7.301281285024383,7.202485103897374,7.224172115325928,4590600
2005-05-04,7.272366707380777,7.272366707380777,7.1783899496439085,7.231402397155762,2991400
2005-05-05,7.277184031069022,7.277184031069022,7.135013846291749,7.202484130859375,2096200
2005-05-06,7.180797055912909,7.226580791165024,7.178387796863654,7.185616493225098,2999200
2005-05-09,7.185613293824505,7.248264572166906,7.139829578957629,7.24585485458374,6276200
2005-05-10,7.253088372066101,7.253088372066101,7.185617617955104,7.192846775054932,1676200
2005-05-11,7.22899129240329,7.238630168071134,7.159110822632084,7.226581573486328,1370600
2005-05-12,7.248265070786052,7.248265070786052,7.1422397878663,7.144649505615234,1563000
2005-05-13,7.122966539264858,7.216943746266525,6.915735751173713,7.028989791870117,4103000
2005-05-16,7.031397392503979,7.074771404266357,6.992842817516706,7.074771404266357,5991000
2005-05-17,7.1085095265318605,7.166341413289791,7.050677639773931,7.156702995300293,1534400
2005-05-18,7.20248552518049,7.219353099587771,7.151882801958646,7.159111499786377,2534800
2005-05-19,7.185615867953013,7.2097125928102885,7.1567001658097205,7.200073719024658,978400
2005-05-20,7.110920006344643,7.209716214238521,7.110920006344643,7.197668075561523,1737000
2005-05-23,7.161518487174097,7.19766380095287,7.14465091920094,7.171157360076904,1258400
2005-05-24,7.1759767965283086,7.1928443645014655,7.14465091920094,7.171157360076904,904400
2005-05-25,7.188028551128543,7.2000766887230805,7.149473959297636,7.190438270568848,797600
2005-05-26,7.161519056210718,7.226580074653989,7.161519056210718,7.209712505340576,1760600
2005-05-27,7.2097112773029,7.245856128190307,7.192843710862558,7.2386274337768555,2850200
2005-05-31,7.257906891913976,7.284412878712843,7.2169425927446165,7.236219882965088,3087000
2005-06-01,7.262726109648783,7.363932001550763,7.241039099983582,7.330196857452393,4260200
2005-06-02,7.3494751950182415,7.3494751950182415,7.313330326964128,7.320559024810791,2777000
2005-06-03,7.330195755347375,7.359111917089014,7.28200230564691,7.344653606414795,2327800
2005-06-06,7.349474320323066,7.349474320323066,7.301280862248688,7.33742618560791,1858400
2005-06-07,7.337423871931201,7.436220016184544,7.337423871931201,7.3542914390563965,6210600
2005-06-08,7.373570963551635,7.416944983392442,7.351883953631231,7.368751525878906,2055400
2005-06-09,7.361522064777313,7.375980377197266,7.313329068864698,7.375980377197266,1989000
2005-06-10,7.371162324573686,7.426584487108661,7.366342886194921,7.402487754821777,2473200
2005-06-13,7.421765452165236,7.445862185761979,7.371162725258342,7.43381404876709,956400
2005-06-14,7.441039691884028,7.484413702627719,7.426581841505057,7.453088283538818,2369600
2005-06-15,7.4482699274175435,7.469956935935581,7.373570486748104,7.41694450378418,1037800
2005-06-16,7.457907712811383,7.457907712811383,7.363930536424243,7.404894828796387,2318200
2005-06-17,7.462958111685143,7.51883347699263,7.426517978388215,7.499398708343506,1842400
2005-06-20,7.516402162630691,7.518831566014557,7.445950854582548,7.513972759246826,2707800
2005-06-21,7.494536408634128,7.538264733561976,7.494536408634128,7.523688316345215,1493200
2005-06-22,7.754479782938754,7.754479782938754,7.506686145425862,7.5917134284973145,3799000
2005-06-23,7.6038621317151485,7.652449296721491,7.57471020340058,7.613579750061035,2717600
2005-06-24,7.6281510761027835,7.637868688540108,7.552841433158579,7.560129642486572,1816600
2005-06-27,7.577136516653832,7.60871783667027,7.535837582256115,7.606288433074951,1812800
2005-06-28,7.637866057612811,7.684023310707053,7.606284291431377,7.681594371795654,2219600
2005-06-29,7.720468428450896,7.720468428450896,7.637870555983689,7.659734725952148,4702600
2005-06-30,7.691317236179147,7.730186774717296,7.659735909877444,7.667023658752441,4616400
2005-07-01,7.703461825960395,7.747190161489167,7.669451104265276,7.737473011016846,1279200
2005-07-05,7.730188129947861,7.781204234462611,7.693747989099965,7.752052307128906,2177800
2005-07-06,7.752047963878388,7.776341068591901,7.620863437652588,7.620863437652588,2426600
2005-07-07,7.569844184066042,7.693740919797064,7.5309746744282045,7.681594371795654,4351600
2005-07-08,7.6961728261449736,7.771482467651367,7.676738065002638,7.771482467651367,2970600
2005-07-11,7.7982073633046864,7.8297891494356415,7.771484848149336,7.815212726593018,2863400
2005-07-12,7.8589389215521654,7.86622759434381,7.800635099554258,7.8370747566223145,3862200
2005-07-13,7.856512614427087,7.8759469193644955,7.829789634255655,7.858941555023193,3888000
2005-07-14,7.905101051964313,7.919676551356153,7.737475858535629,7.781203746795654,3005400
2005-07-15,7.781203679281665,7.810356531258406,7.7496223496965255,7.778774738311768,2163600
2005-07-18,7.778770282014534,7.795775639230783,7.756906118919005,7.773911476135254,2093200
2005-07-19,7.776344938090706,7.7982091139014695,7.742334667240577,7.781203746795654,2161200
2005-07-20,7.795778204786929,7.827359990034444,7.730185693914137,7.822501182556152,1889200
2005-07-21,7.834643008074503,7.834643008074503,7.652442007886724,7.681594371795654,7560600
2005-07-22,7.659735911897889,7.759339162348351,7.659735911897889,7.725327968597412,2408200
2005-07-25,7.7787716134749365,7.81278233372891,7.727755069732666,7.727755069732666,2857200
2005-07-26,7.766625963818302,7.790919538287979,7.73261523757759,7.75447940826416,6289600
2005-07-27,7.786058998294836,7.80063541775017,7.7471894731365225,7.788488864898682,7921200
2005-07-28,7.795776293267342,7.84193356290923,7.754477366551098,7.8370747566223145,5216200
2005-07-29,7.885664866853612,7.885664866853612,7.829789963564628,7.839507579803467,6117800
2005-08-01,7.883233974992307,7.892951588825959,7.725325993724781,7.737473011016846,3935800
2005-08-02,7.7617691298989815,7.917247295379639,7.749622108619878,7.917247295379639,6515000
2005-08-03,7.917246107422995,8.01684935015909,7.86865895631989,7.939110279083252,10550600
2005-08-04,7.968260512490107,7.968260512490107,7.873516097590255,7.888092517852783,3349600
2005-08-05,7.885666311358371,7.885666311358371,7.703465143757357,7.752052307128906,5554600
2005-08-08,7.744762250372218,7.786061190400486,7.5722787418409565,7.594142913818359,13951600
2005-08-09,7.6038579495184955,7.674309253692627,7.6038579495184955,7.674309253692627,4979800
2005-08-10,7.652448335343056,7.793351003487512,7.635442968735687,7.6718831062316895,5640600
2005-08-11,7.701033673210945,7.749620357262676,7.645158314677456,7.718039035797119,2047800
2005-08-12,7.715609387093287,7.7350441527691345,7.652446282806442,7.710750579833984,3078000
2005-08-15,7.722898562678965,7.747191675287296,7.6913167749098585,7.739903926849365,2146000
2005-08-16,7.718038612552573,7.747190528712692,7.618435382843018,7.618435382843018,4025400
2005-08-17,7.640301220116223,7.640301220116223,7.540697968655525,7.611148834228516,4702400
2005-08-18,7.579569407179155,7.652449695121397,7.545558204559414,7.640303134918213,3405000
2005-08-19,7.693744413587837,7.693744413587837,7.6500160795476075,7.686456203460693,1862200
2005-08-22,7.693744675488075,7.756907775322818,7.676739314640515,7.737473011016846,2365600
2005-08-23,7.754477603416513,7.8176406969919645,7.7423310506894705,7.80063533782959,6001600
2005-08-24,7.820071291619924,7.875946187365824,7.7496204368449595,7.764196395874023,3380800
2005-08-25,7.8662295231380135,7.8662295231380135,7.77634297487376,7.822501182556152,2616000
2005-08-26,7.824933071853253,7.846797250383959,7.7763459054824455,7.810357570648193,1742800
2005-08-29,7.786062631394639,7.854085027203947,7.742334742708381,7.84193754196167,3239200
2005-08-30,7.822499031644158,7.858938687627573,7.766623687730319,7.829786777496338,1763800
2005-08-31,7.83707510469227,7.909956275510357,7.817640805404007,7.890521049499512,4233200
2005-09-01,7.871088921498552,8.026567065584565,7.871088921498552,8.014420509338379,5161400
2005-09-02,8.021705462949532,8.053287239564682,7.994982492484599,8.016846656799316,3962600
2005-09-06,8.065436292489107,8.13345774623903,8.046001061861814,8.092159271240234,4060600
2005-09-07,8.097017288208008,8.114022649984882,8.048430143107202,8.097017288208008,3086800
2005-09-08,8.10430749787166,8.109166306530216,8.009563045837314,8.026568412780762,3081600
2005-09-09,8.0532887883303,8.143174402589342,8.041141307257362,8.121310234069824,6849800
2005-09-12,8.16018624454049,8.199055805363647,8.070300558897582,8.114028930664062,2375400
2005-09-13,8.143171807835607,8.143171807835607,8.04356861114502,8.04356861114502,3511800
2005-09-14,8.065436593949965,8.109164937773002,8.041142554757812,8.072724342346191,1405800
2005-09-15,8.121309216160778,8.155319934767704,8.114021469808602,8.148032188415527,3383400
2005-09-16,8.199679271294023,8.22415555235109,8.12380130608068,8.221708297729492,3313600
2005-09-19,8.226603971232601,8.265766582247599,8.189888614907783,8.197232246398926,2119800
2005-09-20,8.219261846875835,8.241289941755177,8.145831129103243,8.165412902832031,2863800
2005-09-21,8.160516637915379,8.17520296673356,7.954912703012191,8.023447036743164,5385800
2005-09-22,7.984283679480614,8.00876089188612,7.925540237127761,7.979388236999512,4635400
2005-09-23,7.98183597404058,8.011207693557207,7.942673370115035,7.998969554901123,3701400
2005-09-26,8.047926074551189,8.08219324917928,8.013658899923097,8.065059661865234,1440400
2005-09-27,8.06505667487561,8.091981140314594,7.998969605264503,8.067503929138184,2001600
2005-09-28,8.116457249783178,8.167857991624524,8.087085530689567,8.150724411010742,3179800
2005-09-29,8.131149187902942,8.265770671510385,8.116462851365295,8.2315034866333,3830600
2005-09-30,8.2363945000762,8.268213478219584,8.189888259587743,8.22415542602539,2996600
2005-10-03,8.273108279651973,8.319614516534623,8.214364837087825,8.317166328430176,5137600
2005-10-04,8.248632248159241,8.334300160179488,8.15806889349352,8.172754287719727,5837200
2005-10-05,8.15072470726539,8.19967819667413,7.9206445208675,7.935329914093018,8687400
2005-10-06,7.905959921529031,7.94022709149011,7.697908713216565,7.830082416534424,15069600
2005-10-07,7.84721319623999,7.913300253769533,7.812945573712644,7.898613929748535,3483800
2005-10-10,7.964699987567104,8.001414392446344,7.734619408855466,7.759096145629883,4345400
2005-10-11,7.783577802923277,7.847217642697789,7.7566537940055,7.776235103607178,4506400
2005-10-12,7.744415115465575,7.825188075217521,7.604898227426328,7.629374980926514,8781200
2005-10-13,7.563284191220414,7.59999907010471,7.409081513164368,7.467825412750244,17077800
2005-10-14,7.489856997725723,7.555944082456447,7.4555893610939545,7.553496360778809,8394600
2005-10-17,7.504546425112931,7.685673713585437,7.504546425112931,7.636720657348633,6898800
2005-10-18,7.680772396664857,7.680772396664857,7.472721249697361,7.509436130523682,4659800
2005-10-19,7.489856743968885,7.536362520558055,7.374816163293317,7.529019355773926,13618800
2005-10-20,7.47761910517497,7.546153918144216,7.2915969084181365,7.330759525299072,6448800
2005-10-21,7.26956279148509,7.465375738877628,7.100673832574718,7.428660869598389,5301800
2005-10-24,7.377264742922009,7.629374494237568,7.377264742922009,7.619583606719971,4865800
2005-10-25,7.575526496710298,7.693014353284902,7.553497465245655,7.629374980926514,8672800
2005-10-26,7.661197546083823,7.661197546083823,7.516785155305122,7.536366939544678,8892200
2005-10-27,7.494749740593971,7.575522659431484,7.443348537594641,7.4506916999816895,4434600
2005-10-28,7.409082326728274,7.617133952391345,7.409082326728274,7.599999904632568,6898400
2005-10-31,7.695461156583098,7.732176049022479,7.624478626592468,7.697908878326416,5210200
2005-11-01,7.722385800611502,7.722385800611502,7.538810856379642,7.546154022216797,6676200
2005-11-02,7.519229093013578,7.5877639027840145,7.467828335827149,7.575525760650635,9907400
2005-11-03,7.5412588297490215,7.629374955311755,7.533916130522288,7.57063102722168,7871200
2005-11-04,7.563286420902038,7.653850251246494,7.543705115267447,7.56083869934082,5804600
2005-11-07,7.73462562808335,7.73462562808335,7.516783009169408,7.541259765625,8340400
2005-11-08,7.502096309635626,7.595107880475626,7.4898581661933745,7.538811206817627,3496200
2005-11-09,7.50209363614816,7.6514013605827875,7.50209363614816,7.60489559173584,6465400
2005-11-10,7.590213888494881,7.634271960284447,7.472726008292929,7.568184852600098,5773000
2005-11-11,7.563285058554537,7.582866360662019,7.465378548017129,7.499645709991455,3694600
2005-11-14,7.465377557900782,7.531464618819203,7.443348537594641,7.4506916999816895,5521400
2005-11-15,7.489855027938321,7.521674467668953,7.416424797486395,7.465378284454346,4649000
2005-11-16,7.458034239341984,7.560836176332958,7.455586518597556,7.533912181854248,6909800
2005-11-17,7.5412558011165975,7.653848634879102,7.5412558011165975,7.644057750701904,6213600
2005-11-18,7.656299456462244,7.702804774571831,7.546154299139025,7.629374980926514,6402800
2005-11-21,7.648951168882962,7.675875626391008,7.61223629664331,7.646503448486328,3569400
2005-11-22,7.661189304011203,7.683218320725981,7.607340855850042,7.646503448486328,5947200
2005-11-23,7.6660873266168865,7.766441562401897,7.6391628600411225,7.741964817047119,5802800
2005-11-25,7.744416367128082,7.771340847015381,7.737073666689959,7.771340847015381,596800
2005-11-28,7.73951756268122,7.7835751440937155,7.712593096105456,7.741964817047119,3520000
2005-11-29,7.7909192800855305,7.825186447745806,7.749308947845846,7.761547088623047,3621000
2005-11-30,7.815393919567277,7.8178416404332465,7.678324819058137,7.685667514801025,4444400
2005-12-01,7.7003534048157976,7.9181954273778965,7.455586919472307,7.7150397300720215,3621600
2005-12-02,7.729726907542517,7.737070071423732,7.6832211366716905,7.727279186248779,3127600
2005-12-05,7.712594033600902,7.766442506442832,7.666088258459378,7.722384452819824,8597400
2005-12-06,7.734622206732766,7.759098952361258,7.70035457611084,7.70035457611084,1697600
2005-12-07,7.697909091288569,7.749309848754663,7.62692655933421,7.663641452789307,3133600
2005-12-08,7.617134657582789,7.768889645512284,7.617134657582789,7.744412899017334,2392800
2005-12-09,7.724832603150105,7.842320908285046,7.722384881495714,7.8325300216674805,2687600
2005-12-12,7.825182728009406,7.86189759974357,7.756648425266948,7.759096145629883,4763000
2005-12-13,7.751757911493186,7.874140739440918,7.751757911493186,7.874140739440918,2338600
2005-12-14,7.881483474896311,7.974495029797895,7.874139843120966,7.962255954742432,3858800
2005-12-15,7.974493728228592,8.01120814627158,7.942673818956525,7.979388236999512,6277600
2005-12-16,8.038161736365003,8.087551552573457,7.9739556347166864,7.9788947105407715,1548000
2005-12-19,7.969017955160068,7.993712396574862,7.852952008038916,7.872707843780518,4548800
2005-12-20,7.860362055572105,7.907282350640426,7.843075755024925,7.885056972503662,2798400
2005-12-21,7.8875260227562585,7.9418544598275655,7.796154977073801,7.813441276550293,6245200
2005-12-22,7.803565497684639,7.857893948016372,7.768992419276763,7.848016262054443,2015400
2005-12-23,7.838137150973482,7.882587909932488,7.838137150973482,7.862832069396973,1799600
2005-12-27,7.808504576173828,7.8628330265055615,7.808504576173828,7.848016262054443,4150000
2005-12-28,7.860360612549638,7.8652996892324945,7.7763981930061705,7.808501720428467,12630000
2005-12-29,7.825789446368604,7.835667130521173,7.783808228933368,7.7936859130859375,2721000
2005-12-30,7.741827008691588,7.778869148528929,7.724540708168586,7.751704692840576,4595200
2006-01-03,7.801089359652224,7.922094325199396,7.724535591890913,7.902338027954102,7824400
2006-01-04,7.924566262553244,7.931974405688282,7.806031262230402,7.9146881103515625,9364800
2006-01-05,7.894935133636037,7.951733587314983,7.85295391362102,7.862832069396973,3114000
2006-01-06,7.902340905906427,7.949260715903566,7.862829239058192,7.946791648864746,1878200
2006-01-09,7.929504854534452,7.944321139899952,7.870237357991486,7.897401332855225,4000400
2006-01-10,7.855421080590165,7.927035804275914,7.8504824752098115,7.909749507904053,4960600
2006-01-11,7.880115038573884,7.924565778735156,7.875175962774588,7.897401332855225,4717800
2006-01-12,7.889993190172474,7.936912997217202,7.880115038573884,7.897401332855225,4048000
2006-01-13,7.655392296586308,7.956669327128134,7.655392296586308,7.951730251312256,3303000
2006-01-17,7.951732645899155,8.03816414362405,7.904811882534779,8.03569507598877,14462800
2006-01-18,7.976425202269506,8.085082993154714,7.976425202269506,8.052979469299316,17299000
2006-01-19,8.134471898685577,8.146820060079932,8.028284116514802,8.124594688415527,15591000
2006-01-20,8.149289102980502,8.178922617767709,8.025815025662617,8.07767391204834,8118200
2006-01-23,8.309804795612969,8.309804795612969,8.040631301275152,8.065325736999512,12328800
2006-01-24,8.092491166450234,8.141880985942512,8.070265794780331,8.136941909790039,4413600
2006-01-25,8.080144865565503,8.17151542969133,7.976426138638635,8.025815963745117,8334200
2006-01-26,8.057918988242545,8.08755250464313,7.917158607799142,7.954200267791748,6276600
2006-01-27,7.996185774008256,8.050513756410796,7.964082233020652,7.998654842376709,4570200
2006-01-30,7.969018447870952,8.008530121797094,7.941853995415613,7.9443230628967285,2719000
2006-01-31,7.949261671824706,7.986304276088599,7.919628153633128,7.939384460449219,5353600
2006-02-01,7.973958493875802,7.991244794442114,7.902343281796665,7.961611270904541,5569200
2006-02-02,7.934448247278499,7.9863071583377225,7.823321336413805,7.857893943786621,11062400
2006-02-03,7.860361570724185,7.86283110936665,7.761582380107285,7.818380355834961,5053000
2006-02-06,7.788744952658134,7.887524119413296,7.788744952658134,7.865298748016357,4918200
2006-02-07,7.8331971166734125,7.951732616430028,7.793685440426652,7.818380355834961,3524200
2006-02-08,7.7986230893662825,8.050509861551346,7.783806331241572,7.815909385681152,4107600
2006-02-09,7.7986212029230435,7.88999220979182,7.796151665330251,7.843071937561035,6154400
2006-02-10,7.828260419114136,7.90975285910351,7.801095958440044,7.848016262054443,7536600
2006-02-13,7.818379882372303,7.875177854660428,7.818379882372303,7.838135719299316,3225200
2006-02-14,7.867767790362233,7.867767790362233,7.729476494601675,7.830725193023682,5407800
2006-02-15,7.818377032649248,7.902339426739647,7.7986212029230435,7.843071937561035,5782600
2006-02-16,7.808501265018306,8.075205267126195,7.808501265018306,7.904810428619385,2389400
2006-02-17,8.013470645051813,8.013470645051813,7.815911768749645,7.976428031921387,8530600
2006-02-21,7.991245740239282,8.050512794328931,7.954203124908621,7.988775730133057,6605600
2006-02-22,8.03569316341162,8.052979458842284,7.988772411214863,8.018406867980957,3347600
2006-02-23,8.025815004828656,8.040632233200022,7.981364261747009,8.008528709411621,3892400
2006-02-24,8.243129648384398,8.243129648384398,7.9986505613086605,8.033223152160645,2729000
2006-02-27,8.055447604246844,8.129531853621025,8.055447604246844,8.097429275512695,11080800
2006-02-28,8.107310280965228,8.14188288004294,8.0085306190009,8.043103218078613,2967000
2006-03-01,7.971488007171712,8.072736736731269,7.971488007171712,8.020877838134766,3313000
2006-03-02,7.904811874718915,8.030755990745146,7.904811874718915,8.015938758850098,4785600
2006-03-03,7.9912452655801145,8.062860481881453,7.9566726624092015,7.976428031921387,4645000
2006-03-06,7.98877623086474,8.001124398104162,7.803565497684639,7.848016262054443,7917600
2006-03-07,7.781335840101848,7.815908428497618,7.756640932240787,7.810969352722168,8348400
2006-03-08,7.768988151217894,7.8702373205570915,7.685026218110199,7.803561210632324,7746000
2006-03-09,7.7936840042835565,7.902341329448016,7.766520026254628,7.781336784362793,6089800
2006-03-10,7.761580016159594,7.848011958255895,7.759110478269278,7.830725193023682,6773000
2006-03-13,7.8356680881022225,7.877649310667898,7.813442707272369,7.840607166290283,5657600
2006-03-14,7.8307271205661575,7.941853997903437,7.8307271205661575,7.924567699432373,3967000
2006-03-15,7.904812815620049,7.981367109807629,7.838137148221343,7.976428031921387,2580800
2006-03-16,7.976425191911882,8.052979458842284,7.956669829433601,8.018406867980957,4835400
2006-03-17,8.048762687771355,8.048762687771355,7.974122107261144,7.999002933502197,3145600
2006-03-20,8.023878312844186,8.023878312844186,7.872108679721036,7.882061004638672,3418200
2006-03-21,7.847230846190489,7.884551125178436,7.7875178303460615,7.82235050201416,4810400
2006-03-22,7.8123951895971215,7.884548112685298,7.780051086712951,7.859667778015137,5665400
2006-03-23,7.8472295332941,7.85966946602443,7.809908785997082,7.849717140197754,4530000
2006-03-24,7.862158176620603,7.8745981103463905,7.8148855742671115,7.834789752960205,2384000
2006-03-27,7.804936404090545,7.832304362601931,7.765127558472388,7.782544136047363,3688000
2006-03-28,7.750193119049072,7.807417545741009,7.715360941854471,7.750193119049072,11749400
2006-03-29,7.7278052245716395,7.837278453302154,7.7278052245716395,7.7974700927734375,4986800
2006-03-30,7.742733150821112,7.822349866070184,7.702924318643521,7.727804660797119,5367600
2006-03-31,7.732785813729594,7.762642338489489,7.658145213659899,7.6705851554870605,8153000
2006-04-03,7.707898490295147,7.765122930274722,7.675554386040193,7.680530548095703,5227800
2006-04-04,7.665606208197182,7.794983644302134,7.663118125823641,7.76263952255249,10026200
2006-04-05,7.765126834179451,7.859672062554883,7.740246960499448,7.837279796600342,6336800
2006-04-06,7.834788145664218,7.8671327260007065,7.702922692278834,7.740243434906006,5143600
2006-04-07,7.715363548962764,7.7402438873174635,7.590962331742248,7.630770683288574,7476800
2006-04-10,7.568576643572252,7.685513718412102,7.568576643572252,7.628289222717285,4847000
2006-04-11,7.63077158399411,7.6481876805322315,7.528762611796798,7.541202545166016,4737400
2006-04-12,7.558620452880859,7.568572781603415,7.5337405801807735,7.558620452880859,5144000
2006-04-13,7.513838502539325,7.553646879476879,7.503886171028293,7.52379035949707,3653000
2006-04-17,7.50139507288682,7.528763498987847,7.4889551380516775,7.516323089599609,3108000
2006-04-18,7.516323833432266,7.687997703554424,7.501395815242166,7.660629749298096,11153800
2006-04-19,7.630772351324385,7.712877153655367,7.630772351324385,7.685508728027344,4935600
2006-04-20,7.663114343059276,7.785027946416248,7.6506744118855226,7.740243434906006,3912200
2006-04-21,7.782542065370363,7.837278442382813,7.74273370489711,7.775077819824219,5328800
2006-04-24,7.7626384967826985,7.852207077628435,7.715365887038506,7.847231388092041,3796200
2006-04-25,7.82732765071888,7.82732765071888,7.7029263811940165,7.735270977020264,5770200
2006-04-26,7.7178536793425945,7.747709713652621,7.638236955111712,7.658141136169434,4907200
2006-04-27,7.59842936263017,7.797471193368033,7.588477033816698,7.760150909423828,10782000
2006-04-28,7.712878516141212,7.802447579798576,7.690486250226871,7.792495250701904,3661600
2006-05-01,7.797471287127599,7.819863552674005,7.680534269482156,7.720342636108398,4286600
2006-05-02,7.720341528466007,7.867135037297154,7.720341528466007,7.844742774963379,8833200
2006-05-03,7.812397167391762,7.839765589912849,7.777564974767129,7.81986141204834,6527800
2006-05-04,7.812399762465501,7.844744358834998,7.787519413232008,7.829815864562988,3594400
2006-05-05,7.874597579297656,8.006463050842285,7.864645727898771,8.006463050842285,8053400
2006-05-08,8.00895457136018,8.00895457136018,7.921874049494131,7.944266319274902,3015800
2006-05-09,7.949240550270387,7.9567043220122,7.864647657140167,7.877087593078613,2469600
2006-05-10,7.877085618785926,7.939286231994629,7.8397653457713075,7.939286231994629,4458800
2006-05-11,7.939286025194643,7.939286025194643,7.822349046247305,7.864645481109619,4840400
2006-05-12,7.824839042201435,7.869623094878194,7.77010218689686,7.777566432952881,5898400
2006-05-15,7.740246746851585,7.857183763400665,7.712878317095204,7.827327251434326,4453200
2006-05-16,7.839767864804754,7.849719719348256,7.785031478432571,7.792495250701904,4704800
2006-05-17,7.730292019144312,7.780052698795402,7.640722985593554,7.673067569732666,13855800
2006-05-18,7.650680963831585,7.732785813729594,7.635752938728318,7.6705851554870605,9508400
2006-05-19,7.687998361725924,7.799959694119575,7.673070342257832,7.735270977020264,6721000
2006-05-22,7.715368067781446,7.847233606106676,7.697951963098602,7.794984817504883,7505200
2006-05-23,7.804934283324934,7.8447426435731025,7.6830206461926975,7.685508728027344,4266200
2006-05-24,7.670582253485947,7.745222825316975,7.600917371771321,7.712878704071045,10581400
2006-05-25,7.762637626812893,7.7949817406636726,7.715365022366609,7.785029888153076,6395200
2006-05-26,7.799959257719032,7.877087907634279,7.79000692892834,7.86962366104126,5237400
2006-05-30,7.862160557455178,7.884552824584909,7.790007591247559,7.790007591247559,4331800
2006-05-31,7.837277304462758,7.974118464402012,7.837277304462758,7.919382095336914,4585800
2006-06-01,7.889529196254513,8.006466706821277,7.854696988623513,7.999002933502197,5381000
2006-06-02,8.046271461638764,8.101008305649804,7.981583240712482,8.09603214263916,9453600
2006-06-05,8.098523391146985,8.110963329714275,7.999002933502197,7.999002933502197,4454200
2006-06-06,7.986560936554779,8.058713898972615,7.9243607778042335,8.01392936706543,8070800
2006-06-07,8.023881049382915,8.066177021048963,7.97660891356093,7.984072685241699,5118600
2006-06-08,7.999001294755193,8.04129726704014,7.946752519459609,8.011441230773926,27671400
2006-06-09,8.073641885377176,8.110961693550799,7.994025155679242,8.078618049621582,6560400
2006-06-12,8.118424401634035,8.1532565936025,8.068663720633639,8.09603214263916,15448200
2006-06-13,8.098523391146985,8.118428052139828,7.979098272509355,7.999002933502197,13612000
2006-06-14,7.99899923828164,8.011439171102174,7.882061781735347,7.939286231994629,5490200
2006-06-15,7.9990023654043245,8.083595270403075,7.949241665562751,8.061203002929688,8949600
2006-06-16,8.040877621379337,8.103598977173329,8.015789461882516,8.055931091308594,4604200
2006-06-19,8.048406294751619,8.116144529090304,7.9104189998600605,7.945542812347412,9327600
2006-06-20,7.95307261617145,8.008267268300974,7.920457224688271,7.965616703033447,5016000
2006-06-21,7.990703783045563,8.005756780023406,7.930491316608052,7.958088397979736,3059400
2006-06-22,7.930487632751464,7.955575789885243,7.860239548609481,7.930487632751465,5575600
2006-06-23,7.870278577422478,8.015792152568496,7.870278577422478,7.943035125732422,2125000
2006-06-26,7.927980509353255,7.983175137432067,7.927980509353255,7.975648880004883,3518200
2006-06-27,7.985684449054688,8.043388470531694,7.920454169773852,7.945542812347412,5037800
2006-06-28,7.938016965805942,7.99572099375111,7.938016965805942,7.968123435974121,8194200
2006-06-29,7.980666399613588,8.088547703193214,7.980666399613588,8.070984840393066,4614200
2006-06-30,8.07098634216442,8.133707719235835,8.065969474204698,8.101093292236328,7159200
2006-07-03,8.128687757820787,8.191409111022947,8.093562996103984,8.19140911102295,1772400
2006-07-05,8.128690858311211,8.191412235436909,8.118655208278557,8.13621711730957,4111800
2006-07-06,8.16130129518322,8.17133694030933,8.065965537640558,8.093562126159668,3356800
2006-07-07,8.10611275449718,8.191413882825266,8.093567710907276,8.156289100646973,2831800
2006-07-10,8.161304892059128,8.226535657075758,8.161304892059128,8.201446533203125,10965200
2006-07-11,8.213991452742377,8.271695001221618,8.203955803341064,8.264167785644531,8200000
2006-07-12,8.261656057015857,8.279217957938247,8.19642531897399,8.22402286529541,7673400
2006-07-13,8.16632162777036,8.266676195773142,8.153777546033036,8.19391918182373,13370800
2006-07-14,8.226534559982447,8.226534559982447,8.11614434376897,8.19391918182373,11278200
2006-07-17,8.171338917993458,8.244095927189221,8.171338917993458,8.216498374938965,5797600
2006-07-18,8.21649892513924,8.241587088654706,8.196427628685193,8.229043006896973,9235800
2006-07-19,8.26416942438556,8.362015589872428,8.25664316436826,8.354488372802734,6703400
2006-07-20,8.354487148949103,8.419717916384654,8.336925240113127,8.374558448791504,4513200
2006-07-21,8.359501859172449,8.444802937615101,8.359501859172449,8.394625663757324,8471800
2006-07-24,8.457348147671777,8.484945699836294,8.417206514628486,8.47240161895752,7035600
2006-07-25,8.489963539357474,8.530105172475276,8.459857553782129,8.507525444030762,3685400
2006-07-26,8.527596344824618,8.55770232900795,8.492471580050083,8.537631034851074,6762600
2006-07-27,8.600356926148562,8.600356926148562,8.46989631652832,8.46989631652832,9748800
2006-07-28,8.482437966834365,8.585300969816439,8.469892927867784,8.527597427368164,8747400
2006-07-31,8.53261647332759,8.562723426072779,8.482440132856967,8.48996639251709,3267400
2006-08-01,8.489963578192157,8.595335006713867,8.459857592479102,8.595335006713867,9669600
2006-08-02,8.60035459989761,8.627952157917361,8.567740174103568,8.587810516357422,12914200
2006-08-03,8.580283152112656,8.602862882396588,8.520070219004802,8.545159339904785,10891200
2006-08-04,8.62795173622729,8.635477994573113,8.522580291177054,8.54766845703125,8844800
2006-08-07,8.552687634839144,8.590320846627034,8.444806781903015,8.447315216064453,3156800
2006-08-08,8.449822588215042,8.56272123954954,8.449822588215042,8.527597427368164,6435400
2006-08-09,8.535124369072946,8.592827916145325,8.522580286153243,8.530106544494629,5074200
2006-08-10,8.54014451176489,8.545162337705232,8.484949383473564,8.51756477355957,5806400
2006-08-11,8.527597829350013,8.53261469671061,8.484946800367744,8.497490882873535,4424200
2006-08-14,8.530106688473461,8.5827924118568,8.530106688473461,8.555194854736328,4906600
2006-08-15,8.575270643862613,8.63297422212567,8.575270643862613,8.610394477844238,8078000
2006-08-16,8.645513638639386,8.650531463217703,8.522580286153243,8.530106544494629,7653800
2006-08-17,8.53010667897794,8.53010667897794,8.4498233985635,8.520071029663086,9750600
2006-08-18,8.499999904722989,8.617915423622708,8.499999904722989,8.61540699005127,5736400
2006-08-21,8.59784509024916,8.655548632955947,8.59533569962376,8.63296890258789,5533600
2006-08-22,8.610388777316462,8.67812796531387,8.610388777316462,8.663074493408203,2438200
2006-08-23,8.705726728285848,8.705726728285848,8.565230508800365,8.57275676727295,4768000
2006-08-24,8.627949975849805,8.627949975849805,8.572754873769524,8.607879638671875,5220000
2006-08-25,8.605370248367143,8.637985622964763,8.592826167999439,8.607879638671875,4129400
2006-08-28,8.627948652850485,8.695687824911426,8.597842673174013,8.673108100891113,10673600
2006-08-29,8.698199266926956,8.705726482238997,8.635477895955567,8.68063735961914,5315600
2006-08-30,8.715767068899558,8.715767068899558,8.630465917772005,8.635482788085938,4816800
2006-08-31,8.637987431835803,8.74837670206087,8.637987431835803,8.723288536071777,3989800
2006-09-01,8.760919010928971,8.760919010928971,8.713251122381788,8.730813026428223,7302200
2006-09-05,8.730809676678486,8.74837157398695,8.61540264949384,8.637982368469238,7821800
2006-09-06,8.605368614196777,8.648019627809873,8.570244813016465,8.605368614196777,9831400
2006-09-07,8.555194735343685,8.625443322593306,8.555194735343685,8.617916107177734,5273800
2006-09-08,8.600354199628375,8.640495839320081,8.600354199628375,8.617916107177734,10658800
2006-09-11,8.587810516357422,8.630461548856735,8.567740174103568,8.587810516357422,13065000
2006-09-12,8.570248734880993,8.668093927816264,8.505018925274893,8.542651176452637,21279200
2006-09-13,8.53010424566204,8.562719618105286,8.462365067688493,8.560210227966309,11254400
2006-09-14,8.525086402893066,8.607879050354915,8.49247103052459,8.525086402893066,6365400
2006-09-15,8.561003369281426,8.561003369281426,8.515479490742418,8.528125762939453,6978000
2006-09-18,8.502833366394043,8.545828565227866,8.464897447773046,8.502833366394043,6055800
2006-09-19,8.49018559633631,8.543296445857957,8.48765692173874,8.52053451538086,13599200
2006-09-20,8.507885932922363,8.550881102703688,8.502827620902538,8.507885932922363,7130800
2006-09-21,8.492713444771125,8.518004044512528,8.457305254448805,8.49524211883545,23680800
2006-09-22,8.49524121274004,8.502828198898333,8.469950615696112,8.485124588012695,7675800
2006-09-25,8.485129236794869,8.634346156564776,8.485129236794869,8.603997230529785,6472000
2006-09-26,8.535711010078348,8.83161519533577,8.184166325805034,8.591351509094238,9025200
2006-09-27,8.573646849522591,8.715275790167697,8.573646849522591,8.710217475891113,7536000
2006-09-28,8.738038327429265,8.748154956683347,8.649520233393206,8.682398796081543,5287200
2006-09-29,8.722863807505368,8.722863807505368,8.583762575823172,8.59640884399414,6435600
2006-10-02,8.646993085920574,8.707691914164766,8.601469205931217,8.659639358520508,5348600
2006-10-03,8.629288335446944,8.725394398963841,8.581235786076004,8.695045471191406,11991000
2006-10-04,8.715278543586967,8.730453491210938,8.667225989940384,8.730453491210938,9170600
2006-10-05,8.715278210869071,8.834146217447792,8.679870965873299,8.702632904052734,7106400
2006-10-06,8.667222557540311,8.689984487574517,8.616640383600439,8.654577255249023,11096000
2006-10-09,8.64446496126888,8.669755578530498,8.60399939478517,8.646993637084961,6039800
2006-10-10,8.654577948398309,8.710217475891113,8.619170713237033,8.710217475891113,7317200
2006-10-11,8.69757492041322,8.743098798510026,8.677342621689698,8.730453491210938,6087200
2006-10-12,8.750685331104425,8.750685331104425,8.692516148758548,8.727923393249512,10996600
2006-10-13,8.715278983873953,8.745628880655138,8.689988367998117,8.738040924072266,7140400
2006-10-16,8.712748661912238,8.781034469604492,8.712748661912238,8.781034469604492,6296000
2006-10-17,8.778504172969042,8.846789975553296,8.717806324966304,8.8189697265625,9282400
2006-10-18,8.958070486705958,8.958070486705958,8.834145144275217,8.91507625579834,4493200
2006-10-19,8.935310294070419,8.975775853355346,8.902431725659218,8.950484275817871,5627200
2006-10-20,9.013708623660307,9.018766937400736,8.945422835326553,9.006121635437012,5364800
2006-10-23,9.00359099358094,9.049114847400782,8.932776538649893,9.016237258911133,9150000
2006-10-24,9.026358135806364,9.039004408443413,8.983363896120869,9.023829460144043,6332800
2006-10-25,9.00612063278154,9.14522086844582,9.00612063278154,9.119930267333984,17519600
2006-10-26,9.142695262208584,9.142695262208584,9.06176415376359,9.0794677734375,8186600
2006-10-27,9.054173023946081,9.079464589450215,9.023824110115696,9.046586036682129,5731000
2006-10-30,9.039002887568321,9.071880489522352,9.016240951336695,9.041531562805176,5614400
2006-10-31,9.04153150951585,9.076938751273035,9.018769573418378,9.051648139953613,5779000
2006-11-01,9.08958473838985,9.137638254184354,9.066822800585888,9.107288360595703,13786800
2006-11-02,9.069345497394472,9.114869338149912,9.02635033011464,9.064287185668945,7131600
2006-11-03,9.102233969840732,9.102233969840732,8.96060398136044,8.998540878295898,10295800
2006-11-06,9.003594627196973,9.003594627196973,8.904959892372439,8.958070755004883,13867800
2006-11-07,8.960599587128463,9.026355749491357,8.917604394034543,8.92772102355957,10324400
2006-11-08,8.92013123809429,9.05417316057794,8.912544250715847,9.016237258911133,8084400
2006-11-09,9.008651707447523,9.054175573398886,8.953012177220735,9.013710021972656,15956200
2006-11-10,9.018770372721747,9.087056187066107,9.018770372721747,9.081997871398926,5819000
2006-11-13,9.099700068161292,9.11487501278532,9.069351143688149,9.0794677734375,4510200
2006-11-14,9.094643069897838,9.122463323348576,9.054177509817233,9.1022310256958,7564200
2006-11-15,9.10475794963472,9.10475794963472,9.06429239733845,9.071879386901855,6539600
2006-11-16,9.09464258563336,9.150283089572136,9.084525954958128,9.104759216308594,7460000
2006-11-17,9.173044972335518,9.175573647601974,9.074410235768736,9.114875793457031,3571200
2006-11-20,9.117405586832009,9.12752221868848,9.084527015686035,9.084527015686035,2093400
2006-11-21,9.092110125576426,9.112342413729786,9.071876872648463,9.09969711303711,1950600
2006-11-22,9.087051714068926,9.142692194244473,9.087051714068926,9.119930267333984,3316000
2006-11-24,9.142699652202674,9.15534496307373,9.114879389421127,9.15534496307373,592800
2006-11-27,9.142695394996515,9.150282385031266,9.041531025583513,9.054176330566406,4694800
2006-11-28,9.05923147398115,9.140162555268535,9.013707620160172,9.119930267333984,3828600
2006-11-29,9.160397662596338,9.246387074470467,9.135106091589368,9.23374080657959,6338800
2006-11-30,9.243857621686685,9.291911125183105,9.210979061100947,9.291911125183105,5285800
2006-12-01,9.291913059313979,9.322261986677727,9.246389185880853,9.28685474395752,5054800
2006-12-04,9.327321368196815,9.403194177666355,9.289384481074487,9.360198974609375,3972400
2006-12-05,9.39813144549494,9.456300604246731,9.370311203314808,9.382956504821777,8059600
2006-12-06,9.415836237787486,9.42089455197763,9.334905140294762,9.337433815002441,3987400
2006-12-07,9.355136524268804,9.39560206491445,9.3045543572681,9.327316284179688,6034600
2006-12-08,9.312140997106075,9.342489910264,9.261558831993163,9.299495697021484,3972400
2006-12-11,9.309615889150423,9.350081443786621,9.299499259297642,9.350081443786621,3794000
2006-12-12,9.367787746230217,9.393078363329543,9.329850855806027,9.385491371154785,5601600
2006-12-13,9.40571968011822,9.428481611757595,9.367783770569126,9.420894622802734,3572000
2006-12-14,9.39054277839786,9.468944212586702,9.39054277839786,9.436066627502441,5976800
2006-12-15,9.468223369642212,9.486087864889154,9.406973949807547,9.427390098571777,5525600
2006-12-18,9.427392881681977,9.442705727932216,9.34572631543189,9.361039161682129,3792400
2006-12-19,9.330413684933738,9.429944743621004,9.309996558258307,9.401871681213379,4836200
2006-12-20,9.404426534407897,9.42994795143388,9.368697524114035,9.37125015258789,2092000
2006-12-21,9.378903444765108,9.401872226836835,9.3227573166915,9.366143226623535,8272800
2006-12-22,9.340624650352014,9.373802006418513,9.309999922813534,9.332968711853027,5183400
2006-12-26,9.330417017141977,9.39677075544993,9.315104166666666,9.37890625,2786600
2006-12-27,9.414635003032489,9.445259729601766,9.396770498071866,9.429947853088379,2894800
2006-12-28,9.468226108158174,9.468226108158174,9.373799324035645,9.373799324035645,2822400
2006-12-29,9.394218941140018,9.394218941140018,9.34062445215671,9.37125015258789,2627000
2007-01-03,9.292134159612367,9.468227536052847,9.292134159612367,9.396769523620605,8458600
2007-01-04,9.406973367296699,9.427389514796692,9.35848319159312,9.384004592895508,5916800
2007-01-05,9.358485484292938,9.358485484292938,9.184944780631202,9.215569496154785,7569000
2007-01-08,9.17984261597642,9.24364468926279,9.16963405060043,9.210467338562012,4830000
2007-01-09,9.172183017761112,9.233433418528556,9.154318520358544,9.218120574951172,4684200
2007-01-10,9.18494361492189,9.238537103671867,9.174735053195601,9.220672607421875,3836200
2007-01-11,9.235986926870684,9.279372838947126,9.197706270553894,9.23088264465332,8518600
2007-01-12,9.182393783381288,9.251300135699857,9.11604005904248,9.15432071685791,19840200
2007-01-16,9.144110519780368,9.205359944247817,9.144110519780368,9.182391166687012,8103400
2007-01-17,9.184944835177907,9.20280933380127,9.149214864389027,9.20280933380127,3444800
2007-01-18,9.235987836294601,9.235987836294601,9.161978170711178,9.197707176208496,4420600
2007-01-19,9.151769981161582,9.213019429232,9.110936691267161,9.2002592086792,4854200
2007-01-22,9.200258830797283,9.220675961677113,9.179842673459838,9.197707176208496,5557000
2007-01-23,9.197708250933673,9.251301765441895,9.154322329515708,9.251301765441895,6916400
2007-01-24,9.251300479317722,9.307446614449896,9.225780039826205,9.281925201416016,5941600
2007-01-25,9.28192599547216,9.3151033484833,9.246196987710523,9.274270057678223,8875600
2007-01-26,9.284479120227104,9.284479120227104,9.207916817566428,9.251301765441895,3900400
2007-01-29,9.251300479317722,9.281925201416017,9.241091914104171,9.281925201416016,4779200
2007-01-30,9.258954761517222,9.309996604919434,9.258954761517222,9.309996604919434,3974200
2007-01-31,9.27426785320774,9.358486069549931,9.251299071743102,9.338069915771484,12648800
2007-02-01,9.353385608747613,9.427395283960514,9.348281325363534,9.417187690734863,5996200
2007-02-02,9.419736263158494,9.468225479125977,9.340621356908418,9.468225479125977,4350600
2007-02-05,9.486091392135714,9.588175094540931,9.442706451416017,9.570310592651367,6018200
2007-02-06,9.560100833564528,9.651975959544771,9.560100833564528,9.62135124206543,5376200
2007-02-07,9.60603975197481,9.662185886561051,9.60603975197481,9.657081604003906,3190600
2007-02-08,9.608590212758433,9.710672920249,9.608590212758433,9.674943923950195,3440000
2007-02-09,9.695362987797804,9.771925277107021,9.659633010813998,9.708123207092285,7764800
2007-02-12,9.725987301747272,9.73364323829507,9.672393798828125,9.672393798828125,4263000
2007-02-13,9.680051431861463,9.761718014491459,9.680051431861463,9.756613731384277,6208600
2007-02-14,9.72598470436022,9.845932870468294,9.72598470436022,9.825515747070312,5196200
2007-02-15,9.802547166065377,9.825515943576457,9.736193460778946,9.741296768188477,12545600
2007-02-16,9.725987462023001,9.759164810180664,9.69536274178486,9.759164810180664,5775400
2007-02-20,9.746402554933152,9.799997026433909,9.725986401514643,9.784684181213379,4562000
2007-02-21,9.769376879694153,9.771929508783849,9.708127411139989,9.743856430053711,3876000
2007-02-22,9.748957793494732,9.792342739592092,9.708124502179734,9.756613731384277,4039000
2007-02-23,9.76171709919634,9.876561024483593,9.743852596767473,9.868904113769531,7970400
2007-02-26,10.080728036752907,10.284894485826761,10.062863533305347,10.103696823120117,15757200
2007-02-27,10.067962164777951,10.103691151617328,9.697910135935206,9.736191749572754,13859400
2007-02-28,9.774475022035293,9.904631764622005,9.764266459177092,9.833172798156738,12916400
2007-03-01,9.754063243771377,9.917396428575788,9.664739739020945,9.863802909851074,11586000
2007-03-02,9.86124913806305,9.86124913806305,9.710676193237305,9.710676193237305,15438200
2007-03-05,9.674944710138144,9.751506990363069,9.562653430711068,9.588173866271973,5271000
2007-03-06,9.651975640113562,9.731090545654297,9.61369401437465,9.731090545654297,12444200
2007-03-07,9.723436414281698,9.77958255512798,9.690260034274768,9.710676193237305,4641600
2007-03-08,9.896975954467266,9.896975954467266,9.71577832455731,9.76171588897705,5005400
2007-03-09,9.766820226939998,9.797444945547902,9.705569816181942,9.748955726623535,6890000
2007-03-12,9.74895451484793,9.85869413088994,9.720881453970842,9.84593391418457,12854200
2007-03-13,9.843384996497681,9.89187422766958,9.70046798432538,9.713229179382324,7774400
2007-03-14,9.73874710676718,9.79744488940524,9.634111759709377,9.76171588897705,15603200
2007-03-15,9.779581309821493,9.909738079110877,9.728539458600995,9.88676929473877,18242600
2007-03-16,9.883689587202877,9.92730872303572,9.819543108297458,9.852899551391602,4713000
2007-03-19,9.917044481943474,9.945268106065313,9.847766178086369,9.924741744995117,6289200
2007-03-20,9.904216982637479,10.073563665427107,9.886256044977797,10.068432807922363,6914200
2007-03-21,10.101785731849784,10.212117737574017,10.006849231155948,10.1864595413208,8379000
2007-03-22,10.209556364440363,10.22238546766236,10.122317092213812,10.176199913024902,8487600
2007-03-23,10.186460630885819,10.227514336560622,10.135143254092927,10.224947929382324,7127600
2007-03-26,10.248037841407207,10.283960680300185,10.16593045296067,10.26856517791748,7329600
2007-03-27,10.278830140972117,10.286527403734436,10.204420004945028,10.25317096710205,5655800
2007-03-28,10.209550363695632,10.332711444074002,10.209550363695632,10.232643127441406,5758400
2007-03-29,10.296793098295469,10.327583134197452,10.224948376127383,10.291661262512207,4386400
2007-03-30,10.327581578308383,10.337845248328648,10.099220303743442,10.1864595413208,14920600
2007-04-02,10.214683669162223,10.432781263558256,10.212117262377856,10.430215835571289,10297200
2007-04-03,10.443047523498535,10.494364905143758,10.39173014185331,10.443047523498535,8103400
2007-04-04,10.455874758462919,10.471270263848602,10.378899189129433,10.396860122680664,6662600
2007-04-05,10.425086586742353,10.453311195587109,10.37633463372045,10.443047523498535,4443200
2007-04-09,10.507191387409499,10.52258591290832,10.463571281302238,10.520020484924316,6893600
2007-04-10,10.520018533978574,10.548243130555338,10.49436034370727,10.522583961486816,5419200
2007-04-11,10.532853909040272,10.566210359318614,10.481536519103855,10.496932029724121,8438000
2007-04-12,10.507190969258893,10.507190969258893,10.389161710743892,10.4507417678833,6087800
2007-04-13,10.450743719681832,10.466139226240655,10.399426343283299,10.4481782913208,4328800
2007-04-16,10.450744305691455,10.509758949279785,10.437915205571835,10.509758949279785,3145000
2007-04-17,10.520023451812357,10.594433608700031,10.481535169615924,10.558511734008789,5958600
2007-04-18,10.558511969148075,10.63548755645752,10.543116460167107,10.63548755645752,2969000
2007-04-19,10.591866652338737,10.61239399612585,10.535418414519429,10.584169387817383,8233000
2007-04-20,10.64062158466302,10.679108896846955,10.586737781528871,10.666279792785645,5327200
2007-04-23,10.653446108840201,10.768909953350253,10.653446108840201,10.745817184448242,8679200
2007-04-24,10.758645585851161,10.822792053222656,10.7175918858853,10.822792053222656,5355400
2007-04-25,10.830489614160971,10.89463608329786,10.82792418606637,10.853582382202148,5975200
2007-04-26,10.866411295072162,10.915163237215673,10.804831233876833,10.817660331726074,4964600
2007-04-27,10.789434784502372,10.789434784502372,10.712459225349152,10.72785472869873,8398400
2007-04-30,10.784303836570809,10.802264769223118,10.6483136382612,10.68680191040039,9461600
2007-05-01,10.684237424981616,10.784305775982546,10.635486453129202,10.774043083190918,6862000
2007-05-02,10.797136483383028,10.8433210506278,10.766345466822976,10.83305835723877,5510400
2007-05-03,10.8689757416394,10.8689757416394,10.771472853734997,10.820223808288574,3175600
2007-05-04,10.866414560489954,10.866414560489954,10.786873542643686,10.799702644348145,5498000
2007-05-07,10.82792731757629,10.927995681762695,10.817663644634678,10.927995681762695,4043400
2007-05-08,10.902335667918999,10.902335667918999,10.822793684025708,10.879242897033691,5735000
2007-05-09,10.856151869929802,10.899771011498663,10.833059095335193,10.886941909790039,4325200
2007-05-10,10.868979553427682,10.884374081950227,10.761212959781915,10.77660846710205,7770600
2007-05-11,10.792001909974823,10.856148376674822,10.776606405599757,10.827923774719238,7263000
2007-05-14,10.863847573792317,10.920296787754374,10.863847573792317,10.87154483795166,4680600
2007-05-15,10.925429254795178,11.038326710445592,10.912599175391438,10.930560111999512,10174400
2007-05-16,10.953649451863951,10.999834982610032,10.92799125869272,10.956215858459473,7685800
2007-05-17,10.958784720611524,10.969048392615463,10.902336482185135,10.930560111999512,5862800
2007-05-18,10.933129016951089,10.989578247070312,10.927997179776808,10.989578247070312,4657200
2007-05-21,10.987005502998725,11.004966433351905,10.95878090421593,10.974176406860352,6269000
2007-05-22,11.02036526806318,11.058852568115139,10.943389689161672,10.953652381896973,9125600
2007-05-23,10.999836850303184,10.999836850303184,10.781739234924316,10.781739234924316,15891200
2007-05-24,10.781739672725909,10.825358806053877,10.509758265418617,10.540549278259277,29815200
2007-05-25,10.550811881511748,10.609826520762812,10.414821668402668,10.545680046081543,25081400
2007-05-29,10.486666620186446,10.653447865174117,10.486666620186446,10.576472282409668,21561800
2007-05-30,10.527718482254599,10.707328796386719,10.507192120558125,10.707328796386719,13212400
2007-05-31,10.715025448457757,10.763777389951185,10.67397174860916,10.735552787780762,12427800
2007-06-01,10.75094956675232,10.779173193471124,10.640617551805313,10.676539421081543,23265800
2007-06-04,10.63035572013053,10.6688440031841,10.548248296494096,10.63548755645752,21484800
2007-06-05,10.571342241649713,10.625225060855641,10.4430492556559,10.494366645812988,31517600
2007-06-06,10.422519829628197,10.443047173116618,10.294226869218406,10.327583312988281,30835600
2007-06-07,10.28909336454541,10.30192344154355,9.99402019073974,10.00684928894043,54704200
2007-06-08,10.024814382506953,10.150541946164887,9.968365152440388,10.078697204589844,39518200
2007-06-11,10.078695251988227,10.27113470397149,10.060734314773603,10.212120056152344,19060200
2007-06-12,10.135141382029202,10.204419681083566,10.045336723327637,10.045336723327637,22909400
2007-06-13,10.140272750322834,10.271131101098424,10.122311819408486,10.24547290802002,16314400
2007-06-14,10.24547912519157,10.368640288539881,10.24547912519157,10.309625625610352,15249200
2007-06-15,10.42485235930243,10.502361346667602,10.39901668722585,10.448104858398438,26657800
2007-06-18,10.463603353500366,10.476521185218372,10.334423065185547,10.334423065185547,16640600
2007-06-19,10.34476025975794,10.404183088676165,10.293087934656295,10.401598930358887,12901000
2007-06-20,10.4015980471259,10.440352534053273,10.094149266507388,10.130319595336914,18962800
2007-06-21,10.104480443845258,10.238828037152961,10.063142798640364,10.194906234741211,20163200
2007-06-22,10.132903146338371,10.189741808707568,9.99338818443969,10.001138687133789,16200200
2007-06-25,10.045061450297652,10.411933067440263,9.998556458608086,10.055395126342773,18769800
2007-06-26,10.091565489357372,10.331840928549273,9.995971356815229,10.001138687133789,25432800
2007-06-27,9.94430466751726,10.184579233319996,9.921052163011453,10.148408889770508,24822400
2007-06-28,10.181990943048831,10.308588067421956,10.140653287541424,10.145820617675781,19422600
2007-06-29,10.166489242335889,10.275001207114494,10.088981259246872,10.225913047790527,21681800
2007-07-02,10.30342384358533,11.148263356691428,10.233666344092049,10.373181343078613,9469000
2007-07-03,10.414519011048588,10.473941847157441,10.318924853094229,10.373181343078613,10809000
2007-07-05,10.342172932280562,10.44551755081588,10.215576809420487,10.352507591247559,19362600
2007-07-06,10.3473402574346,10.355091744440267,10.197491644745144,10.29825210571289,12849600
2007-07-09,10.311172816396256,10.365428312752089,10.308589643717808,10.313755989074707,7130200
2007-07-10,10.290505142339184,10.329258648422387,10.171658494541434,10.21816349029541,12918000
2007-07-11,10.189744896547099,10.244001388549805,10.171659727735458,10.244001388549805,13168000
2007-07-12,10.264669348677591,10.411934852418607,10.264669348677591,10.373181343078613,14501400
2007-07-13,10.388678526215683,10.572114298671151,10.380928024315908,10.528193473815918,13498800
2007-07-16,10.520445248146165,10.54369774444384,10.373179766783426,10.375762939453125,17067400
2007-07-17,10.373176263202115,10.453267401290432,10.3628416048787,10.386094093322754,14782000
2007-07-18,10.337007791826585,10.473939588218517,10.331841446816354,10.463604927062988,17107800
2007-07-19,10.512693659857083,10.678045290618677,10.471355998558582,10.631540298461914,20502400
2007-07-20,10.623786927297283,10.786554371010327,10.455853139208827,10.515275955200195,15927000
2007-07-23,10.559197091029306,10.621204066594252,10.50752477565309,10.52561092376709,9559800
2007-07-24,10.543696483668471,10.548863813957576,10.163906084742885,10.210411071777344,20030600
2007-07-25,10.212992986886398,10.321504938464463,10.039891878564358,10.231078147888184,26054400
2007-07-26,10.104484915067703,10.150989909697513,9.794451946058182,9.998557090759277,36789200
2007-07-27,9.954635071935098,9.980471727089107,9.701441764831545,9.701441764831543,25293600
2007-07-30,9.740194628938026,9.874542256610598,9.654935159512807,9.835787773132324,23906400
2007-07-31,9.939134015451264,10.0218093404016,9.740196206799641,9.817704200744629,28249800
2007-08-01,9.789282121165744,10.101898183320952,9.789282121165744,10.039892196655273,32873200
2007-08-02,10.021812687347298,10.194913898782119,10.021812687347298,10.148408889770508,18611200
2007-08-03,10.119985014743916,10.210411823106037,9.747946076659401,9.80478572845459,28384600
2007-08-06,9.859039906325563,10.135485654051203,9.675604127099657,10.11223316192627,21913400
2007-08-07,10.086398099616414,10.41193202322802,10.019223791438359,10.295669555664062,15354400
2007-08-08,10.375760070374161,10.530776012448978,10.295667941814024,10.445517539978027,24928400
2007-08-09,10.313753749158462,10.435183535593344,10.166488299279616,10.256915092468262,24525600
2007-08-10,10.163909016889201,10.329259691571988,10.016643510651859,10.078649520874023,25061800
2007-08-13,10.161323579105831,10.256916731807797,10.11481858902,10.130319595336914,15341200
2007-08-14,10.112232542112531,10.15357019384897,9.908127455478137,9.959799766540527,13579400
2007-08-15,9.93654214903507,10.099309499952442,9.773775783684549,9.825447082519531,16452600
2007-08-16,9.696270627232192,9.895208358764648,9.479247736975621,9.895208358764648,36094400
2007-08-17,10.063146935419073,10.238832246152745,9.747946645179088,9.98047161102295,37989400
2007-08-20,10.047640156676062,10.081227299203842,9.871954929623712,10.034722328186035,14353000
2007-08-21,9.980470344988204,10.13807047011643,9.962385181668651,10.024391174316406,13883200
2007-08-22,10.163908971373566,10.184577312832477,10.05539697561907,10.140656471252441,11637200
2007-08-23,10.194911013856057,10.275003170171354,10.127737678496656,10.171658515930176,26340200
2007-08-24,10.238833751713445,10.280171419989971,10.122571251695794,10.23366641998291,12040000
2007-08-27,10.26208084245806,10.26208084245806,9.926211355988173,9.972716331481934,54412200
2007-08-28,9.908130029419178,9.975304346921083,9.812536869739281,9.817704200744629,22988200
2007-08-29,9.853877280269854,10.101903324290516,9.853877280269854,10.01147747039795,10766200
2007-08-30,9.949464462111914,10.073478394847788,9.908126813055722,9.993386268615723,10056000
2007-08-31,10.019221306975696,10.094146099223115,9.933962842281955,9.972716331481934,11073800
2007-09-04,10.016640959950307,10.249164917423677,9.998555796110184,10.166489601135254,9258000
2007-09-05,10.13290596640132,10.14582380300911,10.029561302403492,10.140656471252441,13255600
2007-09-06,10.09673152011745,10.231078148838224,10.078645373546628,10.153570175170898,9554000
2007-09-07,10.127738679998313,10.17165952177503,10.019226683757882,10.078649520874023,11090800
2007-09-10,10.109652530011134,10.140655532112147,10.003724702728974,10.086400032043457,9491600
2007-09-11,10.114816681120914,10.202659314095177,10.078645373546628,10.153570175170898,10580400
2007-09-12,10.181989023860758,10.280166306773353,10.156153363626148,10.238828659057617,6792600
2007-09-13,10.29566987744554,10.32150652969363,10.238831213634759,10.259499549865723,8636000
2007-09-14,10.23366260114174,10.329255738565273,10.220744769419758,10.256915092468262,7779600
2007-09-17,10.303422956230758,10.303422956230758,10.197495129582466,10.264668464660645,5232400
2007-09-18,10.218161194651309,10.502358436584474,10.140653214330424,10.502358436584473,10630000
2007-09-19,10.479105007268608,10.631537782020542,10.466186190396993,10.618618965148926,14020000
2007-09-20,10.605701448400472,10.610868778188905,10.47393798828125,10.47393798828125,7418000
2007-09-21,10.537427956432978,10.612881382474187,10.490594863891602,10.490594863891602,8169200
2007-09-24,10.51661020947394,10.62068394330442,10.514008812762485,10.529620170593262,8082400
2007-09-25,10.506202782124578,10.615479300557974,10.490591425553834,10.542628288269043,8202000
2007-09-26,10.586858399549127,10.657108011508592,10.555636680629549,10.594664573669434,9764400
2007-09-27,10.599866073127446,10.631087785314296,10.49319098001207,10.519208908081055,10945200
2007-09-28,10.527019028700273,10.550435571960707,10.355298042297362,10.355298042297363,7080200
2007-10-01,10.430750367198355,10.545230681981174,10.383917285577953,10.495796203613281,11402400
2007-10-02,10.459366226746756,10.563438925047953,10.459366226746756,10.534819602966309,4999000
2007-10-03,10.480184307689184,10.534823561789189,10.472379125326603,10.500999450683594,10759400
2007-10-04,10.50099454448659,10.612873404508717,10.50099454448659,10.558235168457031,7332200
2007-10-05,10.55824092590998,10.709146754321381,10.55824092590998,10.641499519348145,9970600
2007-10-08,10.68312852440987,10.711747858699823,10.602471329990834,10.625887870788574,5835200
2007-10-09,10.662307593921486,10.795001583935855,10.633687282643088,10.742964744567871,8175600
2007-10-10,10.742968734557925,10.761181486223,10.662311553955078,10.662311553955078,5832000
2007-10-11,10.761184566975185,10.83143419744631,10.680527363281492,10.771592140197754,11032800
2007-10-12,10.784594017558225,10.841833647594866,10.742964744567871,10.742964744567871,7765200
2007-10-15,10.748173670658039,10.800209542404547,10.586859292177838,10.664915084838867,10624800
2007-10-16,10.65190686587647,10.709147525180741,10.602472382626921,10.638897895812988,9074400
2007-10-17,10.690929425095398,10.735160099708215,10.537421273022165,10.667512893676758,10155000
2007-10-18,10.571247328179766,10.654505901401501,10.568644939473815,10.573848724365234,5874600
2007-10-19,10.553034706955758,10.573848854256635,10.308461776657103,10.33968448638916,12966000
2007-10-22,10.290247315246525,10.446357860398429,10.233007675292457,10.4125337600708,8822800
2007-10-23,10.451561069975474,10.50359792044064,10.360497326051712,10.41773796081543,7211600
2007-10-24,10.376109750180513,10.474978684499183,10.313665324671456,10.407331466674805,10129400
2007-10-25,10.467174078240262,10.688330479562703,10.448961326575189,10.662311553955078,10816200
2007-10-26,10.41773806859541,10.839234675935273,10.41773806859541,10.808012962341309,9860600
2007-10-29,10.873056095621989,10.951110856611265,10.852240963347443,10.904277801513672,5461400
2007-10-30,10.956316664178646,10.992742159869637,10.847039184585354,10.917288780212402,7014200
2007-10-31,11.057789697046545,11.09941898326402,10.927698053551879,11.044780731201172,11509600
2007-11-01,10.904281330953427,11.06299329209741,10.818421363830566,10.818421363830566,12996800
2007-11-02,10.984939982688529,10.984939982688529,10.802811461930565,10.90688419342041,12822800
2007-11-05,10.878264012784602,11.089011848294664,10.85484747633676,11.026568412780762,20123400
2007-11-06,11.161865690977379,11.161865690977379,10.88607099307303,11.03697681427002,9859800
2007-11-07,10.893876790509065,11.000551926305013,10.776794082313332,10.784600257873535,21120000
2007-11-08,10.78719962314445,11.01616121021536,10.71695001145722,10.995346069335938,16941000
2007-11-09,10.95111127588106,11.034369823126575,10.867852728635544,10.9094820022583,11569200
2007-11-12,10.995345699840653,11.00575326993062,10.719552040100098,10.719552040100098,16557200
2007-11-13,10.867858098609247,10.867858098609247,10.633692698451446,10.810617446899414,11647800
2007-11-14,10.828827799042541,10.896476007425026,10.745569229125977,10.745569229125977,7871200
2007-11-15,10.646697593996011,10.899075651785628,10.646697593996011,10.841835021972656,11841800
2007-11-16,10.927698079160827,10.930299475327807,10.722153043752648,10.844439506530762,8805400
2007-11-19,10.844437278760351,10.92509443865405,10.80540939662979,10.875658988952637,7318600
2007-11-20,10.927701751812432,11.076006196185364,10.914692781564437,11.0083589553833,15486800
2007-11-21,11.016158691745321,11.06559315125162,10.912084996182214,10.917288780212402,11251800
2007-11-23,10.930300731696727,11.055189597517483,10.831431785659465,10.90688419342041,2328800
2007-11-26,10.86785677302856,11.096818359420185,10.862652987824143,10.888670921325684,11085400
2007-11-27,11.031772077424638,11.031772077424638,10.841837399131501,10.930299758911133,12500000
2007-11-28,10.98233855157033,11.12023639678955,10.932904074240072,11.12023639678955,9764000
2007-11-29,11.068197266731032,11.122835518793877,11.005752841144584,11.044780731201172,7344000
2007-11-30,11.091613980123483,11.156659802913875,11.081206410272102,11.117631912231445,15875200
2007-12-03,11.302358198762244,11.359598822131481,11.117628359278104,11.226905822753906,7099600
2007-12-04,11.250326039472453,11.388222867320673,11.141048540171216,11.307565689086914,15338200
2007-12-05,11.422046530427158,11.51050888642325,11.343990751444375,11.502702713012695,13597600
2007-12-06,11.55213744766482,11.567747808466168,11.388221711607901,11.435054779052734,8212800
2007-12-07,11.541733786732358,11.570354114585996,11.422049681635997,11.494900703430176,12234600
2007-12-10,11.552139820665776,11.575556359198337,11.500102958091126,11.54693603515625,6041200
2007-12-11,11.619787393656368,11.619787393656368,11.276345479953864,11.278946876525879,12979000
2007-12-12,11.341388624896833,11.510508145107043,11.200889422801003,11.281546592712402,15409200
2007-12-13,11.190484773709613,11.448066711425781,11.190484773709613,11.448066711425781,9644000
2007-12-14,11.414238682485953,11.427247646234445,11.23471260070801,11.234712600708008,9793200
2007-12-17,11.193088287833742,11.258134127958867,11.08641314972937,11.130643844604492,8340000
2007-12-18,11.232113611189378,11.310169402339985,11.161864987186814,11.229512214660645,8003200
2007-12-19,11.239918431950993,11.35179732710222,11.187881574958714,11.20089054107666,6876800
2007-12-20,11.203489285113589,11.317969539237696,11.146248661791448,11.250322341918945,8566000
2007-12-21,11.367514120031089,11.378000996545632,11.270513012480542,11.273134231567383,9957600
2007-12-24,11.320328050840214,11.328192710876465,11.270516870470745,11.328192710876465,4431800
2007-12-26,11.354404628834954,11.354404628834954,11.246916657981448,11.270511627197266,3882200
2007-12-27,11.312456791983315,11.325564884425452,11.160400119421153,11.170886993408203,5911600
2007-12-28,11.30197127603455,11.30197127603455,11.18137521094278,11.252159118652344,3126000
2007-12-31,11.270511161336179,11.270511161336179,11.092238290204042,11.097481727600098,3816200
2008-01-02,11.05029337902377,11.20497130414228,10.984751902280056,11.034563064575195,9997800
2008-01-03,11.003108607014482,11.163030045442568,11.003108607014482,11.018837928771973,10287200
2008-01-04,11.037181660476145,11.17350801971334,10.974262417802567,11.102723121643066,14046600
2008-01-07,11.168266454059061,11.364890870504352,11.115834076407117,11.333431243896484,18309000
2008-01-08,11.346539724103422,11.56413789907485,11.336053848266602,11.336053848266602,19207800
2008-01-09,11.425190583488137,11.495974497538768,11.32294504079416,11.459271430969238,18160000
2008-01-10,11.440922160752242,11.53268084540992,11.330812939263536,11.38848876953125,16979600
2008-01-11,11.288863162155739,11.459270384246432,11.288863162155739,11.3858642578125,10732400
2008-01-14,11.488112222957263,11.501220320867214,11.343921145780264,11.40159797668457,9706000
2008-01-15,11.328187213792258,11.454026713727394,11.24953765134323,11.280997276306152,17486800
2008-01-16,11.215459453014041,11.346542433063608,11.063403716200106,11.079133033752441,19357400
2008-01-17,11.031939900057713,11.089615709364217,10.633447671720072,10.651799201965332,28722400
2008-01-18,10.62558889753036,10.748807251908397,10.397504730989006,10.494505882263184,21770200
2008-01-22,9.68440791826733,10.303119597955353,9.451080428911864,10.132712364196777,27875400
2008-01-23,9.77092533093839,10.499746370889607,9.77092533093839,10.402745246887207,29698800
2008-01-24,10.541694382234887,10.541694382234887,10.119606971740723,10.119606971740723,26884400
2008-01-25,10.221848560184322,10.297875908734415,9.925600822459817,10.009493827819824,25056600
2008-01-28,10.014735294957182,10.182521272660132,10.006869639695077,10.166790962219238,11460000
2008-01-29,10.221849990278017,10.292633910885735,10.151065069586647,10.200876235961914,12135200
2008-01-30,10.166792846905265,10.376526357996964,10.09338671807327,10.148441314697266,13005000
2008-01-31,10.174660367122623,10.47352937505784,10.035711740563295,10.282148361206055,8879400
2008-02-01,10.352932298303338,10.56528604683419,10.345066640891524,10.549556732177734,8869600
2008-02-04,10.560043580765674,10.803857981222642,10.560043580765674,10.701613426208496,9367800
2008-02-05,10.617718447303556,10.654421511552481,10.345065684192265,10.37914752960205,12556400
2008-02-06,10.389632469658567,10.51547195224824,10.310982918050435,10.360794067382812,8484000
2008-02-07,10.290011949191845,10.34244533111527,10.200875499947095,10.305742263793945,14332000
2008-02-08,10.224472045898438,10.308365069858084,10.18514675338072,10.224472045898438,9948800
2008-02-11,10.22447468358483,10.342449591489146,10.20350092214229,10.308367729187012,6739200
2008-02-12,10.313606280462425,10.539069108670876,10.313606280462425,10.484014511108398,8388200
2008-02-13,10.499749424527835,10.55742627183063,10.394883611349353,10.434207916259766,11250600
2008-02-14,10.478769392421377,10.578391695816704,10.297874315041227,10.303117752075195,10169800
2008-02-15,10.297877848589161,10.447312355041504,10.182525194510559,10.447312355041504,7648600
2008-02-19,10.55479569705392,10.55479569705392,10.32146827231785,10.363414764404297,7995000
2008-02-20,10.227094457369805,10.384394645690918,10.227094457369805,10.384394645690918,9425800
2008-02-21,10.384390294176658,10.40274182511145,10.156306266784668,10.156306266784668,10102800
2008-02-22,10.229716538092385,10.334582328796387,10.130093186852323,10.334582328796387,11214400
2008-02-25,10.384390397897334,10.38701161659273,10.255928679987278,10.345065116882324,12142400
2008-02-26,10.24544185682023,10.48663395780985,10.242819638284104,10.478769302368164,8719000
2008-02-27,10.434206018751675,10.434206018751675,10.227094650268555,10.227094650268555,14281000
2008-02-28,10.193013589625291,10.232337886602767,10.106498336123918,10.158931732177734,12738200
2008-02-29,10.13271251636779,10.156307487560525,9.83122132891433,9.86005973815918,20464400
2008-03-03,9.857437130552615,10.014737265665264,9.83122094140893,10.009493827819824,12819200
2008-03-04,9.912493166958765,10.19825404165008,9.88889819565091,10.182523727416992,15920600
2008-03-05,10.193011813646985,10.200876471655413,10.014738898175683,10.1536865234375,12454600
2008-03-06,10.093387479949964,10.156307738043568,9.941330772939175,9.946574211120605,14616400
2008-03-07,9.844329309529599,9.938709193203062,9.791895929701726,9.883654594421387,22971400
2008-03-10,9.867926982210049,9.941333134016984,9.77879051212285,9.870549201965332,14422200
2008-03-11,10.114360767247959,10.158928489613913,9.909870687916351,10.040953636169434,16424000
2008-03-12,10.017358665480538,10.240200277560895,10.001629351743626,10.040953636169434,9664000
2008-03-13,9.836464379254368,10.067170644036148,9.836464379254368,10.009493827819824,15517200
2008-03-14,10.09338964826077,10.098633087568622,9.797141827911734,9.936090469360352,14957600
2008-03-17,9.702759038862716,10.009493646728675,9.702759038862716,9.941329956054688,10877000
2008-03-18,9.978032967239669,10.13271086426491,9.933464251105251,10.11698055267334,8959000
2008-03-19,10.119602907771815,10.352931388876842,9.867923894540741,9.917736053466797,11941400
2008-03-20,10.089639377336557,10.089639377336557,9.532477750681126,9.888956069946289,14983600
2008-03-24,9.954971575999874,10.0315485206329,9.851989274672599,9.92064380645752,11896200
2008-03-25,9.960252329634555,10.02098545270553,9.891596794128418,9.891596794128418,8519000
2008-03-26,9.881039323878007,10.044755834291243,9.881039323878007,9.928569793701172,10933400
2008-03-27,9.936482347191147,10.153009380437151,9.936482347191147,10.028902053833008,14689000
2008-03-28,10.034184370000688,10.142447897911351,9.925920842090022,9.936483383178711,10660200
2008-03-31,9.968172400493357,10.084357358559991,9.918001829184956,10.018342971801758,7890800
2008-04-01,10.100200619564891,10.32464911930207,10.086997944397918,10.277118682861328,17906600
2008-04-02,10.287680098989064,10.448755337360566,10.287680098989064,10.409146308898926,5949400
2008-04-03,10.398588090520247,10.409149628485357,10.242794073412588,10.353697776794434,9502000
2008-04-04,10.319365907561268,10.562298284603504,10.308803367524842,10.343130111694336,15743600
2008-04-07,10.36953847778285,10.448755528858536,10.311445503587603,10.388022422790527,7483800
2008-04-08,10.34313639540119,10.483087617659454,10.34313639540119,10.456681251525879,8156800
2008-04-09,10.45139718758601,10.506849025365641,10.382741667887842,10.430272102355957,9749600
2008-04-10,10.446115231698677,10.448755363529662,10.329929285146571,10.356335639953613,8073000
2008-04-11,10.348413223357586,10.424990141300718,10.332570417782758,10.369538307189941,14399400
2008-04-14,10.369541594691738,10.411790768451453,10.31937101563325,10.353697776794434,4660800
2008-04-15,10.422349137768343,10.483082237757621,10.388021383061584,10.467238426208496,8404200
2008-04-16,10.443475535294121,10.720735751624137,10.443475535294121,10.686408996582031,9311800
2008-04-17,10.731302880175885,10.78939588629869,10.652085785562974,10.707537651062012,7203400
2008-04-18,10.794669222024954,10.826355835108306,10.665280623710762,10.741857528686523,7004000
2008-04-21,10.681130080730615,10.744503340401069,10.575506638213456,10.64416217803955,7014200
2008-04-22,10.604550177081228,10.630955526694718,10.54645719917212,10.612471580505371,7886000
2008-04-23,10.64943910104415,10.694328391033672,10.580783589260967,10.628314018249512,5506200
2008-04-24,10.736576225668616,10.736576225668616,10.55173580320108,10.61775016784668,10186800
2008-04-25,10.628318173126923,10.691692438986044,10.601912816610497,10.652083396911621,7983800
2008-04-28,10.652080285383647,10.6943294478486,10.469880961122191,10.549098014831543,12568600
2008-04-29,10.56493830115039,10.641515204633402,10.54381422860636,10.599266052246094,8417000
2008-04-30,10.591343169640062,10.707528070630627,10.53061008453369,10.530610084533691,7644600
2008-05-01,10.588707823307292,10.720736604182942,10.570223874568674,10.654722213745117,17753000
2008-05-02,10.747139073922034,10.871245398050828,10.720732722927071,10.831637382507324,8195000
2008-05-05,10.749782846760198,10.778829339044236,10.62039520860356,10.675847053527832,7438400
2008-05-06,10.57022026193015,10.69168746436902,10.517409573468997,10.673202514648438,5495400
2008-05-07,10.615116865937104,10.683771406127233,10.501572005111191,10.512134552001953,6664000
2008-05-08,10.501564377114594,10.59926534663754,10.464596497149111,10.538532257080078,7365600
2008-05-09,10.514770600762493,10.630955549530757,10.446116087240227,10.572863578796387,6072400
2008-05-12,10.593988848663688,10.696971134180092,10.56494235637965,10.675847053527832,5150000
2008-05-13,10.731292605468585,10.736573874359546,10.588701367309735,10.65999698638916,5960600
2008-05-14,10.73657955832693,10.773547452835501,10.641518682562273,10.69961166381836,7699200
2008-05-15,10.699605582414206,10.749776123974428,10.646793902861914,10.689043045043945,7326200
2008-05-16,10.702254185330501,10.805236487966873,10.689051506815547,10.768268585205078,5946000
2008-05-19,10.757708313910753,10.939907716397709,10.757708313910753,10.889737129211426,4759800
2008-05-20,10.87916765481595,11.027039189122066,10.87916765481595,10.963665962219238,9398200
2008-05-21,10.918779920851973,11.085136469013808,10.892374567245188,10.908218383789062,8209600
2008-05-22,10.971590995788574,11.040246522843496,10.87124884479271,10.971590995788574,6137200
2008-05-23,10.961029277485345,10.96631054975649,10.773548644708361,10.802595138549805,3566600
2008-05-27,10.681127512717044,10.879170664347276,10.681127512717044,10.85804557800293,5035400
2008-05-28,10.908217872393582,10.908217872393582,10.797313176385199,10.865968704223633,5405200
2008-05-29,10.88181268325684,10.990076251294226,10.842204650443005,10.982154846191406,5759200
2008-05-30,11.01912207769717,11.021763217437652,10.876530750701312,10.908218383789062,6926000
2008-06-02,10.918775278965606,10.950462898582034,10.762981341398852,10.828995704650879,10984600
2008-06-03,10.858047456380275,10.905577901577978,10.712815988187174,10.733941078186035,9034200
2008-06-04,10.752426174968091,10.90029779153082,10.723379676771886,10.863329887390137,8773400
2008-06-05,10.905572578114707,11.008554823339907,10.807871602811217,10.992712020874023,5602400
2008-06-06,10.953104890190831,10.990072778722764,10.704891204833984,10.704891204833984,9284000
2008-06-09,10.73129430827137,10.926697259046627,10.707529098140585,10.871244430541992,7790200
2008-06-10,10.947822839122983,10.947822839122983,10.757702139179882,10.860684394836426,7648000
2008-06-11,10.881809068968836,10.92933949839845,10.78146794666134,10.850122451782227,9388600
2008-06-12,10.863325018389498,10.863325018389498,10.76034275806913,10.805232048034668,7738800
2008-06-13,10.805226406443872,10.971582820957416,10.786742472308907,10.902928352355957,19537200
2008-06-16,10.900294242796072,10.968949762962634,10.784109295136638,10.913497924804688,6174400
2008-06-17,10.963669176623672,11.029683561593252,10.94254408992961,10.974231719970703,8294200
2008-06-18,10.908214919438281,11.021759717026066,10.881808566918243,10.93198013305664,7824400
2008-06-19,10.90293554356714,11.032323167851636,10.90293554356714,10.945184707641602,8909600
2008-06-20,10.957152628532238,11.020996646734254,10.818824768066406,10.818824768066406,14011400
2008-06-23,10.882669250271396,11.039618077994989,10.882669250271396,10.949172973632812,8810600
2008-06-24,10.882673614111756,10.959818207689096,10.858732223510742,10.858732223510742,9228400
2008-06-25,10.89065222133055,11.015679578682224,10.89065222133055,10.986417770385742,10219000
2008-06-26,10.861387799768247,11.010355479857452,10.659215927124023,10.659215927124023,11244800
2008-06-27,10.65922031201958,10.749665447037206,10.563454755557784,10.568775177001953,12820600
2008-06-30,10.59537713477707,10.903954470820082,10.587395995340072,10.826809883117676,14565800
2008-07-01,10.723063734841523,10.949176051934069,10.691141208021472,10.882672309875488,23949000
2008-07-02,10.930554346266659,11.023659172946736,10.82946838103793,10.853409767150879,8653600
2008-07-03,10.933213063148617,10.959815164633904,10.741683006286621,10.741683006286621,10881200
2008-07-07,10.744348656020957,10.877356192767474,10.57409917134813,10.635282516479492,13056600
2008-07-08,10.632618526004832,10.792227099852216,10.587395454062584,10.691141128540039,19448800
2008-07-09,10.715079126408593,10.880009083944532,10.701778585256662,10.818824768066406,9646800
2008-07-10,10.842769656194507,10.88267230732694,10.794887895508788,10.845430374145508,11225800
2008-07-11,10.776263837875565,10.914591716445205,10.667197762529591,10.76296329498291,18472200
2008-07-14,10.895974622367191,10.895974622367191,10.616659063377014,10.688483238220215,13299000
2008-07-15,10.619311140778382,10.659213769735384,10.48630373060972,10.613991737365723,15423400
2008-07-16,10.621976037030704,10.621976037030704,10.326699307901416,10.403843879699707,14100200
2008-07-17,10.385224424144756,10.403845390418402,10.121869163641458,10.238916397094727,23315400
2008-07-18,10.252214397665211,10.438425028949684,10.177729536291642,10.249553680419922,13107800
2008-07-21,10.26551199758973,10.459702695424166,10.24423032479176,10.430440902709961,18286200
2008-07-22,10.37723965115248,10.534188465329729,10.361279408373703,10.395861625671387,10501000
2008-07-23,10.465026207732413,10.465026207732413,10.103245781330331,10.143148422241211,16906600
2008-07-24,10.145809647171044,10.217633802728392,9.972900545066137,10.127188682556152,12823400
2008-07-25,10.119208279541866,10.161770628166762,9.994180936495916,10.00482177734375,12635400
2008-07-28,10.00482048228315,10.143148351100006,9.975558681122582,10.028761863708496,10399000
2008-07-29,10.023448460394809,10.076651680223017,9.980886087485645,10.042069435119629,8235200
2008-07-30,10.042064877502039,10.238916397094727,10.028764332273227,10.238916397094727,10627800
2008-07-31,10.20965275200718,10.254874800602968,10.127187762797579,10.12984848022461,10823800
2008-08-01,10.199013113791695,10.2016728167658,9.815951955231537,9.839893341064453,19705600
2008-08-04,9.869151407263217,9.90107392273533,9.696242348237222,9.733484268188477,13916400
2008-08-05,9.722847369073001,9.906398355724685,9.640383374273895,9.813292503356934,17429400
2008-08-06,9.802650146586846,9.972900560825028,9.789349602521831,9.866494178771973,11404800
2008-08-07,9.842551618585459,9.975559072890668,9.71486458422442,9.858512878417969,10907200
2008-08-08,9.789350171619812,9.94629903615064,9.754767943227183,9.887775421142578,11339600
2008-08-11,9.943639190979274,10.079306370016807,9.869154314369922,9.996842384338379,9311400
2008-08-12,9.988862127506287,10.028764779739664,9.786691192614795,9.879796028137207,11249800
2008-08-13,9.834573969388206,9.96226103586177,9.810632581001501,9.879796028137207,7837200
2008-08-14,9.887775891719983,9.887775891719983,9.749449001099283,9.794671058654785,8689600
2008-08-15,9.821273963494901,9.86649704416926,9.797333586085063,9.829255104064941,5562600
2008-08-18,9.874471778259888,9.930335672680018,9.83190943927125,9.842550277709961,5934400
2008-08-19,9.882454271656066,9.901075234097974,9.829251086922179,9.89575481414795,4267000
2008-08-20,9.874474093185539,9.954278370652403,9.826591323752133,9.932997703552246,6973000
2008-08-21,9.88245387267196,10.076644626559188,9.866492613466294,10.028761863708496,8225000
2008-08-22,10.07132336045978,10.116545402259385,10.042061561758288,10.068662643432617,5306600
2008-08-25,10.063345249742925,10.092606039525016,9.91703622700036,9.962259292602539,6928200
2008-08-26,9.948958679204935,10.105907526780781,9.935657121037126,10.071325302124023,5091800
2008-08-27,10.127187162923597,10.175069926110126,10.06068343791634,10.143148422241211,5246200
2008-08-28,10.19901175827428,10.214973018297028,10.135167732949641,10.159109115600586,3599600
2008-08-29,10.145807791737045,10.2149722317436,10.018120765686035,10.018120765686035,4412000
2008-09-02,10.262855672568781,10.262855672568781,9.866493011805996,9.89575481414795,12448200
2008-09-03,9.8930919495229,9.8930919495229,9.701561946724825,9.73880386352539,6881400
2008-09-04,9.722847107542764,9.773390602109506,9.587179917149422,9.61644172668457,8399200
2008-09-05,9.592498058065354,9.608458303278365,9.374365912179147,9.414267539978027,12309000
2008-09-08,9.462153458496143,9.677625973577088,9.462153458496143,9.651023864746094,13014400
2008-09-09,9.709546445622651,9.7148668668169,9.321164831341726,9.347765922546387,17798600
2008-09-10,9.39298688525109,9.494071820934108,9.366384785255805,9.451509475708008,8508600
2008-09-11,9.377027463315898,9.565897843855733,9.283922631998106,9.525996208190918,16788800
2008-09-12,9.494073479925083,9.736147050967075,9.494073479925083,9.704225540161133,12394200
2008-09-15,9.408950682215588,9.637723754701568,9.366388320922852,9.366388320922852,16740200
2008-09-16,9.387665396119687,9.398306234905949,8.826373834722379,9.225396156311035,37290600
2008-09-17,9.132289312671865,9.214753257918126,8.778489112854004,8.778489112854004,30698600
2008-09-18,8.823715564224155,9.132293885988862,8.791794053780624,9.100371360778809,35972000
2008-09-19,9.363372153378858,9.862537479400636,9.148677664698543,9.392892837524414,18711400
2008-09-22,9.395575802979057,9.395575802979057,9.135259190761008,9.159412384033203,11316600
2008-09-23,9.127208187555565,9.239923439924896,9.001075744628906,9.001075744628906,7041600
2008-09-24,9.027911460085534,9.084268569946289,8.912512983469291,9.084268569946289,6613200
2008-09-25,9.062800888849786,9.363373206818546,9.062800888849786,9.264077186584473,8399000
2008-09-26,8.995703629056594,9.339214652530998,8.995703629056594,9.266755104064941,6415400
2008-09-29,9.162098077009961,9.162098077009961,8.72465724752269,8.781015396118164,15995800
2008-09-30,8.786381081014694,8.925931735645076,8.740757924746058,8.91788101196289,6718400
2008-10-01,8.944719883178418,8.966188824319019,8.716606113125854,8.880311012268066,13449000
2008-10-02,8.802483080069257,8.952769748601858,8.641462453869034,8.751493453979492,10482600
2008-10-03,8.797116322926508,8.931300530530605,8.582421795508802,8.619993209838867,16253400
2008-10-06,8.394563490081943,8.668298861031158,7.916867567817639,8.198654174804688,19281800
2008-10-07,8.190602277385146,8.35162339197192,7.841723110468472,7.863192558288574,18079800
2008-10-08,7.57335558055627,7.994694371647993,7.516998465850386,7.726325988769531,20994200
2008-10-09,7.822935838310415,7.989324409442274,7.205688953399658,7.205688953399658,19532600
2008-10-10,7.025884606305193,7.192272723214177,6.247616369459732,6.913169860839844,29658400
2008-10-13,7.318405608508005,7.825621666487278,7.033934766370171,7.747795104980469,12139600
2008-10-14,8.281843563343214,8.281843563343214,7.377442422485673,7.683382034301758,22166600
2008-10-15,7.549200254895591,7.696803130951045,7.084923206375984,7.111760139465332,17348800
2008-10-16,7.256679607039607,7.380128788346135,6.8058207482520405,7.318404197692871,21499600
2008-10-17,7.439170628434736,7.830988693545942,7.125179632098776,7.355976581573486,22400800
2008-10-20,7.412333746639214,8.0403151888275,7.406966257011216,7.975906848907471,19937600
2008-10-21,7.943703853893147,7.967857048141447,7.667284248535958,7.723641872406006,14374200
2008-10-22,7.761212774491887,7.761212774491887,7.036618018019504,7.396231651306152,19488400
2008-10-23,7.361343988829557,7.742427069743396,7.095659381356614,7.573354721069336,31864400
2008-10-24,7.117128792369079,7.554568979336846,7.0768736420878255,7.3720784187316895,27834400
2008-10-27,7.2942526967192105,7.4579575733600665,7.084925174713134,7.084925174713135,15016000
2008-10-28,7.5143130240081115,7.890028572834127,7.076872883905584,7.798783302307129,15944600
2008-10-29,7.8444077679397,7.95712251007491,7.5492024421691895,7.5492024421691895,17527000
2008-10-30,7.8256218311109444,8.013479899729537,7.680703173727734,7.970541000366211,20751400
2008-10-31,8.064468950467939,8.163765468118589,7.7504779512375315,7.758529186248779,23792400
2008-11-03,7.906135261141522,7.914186499903152,7.707542645204965,7.839043140411377,12163000
2008-11-04,7.959803996925216,8.134243295246,7.8712424755087,7.986640930175781,15579800
2008-11-05,7.833676159775882,7.997380586284298,7.707542645204965,7.839043140411377,17569400
2008-11-06,7.7155891639921075,7.7665792878782876,7.329138641671489,7.471374034881592,19744800
2008-11-07,7.511629279360617,7.806834536249612,7.398914563525618,7.798783302307129,16855200
2008-11-10,7.914187599079107,7.941024553472915,7.4686958965078265,7.610931396484375,16641600
2008-11-11,7.581410695463953,7.739748163327854,7.388185545198734,7.610931396484375,15994600
2008-11-12,7.428437498013935,7.527733520757256,7.358661651611328,7.358661651611328,13861800
2008-11-13,7.364027646386263,7.94101949487132,7.299619303994034,7.916866302490234,29509400
2008-11-14,7.7236359782944435,8.083249360591905,7.581400666472665,7.729002952575684,26159200
2008-11-17,7.712906731920932,7.930284963774561,7.549201865827491,7.715590476989746,20978200
2008-11-18,7.535781094775457,7.804149368110583,7.455270817523663,7.632393836975098,24702200
2008-11-19,7.581403659189763,7.873925115662232,7.455270756036403,7.46868896484375,21096600
2008-11-20,7.40965272251356,7.581408358699154,6.972211882779139,7.033936500549316,31769200
2008-11-21,7.095659830911976,7.737060070037841,7.095659830911976,7.737060070037842,38402000
2008-11-24,7.74511026503719,8.00005987462143,7.632395544544292,7.814886093139648,20148600
2008-11-25,7.970541000366211,8.051051308704432,7.715590837508414,7.970541000366211,23220400
2008-11-26,7.782678793795318,7.970536762532195,7.6994847844960885,7.943699836730957,19436600
2008-11-28,7.981277380853823,8.088624654972708,7.8095217422636045,8.083257675170898,5949200
2008-12-01,7.986644280344049,8.037634423721833,7.546520233154297,7.546520233154297,18470600
2008-12-02,7.669969185596711,7.742428779602051,7.498213565914831,7.742428779602051,22121200
2008-12-03,7.683384296320721,7.9329669002263845,7.581404566316042,7.876609802246094,19609600
2008-12-04,7.852457783213073,7.892712932317425,7.423068331731993,7.5921406745910645,22819400
2008-12-05,7.436485265218026,7.737057983123964,7.243260275624719,7.640445232391357,23859000
2008-12-08,7.9356520458985065,7.9356520458985065,7.645814247705078,7.763896465301514,16384200
2008-12-09,7.763896801781574,7.804151953744615,7.594824446915966,7.653865814208984,17933800
2008-12-10,7.6431298262920535,7.814885903559174,7.6431298262920535,7.76926326751709,11493200
2008-12-11,7.793417868524503,7.908815839991893,7.651182445266482,7.7075395584106445,12761800
2008-12-12,7.686069238744783,7.761212559635751,7.514313661704854,7.755845069885254,13821200
2008-12-15,7.796102897732937,7.798786643530224,7.535785697862087,7.635082244873047,13640800
2008-12-16,7.8953986167907715,7.930286284752664,7.645815914409459,7.8953986167907715,14474200
2008-12-17,7.8444089517443265,7.876613388016695,7.627030670490326,7.656551361083984,18228800
2008-12-18,7.680702130503828,7.868559661734797,7.667283406355338,7.720957279205322,19819800
2008-12-19,7.7940618085537,7.897330180753784,7.707098859682036,7.766885757446289,15981800
2008-12-22,7.753297736971637,7.785908582559758,7.579371326588163,7.663617134094238,12642800
2008-12-23,7.671768429096768,7.766884331338067,7.541324029740684,7.576652526855469,6867000
2008-12-24,7.544042322020889,7.641875888953642,7.544042322020889,7.614699840545654,2107600
2008-12-26,7.652748891473789,7.712535805909916,7.625572832788201,7.631008148193359,2173200
2008-12-29,7.614698465753821,7.6989437341025555,7.5494762723541635,7.647309303283691,3731800
2008-12-30,7.736995536984287,7.7777598911907,7.669055637760659,7.764171600341797,7981600
2008-12-31,7.794062349751524,7.938094549443885,7.775039268157446,7.889178276062012,8562000
2009-01-02,7.97342199964086,8.133760110478287,7.8837414053029775,8.073972702026367,10751000
2009-01-05,8.08212435327407,8.1881103515625,8.046795859957896,8.1881103515625,13622000
2009-01-06,8.188114711710123,8.280512996772595,8.038647172053867,8.071258544921875,19155200
2009-01-07,8.00603199005127,8.030490378480343,7.910916610982589,8.00603199005127,9761000
2009-01-08,7.921790939192248,7.987013170311712,7.894614879974084,7.965272426605225,16787400
2009-01-09,8.016904270840884,8.016904270840884,7.870153909961251,7.902765274047852,8962400
2009-01-12,7.921789147193106,7.978858910475441,7.881025326757209,7.905483722686768,9365600
2009-01-13,7.9326603106214515,7.938095106929943,7.704382278780537,7.756016731262207,15602000
2009-01-14,7.663615388017501,7.696226226175574,7.486971361024885,7.660897731781006,13091600
2009-01-15,7.671767411326887,7.7206841841809,7.544040685361331,7.701661109924316,15866600
2009-01-16,7.80221022408539,7.921784476084723,7.7451410127942175,7.85384464263916,12058200
2009-01-20,7.853851103592991,7.91363853794656,7.709818869938055,7.717971324920654,11946400
2009-01-21,7.864717613135128,7.864717613135128,7.622851381378547,7.804930210113525,12102000
2009-01-22,7.758734094406901,7.864720659756653,7.717970270044758,7.802215576171875,13549800
2009-01-23,7.669050178870016,7.8511289999178056,7.625568715784567,7.818518161773682,15356800
2009-01-26,7.848411552586104,8.076689499030818,7.834823789387704,8.00603199005127,12336000
2009-01-27,8.027772455318742,8.103864751131121,7.954397297208325,8.04407787322998,9917400
2009-01-28,8.141911261491659,8.152781886143007,7.851128790486944,8.095712661743164,14158600
2009-01-29,8.049514147006034,8.201699275152563,7.997879712721694,8.03592586517334,16365200
2009-01-30,8.06038443046378,8.101148240173725,7.810365741012159,7.8755879402160645,16238800
2009-02-02,7.785906768462156,7.946244857208819,7.723402230364962,7.919068813323975,14614800
2009-02-03,7.891896926159004,8.008753087559842,7.84841492489291,7.95440149307251,13319400
2009-02-04,8.035922815099841,8.106580298791613,7.943524607067506,8.014182090759277,16164800
2009-02-05,7.989730371921947,8.117457687453113,7.938095914189344,8.071258544921875,16522200
2009-02-06,8.071250860135374,8.212565292441507,8.003311039825613,8.122884750366211,15762800
2009-02-09,8.144630536382218,8.166371271665927,7.99516304609922,8.076690673828125,14593000
2009-02-10,8.057664962236938,8.07940569041641,7.791340912453449,7.848410129547119,19127600
2009-02-11,7.910918002837479,7.910918002837479,7.750579880854595,7.823955059051514,17739800
2009-02-12,7.679923881201858,7.764169184895011,7.552197096999972,7.756016731262207,23816000
2009-02-13,7.698943923488457,7.802212269326561,7.688073816824413,7.709814548492432,13779000
2009-02-17,7.606547840854153,7.606547840854153,7.3429413298516035,7.375552177429199,18619400
2009-02-18,7.356530303384669,7.3891416746519125,7.209780428532476,7.264132022857666,17247600
2009-02-19,7.315764564550868,7.380986771685731,7.258694809345346,7.296741485595703,15639200
2009-02-20,7.220646279833887,7.255975287724073,7.000521338260643,7.130965709686279,22692600
2009-02-23,7.1690160604340445,7.2097804039642295,6.916280136919822,6.959761619567871,11566800
2009-02-24,6.96247768498254,7.215213550706063,6.96247768498254,7.160861968994141,15448800
2009-02-25,7.130968069486391,7.193472620019543,7.06846351895324,7.1146626472473145,13112200
2009-02-26,7.144556428960924,7.201625666572053,6.967912365863546,6.997806072235107,13448600
2009-02-27,6.9434545208983955,7.005959595364989,6.772246276217042,6.889102935791016,18289200
2009-03-02,6.802137749950814,6.891818328334478,6.625493730957018,6.671692848205566,22989000
2009-03-03,6.696151126926009,6.772243941855585,6.38906324781788,6.432544708251953,12226800
2009-03-04,6.473308430914454,6.587447392698281,6.402650929015905,6.492331504821777,11401800
2009-03-05,6.416240796973595,6.484180659649419,6.196115268699114,6.307536602020264,22642800
2009-03-06,6.315685714376468,6.4814590439160895,6.152630039884675,6.299380302429199,19932800
2009-03-09,6.234162627419483,6.3048201545459195,6.10915299686038,6.179810523986816,20237000
2009-03-10,6.204268477567169,6.364606601119236,6.187963055032732,6.261338233947754,17170400
2009-03-11,6.331994444375517,6.345582726735104,6.2395961976902115,6.250466823577881,18785400
2009-03-12,6.261337537633903,6.372758862851627,6.201550131089773,6.331994533538818,13032800
2009-03-13,6.386348723962008,6.465159233614171,6.36732564048463,6.418960094451904,14314000
2009-03-16,6.489617533292704,6.712460789649763,6.462441994190301,6.592886447906494,17967600
2009-03-17,6.611905990131789,6.723327299443668,6.541248485973541,6.696151256561279,12627800
2009-03-18,6.696152986425851,6.957042339818307,6.61462535505698,6.91356086730957,17795800
2009-03-19,6.986933569227806,7.033132685607659,6.891818198745663,7.0141096115112305,17495200
2009-03-20,7.025652062149862,7.127314056290734,6.940476136723305,6.96520471572876,15713400
2009-03-23,7.099837293581494,7.25095591090599,7.036642273541504,7.234470367431641,14104800
2009-03-24,7.198752236461976,7.234471004479361,7.07785701751709,7.07785701751709,12890200
2009-03-25,7.1218184834455736,7.2069944062815425,6.96520450388505,7.075109004974365,14151200
2009-03-26,7.121818077025955,7.179517740280358,6.989932683245059,7.160284519195557,13922600
2009-03-27,7.124565972952278,7.1273136509150525,7.0393900523702175,7.088846683502197,15390000
2009-03-30,6.967951290706302,7.000922374783032,6.860793957292097,6.948718070983887,17798400
2009-03-31,6.967954440304077,7.15204473581893,6.937730496183884,7.020158767700195,15403400
2009-04-01,6.929483753431108,7.11632162794876,6.860793389215259,7.04763126373291,11081000
2009-04-02,7.193256747714205,7.234470871303582,7.031147407405442,7.138304233551025,18623800
2009-04-03,7.190510081734492,7.217986342683636,7.1163243343916305,7.185014724731445,10420200
2009-04-06,7.124563694000245,7.228972802858137,7.0696112004545215,7.124563694000244,11021600
2009-04-07,7.072359571288384,7.1492929649858725,6.981688314889785,7.091592788696289,9097400
2009-04-08,7.108080211698517,7.182265418159039,7.053127702256825,7.160284519195557,8950600
2009-04-09,7.292169806872363,7.404821969833355,7.091593531589641,7.163031578063965,12327600
2009-04-13,7.14654686743027,7.160284733168241,7.03114701340697,7.069613456726074,9148200
2009-04-14,7.011914006731001,7.077856707613819,6.948718983893217,6.978942394256592,12807000
2009-04-15,6.943225100156098,7.077858208516534,6.943225100156098,7.044886589050293,9851600
2009-04-16,7.072360380798912,7.138303072630691,7.025650908576494,7.094341278076172,40656400
2009-04-17,7.110828778717945,7.132809682049914,7.042138390297282,7.083353042602539,13649000
2009-04-20,7.011915158444351,7.0861009056473465,6.998176765962636,7.003672122955322,9955000
2009-04-21,7.003670414263159,7.075108465541003,6.9871848713731834,7.0283989906311035,2376600
2009-04-22,7.003670774512002,7.039390064021202,6.9212425317562865,6.954213619232178,12536800
2009-04-23,6.976194716211557,6.984437750346659,6.907504337283704,6.978942394256592,12980400
2009-04-24,6.995427505213857,7.031146793521103,6.904756231607265,6.967951774597168,11440200
2009-04-27,6.874531810091554,7.080602903746102,6.871784132621586,7.0174078941345215,11312600
2009-04-28,6.956962969228465,7.105334470727383,6.95421529060077,7.044886589050293,9082000
2009-04-29,7.064117681114283,7.13555573165265,7.053127493990047,7.0970892906188965,13377000
2009-04-30,7.1190708599776045,7.198751951419361,7.022904224262589,7.102585315704346,17077600
2009-05-01,7.185015202503912,7.289424896240234,7.061372806110213,7.289424896240234,6983800
2009-05-04,7.308655062120584,7.407568832997525,7.259197914649163,7.399326324462891,15229200
2009-05-05,7.385585308074951,7.404819043963757,7.3004094311159635,7.385585308074951,7705800
2009-05-06,7.459774650299153,7.459774650299153,7.3059083564165235,7.34162712097168,9706800
2009-05-07,7.344374762914826,7.429551205169153,7.32788921966746,7.380094051361084,13806200
2009-05-08,7.4130646027073235,7.643864287772918,7.391083705275645,7.487250328063965,16211600
2009-05-11,7.424055063675204,7.525716514351614,7.413064353296178,7.454278469085693,7803400
2009-05-12,7.500989628924761,7.5559421450607065,7.437794602214646,7.5064849853515625,9010400
2009-05-13,7.435043976210451,7.473510931880935,7.297663264404301,7.305906295776367,14817400
2009-05-14,7.336133379316848,7.377347505794034,7.212490475819241,7.300414085388184,9007400
2009-05-15,7.253706566884789,7.25920192498772,7.050383033672106,7.127316474914551,20801600
2009-05-18,7.1767736497085375,7.18501616279674,7.047635354620641,7.127316474914551,10848400
2009-05-19,7.141054095160991,7.289425614329008,7.121820866542805,7.256453990936279,13592800
2009-05-20,7.289420650571596,7.294915480673515,7.119068339832508,7.124563694000244,14184600
2009-05-21,7.055873719104293,7.083349967356924,7.011911931526421,7.039388179779053,11570200
2009-05-22,7.022903562282981,7.160284307764622,7.022903562282981,7.0970892906188965,9785000
2009-05-26,7.05037960548791,7.303160190582275,7.028398707830398,7.303160190582275,14246800
2009-05-27,7.316897269385375,7.316897269385375,7.138302429587837,7.154788494110107,11873800
2009-05-28,7.165779449206337,7.338878952751006,7.165779449206337,7.303160190582275,12950000
2009-05-29,7.316898311040982,7.380093852574628,7.239965428581519,7.35536527633667,10360600
2009-06-01,7.41031700901511,7.6163881212976134,7.38009360224518,7.5916595458984375,17635800
2009-06-02,7.558688188461599,7.619135523884608,7.4954931754194645,7.500988006591797,13052600
2009-06-03,7.479005705356226,7.514724983631858,7.303158563278716,7.37459659576416,12674800
2009-06-04,7.421306478584853,7.4570252348170785,7.377344690576337,7.443287372589111,7206000
2009-06-05,7.536712143350313,7.555945374999711,7.385592921410564,7.451536178588867,12327000
2009-06-08,7.465266804179264,7.4817523404365485,7.322390759107472,7.404819488525391,12834200
2009-06-09,7.421304579231302,7.457023326321937,7.352614237539861,7.385585308074951,8099200
2009-06-10,7.440540671168788,7.517474072306551,7.402074232632866,7.500988006591797,27226400
2009-06-11,7.52571508906624,7.737281507200955,7.500986519462659,7.646610260009766,27251600
2009-06-12,7.605399908249961,7.7922378490583215,7.555942744616445,7.742780685424805,23854800
2009-06-15,7.6905697369517405,7.704308118200424,7.520218001993333,7.586160659790039,14234200
2009-06-16,7.6136399410418845,7.652106902493784,7.517473847576898,7.53395938873291,13608400
2009-06-17,7.542202763808944,7.630126352721179,7.509231155933891,7.555940628051758,18168800
2009-06-18,7.5779230385492795,7.737284706292836,7.566932849773534,7.72629451751709,23837200
2009-06-19,7.753249824852966,7.800491870722945,7.617081699708022,7.633755207061768,19960000
2009-06-22,7.5976262714210545,7.6948893320801846,7.547605238508299,7.611520767211914,20484200
2009-06-23,7.611521043862452,7.644868577030027,7.5142585097092285,7.544826507568359,16793400
2009-06-24,7.583731298574666,7.658762313182924,7.5503837687168796,7.608741283416748,11261200
2009-06-25,7.669878686551688,7.767141745574032,7.5392680961350145,7.736573219299316,17455200
2009-06-26,7.733794142359624,7.77825716377847,7.664320605137551,7.7087836265563965,6678800
2009-06-29,7.753248346239467,7.817163887273929,7.692111810907521,7.8088274002075195,8966200
2009-06-30,7.88385737386235,7.88385737386235,7.661541732872786,7.750467777252197,13243200
2009-07-01,7.753250353645886,7.878302992431013,7.739355851576996,7.850513458251953,15529400
2009-07-02,7.78104124689995,7.850514829461557,7.617083549651249,7.625420570373535,18944200
2009-07-06,7.5837342754513415,7.697670874624554,7.539270708173812,7.669881343841553,13281800
2009-07-07,7.700446531962193,7.700446531962193,7.503141942703386,7.517036437988281,17148800
2009-07-08,7.528152808030439,7.608741838501081,7.425331736005364,7.483689785003662,17561000
2009-07-09,7.497586192881019,7.567059750331825,7.419776147762472,7.486470699310303,12672400
2009-07-10,7.494808139606548,7.517039659614898,7.419777090854144,7.478134632110596,13236600
2009-07-13,7.478131229059182,7.619857303383012,7.433668209276138,7.608741283416748,12579600
2009-07-14,7.655985836409306,7.669880865955657,7.564280761568103,7.667101860046387,11578000
2009-07-15,7.764363953413509,7.822721479918987,7.68655338803176,7.819942474365234,15265000
2009-07-16,7.80605083296375,7.858850897723002,7.711566729727746,7.822724342346191,8756000
2009-07-17,7.861627866047644,7.861627866047644,7.717122742088152,7.786596298217773,7596000
2009-07-20,7.78659600644491,7.8505115484792904,7.7365749630993434,7.844953536987305,8794200
2009-07-21,7.872745152038923,7.933881704539022,7.842176610768227,7.922766208648682,13569200
2009-07-22,7.922765615154207,7.950555147860279,7.850513042134917,7.881081581115723,11785800
2009-07-23,7.894978926948083,8.120073215888631,7.875526406057614,8.086726188659668,15589200
2009-07-24,8.086718039015205,8.21454906463623,8.033918014065218,8.21454906463623,10510400
2009-07-27,8.200655933151845,8.214550427793439,8.13674040973492,8.195097923278809,6353600
2009-07-28,8.18676726503084,8.197883293407878,7.995020545899586,8.061715126037598,9412400
2009-07-29,8.031140745440922,8.0811617767271,7.928320207833576,8.022804260253906,10645800
2009-07-30,8.114512558406108,8.189543605353032,8.056154488512687,8.14508056640625,12898800
2009-07-31,8.12285019436682,8.161755756471978,8.036703110493445,8.042261123657227,10675200
2009-08-03,8.078382629368203,8.125624654746305,8.028361598963036,8.122845649719238,12321600
2009-08-04,8.097832369013725,8.097832369013725,7.99501186833172,8.003348350524902,12990800
2009-08-05,8.042258482841355,8.056152981146997,7.8949743626123166,7.947774410247803,9034200
2009-08-06,7.98668044604128,7.98668044604128,7.908869867519386,7.961669921875,10230800
2009-08-07,8.00335176193442,8.070046828153473,7.961667743078303,8.036699295043945,14344800
2009-08-10,8.03392273143188,8.0589332563549,7.944996656168353,8.053375244140625,6442600
2009-08-11,8.047816281266869,8.058932304382324,7.983900738476473,8.058932304382324,5669600
2009-08-12,8.064490438349896,8.153416504458706,8.003353370369217,8.097837448120117,9098000
2009-08-13,8.106175305221878,8.125627817942929,8.02002823601099,8.070049285888672,11472600
2009-08-14,8.03948074873204,8.108954311330773,7.989459698854357,8.070049285888672,7126200
2009-08-17,7.975563995381071,8.006131997885854,7.942216457145418,7.958889961242676,9564200
2009-08-18,8.014470460091372,8.014470460091372,7.919986369768033,7.975565433502197,9345200
2009-08-19,7.961667741398091,8.053372794878616,7.939436229343451,8.033920288085938,7654600
2009-08-20,8.05337536430862,8.100617408752441,8.003354313716194,8.100617408752441,6626200
2009-08-21,8.122846994686338,8.261794088800197,8.11451050826581,8.259015083312988,14245200
2009-08-24,8.278469083397413,8.29792159402649,8.214553009848947,8.272911071777344,6479200
2009-08-25,8.27290998293422,8.30347798273905,8.21733093413092,8.220109939575195,6565600
2009-08-26,8.228446951357595,8.247899459415665,8.15897340541244,8.211772918701172,6671000
2009-08-27,8.228446951357595,8.231225956800333,8.153415394526965,8.211772918701172,9706000
2009-08-28,8.222892226738072,8.242344742570308,8.145081633367822,8.192323684692383,6695000
2009-08-31,8.172866680124406,8.18398270023267,8.10061413954372,8.122845649719238,14720000
2009-09-01,8.092279843687532,8.183984914225409,8.045037805529162,8.058932304382324,13162200
2009-09-02,8.02835885718611,8.053369363847317,7.975559369826521,8.003348350524902,10472000
2009-09-03,8.039480086773583,8.039480086773583,7.953333024655911,7.997796058654785,7518400
2009-09-04,8.039478300306495,8.056151801840729,7.9866782604001845,8.036699295043945,11043800
2009-09-08,8.097838282627661,8.103396294842524,8.022807237891897,8.056154251098633,6193000
2009-09-09,8.053372801669829,8.089499340064744,8.036699300125052,8.045036315917969,9241600
2009-09-10,8.031141289596441,8.067267827991357,7.992236275978277,8.045036315917969,10601400
2009-09-11,8.058934633107262,8.086724168884858,8.0228086076253,8.042261123657227,14205400
2009-09-14,8.020030346778373,8.158977508544922,8.003356305736611,8.158977508544922,13520200
2009-09-15,8.164530890771896,8.222888945019468,8.111731377453964,8.220109939575195,8370000
2009-09-16,8.245122727194355,8.35350131913617,8.17564916209499,8.350722312927246,11341800
2009-09-17,8.3368281156859,8.367396655056618,8.284028055875005,8.295144081115723,10708000
2009-09-18,8.29654741893455,8.349892545199559,8.29654741893455,8.333046913146973,9569200
2009-09-21,8.288123930296251,8.321815190578823,8.229163421532363,8.293739318847656,12258800
2009-09-22,8.3302379340352,8.3302379340352,8.254431798218338,8.27127742767334,9885800
2009-09-23,8.282506943372535,8.37796638827277,8.234777220922417,8.243200302124023,19368800
2009-09-24,8.246010942769352,8.30216323097563,8.220742225646973,8.220742225646973,9617200
2009-09-25,8.212318271158342,8.254432616728357,8.195472640032929,8.198280334472656,5916000
2009-09-28,8.220739135246932,8.330236511272187,8.189855040260193,8.268468856811523,7440800
2009-09-29,8.313390961500879,8.321813507111214,8.234777144223246,8.285314559936523,11010800
2009-09-30,8.316204743198533,8.32181959921158,8.187053415660648,8.234783172607422,13267000
2009-10-01,8.243202132724553,8.243202132724553,8.08035960858686,8.09439754486084,18486000
2009-10-02,8.027011869606152,8.04385749474498,7.979282152118833,8.00735855102539,12871200
2009-10-05,8.01016885619108,8.114050869849587,7.959631428784048,8.09439754486084,13698400
2009-10-06,8.119664268960625,8.192662697826602,8.094395561448831,8.156163215637207,7927000
2009-10-07,8.142125130207548,8.173009224479328,8.102818490598228,8.161778450012207,6563000
2009-10-08,8.212315864088646,8.212315864088646,8.147740517441107,8.161778450012207,18317400
2009-10-09,8.17581946305626,8.234779440823237,8.13089688671713,8.212318420410156,9148400
2009-10-12,8.209505832382776,8.296542167663574,8.209505832382776,8.296542167663574,4933600
2009-10-13,8.265661470096676,8.265661470096676,8.203893277829275,8.237585067749023,9727400
2009-10-14,8.27408386217093,8.293737718308009,8.198278273407775,8.243200302124023,15955600
2009-10-15,8.223547773038838,8.319006691614431,8.223547773038838,8.30777645111084,15067400
2009-10-16,8.268469575306321,8.36954387906917,8.243200865487394,8.33585262298584,15137600
2009-10-19,8.33866166027314,8.487465713720477,8.304969863249188,8.453774452209473,17785200
2009-10-20,8.470620800707774,8.476236189939733,8.3358546722187,8.369545936584473,12402400
2009-10-21,8.3667360286197,8.481848799857804,8.358313482512864,8.38077449798584,16686800
2009-10-22,8.389197042807147,8.408850899916734,8.313391450293004,8.40042781829834,8429200
2009-10-23,8.425699027812342,8.425699027812342,8.237587766619113,8.262856483459473,14337000
2009-10-26,8.276894772366996,8.377969644013405,8.12809069523537,8.153359413146973,24405200
2009-10-27,8.181431999939381,8.234777109133061,8.105626412205307,8.133702278137207,21525400
2009-10-28,8.13090043978765,8.167399948604203,8.041056318874912,8.052287101745605,31477800
2009-10-29,8.085976125441812,8.136513563246695,8.038246382571984,8.122475624084473,15075800
2009-10-30,8.119665046920804,8.14493375685364,7.959630241021426,7.970860481262207,26520200
2009-11-02,8.004553559434157,8.057898681811412,7.889440767023675,7.956823825836182,16569400
2009-11-03,7.956819930592067,7.982088632215636,7.911897913375207,7.939974308013916,16763200
2009-11-04,7.968052233747744,8.105626549607662,7.9596296880305255,7.993320941925049,15900400
2009-11-05,8.046666481076464,8.136510543602837,8.041051093290353,8.128087997436523,12965800
2009-11-06,8.108431512917809,8.164584301558778,8.080355654110006,8.119662284851074,14428600
2009-11-09,8.161782481242426,8.265665054321289,8.150552236741316,8.265665054321289,9505000
2009-11-10,8.243201171800077,8.321814462590979,8.234778089709819,8.30496883392334,11047200
2009-11-11,8.34988990867557,8.361120683506439,8.260045852079884,8.285314559936523,11596800
2009-11-12,8.274085216516305,8.304969317131306,8.164587820536447,8.17020320892334,10920200
2009-11-13,8.1870474984723,8.279699249638666,8.15616340291257,8.243200302124023,16998400
2009-11-16,8.304968447422558,8.36392894828468,8.279699737840629,8.35831356048584,15589000
2009-11-17,8.377964156602216,8.377964156602216,8.293735509073764,8.31338882446289,10863800
2009-11-18,8.31058445584459,8.335853167313553,8.265662421124853,8.27689266204834,9522800
2009-11-19,8.257242320838058,8.276895651186482,8.153360278849792,8.175821304321289,12387200
2009-11-20,8.156165601620968,8.212318420410156,8.150550748152423,8.212318420410156,14961400
2009-11-23,8.285316155129388,8.352699210549583,8.25443205391112,8.316200256347656,14809800
2009-11-24,8.335854607741235,8.349892545199559,8.276894092287701,8.333046913146973,14683800
2009-11-25,8.335853180156343,8.448158267128708,8.333045486042922,8.428504943847656,12641400
2009-11-27,8.310583267793161,8.372350922824491,8.246007919054115,8.285314559936523,11985000
2009-11-30,8.324621845634022,8.36954387741147,8.285315201706968,8.35550594329834,11441200
2009-12-01,8.417274003526328,8.515541153531418,8.397620680627888,8.512733459472656,21079200
2009-12-02,8.540809395173335,8.627845764160156,8.515540685546057,8.627845764160156,26181000
2009-12-03,8.655924797058105,8.7176924751805,8.591349424178373,8.655924797058105,19928400
2009-12-04,8.742956755673113,8.765417766820457,8.501501019717349,8.602575302124023,40697200
2009-12-07,8.655921858614354,8.726112597180968,8.529578314989314,8.678382873535156,22234200
2009-12-08,8.681193366025676,8.68400106073504,8.574503644634909,8.641886711120605,30401200
2009-12-09,8.658730657534619,8.681191675322127,8.605385539471946,8.672768592834473,19806600
2009-12-10,8.74857387200842,8.807534372622676,8.70084414694463,8.782265663146973,24120600
2009-12-11,8.824379612038591,8.933876991271973,8.782265276603662,8.933876991271973,25049400
2009-12-14,8.990034493612592,9.006880665000436,8.917036024137925,8.975996017456055,27626200
2009-12-15,8.936687398543784,8.947918177010019,8.880534577238592,8.919841766357422,13724800
2009-12-16,8.947915846933922,8.970376862504455,8.877725106336902,8.880532264709473,24749600
2009-12-17,8.849645609125758,8.894567624561917,8.804723593689602,8.829992294311523,17811000
2009-12-18,8.923464426031135,8.940510051708264,8.815508074248413,8.906418800354004,22362000
2009-12-21,8.93482783647851,8.971760112858771,8.906418101332587,8.931986808776855,10671800
2009-12-22,8.971762204503193,8.9802852895952,8.849600694204868,8.858123779296875,21422200
2009-12-23,8.906413795507863,8.906413795507863,8.835389762915089,8.87800407409668,10412200
2009-12-24,8.912101519848772,8.951874830014047,8.87516869594898,8.943351745605469,3986400
2009-12-28,8.949031829833984,8.977441563064719,8.914940041582986,8.949031829833984,19215000
2009-12-29,8.971761485096684,8.988807112043128,8.943351745605469,8.943351745605469,9312600
2009-12-30,8.943350823986,8.968919532706146,8.920623143109276,8.940509796142578,4629600
2009-12-31,8.977442716672735,8.980283744547942,8.806984837254959,8.812666893005371,11013800
2010-01-04,8.886535223181433,8.909262912575928,8.809829068273439,8.829715728759766,16435200
2010-01-05,8.804145097439884,8.855282522933768,8.68198359028688,8.724597930908203,36047400
2010-01-06,8.718915964169122,8.80698566913669,8.718915964169122,8.775734901428223,25490200
2010-01-07,8.764368784350376,8.770050838986652,8.704708294410587,8.73595905303955,13126200
2010-01-08,8.7245950383249,8.747323257116333,8.670617144306926,8.727436065673828,12535200
2010-01-11,8.750163407214078,8.835392598803567,8.735958812884434,8.818346977233887,17749000
2010-01-12,8.792779095678926,8.852439047683642,8.747323739331355,8.781414985656738,16655000
2010-01-13,8.804139015175751,8.880845100424835,8.76720675665047,8.87800407409668,15719000
2010-01-14,8.866643137447287,8.889371356194886,8.798460106816169,8.838233947753906,9633200
2010-01-15,8.775732930645644,8.818347801358259,8.687663245456049,8.781414985656738,25421400
2010-01-19,8.78425136935354,8.892207648140111,8.76152370319477,8.883685111999512,11792800
2010-01-20,8.852439912311583,8.852439912311583,8.71039177438377,8.789938926696777,19039400
2010-01-21,8.801303143953461,8.852440564071765,8.63652731350042,8.66209602355957,25810600
2010-01-22,8.66493482457893,8.66493482457893,8.471749305725098,8.471749305725098,25406200
2010-01-25,8.551296898932879,8.56266046671574,8.451863106947616,8.528569221496582,14953600
2010-01-26,8.522890715375988,8.596755833267077,8.47743534157698,8.562664031982422,15081800
2010-01-27,8.565505044684194,8.565505044684194,8.400729179500855,8.505845069885254,28596200
2010-01-28,8.494477744810236,8.556979266446898,8.395043949191484,8.440499305725098,28124400
2010-01-29,8.440501123262656,8.49163854584231,8.375159101908968,8.389364242553711,19145600
2010-02-01,8.39788494515087,8.449022356526669,8.338224993126168,8.443340301513672,13365800
2010-02-02,8.46322361222107,8.517201484474674,8.372312399323247,8.511519432067871,13107200
2010-02-03,8.466068839658485,8.49731960353376,8.426295534268602,8.451864242553711,7964800
2010-02-04,8.412090453735399,8.429136077655674,8.230268478393555,8.230268478393555,14481600
2010-02-05,8.247315217376288,8.247315217376288,8.08537988233196,8.216064453125,19976600
2010-02-08,8.224587378177198,8.272883766603073,8.119471518001827,8.122312545776367,10247000
2010-02-09,8.19333785270025,8.298453186889944,8.16492811253224,8.20470142364502,17430600
2010-02-10,8.221747886125346,8.221747886125346,8.09674535004989,8.167769432067871,13144400
2010-02-11,8.17629114725656,8.227428022571416,8.082539396373345,8.216064453125,16220000
2010-02-12,8.167768826428425,8.190496509314093,8.110949348278902,8.184814453125,20124600
2010-02-16,8.196175482218667,8.32970050120792,8.196175482218667,8.326859474182129,12028800
2010-02-17,8.366633557632959,8.37799712420105,8.275722315735644,8.292768478393555,12895200
2010-02-18,8.24731370463188,8.363793114913616,8.238790622707404,8.338224411010742,11053800
2010-02-19,8.326862636654528,8.488797445532686,8.292771383138446,8.454706192016602,11193200
2010-02-22,8.520046672426737,8.539933323694148,8.403567250542807,8.409249305725098,11315400
2010-02-23,8.383682064395579,8.423455373881128,8.329703614471832,8.352431297302246,11088600
2010-02-24,8.375156972481776,8.389362109514789,8.270041667790343,8.360952377319336,9981600
2010-02-25,8.255839013136768,8.346749750000953,8.210383644704676,8.34390926361084,14762800
2010-02-26,8.324018850323961,8.363792688740974,8.270040959831023,8.278563499450684,16631400
2010-03-01,8.306972719058704,8.412088550166766,8.304131692069785,8.397883415222168,9867200
2010-03-02,8.403567632496681,8.460387103160901,8.403567632496681,8.423454284667969,9431000
2010-03-03,8.440499525486485,8.47743234230077,8.39504416776937,8.409249305725098,7253400
2010-03-04,8.426295280456543,8.431977335875558,8.369475810007643,8.426295280456543,10821600
2010-03-05,8.46322361222107,8.525724563084879,8.431972865853995,8.511519432067871,10381000
2010-03-08,8.545611204638346,8.545611204638346,8.508678947734811,8.511519432067871,6968800
2010-03-09,8.503005060914113,8.522891721565093,8.483118400263132,8.500164031982422,7874400
2010-03-10,8.514365736736135,8.52288882063021,8.463228858983722,8.503002166748047,7696400
2010-03-11,8.494478352464792,8.53425219867988,8.463228131281562,8.531411170959473,7329600
2010-03-12,8.542776181307199,8.559821808634956,8.457547502797691,8.477434158325195,11438600
2010-03-15,8.474590465170968,8.5143637637187,8.451862788590756,8.508682250976562,7583800
2010-03-16,8.497315961710443,8.613795342034319,8.491633908555519,8.608113288879395,11058400
2010-03-17,8.63084214650316,8.65072933528019,8.591068852690073,8.636524200439453,11782200
2010-03-18,8.619479843954185,8.664935198366463,8.574024489541909,8.596752166748047,8634200
2010-03-19,8.587292671203613,8.647484261094117,8.527101628007417,8.587292671203613,11532000
2010-03-22,8.5528992181215,8.567230264816375,8.501306575308927,8.529969215393066,10220400
2010-03-23,8.550033385778534,8.564364433288574,8.507039696553994,8.564364433288574,11646600
2010-03-24,8.535698356724795,8.564360438375223,8.4640420592104,8.475506782531738,13198800
2010-03-25,8.48984061662428,8.515636387596883,8.412451663623544,8.421050071716309,20968200
2010-03-26,8.418186328079448,8.47551106705314,8.398122095409493,8.441116333007812,16545200
2010-03-29,8.472642808338732,8.54716544396801,8.464044400143175,8.544299125671387,17222600
2010-03-30,8.53283807322817,8.581564411862617,8.518506475574185,8.52137279510498,11132000
2010-03-31,8.509905489805064,8.547166539046499,8.455446528580456,8.501306533813477,12073800
2010-04-01,8.541435976164802,8.633156555601273,8.529971245419317,8.61882495880127,10571000
2010-04-05,8.638885017928922,8.670413970947266,8.604490293449173,8.670413970947266,7100400
2010-04-06,8.60162482834166,8.742071151733398,8.60162482834166,8.742071151733398,8051200
2010-04-07,8.7162741494339,8.724873104079924,8.627420471535515,8.656083106994629,11670800
2010-04-08,8.618821324213402,8.638885004577961,8.578693963484278,8.604490280151367,9547800
2010-04-09,8.613088277064412,8.667547225952148,8.547164602812774,8.667547225952148,13211400
2010-04-12,8.676147279695243,8.713408325218568,8.670414642939551,8.690478324890137,9267400
2010-04-13,8.690476116014697,8.690476116014697,8.598756138013623,8.64461612701416,10481200
2010-04-14,8.641753946935792,8.673282909479681,8.610225531086353,8.653219223022461,9546400
2010-04-15,8.636018027341835,8.661814342040197,8.604489623472693,8.650349617004395,9531400
2010-04-16,8.633155177423053,8.650352544143189,8.529969883713374,8.550033569335938,15365200
2010-04-19,8.53569904077526,8.575826395656993,8.507036410133646,8.558629035949707,10571000
2010-04-20,8.613088277064412,8.667547225952148,8.598757233685973,8.667547225952148,7268200
2010-04-21,8.676145553588867,8.690476595932621,8.6188202908254,8.676145553588867,10072800
2010-04-22,8.636019593053554,8.716274869631448,8.615955910582667,8.70481014251709,4094800
2010-04-23,8.710540768996621,8.779330760206252,8.653216049669055,8.773598670959473,8979600
2010-04-26,8.770733789438607,8.802262198889427,8.73633851485349,8.742071151733398,11291000
2010-04-27,8.707679068360523,8.765004364779658,8.584430610440108,8.593029022216797,12714400
2010-04-28,8.62742198864836,8.693345679110847,8.590160391990851,8.681880950927734,13879400
2010-04-29,8.707675688462878,8.756402007497584,8.661815687806017,8.690478324890137,6558000
2010-04-30,8.699079125954063,8.81086283293869,8.693346487981916,8.724875450134277,9983000
2010-05-03,8.759270456514297,8.859589437363534,8.730607812458164,8.83665943145752,11307400
2010-05-04,8.785066675562412,8.799398270764895,8.641754003704316,8.684747695922852,18681600
2010-05-05,8.615955678968866,8.73347199887729,8.584427270231165,8.624554634094238,18379000
2010-05-06,8.595893109380523,8.621689431400455,7.383468161221335,8.386656761169434,36348600
2010-05-07,8.315000149500447,8.486975441546607,8.220413820879216,8.34079647064209,35338200
2010-05-10,8.535707010622353,8.653223413954038,8.492712751168801,8.598764419555664,19012200
2010-05-11,8.555766203291226,8.707677278190534,8.518504604270861,8.615957260131836,14452200
2010-05-12,8.627423378199733,8.713410766852778,8.590161775540793,8.687614440917969,10453800
2010-05-13,8.684744338806048,8.76786591876616,8.638884345274347,8.650349617004395,14102600
2010-05-14,8.613089069517361,8.664681705137374,8.535700662781656,8.578694343566895,15085400
2010-05-17,8.59875794420916,8.627420580028717,8.455445311805674,8.587292671203613,16954600
2010-05-18,8.627423221557144,8.658951638587094,8.48984318353243,8.50417423248291,15573400
2010-05-19,8.469780206990167,8.501309175395148,8.360862797391817,8.418188095092773,17104800
2010-05-20,8.289205490314684,8.315001816628397,8.15449176699434,8.165956497192383,22447800
2010-05-21,8.045576046759814,8.2118187807828,8.025512353347587,8.20322036743164,19750800
2010-05-24,8.20035043680738,8.260541490541977,8.122961470553411,8.12582778930664,13608400
2010-05-25,7.973916316010765,8.088566334687437,7.864998934941529,8.082834243774414,27062600
2010-05-26,8.16595390775429,8.177419181011167,8.039838635400226,8.07996654510498,15142600
2010-05-27,8.145890389219275,8.240476708703577,8.137291434104581,8.23474407196045,10844800
2010-05-28,8.246212533774235,8.317868880685667,8.211817246711151,8.243346214294434,14656800
2010-06-01,8.197486700521926,8.226149350389454,8.045575038910236,8.051307678222656,21627200
2010-06-02,8.094298869393858,8.229012571289562,8.051305181273477,8.220414161682129,12254000
2010-06-03,8.234744926107924,8.3150002087532,8.231878607439052,8.306401252746582,13973800
2010-06-04,8.211814193930506,8.22614578600168,8.03410682580265,8.059903144836426,17779200
2010-06-07,8.122964093080407,8.22041677537551,8.059906700234285,8.108633041381836,15210600
2010-06-08,8.097164347900392,8.231878035816559,8.07423434683606,8.214680671691895,22054000
2010-06-09,8.272008552820536,8.274874872193067,8.145893233901772,8.1688232421875,12348400
2010-06-10,8.22901227121841,8.383790198841089,8.22901227121841,8.36945915222168,12381600
2010-06-11,8.292070629671848,8.383790644983467,8.274873263474523,8.375191688537598,12052200
2010-06-14,8.421052405003508,8.484110330858718,8.406721356415211,8.423918724060059,10818000
2010-06-15,8.481241629373846,8.587292671203613,8.46691058481122,8.587292671203613,9565200
2010-06-16,8.51563602467036,8.670413924075378,8.51563602467036,8.641751289367676,12673000
2010-06-17,8.673281186237498,8.710542232727096,8.578694864093068,8.70481014251709,14704000
2010-06-18,8.715524916359165,8.732903674675459,8.674974296134224,8.712628364562988,9589400
2010-06-21,8.758975574494304,8.787940551523505,8.608358135911253,8.651805877685547,12426600
2010-06-22,8.651805195694072,8.654701195953823,8.41718939746638,8.437464714050293,21313400
2010-06-23,8.434566145543696,8.440358696760363,8.31291373062131,8.362154006958008,24847000
2010-06-24,8.330295829576272,8.434569527740047,8.31002051103576,8.315813064575195,14830200
2010-06-25,8.338982872264866,8.388222600436837,8.254984518995645,8.35346508026123,7795400
2010-06-28,8.379535695333034,8.451947859236762,8.304226978577843,8.408500671386719,12941400
2010-06-29,8.330293508926058,8.333190061119353,8.202847974725286,8.237606048583984,17480800
2010-06-30,8.208640537262006,8.32449985504176,8.15360715414382,8.185468673706055,12950200
2010-07-01,8.17098948537912,8.199954465600364,8.086991650444668,8.147817611694336,19978200
2010-07-02,8.162298690055229,8.208642427840818,8.133333715824001,8.156505584716797,12074400
2010-07-06,8.22602107922072,8.298433237580868,8.17678078943738,8.252089500427246,17568600
2010-07-07,8.254986333266205,8.518566554447302,8.252089780538165,8.506980895996094,14888200
2010-07-08,8.533049579443912,8.58518642859913,8.504085154323011,8.573600769042969,12771200
2010-07-09,8.559115752023988,8.6431141096645,8.533047334305268,8.6315279006958,14533400
2010-07-12,8.619945118068358,8.66918541768029,8.582290478826923,8.66049575805664,8277400
2010-07-13,8.703942968000774,8.74449416052812,8.640220454687855,8.689460754394531,17669000
2010-07-14,8.640217367976224,8.703939858524327,8.605459294293086,8.692354202270508,12643000
2010-07-15,8.689461093496075,8.773459482581178,8.634427685214837,8.750287055969238,15523800
2010-07-16,8.712627433789558,8.741592396196221,8.59097503365014,8.599664688110352,16470400
2010-07-19,8.631528264967347,8.761870359061705,8.61704605560614,8.732905387878418,13888600
2010-07-20,8.599672734345559,8.816909326960658,8.599672734345559,8.811116218566895,13489000
2010-07-21,8.805316927779499,8.811110032105805,8.631527665216181,8.674975395202637,13232600
2010-07-22,8.747387761378386,8.85745398403567,8.747387761378386,8.814006805419922,11061800
2010-07-23,8.819800199057347,8.840075512912053,8.750284048039976,8.828489303588867,14276200
2010-07-26,8.819800712632968,8.892212867736816,8.819800712632968,8.892212867736816,10119600
2010-07-27,8.926970375133617,9.037037160051643,8.898005402657247,9.022554397583008,43369400
2010-07-28,9.019658489638635,9.022555042339352,8.961729093007131,8.979107856750488,16131000
2010-07-29,8.987795377018626,9.034139104284902,8.808213019516204,8.84007453918457,16620400
2010-07-30,8.790833940864495,8.842970770262077,8.738697111466914,8.796627044677734,18165000
2010-08-02,8.915385354717552,8.979107856750488,8.874834169368466,8.979107856750488,15250200
2010-08-03,8.950141617565668,9.013864663055594,8.924073199403583,8.935659408569336,8486600
2010-08-04,8.95303896988734,8.97331428527832,8.880626813513317,8.97331428527832,10249600
2010-08-05,8.903799343160449,8.96462584631476,8.880627473497128,8.958832740783691,7330600
2010-08-06,8.915387491291026,8.97911000859507,8.848767868131036,8.976213455200195,12657000
2010-08-09,8.99358628098559,9.048619654205162,8.98779373048409,9.008069038391113,9402200
2010-08-10,8.982004012214173,9.109449563104592,8.924074065683731,9.060209274291992,18455400
2010-08-11,8.947244051958226,8.96172681177518,8.874831910255848,8.877728462219238,19026000
2010-08-12,8.799526957678838,8.889318449336104,8.779251637775916,8.860353469848633,12927800
2010-08-13,8.83717947516884,8.950142260343355,8.828489817670455,8.892212867736816,11767000
2010-08-16,8.860351342703636,8.915384735271612,8.785042635100327,8.892212867736816,16903000
2010-08-17,8.982004409451205,9.0312447004415,8.915385354717552,8.979107856750488,13938200
2010-08-18,8.961732143561287,8.993593129192696,8.86325152805811,8.92987060546875,41010200
2010-08-19,8.892214968486345,8.909593735127878,8.750286624787218,8.802423477172852,20176600
2010-08-20,8.787938918272735,8.842972309154083,8.732905527391386,8.825592994689941,16249400
2010-08-23,8.848768710476808,8.953042432774222,8.845872709267324,8.883526802062988,11017400
2010-08-24,8.81690422479852,8.95883198354768,8.793732357093779,8.898005485534668,27474800
2010-08-25,8.863247895203099,8.91248818277215,8.79083574009925,8.892212867736816,21369800
2010-08-26,8.921179207036928,8.921179207036928,8.82559516383514,8.851663589477539,13720800
2010-08-27,8.854556586873361,9.022552733294882,8.814005964362897,9.01965618133545,19852400
2010-08-30,9.010972401264146,9.01966150981485,8.883526802062988,8.883526802062988,16778600
2010-08-31,8.86614572569132,8.961729762107689,8.805319219356733,8.92407512664795,17872800
2010-09-01,8.993589319825695,9.132621075592553,8.964624900149287,9.118138313293457,16499800
2010-09-02,9.129724523132733,9.141310180511118,9.039933054261017,9.118138313293457,12004000
2010-09-03,9.144208640929046,9.164483959917375,9.080486130899866,9.15869140625,10712400
2010-09-07,9.141310669181296,9.193447511323354,9.109449695341867,9.112345695495605,9845600
2010-09-08,9.135516843245405,9.158688708472434,9.06310469535333,9.068897247314453,9777800
2010-09-09,9.129726428069098,9.178966725238329,9.123933321940715,9.15869140625,10796400
2010-09-10,9.141308689275117,9.141308689275117,9.07179309896232,9.106551170349121,12463400
2010-09-13,9.190549308365808,9.190549308365808,9.123930267574117,9.138412475585938,9892000
2010-09-14,9.138412896441084,9.164481314031558,9.07758695703721,9.126827239990234,10363000
2010-09-15,9.112345852177128,9.11813895750606,9.048623350941677,9.074691772460938,11759800
2010-09-16,9.060208828129657,9.07758759024862,9.005175436881903,9.042829513549805,10643400
2010-09-17,9.088771711537783,9.097550507313661,9.000985986291118,9.027321815490723,19927800
2010-09-20,9.065364088789734,9.156076656847603,9.027323748537963,9.147297859191895,11506200
2010-09-21,9.156071307008318,9.167775805582243,9.07999011283043,9.100473403930664,14737200
2010-09-22,9.094626295675933,9.19996963626151,9.094626295675933,9.164855003356934,16023600
2010-09-23,9.115110077497595,9.164855484482464,9.05073389827584,9.0595121383667,13658800
2010-09-24,9.159000952926924,9.232155914397996,9.147296449318144,9.205820083618164,9945200
2010-09-27,9.220450962491267,9.270196356198099,9.194115132991882,9.223377227783203,18805600
2010-09-28,9.235081899625788,9.27019652564282,9.16192694037435,9.229229927062988,10299000
2010-09-29,9.220450624777902,9.246786453312694,9.150221934727792,9.211671829223633,9843800
2010-09-30,9.261418691999946,9.278975727768865,9.161927892429233,9.182411193847656,22046400
2010-10-01,9.191188251108628,9.261416939019677,9.170704953567238,9.232154846191406,12853600
2010-10-04,9.243859794499858,9.290678919206249,9.167778577319975,9.214597702026367,9365000
2010-10-05,9.276049998820286,9.325795398490731,9.25849240496382,9.3170166015625,9052400
2010-10-06,9.31701469319583,9.322867223282568,9.238007211408828,9.27312183380127,9211400
2010-10-07,9.305312610760021,9.331648446449929,9.255567205359991,9.290681838989258,7399000
2010-10-08,9.305312098945379,9.328721667367919,9.261419227919136,9.31994342803955,7682400
2010-10-11,9.334572850624452,9.35505615026934,9.293606251334676,9.322868347167969,7472200
2010-10-12,9.34627768794908,9.34627768794908,9.24093436872812,9.28482723236084,8046800
2010-10-13,9.360910033246961,9.360910033246961,9.284828796341674,9.31994342803955,8168200
2010-10-14,9.322867840751698,9.355055642104633,9.264343652264136,9.305310249328613,8283200
2010-10-15,9.360907665960193,9.363833931039002,9.284826448295142,9.334571838378906,11576200
2010-10-18,9.355055135802575,9.442841413782862,9.334571838378906,9.334571838378906,8886600
2010-10-19,9.357981512771541,9.425283936004876,9.319941182548177,9.352128982543945,16859400
2010-10-20,9.378463363677044,9.48088095247656,9.375537657142582,9.42820930480957,7856000
2010-10-21,9.451620785170123,9.477956615911944,9.33457295861095,9.387245178222656,11776400
2010-10-22,9.393097049293074,9.401876404137738,9.290680544906808,9.32579517364502,8583800
2010-10-25,9.38724455971362,9.38724455971362,9.284826950796376,9.305310249328613,10554800
2010-10-26,9.27897414073478,9.296531731628832,9.238007544904677,9.281900405883789,7779400
2010-10-27,9.23507954360569,9.249710866600115,9.144367573551868,9.243858337402344,12007600
2010-10-28,9.284828077295316,9.299459405256393,9.223378174243077,9.267271041870117,10752600
2010-10-29,9.23508127975567,9.299457996777841,9.208745451542601,9.281900405883789,8346800
2010-11-01,9.317016395139921,9.352130465818679,9.147296898517682,9.191189765930176,14694400
2010-11-02,9.252639375042754,9.32286806806334,9.252639375042754,9.299458503723145,8272200
2010-11-03,9.328719532011908,9.340424592607942,9.217524246989628,9.281900405883789,17265000
2010-11-04,9.396024202863705,9.396024202863705,9.337500005621415,9.381393432617188,17655200
2010-11-05,9.369687414464293,9.393096421220397,9.340425318827085,9.37846565246582,10714800
2010-11-08,9.366761217271437,9.366761217271437,9.290680544906808,9.32579517364502,7557000
2010-11-09,9.34334927997149,9.372610810264243,9.264341808674057,9.293603897094727,18789200
2010-11-10,9.281902265278006,9.30531183303158,9.188263994263709,9.252640724182129,15469800
2010-11-11,9.229229085210699,9.249712382632213,9.20874522966119,9.246786117553711,9815200
2010-11-12,9.217523966316246,9.217523966316246,9.13266395396301,9.17070484161377,14602000
2010-11-15,9.202896118164062,9.255567231564836,9.19704358618792,9.202896118164062,7232800
2010-11-16,9.17070670566033,9.182411210151022,9.041953807494082,9.094625473022461,18491800
2010-11-17,9.106329018707301,9.12681231674998,9.068288129661173,9.091697692871094,10805600
2010-11-18,9.161922335789654,9.167774863539147,9.100472468803288,9.144365310668945,8854800
2010-11-19,9.118035541831897,9.15022390767658,9.044880570823537,9.109256744384766,8741000
2010-11-22,9.097549272665828,9.150220923916859,9.0448776214148,9.135589599609375,8572600
2010-11-23,9.07121405646802,9.07121405646802,9.003911634515912,9.036099433898926,12616000
2010-11-24,9.088771427703852,9.097550223205577,9.053657361952977,9.091697692871094,6615600
2010-11-26,9.041953145601669,9.103403603595826,9.012691049324834,9.030248641967773,3941400
2010-11-29,9.003910400936165,9.027319960065675,8.927829194233283,9.012688636779785,12282000
2010-11-30,8.936609937129631,9.039026431826608,8.936609937129631,9.000986099243164,11269200
2010-12-01,9.100473574749723,9.11803060200407,9.047801934858839,9.10632610321045,11565000
2010-12-02,9.094624347932022,9.132664680480957,9.062435987840436,9.132664680480957,18892400
2010-12-03,9.100476991456976,9.16192688898203,9.077067426952949,9.153148651123047,11822800
2010-12-06,9.150222499670852,9.161927003004509,9.11510787341378,9.126812934875488,8320800
2010-12-07,9.173631556638615,9.194114854934652,9.056583739141244,9.065361976623535,19984800
2010-12-08,9.08584465679067,9.10340224681681,9.012689706065695,9.033173561096191,16934200
2010-12-09,9.077067206419146,9.082919736934972,9.024395548032771,9.07121467590332,12822600
2010-12-10,9.088768517828266,9.120956866234435,9.082916547495373,9.10632610321045,8993600
2010-12-13,9.123885996428037,9.173631387714403,9.11510720097938,9.150221824645996,12745600
2010-12-14,9.17655984128686,9.208747649352052,9.153150272635747,9.173633575439453,10134000
2010-12-15,9.156075935514938,9.18533747580572,9.09169920736776,9.094625473022461,21285800
2010-12-16,9.103402587431402,9.179483806007402,9.059509168851708,9.176557540893555,11197600
2010-12-17,9.170931383715375,9.224233627319336,9.126513035648722,9.224233627319336,12318200
2010-12-20,9.244960637927212,9.26272842609176,9.200542297135536,9.236077308654785,9991400
2010-12-21,9.244960498562957,9.271611615598175,9.22719327547609,9.239038467407227,6415000
2010-12-22,9.239040499705805,9.304187375227807,9.239040499705805,9.280497550964355,6778600
2010-12-23,9.292341900749221,9.316031724298993,9.268652077199452,9.286419868469238,5746400
2010-12-27,9.286419200445826,9.327876247473203,9.250884185272426,9.292341232299805,4283200
2010-12-28,9.304186408774834,9.324914932250977,9.262729361822547,9.324914932250977,2358200
2010-12-29,9.339721440800972,9.339721440800972,9.274574007118057,9.292341232299805,3709400
2010-12-30,9.28049482895458,9.318990570287985,9.265688904936301,9.277533531188965,4951400
2010-12-31,9.277536252330178,9.316032004954552,9.265691622603434,9.280497550964355,4342600
2011-01-03,9.318992335597821,9.3486047540537,9.277535288645534,9.324914932250977,7072800
2011-01-04,9.324917769441312,9.390064658017849,9.26865421373744,9.369336128234863,9963000
2011-01-05,9.339723470783158,9.348606802899864,9.29826584993509,9.310111045837402,9191200
2011-01-06,9.318991661071777,9.327875555408479,9.250883498919986,9.318991661071777,11414200
2011-01-07,9.333799089049318,9.357488911516553,9.265690920057258,9.351566314697266,10184000
2011-01-10,9.327874871127964,9.327874871127964,9.24792152239251,9.301223754882812,12711200
2011-01-11,9.33676245680407,9.35452968638984,9.286421502302682,9.316033363342285,6373400
2011-01-12,9.339723982437592,9.407832168176952,9.339723982437592,9.36341381072998,8379200
2011-01-13,9.369334355650716,9.378218251652712,9.313071375401313,9.354528427124023,13599600
2011-01-14,9.342682269152474,9.404868405134643,9.324915043790387,9.398945808410645,11002200
2011-01-18,9.398950014115293,9.431523745862995,9.381182780802984,9.422639846801758,7189400
2011-01-19,9.42855822722073,9.443364154220816,9.384139881410558,9.398945808410645,9643800
2011-01-20,9.410790303726799,9.496665690614549,9.401906409299846,9.470014572143555,17218600
2011-01-21,9.529240218213879,9.529240218213879,9.44040296079613,9.461132049560547,15210000
2011-01-24,9.48186014471772,9.538123117247011,9.461131621700625,9.514433860778809,7322000
2011-01-25,9.496668110658273,9.535164431508589,9.458172354617972,9.499629974365234,17033800
2011-01-26,9.511469979794361,9.511469979794361,9.437439798214907,9.464090347290039,11109200
2011-01-27,9.437443827149346,9.523319235920795,9.437443827149346,9.499629974365234,7008800
2011-01-28,9.505549459669789,9.520356515875772,9.369333127685138,9.372294425964355,11324800
2011-01-31,9.416713313696057,9.428558507496168,9.372294966565494,9.393023490905762,8025800
2011-02-01,9.44336357045829,9.490743211701584,9.404867823751818,9.48778247833252,10587800
2011-02-02,9.461131647208664,9.478898307202769,9.428557931059753,9.4374418258667,6290000
2011-02-03,9.428558199290933,9.487783036735664,9.390061885508885,9.475937843322754,14835600
2011-02-04,9.464095279142668,9.481863074198127,9.357491332860242,9.416715621948242,9854400
2011-02-07,9.413754588861323,9.48482350758771,9.407831990697442,9.478900909423828,7444400
2011-02-08,9.487783036735664,9.490743770278982,9.449286722953616,9.475937843322754,7482400
2011-02-09,9.464092649909844,9.487783036735664,9.425596900937705,9.475937843322754,8580400
2011-02-10,9.46705406400683,9.502589079870098,9.461132032037881,9.493705749511719,8491800
2011-02-11,9.475937843322754,9.52924008406103,9.458170618013298,9.475937843322754,18505600
2011-02-14,9.470013893093693,9.481859084813603,9.372293320643752,9.407828330993652,8268800
2011-02-15,9.407829407986771,9.452247752401716,9.37229439356888,9.4374418258667,6451200
2011-02-16,9.452250647249095,9.464095279142668,9.366374665577906,9.416715621948242,10826000
2011-02-17,9.437443873374344,9.464094433957388,9.410792747981283,9.43448257446289,16347400
2011-02-18,9.440401613285474,9.464091432253436,9.41671179431751,9.449285507202148,5956600
2011-02-22,9.384138512363661,9.440401478603748,9.366370724783797,9.407828330993652,12023800
2011-02-23,9.395979730786884,9.443359350859428,9.378212514462085,9.387096405029297,10828800
2011-02-24,9.366372241935567,9.407829854860669,9.324915193820386,9.351566314697266,14174800
2011-02-25,9.369334061507422,9.410791676738572,9.345644237722459,9.404869079589844,7893600
2011-02-28,9.434480779006293,9.544045993828842,9.416712988918928,9.508511543273926,24599200
2011-03-01,9.47593812870805,9.547008161706096,9.410791257404755,9.413752555847168,24309400
2011-03-02,9.416714108483825,9.455210426773418,9.393024283694066,9.428559303283691,11519600
2011-03-03,9.47297584087006,9.5529286312249,9.47297584087006,9.535161972045898,11559200
2011-03-04,9.526280565114783,9.544048359606428,9.407831990697442,9.478900909423828,14649400
2011-03-07,9.517394594229915,9.588464622874087,9.490743474690822,9.514433860778809,21593600
2011-03-08,9.547007674040643,9.641766960117787,9.514433957647912,9.621038436889648,13439600
2011-03-09,9.624000240132986,9.739488062275395,9.609194311841382,9.718759536743164,26197800
2011-03-10,9.683222646985852,9.686183380051396,9.603269298780527,9.60919189453125,21682400
2011-03-11,9.594387462733536,9.66545636356041,9.576619672716912,9.629921913146973,10041400
2011-03-14,9.52331775000341,9.535162943743003,9.437442354631045,9.502589225769043,37921200
2011-03-15,9.327874461679924,9.372292798535488,9.28937872035438,9.321951866149902,28467800
2011-03-16,9.307148446273832,9.330838269957995,9.1028233639917,9.176854133605957,30599600
2011-03-17,9.262732417797768,9.268654451594827,9.117632140783149,9.188701629638672,24023200
2011-03-18,9.291269646447336,9.315193073230375,9.195575939315182,9.234451293945312,18186600
2011-03-21,9.333134367631756,9.372010287921633,9.297249517003547,9.342105865478516,10172400
2011-03-22,9.357060432434082,9.401916790834932,9.31818450354168,9.357060432434082,14535200
2011-03-23,9.348086580581377,9.372010003734559,9.294258735891868,9.35107707977295,11242400
2011-03-24,9.413879907765141,9.413879907765141,9.327157675361594,9.3899564743042,12390800
2011-03-25,9.389953390122828,9.428829313215129,9.377991962510976,9.386962890625,6790400
2011-03-28,9.392946982640645,9.443784350085123,9.354071617126465,9.354071617126465,9175800
2011-03-29,9.360049793409265,9.455744074665418,9.33313586592777,9.446772575378418,10875200
2011-03-30,9.49461735184558,9.590311041768834,9.470693929364765,9.554426193237305,11194800
2011-03-31,9.551439064793637,9.560409994902633,9.509572632893184,9.530506134033203,10989600
2011-04-01,9.596293735168386,9.614236732983162,9.554427881026209,9.605264663696289,12332800
2011-04-04,9.629189169997517,9.629189169997517,9.566389815083783,9.599284172058105,7944600
2011-04-05,9.596296890295767,9.605267821773186,9.55443102238868,9.56041145324707,8041000
2011-04-06,9.605266443427114,9.647132305326492,9.575362582287326,9.629190444946289,7532400
2011-04-07,9.614235999350157,9.629187926008717,9.554427151957032,9.590312004089355,10674000
2011-04-08,9.63517113000425,9.64115213018831,9.521534408025419,9.563400268554688,11903200
2011-04-11,9.545459967919083,9.56340240209454,9.416871287172281,9.437804222106934,18690200
2011-04-12,9.413873672485352,9.458730009216566,9.374998332752773,9.413873672485352,17059400
2011-04-13,9.449766225143705,9.515555530706852,9.437804222106934,9.437804222106934,10589000
2011-04-14,9.395936103267209,9.51555325310539,9.389955103180409,9.494620323181152,11559000
2011-04-15,9.521533458933698,9.629189169997517,9.509571459757932,9.599284172058105,14303400
2011-04-18,9.542468361434995,9.572372224802443,9.458736061019096,9.515554428100586,14290800
2011-04-19,9.53349517244493,9.536485672328181,9.488638814955221,9.518543243408203,11314200
2011-04-20,9.596293551250588,9.650121402904311,9.581341623737652,9.64115047454834,11726000
2011-04-21,9.638159404590384,9.650121402904311,9.605264479606559,9.64115047454834,8090800
2011-04-25,9.650121528586759,9.671054455529287,9.620216532412462,9.653111457824707,5010600
2011-04-26,9.659094612440944,9.74282747965461,9.659094612440944,9.730865478515625,10600000
2011-04-27,9.760766925204113,9.826556774428944,9.736844069605313,9.808613777160645,12214600
2011-04-28,9.802634269618261,9.90430898809136,9.796653269618773,9.89533805847168,13518800
2011-04-29,9.886366399011733,9.922251255600434,9.856461401221962,9.91627025604248,17452400
2011-05-02,9.934211183833066,9.964115034630064,9.904306192277282,9.919258117675781,11099600
2011-05-03,9.922248731803432,10.05083733769443,9.886363884342305,9.982057571411133,32839800
2011-05-04,9.982059540241716,9.997011467903029,9.907298761176188,9.970097541809082,17286400
2011-05-05,9.958136685718767,9.964117685621192,9.856461968895731,9.898327827453613,11400000
2011-05-06,9.997009775194305,10.029904694934753,9.916268010583778,9.955143928527832,11475000
2011-05-09,9.943185010870057,9.985050870499629,9.901319151240484,9.976079940795898,7834600
2011-05-10,10.02093647969577,10.143544138108023,10.002994618946154,10.119621276855469,17104800
2011-05-11,10.119621120538108,10.119621120538108,10.032898325723892,10.086726188659668,8195800
2011-05-12,10.08672366122176,10.197369289194436,10.068780664486095,10.188398361206055,11752600
2011-05-13,10.212325294932771,10.218305154806162,10.086726563166254,10.140554428100586,13820200
2011-05-16,10.164475501846836,10.242226206149383,10.13158057822537,10.15251350402832,16215400
2011-05-17,10.1256030212362,10.230267685828828,10.1256030212362,10.227277755737305,17104400
2011-05-18,10.221295644805307,10.236247575157783,10.137563922224118,10.194381713867188,10899400
2011-05-19,10.197368848164468,10.23923583873696,10.170454924604432,10.218301773071289,6387600
2011-05-20,10.209329764751285,10.257176608153262,10.161482921349307,10.206339836120605,8945600
2011-05-23,10.113640120127556,10.19438191453122,10.083736258833985,10.086726188659668,12000000
2011-05-24,10.08971888446177,10.131584753320052,10.068784809273257,10.077756881713867,8917200
2011-05-25,10.053831706075897,10.104669641457882,9.973089908063972,10.056822776794434,12491000
2011-05-26,10.03289721804331,10.06878207578557,9.976079431554812,10.05383014678955,7598600
2011-05-27,10.07177314604021,10.11064907403711,10.03588828829795,10.05383014678955,9001800
2011-05-31,10.14055067328862,10.146531671706613,10.068779833031522,10.128588676452637,12757400
2011-06-01,10.11961949089008,10.125600490337462,10.02093471114681,10.02392578125,14331600
2011-06-02,10.014956441150911,10.0179463709694,9.925242575967719,9.994022369384766,12404600
2011-06-03,9.901318612176372,9.982060397391432,9.862442684311551,9.925241470336914,12185800
2011-06-06,9.90730315158283,9.925245016423736,9.850484204228065,9.880389213562012,10595000
2011-06-07,9.919261078785812,9.98505093908942,9.889357219061877,9.892348289489746,20259800
2011-06-08,9.90729932708506,9.943184183673763,9.871413329737335,9.91627025604248,16019400
2011-06-09,9.93421354031129,9.967108468446211,9.877394613256772,9.925241470336914,11380200
2011-06-10,9.89533806053927,9.92225199016304,9.859453201293945,9.859453201293945,16675400
2011-06-13,9.892349365705078,9.940196230924238,9.850482360473967,9.90431022644043,10379400
2011-06-14,9.988041781922986,9.988041781922986,9.880386064155333,9.943184852600098,14234000
2011-06-15,9.895337452059056,9.955146307629592,9.793662739816856,9.820576667785645,15316400
2011-06-16,9.844499969090883,9.937203756439827,9.835529039616791,9.898327827453613,16501800
2011-06-17,10.002250262462482,10.020375015864143,9.941831728885699,9.965999603271484,15256400
2011-06-20,9.941830699306454,10.026415946121668,9.899538075898846,10.023395538330078,8390200
2011-06-21,10.06266922497625,10.077773570917373,9.996208719970038,10.029438972473145,10242400
2011-06-22,10.011309127770739,10.026413467770281,9.947870208340303,9.962974548339844,10220000
2011-06-23,9.89651697190358,9.905580500471252,9.796827376760069,9.878392219543457,19106000
2011-06-24,9.902558839002413,9.987145241240215,9.896516870814885,9.908600807189941,10382000
2011-06-27,9.91766685096643,9.999230561215114,9.91766685096643,9.98110580444336,7287600
2011-06-28,9.984122252342296,10.050582740507798,9.975059877551521,10.02641487121582,11499000
2011-06-29,10.059646186704223,10.09589684211564,10.023395531292804,10.092876434326172,11853800
2011-06-30,10.117040953096488,10.123081766673318,10.035476141163194,10.114019393920898,8926000
2011-07-01,10.114022415941479,10.249963809782262,10.101938480402849,10.234859466552734,18167800
2011-07-05,10.231839264102788,10.240902793153131,10.159337946026094,10.174442291259766,11913200
2011-07-06,10.16537942287137,10.225796800883511,10.129127613198943,10.195588111877441,8085400
2011-07-07,10.265064206731482,10.268085765648298,10.186520960700435,10.237875938415527,15664600
2011-07-08,10.183502149590428,10.210690425242573,10.138189125095108,10.198606491088867,11853800
2011-07-11,10.129127211438842,10.132148771652172,10.044541963666724,10.089856147766113,14947800
2011-07-12,10.068704949462235,10.19558275954638,10.047557495394532,10.135164260864258,12162800
2011-07-13,10.1744383432309,10.195584648830089,10.089853120834148,10.107977867126465,8916800
2011-07-14,10.11402284632289,10.156315470120248,10.05058391062685,10.062667846679688,14800200
2011-07-15,10.071730172506518,10.107980828097428,10.023395580922783,10.07777214050293,12068800
2011-07-18,10.056628697360054,10.068712636799818,9.959959486617716,9.98110580444336,13073400
2011-07-19,10.011310307694478,10.083812761579528,9.935787446408444,10.068708419799805,16034400
2011-07-20,10.074749992360294,10.16537835462995,10.047561714156897,10.12912654876709,7255200
2011-07-21,10.16537653317298,10.298296340357416,10.16537653317298,10.280170440673828,15102200
2011-07-22,10.304338816031331,10.304338816031331,10.201627684190871,10.216732025146484,8860800
2011-07-25,10.147250606020915,10.289233938856443,10.147250606020915,10.252982139587402,9771000
2011-07-26,10.268088167260387,10.268088167260387,10.192565310094972,10.216732025146484,9646200
2011-07-27,10.198609083360457,10.24090286364862,10.165379984572708,10.18652629852295,27637000
2011-07-28,10.183502589288203,10.189544556625934,10.111001286010316,10.12308406829834,11278200
2011-07-29,10.035475019138838,10.107976297826475,9.993182414506544,10.020369529724121,20401200
2011-08-01,10.114022774663066,10.1230851504447,9.978081376000748,10.050583839416504,15103200
2011-08-02,10.008291655933192,10.03245837654256,9.878392219543457,9.878392219543457,18738600
2011-08-03,9.890476156041947,9.89651697190358,9.751513191084538,9.878392219543457,25965000
2011-08-04,9.793804853509123,9.84818141001838,9.555152893066406,9.555152893066406,34056200
2011-08-05,9.636713723966484,9.71525754226937,9.455458802974706,9.633692741394043,43934800
2011-08-08,9.497754615845796,9.582339846549507,9.086910091192328,9.123161315917969,35656000
2011-08-09,9.304417510542951,9.440358909314593,8.896594466615586,9.422233581542969,49460800
2011-08-10,9.304417431994464,9.485672436761895,9.207748249770175,9.243999481201172,33671400
2011-08-11,9.271183475603998,9.730361878938055,9.271183475603998,9.633692741394043,34933000
2011-08-12,9.70015325783049,9.74848782686275,9.530981690024065,9.576295852661133,19407600
2011-08-15,9.657865319831693,9.923705593800626,9.639739990654995,9.902559280395508,55671000
2011-08-16,9.82703424081507,9.920683002707102,9.775679248814127,9.890474319458008,22603800
2011-08-17,9.944848648908032,10.056623300156636,9.926723901863491,9.962974548339844,27987200
2011-08-18,9.814947997022797,9.875365342210603,9.694111001873202,9.8451566696167,45013800
2011-08-19,9.763596045012793,9.869327596682222,9.721303424345022,9.78474235534668,30334600
2011-08-22,9.932767331099425,9.932767331099425,9.706198740578648,9.760575294494629,39636600
2011-08-23,9.827035985452362,9.938810668570147,9.70015811041609,9.935789108276367,31455000
2011-08-24,9.91766203263772,10.15027141571045,9.914640473051806,10.15027141571045,28604800
2011-08-25,10.183501616174834,10.183501616174834,9.935786740936178,9.984121322631836,28569800
2011-08-26,9.941828754452713,10.023393577520354,9.739428052771308,9.969017028808594,25043800
2011-08-29,10.071731688446741,10.174442855070128,10.056627342376071,10.165380477905273,29714200
2011-08-30,10.15631289628364,10.210689442353605,10.11099987615019,10.171417236328125,15509200
2011-08-31,10.207667263569835,10.268085765648298,10.18349940178362,10.237875938415527,19287400
2011-09-01,10.25298205543307,10.295275820899816,10.168396829274139,10.171417236328125,21342400
2011-09-02,10.041521023108329,10.123084706339919,10.032457495336756,10.056625366210938,17825000
2011-09-06,9.857242683803605,10.01735075670079,9.787761800237144,10.008288383483887,23133200
2011-09-07,10.08985224459342,10.132144852118946,10.035475705664277,10.120060920715332,15139200
2011-09-08,10.095893496028886,10.210688544570615,10.062664411807626,10.114019393920898,13686600
2011-09-09,10.047562618340303,10.047562618340303,9.848182277702255,9.908600807189941,28151000
2011-09-12,9.857245866670667,9.993187270755326,9.817973649404518,9.990165710449219,15300800
2011-09-13,10.020373559899664,10.056625366210938,9.917663565846919,10.056625366210938,14349600
2011-09-14,10.09891703256484,10.207670136436342,9.978079994399303,10.126105308532715,14049400
2011-09-15,10.225793866329264,10.283191972311602,10.15027101309969,10.252982139587402,11822000
2011-09-16,10.263055380700457,10.397332220721966,10.263055380700457,10.369866371154785,16131200
2011-09-19,10.256951276010136,10.351554959331668,10.22338177644994,10.311882972717285,14561200
2011-09-20,10.397332509477371,10.595697113432955,10.342400808817441,10.461419105529785,36418400
2011-09-21,10.461418133638114,10.51940223681035,10.269158363342285,10.269158363342285,27544400
2011-09-22,10.101311609077543,10.137933518233158,9.988396966228965,10.095209121704102,55260200
2011-09-23,10.067745814903075,10.244747097253597,10.052486100157571,10.195919036865234,24045600
2011-09-26,10.235590191515866,10.29052189419433,10.171503593108515,10.278314590454102,21931800
2011-09-27,10.412587938290283,10.424795237926254,10.269156242100191,10.314931869506836,18339800
2011-09-28,10.363755984471197,10.382066927000213,10.198960994165226,10.21116828918457,25067200
2011-09-29,10.342399435586925,10.397331128953203,10.260001895537512,10.375968933105469,24466000
2011-09-30,10.284416740144836,10.38817647847612,10.256950892817366,10.260002136230469,20919400
2011-10-03,10.253898068969937,10.339348015048786,10.01586151123047,10.015861511230469,30663400
2011-10-04,9.973138945426916,9.988397492970174,9.747309065744304,9.967035293579102,44542200
2011-10-05,9.970088308010473,10.012813878532786,9.832760191580565,9.973140716552734,26162600
2011-10-06,9.985343995222811,10.150137901306152,9.973136694282626,10.150137901306152,24385600
2011-10-07,10.168448862451722,10.260001291286185,10.128775716434282,10.192863464355469,21216000
2011-10-10,10.272210381214396,10.397332327381214,10.272210381214396,10.391228675842285,13584400
2011-10-11,10.348503471457443,10.366814424644948,10.23864008063722,10.296624183654785,24194800
2011-10-12,10.336295754838204,10.336295754838204,10.247795728361867,10.272209167480469,12906000
2011-10-13,10.241692077544126,10.29052011993369,10.15013847943038,10.272209167480469,15607800
2011-10-14,10.311883428358504,10.372918778969185,10.284417578791324,10.369866371154785,19249600
2011-10-17,10.305777660726731,10.379019135098389,10.305777660726731,10.327139854431152,9453800
2011-10-18,10.290522445386868,10.461420050293617,10.253900532204602,10.400385856628418,21847200
2011-10-19,10.39428353337308,10.55602626273989,10.388179880395665,10.409542083740234,17596400
2011-10-20,10.406486321528645,10.510246060401029,10.397331427089208,10.467521667480469,11313000
2011-10-21,10.546865646872545,10.65062536292487,10.546865646872545,10.644521713256836,14989000
2011-10-24,10.665883371231216,10.665883371231216,10.571278552339493,10.59874439239502,17131200
2011-10-25,10.574331616152001,10.601797457914168,10.4583645993615,10.479726791381836,19350400
2011-10-26,10.562123585582267,10.589589425443311,10.464467524776792,10.52245044708252,16727000
2011-10-27,10.702509101855343,10.824579817815652,10.681146901185182,10.772699356079102,26382000
2011-10-28,10.76659593997387,10.76659593997387,10.629267836697741,10.684198379516602,23863600
2011-10-31,10.629264906981184,10.736075883234287,10.620108848907826,10.635367393493652,11419200
2011-11-01,10.48277834740699,10.559072225231356,10.39122592684819,10.412588119506836,24401600
2011-11-02,10.546868403326293,10.675041587397043,10.54381599561845,10.595696449279785,19180600
2011-11-03,10.626215124622526,10.757440735952166,10.6109565762673,10.723871231079102,20836600
2011-11-04,10.665888209958041,10.69335406247383,10.546869903773825,10.675043106079102,11266200
2011-11-07,10.684197500236317,10.742181610685785,10.60790359840496,10.733025550842285,10075400
2011-11-08,10.757439177941395,10.803215980529785,10.662834329196532,10.803215980529785,12198800
2011-11-09,10.67504065266598,10.69945525558115,10.546867479818367,10.568229675292969,16048600
2011-11-10,10.653682470171065,10.687251979748059,10.56518124749586,10.638423919677734,15039800
2011-11-11,10.733022945556485,10.791007041931152,10.72081680898227,10.791007041931152,8331800
2011-11-14,10.77269563370362,10.794057826992331,10.653677367051595,10.662832260131836,16030800
2011-11-15,10.675044875909226,10.717769283760987,10.626216814913953,10.681148529052734,8627000
2011-11-16,10.632316015563129,10.681144056110686,10.546867235642985,10.552970886230469,11491800
2011-11-17,10.556026016003733,10.59875042169423,10.41564549326274,10.498043060302734,11298800
2011-11-18,10.552968788112693,10.598744412189342,10.516346891868873,10.57127857208252,9660000
2011-11-21,10.501094071027818,10.501094071027818,10.36376479568297,10.440058708190918,13822800
2011-11-22,10.44921221448516,10.44921221448516,10.284417124363712,10.311882972717285,31777400
2011-11-23,10.241691494205256,10.25695003830434,10.125724463578074,10.150137901306152,12543400
2011-11-25,10.128780827645697,10.256955224015472,10.128780827645697,10.20202350616455,5379400
2011-11-28,10.372918123552553,10.412590109413195,10.28136452134514,10.330192565917969,9731200
2011-11-29,10.35155495474845,10.47972930172586,10.35155495474845,10.443108558654785,9463600
2011-11-30,10.668937735292332,10.745231628417969,10.620109690258023,10.745231628417969,14404800
2011-12-01,10.729975460492007,10.775752272172952,10.690302301312034,10.714716911315918,11371000
2011-12-02,10.778801715396565,10.778801715396565,10.589593176090634,10.604851722717285,23552400
2011-12-05,10.763541159348756,10.763541159348756,10.635366830478002,10.687247276306152,14345800
2011-12-06,10.71166025067889,10.775747994421224,10.668935864285478,10.717763900756836,10746200
2011-12-07,10.702507972717285,10.742181125841674,10.629266482190337,10.702507972717285,10555400
2011-12-08,10.662835169115155,10.681146124423366,10.522454670876487,10.546869277954102,13805200
2011-12-09,10.595699713349209,10.705563141626772,10.577388753918681,10.681148529052734,22978600
2011-12-12,10.623161477258867,10.665885868648697,10.513298091312242,10.589591979980469,20289200
2011-12-13,10.635366363790283,10.751333386888957,10.604849277573262,10.629263877868652,13740800
2011-12-14,10.620110055014369,10.671990509480937,10.552972218381552,10.562127113342285,12214400
2011-12-15,10.617054713375103,10.723865660530985,10.617054713375103,10.690296173095703,18288600
2011-12-16,10.769916895433918,10.776087731382251,10.637221555913076,10.658823013305664,15535200
2011-12-19,10.714369460470477,10.732884321844283,10.560072670669653,10.578587532043457,13418800
2011-12-20,10.66190978308389,10.816206599560333,10.66190978308389,10.803862571716309,13089800
2011-12-21,10.81620776209145,10.976676609737172,10.81620776209145,10.964332580566406,19344600
2011-12-22,10.995192985232771,11.001365000004373,10.945818044251412,10.976676940917969,8170800
2011-12-23,11.013706755301039,11.097027180631084,11.010621336818296,11.047652244567871,6438200
2011-12-27,11.056913103789523,11.158748415115811,11.041482476662642,11.137146949768066,6485600
2011-12-28,11.180347247610646,11.180347247610646,11.078511960265486,11.097026824951172,6305200
2011-12-29,11.115540662472233,11.183431625366211,11.106283231965257,11.183431625366211,7925000
2011-12-30,11.189604847463787,11.192691443085138,11.097026991075564,11.103199005126953,8185600
2012-01-03,11.164915516162944,11.186516972002561,10.871751387665356,10.905696868896484,38369800
2012-01-04,10.874842773607634,10.93964716967658,10.840897277421545,10.843982696533203,11550200
2012-01-05,10.831635073847359,10.89952604370635,10.773002712636256,10.865580558776855,24220000
2012-01-06,10.884094184986836,10.893351614390411,10.794601776782535,10.80694580078125,14611000
2012-01-09,10.840895154863022,10.862496615989947,10.773004175783344,10.822379112243652,9054600
2012-01-10,10.899523737744728,10.914953179305295,10.82854736481337,10.837804794311523,9017200
2012-01-11,10.831633122531432,10.843977147044054,10.76991535435026,10.788430213928223,12326000
2012-01-12,10.803862470315178,10.853237404036571,10.73905809052921,10.773003578186035,12015200
2012-01-13,10.745232793698156,10.766834259033203,10.683513816801637,10.766834259033203,12033800
2012-01-17,10.828552394669387,10.877927336912393,10.732887929052287,10.757575988769531,13276400
2012-01-18,10.76374660111626,10.773004033708185,10.695855622931933,10.754487991333008,11886400
2012-01-19,10.763746013382006,10.773003445468447,10.655737537878059,10.664996147155762,15258200
2012-01-20,10.664997150269485,10.695856044920946,10.631051659838054,10.680426597595215,12673600
2012-01-23,10.664994733028907,10.785346042959684,10.661908137948519,10.723627090454102,48796000
2012-01-24,10.6711649059003,10.683507752520175,10.615617975942703,10.637219429016113,9992800
2012-01-25,10.618703720121774,10.828547422599938,10.53538332262095,10.813117980957031,25864600
2012-01-26,10.834720664942532,10.88409559012076,10.782259144770686,10.850150108337402,14701000
2012-01-27,10.82237388571174,10.82237388571174,10.67733456488332,10.717452049255371,16195600
2012-01-30,10.677340126778539,10.677340126778539,10.584762264549287,10.649566650390625,18950200
2012-01-31,10.67425384671529,10.705112739237524,10.634136344683354,10.702027320861816,14719800
2012-02-01,10.72671637153151,10.763748462686495,10.705114906953531,10.739060401916504,16393000
2012-02-02,10.751404668185792,10.788435582961702,10.698943126494326,10.720545768737793,16077200
2012-02-03,10.732883284566935,10.794602229960665,10.683508363690143,10.748313903808594,18463000
2012-02-06,10.73288621338405,10.739058227326755,10.67425384671529,10.702027320861816,12154000
2012-02-07,10.695855335698049,10.813121246542384,10.646480401214848,10.779175758361816,13857800
2012-02-08,10.803862015055843,10.803862015055843,10.71745617898224,10.791519165039062,12836600
2012-02-09,10.773006109486028,10.791522155428938,10.72671658322453,10.760662078857422,13716800
2012-02-10,10.714373518338043,10.757576447493998,10.698942891761034,10.739060401916504,9117200
2012-02-13,10.785344801058178,10.803859660644147,10.717453843400376,10.72671127319336,13429800
2012-02-14,10.723631070067002,10.757576565402035,10.680428140437524,10.729803085327148,11173200
2012-02-15,10.742144032956286,10.766830909720435,10.66499563013262,10.708198547363281,14695200
2012-02-16,10.723629239323035,10.853238006084592,10.70202777819611,10.822379112243652,14764400
2012-02-17,10.843978494728828,10.88409599078515,10.78843155470965,10.816205024719238,9259200
2012-02-21,10.840895229290968,10.840895229290968,10.760660221247525,10.776089668273926,11839400
2012-02-22,10.76374334209395,10.828547704998762,10.748313900048656,10.788430213928223,9135000
2012-02-23,10.80077721862376,10.819293260501695,10.74214485179724,10.779175758361816,9678000
2012-02-24,10.794605132740603,10.859409513094647,10.76374624034095,10.825465202331543,6650400
2012-02-27,10.813121679529639,10.837808559164122,10.760660147370432,10.822379112243652,9379200
2012-02-28,10.819294334832795,10.834723782667536,10.739059322585884,10.769919395446777,13654800
2012-02-29,10.77609169355063,10.819295801412293,10.705115282136683,10.766834259033203,12283400
2012-03-01,10.769918376365595,10.831636161864642,10.754487752799534,10.794605255126953,11064000
2012-03-02,10.797688820908176,10.82237569274245,10.754484735113998,10.788430213928223,9731000
2012-03-05,10.791516527218773,10.834719434695288,10.72671098881306,10.813117980957031,9338000
2012-03-06,10.773004814137161,10.782262247399723,10.708200426916402,10.769919395446777,14676200
2012-03-07,10.791520292491677,10.791520292491677,10.692770418893094,10.776089668273926,12488400
2012-03-08,10.776085460676182,10.831632390035617,10.769914626028147,10.810030937194824,11045800
2012-03-09,10.840895254438983,10.86558213430022,10.77608969327161,10.853238105773926,7781600
2012-03-12,10.881012477745326,10.998278404022846,10.856325595850372,10.976676940917969,16048200
2012-03-13,11.013705253601074,11.022963862169572,10.942728866262174,11.013705253601074,12321600
2012-03-14,10.992102871075922,11.029134947852897,10.837806082745077,10.850150108337402,17269600
2012-03-15,10.871751678862317,10.890267717445532,10.785345853189492,10.840892791748047,12788000
2012-03-16,10.822830277060222,10.841517605967248,10.78234165846892,10.832173347473145,15197600
2012-03-19,10.822829170593831,10.8633177850458,10.757425308227539,10.757425308227539,22928000
2012-03-20,10.751196781488469,10.801028468096945,10.72628034414367,10.76988410949707,13867800
2012-03-21,10.776112560299483,10.807258108511002,10.744968200169147,10.748082160949707,8715400
2012-03-22,10.741853498158884,10.782340925918293,10.704478842884058,10.772997856140137,20501600
2012-03-23,10.782340711872017,10.804141999642324,10.751196354509027,10.776111602783203,10354800
2012-03-26,10.810372927528661,10.882005911980333,10.788571636090381,10.850861549377441,14005400
2012-03-27,10.853975945066717,10.925610120468349,10.83528980198918,10.903807640075684,9208600
2012-03-28,10.90069317178003,10.910036242884122,10.772999385005287,10.813488006591797,13336600
2012-03-29,10.785457963643886,10.86332006031571,10.710709828083157,10.857090950012207,13463000
2012-03-30,10.88823054236031,10.919376080230235,10.853971044743785,10.91314697265625,10740800
2012-04-02,10.910037526877442,11.00658696261386,10.878893160810938,10.969213485717773,24147800
2012-04-03,10.966095184539173,10.975439442138654,10.888233103669544,10.962981224060059,11515400
2012-04-04,10.903805864219333,10.969210918582435,10.897577942928685,10.947409629821777,15941200
2012-04-05,10.900694566838878,10.919381899519912,10.832175535089835,10.866435050964355,9394800
2012-04-09,10.794799219826265,10.835287835949895,10.779227040726749,10.810371398925781,10053000
2012-04-10,10.763658720339404,10.788573978214389,10.642192828423665,10.670223236083984,15282400
2012-04-11,10.735620858078303,10.738734817619829,10.670215826899149,10.6951322555542,9841800
2012-04-12,10.710708537734849,10.729395866394043,10.648418630285363,10.729395866394043,11687800
2012-04-13,10.710707508716864,10.791684737045758,10.68579226097947,10.692021369934082,10694800
2012-04-16,10.723167986856629,10.82906048524295,10.701366694960738,10.79168701171875,14579000
2012-04-17,10.847742080688477,10.8664282135303,10.738734490761594,10.847742080688477,11185600
2012-04-18,10.83528966481182,10.878892248882481,10.797915002967272,10.829060554504395,7177000
2012-04-19,10.81971462395775,10.844629870522247,10.760538685715206,10.801027297973633,10031400
2012-04-20,10.822827350474926,10.925605849549616,10.794796958734633,10.9069185256958,15567800
2012-04-23,10.857092642407409,10.869550864956393,10.810374901889464,10.860206604003906,11181000
2012-04-24,10.847748516361778,10.941182800244922,10.847748516361778,10.934953689575195,12486600
2012-04-25,10.966097086437943,11.006585708174969,10.919380542662548,10.991013526916504,12474000
2012-04-26,10.966094524325095,11.068873035164135,10.966094524325095,11.053300857543945,8532000
2012-04-27,11.071986122136439,11.106245623047183,11.037726621225694,11.090673446655273,10086800
2012-04-30,11.084446612878285,11.121820081503639,11.043957995486815,11.106247901916504,14092600
2012-05-01,11.11870801477707,11.193454964760159,11.078219390488776,11.162310600280762,18520800
2012-05-02,11.14362033538616,11.156078553131055,11.081331622823754,11.096903800964355,11011400
2012-05-03,11.08756307486299,11.16542517844512,11.0470756364189,11.062647819519043,11720000
2012-05-04,11.050189961695757,11.131167217413397,11.050189961695757,11.07822036743164,13746600
2012-05-07,11.043956387099199,11.071986781506293,11.019041141004546,11.056414604187012,7753200
2012-05-08,11.012814800425877,11.087561745577737,11.003471729302213,11.075104713439941,10825200
2012-05-09,11.006584084399078,11.124934783049698,10.991011905437942,11.081332206726074,10545200
2012-05-10,11.131159295215413,11.224593518476125,11.112471975331028,11.184104919433594,8930000
2012-05-11,11.168535895786459,11.25574103700586,11.152963718865987,11.190337181091309,6259400
2012-05-14,11.134280561263253,11.218371773806195,11.109364118399542,11.17788314819336,10098600
2012-05-15,11.152966294409756,11.1903397652657,11.075104203745832,11.100019454956055,11448800
2012-05-16,11.131164416970696,11.149850557372481,11.084446689803924,11.115591049194336,14291600
2012-05-17,11.131162933725887,11.14361996297344,11.050185709171311,11.053300857543945,12689600
2012-05-18,11.07510171428102,11.131162502004182,11.019040926557858,11.031497955322266,13781000
2012-05-21,11.040842796256147,11.06264408284873,10.99412507465432,11.043956756591797,10930600
2012-05-22,11.08755903928087,11.149848937090962,11.071986861848593,11.121818542480469,13908800
2012-05-23,11.100021296575669,11.146739033957514,11.006587009893394,11.062647819519043,11472400
2012-05-24,11.071988393976117,11.168537808346192,11.04707314425293,11.106247901916504,12908400
2012-05-25,11.115589143475372,11.174765079485317,11.109360035049011,11.143619537353516,9711600
2012-05-29,11.184112258909288,11.184112258909288,11.124937489230055,11.17788314819336,8195800
2012-05-30,11.134279041697093,11.224599352629374,11.087561311744194,11.109362602233887,7922000
2012-05-31,11.103132328602918,11.233940043833604,11.090674111510193,11.168536186218262,12034600
2012-06-01,11.084445079026807,11.190337548879668,11.075102010183638,11.121818542480469,22322000
2012-06-04,11.134276604930255,11.171650067864553,11.106246210709289,11.15919303894043,11532400
2012-06-05,11.149850547886816,11.252629072333814,11.128049258715844,11.199682235717773,8597600
2012-06-06,11.249515217512647,11.35540771484375,11.218370854566382,11.35540771484375,17798400
2012-06-07,11.399011732109605,11.451958581476111,11.399011732109605,11.442615509033203,14748200
2012-06-08,11.43326788321115,11.486214716993146,11.377207088891899,11.467527389526367,13459200
2012-06-11,11.52358810581777,11.57341979064401,11.445726024021704,11.458184242248535,14834000
2012-06-12,11.448843422057319,11.479988976975859,11.367867355431994,11.470645904541016,9471600
2012-06-13,11.433269123970739,11.52047547353175,11.39589565306243,11.47375774383545,13327400
2012-06-14,11.492444770007678,11.585879038853028,11.479986550673315,11.551619529724121,11687000
2012-06-15,11.593110490538427,11.6308317713355,11.555388010603458,11.608827590942383,11906600
2012-06-18,11.561675931852466,11.671698040961461,11.561675931852466,11.652836799621582,10345400
2012-06-19,11.684276435671032,11.715711852521006,11.627695083618164,11.627695083618164,11170400
2012-06-20,11.627695286239573,11.640268254060116,11.473664738836959,11.514530181884766,14779400
2012-06-21,11.52709803407498,11.586824701055242,11.382498775632923,11.395072937011719,19179200
2012-06-22,11.426505599926847,11.439079759609434,11.379354299823948,11.398214340209961,6910600
2012-06-25,11.316486649982064,11.395073362829162,11.316486649982064,11.376212120056152,10650000
2012-06-26,11.38250126482221,11.439083804262545,11.357354135703332,11.391932487487793,7963200
2012-06-27,11.451655346869416,11.561676259962724,11.423364083625705,11.520812034606934,10449400
2012-06-28,11.467370324413057,11.56167411804199,11.432791986950296,11.561674118041992,8461600
2012-06-29,11.662272243445322,11.6874205769253,11.558538365686763,11.627695083618164,15240200
2012-07-02,11.665411926770364,11.725137397253453,11.602542316234539,11.699990272521973,23177200
2012-07-03,11.687415672511781,11.72513695776415,11.633976085861057,11.671698570251465,5525200
2012-07-05,11.655979594234362,11.677983773689132,11.593109996161656,11.602540016174316,17703000
2012-07-06,11.549106076446284,11.599401534409225,11.520814806395988,11.577397346496582,10942000
2012-07-09,11.552247968369706,11.577396294635484,11.492522492195777,11.539673805236816,17403000
2012-07-10,11.552248494014183,11.602543949696063,11.542818470804535,11.5585355758667,8059200
2012-07-11,11.58053624207416,11.643405842347496,11.552244981908053,11.618257522583008,8226200
2012-07-12,11.608832665551878,11.662271070112622,11.57739845100302,11.633979797363281,10535200
2012-07-13,11.659126138012203,11.753429964698823,11.643409033420802,11.737712860107422,14127600
2012-07-16,11.72513725077619,11.750285574331585,11.70627720724771,11.731424331665039,10278800
2012-07-17,11.74085251670783,11.791147956812411,11.684269996697942,11.756570816040039,11463200
2012-07-18,11.747144698124645,11.806871383594036,11.709423401449198,11.794297218322754,10879200
2012-07-19,11.82258461170082,11.838301713564045,11.72199372081058,11.81629753112793,10811400
2012-07-20,11.791153320889325,11.876027139515283,11.766006188965946,11.841448783874512,18033000
2012-07-23,11.803727644458736,11.841448942418063,11.725140907546042,11.762862205505371,9031200
2012-07-24,11.747143988719477,11.759718153231411,11.599401752688404,11.659127235412598,20044400
2012-07-25,11.68112806206241,11.718849345604188,11.599398414532228,11.652836799621582,7147800
2012-07-26,11.725137185522362,11.85401934518133,11.725137185522362,11.835159301757812,12253600
2012-07-27,11.854020446173017,12.004906803265664,11.854020446173017,11.973472595214844,10489400
2012-07-30,11.929466002595008,12.052061111061706,11.910604755469997,12.01748275756836,13570400
2012-07-31,12.058345888758634,12.058345888758634,11.91688956020308,11.920032501220703,8384600
2012-08-01,11.94517875703319,12.114926321899919,11.82887077331543,11.82887077331543,31389800
2012-08-02,11.797440561609106,11.83830600056247,11.659128336332607,11.762862205505371,15895200
2012-08-03,11.835159134937173,11.910601705843975,11.819440833455047,11.901171684265137,13638600
2012-08-06,11.951471489884808,11.96404565600102,11.857167642290188,11.872884750366211,12650800
2012-08-07,11.882311209478694,11.910602475180662,11.74714196214019,11.750286102294922,18437600
2012-08-08,11.753426587964785,11.772287827538602,11.693701128021173,11.766000747680664,9829400
2012-08-09,11.750283647604752,11.791147867974548,11.737709487888873,11.766000747680664,9093600
2012-08-10,11.766010240241284,11.819448663439914,11.725144787764261,11.800588607788086,12268000
2012-08-13,11.775435478808358,11.800583808301017,11.747144207698293,11.788009643554688,7597000
2012-08-14,11.810012844609968,11.82572994965927,11.744000283919954,11.775434494018555,13323600
2012-08-15,11.762859460014797,11.772290681657182,11.71885108947754,11.718851089477539,11043800
2012-08-16,11.74085866836132,11.750289892729734,11.677990234643923,11.690563201904297,15764200
2012-08-17,11.731426882648723,11.731426882648723,11.637123047085877,11.659127235412598,12808200
2012-08-20,11.646552059405176,11.681130409240723,11.61511784999371,11.681130409240723,10656400
2012-08-21,11.677986156340559,11.699990340284828,11.5962553024292,11.5962553024292,16145600
2012-08-22,11.583683229495932,11.621405722321867,11.555391959445634,11.577397346496582,11214000
2012-08-23,11.577396065442107,11.580539006594012,11.445369753436838,11.4579439163208,15948800
2012-08-24,11.42650925037517,11.527100161696099,11.42650925037517,11.511383056640625,6554000
2012-08-27,11.505099843242546,11.555395315814257,11.495669816866178,11.536535263061523,8140600
2012-08-28,11.523960207534811,11.53967731666441,11.479951822316512,11.514530181884766,6348200
2012-08-29,11.505097482021585,11.517671647368548,11.467376185119104,11.495667457580566,10777400
2012-08-30,11.476803433469106,11.476803433469106,11.420222101370884,11.439082145690918,4171200
2012-08-31,11.47366237398643,11.479949456170143,11.391932703874781,11.426509857177734,12295800
2012-09-04,11.407654187403734,11.486240946150017,11.391937075482232,11.470523834228516,25937400
2012-09-05,11.467373593095338,11.483090696657229,11.413935201157285,11.420222282409668,7073400
2012-09-06,11.435939623930393,11.552247631674279,11.435939623930393,11.549104690551758,11066000
2012-09-07,11.552248489095456,11.567965594150929,11.492523010229359,11.511383056640625,10229600
2012-09-10,11.514527874106967,11.542819144525446,11.498810768127441,11.498810768127441,7423000
2012-09-11,11.492528030746373,11.508245142667874,11.461092607764595,11.470523834228516,6759400
2012-09-12,11.486229875797298,11.486229875797298,11.391926096018876,11.404499053955078,7674000
2012-09-13,11.39507647047296,11.57425412869829,11.39507647047296,11.564824104309082,16900400
2012-09-14,11.55539207821402,11.577397465491142,11.454801161254247,11.486236572265625,18208200
2012-09-17,11.467375013547649,11.514527529212192,11.398218310343196,11.413936614990234,10366400
2012-09-18,11.42336858154009,11.42336858154009,11.354211866572339,11.37936019897461,20739200
2012-09-19,11.369927100693625,11.429653780735253,11.360497077166333,11.391932487487793,25114200
2012-09-20,11.385643754599995,11.454799249003653,11.379356673447278,11.439082145690918,9522800
2012-09-21,11.477518242608197,11.477518242608197,11.407629841020393,11.44575023651123,15178800
2012-09-24,11.4266930663972,11.572822289936605,11.4266930663972,11.55376148223877,16430400
2012-09-25,11.576003914957026,11.6109481395472,11.525176282414867,11.528353691101074,13455800
2012-09-26,11.547407879672823,11.645886901706307,11.528348283800767,11.55376148223877,12659200
2012-09-27,11.56964954097928,11.57918055457852,11.490231294667803,11.506115913391113,14004200
2012-09-28,11.499755557677782,11.579173757369167,11.448927958348317,11.560112953186035,15932000
2012-10-01,11.572826949454448,11.623654578620743,11.502938504915944,11.506115913391113,14387600
2012-10-02,11.537880488256349,11.58553191152697,11.509289876659183,11.566471099853516,12397000
2012-10-03,11.591885650191854,11.652243070120495,11.579178442261808,11.623652458190918,9406800
2012-10-04,11.645889866514144,11.741191505613635,11.645889866514144,11.690363883972168,13373200
2012-10-05,11.718953960540354,11.738014772218326,11.6522429374065,11.671303749084473,9188600
2012-10-08,11.65224347069759,11.7094246965225,11.623652857785133,11.690363883972168,10853600
2012-10-09,11.668124198913574,11.715775613446509,11.642710999834936,11.668124198913574,10977200
2012-10-10,11.668125828540656,11.703070042501846,11.617298211458738,11.649065017700195,7639400
2012-10-11,11.671305648618139,11.72848566930618,11.636361427434283,11.661774635314941,11852600
2012-10-12,11.69036101051102,11.70306821575451,11.569644984349447,11.595059394836426,8362600
2012-10-15,11.595061172024835,11.65224239255898,11.534703755605891,11.642712593078613,9685600
2012-10-16,11.661768972760427,11.715773982501473,11.642709379061174,11.687183380126953,16713000
2012-10-17,11.715777668353393,11.846023517518836,11.690363252991343,11.830140113830566,19708000
2012-10-18,11.833313362086152,11.887317163538789,11.801546562622919,11.884140968322754,10890200
2012-10-19,11.871434706140308,11.893671709894846,11.769779485597892,11.788840293884277,15678200
2012-10-22,11.776134212510716,11.779311620108004,11.69989339573886,11.757073402404785,9488000
2012-10-23,11.674479432154143,11.7062462383956,11.604591004231764,11.649065017700195,13784200
2012-10-24,11.639534270533817,11.668124878553751,11.556939853935056,11.56329345703125,11551200
2012-10-25,11.598237550195975,11.630005568673111,11.531526529132986,11.620475769042969,11300400
2012-10-26,11.617298361282257,11.652242575694107,11.569646939479552,11.620475769042969,14972200
2012-10-31,11.687184660059927,11.769779069395256,11.633179644404471,11.722128868103027,22139200
2012-11-01,11.76977488769877,11.782482088258918,11.585525326877988,11.598231315612793,16870000
2012-11-02,11.595055124797732,11.65858991579183,11.509283338729501,11.518813133239746,8595200
2012-11-05,11.496581381731025,11.496581381731025,11.31550793249712,11.331391334533691,16572200
2012-11-06,11.344099270092125,11.394926886971895,11.29962525680057,11.337745666503906,16531200
2012-11-07,11.274208315862888,11.302798916616535,11.035953713524348,11.0994873046875,24006200
2012-11-08,11.109019681424371,11.232911896011514,11.077251670103488,11.080429077148438,19347600
2012-11-09,11.055017377642075,11.09631519656833,11.001013562898988,11.01371955871582,19359400
2012-11-12,10.994657321078979,11.020070518441155,10.893002107978814,10.921592712402344,14239800
2012-11-13,10.883472404497223,11.029602851209997,10.880296208880496,10.962890625,24911800
2012-11-14,10.97559714539653,10.981950748058903,10.858058525707122,10.886649131774902,20745000
2012-11-15,10.88347372111672,10.950185955397176,10.753227872208813,10.823116302490234,30604200
2012-11-16,10.832643714376465,10.934298929562784,10.77546250435594,10.915239334106445,24675000
2012-11-19,10.950181900101473,10.988302297125621,10.861232691277698,10.92476749420166,33073000
2012-11-20,10.93747415328355,10.947003949109323,10.813581960246452,10.905707359313965,22659400
2012-11-21,10.915243019794895,10.92477282074094,10.753229132755179,10.858061790466309,29878600
2012-11-23,10.858061247695561,10.889828057145193,10.769113211775704,10.82947063446045,7440200
2012-11-26,10.804052536727324,11.016893965372816,10.804052536727324,10.966066360473633,32368000
2012-11-27,10.956539014581395,11.058194247123314,10.956539014581395,10.994659423828125,27325800
2012-11-28,10.959715795173919,11.055017429288487,10.91841797605473,11.03913402557373,21058200
2012-11-29,11.04866278678815,11.115375015040367,11.016895982344929,11.102667808532715,19131600
2012-11-30,11.13125729408025,11.229735105013031,11.09948928101662,11.220205307006836,58126400
2012-12-03,11.229735409148917,11.23926641923903,11.096313386145559,11.150317192077637,25005400
2012-12-04,11.15984901560468,11.178908613522507,11.080430792744636,11.09313678741455,11106600
2012-12-05,11.134435475682944,11.321862544802158,11.070900650047854,11.261505126953125,37338000
2012-12-06,11.220206582553251,11.32821541559678,11.220206582553251,11.25515079498291,12977400
2012-12-07,11.258327258940374,11.305978679175261,11.22656045333442,11.264680862426758,14832600
2012-12-10,11.239265041113077,11.280561636411884,11.229734032191628,11.267855644226074,8722400
2012-12-11,11.271035962864188,11.340924398670595,11.255152557951673,11.293272972106934,12899200
2012-12-12,11.29326957162188,11.366334181680061,11.264678966657742,11.274209976196289,20284400
2012-12-13,11.258323112674,11.274207721452877,11.188435923714081,11.229732513427734,16719800
2012-12-14,11.236089338308371,11.236089338308371,11.169378324868937,11.185261726379395,12584200
2012-12-17,11.21385181705918,11.359981043142666,11.21385181705918,11.356804847717285,17190000
2012-12-18,11.337745897553658,11.458461944537905,11.33456970160781,11.436224937438965,20221000
2012-12-19,11.433048054637727,11.442577853728757,11.344098819759708,11.350452423095703,13614600
2012-12-20,11.353630151645355,11.401280360273514,11.312332334706849,11.385396957397461,19356000
2012-12-21,11.314721300234064,11.385397315266895,11.266532049776798,11.343634605407715,17338200
2012-12-24,11.324355879250293,11.3500571333171,11.244041298546389,11.295442581176758,11731600
2012-12-26,11.311504166755077,11.340417462054067,11.189426898162122,11.199064254760742,11601400
2012-12-27,11.176578452501124,11.221554426072014,11.060925248745479,11.179790496826172,35448000
2012-12-28,11.138028310663945,11.208705551909572,11.064139024590586,11.067352294921875,17018400
2012-12-31,11.048074342201243,11.234404771449052,10.993461011527232,11.218340873718262,32625000
2013-01-02,11.35969826430552,11.446438187339394,11.337210272278625,11.4239501953125,25591200
2013-01-03,11.4239501953125,11.465712908788932,11.391823617057183,11.4239501953125,16283000
2013-01-04,11.423949625018633,11.491413597731455,11.417524309688327,11.481776237487793,12358600
2013-01-07,11.446434853389405,11.475348152645921,11.343632283922526,11.369332313537598,16739200
2013-01-08,11.350060674321123,11.366123350372506,11.28902078962079,11.333996772766113,12853200
2013-01-09,11.353271157427532,11.359696472064861,11.272956562716105,11.311507225036621,15160800
2013-01-10,11.333995129884954,11.366121702834548,11.311507141571965,11.359696388244629,12603000
2013-01-11,11.343630041420239,11.391818046986034,11.337204728910857,11.372543334960938,16221000
2013-01-14,11.356483598635585,11.388610172944297,11.33720887955386,11.350059509277344,11288000
2013-01-15,11.33720805337434,11.388609343018997,11.308294751355257,11.382184028625488,12496600
2013-01-16,11.35327026440124,11.378970295425583,11.317931649427326,11.327569007873535,9441200
2013-01-17,11.366118022451554,11.414306028017348,11.337204728910857,11.372543334960938,11062600
2013-01-18,11.398249591160232,11.472138887160405,11.369336281812014,11.462501525878906,13333400
2013-01-22,11.44322282799635,11.57493871104152,11.436797513518119,11.558876037597656,13349200
2013-01-23,11.517117626602746,11.55888157797775,11.475354900731759,11.52996826171875,12347200
2013-01-24,11.55244847385897,11.616700380628016,11.539597847404524,11.581361770629883,12679200
2013-01-25,11.594213747826668,11.648827078365814,11.533175103311741,11.639189720153809,16063000
2013-01-28,11.64561353523312,11.661676205353494,11.568511002950867,11.632762908935547,15416200
2013-01-29,11.6038525064254,11.72593103569138,11.6038525064254,11.713080406188965,17423600
2013-01-30,11.697016981474965,11.748418270682766,11.687379622718314,11.722718238830566,16399600
2013-01-31,11.671318091590239,11.777332724796478,11.671318091590239,11.751632690429688,13664600
2013-02-01,11.79017966170987,11.825518270210726,11.77090372284491,11.783754348754883,14225600
2013-02-04,11.764479305664016,11.764479305664016,11.700227396725003,11.70344066619873,12590400
2013-02-05,11.7580531682742,11.799817089983437,11.732353141801463,11.735565185546875,12824200
2013-02-06,11.722715578988346,11.774116856533382,11.65846367568127,11.770903587341309,14998600
2013-02-07,11.783760954046343,11.857650256192029,11.73878496365365,11.786972999572754,16087400
2013-02-08,11.799823632686044,11.799823632686044,11.729146376066769,11.786972999572754,9686200
2013-02-11,11.79339564636904,11.825522221879531,11.77090765626347,11.81588363647461,9646000
2013-02-12,11.80945816513,11.873710089797363,11.796608760599351,11.867284774780273,10411600
2013-02-13,11.880135404814453,11.915474024656678,11.835159425198357,11.867284774780273,9484000
2013-02-14,11.815879552005326,11.854431429291445,11.735564979247261,11.770903587341309,20507600
2013-02-15,11.793394701146122,11.815882689449314,11.770906712842931,11.796607971191406,10485000
2013-02-19,11.7837570392134,11.918684965565344,11.7837570392134,11.899410247802734,18934000
2013-02-20,11.905836866410738,11.97651288178798,11.87371029078149,11.876923561096191,16345600
2013-02-21,11.84800850230242,11.89298447602347,11.815881931427834,11.825520515441895,18075800
2013-02-22,11.867285828042743,11.950813705174761,11.83837252065145,11.944388389587402,12183000
2013-02-25,11.976510554105431,12.069675767067892,11.825519967256021,11.838369369506836,19625000
2013-02-26,11.851218834016173,11.9379587245877,11.819093493287395,11.873706817626953,19338400
2013-02-27,11.886558648005806,12.018274519139252,11.880133334108649,11.982935905456543,12015400
2013-02-28,11.998998908497198,12.072889407601478,11.963661519342857,12.024700164794922,17955200
2013-03-01,11.979724795921356,12.05361407324856,11.925110236286129,12.047188758850098,11437000
2013-03-04,12.027914126923603,12.185331283088845,12.015064722229265,12.169268608093262,15280600
2013-03-05,12.194961962617239,12.26563916448528,12.182111339458888,12.233513832092285,11628000
2013-03-06,12.256005086329994,12.268854487420565,12.191753178864328,12.227091789245605,10835200
2013-03-07,12.227089400748296,12.259214735454012,12.169262817875634,12.17247486114502,16005800
2013-03-08,12.207816602783634,12.220667230170509,12.108226078790272,12.198179244995117,22876800
2013-03-11,12.204603805458103,12.246366503633062,12.175690508373712,12.227091789245605,6522600
2013-03-12,12.252794831969926,12.252794831969926,12.153205515120284,12.194968223571777,10055800
2013-03-13,12.162840487726276,12.256005696917773,12.162840487726276,12.249580383300781,9278200
2013-03-14,12.236732195917037,12.281708174700366,12.220669521423492,12.275282859802246,14657400
2013-03-15,12.274958252893883,12.365691442698976,12.236071540565701,12.35597038269043,26305400
2013-03-18,12.287919998168945,12.343008892562427,12.26847787697472,12.287919998168945,10046200
2013-03-19,12.294403277778287,12.36245442235793,12.258758970609406,12.320327758789062,15577400
2013-03-20,12.375410988023509,12.430499872339016,12.3365255166017,12.411056518554688,12853400
2013-03-21,12.375414362017988,12.404578782572354,12.333288938220605,12.349491119384766,12010000
2013-03-22,12.378652157936068,12.404575393486736,12.336525509501026,12.368929862976074,4663600
2013-03-25,12.443464487933088,12.453185548610922,12.291161277862559,12.343008995056152,13278000
2013-03-26,12.362454778859934,12.469390175744905,12.362454778859934,12.45966911315918,11751400
2013-03-27,12.414300397228029,12.524476953689135,12.404578100146646,12.517995834350586,10813400
2013-03-28,12.524478651657619,12.683261770463712,12.51799753144041,12.670299530029297,14394400
2013-04-01,12.670295815415528,12.670295815415528,12.608727045623406,12.641131401062012,8508800
2013-04-02,12.686504003463941,12.728629434157378,12.650858457379195,12.683262825012207,16060600
2013-04-03,12.702699543909791,12.735103894595687,12.628168548414836,12.647610664367676,11327200
2013-04-04,12.67677600051054,12.7772314728101,12.670294882670552,12.767510414123535,10543400
2013-04-05,12.709183872480956,12.842043721697356,12.67677827746046,12.822600364685059,14905800
2013-04-08,12.838800084642134,12.929534497170827,12.770750202355728,12.919812202453613,11686400
2013-04-09,12.939257827180523,12.955460006357688,12.871207932948206,12.880928993225098,14806400
2013-04-10,12.913335685379275,13.017031134230235,12.910095743417108,12.984626770019531,9666000
2013-04-11,13.013787269592287,13.04619162403552,12.981382915149053,13.013787269592285,15184000
2013-04-12,12.987868882349831,13.068881034851074,12.961944400198709,13.068881034851074,10673800
2013-04-15,13.017028781689731,13.0883198534457,12.8809289932251,12.880928993225098,21289000
2013-04-16,12.939257061425513,13.036471366882326,12.835561637451987,13.036471366882324,11141000
2013-04-17,12.974899184309471,13.007303532227526,12.874443727928885,12.961936950683594,17785600
2013-04-18,12.97166277865071,13.036472734469776,12.942498360339487,13.004068374633789,12552200
2013-04-19,13.010552129379386,13.20174085789385,13.010552129379386,13.19849967956543,23339200
2013-04-22,13.211461175503981,13.240625598078275,13.111005667493133,13.182296752929688,14002600
2013-04-23,13.201736836905603,13.221178956365065,13.1110024135559,13.21469783782959,23561600
2013-04-24,13.214697840991011,13.308672205557452,13.149889127914674,13.256824493408203,21106000
2013-04-25,13.292477365029313,13.315160674357111,13.21146519281642,13.260071754455566,19908400
2013-04-26,13.221180705981329,13.337838382763788,13.221180705981329,13.279509544372559,11886200
2013-04-29,13.328114954371479,13.409127078175578,13.263305008098818,13.389683723449707,11671600
2013-04-30,13.376724290468498,13.428572011123524,13.347559870340849,13.425332069396973,15636600
2013-05-01,13.405884538322496,13.422086714207042,13.27302471823436,13.292468070983887,20734800
2013-05-02,13.279507946604282,13.321634599517589,13.201736995537999,13.276268005371094,17668800
2013-05-03,13.341077469826176,13.367001945738192,13.227660978078733,13.250344276428223,29973800
2013-05-06,13.234144916738513,13.243865979203175,13.062399553743825,13.06563949584961,29478800
2013-05-07,13.081835312996967,13.192011833190918,13.068874314733398,13.192011833190918,14582400
2013-05-08,13.162849726816631,13.198495259608096,13.033231068475859,13.075356483459473,14345000
2013-05-09,13.08831629114397,13.10127852541653,12.835558903562525,12.877685546875,39403000
2013-05-10,12.877688306877412,12.916573781882501,12.786953883669588,12.906852722167969,21057600
2013-05-13,12.864725857645958,12.880928035618604,12.793434791189977,12.838801383972168,24650400
2013-05-14,12.848526223679055,12.9813860871961,12.822601744872223,12.926297187805176,24695200
2013-05-15,12.919813809114766,13.140166895856044,12.897130512198483,13.049433708190918,21546800
2013-05-16,13.01379024019127,13.029992421111285,12.92305703812145,12.942499160766602,20111200
2013-05-17,12.955462922043298,13.078601736567366,12.932779618860879,13.06563949584961,18103400
2013-05-20,13.081837049883921,13.088318167949565,12.978141633127377,13.000824928283691,22675400
2013-05-21,13.017028268534538,13.072117158941637,12.932776198446428,13.026750564575195,18028600
2013-05-22,12.99434493361404,13.136927071091051,12.761030843814625,12.806397438049316,49925600
2013-05-23,12.72214252872179,12.770750294217045,12.530953879865585,12.718902587890625,48092600
2013-05-24,12.689738125582608,12.689738125582608,12.540676125002658,12.582802772521973,19937000
2013-05-28,12.508271986437164,12.586044172710094,12.381893265372248,12.436982154846191,48073600
2013-05-29,12.359206029929046,12.372168262868211,12.138853014549525,12.252270698547363,63078200
2013-05-30,12.37217362253801,12.488831297233876,12.278199247238886,12.284680366516113,34267400
2013-05-31,12.249030462298279,12.449940143687982,12.206903820086245,12.210144996643066,57017200
2013-06-03,12.21338828907226,12.326806012902404,12.080528445151865,12.236071586608887,63987600
2013-06-04,12.216629181712403,12.249033538538713,12.109692579121022,12.19394588470459,29119800
2013-06-05,12.168022519201369,12.171263696867554,12.054606023826627,12.087010383605957,30872200
2013-06-06,12.083767407598108,12.236069343691234,12.06756523177715,12.229589462280273,37523400
2013-06-07,12.210145716440673,12.372169941726618,12.200424658490471,12.304120063781738,30750600
2013-06-10,12.346247980315463,12.355970276387362,12.249033672625377,12.300881385803223,19863000
2013-06-11,12.22959477330257,12.326809106592961,12.180986988583715,12.21987247467041,22360000
2013-06-12,12.281440355205024,12.310604773713365,12.07080830640621,12.09997272491455,20184000
2013-06-13,12.070807539731405,12.307362814320042,12.057845302073858,12.29764175415039,33471000
2013-06-14,12.284682165190661,12.378656554249144,12.28144222315122,12.313846588134766,22849000
2013-06-17,12.362450185135025,12.446702247248117,12.294399063879865,12.352727890014648,24857600
2013-06-18,12.378653324178234,12.453184333110187,12.32032449351028,12.436982154846191,23373200
2013-06-19,12.411057792117935,12.45966556349323,12.14857928790288,12.151819229125977,45555000
2013-06-20,12.067567480904705,12.077288540979714,11.78240443595003,11.808327674865723,51298600
2013-06-21,11.900321108449338,12.031274252923817,11.720261471443234,11.9625244140625,40140200
2013-06-24,11.864307743082254,12.044367343102197,11.779187841999853,11.952699661254883,40811000
2013-06-25,12.057467956928832,12.145859912139287,11.942883618822155,12.109848976135254,18957400
2013-06-26,12.181876966458832,12.303009136494143,12.152412553323554,12.26372241973877,22423800
2013-06-27,12.306279153025084,12.407767937862925,12.263719178885065,12.289910316467285,16357200
2013-06-28,12.250618234546673,12.38484588246346,12.201511746421106,12.319369316101074,19521000
2013-07-01,12.316095882524962,12.424132413840054,12.12621519714626,12.16550064086914,25117600
2013-07-02,12.178597416730833,12.250620529244841,12.113120838103844,12.16222858428955,20186200
2013-07-03,12.103300679043603,12.175323796857498,12.073836278936387,12.116394996643066,11410600
2013-07-05,12.155679970277106,12.155679970277106,11.95270246552783,12.080382347106934,27263200
2013-07-08,12.116393868588755,12.28663247015187,12.093477253845819,12.253894805908203,20796200
2013-07-09,12.296453837582673,12.368476943238432,12.270262709081129,12.342287063598633,14982600
2013-07-10,12.319370989030002,12.440501841489517,12.286632076972161,12.41103744506836,17668200
2013-07-11,12.52234747078741,12.617288444148976,12.505978638898615,12.610740661621094,21706400
2013-07-12,12.584551641365323,12.66639706339287,12.525622837596526,12.650028228759766,15647400
2013-07-15,12.64675247280267,12.87264534355811,12.617288076716152,12.856276512145996,24713800
2013-07-16,12.853003370673385,12.869373452697424,12.722051456514503,12.787528038024902,20737000
2013-07-17,12.83008469442144,12.862823604350902,12.728597195794404,12.780978202819824,17620400
2013-07-18,12.800620507579916,12.915204820899353,12.794073974349537,12.892288208007812,15259200
2013-07-19,12.882467559749525,12.934848574330934,12.849729893959354,12.895563125610352,14032400
2013-07-22,12.872650984890138,12.931579802888235,12.869377716717946,12.882472038269043,10515200
2013-07-23,12.882467993425497,12.957766875229167,12.853003593677695,12.915206909179688,9999600
2013-07-24,12.911928055223246,12.911928055223246,12.669666404343255,12.718772888183594,17695200
2013-07-25,12.718777982993686,12.839910105817564,12.71223144828182,12.83663558959961,20812800
2013-07-26,12.79735332830642,12.885746555303566,12.725328939894894,12.882472038269043,14019400
2013-07-29,12.836632319652319,12.957764411619541,12.830084537746385,12.90538215637207,13016800
2013-07-30,12.925027072414794,13.033063613696038,12.908658240092082,12.947943687438965,17715800
2013-07-31,12.895564424469844,12.925028826193453,12.790802384755246,12.853004455566406,32163200
2013-08-01,12.882463606264439,12.977404556326263,12.852999216550822,12.96103572845459,19349600
2013-08-02,12.967588248026273,12.983957081879488,12.87264726327086,12.944671630859375,15608400
2013-08-05,12.89883717222739,12.921753787219146,12.859550476074219,12.859550476074219,11088600
2013-08-06,12.869368801933824,12.869368801933824,12.76788007482585,12.794071197509766,21129800
2013-08-07,12.72205253035417,12.875922322562122,12.702409179584423,12.853004455566406,15427800
2013-08-08,12.862823702763956,12.94466910492123,12.823537010548021,12.902109146118164,15371000
2013-08-09,12.882473443021695,12.92176015854595,12.807175778227242,12.81372356414795,12649400
2013-08-12,12.754783738239547,12.78752263960455,12.702402744916935,12.744962692260742,11240000
2013-08-13,12.735147788528598,12.754789889959724,12.659848903502633,12.67621898651123,19680400
2013-08-14,12.650024157920807,12.672940768804882,12.528893321981895,12.594369888305664,17312200
2013-08-15,12.483061983257636,12.54853855945841,12.411037624550604,12.433954238891602,20204800
2013-08-16,12.41758899002517,12.420862257791859,12.224433721373911,12.289910316467285,33884200
2013-08-19,12.296450376821833,12.342283589938313,12.165497268893551,12.185140609741211,24428200
2013-08-20,12.211333305247337,12.397940715428515,12.185143426923466,12.299726486206055,27167000
2013-08-21,12.276814143303614,12.280087410909164,12.10657550398635,12.158956527709961,24639400
2013-08-22,12.191695017667168,12.270265926047703,12.145860530772774,12.227705955505371,16337000
2013-08-23,12.260442318843504,12.361929825083614,12.201513525411654,12.329192161560059,15159200
2013-08-26,12.312821647498494,12.348833821771153,12.224428469427872,12.237524032592773,13152400
2013-08-27,12.158951757052373,12.2997259372374,12.142582927722826,12.230976104736328,18233800
2013-08-28,12.230974823891092,12.31609347680796,12.175319311365007,12.273534774780273,16509800
2013-08-29,12.26044208270213,12.276810914148637,12.178596676607807,12.201513290405273,12186000
2013-08-30,12.214608744092239,12.280084069283182,12.165501001337255,12.211334228515625,15734200
2013-09-03,12.260443370534198,12.31937216902091,12.0541925758307,12.070561408996582,23938400
2013-09-04,12.07383592494691,12.106573591278677,11.965799378100629,12.070561408996582,14636800
2013-09-05,12.050920166110123,12.100026669101474,11.991991363430893,12.021455764770508,17545600
2013-09-06,12.10002055629011,12.185140449985932,12.080378464561363,12.106568336486816,21866800
2013-09-09,12.122943501443533,12.16550347054538,12.0640146977216,12.149134635925293,13015600
2013-09-10,12.188415491424937,12.244071006774904,12.142582272231763,12.244071006774902,16688800
2013-09-11,12.240796674551172,12.250617721993057,12.064010327427782,12.122939109802246,49506000
2013-09-12,12.1884175211095,12.23097748124544,12.077107720735185,12.090203285217285,37638200
2013-09-13,12.12294356383368,12.21133676987149,12.12294356383368,12.181872367858887,20765000
2013-09-16,12.322644435328465,12.397942060865782,12.191692531774713,12.214609146118164,50430600
2013-09-17,12.214610374420534,12.299729057846925,12.214610374420534,12.286633491516113,19447000
2013-09-18,12.263717201570516,12.70568321054471,12.240800584312074,12.653302192687988,59007600
2013-09-19,12.686036331841962,12.735144068800194,12.548536666537514,12.594369888305664,40038600
2013-09-20,12.602636807490745,12.615856553648465,12.397714981738321,12.404325485229492,37680400
2013-09-23,12.407627559865604,12.60263294012777,12.344828426382929,12.553054809570312,30776200
2013-09-24,12.559666851104,12.586108860196768,12.503479473018452,12.546445846557617,23943400
2013-09-25,12.559667176271086,12.592718427668347,12.453901658810548,12.460512161254883,27723800
2013-09-26,12.4803446788719,12.520007700755588,12.397715274517855,12.443988800048828,17135400
2013-09-27,12.42415543352556,12.46712307040323,12.321694533532485,12.364662170410156,15275600
2013-09-30,12.318392983669412,12.387801387666523,12.288646344695682,12.351444244384766,19191600
2013-10-01,12.391105144999889,12.430766903220771,12.344831622780205,12.387799263000488,15713600
2013-10-02,12.348135387199688,12.430764771470752,12.301863133739786,12.401018142700195,19228200
2013-10-03,12.381190044407825,12.381190044407825,12.209320726519353,12.255594253540039,18608000
2013-10-04,12.268810194632373,12.32499882960106,12.239063566901725,12.278726577758789,8914000
2013-10-07,12.229151498679663,12.325001907618573,12.19940486352016,12.219236373901367,10272200
2013-10-08,12.242369322870235,12.4010175822012,12.225843698927815,12.305167198181152,24513200
2013-10-09,12.324997333399995,12.526613201229722,12.298555329371897,12.354743957519531,28637600
2013-10-10,12.424155286748656,12.559667437616275,12.295253638462928,12.539835929870605,23396800
2013-10-11,12.523309159567482,12.622464167587092,12.49025791050239,12.59932804107666,13817200
2013-10-14,12.55966720866696,12.55966720866696,12.354746675661655,12.52992057800293,52681600
2013-10-15,12.529917821321161,12.529917821321161,12.33160783440702,12.354743957519531,23992200
2013-10-16,12.407631666932643,12.473735442615606,12.354748898551202,12.467124938964844,25750200
2013-10-17,12.43077000322442,12.695183892011158,12.367970837820467,12.668743133544922,32164400
2013-10-18,12.711708796909164,12.748065940943414,12.655521400365178,12.701793670654297,21954200
2013-10-21,12.70178742561615,12.72161892920021,12.619158051918841,12.675345420837402,14803800
2013-10-22,12.73484509368569,12.886884176197237,12.681962318280533,12.837306022644043,39260400
2013-10-23,12.814165356008424,12.989339251190382,12.814165356008424,12.847216606140137,28342600
2013-10-24,12.893488029812561,12.893488029812561,12.754671275215307,12.820775032043457,15733200
2013-10-25,12.810859807370747,12.966203460839788,12.757977049291306,12.95628833770752,13100200
2013-10-28,12.9496754059564,13.005862774264253,12.883571655552206,12.92984390258789,19642400
2013-10-29,12.926542737994433,12.979425500289706,12.89679610540181,12.946372985839844,15844000
2013-10-30,12.969512492060694,13.038920892491117,12.850525942280136,12.86374568939209,24635600
2013-10-31,12.817468643188477,12.903403901909401,12.66873677224515,12.817468643188477,33806000
2013-11-01,12.830694135923586,12.949680682973522,12.824083632106959,12.910018920898438,24713800
2013-11-04,12.95298898984916,12.962905378807852,12.824087280811558,12.936463356018066,12430800
2013-11-05,12.919931009419974,13.022391903257557,12.843912124633789,12.843912124633789,21466400
2013-11-06,12.857132993251728,13.02569638628721,12.857132993251728,13.019085884094238,20235400
2013-11-07,13.032310312347041,13.091803586889574,12.873662000508524,12.896798133850098,24793400
2013-11-08,12.804250749341684,12.87696375472778,12.645601212005197,12.873659133911133,39977200
2013-11-11,12.873658626566943,12.943067008401043,12.804250244732843,12.870352745056152,14919400
2013-11-12,12.83730372542592,12.87035498133036,12.69848567681317,12.761284828186035,22484400
2013-11-13,12.68195687919785,12.824079513549805,12.619159004344956,12.824079513549805,19193000
2013-11-14,12.863749054171196,12.98273563507515,12.834003669770249,12.936463356018066,37658600
2013-11-15,12.906709503286578,13.01247501373291,12.890183878683903,13.01247501373291,15583400
2013-11-18,13.035610540891327,13.045526923856393,12.94637065915142,12.995948791503906,24412600
2013-11-19,12.93975989886495,12.986032144520953,12.873656150431744,12.900096893310547,20159200
2013-11-20,12.886879431597205,12.959592432992826,12.744756788616899,12.757976531982422,30488000
2013-11-21,12.76789615179591,12.860440682933469,12.724928507700039,12.787726402282715,15936200
2013-11-22,12.771198640399907,12.817470898240934,12.71831587989238,12.777809143066406,13729800
2013-11-25,12.787725653353496,12.817472288166229,12.724927762448658,12.728232383728027,13934800
2013-11-26,12.715010446431918,12.73484069233972,12.596023927687579,12.60263442993164,23437800
2013-11-27,12.61585556652837,12.63238245437547,12.523311046542315,12.576193809509277,16938600
2013-11-29,12.566275457899062,12.648904832613686,12.536528832568829,12.569580078125,5887000
2013-12-02,12.586112314483497,12.609248448377238,12.450598871927678,12.516702651977539,14358800
2013-12-03,12.50017257732306,12.599327581727655,12.453900325989201,12.579497337341309,19736400
2013-12-04,12.513394778934625,12.642296423085156,12.48034226708551,12.635685920715332,14787800
2013-12-05,12.576193651562274,12.599329781268217,12.516700386368564,12.533226013183594,19452600
2013-12-06,12.576193636975665,12.731537302670679,12.559668010179804,12.705095291137695,14830600
2013-12-09,12.724929284336419,12.724929284336419,12.57619609248442,12.62907886505127,14483800
2013-12-10,12.632379677830325,12.63568429817869,12.48364654566901,12.503478050231934,19196000
2013-12-11,12.48695214757939,12.503479033093079,12.384492518010852,12.401018142700195,17436000
2013-12-12,12.410932909403865,12.500172793156139,12.394407285188475,12.417543411254883,15514800
2013-12-13,12.434069839639358,12.615854239414103,12.367966077678254,12.397712707519531,12392400
2013-12-16,12.42746331370568,12.549755753751477,12.42746331370568,12.463820457458496,19348400
2013-12-17,12.430767286539021,12.486954674015832,12.384495023717037,12.440682411193848,11379200
2013-12-18,12.447288758461298,12.619158006431071,12.311776636519156,12.605937004089355,38494400
2013-12-19,12.579500033836814,12.579500033836814,12.401020231155693,12.513396263122559,32146400
2013-12-20,12.527090097034277,12.690777968336985,12.527090097034277,12.6373291015625,30735800
2013-12-23,12.707475646471892,12.707475646471892,12.583874153880979,12.587215423583984,33831200
2013-12-24,12.577198967151014,12.670734165425989,12.527090097034277,12.6373291015625,9874400
2013-12-26,12.650692065191476,12.660714605156675,12.55715685432745,12.580540657043457,20616400
2013-12-27,12.57051372918478,12.660708902314347,12.57051372918478,12.630643844604492,25595200
2013-12-30,12.603925904915009,12.68743985971115,12.603925904915009,12.66071605682373,11328800
2013-12-31,12.65068999913931,12.704138864378542,12.6373287385706,12.684096336364746,14043600
2014-01-02,12.667395118231534,12.690780196227074,12.473643420031113,12.49034595489502,40830400
2014-01-03,12.51039030995792,12.523752848163738,12.396811283852022,12.450260162353516,27533600
2014-01-06,12.453597821331103,12.507046689796498,12.413511488562442,12.470301628112793,22472200
2014-01-07,12.520410514538963,12.590561922686982,12.48032417764319,12.580540657043457,17296400
2014-01-08,12.553822446570582,12.570524988186836,12.480329734272374,12.513734817504883,28752800
2014-01-09,12.557150367862008,12.59389668866898,12.493680261036063,12.587215423583984,18738600
2014-01-10,12.667395648924256,12.857808632179545,12.647353115976589,12.767613410949707,53048200
2014-01-13,12.757588096063966,12.770950631337962,12.623966566288502,12.6373291015625,24834000
2014-01-14,12.65737270415551,12.707481578524087,12.61394509799085,12.654032707214355,15348200
2014-01-15,12.644005101336905,12.690773960024202,12.617281313550977,12.630643844604492,11903800
2014-01-16,12.613943904440307,12.720842911266432,12.613943904440307,12.717501640319824,16715000
2014-01-17,12.720843140555923,12.744226940317706,12.684096805409833,12.71416187286377,8632600
2014-01-21,12.760929332919966,12.861145798563957,12.747566797681701,12.854464530944824,11455400
2014-01-22,12.861147100844969,12.907914704592944,12.831082030675322,12.867828369140625,14949400
2014-01-23,12.84444392630536,12.861146459050204,12.757588717117672,12.83108139038086,18847800
2014-01-24,12.807696367017817,12.881189033265205,12.6874361038208,12.6874361038208,30035200
2014-01-27,12.710820372748097,12.770950506572142,12.670734041639232,12.717501640319824,16843600
2014-01-28,12.750911103739266,12.770954913370845,12.700803491143217,12.764273643493652,15803200
2014-01-29,12.710818885976778,12.817716605977697,12.704137619186554,12.757586479187012,22085200
2014-01-30,12.777632259237313,12.971385203208582,12.777632259237313,12.954681396484375,16803800
2014-01-31,12.87785117169589,13.088306688006194,12.824402293271882,13.0615816116333,28027200
2014-02-03,13.08830268561385,13.231946741387466,12.94131863347588,12.95802116394043,41110800
2014-02-04,13.021493104633912,13.021493104633912,12.8244001593061,12.881190299987793,21823800
2014-02-05,12.854465016380841,12.874508819995174,12.780972344116504,12.824399948120117,15622400
2014-02-06,12.84444492044351,12.924617593552611,12.801017312488442,12.917936325073242,21078200
2014-02-07,12.958018780382067,12.998105100987598,12.90790992388429,12.988083839416504,20122000
2014-02-10,12.941319104494003,13.091643158467589,12.904572771541728,13.084961891174316,14652800
2014-02-11,13.088306373504711,13.251993002229195,13.064922569401213,13.208566665649414,20196400
2014-02-12,13.205220749507104,13.248648345134363,13.145090624583606,13.225264549255371,11637800
2014-02-13,13.171817853070186,13.38227332484872,13.165136585390698,13.368910789489746,16418200
2014-02-14,13.338844826099908,13.465786354840251,13.31211975717713,13.455763816833496,14478800
2014-02-18,13.489165980931007,13.545954823345586,13.462440920274007,13.502527236938477,19472400
2014-02-19,13.492513509656163,13.572687462069823,13.395637022166833,13.425702095031738,20743400
2014-02-20,13.422360983233105,13.576026332084618,13.41567971489326,13.529258728027344,19243400
2014-02-21,13.539278205198823,13.669559734814984,13.532596937741395,13.54595947265625,18419400
2014-02-24,13.562664633888296,13.676243654044164,13.50587576097122,13.512557029724121,14203400
2014-02-25,13.539275929065528,13.61944985075488,13.472465814365867,13.495849609375,13142200
2014-02-26,13.562664659224888,13.572687199533817,13.439064372869627,13.45242691040039,19662000
2014-02-27,13.435720642506858,13.512553300478064,13.375590514647417,13.41901683807373,13822800
2014-02-28,13.442405619301244,13.539280830414004,13.435724350548345,13.512557029724121,17664000
2014-03-03,13.45910977426846,13.499196117289854,13.358893279554048,13.378935813903809,28474400
2014-03-04,13.465787832505029,13.525917969858218,13.445744028613444,13.475809097290039,19471600
2014-03-05,13.455766758592883,13.489173102049799,13.372252811433153,13.385615348815918,18069200
2014-03-06,13.412339313170879,13.439063111402238,13.278716499049292,13.318802833557129,27529000
2014-03-07,13.26869153550704,13.35888671875,13.201880147069156,13.35888671875,27624800
2014-03-10,13.318804913984634,13.378935062299655,13.275378575785185,13.325486183166504,21968800
2014-03-11,13.342188080984155,13.362231887571337,13.228609058966928,13.288739204406738,15842000
2014-03-12,13.268693431659756,13.459105087609556,13.268693431659756,13.455763816833496,15596000
2014-03-13,13.46578779679164,13.626134404534357,13.445743992953213,13.5960693359375,42867400
2014-03-14,13.552642432367888,13.702967783126745,13.542621167091173,13.659540176391602,25632400
2014-03-17,13.689603790955694,13.763096460028283,13.616111121883106,13.749733924865723,19267800
2014-03-18,13.756414667388567,13.78647973319605,13.696284535773602,13.729689598083496,15949000
2014-03-19,13.733033801282955,13.756417604757248,13.455766882485328,13.512557029724121,51130200
2014-03-20,13.475812099694856,13.542623519897461,13.37893560411717,13.542623519897461,25207400
2014-03-21,13.615043451882848,13.780095268954591,13.594833916893595,13.64535903930664,27598000
2014-03-24,13.655462816024079,13.739672624285294,13.591462539384148,13.682409286499023,19989000
2014-03-25,13.709355175235176,13.75988028234854,13.608303676068925,13.739670753479004,20895200
2014-03-26,13.759882155906576,13.790197738278202,13.679041459542043,13.682409286499023,15633000
2014-03-27,13.675672202517973,13.803671469499797,13.638620966625579,13.793566703796387,26842600
2014-03-28,13.766615879191344,13.823879203602202,13.73630030390075,13.813773155212402,15402800
2014-03-31,13.89125210721605,14.019250105092828,13.837357875231133,13.96535587310791,17405800
2014-04-01,13.972088758185784,13.972088758185784,13.817143046810068,13.867668151855469,20275600
2014-04-02,13.847458839416504,13.897983945248574,13.790195510879434,13.847458839416504,23314600
2014-04-03,13.850832780610679,13.93504261244673,13.83399107123148,13.891254425048828,10953600
2014-04-04,13.948514166538844,14.120301629447068,13.918198580738586,13.96535587310791,27240200
2014-04-07,13.955249199350611,14.093353230250578,13.935038383265368,13.94177532196045,26768800
2014-04-08,13.945139773599108,14.160716600041654,13.847456122573815,14.14050579071045,23726400
2014-04-09,14.127038774074215,14.170828239741137,13.961988248386373,14.110197067260742,36243400
2014-04-10,14.120302983039734,14.22135580202089,14.009146681076418,14.056303977966309,32002400
2014-04-11,14.052934611631061,14.140512255560438,14.012512974488429,14.042828559875488,35646800
2014-04-14,14.10682465967829,14.174192749999014,14.029351805538266,14.127034187316895,19273400
2014-04-15,14.127034660448011,14.322402000427246,14.127034660448011,14.322402000427246,30050000
2014-04-16,14.319035782508715,14.426825523376465,14.292089310996591,14.426825523376465,24827600
2014-04-17,14.383037734089651,14.457141503069684,14.228091971293335,14.24830150604248,35978600
2014-04-21,14.248300369868376,14.349351890375852,14.164090555288846,14.23145866394043,22112600
2014-04-22,14.255037711032626,14.265142477886256,14.160723127225854,14.251669883728027,21521600
2014-04-23,14.251671606084543,14.413354319981627,14.234828612706522,14.258408546447754,34032200
2014-04-24,14.268507206258107,14.393137337274098,14.191034352656844,14.356084823608398,22518600
2014-04-25,14.349351363570108,14.521140098571777,14.349351363570108,14.521140098571777,32912600
2014-04-28,14.500923592998035,14.61544894309468,14.470608021356593,14.591870307922363,37239600
2014-04-29,14.575033737942613,14.63903272951067,14.48745481796559,14.531244277954102,34932800
2014-04-30,14.521139512493125,14.652506607521936,14.521139512493125,14.55482292175293,43656400
2014-05-01,14.554819707838654,14.659240309389984,14.45713604363961,14.615450859069824,37807800
2014-05-02,14.514402347800463,14.537980990903366,14.251668161831143,14.315667152404785,55864200
2014-05-05,14.302194258517778,14.453772178131885,14.295457319319398,14.4436674118042,29828400
2014-05-06,14.416718076911014,14.46724447289819,14.362823854163182,14.372928619384766,21089400
2014-05-07,14.403244286808803,14.615453352318626,14.389771694745354,14.605348587036133,27319800
2014-05-08,14.601980578235365,14.612086629220826,14.416719252738508,14.44703483581543,30322200
2014-05-09,14.430193469013531,14.47735075825198,14.228090433723105,14.23482608795166,24348200
2014-05-12,14.265143012304051,14.28198600427754,14.086618604856044,14.103460311889648,27231400
2014-05-13,14.13377306970015,14.20450899604767,14.076511020258716,14.137142181396484,17256600
2014-05-14,14.164089606037477,14.298825814310868,14.120300145607668,14.207879066467285,40224000
2014-05-15,14.21124685721312,14.281984073093115,14.137143099297456,14.150615692138672,23125000
2014-05-16,14.16409092396411,14.2078803884684,14.100091925796175,14.194406509399414,20182000
2014-05-19,14.157355156240474,14.180933804092898,13.965356860905045,13.975462913513184,26918000
2014-05-20,13.975462913513182,14.063040564830771,13.887883977255656,13.975462913513184,21571800
2014-05-21,14.015876945115659,14.022613882168043,13.938404096422277,13.98556137084961,13807800
2014-05-22,13.99229779316401,14.140506548046199,13.98556085635946,14.100086212158203,10420000
2014-05-23,14.066404342651367,14.143878488935679,14.063036516044885,14.066404342651367,17818400
2014-05-27,14.194404417507327,14.26514034478509,14.157351897998126,14.177562713623047,18907200
2014-05-28,14.17756424962598,14.275247941653397,14.160722543917064,14.261774063110352,25056000
2014-05-29,14.258408318434899,14.30556561528327,14.197777141075576,14.302196502685547,19632600
2014-05-30,14.258403249393945,14.403242916104492,14.258403249393945,14.396507263183594,16557200
2014-06-02,14.356090172723748,14.42682740014215,14.329143697706195,14.393142700195312,14490200
2014-06-03,14.366194137570128,14.473982591857016,14.352720259549335,14.44703483581543,16007200
2014-06-04,14.423456375174032,14.450404131558317,14.359457381170973,14.440298080444336,14061400
2014-06-05,14.426822867142356,14.58513640985966,14.41671681786373,14.56155776977539,16829000
2014-06-06,14.575032042288942,14.642400137909142,14.500927008612766,14.511033058166504,16174200
2014-06-09,14.484080280877249,14.534606656297811,14.38976575069391,14.413344383239746,16995200
2014-06-10,14.379663467407227,14.457136321035918,14.34934789120996,14.379663467407227,17844400
2014-06-11,14.362825399851396,14.362825399851396,14.191037947899018,14.197774887084961,20601600
2014-06-12,14.164088074323784,14.285350391668509,14.022616227381322,14.241560935974121,33293800
2014-06-13,14.228086861268173,14.356084818508558,14.164086597708542,14.33250617980957,16833000
2014-06-16,14.345981242019445,14.548084243290706,14.319033489882186,14.430191040039062,39471400
2014-06-17,14.399880773987652,14.43693330437662,14.325775713209715,14.409985542297363,22852600
2014-06-18,14.403239275760967,14.73671054840088,14.396503624542468,14.736710548400879,71718800
2014-06-19,14.740083371802282,14.878187397512605,14.729978606609212,14.857977867126465,44431200
2014-06-20,14.876323593882375,14.896705943227499,14.754024314101223,14.767613410949707,19201600
2014-06-23,14.80837635745951,14.82196545151086,14.648707742174494,14.716651916503906,18760400
2014-06-24,14.730244613988297,14.808379980006665,14.713258890232593,14.760819435119629,18392200
2014-06-25,14.730241345896852,14.835553587373957,14.72005017309,14.815171241760254,24282200
2014-06-26,14.815171988418612,14.872923698471174,14.76761145168652,14.859335899353027,25894200
2014-06-27,14.84574864832078,14.954458830333605,14.798188105681119,14.917089462280273,15382200
2014-06-30,14.930679402883358,15.069964412455036,14.883118857555614,15.035991668701172,25319200
2014-07-01,15.019007041540853,15.042787315941263,14.883119944385331,14.886516571044922,19635000
2014-07-02,14.845746769762947,14.852541317269926,14.546793159093012,14.59775161743164,34737600
2014-07-03,14.4720570036734,14.567179389743936,14.373539287137273,14.438085556030273,24402600
2014-07-07,14.431291341046204,14.567179726616503,14.427894714574405,14.506030082702637,24500800
2014-07-08,14.519617592896918,14.624929849067946,14.506028496640155,14.604547500610352,26636400
2014-07-09,14.60454998766825,14.635124811488877,14.495838495028865,14.563782691955566,20881000
2014-07-10,14.536605147141364,14.675890161506842,14.523016049172119,14.662301063537598,20881200
2014-07-11,14.652110386677803,14.682685210185296,14.52981109264783,14.55019474029541,18266000
2014-07-14,14.594358656313357,14.628331405395535,14.376938245898897,14.383732795715332,16613600
2014-07-15,14.380329280925379,14.495832684697712,14.380329280925379,14.458464622497559,17890800
2014-07-16,14.506030082702637,14.523015806917002,14.387127421346703,14.506030082702637,14987400
2014-07-17,14.563782113344814,14.563782113344814,14.366745375606078,14.373539924621582,16122800
2014-07-18,14.390519481877567,14.529804437182996,14.332766487960741,14.519613265991211,10431800
2014-07-21,14.50263216030315,14.550194002402137,14.424496792174919,14.506030082702637,11157000
2014-07-22,14.533202218330658,14.563777030265282,14.47545051574707,14.47545051574707,9367400
2014-07-23,14.475454139089218,14.516220133230405,14.451673867846225,14.489043235778809,14994200
2014-07-24,14.461866120649251,14.55698721271327,14.438085847633246,14.533206939697266,12080600
2014-07-25,14.533203572021547,14.567176308406212,14.397316514265045,14.417698860168457,11894800
2014-07-28,14.383730309470579,14.648711226869956,14.359950037187438,14.618136405944824,17213200
2014-07-29,14.652111017220395,14.71326066686691,14.46186751877259,14.482251167297363,16371200
2014-07-30,14.441485050494663,14.516223805265806,14.173107450587946,14.237653732299805,29498200
2014-07-31,14.149326628979797,14.241049811489189,14.003247048053185,14.01343822479248,30104400
2014-08-01,13.969267238292732,14.176496366767129,13.935295802380658,14.06778621673584,31075400
2014-08-04,14.064389804211196,14.084772147695798,13.755245067398173,13.993047714233398,60365000
2014-08-05,13.996453246860524,14.003247797026088,13.762045801896361,13.823195457458496,29531800
2014-08-06,13.768832251563147,13.78242134389952,13.612561577476379,13.646533012390137,99782400
2014-08-07,13.7076854380228,13.857162892467496,13.7076854380228,13.802807807922363,25176400
2014-08-08,13.857167768183524,14.084779359825257,13.853769845244692,14.077984809875488,40020200
2014-08-11,14.101758832526254,14.139128192712516,14.006637767272007,14.027021408081055,17141200
2014-08-12,14.023624037865037,14.08477366676842,13.989652597775322,14.016829490661621,13760200
2014-08-13,14.033813643602247,14.111948976610135,13.989649743753576,14.081374168395996,13586600
2014-08-14,14.060998989658247,14.21387312269386,14.060998989658247,14.203681945800781,12037400
2014-08-15,14.213872688397272,14.342966540786056,14.17990123583973,14.258036613464355,19427800
2014-08-18,14.271617363306943,14.332766984430123,14.196879945433103,14.220660209655762,16381600
2014-08-19,14.237647722013897,14.404110888480279,14.230853174818598,14.400712966918945,15437400
2014-08-20,14.393923159957504,14.444881632740296,14.34296598310251,14.431292533874512,11174000
2014-08-21,14.431289672596186,14.546794398198742,14.42109849843134,14.465262413024902,17098200
2014-08-22,14.523011458784241,14.523011458784241,14.33956258196652,14.421095848083496,13779800
2014-08-25,14.4516691008826,14.556981325670145,14.441476633763655,14.519613265991211,13757200
2014-08-26,14.526411200666855,14.567178490435015,14.346360206604004,14.346360206604004,13068800
2014-08-27,14.397315139821362,14.506025294019473,14.3599457813294,14.5026273727417,10484400
2014-08-28,14.48224669391933,14.607942581176758,14.441479409462264,14.607942581176758,20624400
2014-08-29,14.597753611268683,14.709860420627397,14.584164514398656,14.703065872192383,11713000
2014-09-02,14.682679977631501,14.72684258790447,14.482245382940835,14.570571899414062,25563400
2014-09-03,14.573970534583848,14.69626849509197,14.573970534583848,14.641913414001465,16934000
2014-09-04,14.594351206408723,14.67588446665821,14.556981849458008,14.63511848449707,18473400
2014-09-05,14.6860777962376,14.825362777021763,14.645311808086172,14.818568229675293,18108400
2014-09-08,14.83215643406313,14.83215643406313,14.662296648379435,14.730240821838379,13576800
2014-09-09,14.689481469665107,14.692878096704622,14.536607334328842,14.56038761138916,26829000
2014-09-10,14.529804219572068,14.57736474565764,14.448270963477416,14.495831489562988,21080800
2014-09-11,14.509426219528278,14.641916678227966,14.472056849961158,14.618136405944824,18721000
2014-09-12,14.536603457696646,14.556985806353966,14.322579725301884,14.356551170349121,34885000
2014-09-15,14.417698686943506,14.482246237335152,14.356549058113192,14.400712966918945,21656400
2014-09-16,14.404117387970027,14.621537812615498,14.387130364353137,14.584168434143066,24455600
2014-09-17,14.614739824447216,14.658903742791887,14.482249365340852,14.556986808776855,31086800
2014-09-18,14.570571976380146,14.607941335983355,14.400712193403594,14.45167064666748,24995200
2014-09-19,14.51337167788004,14.595639829754168,14.472238255746934,14.581928253173828,19314800
2014-09-22,14.544224274537054,14.561363094054705,14.44139004982303,14.472240447998047,24621400
2014-09-23,14.47224321857842,14.489382041377146,14.389975038492832,14.431108474731445,19615800
2014-09-24,14.434532308871162,14.455098366468464,14.331698098060853,14.379687309265137,16693600
2014-09-25,14.386547064771516,14.431107740258609,14.290567308288505,14.29399585723877,19290400
2014-09-26,14.280282297421397,14.372833492126642,14.191159651191228,14.314559936523438,13619400
2014-09-29,14.283710520159008,14.417396460106087,14.239149847784853,14.407112121582031,11150000
2014-09-30,14.424251820889038,14.581931059080404,14.379689842232116,14.427679061889648,23220800
2014-10-01,14.489377550223097,14.647056763270209,14.437959790156102,14.509944915771484,35271400
2014-10-02,14.499664822140408,14.599071823301209,14.465387177137261,14.489381790161133,26489400
2014-10-03,14.489377072668402,14.605922858385465,14.400253132504105,14.581928253173828,18352400
2014-10-06,14.599067070095296,14.664195097440041,14.516798918221168,14.581928253173828,11044200
2014-10-07,14.585358784514877,14.72247196604029,14.527086532311912,14.56136417388916,24451600
2014-10-08,14.58535694045406,14.907572484017853,14.56136233286204,14.890432357788086,35153000
2014-10-09,14.904144702311484,14.969272739467058,14.636775456758151,14.647058486938477,31548200
2014-10-10,14.68134143886125,14.856159537660538,14.68134143886125,14.715619087219238,36548800
2014-10-13,14.74646340640892,14.904142615938856,14.695045647488845,14.70190143585205,34227000
2014-10-14,14.749893048120512,15.010407817903308,14.701903829373192,14.835588455200195,44017000
2014-10-15,14.794453547453454,14.941849737509173,14.362549314281637,14.640201568603516,45711400
2014-10-16,14.496238991759931,14.684768672845559,14.376264607353828,14.653918266296387,41751200
2014-10-17,14.71904330264603,14.767033831131792,14.527086419135781,14.73961067199707,31231400
2014-10-20,14.784167921288866,14.955558688216279,14.725894380577499,14.945274353027344,20948600
2014-10-21,14.979560509760383,15.020693947515351,14.897292326642035,14.996699333190918,20176000
2014-10-22,14.979558631892008,15.205794472595558,14.976130083070665,15.089248657226562,27897200
2014-10-23,15.130380279600278,15.212648442562614,15.061823695066348,15.116668701171875,18925000
2014-10-24,15.140663199079823,15.308626764581295,15.123524379973487,15.26406478881836,21233000
2014-10-27,15.260639180948068,15.336051562214859,15.192082589579009,15.229788780212402,16625600
2014-10-28,15.2469241851264,15.342902606974485,15.154373003655206,15.336048126220703,21548200
2014-10-29,15.34633617102601,15.401181188238272,15.09267714916407,15.246929168701172,30615400
2014-10-30,15.264068150120703,15.593139564424357,15.25721235944684,15.582855224609375,67734800
2014-10-31,15.620559417796628,15.641126787182591,15.459451626627079,15.586281776428223,32197800
2014-11-03,15.603415373579317,15.73709996081418,15.586276558632651,15.68911075592041,26257000
2014-11-04,15.695970763243045,15.774810379279753,15.531435741826247,15.606846809387207,30372400
2014-11-05,15.59656425319069,15.977052073859461,15.59656425319069,15.95991325378418,43090200
2014-11-06,15.939341115443474,15.939341115443474,15.596559586079097,15.68911075592041,74182200
2014-11-07,15.73024471434859,15.857073518445453,15.675399720068231,15.853646278381348,23574000
2014-11-10,15.833081464699658,15.949627259763215,15.778236461587868,15.932488441467285,18869800
2014-11-11,15.929063953323633,15.95991435463033,15.815945379329662,15.874218940734863,11126000
2014-11-12,15.89478394732314,15.89478394732314,15.52458046384333,15.596564292907715,36118800
2014-11-13,15.617126535534199,15.682254553652115,15.42516841342831,15.469730377197266,30232600
2014-11-14,15.432027112579874,15.480016325259385,15.370326322675366,15.404603958129883,15695600
2014-11-17,15.421745727548382,15.634269966760732,15.380610991488098,15.606846809387207,17124800
2014-11-18,15.644555266180758,15.730250683990782,15.555432607005985,15.651411056518555,13373400
2014-11-19,15.610274418059817,15.68225824041942,15.53486204743088,15.637696266174316,24266800
2014-11-20,15.589706772603552,15.678830719500677,15.538290317954914,15.603418350219727,16630200
2014-11-21,15.67197686814685,15.743960698118778,15.524580659571086,15.665121078491211,29753400
2014-11-24,15.685684993598759,15.709680907914247,15.517722746646307,15.53486156463623,23462600
2014-11-25,15.5417173533538,15.562284719506506,15.438883137806258,15.53486156463623,26221200
2014-11-26,15.528005980938778,15.651407564268327,15.528005980938778,15.603418350219727,13653000
2014-11-28,15.617134215020284,15.839941528211689,15.617134215020284,15.76795768737793,15589200
2014-12-01,15.737105389312884,15.929063582711516,15.641126946417675,15.798806190490723,38350600
2014-12-02,15.771374896125408,15.953049964822128,15.702819648051593,15.905060768127441,26666200
2014-12-03,15.915353936738741,15.922209727436854,15.767957705750232,15.860508918762207,16355000
2014-12-04,15.853652779988508,15.929065168403664,15.774813150103729,15.846796989440918,27733200
2014-12-05,15.685688202065565,15.791950987511665,15.644554768954409,15.723394393920898,34148800
2014-12-08,15.723391501437064,15.91192111842346,15.719964260811722,15.850221633911133,24212000
2014-12-09,15.757672970888159,15.96676998795835,15.757672970888159,15.92906379699707,21023200
2014-12-10,15.92221242249247,16.03875826887066,15.723398381420257,15.730254173278809,18828800
2014-12-11,15.6822623783021,16.011332488151936,15.562289309380299,15.887930870056152,19433600
2014-12-12,15.850224901317393,15.977053752328265,15.737106323242188,15.737106323242188,21926200
2014-12-15,15.774809147597876,15.833081391054602,15.521150192130689,15.603418350219727,22074200
2014-12-16,15.579423391722298,15.836509581989636,15.469733388483538,15.589706420898438,29683400
2014-12-17,15.641126198107582,15.905068211049983,15.610275798994623,15.867362022399902,37394800
2014-12-18,15.939341525880497,16.186144651812498,15.874213504363018,16.179288864135742,29327400
2014-12-19,16.24050243214051,16.313127873124664,16.119460030500246,16.20591926574707,35964000
2014-12-22,16.250882281012476,16.261256969531612,16.10908915444231,16.24742317199707,22601400
2014-12-23,16.154035686264155,16.375371014506644,16.154035686264155,16.288911819458008,19162200
2014-12-24,16.25434320409751,16.631305684367344,16.25434320409751,16.589805603027344,28824800
2014-12-26,16.58288829380398,16.86301548501762,16.58288829380398,16.790390014648438,39708200
2014-12-29,16.800763272081753,17.060141040281145,16.790387264254562,16.98405647277832,49041800
2014-12-30,16.97022199170157,16.973681100592504,16.607093394700293,16.631301879882812,26030800
2014-12-31,16.672799294636388,16.70046688430054,16.309670755505795,16.330421447753906,30313000
2015-01-02,16.486051763680422,16.486051763680422,16.223216182594353,16.406509399414062,33829400
2015-01-05,16.461837863290263,16.461837863290263,16.133293824762912,16.20591926574707,47823600
2015-01-06,16.21284126698421,16.503344441639907,16.205924367675305,16.216299057006836,38787400
2015-01-07,16.31658791230195,16.444547218374556,16.185169497834693,16.37537956237793,28644600
2015-01-08,16.472217994991183,16.55176035303243,16.430716601806875,16.48950958251953,28055400
2015-01-09,16.492973751383076,16.534475160619074,16.29930578533804,16.385765075683594,17845400
2015-01-12,16.40304924581388,16.45838311382014,16.240505431367716,16.347715377807617,21750000
2015-01-13,16.434175473100595,16.648594057729724,16.309673933876088,16.392675399780273,31959000
2015-01-14,16.392667013783417,16.558668541406842,16.285457116682448,16.534460067749023,30926000
2015-01-15,16.562133185140787,16.710843195889126,16.51371621778336,16.665884017944336,29080400
2015-01-16,16.66242457637734,16.821509258853048,16.614007613820675,16.814592361450195,25977400
2015-01-20,16.86300803061207,16.914884097522904,16.693548674661287,16.85609245300293,22477600
2015-01-21,16.83880132367058,17.042845185460976,16.697008221020532,17.01863670349121,27644400
2015-01-22,17.063597126228213,17.112014093708776,16.824970078246835,16.946012496948242,35062200
2015-01-23,17.001351256786933,17.07743583859542,16.939100475173404,16.994434356689453,14190600
2015-01-26,16.980597363748075,16.997890270372206,16.828429548005975,16.98405647277832,16258200
2015-01-27,16.942557883542463,17.09818350268511,16.90797338652791,17.00826644897461,17492000
2015-01-28,17.018643084744266,17.215770122848344,16.81805825617512,16.86301612854004,27390600
2015-01-29,16.821508288991424,17.118928263849508,16.766174432222236,17.08780288696289,24089600
2015-01-30,17.06705378625783,17.06705378625783,16.690091439622663,16.71084213256836,29831800
2015-02-02,16.707390703933157,16.845724751778693,16.534472154678365,16.78347396850586,44798600
2015-02-03,16.7523422441777,16.90451135432807,16.676259008365854,16.845718383789062,32319000
2015-02-04,16.79730286181306,16.876845212920664,16.60017587879346,16.64167594909668,27718000
2015-02-05,16.69009776031133,16.828433127144816,16.59326379508619,16.79384994506836,26330600
2015-02-06,16.68662906043829,16.72121221990499,16.001872212746367,16.10216522216797,64368400
2015-02-09,16.06758343602377,16.181710256062473,15.884290285460853,15.96037483215332,39484400
2015-02-10,15.946534145852477,16.313120288530616,15.92578346410626,16.288911819458008,41782200
2015-02-11,16.22321267801947,16.22321267801947,15.898126391774523,15.936168670654297,39086200
2015-02-12,15.967296270919041,15.98113006980714,15.808211541496922,15.863545417785645,41164000
2015-02-13,15.828962030043558,15.853170518145053,15.496958776711349,15.621459007263184,65308600
2015-02-17,15.573034804869476,15.770161727518731,15.469284001253506,15.607619285583496,52747400
2015-02-18,15.597247292116753,15.998418136707496,15.569581019695004,15.977668762207031,64208000
2015-02-19,15.943085304318663,15.988044484084735,15.742500528674627,15.797834396362305,28572800
2015-02-20,15.85316180069842,15.85316180069842,15.597241942442043,15.801285743713379,27740200
2015-02-23,15.828960224153295,15.918877266948467,15.784001043123958,15.908502578735352,17977000
2015-02-24,15.929249076713187,16.112542222915078,15.860081428571462,16.02608299255371,28665000
2015-02-25,16.012251113388576,16.02608490852343,15.745956493727611,15.763249397277832,23783800
2015-02-26,15.83933456935539,15.83933456935539,15.624915995592199,15.659499168395996,28517800
2015-02-27,15.656044760202906,15.697544840383317,15.569585490256523,15.642210960388184,24968800
2015-03-02,15.63182784951389,15.63182784951389,15.234114894297374,15.341324806213379,55060000
2015-03-03,15.330950161417887,15.451992546748082,15.237574041621855,15.434700965881348,37113600
2015-03-04,15.400120376436295,15.400120376436295,15.296369545755395,15.348245620727539,24124000
2015-03-05,15.3862877363568,15.538455531788081,15.3862877363568,15.469287872314453,23115800
2015-03-06,15.220281702730036,15.258323973597468,14.947071548729854,15.005863189697266,53594000
2015-03-09,15.043908737297505,15.109617289031341,15.002408668795262,15.033534049987793,26060200
2015-03-10,14.992029396788544,15.185698539721335,14.964363130234204,15.005863189697266,27244000
2015-03-11,14.953995825864347,15.09232986543827,14.874452137011241,14.909036636352539,19976400
2015-03-12,15.00932896471469,15.254872961231417,14.988578266134127,15.192622184753418,34158000
2015-03-13,15.17187117392058,15.17187117392058,14.898660904183066,15.036994934082031,27968200
2015-03-16,15.14766332245088,15.407041123586215,15.123454833219345,15.29637336730957,25615800
2015-03-17,15.254871803240587,15.362080439609443,15.220287308231608,15.272163391113281,18376800
2015-03-18,15.268711325065713,15.780550169700634,15.223752124331863,15.683714866638184,47453000
2015-03-19,15.597248575080869,15.78745998540369,15.496956845131145,15.538456916809082,26323000
2015-03-20,15.664282800934187,15.723538680548621,15.514401924419023,15.67822551727295,27758400
2015-03-23,15.667769810406446,15.761881155214995,15.632913018078833,15.688682556152344,20520400
2015-03-24,15.681713295264991,15.761881927068323,15.476062864238797,15.514403343200684,21258600
2015-03-25,15.549258600373344,15.618970851901445,15.319209101086038,15.333151817321777,28315800
2015-03-26,15.294809903728426,15.395891271592188,15.158871745523198,15.204183578491211,25400200
2015-03-27,15.232071300059962,15.385437211660667,15.186758130631038,15.294812202453613,13556800
2015-03-30,15.378464508263944,15.542288109043778,15.291324521406702,15.4830322265625,16955000
2015-03-31,15.43772162972527,15.629429350266891,15.371494383422155,15.486519813537598,20419400
2015-04-01,15.441207594833639,15.542290313038368,15.256471221987722,15.500463485717773,34579400
2015-04-02,15.476060013737815,15.598055446261789,15.458630955105397,15.528343200683594,22537200
2015-04-06,15.594576698014192,15.838567661094388,15.577147632379013,15.74445629119873,24990200
2015-04-07,15.740975570343918,15.747946932569723,15.552752779201318,15.563210487365723,13840000
2015-04-08,15.563203144765104,15.58411589192466,15.437721343204728,15.517889976501465,17916000
2015-04-09,15.510917569756552,15.517888928222387,15.357551672460167,15.45166301727295,22818200
2015-04-10,15.50743682980413,15.629432312456306,15.437724555581013,15.566691398620605,18541400
2015-04-13,15.535314062665805,15.566684505692825,15.399375919432208,15.413318634033203,16952800
2015-04-14,15.451666913758187,15.542291937365855,15.406353737128851,15.490007400512695,22051200
2015-04-15,15.531829544270272,15.664281348253304,15.507430457765478,15.528343200683594,19362200
2015-04-16,15.476065641315746,15.493493376634937,15.298299283967456,15.427266120910645,27135800
2015-04-17,15.361040778577163,15.496978980744053,15.319213946291432,15.37149715423584,17001000
2015-04-20,15.434238576894991,15.723544056409757,15.423782200891203,15.601547241210938,18538800
2015-04-21,15.601543242522487,15.720053682245009,15.406350515674141,15.462120056152344,23398200
2015-04-22,15.507432936390478,15.535317041288309,15.39589252784705,15.493490219116211,17496600
2015-04-23,15.441202952718536,15.657309713499073,15.441202952718536,15.58062744140625,18436400
2015-04-24,15.580632662028055,15.845537683716204,15.542290848309172,15.7374849319458,29082400
2015-04-27,15.77931546822624,15.803714568207285,15.500467661549141,15.54926586151123,21013200
2015-04-28,15.483033646072508,15.664284994911077,15.427264102556858,15.660799980163574,19495600
2015-04-29,15.545775411554578,15.646858130302858,15.46560677140449,15.594574928283691,26662000
2015-04-30,15.559713148392326,15.563199491867799,15.294808219225628,15.413318634033203,35176400
2015-05-01,15.378466689027315,15.507434845213018,15.31572578322099,15.500463485717773,25014800
2015-05-04,15.503948009604315,15.733997547057832,15.479548916969156,15.615487098693848,26646200
2015-05-05,15.591084729476483,15.591084729476483,15.225097087213292,15.266923904418945,37242400
2015-05-06,15.263443869261156,15.336641155660573,15.033394305112287,15.18327522277832,33952200
2015-05-07,15.235555937807336,15.343610006956245,15.197214128443182,15.239042282104492,25374000
2015-05-08,15.434235484476915,15.51789046469923,15.284354586747916,15.347095489501953,28766400
2015-05-11,15.343611636344937,15.472578466369153,15.228586196037547,15.242528915405273,25278600
2015-05-12,15.162359612504313,15.242528250897383,15.071734599866751,15.22510051727295,27070400
2015-05-13,15.27738941356747,15.326187613521126,15.022939377264159,15.075223922729492,27959200
2015-05-14,15.15190389838868,15.291327103109298,15.137961179021348,15.249500274658203,24485400
2015-05-15,15.291324145554338,15.479546831655734,15.26692505620608,15.448176383972168,35583400
2015-05-18,15.371500055863505,15.535323730246024,15.371500055863505,15.507439613342285,20487200
2015-05-19,15.437729582720658,15.580639193072143,15.385445027614628,15.54229736328125,25816000
2015-05-20,15.54229230209017,15.678230505517178,15.50743682980413,15.566691398620605,18137400
2015-05-21,15.605035129966893,15.622462868247519,15.486524648146963,15.559721946716309,16125200
2015-05-22,15.503946019402491,15.580629631926927,15.437720109272714,15.535316467285156,17847800
2015-05-26,15.510925233743869,15.528352973694215,15.336645174937757,15.437727928161621,21127800
2015-05-27,15.451665298901936,15.528347594047881,15.420294845998775,15.500463485717773,15275600
2015-05-28,15.493489646658489,15.573658273547373,15.437720109272714,15.535316467285156,19973800
2015-05-29,15.503946305066215,15.580629919003563,15.451663110732216,15.510917663574219,18321000
2015-06-01,15.552744487209345,15.625943086728565,15.48303223176997,15.531831741333008,17678200
2015-06-02,15.448175900996036,15.462118617230743,15.218126401725765,15.326180458068848,24302600
2015-06-03,15.266924657445713,15.3296655511741,15.015962412182772,15.099616050720215,46725000
2015-06-04,15.117043777970453,15.183271015586268,15.05081787000525,15.078701972961426,26601800
2015-06-05,14.883512496535053,14.95322476354535,14.831227963864606,14.890483856201172,31837600
2015-06-08,14.904427083732548,14.904427083732548,14.792887974622658,14.803345680236816,15835400
2015-06-09,14.778942772192345,14.859111403088889,14.768485069274902,14.768485069274902,20536800
2015-06-10,14.900937941337519,14.95322246597442,14.838197043633517,14.841683387756348,22182000
2015-06-11,14.963679024524934,14.991563129599744,14.897453111527886,14.960192680358887,17953800
2015-06-12,14.89745292554327,14.94625110605301,14.824254325127967,14.827740669250488,17258600
2015-06-15,14.785916614096907,14.8730566261922,14.74060476515612,14.803345680236816,20152200
2015-06-16,14.77545339317757,14.87304973602295,14.712712507162554,14.87304973602295,16073600
2015-06-17,14.880025658828911,15.022935203121826,14.834713816976885,14.998536109924316,36583800
2015-06-18,15.015963170379463,15.235554979865995,15.015963170379463,15.197213172912598,41434000
2015-06-19,15.226409945789289,15.236961428852059,15.043509969479336,15.050544738769531,26751000
2015-06-22,15.075165254125565,15.110337757650257,14.99426742262277,15.029439926147461,20547600
2015-06-23,14.973164639383507,15.00482043247556,14.804334190140935,14.825438499450684,32553800
2015-06-24,14.843024740425754,14.874680533490983,14.702332028636924,14.709366798400879,24459800
2015-06-25,14.719920258057389,14.75509411159862,14.607366610216088,14.610884666442871,23374600
2015-06-26,14.579225997098572,14.723435413845834,14.529983953586589,14.698814392089844,17541400
2015-06-29,14.674186657245686,14.864119975081254,14.61087510405235,14.621426582336426,32343000
2015-06-30,14.691783445991998,14.705852988298165,14.551090706421128,14.582746505737305,22217400
2015-07-01,14.600326079104269,14.674190471525783,14.56163686809131,14.670672416687012,22503600
2015-07-02,14.769159259238036,14.899299124261104,14.737503471341082,14.8535737991333,19150800
2015-07-06,14.832476647268054,14.952065087920188,14.7797178698232,14.913375854492188,27996400
2015-07-07,14.962612555107443,15.342480715221711,14.962612555107443,15.282687187194824,52236600
2015-07-08,15.229932370295096,15.324899778704884,15.17365553661658,15.201794624328613,30993600
2015-07-09,15.247508580553195,15.28268241701234,14.983710844960617,15.032954216003418,31152000
2015-07-10,15.039990010935766,15.222889964103192,14.99074797388009,15.11385440826416,24810200
2015-07-13,15.15606312097733,15.219374700865444,15.029439961201108,15.120890617370605,17169400
2015-07-14,15.103308241672048,15.205310415813996,15.054066182912617,15.099791526794434,13642400
2015-07-15,15.082198575123133,15.177165935615898,15.01888700146129,15.1736478805542,19801600
2015-07-16,15.173650672024442,15.423378957552197,15.152547704751468,15.398757934570312,25185400
2015-07-17,15.398757001821718,15.419861309561462,15.240479389881271,15.247512817382812,20984600
2015-07-20,15.184203697075274,15.254550059198303,15.092754365537017,15.170135498046875,19625000
2015-07-21,15.141989754665097,15.177163591124241,14.969642652121626,15.032954216003418,20569600
2015-07-22,15.057584239535702,15.177172671556665,15.018893667154586,15.099791526794434,16504400
2015-07-23,15.085717277633217,15.096268760719878,14.800816500332958,14.874679565429688,27894600
2015-07-24,14.881713400081011,14.941506922810124,14.835988073335534,14.888748168945312,17178200
2015-07-27,14.88875137358636,15.145514454546465,14.846542751315603,15.07868480682373,23905600
2015-07-28,15.078679579401303,15.163095452932566,15.022402777628725,15.149025917053223,17485200
2015-07-29,15.149024488325015,15.219370819342462,15.036470895394965,15.205301284790039,27001600
2015-07-30,15.19123742851999,15.367102650927356,15.127925841113726,15.31786060333252,22630800
2015-07-31,15.458549520346612,15.595724145446257,15.440963270775217,15.47261905670166,24108400
2015-08-03,15.493719631171503,15.641447056638043,15.476133384310984,15.55351448059082,26394600
2015-08-04,15.514828184187923,15.535931149505823,15.2721333490721,15.303789138793945,24067200
2015-08-05,15.363582102912542,15.45151469217292,15.296753818102795,15.342477798461914,22313200
2015-08-06,15.38117071707739,15.437447529186091,15.205305511519573,15.423377990722656,34290200
2015-08-07,15.409309780689071,15.68014235802349,15.328411947211784,15.613312721252441,42326600
2015-08-10,15.616829823426373,15.690692883169136,15.5183444020244,15.550000190734863,24179000
2015-08-11,15.609795073628616,15.746969710959261,15.511309652106778,15.627381324768066,30244600
2015-08-12,15.60979412516976,15.933385420057924,15.574620283283085,15.905247688293457,46919600
2015-08-13,15.841936550366913,15.954490164010256,15.722348168152749,15.908764839172363,21557800
2015-08-14,15.845454670926404,16.038906127696187,15.810282166693728,16.02835464477539,20668600
2015-08-17,16.081114757474353,16.176082129082868,16.0002169242697,16.105735778808594,18319400
2015-08-18,16.052975673394506,16.095182946841938,16.000216917021476,16.067045211791992,23482600
2015-08-19,16.028356029628565,16.183116940066757,15.943941475478693,16.133874893188477,18491200
2015-08-20,16.06704326344621,16.228838910162317,15.98262738504288,16.038904190063477,25552000
2015-08-21,15.986148836668988,16.056495193327457,15.834904639464083,15.84545612335205,37494800
2015-08-24,15.532412070169919,15.676621458773095,15.177165010060316,15.251028060913086,70201000
2015-08-25,15.440967706793474,15.539451806082537,14.769162582903325,14.783230781555176,57265400
2015-08-26,14.88523190972398,15.082201436456282,14.762126794107,15.047027587890625,43739800
2015-08-27,15.1314424907706,15.229926576808124,15.015370810730628,15.222891807556152,34091000
2015-08-28,15.20179082452573,15.2475148180104,14.96964877590932,15.177169799804688,19361400
2015-08-31,15.156065509599813,15.156065509599813,14.81136982129823,14.93447494506836,24156800
2015-09-01,14.772677986648837,14.80081706494677,14.449086636693226,14.529984474182129,38812400
2015-09-02,14.631985247602884,14.677710578867453,14.417430813889355,14.540535926818848,18243400
2015-09-03,14.508877719567845,14.68122619072561,14.508877719567845,14.607361793518066,17170400
2015-09-04,14.491293407910124,14.522949199020715,14.350600704808596,14.406877517700195,26859200
2015-09-08,14.540535455025548,14.712883949279785,14.526465916362945,14.712883949279785,22413800
2015-09-09,14.748056964010697,14.790264239712494,14.501845395884196,14.529984474182129,23085000
2015-09-10,14.522949717434656,14.649572886396985,14.463154846871289,14.505363464355469,13532800
2015-09-11,14.487779569694338,14.621437542373464,14.420951254227496,14.614402770996094,14955800
2015-09-14,14.66715671526039,14.748054539449797,14.617914678079437,14.64957046508789,16745200
2015-09-15,14.667157124841564,14.762124488518891,14.575706474598988,14.726950645446777,13158200
2015-09-16,14.769160709327924,14.92040355330192,14.719917324185053,14.874679565429688,17239600
2015-09-17,14.832473210558685,15.27213629612296,14.832473210558685,15.07868480682373,45446200
2015-09-18,15.015126626724285,15.167798863469823,14.958318447080398,14.993823051452637,28717400
2015-09-21,14.983177186639056,15.132298202506384,14.983177186639056,15.054187774658203,17541800
2015-09-22,14.986720577213664,15.05062994314575,14.82339724401554,14.866003036499023,21944400
2015-09-23,14.869560919381884,14.940571508030489,14.81630263929185,14.905065536499023,10533000
2015-09-24,14.901507509035836,15.054179717520402,14.851800530350367,15.025774955749512,22652000
2015-09-25,15.054182295442496,15.32047088778348,14.983171733268803,15.171348571777344,19010000
2015-09-28,15.171353680647654,15.263667848883891,15.068388398543494,15.096793174743652,19014000
2015-09-29,15.125187654755477,15.189097009009346,15.0399760853593,15.100334167480469,17362800
2015-09-30,15.13229303715546,15.387930524997778,15.128743118452695,15.37017822265625,19276000
2015-10-01,15.405684763792253,15.4269883419282,15.07548675196221,15.189103126525879,31292000
2015-10-02,15.302717579727863,15.391480445861815,15.164247725265113,15.391480445861816,26396800
2015-10-05,15.434092657085712,15.615168367425301,15.377284458311104,15.590314865112305,24022400
2015-10-06,15.558355651306092,15.604512722663292,15.38793110446478,15.483795166015625,23043800
2015-10-07,15.501548749811368,15.53350343963518,15.405684680339938,15.430538177490234,19056800
2015-10-08,15.419890336754674,15.647123132854672,15.373733251792395,15.622269630432129,21060800
2015-10-09,15.618714305793029,15.632915334824379,15.497996755336654,15.547703742980957,26190200
2015-10-12,15.604516510199232,15.778491018104171,15.551258233828365,15.686178207397461,14986000
2015-10-13,15.671975138688845,15.739435799748737,15.618718219046698,15.650672912597656,19146800
2015-10-14,15.721685761468798,15.76429293229731,15.625821658726368,15.647125244140625,15691000
2015-10-15,15.707482206577025,15.906310220899169,15.632920346791954,15.877906799316406,16568200
2015-10-16,15.892104968779563,15.998621505157443,15.849499166876827,15.899206161499023,18817400
2015-10-19,15.885007110552806,15.916961804566542,15.750087140893228,15.909860610961914,20432400
2015-10-20,15.860155165970912,16.030581134925757,15.849504050816648,15.963120460510254,19526200
2015-10-21,16.009272692688032,16.09448565131024,15.92050981489633,15.931160926818848,16822000
2015-10-22,15.998617427433526,16.161940755111228,15.94180925457112,16.11578369140625,26220000
2015-10-23,16.10159530889743,16.108696505980976,15.82110547337898,15.831756591796875,25170400
2015-10-26,15.867251379363108,15.877903845587474,15.65067109753987,15.774938583374023,22227000
2015-10-27,15.760738781356215,15.796244750567187,15.668425970236163,15.718132972717285,16992400
2015-10-28,15.721678817255587,15.7820382720615,15.377279808872476,15.551254272460938,34842200
2015-10-29,15.473153043729946,15.522860062799309,15.256571299715137,15.46250057220459,32579600
2015-10-30,15.480249065865396,15.593865468393943,15.423440864601123,15.533507347106934,23263400
2015-11-02,15.522850858868772,15.583208959260801,15.430536717262992,15.551254272460938,34873600
2015-11-03,15.494448746673863,15.615166322563288,15.451842941775864,15.597414016723633,24866400
2015-11-04,15.57966409069286,15.728785107821293,15.57966409069286,15.679078102111816,21437800
2015-11-05,15.647119426774859,15.69327650080466,15.544154167175291,15.544154167175293,27525800
2015-11-06,15.292069114362352,15.327573725191833,14.873108205386885,15.000926971435547,64718000
2015-11-09,14.933470450000526,15.110996246034897,14.901515752537765,15.039985656738281,26666600
2015-11-10,15.047081312131924,15.221055769731885,15.018676545103615,15.17490005493164,17009200
2015-11-11,15.217510567534543,15.334676881805935,15.185555871930662,15.306273460388184,21946800
2015-11-12,15.267217908279134,15.412789001600109,15.150050237003715,15.1607027053833,17679200
2015-11-13,15.178453780558604,15.284968974802496,15.057736199238413,15.103893280029297,19032800
2015-11-16,15.13229390068441,15.36307790753558,15.079036990620706,15.359526634216309,18351200
2015-11-17,15.352431017901873,15.44474383337747,15.039985246174554,15.08259105682373,26988000
2015-11-18,15.09324142759268,15.210409094125685,14.958322808112182,15.178454399108887,30925000
2015-11-19,15.213959967111897,15.373733452207011,15.199758932981245,15.341778755187988,24729600
2015-11-20,15.366629540420025,15.515751884942002,15.338226122767413,15.405685424804688,25040000
2015-11-23,15.423435369907267,15.441189026939165,15.238808442969267,15.263663291931152,23794000
2015-11-24,15.19620779743727,15.26366846643489,15.121647288516632,15.242364883422852,17583400
2015-11-25,15.238808261343538,15.238808261343538,15.093237214548529,15.150045394897461,15356400
2015-11-27,15.192656786763962,15.249464982970022,15.157150817626277,15.178454399108887,7960600
2015-11-30,15.196205005087636,15.313372658502429,15.171351506680999,15.203306198120117,22746000
2015-12-01,15.238813132817265,15.355980804100358,15.17845501445758,15.324026107788086,25103000
2015-12-02,15.263663405139361,15.302717929423133,14.979621143488744,14.983172416687012,25132200
2015-12-03,14.958315459923293,14.961865377886067,14.819845634344437,14.869552612304688,29758400
2015-12-04,14.922815083000664,15.100340844556852,14.876659360174187,15.079038619995117,21923000
2015-12-07,15.043536249771604,15.153602735826501,14.97252565729794,15.146501541137695,27030200
2015-12-08,15.086138116768492,15.146496218792443,15.00447508375009,15.125192642211914,21275800
2015-12-09,15.057733556860049,15.288517565901593,15.008026565229917,15.128744125366211,21351600
2015-12-10,15.107441722462633,15.135846493837958,14.866006583428547,14.880208969116211,19367200
2015-12-11,14.844703807936517,14.958320180389693,14.734637354566381,14.837602615356445,28705400
2015-12-14,14.894410476905511,14.915712699767376,14.738186952377355,14.912162780761719,32809200
2015-12-15,14.93346903134269,15.121645923850007,14.926367837646199,15.029333114624023,20221800
2015-12-16,15.086145672653874,15.434096137923069,15.039988577485273,15.409242630004883,36601000
2015-12-17,15.437643259863208,15.526406159026001,15.324026857287983,15.441194534301758,26323400
2015-12-18,15.421459154486758,15.439394980538864,15.130893846145717,15.249271392822266,36814400
2015-12-21,15.285148200555936,15.346130297925843,15.159594650251064,15.238513946533203,18063000
2015-12-22,15.281555204425151,15.407108713576147,15.141653856629912,15.36764907836914,16251600
2015-12-23,15.392764093756279,15.64028183143317,15.371240276751983,15.604410171508789,17163400
2015-12-24,15.550605080781624,15.640285620736343,15.550605080781624,15.593652725219727,5431600
2015-12-28,15.500377526767275,15.64386687631077,15.500377526767275,15.622343063354492,10073000
2015-12-29,15.69768009336863,15.762250187421118,15.668983034021053,15.708442687988281,18447800
2015-12-30,15.719200323876326,15.762246587273964,15.661804849874128,15.694089889526367,15663000
2015-12-31,15.668978211277041,15.712024471257402,15.385587482206462,15.52548885345459,20863400
2016-01-04,15.435812446827937,15.496795919045883,15.306672264169976,15.493207931518555,29693400
2016-01-05,15.486031230609335,15.643869818475274,15.267211915604836,15.604410171508789,21896000
2016-01-06,15.511143487912046,15.64028228846309,15.450160022159249,15.575712203979492,25437600
2016-01-07,15.4071134191226,15.550601428298208,15.378414996237806,15.471683502197266,24547400
2016-01-08,15.482441976200727,15.590058306069016,15.435807731505314,15.464506149291992,23361600
2016-01-11,15.475270499572854,15.61875988067617,15.468095893676074,15.547015190124512,32779200
2016-01-12,15.557778138135225,15.604412397422017,15.364069231129136,15.48603343963623,28720200
2016-01-13,15.543425203721664,15.61158189234992,15.432220889039487,15.47885513305664,34957800
2016-01-14,15.475266324320197,15.801703278261654,15.425045465008555,15.71202278137207,46166000
2016-01-15,15.554190557138272,15.668981520271554,15.385590731354165,15.572126388549805,37878200
2016-01-19,15.654628174919644,15.848338387223219,15.593646090536588,15.805292129516602,35769200
2016-01-20,15.740722491979925,15.765832923701222,15.227749898103335,15.450157165527344,39800200
2016-01-21,15.496791637130315,15.554187105962,15.29949479854739,15.435808181762695,28175800
2016-01-22,15.529075169820262,15.722785371521553,15.4537438808528,15.71202278137207,30121000
2016-01-25,15.704854029167318,15.744313681448247,15.521906349447718,15.579301834106445,27042800
2016-01-26,15.615171661831207,15.84116695477009,15.615171661831207,15.68691635131836,22919200
2016-01-27,15.658214930341002,15.837575919836702,15.590056878546553,15.722784996032715,27463800
2016-01-28,15.701265934852481,16.07792385306266,15.615172031745159,15.973894119262695,31127800
2016-01-29,16.077926741058075,16.30750869936134,16.077926741058075,16.29315948486328,35880800
2016-02-01,16.2178192150945,16.522733697103575,16.207057994365403,16.44740104675293,59221800
2016-02-02,16.386430575824843,16.53709324639002,16.30751125214787,16.51915740966797,31940200
2016-02-03,16.576543494000227,16.798952121975507,16.572956876059393,16.72361946105957,65904800
2016-02-04,16.70927328969748,16.798953799749317,16.608830187916556,16.65187644958496,55205200
2016-02-05,16.55502584789371,16.770258565539482,16.407949838205308,16.7056884765625,54772600
2016-02-08,16.669808720791792,16.85993090803193,16.494034370924346,16.648284912109375,58024800
2016-02-09,16.590897511362588,16.770258565539482,16.551437860497074,16.7056884765625,45241800
2016-02-10,16.66622985690532,16.777434210005513,16.40077624661191,16.687753677368164,51841200
2016-02-11,16.583720812058733,16.72003557918629,16.38642395104699,16.393598556518555,50780000
2016-02-12,16.38283634540446,16.476104850289484,16.210649915327615,16.3433780670166,42037400
2016-02-16,16.425878605294738,16.483274063209347,16.275214673009106,16.44740104675293,29277200
2016-02-17,16.501216893474158,16.501216893474158,16.30750662760913,16.415122985839844,38160600
2016-02-18,16.382831813805694,16.741553786011636,16.36848397491341,16.684158325195312,37768600
2016-02-19,16.612419546530393,16.659052430348908,16.46534355263609,16.572959899902344,34040200
2016-02-22,16.662638602362684,16.76666831970215,16.569370108052837,16.76666831970215,24873200
2016-02-23,16.71286630441782,16.820482683984235,16.63753497556298,16.781023025512695,23577600
2016-02-24,16.781016474364307,16.89222079860585,16.709273161605605,16.859935760498047,33501800
2016-02-25,16.913742207034414,17.032119750976562,16.86351997946646,17.032119750976562,24323800
2016-02-26,16.935262148706123,16.974721780329673,16.55860439229006,16.562191009521484,65907200
2016-02-29,16.537084819545306,16.766668065214763,16.522736978528908,16.608829498291016,40275600
2016-03-01,16.69492310543333,16.734382746500017,16.422293604472156,16.526323318481445,47283400
2016-03-02,16.483277075060855,16.619591825671574,16.171189301150964,16.612417221069336,60448400
2016-03-03,16.637534502753716,16.712865829467773,16.415125773764874,16.712865829467773,42548200
2016-03-04,16.60524678328598,16.95320629910599,16.565787132279862,16.899398803710938,44256800
2016-03-07,16.870694989406594,17.028533543015634,16.81688751119827,16.992660522460938,36985600
2016-03-08,17.024951537739714,17.175615540167158,16.93527100747128,17.161266326904297,32749600
2016-03-09,17.125391925659322,17.293990365100182,17.111042714689354,17.240182876586914,28513200
2016-03-10,17.233011315858697,17.311929253304722,17.089521917639225,17.254533767700195,38942800
2016-03-11,17.33703482131476,17.380081077921147,17.23659173134542,17.272464752197266,31390800
2016-03-14,17.268876843668465,17.326272308874053,17.19713217005753,17.293987274169922,23449600
2016-03-15,17.27604639611401,17.383662690853996,17.25452258979984,17.32626724243164,27474000
2016-03-16,17.261708854773644,17.591733932495117,17.146917880370445,17.591733932495117,55736400
2016-03-17,17.523570204125882,17.72804164692181,17.459000130778122,17.688583374023438,35069800
2016-03-18,17.68785810383155,17.7420715443619,17.56859046485188,17.57581901550293,33981400
2016-03-21,17.52161365402984,17.64449631434765,17.38788885208877,17.557756423950195,31486400
2016-03-22,17.536066467123078,17.630034888490172,17.478239428119014,17.499923706054688,22914800
2016-03-23,17.499918534360564,17.698700214728007,17.420407240918543,17.630029678344727,30479200
2016-03-24,17.62280947206336,17.70232218185688,17.572210976269524,17.67702293395996,30147000
2016-03-28,17.705931149705226,17.799899555959215,17.575819988195747,17.611961364746094,22489200
2016-03-29,17.66617397628309,17.88663994749067,17.59750343388429,17.872182846069336,35107200
2016-03-30,17.872185391942004,17.91194173716138,17.763759873247057,17.828815460205078,29033800
2016-03-31,17.85411486247835,17.951696865087516,17.789059274935383,17.933626174926758,29406800
2016-04-01,17.861339865384966,18.02759377929748,17.803512836673477,18.002294540405273,35745200
2016-04-04,18.005911929242288,18.02759758660338,17.83604439334393,17.92639923095703,30572200
2016-04-05,17.886641813372634,17.915554640526327,17.57582099391541,17.59027671813965,37316800
2016-04-06,17.564980920436895,17.593895131963542,17.46017035041651,17.56859588623047,40589000
2016-04-07,17.54329062620989,17.677015361912673,17.514376424595767,17.56136131286621,30560400
2016-04-08,17.61557759971793,17.770986633053628,17.59750553143461,17.655332565307617,32873800
2016-04-11,17.65533307414927,17.76737355869086,17.564978244949515,17.579435348510742,22250000
2016-04-12,17.583050532428103,17.72400384713986,17.554136324946054,17.70231819152832,26854400
2016-04-13,17.752913210443165,17.752913210443165,17.49991945918228,17.593889236450195,26641000
2016-04-14,17.550526030915346,17.633652324963137,17.51438326478225,17.57221031188965,24181600
2016-04-15,17.608349645553282,17.709546613588095,17.546907644456944,17.669790267944336,21925800
2016-04-18,17.658947850739455,17.738460540771484,17.539678815691417,17.738460540771484,18248000
2016-04-19,17.75652999390038,17.79267137119475,17.651718069559475,17.767372131347656,20990800
2016-04-20,17.78182708355173,17.8035113558242,17.311982342013177,17.322824478149414,52137400
2016-04-21,17.257768462671322,17.30475334923536,16.88912067770998,16.96140480041504,64131400
2016-04-22,17.008388709748637,17.134884883185833,16.99754519580767,17.11319923400879,24618000
2016-04-25,17.040920423860193,17.14934593733895,17.030076907418675,17.14573097229004,25485800
2016-04-26,17.156570509131498,17.243310348312438,17.124042724762422,17.1710262298584,26043000
2016-04-27,17.221635478074266,17.52161287214568,17.1674220149658,17.4204158782959,49118400
2016-04-28,17.268613503296027,17.438481013420713,17.167416541709507,17.395111083984375,40316000
2016-04-29,17.322829002288337,17.517995775941564,17.192717819852852,17.499923706054688,40354400
2016-05-02,17.510759919808844,17.727610880946965,17.489074272213117,17.640871047973633,32733200
2016-05-03,17.626422882080078,17.720391311872163,17.528839486504364,17.626422882080078,31493400
2016-05-04,17.633645756944272,17.944466536389456,17.57943231729033,17.832426071166992,35207800
2016-05-05,17.781828393481746,17.98060871661791,17.69870212666863,17.763757705688477,31653000
2016-05-06,17.677016538823338,17.738458531991565,17.489078351933927,17.648103713989258,40107200
2016-05-09,17.658948983717483,17.774603060981427,17.622806222881653,17.749303817749023,22463600
2016-05-10,17.767372131347656,17.832427713441653,17.70231654925366,17.767372131347656,26515800
2016-05-11,17.770984080978856,17.846883172235383,17.673402095529827,17.832426071166992,24347800
2016-05-12,17.80351446426749,17.966153428232328,17.738460257386794,17.937240600585938,35455400
2016-05-13,17.890252629661862,17.930008967209467,17.76375644537858,17.850496292114258,25253200
2016-05-16,17.789056580954277,17.875796432072132,17.72400100326335,17.872182846069336,22174200
2016-05-17,17.814361169385037,17.85773110796952,17.474626077474348,17.56859588623047,35066000
2016-05-18,17.46739292237357,17.604731243983345,17.181871385486637,17.23969841003418,54513000
2016-05-19,17.174646512606788,17.41679679890481,17.07706312928055,17.413183212280273,39165600
2016-05-20,17.452932357788086,17.47461662599924,17.319206269863834,17.452932357788086,30371400
2016-05-23,17.4493266003149,17.492697917029652,17.27584546957231,17.297531127929688,25380400
2016-05-24,17.326440035226923,17.492693954225945,17.30114079556069,17.47100830078125,26766600
2016-05-25,17.377045935032513,17.474627962698722,17.297533223461603,17.4204158782959,28699800
2016-05-26,17.398729881163664,17.640881598675893,17.398729881163664,17.61919593811035,26309000
2016-05-27,17.615575924360222,17.680630124913183,17.55774889598695,17.648103713989258,30211000
2016-05-31,17.619189445932122,17.77821342870003,17.61557585985551,17.763757705688477,31172400
2016-06-01,17.76014294667113,17.832427077386775,17.72400157066587,17.810741424560547,22566200
2016-06-02,17.796282191337422,17.81796646118164,17.640871823497893,17.81796646118164,15407400
2016-06-03,18.0528972232369,18.197464139336926,17.966155970612533,18.099882125854492,37437800
2016-06-06,18.1070993890894,18.16854136329921,17.998673916683202,18.07457160949707,21685600
2016-06-07,18.089036271607608,18.18300606470774,18.023980685216827,18.060123443603516,15808000
2016-06-08,18.056506207784125,18.18300377817242,18.03120696944748,18.168546676635742,13530200
2016-06-09,18.179389182347006,18.356485233002367,18.15408994349697,18.323957443237305,19405000
2016-06-10,18.305891750612712,18.399860180739925,18.204693388892455,18.2769775390625,25822600
2016-06-13,18.30588702756792,18.374556194224322,18.240831447070214,18.255287170410156,26143400
2016-06-14,18.262516119468785,18.36371445728482,18.164932746595376,18.35287094116211,23212800
2016-06-15,18.34564246016866,18.381785216207362,18.172161367298397,18.23721694946289,21782600
2016-06-16,18.215532604855976,18.392627283299998,18.201075502495804,18.35287094116211,20054200
2016-06-17,18.335381318915186,18.422832080412725,18.233356588820303,18.419187545776367,38422600
2016-06-20,18.3900361416796,18.444691645208064,18.211491494195194,18.34995460510254,31875800
2016-06-21,18.360890032477162,18.462914776636097,18.244289927728982,18.375465393066406,17338200
2016-06-22,18.375460393312917,18.404609716577315,18.269791142766625,18.288009643554688,15960600
2016-06-23,18.255223578116745,18.346317510921683,18.21514341526838,18.339031219482422,16850400
2016-06-24,18.298940836763038,18.532140969819054,18.14225923674432,18.36817169189453,48382000
2016-06-27,18.346312065818587,18.645099965541235,18.320805883401974,18.594087600708008,33574600
2016-06-28,18.601377861420254,18.6742532741452,18.448340745682458,18.66332244873047,26414600
2016-06-29,18.750771498638247,18.80178386964388,18.64874675662698,18.71433448791504,28026800
2016-06-30,18.798140605924818,19.140653230503,18.714334369804074,19.118791580200195,34744800
2016-07-01,19.224457439348793,19.224457439348793,18.925669536867126,19.122432708740234,34961600
2016-07-05,19.18073538718553,19.29369234728626,19.12243533454903,19.264541625976562,25106800
2016-07-06,19.242681355243207,19.319199919195448,19.129724387040138,19.304624557495117,30205400
2016-07-07,19.239036751563198,19.249968967791155,18.911099454367314,18.94753646850586,45437200
2016-07-08,18.78356414740361,19.15522747063041,18.743482604215018,19.144296646118164,32184800
2016-07-11,19.085997904192414,19.144297955549945,18.90745321504461,19.129722595214844,29012000
2016-07-12,19.00218867501574,19.07870721975154,18.856437874581474,18.867368698120117,36004600
2016-07-13,18.94753471802194,19.016765594482422,18.90381002709863,19.016765594482422,29209400
2016-07-14,18.82729174889549,18.980330265662968,18.805430096487985,18.892879486083984,34722600
2016-07-15,18.87101790482512,18.994905698872362,18.856442543176502,18.94753646850586,25903400
2016-07-18,18.969399582086915,19.060493507757744,18.965755046669603,19.002193450927734,22336200
2016-07-19,18.983970560608903,19.0240521039817,18.881945824738352,18.969396591186523,21364000
2016-07-20,18.943884499750553,18.98760917434813,18.830927584559273,18.860076904296875,23199200
2016-07-21,18.776274558615853,18.987613077582754,18.754412911814196,18.973037719726562,26518400
2016-07-22,18.925667017060377,19.242674770643035,18.907448516160603,19.224454879760742,26441400
2016-07-25,19.198949513381766,19.217169405035488,19.075061756042405,19.191661834716797,14310600
2016-07-26,19.198951805149076,19.21352716421887,18.96939615472215,19.024051666259766,25018200
2016-07-27,18.980327696772676,19.002190736204117,18.641458230490713,18.80542755126953,45119600
2016-07-28,18.794501090224955,18.911101214299094,18.75077500120981,18.878307342529297,18231600
2016-07-29,18.881938617969986,19.05319555065912,18.84914476681637,18.99125099182129,30949400
2016-08-01,18.943893394097724,19.04591814605449,18.932961177828787,19.002193450927734,23317000
2016-08-02,18.903813532796573,18.951181377588295,18.79085655448213,18.878307342529297,27411000
2016-08-03,18.878307319976372,18.91110119170699,18.707050279829453,18.765350341796875,22810600
2016-08-04,18.787207466133086,18.89651987412805,18.703401240337524,18.754413604736328,24544000
2016-08-05,18.648746778978197,18.68882832481148,18.473846625328033,18.484777450561523,53904200
2016-08-08,18.477489471435547,18.6451019422237,18.430121636201616,18.477489471435547,27053400
2016-08-09,18.502999586580717,18.572231866598464,18.426481014966175,18.47385025024414,20188400
2016-08-10,18.517571016620288,18.561295706829622,18.430121636201616,18.477489471435547,16981600
2016-08-11,18.473844311443994,18.532144355358525,18.419187412156695,18.52121353149414,18963000
2016-08-12,18.586796834359305,18.68153525901389,18.543072156047746,18.546716690063477,24322800
2016-08-15,18.54672042622032,18.612308151891256,18.26250648498535,18.26250648498535,25268800
2016-08-16,18.21878240528799,18.22971322993667,18.04752540588379,18.04752540588379,40363200
2016-08-17,18.025661358353332,18.353598564028275,17.887198241299856,18.317161560058594,56913200
2016-08-18,18.313516642023494,18.543073654174805,18.280722783144736,18.543073654174805,27889000
2016-08-19,18.415543138755858,18.49206168108175,18.21877998136133,18.317161560058594,29396000
2016-08-22,18.346316387968134,18.444697996173634,18.30987937306966,18.36453628540039,18203600
2016-08-23,18.39368284052753,18.481133609048612,18.2734395975417,18.28437042236328,19157400
2016-08-24,18.255217498902233,18.306231251870592,18.134974270433418,18.277080535888672,16096600
2016-08-25,18.25886032029029,18.349954214213124,18.255215786143168,18.288009643554688,14445600
2016-08-26,18.298947113388078,18.422834900315987,17.894489885771005,17.90906524658203,41822000
2016-08-29,17.963709982846506,18.098528514473266,17.945491487758904,18.0548038482666,26031400
2016-08-30,18.04023558804166,18.127686344815032,17.843473817771166,17.86533546447754,24523000
2016-08-31,17.847115639214007,17.9454972120475,17.80703410324675,17.938209533691406,23004200
2016-09-01,17.89084497657029,17.95278956373075,17.825257244274685,17.84712028503418,31964000
2016-09-02,17.912708287934343,18.102183807430368,17.87627127610095,18.083965301513672,32542000
2016-09-06,18.178700743115822,18.30258851826363,18.127688375110747,18.280725479125977,30518200
2016-09-07,18.291658102238607,18.324451966686162,18.178701149145294,18.28437042236328,22981400
2016-09-08,18.16048250609727,18.368176516021915,18.16048250609727,18.3463134765625,25683200
2016-09-09,18.164124258290357,18.185987296073435,17.650354685240927,17.657642364501953,51518200
2016-09-12,17.628495664369314,18.007445312533385,17.628495664369314,17.97100830078125,51064600
2016-09-13,17.912703927967385,17.93456696373568,17.643065380088657,17.723228454589844,44593800
2016-09-14,17.788820674752408,17.934571503469467,17.712302115168264,17.792465209960938,30459600
2016-09-15,17.7742438369395,17.960076197611222,17.730519147950837,17.927282333374023,50523600
2016-09-16,17.951537358217347,18.127930366676253,17.819244704626986,18.102205276489258,43448400
2016-09-19,18.16100232182866,18.289622164309147,18.116904771012774,18.282272338867188,25061600
2016-09-20,18.355769280244346,18.385167180318525,18.238174876275885,18.24919891357422,25715800
2016-09-21,18.282272052067796,18.63505525673242,18.24552432727034,18.6203556060791,38810200
2016-09-22,18.771023033457432,18.774697244833078,18.598305660252333,18.73427391052246,24070600
2016-09-23,18.679157752443686,18.771028483702597,18.59096123362724,18.719579696655273,22006800
2016-09-26,18.719570453398827,18.748969745766377,18.609325910691357,18.671798706054688,16105600
2016-09-27,18.734277959485244,18.826148683924757,18.410892616944075,18.42926788330078,35879200
2016-09-28,18.440289288735958,18.499086487908727,18.245523829320383,18.403541564941406,33238400
2016-09-29,18.363120419613445,18.37047024561684,18.036060872560128,18.127931594848633,38494600
2016-09-30,18.1426274708935,18.274921517970835,17.911114290343956,18.00298500061035,29672600
2016-10-03,18.010334570694855,18.010334570694855,17.642851706228367,17.749422073364258,38985400
2016-10-04,17.738394534019807,17.753094182137,17.27169122006584,17.37826156616211,51383600
2016-10-05,17.418688964466615,17.554657236707428,17.275369464615245,17.341516494750977,56343800
2016-10-06,17.282712341660773,17.426030382053415,17.194517271497006,17.33783531188965,40391400
2016-10-07,17.45910632951174,17.624473861527846,17.308438445193858,17.31578826904297,34431600
2016-10-10,17.326819499346048,17.473811819971782,17.326819499346048,17.4591121673584,19549600
2016-10-11,17.448085342720095,17.448085342720095,17.231270407719645,17.260669708251953,28694000
2016-10-12,17.271696442430887,17.46278772022704,17.24229713730716,17.42971420288086,30854600
2016-10-13,17.459103639932216,17.76044076398248,17.422355928183215,17.646520614624023,61084200
2016-10-14,17.554655886000127,17.72369766030223,17.521582373477035,17.547306060791016,35896600
2016-10-17,17.60242703722914,17.686947914720633,17.580377564121754,17.64284896850586,22879800
2016-10-18,17.720020721947254,17.8302652794484,17.56567721997716,17.793516159057617,29522200
2016-10-19,17.782489702608018,17.80821338246125,17.672245160117683,17.75309181213379,17005000
2016-10-20,17.78616818997728,17.88171310175644,17.708995736108204,17.742069244384766,17861600
2016-10-21,17.6648971902423,17.731044203042984,17.56200246003482,17.63917350769043,36307200
2016-10-24,17.716346301566514,17.771469284945496,17.598751912071343,17.705322265625,21489400
2016-10-25,17.683271083393844,17.81556510925293,17.661223013641038,17.81556510925293,19772600
2016-10-26,17.7677904147279,17.881710571971766,17.679595339691407,17.859661102294922,21702000
2016-10-27,17.756766022754785,17.826587239237067,17.62814762348863,17.75309181213379,31109800
2016-10-28,17.742069079034046,17.89273697048185,17.71267118408199,17.808216094970703,32927800
2016-10-31,17.852320565998784,18.271250862045772,17.80454739484934,18.16468048095703,45431600
2016-11-01,18.113232103947997,18.14997983245586,17.786172553985686,17.83394432067871,48308800
2016-11-02,17.7494213256905,17.7971944885728,17.462785152068335,17.609777450561523,52983400
2016-11-03,17.565674041548657,17.74574119429217,17.503202650941642,17.675918579101562,23641000
2016-11-04,17.745746143555326,17.914787908404307,17.609776487544167,17.62080192565918,29114400
2016-11-07,17.69430221117929,17.93316525528618,17.52525901163637,17.92949104309082,35456200
2016-11-08,17.951535551269007,18.1389525782033,17.922137654042213,18.069129943847656,37695800
2016-11-09,17.753094924457955,17.767793171354135,17.374586679709168,17.40398597717285,85620400
2016-11-10,17.31211928815618,17.330493152412057,16.760894949463893,16.98505973815918,106246800
2016-11-11,16.948307121652512,17.14674817920431,16.849086592876613,16.915233612060547,61903000
2016-11-14,16.786614750765654,16.940956856961154,16.65799632893607,16.90420913696289,56381600
2016-11-15,16.999756363153477,17.21657130505002,16.992407939622478,17.176149368286133,50383600
2016-11-16,17.216567587659977,17.26066653033925,16.948305327954355,17.058549880981445,33634800
2016-11-17,16.97770826763497,17.154099870710958,16.97770826763497,17.06222915649414,38399600
2016-11-18,17.109998947137004,17.146746664844517,16.93728158987342,17.010778427124023,21397000
2016-11-21,17.05855523828504,17.194524918161274,17.032831547894617,17.19084930419922,24596600
2016-11-22,17.198193245987532,17.282714114328417,17.109998166777704,17.256990432739258,21286000
2016-11-23,17.014453569305577,17.242292515599306,17.014453569305577,17.08427619934082,28306800
2016-11-25,17.110002859322453,17.389289222530614,17.110002859322453,17.33049201965332,15732400
2016-11-28,17.38193599712635,17.70532125061695,17.378261785968384,17.664897918701172,46863400
2016-11-29,17.62079751257387,17.82291273747715,17.591398220744466,17.738391876220703,28895400
2016-11-30,17.477474827464125,17.517896740240378,17.179813385009766,17.179813385009766,46934800
2016-12-01,17.03650584159572,17.113676906786544,16.918911436970877,17.043855667114258,36732200
2016-12-02,17.143072925705575,17.319464498861212,17.084275734653694,17.19819450378418,32798800
2016-12-05,17.124697145270005,17.22391766500575,16.96667943626518,17.220243453979492,29776600
2016-12-06,17.212895621702003,17.282716853964057,17.14674860089133,17.187171936035156,16844000
2016-12-07,17.249639776963406,17.411333084106445,17.23126591983409,17.411333084106445,25804800
2016-12-08,17.301094288576117,17.473810285187017,17.17615005600871,17.440736770629883,28791000
2016-12-09,17.426034422493462,17.631825303649666,17.426034422493462,17.624475479125977,32037800
2016-12-12,17.550977855420996,17.82658995454519,17.54730364424035,17.808216094970703,43960200
2016-12-13,17.89641370130762,18.00665826747604,17.83026668123942,17.991958618164062,40434000
2016-12-14,18.072805636974017,18.16835055567778,17.598752451264893,17.62080192565918,56707800
2016-12-15,17.58405137641938,17.764118564788298,17.49218067664324,17.745744705200195,35643200
2016-12-16,17.791380840228786,18.02513660152696,17.750566184956977,17.962059020996094,40238000
2016-12-19,18.06966139680799,18.07708237204226,17.873009091615582,18.028846740722656,23300400
2016-12-20,17.97690477749241,18.103058549858925,17.95464184751953,18.05111312866211,17326200
2016-12-21,18.05481629661669,18.14015537381366,17.97318699868652,17.976898193359375,16888400
2016-12-22,17.965769688221112,18.073371709178623,17.93237742179258,18.03997802734375,14930400
2016-12-23,18.06224667090188,18.106771122306146,17.97690754929088,18.036273956298828,15557000
2016-12-27,17.965772604802684,18.095637573201298,17.9472208708619,18.05111312866211,26268800
2016-12-28,18.062244431340137,18.073375188959385,17.85446132487222,17.880434036254883,17658600
2016-12-29,17.95093431058927,18.15129504376209,17.9064084450782,18.121612548828125,29355600
2016-12-30,18.155007652698604,18.16242863086113,17.965776248071425,18.021432876586914,28055400
2017-01-03,17.99544992050549,18.04368554341023,17.86187522040378,17.976898193359375,37761400
2017-01-04,18.00287126328465,18.136445966123016,17.96947758757506,18.043685913085938,29101000
2017-01-05,18.08450543620896,18.091924996893958,17.869301375775912,18.06224250793457,32612800
2017-01-06,17.973193923917588,18.151293120874385,17.939800236025274,18.117900848388672,21934400
2017-01-09,18.184687011371743,18.192107988253447,17.87672425551734,17.880434036254883,27694400
2017-01-10,17.876719196517247,17.884140171298863,17.754275235729903,17.82477378845215,22448400
2017-01-11,17.821068303568172,18.02885141781245,17.817358522691787,18.010299682617188,26795400
2017-01-12,18.021435287093908,18.054828985588497,17.917544409736095,18.025146484375,18820800
2017-01-13,17.988030012735372,18.0511075872581,17.88413920223457,17.999160766601562,24346600
2017-01-17,18.058533900477045,18.255186256570433,18.04369336157352,18.195819854736328,30652000
2017-01-18,18.14387097922854,18.262603760314665,18.14387097922854,18.173553466796875,26461800
2017-01-19,18.069666096738203,18.17355694622745,17.969485028127853,18.014009475708008,27601000
2017-01-20,18.03998045177244,18.09934684796765,17.93237983176061,18.047401428222656,23748400
2017-01-23,18.073374134530088,18.11418879729497,17.936089608744464,17.954641342163086,21251000
2017-01-24,17.9509334564209,18.028851594247527,17.91753976657996,17.9509334564209,22098800
2017-01-25,17.869304122274894,17.969485191797713,17.85075238689808,17.9509334564209,38460000
2017-01-26,17.94351108928807,18.043692151050884,17.876723714779526,17.95835304260254,22976400
2017-01-27,17.991746224406857,18.047401424662713,17.917537875325845,17.954641342163086,14457600
2017-01-30,17.962065258908734,18.028852642473737,17.86188418356123,17.969486236572266,18639800
2017-01-31,17.984326277716836,18.262606541149683,17.965773127829358,18.247764587402344,31833000
2017-02-01,18.15129891442975,18.15871989359741,17.880439544141794,17.93238639831543,48759000
2017-02-02,17.988037783108414,18.121612548828125,17.88043573123345,18.121612548828125,31322200
2017-02-03,18.173553795478206,18.21807823533916,18.103056647747835,18.143871307373047,22673200
2017-02-06,18.214371607510387,18.225502365550447,18.088217826565256,18.106769561767578,14084000
2017-02-07,18.13645416876266,18.180978618043987,18.088218523053968,18.151294708251953,12218200
2017-02-08,18.195816744347024,18.362785163278478,18.162423060560734,18.329391479492188,31764000
2017-02-09,18.310837979539002,18.355363834001096,18.12902902774118,18.173553466796875,28992000
2017-02-10,18.12531182263367,18.314543102841053,18.121602043695024,18.288570404052734,18959200
2017-02-13,18.30342138775668,18.396181476487477,18.240343791408286,18.377628326416016,26085600
2017-02-14,18.351656844144888,18.359077821589263,18.14758491834808,18.244054794311523,37568600
2017-02-15,18.11418863519134,18.206948716860857,18.051112459051193,18.199527740478516,37850800
2017-02-16,18.203242710323345,18.388762912124985,18.203242710323345,18.3813419342041,28002200
2017-02-17,18.429569051301367,18.448122196642988,18.288574771467676,18.392465591430664,19947000
2017-02-21,18.36650097979612,18.62622955956148,18.3034247871396,18.58541488647461,22717000
2017-02-22,18.58541384055106,18.700436875013057,18.51120547687902,18.663331985473633,32037200
2017-02-23,18.744956122180216,18.923055296296592,18.70414146272318,18.85626792907715,30007200
2017-02-24,18.919344175419123,19.1419677734375,18.919344175419123,19.1419677734375,37259400
2017-02-27,19.104865168677016,19.119705704578887,19.00839390057977,19.034366607666016,27965800
2017-02-28,19.03065821801999,19.256993038085664,18.9972645328397,19.208757400512695,28820800
2017-03-01,18.93418416465868,19.179070681579734,18.915632434593174,19.038076400756836,58243200
2017-03-02,18.971291651031805,19.29409632789626,18.945318942284462,19.175363540649414,34745600
2017-03-03,19.175361795324438,19.186492550801194,18.956447973374704,19.115995407104492,35150000
2017-03-06,19.08260104209871,19.11970450263047,19.01210390092585,19.078889846801758,15233600
2017-03-07,19.056625899177458,19.138255200393957,19.041783950700623,19.06775665283203,35903400
2017-03-08,18.904499880297408,18.92305160859716,18.75608322308713,18.793188095092773,36787800
2017-03-09,18.83771373703746,18.904501095534762,18.73753269929151,18.75237464904785,25685600
2017-03-10,18.852557468007863,18.94531753963973,18.789479883286877,18.908212661743164,22983600
2017-03-13,18.89336863494473,18.974997941942956,18.87110712605882,18.9638671875,28116000
2017-03-14,18.941607026419383,18.99726363756579,18.882240635052877,18.9453182220459,23341000
2017-03-15,19.01210905253178,19.34604453402114,18.975004166539623,19.249574661254883,45238400
2017-03-16,19.212464361860164,19.212464361860164,19.00097152521954,19.038076400756836,37456800
2017-03-17,19.10424509157329,19.261267030400127,19.08181440471424,19.152847290039062,30257000
2017-03-20,19.19771496817843,19.23510183271491,18.973399485611793,19.025739669799805,14296000
2017-03-21,19.03695370434665,19.365950958782967,19.025738358840027,19.294918060302734,50834200
2017-03-22,19.373429119963422,19.52671169483437,19.309873591287598,19.388383865356445,50505600
2017-03-23,19.384645664329003,19.50428078254327,19.27622731893446,19.328567504882812,45130600
2017-03-24,19.33978912619739,19.470641059685363,19.291186897978225,19.399606704711914,24814200
2017-03-27,19.478113616290123,19.51923846176115,19.250060118414705,19.324831008911133,23642800
2017-03-28,19.321098469172053,19.343530598328314,19.223894002325313,19.30988311767578,16955600
2017-03-29,19.302396356250004,19.321089075043087,19.175283871828814,19.257532119750977,13911000
2017-03-30,19.227623465548238,19.227623465548238,19.05564817606244,19.107988357543945,39422400
2017-03-31,19.130418632143353,19.276225253874653,19.115465313590846,19.18276023864746,19982000
2017-04-03,19.182763142502186,19.182763142502186,19.003310457240286,19.17902374267578,30951600
2017-04-04,19.160329825655136,19.309874433784017,19.122944386704457,19.238840103149414,20268600
2017-04-05,19.216409061369507,19.36595224062035,19.175284223572536,19.347259521484375,25299000
2017-04-06,19.324828464432308,19.332305837730075,19.22388606415712,19.29865837097168,18777600
2017-04-07,19.37343216338059,19.39960225884799,19.20145684283387,19.216411590576172,39836000
2017-04-10,19.227627006115053,19.272489823336933,19.11920722384586,19.250059127807617,16969600
2017-04-11,19.261269315775785,19.279962032430475,19.11546412924119,19.242576599121094,19688400
2017-04-12,19.216413340880305,19.39586605164341,19.156595770625938,19.3846492767334,21042000
2017-04-13,19.40707835284476,19.4108163264522,19.235103043639615,19.321090698242188,21712200
2017-04-17,19.365954853310086,19.41455707055106,19.31361466220285,19.407079696655273,14545200
2017-04-18,19.436983404625977,19.493061552901494,19.377165857434402,19.451936721801758,29414800
2017-04-19,19.42950763836872,19.436985010655857,19.250054981966258,19.31734848022461,25034000
2017-04-20,19.294916776219374,19.294916776219374,19.104247358318084,19.242576599121094,26964600
2017-04-21,19.21640772882246,19.422030477385523,19.21640772882246,19.339780807495117,26517400
2017-04-24,19.358475647630538,19.46315744610281,19.227625182244083,19.440725326538086,36213400
2017-04-25,19.384641295355976,19.444458840981238,19.306131034128345,19.41455078125,21783200
2017-04-26,19.410818309642206,19.500545373182714,19.336047420548955,19.354740142822266,19194800
2017-04-27,19.34726100150965,19.515498338929326,19.332306254591646,19.422033309936523,18933000
2017-04-28,19.395862437148725,19.4220325301229,19.26874994577568,19.328567504882812,18811400
2017-05-01,19.373425475184554,19.373425475184554,19.164063357559183,19.212665557861328,21385000
2017-05-02,19.2351016998291,19.306134602713094,19.156591424089473,19.2351016998291,18877200
2017-05-03,19.261275479408727,19.283707602270383,19.15659509171431,19.167810440063477,21014400
2017-05-04,19.111727186955644,19.25753239223297,19.107989213609347,19.2351016998291,28078200
2017-05-05,19.291178600181425,19.410813705751316,19.272485882341684,19.339780807495117,21570600
2017-05-08,19.354739937740018,19.377172059928277,19.235104805062516,19.332307815551758,17579400
2017-05-09,19.31734809313347,19.332302837408072,19.156589583751686,19.190237045288086,15517800
2017-05-10,19.205195245820025,19.261274838025106,19.115469609687832,19.220149993896484,16879600
2017-05-11,19.171544607926002,19.24631690979004,19.093034332742132,19.24631690979004,15398400
2017-05-12,19.291178600181425,19.380905642440318,19.2650085099732,19.339780807495117,15046200
2017-05-15,19.343523027861732,19.455680777420458,19.32109090748472,19.422033309936523,12702200
2017-05-16,19.39212026871465,19.448199846317,19.25753042339933,19.27996253967285,15306200
2017-05-17,19.328567504882812,19.418293130461958,19.242579852801505,19.328567504882812,30065600
2017-05-18,19.369692486179666,19.49680497848461,19.231363220972767,19.395862579345703,33752000
2017-05-19,19.392122756501198,19.47063446044922,19.283704412677608,19.47063446044922,19802600
2017-05-22,19.44072484623567,19.668779731271837,19.42950949981195,19.638870239257812,15558600
2017-05-23,19.672513263186623,19.80710309453694,19.63886580534904,19.691205978393555,30580400
2017-05-24,19.709910194170035,19.837022719176577,19.691216043245134,19.803375244140625,15204600
2017-05-25,19.844491488923502,19.997774047359087,19.795889284688943,19.964126586914062,33554600
2017-05-26,19.975341931674784,20.00898939211981,19.92673972744022,19.964126586914062,15299200
2017-05-30,19.979082953753032,20.076287377057515,19.923004795227907,20.027685165405273,12584600
2017-05-31,20.05011559871902,20.19965876837566,20.027683481497192,20.128625869750977,25241400
2017-06-01,20.076287312841963,20.274432706090504,20.053855193805813,20.270694732666016,22237200
2017-06-02,20.423977039294126,20.423977039294126,20.23330759545914,20.29312515258789,19913200
2017-06-05,20.293124008364703,20.311818152670856,20.199658991485848,20.229568481445312,14700000
2017-06-06,20.27443326790635,20.27443326790635,20.158536122252624,20.184707641601562,15002400
2017-06-07,20.18470350117523,20.30059919689251,20.151056041672156,20.251996994018555,15762600
2017-06-08,20.210875601543002,20.225828920240076,19.960388616707714,20.083763122558594,26585200
2017-06-09,20.02020638969889,20.08002394363256,19.9230033993678,20.0650691986084,27876400
2017-06-12,20.091242123129447,20.173490374198916,19.915527422191943,20.027685165405273,25642200
2017-06-13,20.0052557901124,20.09124487873828,19.956654997957415,20.076290130615234,17829800
2017-06-14,20.203400361568132,20.29312598787292,20.12115068231948,20.184707641601562,31664200
2017-06-15,20.12863233912282,20.32303980570596,20.12863233912282,20.300607681274414,31099000
2017-06-16,20.359777282398962,20.435156233810503,20.322087087826237,20.39369773864746,35391600
2017-06-19,20.412538623860232,20.423844961430234,20.254244146945524,20.32585334777832,35644600
2017-06-20,20.348473611241126,20.363548253313077,20.299477070738497,20.33716583251953,15177000
2017-06-21,20.33339207225046,20.363542786033495,20.111024986882445,20.216554641723633,20153200
2017-06-22,20.18640230988451,20.26177980716701,20.10725363736412,20.122329711914062,15862400
2017-06-23,20.126101686295264,20.201479191955453,20.01303255233746,20.05449104309082,17286200
2017-06-26,20.09972431290839,20.30324564206263,20.028113651743528,20.19017791748047,20710000
2017-06-27,20.09972258918193,20.15625572775774,19.907506179915778,19.964040756225586,20957600
2017-06-28,20.024345095227908,20.069571896937145,19.752981409504265,19.771825790405273,18577600
2017-06-29,19.654987701590084,19.68137011962707,19.538150251902046,19.613529205322266,41191400
2017-06-30,19.636138851359863,19.74166994493832,19.5833740234375,19.5833740234375,30225800
2017-07-03,19.613535246142604,19.666300098467744,19.466547032455594,19.492929458618164,25409400
2017-07-05,19.556995227159984,19.556995227159984,19.345935876428445,19.398700714111328,28005200
2017-07-06,19.31955031636698,19.413773643273775,19.31955031636698,19.39116096496582,28073600
2017-07-07,19.387392738869877,19.50046189016391,19.368548359565533,19.406238555908203,26526000
2017-07-10,19.462770175830794,19.507996970180574,19.376084887604605,19.39116096496582,32627600
2017-07-11,19.42131460974548,19.42131460974548,19.28563276850804,19.37985610961914,18111800
2017-07-12,19.549456929906313,19.60222176689309,19.51176817141118,19.54568862915039,24286000
2017-07-13,19.534382629440035,19.587147467345986,19.462771974224246,19.477848052978516,13842000
2017-07-14,19.60599044137607,19.658755275499328,19.54568756841607,19.568300247192383,25215000
2017-07-17,19.579603301962038,19.658750534057617,19.538144817226197,19.658750534057617,15338000
2017-07-18,19.70397847982155,19.737898929538062,19.65121365531445,19.715286254882812,15780800
2017-07-19,19.74921313383548,19.80574627661126,19.69267855332559,19.798208236694336,21338800
2017-07-20,19.85096839620399,19.94519171634029,19.801973304901423,19.941423416137695,16925000
2017-07-21,19.945188973139388,20.084640502929688,19.877349514686752,20.084640502929688,18504000
2017-07-24,20.09595512085731,20.09595512085731,19.86604992656845,19.896202087402344,21069600
2017-07-25,19.854736029182263,19.911270590363873,19.76051271903532,19.783126831054688,21136200
2017-07-26,19.779360301666365,19.971576690673828,19.749209585150474,19.971576690673828,17262400
2017-07-27,19.91503730143647,20.020566940307617,19.89242319122115,20.020566940307617,19173800
2017-07-28,19.990421295166016,20.046954428425327,19.896197968666627,19.990421295166016,19278000
2017-07-31,19.967808745548684,20.103490576388456,19.93765802632539,20.058263778686523,23722600
2017-08-01,20.088414412095336,20.20902016394126,20.06957003294453,20.17133140563965,21646200
2017-08-02,20.129870900685823,20.261782979315722,20.00926516087168,20.258014678955078,16031800
2017-08-03,20.284398498527388,20.359777450561523,20.193944906273565,20.359777450561523,20929400
2017-08-04,20.254246802158747,20.314549673326894,20.16002347610015,20.26932144165039,34930800
2017-08-07,20.291936508825582,20.340933043238614,20.239171673796438,20.33339500427246,10322800
2017-08-08,20.314551328807937,20.416311264038086,20.28816891038027,20.416311264038086,15137400
2017-08-09,20.450229689037894,20.50299595838248,20.295703494577605,20.310779571533203,17704400
2017-08-10,20.280627906841683,20.41253997969912,20.235399678090193,20.37485122680664,19229600
2017-08-11,20.329623264830737,20.37108175619676,20.18263511379395,20.25424575805664,18672600
2017-08-14,20.258008914675912,20.382384357194336,20.254240615387516,20.371076583862305,23655600
2017-08-15,20.231634000087606,20.499227918414448,20.220327660301216,20.48415184020996,19164600
2017-08-16,20.450228758140284,20.57837253096207,20.450228758140284,20.567066192626953,14263600
2017-08-17,20.52184155382631,20.5896824664195,20.405004107086054,20.420080184936523,17912600
2017-08-18,20.35223521661321,20.638673450022004,20.35223521661321,20.540681838989258,29697600
2017-08-21,20.60099180630636,20.64998834758937,20.521844542665125,20.61606788635254,11312000
2017-08-22,20.627363050185608,20.665053229877895,20.555753865370278,20.661283493041992,16300600
2017-08-23,20.653747049101035,20.73666401308199,20.585906158159062,20.7291259765625,14092600
2017-08-24,20.7178276609491,20.763054459840824,20.676369162909182,20.71405792236328,14034800
2017-08-25,20.76304840226002,20.85727171113981,20.714051879077118,20.781892776489258,15723600
2017-08-28,20.853506253499965,20.853506253499965,20.721592740449683,20.8195858001709,15745400
2017-08-29,20.85350552218904,20.88742453659481,20.770588541907177,20.774356842041016,15860600
2017-08-30,20.763054459840824,20.781898839567877,20.683907202346806,20.71405792236328,11502200
2017-08-31,20.732897666335084,20.774356155105128,20.70274695306013,20.717823028564453,20939000
2017-09-01,20.747976608961665,20.781897064666946,20.59345040802291,20.65375328063965,22537400
2017-09-05,20.691441627361176,20.721592342110867,20.58968026933017,20.70651626586914,18080800
2017-09-06,20.72912876120685,20.763049211234534,20.574602586132656,20.61229133605957,22857400
2017-09-07,20.631140523024865,20.7894350238877,20.61229470724548,20.766820907592773,24703400
2017-09-08,20.736669074311454,20.879888927670773,20.698978882514893,20.86481285095215,18039800
2017-09-11,20.827119756861187,21.068332637544334,20.823351457073557,21.041950225830078,20183200
2017-09-12,21.026873415906724,21.026873415906724,20.578369556981258,20.691438674926758,37790600
2017-09-13,20.672599089718606,20.68767516834983,20.57460745408362,20.589683532714844,21458200
2017-09-14,20.578377417572362,20.774362142411558,20.51807453590908,20.7630558013916,20390800
2017-09-15,20.82267376731977,20.853054444704682,20.697349670270807,20.79229164123535,17030200
2017-09-18,20.77710753024985,20.79229859837502,20.44291272369613,20.579627990722656,31607000
2017-09-19,20.613799935492175,20.628990998286223,20.5074653933328,20.5378475189209,31560000
2017-09-20,20.57202793226408,20.617601126616695,20.306191542038885,20.385942459106445,39494000
2017-09-21,20.404927707265443,20.51506073847317,20.35555747798276,20.38214111328125,21424600
2017-09-22,20.43910905661284,20.465692694750235,20.215045928955078,20.215045928955078,22483800
2017-09-25,20.245429691297012,20.423919640523515,20.21125051826219,20.401134490966797,23446600
2017-09-26,20.393537493817202,20.43531219660446,20.325179152656165,20.363155364990234,20022200
2017-09-27,20.222643699786072,20.30239462302686,19.990985014343977,20.089725494384766,24701600
2017-09-28,20.01756826674489,20.21504777429224,19.964400985616713,20.161880493164062,28365000
2017-09-29,20.169476968214507,20.230239785013787,20.074534976421894,20.146690368652344,24254200
2017-10-02,20.135292595445947,20.2758063013905,20.11250600176597,20.180864334106445,33228600
2017-10-03,20.192260169222127,20.196058659798933,19.998579162095822,20.123903274536133,19115000
2017-10-04,20.13529608622339,20.332775586254403,20.074533274575366,20.325180053710938,24281000
2017-10-05,20.317583064371142,20.34796519236657,20.21504555543597,20.306190490722656,25278400
2017-10-06,20.21124754972775,20.298593990498862,20.135293682061715,20.290998458862305,20836400
2017-10-09,20.328971840929736,20.36694949383047,20.29099563672833,20.31757926940918,14681400
2017-10-10,20.36695686865603,20.518863189165895,20.30239555969695,20.515066146850586,16653600
2017-10-11,20.49227821704645,20.704948790399182,20.488481174977544,20.6024112701416,30938200
2017-10-12,20.62519419279991,20.761909413411324,20.59101502547218,20.708742141723633,27336400
2017-10-13,20.765708665424825,20.799887834006633,20.503669338764,20.56443214416504,25425400
2017-10-16,20.5568413455356,20.60241309790421,20.35176628682701,20.518863677978516,22492800
2017-10-17,20.507470279401492,20.682163197056582,20.450504504700998,20.64038848876953,19199200
2017-10-18,20.553041031047265,20.644185976398365,20.522660348396737,20.6024112701416,17382000
2017-10-19,20.640381107008942,20.818872451782227,20.617595964237417,20.818872451782227,20571800
2017-10-20,20.735327827984875,20.875843001282355,20.72773374444955,20.834068298339844,22462800
2017-10-23,20.83026982723957,20.887235594704986,20.758114443989733,20.845460891723633,21222000
2017-10-24,20.81128127151697,20.88723514359725,20.76191103735985,20.86444854736328,22671400
2017-10-25,20.777106750180337,20.815084419067396,20.5264599303255,20.7733097076416,36662600
2017-10-26,20.872045408041192,20.982178457133077,20.769507891510784,20.777103424072266,34659200
2017-10-27,20.75431700131178,20.955593531388853,20.716339340835226,20.90622329711914,20732200
2017-10-30,20.75431794233108,20.95179599096452,20.75431794233108,20.910022735595703,20114800
2017-10-31,20.894829804906934,20.974580715352868,20.84166253127631,20.93280601501465,19064000
2017-11-01,20.966985023320813,20.966985023320813,20.77710107683459,20.815078735351562,21758400
2017-11-02,20.81507504439465,20.978375325312143,20.76190633189884,20.891027450561523,29453800
2017-11-03,20.86445009226748,21.069525127459084,20.81887834512481,20.96698760986328,23264400
2017-11-06,20.993566361589313,21.004960382246775,20.875839254824147,20.887231826782227,23993000
2017-11-07,20.92141463556073,21.168264361445527,20.84546076231159,21.137882232666016,22649000
2017-11-08,21.126490624978267,21.210038585543852,21.004965001701322,21.153074264526367,19169800
2017-11-09,21.092308635553675,21.217631284012352,21.042938404973224,21.179655075073242,21525200
2017-11-10,21.06572393011636,21.130283771775254,21.008758170900155,21.080913543701172,22073000
2017-11-13,21.103705657859386,21.350555414106292,21.103705657859386,21.331565856933594,19645600
2017-11-14,21.270800030449408,21.612591729391664,21.26320594709479,21.597400665283203,24747600
2017-11-15,21.68094886441394,21.734116137139534,21.388527415723633,21.411314010620117,24130400
2017-11-16,21.358149515557326,21.40751830453757,21.278397147397477,21.342958450317383,22882200
2017-11-17,21.29738461419554,21.35055188862035,21.175857552896524,21.194847106933594,33300800
2017-11-20,21.20623721693913,21.2328208510634,21.09610419059605,21.13028335571289,18583800
2017-11-21,21.19105099404002,21.248016765142978,21.130288180923408,21.187253952026367,15512000
2017-11-22,21.17206288657228,21.22902865767524,21.107503031442015,21.187253952026367,11157800
2017-11-24,21.198648946093314,21.304983519008037,21.187256370052424,21.221435546875,10004400
2017-11-27,21.24801834137447,21.350555867746444,21.194851057040815,21.312578201293945,14393600
2017-11-28,21.365740820827153,21.453088710247236,21.320169079733716,21.411314010620117,18371000
2017-11-29,21.339159104580453,21.51385345044024,21.26320667882364,21.42270851135254,31138800
2017-11-30,21.449293669059244,21.54043861460146,21.407518962714885,21.49486541748047,31783000
2017-12-01,21.567020727949874,21.608795431335917,21.304979933510023,21.42270851135254,48151800
2017-12-04,21.434099980132462,21.517649382595955,21.267002623905057,21.30118179321289,26111600
2017-12-05,21.335363523664586,21.335363523664586,20.92901193350303,21.03154945373535,39752000
2017-12-06,21.065727768313987,21.153074219313865,20.997369424279352,21.111299514770508,18889600
2017-12-07,21.07332240143048,21.153073316500553,20.982177463707803,21.149274826049805,22950400
2017-12-08,21.122697913391335,21.221438414755934,21.03914992996756,21.217639923095703,19950600
2017-12-11,21.19864481959622,21.35814809661953,21.13788201137296,21.34675407409668,30870800
2017-12-12,21.267003676470587,21.293587315170203,20.970785160275067,20.982177734375,43101000
2017-12-13,21.039146423339844,21.156873568583425,20.97838360520449,21.039146423339844,34770200
2017-12-14,21.020153974357076,21.107501871568374,20.849259567838452,21.01255989074707,26287200
2017-12-15,21.081938996321405,21.166267220211942,21.020609777729355,21.0896053314209,27275200
2017-12-18,21.10877048727917,21.1700997060142,20.825123398956123,20.85578727722168,38807000
2017-12-19,20.85579014300955,20.88262158850528,20.464815771523593,20.476314544677734,29775000
2017-12-20,20.460976475286614,20.533804451188463,20.303820291979957,20.315319061279297,31512000
2017-12-21,20.173500084654304,20.177332521215256,19.993344860006466,20.07383918762207,39869800
2017-12-22,20.096839203229425,20.18116743384644,20.085340430764933,20.10450553894043,22943400
2017-12-26,20.127503182301925,20.188832406085854,19.981847189692616,19.985679626464844,16487400
2017-12-27,20.058506645747705,20.10833562874739,20.016342535360387,20.070005416870117,21232800
2017-12-28,20.108330541916065,20.18882484381791,20.07383277507192,20.18115997314453,9821600
2017-12-29,20.242491724276324,20.280821931286322,20.150497180367193,20.19266128540039,14060200
2018-01-02,20.188824636679367,20.215657532574827,19.94350783595063,20.004837036132812,24540000
2018-01-03,19.932016906667958,20.07767436271074,19.77869311481197,19.847688674926758,41615800
2018-01-04,19.786356560529054,19.91668132590953,19.644533024210364,19.682863235473633,29943600
2018-01-05,19.75185993565745,19.782525276216766,19.57553861405313,19.675199508666992,46832600
2018-01-08,19.709702410002635,19.874525015078948,19.671372183698356,19.859193801879883,28601000
2018-01-09,19.85535217778396,19.863018512503334,19.633034319737476,19.663698196411133,30877400
2018-01-10,19.54870460057437,19.579369937099727,19.406881074653914,19.449045181274414,31124000
2018-01-11,19.42987976832916,19.51804042276777,19.31105523774852,19.376216888427734,33091000
2018-01-12,19.31872095048526,19.422212808561685,19.207561295865386,19.265056610107422,37270600
2018-01-16,19.34172303796429,19.395385928752912,19.111738802526155,19.222898483276367,54585600
2018-01-17,19.253558021273836,19.39538155238621,19.22672658193376,19.341718673706055,46903200
2018-01-18,19.34172124768333,19.345555146501425,19.11940336896489,19.21906280517578,42659400
2018-01-19,19.29572874538456,19.337892868005472,19.13857249156388,19.161571502685547,37263800
2018-01-22,19.25356001715716,19.376218456056595,19.15773302037923,19.188398361206055,41073000
2018-01-23,19.261227259943915,19.510378048187974,19.203730474286363,19.372386932373047,53347800
2018-01-24,19.341715937813426,19.357048604468595,19.222891426744795,19.253555297851562,39062800
2018-01-25,19.26121700326018,19.56786295166746,19.249718237133415,19.55253028869629,52570000
2018-01-26,19.606203341194597,19.663698659638587,19.368551345907044,19.56403923034668,47900000
2018-01-29,19.472042283790376,19.50654005550413,19.291888553466276,19.31488609313965,36121800
2018-01-30,19.29955767196193,19.429882453535036,19.29189279852,19.349388122558594,26178200
2018-01-31,19.372385244458965,19.583204336494678,19.265058018063215,19.56403923034668,54822800
2018-02-01,19.541036088835465,19.617697959402108,19.19989230012764,19.257389068603516,57039200
2018-02-02,19.16156604236844,19.3033895816937,19.096402927194873,19.119401931762695,43612800
2018-02-05,19.088735099683447,19.291889301970468,18.77059027016066,18.80508804321289,66944600
2018-02-06,18.582773419538277,18.682434327784726,18.157301265403007,18.525278091430664,83343200
2018-02-07,18.51377277953903,18.732258183287957,18.42944602899624,18.437110900878906,55760400
2018-02-08,18.383449643211875,18.63260040524503,18.210960766589217,18.230127334594727,52083800
2018-02-09,18.27995862822378,18.755261208094403,18.22629574031343,18.61343765258789,72845000
2018-02-12,18.651763338911,18.858749966753063,18.483108380412098,18.75525665283203,53008800
2018-02-13,18.74759360493898,18.912416156494597,18.55210717473791,18.839588165283203,50134400
2018-02-14,18.678595547302184,18.805087868050045,18.5751022291095,18.628765106201172,40682200
2018-02-15,18.67476831271042,19.050410019181655,18.64793686669134,19.042743682861328,33008200
2018-02-16,19.05424094443326,19.257395185292893,18.98141294847469,19.211397171020508,40133000
2018-02-20,19.1462297415019,19.215225279916247,18.87024758784452,18.962242126464844,33546600
2018-02-21,18.973742310243814,19.100234627503212,18.70926036807011,18.713092803955078,44922800
2018-02-22,18.77442403846457,18.950745352264256,18.705428487464022,18.808921813964844,40257800
2018-02-23,18.862583992901467,19.32255382837406,18.839586451560308,19.2995548248291,41284800
2018-02-26,19.37621498688059,19.41071275803222,19.203726131122455,19.24205780029297,27209800
2018-02-27,19.257390158079893,19.372382239333692,18.927745119536333,18.93541145324707,36402400
2018-02-28,19.004408347269802,19.054237326631217,18.80508804321289,18.80508804321289,23892200
2018-03-01,18.843419589465118,19.111735458666818,18.720761157065,18.808921813964844,43182600
2018-03-02,18.79742400690092,18.985244101431856,18.601936114972393,18.759092330932617,33714200
2018-03-05,18.713090602928304,19.18455912032506,18.674760399772218,19.14239501953125,31000800
2018-03-06,19.119400042503095,19.161564148942446,18.84341786377549,18.885581970214844,41416000
2018-03-07,18.828082077285025,18.908577840884735,18.67092590980517,18.743755340576172,33357600
2018-03-08,18.785923113560504,18.923914217794593,18.75525923606619,18.881750106811523,24517600
2018-03-09,18.843416910921846,18.93924388900062,18.789754037150313,18.93541145324707,26197000
2018-03-12,18.943079742655467,19.03890673802431,18.920082199577443,19.01590919494629,32463600
2018-03-13,19.084902575145936,19.173063225380822,18.912413710684746,19.05807113647461,37745000
2018-03-14,19.115564222362185,19.318718400034243,19.104065453472593,19.253555297851562,38264600
2018-03-15,19.24205780029297,19.41837909186632,19.127065717188767,19.24205780029297,42135600
2018-03-16,19.240902414875116,19.461085273783894,19.229312835125697,19.41086769104004,39512600
2018-03-19,19.399275847088287,19.464943734239004,19.179093030603354,19.291114807128906,43379200
2018-03-20,19.294975933139227,19.376095597183106,19.15591280988493,19.202266693115234,29936400
2018-03-21,19.217723996416616,19.399278845410617,19.07093493821798,19.13660430908203,38471800
2018-03-22,19.155922131712362,19.530620010201588,19.10184232936631,19.221590042114258,50664800
2018-03-23,19.22158222079596,19.395411138722558,18.912553852017275,18.951183319091797,34668600
2018-03-26,19.012988192170553,19.17522752636081,18.9743587267228,19.1481876373291,27519200
2018-03-27,19.175232090527533,19.623323681434005,19.113426404663326,19.422454833984375,42912000
2018-03-28,19.44563365353889,19.522891133768535,19.28725648217186,19.414730072021484,46346200
2018-03-29,19.472675713448723,19.6117388985953,19.437909917162077,19.51902961730957,30929000
2018-04-02,19.553792842828596,19.646502111925695,19.229312611334517,19.368375778198242,35585200
2018-04-03,19.333608726503897,19.526751673768796,19.283391147617174,19.434043884277344,27597600
2018-04-04,19.430176189894606,19.52674764359544,19.27179906476778,19.476530075073242,32714600
2018-04-05,19.47267483539513,19.688995499598235,19.256354171192026,19.631052017211914,28572600
2018-04-06,19.658084879571106,19.700576554969626,19.43403987323817,19.476530075073242,28624000
2018-04-09,19.491978117317238,19.650355212023122,19.426310248724555,19.515155792236328,23512200
2018-04-10,19.51902687960249,19.542204565064065,19.322021710652486,19.364513397216797,28182400
2018-04-11,19.356786916167547,19.42631849688385,19.27180354561122,19.337472915649414,16048200
2018-04-12,19.341334182095583,19.391551759842162,19.04389387323308,19.082523345947266,24157600
2018-04-13,19.11729169850162,19.31815908929962,19.11729169850162,19.233177185058594,20874600
2018-04-16,19.27566865272338,19.507439623177152,19.264079072705965,19.495851516723633,30795200
2018-04-17,19.54220456338322,19.76238741777586,19.461084874620422,19.692855834960938,26389000
2018-04-18,19.716034450543987,19.889863415781843,19.61559928237816,19.619462966918945,28240000
2018-04-19,19.549931909023815,19.654229290984436,19.44949673814443,19.607873916625977,30335400
2018-04-20,19.584696460896456,19.631050358751086,19.368375814968445,19.4301815032959,28160000
2018-04-23,19.457222778941578,19.553794265895814,19.368377187771355,19.4417724609375,23874000
2018-04-24,19.457221285012487,19.692855930858983,19.426319177813053,19.57310676574707,33808800
2018-04-25,19.50357725784593,19.646502639375726,19.43018198805083,19.57697105407715,26815000
2018-04-26,19.596282315634067,19.80101335840484,19.50743674096819,19.77397346496582,23534200
2018-04-27,19.750798918160122,20.048239244592374,19.712169443164104,19.974843978881836,34314600
2018-04-30,20.005744295067544,20.071412181501774,19.89758325628828,19.916898727416992,25492000
2018-05-01,19.916902505086004,19.951668296722783,19.820331025379822,19.8550968170166,21942600
2018-05-02,19.85895878273852,19.92849036515392,19.758525093451723,19.83578109741211,25960600
2018-05-03,19.79715251030593,19.901449880846418,19.584695558566622,19.808740615844727,32960200
2018-05-04,19.843501323715344,19.98642813205175,19.843501323715344,19.897581100463867,23486800
2018-05-07,19.8859988870677,19.92849057382914,19.76624972197307,19.793291091918945,17044000
2018-05-08,19.71217502721433,19.746940827777276,19.264083305272013,19.29884910583496,46295800
2018-05-09,19.302707958081722,19.3374737499398,19.09024952252467,19.163644790649414,44301000
2018-05-10,19.325882831785652,19.437906094854593,19.221585463434955,19.434043884277344,27922800
2018-05-11,19.45335465771065,19.51516033164163,19.383823090342858,19.46108055114746,12957800
2018-05-14,19.491981211757043,19.52674699287332,19.302701994006604,19.387683868408203,17025600
2018-05-15,19.27180250184417,19.360648078266703,19.132739347943264,19.225448608398438,22141400
2018-05-16,19.23317382442174,19.26021371744152,19.001401418241777,19.074796676635742,27082600
2018-05-17,19.0786575935923,19.132737375965696,18.881652461580128,18.92028045654297,22552000
2018-05-18,18.9743684948561,19.036174197827066,18.777363277124966,18.924152374267578,23620800
2018-05-21,18.94732805960405,19.074803147280278,18.862346141384048,19.020723342895508,21484000
2018-05-22,19.01299400785911,19.202273288977764,19.01299400785911,19.09025001525879,22051400
2018-05-23,19.155912865838456,19.30656409194953,19.109558982472752,19.26407241821289,27165800
2018-05-24,19.291117567327454,19.437906623841375,19.22544967078089,19.422454833984375,25795200
2018-05-25,19.449497084817697,19.557658153351383,19.410869079061072,19.5074405670166,27743200
2018-05-29,19.472674772410052,19.638777849578677,19.368377388590407,19.5074405670166,34561400
2018-05-30,19.45335840047746,19.700581143766282,19.403140820258233,19.665815353393555,27771800
2018-05-31,19.64263885556033,19.812605607014735,19.5228911609235,19.696720123291016,30216400
2018-06-01,19.64650077253253,19.654226667227565,19.302706563204055,19.395414352416992,34360000
2018-06-04,19.43404105143525,19.51516072380664,19.22544634514009,19.24089813232422,28729000
2018-06-05,19.275663802078043,19.302703692707702,19.06706909702335,19.14046287536621,29829200
2018-06-06,19.136599874708423,19.159776080825694,18.68464469909668,18.68464469909668,52255800
2018-06-07,18.71554914907397,19.0013998440482,18.67691968112912,18.815982818603516,43051600
2018-06-08,18.88552126916508,18.893247165569342,18.75032176600066,18.808263778686523,22482400
2018-06-11,18.850750110957044,18.92028168525649,18.71555064624348,18.769630432128906,34670400
2018-06-12,18.75418372371633,19.009132407351796,18.74259561604873,18.9859561920166,33322600
2018-06-13,19.009129495774644,19.121152764616603,18.877792225923614,18.93573570251465,33451400
2018-06-14,18.966640798370896,19.21386506036409,18.9434645829332,19.17137336730957,32277200
2018-06-15,19.147987371933805,19.315576222624408,18.99598852752717,19.307781219482422,43422400
2018-06-18,19.29608448787844,19.432494788119804,19.257110965949227,19.370136260986328,34453400
2018-06-19,19.40521017657476,19.631259246718525,19.370133417290205,19.561105728149414,33294800
2018-06-20,19.59228448871804,19.62736124577937,19.490950974210083,19.57669448852539,24635400
2018-06-21,19.59618386584851,19.744285913994762,19.53382534348342,19.642953872680664,25407400
2018-06-22,19.65465037208515,19.83003422315046,19.615676843734995,19.779367446899414,25953400
2018-06-25,19.78326454774097,20.14962226225597,19.78326454774097,20.10675048828125,42932400
2018-06-26,20.052186041268076,20.247056651024334,20.009314269242537,20.13013458251953,39817400
2018-06-27,20.106749268636765,20.266543106739345,20.052185736613165,20.227569580078125,43529400
2018-06-28,20.24705601178077,20.410746605170473,20.18859423600175,20.21977424621582,30075600
2018-06-29,20.18470028087723,20.332800889724655,20.071674958273995,20.25095558166504,28741400
2018-07-02,20.262644798399783,20.406848620106402,20.169106260127208,20.395156860351562,31405600
2018-07-03,20.402946520644594,20.574433560618484,20.30940948679006,20.45361328125,21211200
2018-07-05,20.46531264159269,20.578337962337773,20.37957057649719,20.562747955322266,22062000
2018-07-06,20.605617833375913,20.769309918472203,20.57054106419419,20.7225399017334,24793400
2018-07-09,20.71864505597051,20.722541814352688,20.013212849204592,20.08336639404297,55873600
2018-07-10,19.892389692649992,20.383462913152194,19.833927922396228,20.274335861206055,54218200
2018-07-11,20.266538100205242,20.492588661883293,20.250948098694124,20.45751190185547,43544600
2018-07-12,20.457515959070392,20.51597624621459,20.363977418197145,20.47310447692871,34273400
2018-07-13,20.50038088954332,20.547150891141957,20.34058710094201,20.47699737548828,21918600
2018-07-16,20.46140865886106,20.5120754204,20.356178378777592,20.45751190185547,20986400
2018-07-17,20.488693573820427,20.523770339250806,20.42243828731005,20.441925048828125,22107000
2018-07-18,20.418540007688527,20.45361677305831,20.250951182782284,20.336694717407227,20722600
2018-07-19,20.35617866953616,20.644587754633804,20.35617866953616,20.523767471313477,22238800
2018-07-20,20.46141531175246,20.515978848037957,20.24315967986562,20.37957000732422,27657000
2018-07-23,20.38346316208201,20.422438171642018,20.16520905552434,20.235361099243164,29527400
2018-07-24,20.180800123786163,20.367875733089832,19.946955983842773,20.305517196655273,31397600
2018-07-25,20.301618900540664,20.465309488750982,20.23926036883035,20.363977432250977,26937400
2018-07-26,20.461409328707926,20.640689891721753,20.426332567531794,20.582229614257812,38142000
2018-07-27,20.593924487301425,20.68356478236673,20.434130659272896,20.515975952148438,31495800
2018-07-30,20.48869353389119,20.48869353389119,20.325002953364837,20.391258239746094,18952800
2018-07-31,20.48090145255576,20.62900353706436,20.406851153673866,20.574440002441406,30439600
2018-08-01,20.457515052740426,20.50038533338235,20.26654122167624,20.441925048828125,39970800
2018-08-02,20.434131604775406,20.60561720065102,20.3133112953606,20.543258666992188,34583800
2018-08-03,20.55104867369243,20.827764506613825,20.480895154537098,20.77320098876953,30833200
2018-08-06,20.79269222898695,20.909615777278766,20.749821946257253,20.788795471191406,24398200
2018-08-07,20.749822527281502,20.79269281121163,20.593925449690197,20.75761604309082,26216400
2018-08-08,20.68746783311416,20.718646362372215,20.574442505220603,20.64849281311035,34012000
2018-08-09,20.644591982043305,20.753719043037123,20.574438446620224,20.742027282714844,17362200
2018-08-10,20.76930776792075,20.913511587738615,20.644590709687254,20.652385711669922,26601000
2018-08-13,20.687463428854915,20.718641951475217,20.582233127365136,20.679668426513672,34546800
2018-08-14,20.68746461929644,20.804386687653924,20.66407961092704,20.7225399017334,19887600
2018-08-15,20.788792323894985,21.038226413897988,20.74592056091113,20.913509368896484,38545400
2018-08-16,20.866747244419052,21.155154941853564,20.82387546829489,21.13956642150879,26545800
2018-08-17,21.127871245034335,21.34222861935148,21.088897717611136,21.24869155883789,28230200
2018-08-20,21.291560803302254,21.303252562792206,21.123971979138158,21.174638748168945,19149200
2018-08-21,21.143460538002454,21.15515229848636,20.96028169444947,21.022640228271484,23701600
2018-08-22,21.04212306896916,21.046019825880517,20.788790754145086,20.86673927307129,25305200
2018-08-23,20.85894742178789,20.999254479689743,20.81217889806879,20.851152420043945,22336200
2018-08-24,20.827762997842047,20.960275025897964,20.745917727004514,20.94078826904297,15692600
2018-08-27,20.956379544326644,21.014839818448678,20.706945473219555,20.812175750732422,24768200
2018-08-28,20.761514994739112,20.83946353618917,20.7069514617475,20.769309997558594,20132200
2018-08-29,20.81996927475802,20.921302795410156,20.788790759226522,20.921302795410156,23822400
2018-08-30,20.95638561783088,21.042129162152953,20.85505206786029,20.92910385131836,26951400
2018-08-31,20.96028301823888,21.04602656518873,20.76151564373537,20.83946418762207,24265000
2018-09-04,20.862843224138793,21.04602203987371,20.843356464043364,20.93299674987793,25930200
2018-09-05,20.909614255376926,21.23699689592724,20.909614255376926,21.225303649902344,29669600
2018-09-06,21.236999491788975,21.412381849409684,21.174640956764005,21.346126556396484,24705600
2018-09-07,21.139558366449073,21.240890400430406,21.038224845723402,21.084993362426758,32367000
2018-09-10,21.127872782779576,21.275974873907607,21.112282775977704,21.190231323242188,19864800
2018-09-11,21.182430599889123,21.26817412740097,21.092790315101496,21.135662078857422,18093400
2018-09-12,21.131768517523117,21.24869058115775,21.06940998446833,21.116178512573242,19619800
2018-09-13,21.108379745177754,21.28376355272035,21.010944461736802,21.275968551635742,17548400
2018-09-14,21.190230375709355,21.209717139967896,20.98366799842817,21.162948608398438,26135000
2018-09-17,21.123971930789278,21.26427899132595,21.1005869251183,21.23309898376465,28518200
2018-09-18,21.201919223236295,21.264277747968098,21.09279068989726,21.194124221801758,19535000
2018-09-19,21.18633167727268,21.18633167727268,20.63679664973833,20.73423194885254,51020000
2018-09-20,20.706946088947053,20.796586367995122,20.535459044903455,20.777099609375,35629000
2018-09-21,20.743676911182334,20.940299441146145,20.649297436750924,20.865583419799805,40685200
2018-09-24,20.794798948670607,20.869514969153425,20.66109556983604,20.680757522583008,27053600
2018-09-25,20.621764937486137,20.633563306232602,20.36222332672078,20.397615432739258,40048000
2018-09-26,20.49593092165801,20.503796002416387,20.18920027263518,20.197065353393555,48164400
2018-09-27,20.248186142556072,20.515591368166152,20.20099566146842,20.40548324584961,32913600
2018-09-28,20.448741555680595,20.720080086283414,20.421214523595268,20.7043514251709,30854800
2018-10-01,20.64143289090285,20.680756795013334,20.55491850172684,20.633567810058594,25157400
2018-10-02,20.672891511959936,20.967825290236075,20.672891511959936,20.912771224975586,31666400
2018-10-03,20.87737528186892,20.987483392191862,20.48413031630357,20.661090850830078,49352600
2018-10-04,20.609973579801764,20.814461191463593,20.456608246083107,20.771203994750977,48151800
2018-10-05,20.739743382445106,21.15658215096241,20.72401322133973,21.089731216430664,60780000
2018-10-08,21.17231554166497,21.408261993793623,21.077936060746932,21.266695022583008,42978600
2018-10-09,21.247034083159466,21.447589941308493,21.215575252536976,21.35321044921875,36227600
2018-10-10,21.317810580186134,21.585217293800305,21.22736441236231,21.2352294921875,61168000
2018-10-11,21.294223152339626,21.345343936189476,20.73974761125937,20.845922470092773,85789600
2018-10-12,20.818391462424014,20.885243897948524,20.649295978587055,20.822324752807617,43738200
2018-10-15,20.818394474867848,21.054342428371235,20.794800729595185,20.920639038085938,36706000
2018-10-16,20.89704121420875,21.254894141094532,20.834122067726987,21.136920928955078,35875000
2018-10-17,21.10939399342747,21.19984017315498,20.98355569988391,21.097597122192383,28517000
2018-10-18,21.15264262682991,21.258818925304496,21.018939306540815,21.129047393798828,33038000
2018-10-19,21.132992266316716,21.573426356874027,21.066139819473257,21.45938491821289,59579200
2018-10-22,21.482975312893014,21.506569053418414,21.27062264750044,21.321744918823242,24500000
2018-10-23,21.36107212690732,21.498707301649794,21.11726060303027,21.203773498535156,37849200
2018-10-24,21.298147751469273,21.82116428742447,21.20770158737916,21.71891975402832,58326800
2018-10-25,21.577357944859283,21.577357944859283,21.274559041664524,21.380735397338867,59822400
2018-10-26,21.49478012529821,21.557699290131822,20.841993227607773,20.98749351501465,73786000
2018-10-29,21.034679702466725,21.37680249737124,21.034679702466725,21.28242301940918,49946400
2018-10-30,21.365001678466797,21.494771749067773,21.113323617096768,21.365001678466797,50131000
2018-10-31,21.18804072068511,21.317810788794183,20.987484933456624,21.113323211669922,50286000
2018-11-01,21.144787812358146,21.15658468454453,20.881312832678546,21.018949508666992,54054800
2018-11-02,21.077935263376993,21.132990833561177,20.763339505736166,20.900976181030273,48273200
2018-11-05,20.995353677888563,21.27062552206759,20.944231399656964,21.19590950012207,42506600
2018-11-06,21.176240633656782,21.384661483887182,21.14871360628662,21.33747100830078,26136200
2018-11-07,21.49477679793486,21.612750026221878,21.325681287349436,21.58129119873047,41450800
2018-11-08,21.600952509050895,21.67173674393375,21.36500605951535,21.5458984375,41168200
2018-11-09,21.471178092768003,21.671733898642003,21.4279223994506,21.577354431152344,40030200
2018-11-12,21.42005534448043,21.789705099512734,21.26275674653316,21.565555572509766,55327800
2018-11-13,21.56162598371199,21.703192936183555,21.396462288995693,21.656003952026367,47516000
2018-11-14,21.4711743295134,21.612742755879808,21.35713443059422,21.43185043334961,55155600
2018-11-15,21.32174095386096,21.341402900679373,21.066131144890456,21.2548885345459,68562400
2018-11-16,21.58129119873047,21.683534263216288,21.420060770045644,21.58129119873047,42812800
2018-11-19,21.549828512666437,21.695328761626186,21.459382330874657,21.67566680908203,29144000
2018-11-20,21.738587585751038,21.89195292723938,21.455452147661383,21.585222244262695,48856800
2018-11-21,21.510506556464076,21.538033592542053,21.207707659495362,21.266695022583008,37819400
2018-11-23,21.294216411164047,21.329608519608005,21.136917818055228,21.278486251831055,16235800
2018-11-26,21.302084741569992,21.416126172002198,21.188044811248684,21.404329299926758,32202000
2018-11-27,21.388595024846737,21.589150812235037,21.302080645964676,21.565555572509766,26366800
2018-11-28,21.589152979172866,21.65207212464495,21.475111559220107,21.549827575683594,24124400
2018-11-29,21.581287071904974,21.581287071904974,21.32174541925931,21.541961669921875,34979200
2018-11-30,21.59308218038052,21.880150840933286,21.538028122207464,21.860488891601562,36333600
2018-12-03,21.789703705152633,22.080705642700195,21.66386543489166,22.080705642700195,35813000
2018-12-04,22.13576476760356,22.340252378633743,22.041385293239305,22.096439361572266,44536000
2018-12-06,22.18688420019423,22.194749280923666,21.667800872937466,22.120033264160156,49395800
2018-12-07,22.088574310435316,22.332387327828695,21.939142267645526,22.20261573791504,39458800
2018-12-10,22.202611494490874,22.31665290017469,21.81723158917954,22.245868682861328,42296200
2018-12-11,22.27339791854461,22.411034577006113,22.15542471137098,22.33631706237793,52186800
2018-12-12,22.31272646340116,22.458226722736338,22.182954867156404,22.194751739501953,36594800
2018-12-13,22.210479163866825,22.485750985502218,22.206547373606792,22.387439727783203,36144000
2018-12-14,22.407100201577297,22.458222472250725,22.214410989217715,22.344181060791016,50311200
2018-12-17,22.387438936574505,22.4031690972802,21.538029759906145,21.624544143676758,60421600
2018-12-18,21.74644878036832,21.89981409444378,21.416122911547834,21.479042053222656,47270800
2018-12-19,21.522300506072586,21.695327780793868,21.3178129086143,21.44365119934082,55856800
2018-12-20,21.463310750369025,21.738581023736508,21.188038976891065,21.43185043334961,78047600
2018-12-21,21.594058509418876,21.978745018983293,21.276790739161395,21.34024429321289,71291600
2018-12-24,21.300584497835544,21.459219136570997,20.364643457570853,20.447927474975586,45330600
2018-12-26,20.451896940538006,20.75330251464613,20.150492879282233,20.725540161132812,61678200
2018-12-27,20.733465538914995,20.92779287540539,20.384471790749366,20.90003204345703,59461200
2018-12-28,20.947620979539778,21.16177725694278,20.87227036912842,20.951587677001953,42175200
2018-12-31,20.95951905979733,21.046768253962657,20.769158419406345,20.987279891967773,32604400
2019-01-02,20.904002263709774,20.923831218041997,20.503451939930837,20.626392364501953,50347800
2019-01-03,20.626386449236843,20.796918130722656,20.527240193156803,20.622421264648438,43175000
2019-01-04,20.52724736318313,20.939696295626106,20.49948652281219,20.927799224853516,38007000
2019-01-07,20.796923620050215,20.888138018177585,20.670016499798898,20.78502655029297,32535400
2019-01-08,20.804852764244657,21.066598854398464,20.689842728897016,21.042804718017578,33287000
2019-01-09,21.030909726205547,21.11815894209783,20.85641280727324,20.91590118408203,36149400
2019-01-10,20.939693724868828,21.229200676660486,20.91193288790608,21.189542770385742,50916200
2019-01-11,21.161782166496963,21.205406771590948,20.97935337506044,21.110225677490234,49685000
2019-01-14,20.86037458717038,21.114190308975186,20.439995370911834,20.634321212768555,46979600
2019-01-15,20.547074004313203,21.003145948920817,20.527243539582916,20.88813591003418,54186200
2019-01-16,20.848479485424395,20.971421416355152,20.72950425286194,20.963489532470703,36696400
2019-01-17,20.94762251199827,21.098325256697716,20.915896494238975,21.050735473632812,41571800
2019-01-18,21.078494437879232,21.145913165173507,20.97934818278639,21.074527740478516,28309400
2019-01-22,21.070564549524534,21.229197664971103,20.90796473630193,21.11418914794922,33828800
2019-01-23,21.11815852152885,21.340246742626196,21.082465798724854,21.32834815979004,28422200
2019-01-24,21.312486868778816,21.459222952347194,21.153852201835708,21.439393997192383,43848200
2019-01-25,21.37196550035951,21.471111750788236,21.11418615695586,21.145912170410156,36308200
2019-01-28,21.149879230540108,21.22919502196271,20.951586726280112,21.04676628112793,28367600
2019-01-29,21.14592011696534,21.205408494718764,21.034876758868055,21.10626220703125,25237000
2019-01-30,21.05074024323824,21.360076172526306,21.019012705438303,21.268861770629883,37157800
2019-01-31,21.26092710415077,21.780452608399678,21.16574601605783,21.716999053955078,46163200
2019-02-01,21.625788513125354,21.717002919321285,21.44732639957159,21.63372039794922,31124800
2019-02-04,21.538534611046543,21.68130395825704,21.387831868441573,21.66940689086914,36131400
2019-02-05,21.669409074193847,21.752691580004164,21.546468664526824,21.71303367614746,24592200
2019-02-06,21.681307077089645,21.788385237539526,21.59405938227473,21.70113754272461,18408400
2019-02-07,21.669405636031787,21.98667335510254,21.601986907601923,21.98667335510254,32150800
2019-02-08,21.935119728566484,22.09375284135029,21.887528433164622,22.08185577392578,29267400
2019-02-11,22.081862625384492,22.18894080398454,21.99858010186858,22.073930740356445,29458200
2019-02-12,22.077893162342782,22.236527817338242,21.95098604348729,22.125484466552734,29506600
2019-02-13,22.058062186807696,22.117550555191254,21.970814496124415,22.062028884887695,26763600
2019-02-14,22.0778935551369,22.141348628545785,21.94702124836162,22.026338577270508,38188000
2019-02-15,22.097718604890385,22.177034401503303,22.01443459788387,22.093751907348633,18689000
2019-02-19,22.109620308633783,22.248424494668196,22.0422015648034,22.22463035583496,28978600
2019-02-20,22.21669618548258,22.363432240310615,22.09772096500439,22.323774337768555,28716800
2019-02-21,22.256355721108278,22.52206852876347,22.18100509560863,22.48637580871582,38200000
2019-02-22,22.526034916346713,22.629147896588286,22.422923448957345,22.625181198120117,30495000
2019-02-25,22.645013922744468,22.660877693554372,22.387234454919593,22.47844886779785,26160200
2019-02-26,22.526034220944844,22.55776175630193,22.335673547358805,22.45068359375,27405400
2019-02-27,22.399131526600794,22.54983432358996,22.37533587038594,22.47844886779785,23912600
2019-02-28,22.490338747520273,22.66483714492321,22.371363530196795,22.60931396484375,25616200
2019-03-01,22.61724671207156,22.672768381420912,22.46654547036675,22.656906127929688,26836000
2019-03-04,22.684668558883157,22.74415541757829,22.474477422174377,22.696565628051758,24675200
2019-03-05,22.696568823935575,22.752090505009846,22.629150072017485,22.668807983398438,24091000
2019-03-06,22.692603637938415,22.752090505009846,22.58949064778419,22.668807983398438,22608600
2019-03-07,22.708463162699495,22.886926768147323,22.680702325502295,22.744155883789062,30257000
2019-03-08,22.771916488337,22.84330192978682,22.609316652335107,22.82347297668457,36031800
2019-03-11,22.831406484440105,22.99400633200734,22.81554271568909,22.986074447631836,28917600
2019-03-12,23.025731498397803,23.16850086389824,22.98210689525096,23.14470672607422,34204200
2019-03-13,23.101080257393473,23.224022173347088,23.08521649155714,23.168498992919922,31775200
2019-03-14,23.15660173226015,23.295407412894956,23.077284416590537,23.164533615112305,30310800
2019-03-15,23.200489435709002,23.32434312304998,23.068646564475312,23.248432159423828,35429800
2019-03-18,23.2604250311897,23.292386347285724,23.060661852355224,23.16054344177246,30017600
2019-03-19,23.124582359293267,23.16053978677186,22.812950813121507,22.896852493286133,45271600
2019-03-20,22.940798063144584,23.14056120137777,22.84091649402799,22.95677947998047,37761000
2019-03-21,22.972764871177272,23.24843750096546,22.936807439111675,23.20049476623535,30743600
2019-03-22,23.288388198060755,23.53209948287456,23.20049192509266,23.36829376220703,40905000
2019-03-25,23.388275146484375,23.460190018333748,23.292388142661135,23.388275146484375,27526000
2019-03-26,23.400255314309085,23.572051745566934,23.36829400276468,23.55607032775879,31399400
2019-03-27,23.580043174625107,23.60001918545943,23.284393032432558,23.39226531982422,34647000
2019-03-28,23.388272348151357,23.46817792109824,23.036688741628318,23.116594314575195,49497600
2019-03-29,23.08462916990676,23.26841242654858,23.028695731652594,23.24044418334961,43670200
2019-04-01,23.240444680075214,23.240444680075214,22.94479606467796,23.08063507080078,53363800
2019-04-02,23.128579838746393,23.156546560935016,22.968770215393132,23.112598419189453,49956200
2019-04-03,23.064655780082372,23.172528076430265,22.904846156067467,23.076641082763672,30901000
2019-04-04,23.11659604016925,23.136572053879117,22.860899406909777,22.99673843383789,32529200
2019-04-05,22.996733693054587,23.224463555359232,22.924818839266607,23.21247673034668,30838600
2019-04-08,23.160543956110033,23.192505272915835,22.988747496571442,23.048675537109375,29363400
2019-04-09,23.06864729612486,23.128575321651148,23.000727038308952,23.104604721069336,25987800
2019-04-10,23.152553376085677,23.308368416061498,22.980756915581015,23.032695770263672,33782400
2019-04-11,23.02869436263127,23.156542649346655,23.00072764516677,23.14855194091797,34840000
2019-04-12,23.064657197197402,23.280401803148745,22.94879418391922,23.25642967224121,31853200
2019-04-15,23.27640056371857,23.356306125087382,23.19250041011364,23.252429962158203,30506200
2019-04-16,23.252434553549016,23.30437340730528,22.888865625399383,22.96477508544922,39377400
2019-04-17,22.94079906978278,23.000728623511154,22.85689891382055,22.876874923706055,30389600
2019-04-18,22.932810747707624,23.048672219030436,22.876875784223603,22.88886260986328,32078800
2019-04-22,22.88087415773044,22.956783615267042,22.82094459583644,22.86888885498047,21371000
2019-04-23,22.87687486846696,23.004724684383568,22.76500799412077,22.932809829711914,34136400
2019-04-24,22.988744202551803,23.160540637473957,22.952786773752468,23.08063507080078,32856800
2019-04-25,22.976758139988192,23.268413696642284,22.952787536040493,23.17652130126953,30506600
2019-04-26,23.304369117798302,23.444202709012792,23.188506128465246,23.21247673034668,29034800
2019-04-29,23.19250408892312,23.200494798734674,22.980755613169144,23.076641082763672,41551800
2019-04-30,23.080634036660765,23.472169619337258,23.04068049307836,23.456188201904297,44033400
2019-05-01,23.38827097137867,23.45219512115881,23.19649852203825,23.216474533081055,52825400
2019-05-02,23.172526231636343,23.296379937747194,22.992739085369603,23.164535522460938,46927600
2019-05-03,23.16453300187,23.332334828150668,23.128575576529272,23.292381286621094,32142600
2019-05-06,23.292383821123522,23.356307970454814,23.116592791480453,23.164535522460938,26779000
2019-05-07,23.128576368833247,23.184509804818962,22.984746662543223,23.092618942260742,25084400
2019-05-08,23.06465607313141,23.08862820287065,22.757020599802168,22.776996612548828,57384800
2019-05-09,22.776997791001236,22.87687938397437,22.637164170467713,22.74903106689453,32347600
2019-05-10,22.74503962865831,23.168538190272486,22.70109147780268,23.156551361083984,50316000
2019-05-13,23.08462884329368,23.456188419664336,23.052667532202882,23.404251098632812,40192600
2019-05-14,23.40824327056885,23.42821927844405,23.204485551727068,23.248432159423828,35218800
2019-05-15,23.26042349947515,23.34831825600536,23.180517928388774,23.208484649658203,29155000
2019-05-16,23.184510726809076,23.436212722826177,23.12058657970161,23.36429786682129,27816600
2019-05-17,23.26042378931257,23.576048436725,23.22846095085094,23.48415756225586,20954200
2019-05-20,23.5360931051425,23.663941392878165,23.456187544289758,23.516117095947266,18237400
2019-05-21,23.552071700911988,23.751834817079057,23.496138272236667,23.560062408447266,23008800
2019-05-22,23.596027209168493,23.759832954687255,23.52411234293371,23.73586082458496,18515800
2019-05-23,23.759831526276052,23.943613273795282,23.73585939761493,23.939617156982422,30329000
2019-05-24,23.955591408963013,24.079445083882433,23.875685861404406,23.903654098510742,17424800
2019-05-28,23.935617668505927,23.95559367626834,23.472167277688058,23.51211929321289,32795800
2019-05-29,23.568059796691657,23.592030402020683,23.144561321704884,23.20049476623535,40238200
2019-05-30,23.204489068337956,23.33233736700054,23.092620663954243,23.164535522460938,33645200
2019-05-31,23.172529752674023,23.336335505480037,23.06865356575379,23.272411346435547,36514000
2019-06-03,23.348318580221424,23.536096446271102,23.22846098396351,23.504135131835938,40670800
2019-06-04,23.52810538678537,23.556072108027287,23.08862703235065,23.524110794067383,37057800
2019-06-05,23.612000127431244,24.107413334637904,23.528099982975235,24.027507781982422,63510600
2019-06-06,24.05947536381362,24.219284976611302,23.99155509721884,24.175336837768555,51022400
2019-06-07,24.29918947341465,24.447013777853016,23.983563330256292,23.99555015563965,37986200
2019-06-10,23.923636016681616,23.97157874743635,23.71188603471035,23.831745147705078,27400600
2019-06-11,23.82374905646658,23.887673191055555,23.55207110344553,23.687910079956055,36072200
2019-06-12,23.80777230670991,24.03150758364594,23.779805587601892,23.99555015563965,24700400
2019-06-13,24.051482071918027,24.115406214987324,23.88368024381625,24.04349136352539,32424000
2019-06-14,24.0714669104033,24.33914888142069,24.063476199079627,24.295202255249023,28485400
2019-06-17,24.29519229004746,24.367107138390708,24.075451628958806,24.227272033691406,22924200
2019-06-18,24.335149511303367,24.375101536007605,23.963589890080154,24.127395629882812,46290600
2019-06-19,24.019522265286444,24.415053998171967,24.01153155588682,24.311176300048828,43191800
2019-06-20,24.43902318125213,24.522924863033598,24.187322708123403,24.466991424560547,38275600
2019-06-21,24.44484802677626,24.605933416199573,24.271680119373084,24.561635971069336,30116400
2019-06-24,24.605925637606724,24.642170107610905,24.477056752311473,24.56968116760254,19774400
2019-06-25,24.589818559775868,24.589818559775868,24.364297238898942,24.420677185058594,24290800
2019-06-26,24.3602734763173,24.412625411456343,23.881040808012365,23.889095306396484,33777000
2019-06-27,23.965607856235458,24.03407031615265,23.828684472639374,23.921310424804688,28271000
2019-06-28,23.929365534118716,24.146832375158876,23.881040081522606,24.01393699645996,32266400
2019-07-01,24.030042873484668,24.054206366310137,23.736060623847315,23.953527450561523,35846800
2019-07-02,24.04212374209238,24.319996977489545,24.038095725444723,24.279726028442383,42719000
2019-07-03,24.352216897974202,24.597873700873226,24.332079885614593,24.448867797851562,31573200
2019-07-05,24.295838679839306,24.473033033053625,24.062262838738263,24.43678855895996,31892800
2019-07-08,24.45289652097793,24.54954742364641,24.31999960951077,24.473031997680664,18836400
2019-07-09,24.4327619783365,24.513305429529265,24.29986658967122,24.505250930786133,34965400
2019-07-10,24.53344445327551,24.6945313789376,24.448874508610363,24.561635971069336,22972000
2019-07-11,24.533436697598358,24.6623071191319,24.360270381176473,24.56968116760254,39996000
2019-07-12,24.561632256124597,24.589822233415912,24.320001904178028,24.408599853515625,22490600
2019-07-15,24.412626499597952,24.541495407010945,24.32000206840977,24.505250930786133,18690600
2019-07-16,24.444839393859056,24.52940930865757,24.23542707894971,24.364295959472656,28749200
2019-07-17,24.448871846795125,24.59787777449345,24.36430191133734,24.456926345825195,26709400
2019-07-18,24.460949774643215,24.67438858206424,24.3240263892958,24.670360565185547,29466400
2019-07-19,24.613979787895747,24.682442246377526,24.299862076447603,24.31194305419922,30616600
2019-07-22,24.37235194958008,24.39651544224772,24.118640653404004,24.259592056274414,26353000
2019-07-23,24.287785951791996,24.303893413266593,24.062264592523295,24.106563568115234,33581200
2019-07-24,24.17502299416594,24.235430963698217,23.941448686867318,24.126697540283203,27121400
2019-07-25,24.050182441043283,24.223350317429674,23.945475497245766,24.0662899017334,28296600
2019-07-26,24.08642721962434,24.24751258222551,24.034073747065666,24.154888153076172,27758000
2019-07-29,24.223346085281065,24.31597049708012,24.086422707787193,24.279726028442383,33243400
2019-07-30,24.223345577564828,24.336105461524042,23.97366078274343,24.0944766998291,37991200
2019-07-31,24.1025305412683,24.219318446058573,23.836738279195625,23.98171615600586,48762000
2019-08-01,23.94144915381222,24.364300340069864,23.860905704944454,24.22737693786621,58986200
2019-08-02,24.263617660291164,24.42470453311206,24.170993246102547,24.223346710205078,29878600
2019-08-05,24.27569602424506,24.34013045918795,23.748139568224577,23.87700843811035,53153600
2019-08-06,23.901175336020703,24.26764654862289,23.6353830448613,24.17502212524414,54071800
2019-08-07,24.18307629520724,24.380407654502726,23.840768581441374,24.235429763793945,49909400
2019-08-08,24.223345098602945,24.549543766817454,24.090448206931725,24.485109329223633,34115000
2019-08-09,24.505245445076536,24.62203334635014,24.424703548152326,24.5132999420166,23627000
2019-08-12,24.517334555178966,24.581769011797835,24.3401386472981,24.464981079101562,27249600
2019-08-13,24.46094934828087,24.569681222297177,24.315971467941406,24.4810848236084,35494400
2019-08-14,24.51330029814473,24.638142698172103,24.215291588223987,24.279726028442383,40581000
2019-08-15,24.36429756287879,24.67841528779567,24.219319678689974,24.59384536743164,44171600
2019-08-16,24.60592752936235,24.795204391296007,24.569683056571616,24.71868896484375,32243000
2019-08-19,24.666333451905757,24.960315690739062,24.626062501581632,24.87574577331543,28468000
2019-08-20,24.932132192939488,24.936158674522233,24.730774316551273,24.835479736328125,31048800
2019-08-21,24.795203520050688,25.00058937072754,24.77506804392744,25.00058937072754,28795800
2019-08-22,24.984480710421405,25.05696965442799,24.811312848209933,25.024751663208008,29834200
2019-08-23,25.073078474122152,25.153621920303564,24.63411830548384,24.758960723876953,42595800
2019-08-26,24.819373416029283,25.052947764545376,24.758965435837165,25.044893264770508,25701400
2019-08-27,25.165704587711897,25.26638351198685,25.060997646172403,25.089187622070312,38448800
2019-08-28,25.117376151689314,25.20597409154604,24.932127310387415,25.02072525024414,31791600
2019-08-29,25.161675440901053,25.201947930546222,24.960317601390415,25.193893432617188,35467000
2019-08-30,25.27041100710199,25.290546485517318,25.125433104530014,25.201950073242188,24166000
2019-09-03,25.193894392336578,25.65299003811118,25.165704416630312,25.648962020874023,42728200
2019-09-04,25.72145167520708,25.785886126625186,25.512039324038607,25.673126220703125,31633200
2019-09-05,25.503977987498455,25.560357921946935,25.30664668069078,25.395244598388672,58664800
2019-09-06,25.459684280469382,25.51606422654791,25.218053964969297,25.294570922851562,25326400
2019-09-09,25.242222001561196,25.286520977522947,25.121407590180986,25.16973304748535,33649800
2019-09-10,25.129461121956197,25.201950073242188,24.98448321938422,25.201950073242188,38336000
2019-09-11,25.165701893044524,25.471765114123126,25.05294046528857,25.451629638671875,45377000
2019-09-12,25.604665216582607,25.681180647353134,25.391224848663146,25.508012771606445,47199400
2019-09-13,25.36303473225382,25.532176125968792,25.270410305125484,25.346925735473633,49998200
2019-09-16,25.387199000808252,25.40733447927764,25.226112100576092,25.367063522338867,23926000
2019-09-17,25.411360396105184,25.64896272373942,25.39927941653957,25.58855628967285,34658200
2019-09-18,25.685205997944312,25.77783195774561,25.524120645058705,25.697288513183594,41925400
2019-09-19,25.777829026004202,25.842261930839676,25.681176596274486,25.818099975585938,30041400
2019-09-20,25.851385429389676,25.94878381564128,25.721519882307913,25.92037582397461,36989200
2019-09-23,25.912258702649797,26.021834594991663,25.85950188915409,25.924434661865234,17616600
2019-09-24,26.017769517646354,26.318082942694076,25.997476772935265,26.22879981994629,53815800
2019-09-25,26.20851411786722,26.240981275798514,26.070530244778528,26.212570190429688,32467600
2019-09-26,26.277500152752392,26.42359924299956,26.228799423923977,26.350549697875977,26746800
2019-09-27,26.387073386740102,26.403306963301958,26.111108777664835,26.2572078704834,33229600
2019-09-30,26.27750239052013,26.407367915550388,26.200393670701484,26.2734432220459,21670400
2019-10-01,26.184162201299454,26.257211758525564,26.070530244778528,26.212570190429688,47566800
2019-10-02,26.15575064175304,26.20039220375508,25.798621241974914,25.863554000854492,29720600
2019-10-03,25.871676300250112,25.936609072961257,25.737751585716204,25.924434661865234,59569200
2019-10-04,25.95689450947727,26.342434987247902,25.920369736181456,26.285615921020508,37167000
2019-10-07,26.261270865738915,26.293738023594067,26.11923092042087,26.184162139892578,25731800
2019-10-08,26.167927448883006,26.18821709710056,25.92848606850642,25.94066047668457,43191800
2019-10-09,26.009653935242557,26.16793054902395,25.948780339021013,26.06647300720215,17954000
2019-10-10,26.005595895292647,26.094879020738876,25.810796067388313,26.038063049316406,31210600
2019-10-11,26.01371002199155,26.10299314361543,25.85137890317974,25.94066047668457,32154600
2019-10-14,26.013708926175145,26.025883333840454,25.69716194192533,25.774269104003906,19892000
2019-10-15,25.790505974985834,25.85138111732857,25.628174842270496,25.69310760498047,31726600
2019-10-16,25.67687415413017,25.76209811533571,25.55918303734965,25.749923706054688,32355000
2019-10-17,25.749926619880316,25.8676177499786,25.68905147034828,25.81485939025879,25999600
2019-10-18,25.753984420469056,25.95689952283289,25.689051649637406,25.900083541870117,29105800
2019-10-21,25.90414085513634,26.009654471514825,25.82297451038155,26.00153923034668,22924800
2019-10-22,26.062416857829806,26.22880563564917,25.985308126316134,26.111114501953125,31182600
2019-10-23,26.171987460787907,26.281563343363285,26.102997073233666,26.216629028320312,25821800
2019-10-24,26.228805194952805,26.350555495693083,26.1882227934523,26.3059139251709,22922400
2019-10-25,26.32620207474127,26.362725300839333,25.9325463468583,26.038063049316406,33850200
2019-10-28,25.90414275750345,25.973133149334068,25.648469294591266,25.68093490600586,50137200
2019-10-29,25.66470171918089,25.762100097160108,25.591652161636823,25.705284118652344,39544800
2019-10-30,25.725572376851996,25.997477828082772,25.721514756616532,25.932546615600586,39360600
2019-10-31,25.956899551931787,26.10705784249531,25.871675580392086,26.0745906829834,34491800
2019-11-01,26.090824806599638,26.171989610832536,25.9650168830476,26.00965690612793,31381800
2019-11-04,25.985304398212687,26.00153797600437,25.58353341064319,25.6768741607666,48685600
2019-11-05,25.551064427926697,25.632230762961807,25.344091744300293,25.413082122802734,43993800
2019-11-06,25.45772253313266,25.615996027827588,25.417140141510014,25.510480880737305,35543800
2019-11-07,25.376559211075016,25.506424737410534,24.999137041375167,25.16552734375,45689400
2019-11-08,25.088416986207495,25.197991300414568,24.950434688478474,25.060009002685547,31943000
2019-11-11,25.068130651220226,25.096538640250415,24.8814491381306,24.905797958374023,18546400
2019-11-12,24.909855016743425,25.015370174470476,24.893621439210293,24.966670989990234,25337000
2019-11-13,25.05595529525745,25.39279353023692,25.023488138666103,25.33597755432129,33593800
2019-11-14,25.417143754721057,25.55512607321974,25.344094200920622,25.425260543823242,33672000
2019-11-15,25.43743356876099,25.518599907245417,25.360326398666313,25.506423950195312,19931600
2019-11-18,25.55918312072754,25.77021498829576,25.514541555725906,25.55918312072754,32981600
2019-11-19,25.48613255527456,25.6362892740307,25.36032620231095,25.49424934387207,36104800
2019-11-20,25.530773095113222,25.684988976046018,25.4698979571316,25.64846420288086,39359000
2019-11-21,25.644407082211092,25.66875744897176,25.473959159243986,25.55918312072754,28418000
2019-11-22,25.615999983600176,25.62817594146246,25.38467690976702,25.56730079650879,22970400
2019-11-25,25.591650976137675,25.664700530297814,25.425260669021625,25.48207664489746,40797400
2019-11-26,25.522659229958663,25.60382557385714,25.465843253665497,25.56730079650879,32300200
2019-11-27,25.506421781070383,25.640346460398295,25.486130585204673,25.6119384765625,25056400
2019-11-29,25.66064263640228,25.758042562827384,25.56324425809649,25.58759307861328,10243000
2019-12-02,25.46584327251579,25.53077603805879,25.368443350141668,25.421201705932617,37401200
2019-12-03,25.48613324486193,25.53889159811369,25.429317271261187,25.490192413330078,25801800
2019-12-04,25.48207485922252,25.72557232394691,25.461783661848674,25.68498992919922,39195400
2019-12-05,25.644405918215824,25.73368904416654,25.579473157920518,25.729631423950195,24899400
2019-12-06,25.632229937347425,25.802679390242883,25.632229937347425,25.65252113342285,19164400
2019-12-09,25.70934143118441,25.713400599954483,25.51860229821171,25.563243865966797,23166400
2019-12-10,25.55918312072754,25.61194147464939,25.494250357484948,25.55918312072754,25197600
2019-12-11,25.59165095841885,25.672815753545716,25.498310205527567,25.628175735473633,23980200
2019-12-12,25.59570763564376,25.69716517393254,25.409026136741005,25.518600463867188,48234200
2019-12-13,25.53077720899248,25.76210029360618,25.433377282151245,25.717458724975586,38669200
2019-12-16,25.71745532174867,26.054293530090064,25.71745532174867,26.038063049316406,41547800
2019-12-17,26.05429372405406,26.285616779778564,26.029944906474086,26.123287200927734,33694600
2019-12-18,26.143575865388346,26.265326141178626,26.005595109314953,26.22879981994629,25615800
2019-12-19,26.228799159552256,26.273440719802156,26.074584830840454,26.23691749572754,33803200
2019-12-20,26.229146454472517,26.5604382931525,26.229146454472517,26.417285919189453,45942200
2019-12-23,26.462274240450565,26.47454685023752,26.102355697186674,26.171886444091797,32956000
2019-12-24,26.2005184390383,26.220969671156915,26.069640226780894,26.20870018005371,9025600
2019-12-26,26.233241393095366,26.27823161124629,26.143260956793522,26.253692626953125,13317000
2019-12-27,26.2536901937209,26.331398010253906,26.204609109263302,26.331398010253906,20603400
2019-12-30,26.220965972177012,26.33139449694766,26.188245253571093,26.327306747436523,23868600
2019-12-31,26.32321702041632,26.462275399899962,26.29049630038972,26.42955780029297,21616800
2020-01-02,26.474547067419383,26.482725686924976,26.000106005188172,26.0982666015625,38215400
2020-01-03,26.11871859783264,26.24550749419248,26.057368024606344,26.151437759399414,35978600
2020-01-06,26.118718005308892,26.253688639260872,26.077817104015935,26.17597770690918,20889000
2020-01-07,26.110543650502755,26.151443000710803,25.991933350605137,26.13917350769043,26140600
2020-01-08,26.15143870124466,26.241420689371186,26.085998815544407,26.12689971923828,25482800
2020-01-09,26.094176611980654,26.29867799134424,26.09008730208989,26.270048141479492,23286200
2020-01-10,26.306861716921354,26.43365063087039,26.29459222465793,26.339582443237305,21165800
2020-01-13,26.331396929322207,26.576799221116296,26.331396929322207,26.499088287353516,25342200
2020-01-14,26.499088458435704,26.584978012950245,26.380478182081397,26.576799392700195,22990000
2020-01-15,26.63405958843598,26.99397817407247,26.629968718025385,26.94898796081543,31771800
2020-01-16,26.969440010215983,27.145309998166283,26.961258269146704,27.116680145263672,21797600
2020-01-17,27.108490316032476,27.341619940230814,27.034870270474105,27.304811477661133,26517600
2020-01-21,27.366172259034485,27.56658124442615,27.255740589232833,27.554311752319336,47753000
2020-01-22,27.607478937317268,27.717907480081745,27.56657959260524,27.640199661254883,21683200
2020-01-23,27.63610907450074,27.89377775721095,27.60747922086627,27.88559913635254,25938600
2020-01-24,27.8119826358732,28.0614727297404,27.766992414328595,27.9592227935791,28803000
2020-01-27,27.942857325562496,28.139178540118976,27.81197755599812,27.88968849182129,22544400
2020-01-28,27.91831995723201,28.122819804020132,27.84878763780483,28.004209518432617,35056800
2020-01-29,28.02057346087591,28.1187325261586,27.910141782065015,28.07783317565918,21599600
2020-01-30,28.061466369793074,28.355946618462863,27.991937177862624,28.33958625793457,28808600
2020-01-31,28.286419138889766,28.400938549100673,28.065558939017347,28.212799072265625,40949000
2020-02-03,28.257789931300778,28.335500878764638,28.192351596926194,28.302780151367188,27095800
2020-02-04,28.286419262764316,28.372308820798633,27.991938994978142,28.02056884765625,41384200
2020-02-05,27.959219877595544,28.204619074704873,27.89786929821319,28.135089874267578,32610200
2020-02-06,28.163723636007216,28.30278205617468,28.07374318981861,28.143272399902344,29908200
2020-02-07,28.208713222682075,28.249612573548564,28.045112698795666,28.05329132080078,21392800
2020-02-10,28.09827543390862,28.159626007080078,27.996025518762778,28.159626007080078,16279600
2020-02-11,28.208708225271437,28.35594835864233,28.19234786373913,28.261877059936523,20539400
2020-02-12,28.216890013199702,28.368221034045693,28.12690957488156,28.282331466674805,16094800
2020-02-13,28.306870096278427,28.613619884647832,28.261879877683963,28.597259521484375,27175200
2020-02-14,28.65042754424912,28.81402491255901,28.609525081751865,28.789485931396484,21108200
2020-02-18,28.89992198625063,29.079879742866375,28.818120169225054,29.03080177307129,30069600
2020-02-19,28.91628273352598,28.95718520720576,28.71587371826172,28.71587371826172,22391000
2020-02-20,28.724050863674584,28.83447941184146,28.584989340346525,28.818119049072266,28810200
2020-02-21,28.764944076538086,28.953083527634643,28.736314227902074,28.764944076538086,23457200
2020-02-24,28.642251552826867,28.801761203240595,28.417303566037962,28.42957305908203,40884200
2020-02-25,28.458200856530798,28.507278825154835,27.783350704168676,27.83243179321289,56276600
2020-02-26,27.832427431850984,28.081917467995165,27.546125804587,27.550216674804688,52384600
2020-02-27,27.439788148898003,27.591119160001178,26.302769491542392,26.310951232910156,87206200
2020-02-28,25.70972433806639,25.73835419553068,24.826284947229258,25.431604385375977,180526200
2020-03-02,25.562481749245055,26.96535087246043,25.501131168962843,26.928539276123047,84351600
2020-03-03,26.94489910556581,27.5011389470532,26.490909189051546,26.59724998474121,126558000
2020-03-04,26.948985156651673,28.143263317848923,26.932624797131496,28.106454849243164,62856400
2020-03-05,27.64428915882912,28.049201122206668,27.345721115180822,27.672922134399414,67070200
2020-03-06,26.940814439140077,27.55840180996949,26.425473884567737,27.447973251342773,70997800
2020-03-09,25.991930121367965,26.687229909992137,25.546120394562763,25.955120086669922,74339400
2020-03-10,26.380478810295738,26.683137693471494,25.026689336029794,26.196430206298828,81616800
2020-03-11,25.611560006932898,25.627920368891306,24.52771177065314,24.879451751708984,64307800
2020-03-12,23.517484378329534,23.942844470231496,22.09007464000455,22.368194580078125,77766400
2020-03-13,23.627908421031524,23.627908421031524,21.942830410196255,23.587007522583008,54277200
2020-03-16,21.456123540082768,23.11257198621574,20.826263637832497,20.908063888549805,56293400
2020-03-17,21.517473866463465,23.783332515714044,21.284344168782773,23.582921981811523,77946000
2020-03-18,22.171872834492216,22.90807196491649,21.362053635004518,22.556333541870117,85692800
2020-03-19,22.347743975275186,22.445904592477323,21.17800455135096,21.243444442749023,65459000
2020-03-20,21.43976070966977,21.43976070966977,19.41930301866812,19.55836296081543,56358400
2020-03-23,19.49391997993587,19.49391997993587,17.944816312800256,18.560327529907227,64018000
2020-03-24,19.270854084545878,20.642327344717202,19.13866400470985,20.55557632446289,54902800
2020-03-25,20.584492054582533,21.964225659906166,19.96485053446862,21.080204010009766,61255000
2020-03-26,21.30740667413849,23.125020812744054,21.092597429644865,22.877164840698242,61794400
2020-03-27,22.187296559053863,23.831411838400886,22.075760898476748,23.0010929107666,50186200
2020-03-30,23.19937627692543,23.996648417523865,23.100232949628907,23.852066040039062,59519000
2020-03-31,23.66617861468002,23.66617861468002,22.815203581206458,22.88956069946289,67456400
2020-04-01,21.98487951288374,22.286438167758078,21.100857948435454,21.513952255249023,53420600
2020-04-02,21.282619905324733,22.340141949206078,21.162822172356456,22.18729591369629,53121600
2020-04-03,21.94357600496057,22.216218269760333,21.228922819588924,21.394161224365234,31872000
2020-04-06,22.17903819704012,23.277869259228403,22.17903819704012,23.046537399291992,41379600
2020-04-07,23.666177967763403,23.703356525875343,22.728453513900128,22.757369995117188,49163200
2020-04-08,22.893687969165086,24.194935793389583,22.70366494762122,23.99665069580078,64925600
2020-04-09,24.360174745872673,25.5209688809555,24.269293483032342,25.128530502319336,87722800
2020-04-13,25.00046728549068,25.00046728549068,24.087529258484512,24.331254959106445,27830400
2020-04-14,24.855887183426685,25.083090344820302,24.6162932711797,25.04591178894043,34175600
2020-04-15,24.356041148973198,24.6534695687673,24.083398956105206,24.2197208404541,25671600
2020-04-16,24.322995493835375,24.426269080166062,23.984258256737117,24.223852157592773,20800000
2020-04-17,24.74021850560314,25.136788673528997,24.40561311584122,25.00459861755371,21555000
2020-04-20,24.84762878637332,24.84762878637332,24.021439986504948,24.058618545532227,28761000
2020-04-21,23.62486406522231,23.947078712820264,23.3976624998517,23.66204261779785,40783200
2020-04-22,24.1081877105602,24.55019856085633,23.947081158224407,24.351913452148438,31190800
2020-04-23,24.42627247298524,24.492367514384313,23.806630868932658,23.942951202392578,24830400
2020-04-24,23.984261417371936,24.19493886788437,23.67444061755184,24.091665267944336,23973800
2020-04-27,24.232118948529735,24.52128536168578,24.207332715688867,24.34365463256836,25481000
2020-04-28,24.686522256923446,24.950904013823354,24.32300029586766,24.43453598022461,28643400
2020-04-29,24.831107507217045,24.84349983638428,24.112322474742655,24.21146583557129,23575600
2020-04-30,24.037965579093942,24.075144142783202,23.434848057761783,23.65378761291504,38733800
2020-05-01,23.377012083698375,23.393536237844344,22.951525357335175,23.083715438842773,26918600
2020-05-04,22.963918840267553,23.315048466468127,22.82346667462129,23.25721549987793,24027600
2020-05-05,23.339827470297145,23.728135537017568,23.31091099595784,23.44723129272461,23653600
2020-05-06,23.529851205522863,23.546375355901574,22.616913170800196,22.649961471557617,48150400
2020-05-07,22.910215276584044,23.1126322279883,22.703668074503415,22.740846633911133,42266200
2020-05-08,23.017616125559556,23.290258315039896,22.910210719377424,23.199377059936523,26553200
2020-05-11,23.017617377125077,23.18698599531716,22.69127246680891,23.100234985351562,31326400
2020-05-12,23.158065537862242,23.261339106229006,22.85237508213159,22.897815704345703,43734400
2020-05-13,22.85237707586979,22.85237707586979,22.443414591922348,22.703662872314453,39645000
2020-05-14,22.476462320926704,23.013484632100532,22.166641574961442,22.947389602661133,46233200
2020-05-15,22.78628312947789,22.79454520515923,22.294701445161532,22.641700744628906,69347600
2020-05-18,23.174591420697567,23.719875813478936,23.174591420697567,23.571163177490234,45994600
2020-05-19,23.472025842560484,23.538120889611406,23.178729169761407,23.182859420776367,32655800
2020-05-20,23.422448743744592,23.57116295415405,23.22003182939176,23.3109130859375,23583200
2020-05-21,23.24894976972885,23.414188141880246,23.030010266083668,23.075450897216797,33868200
2020-05-22,23.075453491596317,23.35222598386312,23.00109637335119,23.331571578979492,23838000
2020-05-26,23.752925104573706,23.938817877079824,23.4596284945251,23.484413146972656,35071800
2020-05-27,23.897504149477943,23.93881452415432,23.4389708092926,23.76531410217285,32984600
2020-05-28,24.07100680192854,24.570850563106816,24.0503524005913,24.46757698059082,42582000
2020-05-29,24.409746319194372,24.785662131827223,24.265163920424033,24.657602310180664,29511800
2020-06-01,24.64933886489065,25.103743590905047,24.508888300073146,24.950899124145508,29112800
2020-06-02,25.045908300261598,25.12852747691205,24.77739637010505,25.112003326416016,27998600
2020-06-03,25.248324416201726,25.5911934584585,25.22767001535211,25.413562774658203,25682800
2020-06-04,25.277242689424945,25.330945396115297,24.636946762591872,24.95915985107422,43679200
2020-06-05,25.18636107477069,25.760561924704554,25.16157484838996,25.277240753173828,44260000
2020-06-08,25.322685958384266,26.037339068685018,25.140924992887616,25.954721450805664,31919000
2020-06-09,25.719253898552687,25.731647800790935,25.153315072343243,25.434219360351562,37283600
2020-06-10,25.43422335306219,25.60359200249354,25.20288991020199,25.28550910949707,25052000
2020-06-11,24.851754699015174,24.921981554177194,24.120577549662514,24.298208236694336,69420400
2020-06-12,24.760880049122925,24.789796533719663,23.938822999878152,24.236249923706055,46404800
2020-06-15,23.806626368283858,24.57911231406499,23.60007920598079,24.40148162841797,33434000
2020-06-16,24.992210904415604,25.128532811201755,24.380831388746035,24.51302146911621,34226600
2020-06-17,24.616294192313394,24.6204244427524,24.203199811892517,24.438663482666016,24374400
2020-06-18,24.285821734415343,24.50063102549204,24.15776189478399,24.43453598022461,26507600
2020-06-19,24.628688330771496,24.73196193347195,23.71161981035596,23.748798370361328,58531600
2020-06-22,23.734622459757762,24.130338669410172,23.513855154882314,23.980382919311523,25906400
2020-06-23,24.22615098599768,24.25530888111863,23.67214938971353,23.73879623413086,25244400
2020-06-24,23.559684768880185,23.66798530542601,23.238946303244784,23.52219581604004,28538400
2020-06-25,23.47220985764782,23.484707234783112,22.959861886716805,23.230615615844727,43502400
2020-06-26,23.197292000864145,23.459714681745957,22.830735101045786,22.98485565185547,57463400
2020-06-29,23.168131530714327,23.43055418247416,22.922370987729817,23.418058395385742,29730600
2020-06-30,23.422226160057733,23.634664101977506,23.284767717332898,23.505535125732422,33743800
2020-07-01,23.526362129862424,24.15950804871398,23.48470844123505,24.05537223815918,39777400
2020-07-02,24.22615370312787,24.37610951713197,24.05537104584238,24.11785316467285,24295200
2020-07-06,24.205325983967924,24.36361284735417,23.62633118117036,23.822105407714844,30775400
2020-07-07,23.559682966336215,23.81377297282767,23.447216116420588,23.726299285888672,22681000
2020-07-08,23.688809112018806,24.01787859043856,23.642989110088706,23.938735961914062,24359400
2020-07-09,23.822103387210312,23.834600762855974,23.288928636587524,23.617998123168945,35750400
2020-07-10,23.61800051840397,24.130348480225557,23.60966946345733,24.063701629638672,27166400
2020-07-13,24.063696644415,24.326119259416814,23.97622296907637,24.08868980407715,35531600
2020-07-14,24.092859845493656,24.4552520010319,24.06370194728864,24.313627243041992,67894200
2020-07-15,24.542724305083787,24.721838006186946,24.172001115493682,24.21782112121582,26940400
2020-07-16,24.238651865772134,24.592714592185757,24.176171329807218,24.52606773376465,30126400
2020-07-17,24.65936248215811,25.146717356814552,24.63853563596524,25.08007049560547,45901600
2020-07-20,24.992591449377,25.06340302910354,24.7093419524985,24.750995635986328,24255200
2020-07-21,24.81347771021804,25.15087826627594,24.73433507612424,24.863462448120117,30216000
2020-07-22,24.75099757520896,25.338325045712722,24.509403331875724,25.246685028076172,29694200
2020-07-23,25.238349904301487,25.45495253626032,25.125883061419824,25.27583885192871,38277400
2020-07-24,25.32582313284588,25.58407944022254,24.967595770589153,25.109220504760742,35397000
2020-07-27,25.11755263875335,25.13421474678102,24.626031574839608,24.805145263671875,22638600
2020-07-28,24.742670254733813,25.392476722729587,24.721841820565594,25.18004035949707,37792000
2020-07-29,25.225855521201165,25.363313944156,25.10922235043686,25.296667098999023,18205600
2020-07-30,25.113388672063866,25.30083342062603,24.9884260360178,25.296667098999023,25475800
2020-07-31,25.230027169005172,25.404976178609406,24.984266562194705,25.338329315185547,24228000
2020-08-03,25.321663943496667,25.325828676743086,24.930112280906123,25.063405990600586,19303800
2020-08-04,25.046748691836196,25.450794606161725,24.984266562194705,25.338329315185547,41663600
2020-08-05,25.392470500051875,25.409132607708663,24.91344682231457,25.013416290283203,23658600
2020-08-06,24.988429449073937,25.20086580046936,24.85930047376372,25.159212112426758,27576000
2020-08-07,25.059239861908477,25.71321258523812,25.05507512889397,25.613243103027344,30942200
2020-08-10,25.696544487997375,25.80484658897567,25.521597140397535,25.60490608215332,21208600
2020-08-11,25.634070187019002,25.68405492859422,24.98426219059601,25.0509090423584,50996000
2020-08-12,25.125883443015177,25.584080286319086,25.117552389084153,25.413297653198242,34570600
2020-08-13,25.309160958648082,25.425794120530927,25.17586727848427,25.37164306640625,31627200
2020-08-14,25.31749715314279,25.35082137444342,25.084233959983703,25.150880813598633,17336600
2020-08-17,25.171700946924528,25.338318831036553,25.02174516902089,25.117549896240234,19020400
2020-08-18,25.100889726063844,25.20086078203901,24.875957630845274,25.005084991455078,24294600
2020-08-19,25.06757095588278,25.08006674393198,24.88012619021341,24.930110931396484,18042800
2020-08-20,24.83013895147364,24.955101586355006,24.642694204658532,24.709341049194336,25932000
2020-08-21,24.730168794242413,24.79681564121464,24.501070357087023,24.750995635986328,18933400
2020-08-24,24.821808482126826,24.975929015812312,24.59271004794869,24.96759796142578,14985800
2020-08-25,25.013420728087755,25.017587050234148,24.64686223953497,24.73017120361328,23573200
2020-08-26,24.642694535710206,24.659356644314524,24.363611367025467,24.455249786376953,23329800
2020-08-27,24.5260603497805,24.709338758012883,24.384435619650855,24.534391403198242,38907200
2020-08-28,24.58437678893445,24.630196789458353,24.35111205398821,24.60520362854004,16995800
2020-08-31,24.567722257356753,24.830144966468666,24.5635575237458,24.68018913269043,19975600
2020-09-01,24.601041371515333,24.617701891484543,24.30112976626316,24.396934509277344,26620400
2020-09-02,24.45108709278052,25.267511414643018,24.351116021803804,25.155044555664062,37298400
2020-09-03,25.163374300716228,25.425796958006035,24.6385305751228,24.871793746948242,38871400
2020-09-04,24.9217822976893,25.063405470940214,24.409432724752882,24.73017120361328,35792200
2020-09-08,24.755162086020185,24.784319982410008,24.35944573489035,24.592710494995117,28990800
2020-09-09,24.775981646210052,25.238344708768985,24.75098848994162,24.917606353759766,30869400
2020-09-10,24.821811155458292,24.850969054458414,24.459418990037964,24.488576889038086,36280400
2020-09-11,24.54272012301635,24.62602906568023,24.355276988255007,24.546886444091797,25332600
2020-09-14,24.66768993797788,25.01341998347953,24.64269677280249,24.884292602539062,20927200
2020-09-15,25.138382737361603,25.42163225459832,24.917615338833624,25.0509090423584,23342600
2020-09-16,24.96343278898041,25.192531219122845,24.85513067284943,25.0175838470459,23082200
2020-09-17,24.859294654664424,24.95093465369054,24.617698871408656,24.813474655151367,22775400
2020-09-18,24.809317359890567,24.82597788281013,24.321960915051616,24.37611198425293,31969600
2020-09-21,24.19923151052579,24.337873714000462,23.90934545233123,24.22443962097168,30371200
2020-09-22,24.237042536619384,24.539533447141267,24.220238732541787,24.37568473815918,21247400
2020-09-23,24.40509398958974,24.447105904778763,23.980767876634005,24.001773834228516,21576400
2020-09-24,23.97656833933013,24.442908021003653,23.829525017474516,24.27065658569336,31328200
2020-09-25,24.165623983659493,24.69498151870631,24.07739799492701,24.669775009155273,22576000
2020-09-28,24.779005969840302,24.980666051476575,24.69077998462166,24.732791900634766,20359600
2020-09-29,24.808417381246986,24.976468269229244,24.610959430917685,24.72439193725586,18435800
2020-09-30,24.879837694402823,25.068892925818933,24.736994931179414,24.947057723999023,24208200
2020-10-01,25.01007418856613,25.26215048731242,24.9596595698776,25.19913101196289,26142000
2020-10-02,24.997470523778876,25.62765885631112,24.94285375288358,25.497419357299805,33890000
2020-10-05,25.564644616308296,25.88814155222843,25.392393167587407,25.816720962524414,22076800
2020-10-06,25.833522864882557,26.329269579554268,25.720088764886277,26.03518295288086,32776800
2020-10-07,26.169621525536247,26.304061576567765,26.001570660420935,26.194828033447266,24403600
2020-10-08,26.30826806027438,26.71579045836336,26.291464252094563,26.673778533935547,27235600
2020-10-09,26.820816384087788,26.833419638306854,26.488916800002944,26.669570922851562,17091200
2020-10-12,26.68637433158535,27.01827228816104,26.619154309698303,26.83761978149414,14970200
2020-10-13,26.65276527404785,26.724187453496647,26.354476507451448,26.65276527404785,20210400
2020-10-14,26.686381646146575,26.799815764669713,26.4805193712004,26.61916160583496,22338800
2020-10-15,26.367077454799677,26.749391621502557,26.299857434367908,26.60234832763672,19124000
2020-10-16,26.635967693043767,26.988871711653246,26.60655902482631,26.888042449951172,16081000
2020-10-19,26.875435919130744,27.018277088700103,26.585548221081805,26.661170959472656,26603000
2020-10-20,26.770407132447914,26.96786670228361,26.669576270521635,26.82082176208496,24979400
2020-10-21,26.76199641140917,26.92584350799164,26.673770435306416,26.749391555786133,14200000
2020-10-22,26.78720587182738,27.173722232979795,26.711584743007084,27.12750816345215,15212000
2020-10-23,27.26195377997899,27.30816785893385,27.051890950294887,27.203136444091797,14485000
2020-10-26,26.993069065818226,27.24514377790128,26.816617087890474,27.194730758666992,20763200
2020-10-27,27.245145714033704,27.45100636957857,27.043487212158272,27.173725128173828,19601800
2020-10-28,26.79560921701068,27.14011206745147,26.32926956265373,26.383886337280273,34026600
2020-10-29,26.28725803712992,26.778805810791017,25.946955732287623,26.45530891418457,29847800
2020-10-30,26.308262940627557,26.47211165772377,25.95535739509269,26.207433700561523,34824600
2020-11-02,26.564543058270562,26.82081994576969,26.299863465958932,26.783008575439453,29911800
2020-11-03,27.11911021582791,27.463613098082657,27.009876656487393,27.169523239135742,30157400
2020-11-04,27.009875205676572,27.430000805630534,26.732592373813038,26.762001037597656,36662200
2020-11-05,27.04348951014949,27.493023831854618,26.980470020969367,27.001474380493164,31525200
2020-11-06,27.018272567043567,27.257743997653726,26.87122926847654,26.942649841308594,18955400
2020-11-09,27.72408744768029,28.539132137411816,27.417397554637613,27.442604064941406,46072200
2020-11-10,27.58964863207979,27.917346102070407,27.47621612527692,27.8375244140625,31172000
2020-11-11,27.980368059082362,28.190430887161515,27.83332472048783,27.94255828857422,19459000
2020-11-12,27.778704627895284,27.841720900934416,27.27875415975942,27.493019104003906,53020200
2020-11-13,27.627462812847735,27.841724580102206,27.57704658245032,27.766101837158203,26324800
2020-11-16,28.110607834830514,28.127410039597727,27.71568871141223,28.047588348388672,27375000
2020-11-17,27.866927797054093,28.00136784144696,27.45520335811773,27.497215270996094,16811200
2020-11-18,27.640065894350702,27.67367671440312,26.95106010979721,26.959461212158203,25581400
2020-11-19,26.93005184540369,26.951059408716034,26.501525119447436,26.690580368041992,26996200
2020-11-20,26.644364125066442,26.87963503221398,26.560340289261976,26.694780349731445,18632200
2020-11-23,26.799816919605608,26.85023155134889,26.577149224322635,26.698986053466797,16930600
2020-11-24,26.91324494357016,27.051887161014484,26.778806482268116,26.984668731689453,21807000
2020-11-25,26.951056100834233,27.064488595007816,26.71578520342012,27.056087493896484,22985200
2020-11-27,27.047685990171523,27.072895706725248,26.677976602192338,26.787208557128906,12073200
2020-11-30,26.711587555851295,26.728391362552053,26.295662488955667,26.400693893432617,26889400
2020-12-01,26.59815135087769,26.95945800758127,26.568742688153584,26.585546493530273,30174800
2020-12-02,26.459510092782175,26.774604292747643,26.291460814391776,26.762001037597656,24397600
2020-12-03,26.719989558362382,26.745197673241123,26.41329803927216,26.48472023010254,18753600
2020-12-04,26.509921605983628,26.57294107964429,26.072992251306022,26.220035552978516,21005000
2020-12-07,26.131809499107973,26.497318278425965,26.127607346128027,26.36707878112793,17391400
2020-12-08,26.19482810451536,26.459507656861927,26.08559616375033,26.287256240844727,21005400
2020-12-09,26.30826311887039,26.350276638059114,26.064591118183326,26.241043090820312,22969800
2020-12-10,26.22844425934887,26.312469709243825,25.98477061491871,26.10660743713379,21602800
2020-12-11,25.997371325625817,26.18222600377502,25.972163213884237,26.148616790771484,13351400
2020-12-14,26.33346982588752,26.55193530606137,25.98896700017347,26.01417350769043,27208800
2020-12-15,26.136012655538327,26.59394961425605,26.005774747905654,26.526729583740234,22357200
2020-12-16,26.57714162998417,26.711583280637033,26.18642634230414,26.220035552978516,24312800
2020-12-17,26.31246656454177,26.589749394199504,26.30826441109055,26.39649200439453,25389800
2020-12-18,26.400691166718307,26.49731985653886,26.0435850694401,26.16962242126465,20877400
2020-12-21,25.962875354432043,25.962875354432043,25.556146616393082,25.852720260620117,27915400
2020-12-22,25.84423730172501,25.91202540049154,25.725608532932522,25.801870346069336,24177000
2020-12-23,25.924737085236657,26.12810139660762,25.746793918860522,25.75102996826172,11543400
2020-12-24,25.806109780437186,25.945923661594243,25.6662975154761,25.933212280273438,7272400
2020-12-28,26.068788995539336,26.21707659502214,25.9501602089099,26.047605514526367,11739000
2020-12-29,26.11115740172537,26.234022237269496,25.971343518808137,26.04336929321289,15165000
2020-12-30,26.060312779441684,26.259441037488717,26.017945821480797,26.174705505371094,11847200
2020-12-31,26.178947972852153,26.602624094958724,26.111159857962946,26.56449317932129,18184000
2021-01-04,26.6110961086673,26.6110961086673,25.746796486983932,25.895082473754883,25260600
2021-01-05,25.950158735038656,26.02642055531077,25.67900631460266,25.890844345092773,16666600
2021-01-06,26.03913765865291,26.708546799437467,25.97982325199025,26.534839630126953,35961800
2021-01-07,26.678882151467842,26.72972282639232,26.161996838448594,26.18741798400879,24758800
2021-01-08,26.221311598194895,26.462806827735353,26.174706972108854,26.407730102539062,26930600
2021-01-11,26.310288571203994,26.416207609922523,25.967111920121575,26.162002563476562,16657200
2021-01-12,26.119631293777022,26.20860288376399,25.708664974033397,26.022184371948242,24619000
2021-01-13,26.102687401264305,26.615335145866,26.05608276699211,26.53059959411621,26687400
2021-01-14,26.539072011697098,26.560255494548457,26.276393268708727,26.428916931152344,26067000
2021-01-15,26.373835939013535,26.767854822096886,26.27639063470849,26.68735694885254,27564800
2021-01-19,26.831405265542006,26.856824794407114,26.54754146904649,26.58567237854004,18993200
2021-01-20,26.577202031973457,26.861065864446505,26.42044232471896,26.742435455322266,44796200
2021-01-21,26.678881627567804,26.733958350906132,26.53906775402616,26.58567237854004,13975600
2021-01-22,26.50941705793084,26.71278141968281,26.407735685152996,26.623809814453125,18760000
2021-01-25,26.530592498428167,27.195765351233945,26.50093530567708,27.15763282775879,37848600
2021-01-26,27.11950728738419,27.149164484236955,26.776329074407325,26.886484146118164,19473600
2021-01-27,26.670414272564752,26.869540966342125,26.043373757294617,26.162002563476562,39287400
2021-01-28,26.2509659745908,26.878006294147426,26.183177875616998,26.475515365600586,25465800
2021-01-29,26.339940681360467,26.59838334446931,26.16623355608672,26.33146858215332,27760600
2021-02-01,26.50093744020475,26.695828041465358,26.238258733453673,26.45857048034668,16109400
2021-02-02,26.54754007661957,27.085608830719618,26.437385019524694,26.67464256286621,28698600
2021-02-03,26.64498885104332,26.767855304152082,26.530596113617506,26.58991050720215,16266800
2021-02-04,26.577204082280826,26.835646786408596,26.500942247744884,26.797515869140625,22702200
2021-02-05,26.91614531643173,27.089852473439507,26.80599022845939,26.941566467285156,11920000
2021-02-08,27.000875572910406,27.009349288199235,26.632277846923962,26.733959197998047,21531400
2021-02-09,26.780566535360613,26.86953813060726,26.551781047986857,26.772092819213867,12386800
2021-02-10,26.928848267230983,26.98816265111852,26.695825164536025,26.878005981445312,19621200
2021-02-11,26.865299015349773,26.95427060044493,26.68311817947156,26.725486755371094,17422600
2021-02-12,26.644992346548992,26.76785881577637,26.39078730749585,26.53059959411621,20216000
2021-02-16,26.50094430413651,26.534839173758716,26.19589855851836,26.234027862548828,31723200
2021-02-17,26.2636845931966,26.301815510391414,26.077266057490313,26.255210876464844,20358200
2021-02-18,26.212839946320642,26.526360972545554,26.212839946320642,26.411968231201172,15419600
2021-02-19,26.41620308618518,26.428914467668065,25.996764669757955,26.017948150634766,17935400
2021-02-22,25.945924210637447,25.97558140735362,25.268041503506097,25.509536743164062,35602800
2021-02-23,25.611221340870525,25.810348014864395,25.479881164077714,25.721376419067383,26213200
2021-02-24,25.65782383673371,25.70442684765682,25.395143505007216,25.420564651489258,23673600
2021-02-25,25.369726810553697,25.49259165846081,25.068915533577396,25.191781997680664,31360400
2021-02-26,25.276517156004022,25.43327686725793,24.717264809080127,24.725738525390625,38014800
2021-03-01,25.039252814408087,25.55613809000498,25.035016765219368,25.272275924682617,31427400
2021-03-02,25.310409044087507,25.378197150401736,25.056202433262197,25.196016311645508,29306200
2021-03-03,25.15788725955672,25.15788725955672,24.687606530170566,24.899444580078125,45849800
2021-03-04,24.916392480510364,25.344304638244253,24.742685340967444,24.87826156616211,44172600
2021-03-05,24.984180661210583,25.403619103988618,24.763868890619698,25.284990310668945,33606600
2021-03-08,25.35701106739036,25.865422653062993,25.289222963713733,25.6408748626709,38423800
2021-03-09,25.780688167040037,26.064551973855636,25.746794921922376,25.979816436767578,22224400
2021-03-10,25.971344013359687,26.238260402795998,25.899319853779428,26.15776252746582,27421200
2021-03-11,26.11116074799246,26.420444133729006,26.077265881294437,26.089977264404297,17168800
2021-03-12,26.204364504706426,26.5221215598946,26.081499671675928,26.44162368774414,20043800
2021-03-15,26.479753739894008,26.84835145941848,26.479753739894008,26.780563354492188,24417200
2021-03-16,26.71701544534712,26.88224886574039,26.644989667931863,26.81446075439453,29243400
2021-03-17,26.793280605202025,26.797516655602248,26.35265701855087,26.378076553344727,34407000
2021-03-18,26.352653982421376,26.458573008382718,26.09844735039651,26.280628204345703,29627600
2021-03-19,26.28910334526677,26.581440907130606,26.009477166220595,26.3526554107666,38712600
2021-03-22,26.293317744172832,26.434175588572373,26.12685056680159,26.314661026000977,25641000
2021-03-23,26.306128712230873,26.809799641493363,26.250639100494748,26.70735740661621,26117200
2021-03-24,26.62199135239087,26.90797479507294,26.528087726600646,26.715896606445312,22058400
2021-03-25,26.80125950684571,27.0915105719519,26.681743308807704,27.001873016357422,28309600
2021-03-26,26.997603636012855,27.1171181982583,26.737231229752027,27.091508865356445,20770200
2021-03-29,27.036018998397317,27.50980956333535,27.023214332072005,27.381759643554688,32775600
2021-03-30,27.296394844142224,27.296394844142224,26.933580179291482,27.13419532775879,22111200
2021-03-31,27.1469997779372,27.38603218483494,27.091511798466478,27.334810256958008,22259200
2021-04-01,27.292122497972617,27.35614745880949,27.125655320227423,27.30919647216797,21046600
2021-04-05,27.40737509692046,27.782992837966628,27.381765758550667,27.607990264892578,29288200
2021-04-06,27.578108333388936,27.7573801936827,27.377493189310155,27.753110885620117,17258600
2021-04-07,27.731768289520613,27.86835682611979,27.578105778780593,27.718963623046875,15798400
2021-04-08,27.79152944915864,27.876896075248503,27.637866916974456,27.69762420654297,19909800
2021-04-09,27.723233571572624,27.838482099093298,27.612257608847294,27.66774559020996,15751200
2021-04-12,27.67201743741301,27.889703331097323,27.59945547285157,27.693357467651367,14201400
2021-04-13,27.58238170608707,28.073244740198902,27.531159771371513,28.02202606201172,18250800
2021-04-14,27.95372747184436,28.14580726623535,27.88116551367641,28.14580726623535,15125400
2021-04-15,28.150072405100723,28.470202128842708,28.133001685579078,28.4573974609375,23863400
2021-04-16,28.564109022687795,28.79887213630234,28.504351731318298,28.68789291381836,22376000
2021-04-19,28.70496445434771,28.751917073085227,28.474470668689307,28.542766571044922,21503400
2021-04-20,28.54277690026363,28.978152037489124,28.5257029184959,28.905590057373047,29548800
2021-04-21,28.935460057248743,29.04643927728255,28.555573031989102,28.662282943725586,19230200
2021-04-22,28.640938632810688,28.739113180963862,28.431788125127085,28.4573974609375,17983600
2021-04-23,28.47020404188373,28.564109288202435,28.346423406130715,28.41898536682129,16881600
2021-04-26,28.43179218352854,28.448866162015303,28.171419710530156,28.256786346435547,12578400
2021-04-27,28.214095551767155,28.226900218106895,27.992140403314046,28.039093017578125,20942000
2021-04-28,28.051902854790285,28.12873412351876,27.86836167152382,28.000680923461914,15158200
2021-04-29,28.000683182190954,28.273860324922307,28.000683182190954,28.256786346435547,19223600
2021-04-30,28.316541444718627,28.487277959803894,28.145808186161524,28.478742599487305,20484600
2021-05-03,28.542773687327486,28.739119570761027,28.42752513750059,28.474477767944336,21544000
2021-05-04,28.4445947886366,28.49581672037899,28.1799530260932,28.36776351928711,23445600
2021-05-05,28.367763435188884,28.367763435188884,27.731773253115197,27.88970184326172,23562800
2021-05-06,27.966530348934466,28.12873148801288,27.77872313138325,28.103118896484375,23305400
2021-05-07,28.086047412850306,28.40190780986109,28.077508797063988,28.188488006591797,18110800
2021-05-10,28.248253233912838,28.760459603171753,28.248253233912838,28.474477767944336,26442000
2021-05-11,28.444589911650382,28.48300716800236,27.92811440044797,28.124460220336914,28210000
2021-05-12,28.0945815619422,28.0945815619422,27.45432217971332,27.467126846313477,29553800
2021-05-13,27.497012520264086,28.162884662534175,27.47567248931479,27.996414184570312,28222800
2021-05-14,28.064703521467177,28.312271269458932,28.064703521467177,28.132999420166016,18910600
2021-05-17,28.120193648555254,28.282394792112978,27.85982121376538,27.902507781982422,25124000
2021-05-18,27.84275496199274,27.9921482051404,27.770189738296626,27.898242950439453,19532400
2021-05-19,27.765919310823566,27.876895270230058,27.52688690292416,27.851285934448242,26238000
2021-05-20,27.902514563201258,28.265327685525975,27.893975944871514,28.09459114074707,25679600
2021-05-21,28.162880497058392,28.34642167002336,28.039096612358485,28.23971176147461,20487800
2021-05-24,28.376298475557657,28.423247836271365,28.17141403154692,28.188488006591797,19343000
2021-05-25,28.21837088129468,28.21837088129468,27.782992593666876,27.84701919555664,20427400
2021-05-26,27.86409060233915,27.97080051013397,27.770185362435235,27.851285934448242,16841600
2021-05-27,27.949460060150972,27.949460060150972,27.654939676998783,27.663475036621094,16996200
2021-05-28,27.82994265248733,27.91531253264673,27.727502052823993,27.8128719329834,19565000
2021-06-01,27.876897388536566,27.94092398938429,27.578110926618095,27.64213752746582,22052200
2021-06-02,27.684823253877205,27.94092642304658,27.573844019843367,27.787263870239258,20491400
2021-06-03,27.659208691322927,28.04336174427719,27.56530345383531,27.953725814819336,23707200
2021-06-04,28.02629169096048,28.06897500268844,27.876895215120715,27.911043167114258,14469600
2021-06-07,27.936654328064563,28.00495023651371,27.889701705137814,27.96226692199707,13822400
2021-06-08,28.02202195992946,28.043361987207412,27.603717695641325,27.72323226928711,18363600
2021-06-09,27.791528536958968,28.022022327669763,27.731771249351866,27.970800399780273,18760800
2021-06-10,27.99214475828343,28.184221296317563,27.92384885180939,28.154342651367188,16654400
2021-06-11,28.154343836738985,28.23971372342583,28.022024583034618,28.21837043762207,18198400
2021-06-14,28.222635879243047,28.35068580693662,28.107387362138308,28.27812385559082,13733000
2021-06-15,28.312270484923808,28.517151662287674,28.231169921598163,28.363489151000977,32781000
2021-06-16,28.436057991000826,28.53849859277965,27.923848469050682,27.93665313720703,46277600
2021-06-17,27.91531989296177,28.243985062781377,27.83421929955887,28.090322494506836,25708800
2021-06-18,27.92811967579439,27.949462961857876,27.317738818800684,27.360422134399414,36079800
2021-06-21,27.44817496946131,27.783693505785774,27.29331899814991,27.71487045288086,27886600
2021-06-22,27.71486968786846,27.796600137643548,27.534205486932123,27.547109603881836,16608600
2021-06-23,27.529905034750108,27.529905034750108,27.172875791193793,27.254606246948242,25666400
2021-06-24,27.28901358602548,27.297616876937436,27.10834939960431,27.228792190551758,15215800
2021-06-25,27.241697884931177,27.542804861609593,27.21158554635338,27.521297454833984,18273600
2021-06-28,27.63313658579142,27.83530981678561,27.594424238657997,27.697660446166992,16735200
2021-06-29,27.61163110649296,27.775088710228605,27.16857065186753,27.25029945373535,24688000
2021-06-30,27.2287953936618,27.332033255839875,27.095448471114892,27.198684692382812,19077400
2021-07-01,27.250293498161486,27.59011602902912,27.14275484719651,27.495481491088867,22993200
2021-07-02,27.56861434588643,27.56861434588643,27.40085590905103,27.538503646850586,18629400
2021-07-06,27.534205028529403,27.67185441006832,27.220190633426807,27.654647827148438,18156400
2021-07-07,27.667551809270975,27.839614355812508,27.512695845565606,27.835311889648438,24199200
2021-07-08,27.680460288216928,27.92134920406576,27.637445465257695,27.753585815429688,20513000
2021-07-09,27.792298758539186,27.865424278661465,27.560014798897555,27.787996292114258,21484200
2021-07-12,27.757879821018044,27.899831647151828,27.624532925945502,27.87832260131836,17323000
2021-07-13,27.831010568938947,27.921345953001815,27.568615913073128,27.667552947998047,22493200
2021-07-14,27.676153780630898,28.028883810131326,27.547109330593806,27.908437728881836,20720000
2021-07-15,27.813808361702133,28.243963121776805,27.80520342868123,28.222454071044922,28574600
2021-07-16,28.25256176479913,28.652605780346892,28.22245106607274,28.506351470947266,33106600
2021-07-19,28.390211470622503,28.618192946734776,27.73637774136051,28.054691314697266,45585000
2021-07-20,28.080498192704617,28.459036427745524,28.080498192704617,28.175132751464844,33779200
2021-07-21,28.192337860506015,28.256861718273733,27.843913623107966,27.865419387817383,22456800
2021-07-22,27.89553361206014,28.033182994525127,27.81810562930983,27.908437728881836,22875400
2021-07-23,27.977260035087035,28.291271105295785,27.925640293408208,28.26546287536621,16216800
2021-07-26,28.209546876408687,28.36010036964929,28.076196683692707,28.274070739746094,17936800
2021-07-27,28.25256248040512,28.807462469692183,28.089104866295955,28.76014518737793,34285800
2021-07-28,28.747237635037454,28.79885409552407,28.329987076398808,28.540761947631836,24948200
2021-07-29,28.592378723118216,28.699917380399796,28.454729373070563,28.618186950683594,30247800
2021-07-30,28.60098690609424,28.84187578507742,28.312784026371276,28.377307891845703,25265200
2021-08-02,28.441831354676214,28.699923531100048,28.40741818933435,28.59668731689453,23564200
2021-08-03,28.63970238942169,28.89349210199804,28.50635219298147,28.76014518737793,25994400
2021-08-04,28.644001862810704,28.751540545188252,28.360101447880442,28.717130661010742,32378000
2021-08-05,28.755846300000258,29.069860732455226,28.682720775257497,29.031145095825195,31790800
2021-08-06,29.001034785363988,29.22471711113901,28.93221172638591,29.013938903808594,20000800
2021-08-09,29.035447464609533,29.11287545578798,28.84617831243544,29.00533676147461,16865200
2021-08-10,29.03114370050219,29.134383205339933,28.90209924218555,29.035446166992188,15834200
2021-08-11,29.09996413454155,29.439786718275073,29.09996413454155,29.30643653869629,18488800
2021-08-12,29.25483020420781,29.439796907935843,29.241926084709245,29.336557388305664,18920200
2021-08-13,29.396775456560686,29.57744295445173,29.336554051203823,29.54302978515625,23580800
2021-08-16,29.54302963251908,29.93446876531628,29.512918929996218,29.72369384765625,25796600
2021-08-17,29.641958678025684,29.74519487571265,29.444084649881304,29.74089241027832,23037200
2021-08-18,29.736594504337948,29.801118368468035,29.491406446099653,29.590343475341797,31411200
2021-08-19,29.603244336974317,29.951668570420033,29.573133641266907,29.710783004760742,27723000
2021-08-20,29.659165934443983,30.102228042363308,29.504309976336643,30.080718994140625,23581600
2021-08-23,30.059211493309054,30.067816425769088,29.637661693731822,29.693580627441406,21830800
2021-08-24,29.680675638603,29.70648387158458,29.302140666986183,29.500011444091797,25331000
2021-08-25,29.495711595143376,29.650567570413372,29.327951502237607,29.555932998657227,16329800
2021-08-26,29.555928855625744,29.56883297145267,29.418279483772036,29.482803344726562,16631800
2021-08-27,29.51291874521131,29.60755331878219,29.418284171640426,29.47420310974121,21005000
2021-08-30,29.46559979302127,29.603249179029728,29.366662758474458,29.51721954345703,23691400
2021-08-31,29.50430911049814,29.650563414116398,29.35805808869978,29.482803344726562,22580200
2021-09-01,29.564537949235177,29.96888118995177,29.525822314484444,29.86994743347168,26667400
2021-09-02,29.934467800987576,30.14094352722168,29.90435709943472,30.14094352722168,20598800
2021-09-03,30.050611228957955,30.093626047782,29.818327269123735,29.89145278930664,18942000
2021-09-07,29.865641780379175,29.86994424640805,29.444088718689706,29.495708465576172,26290200
2021-09-08,29.47850665850801,30.10653224583729,29.409683599997404,30.024805068969727,29176200
2021-09-09,29.9301658988609,30.037704577760096,29.835531336338402,29.861339569091797,16355000
2021-09-10,29.839832801434845,29.87424268334509,29.435486332155154,29.444087982177734,24654400
2021-09-13,29.6935821432428,29.727995311199347,29.306442208282462,29.392475128173828,26236400
2021-09-14,29.487106822047235,29.581738101963946,29.220409719136484,29.293535232543945,28103200
2021-09-15,29.250528846817218,29.448399677550704,29.09137037604811,29.254831314086914,19812800
2021-09-16,29.250519599759986,29.37096239066781,28.966615922488756,29.009634017944336,31464000
2021-09-17,28.94941291579587,29.10426887190914,28.53646151161385,28.562273025512695,25108000
2021-09-20,28.50116369293699,28.76121013714196,28.19777341913958,28.509830474853516,45678600
2021-09-21,28.592179672604832,28.787213678337526,28.414479230638214,28.43181610107422,26417600
2021-09-22,28.535834999912662,28.64418796386738,28.30612724539587,28.414480209350586,24787600
2021-09-23,28.41448035421032,28.6268545454467,28.23678321188709,28.262786865234375,19333200
2021-09-24,28.258450322500778,28.44481754383847,28.16310249639279,28.232446670532227,23660200
2021-09-27,28.184769866702478,28.470823252477043,27.859711004687604,27.898719787597656,21783400
2021-09-28,27.872714238039116,27.916058067166325,27.46530770560165,27.547657012939453,40471600
2021-09-29,27.630003479970796,28.102420775799395,27.556324264291614,27.907386779785156,30867600
2021-09-30,28.01140517822032,28.028742048094266,27.64734083087685,27.68634796142578,27142600
2021-10-01,27.855376656024596,27.907387265646445,27.59099683045397,27.68634796142578,29001200
2021-10-04,27.656013121909716,28.14576901745884,27.643009641023717,28.0677547454834,40402600
2021-10-05,28.10242146249902,28.20210763830715,27.963729809202825,27.998403549194336,26130400
2021-10-06,27.91172321467375,28.45348801578671,27.747024598866656,28.43181610107422,33152400
2021-10-07,28.483824931156477,28.709197619391098,28.249782154911067,28.280120849609375,27540200
2021-10-08,28.275788528039925,28.332134185525916,28.050415818106075,28.072084426879883,17795800
2021-10-11,27.955062937430366,28.01140528473257,27.651674326822278,27.69068145751953,25420200
2021-10-12,27.72969030284936,27.959399710419177,27.656011081051414,27.877050399780273,20996000
2021-10-13,27.88571251217072,28.22377648028459,27.738354093251672,28.202104568481445,26205400
2021-10-14,28.29746179463702,28.60518382994663,28.228114307241515,28.54884147644043,21398000
2021-10-15,28.592173874996814,28.691856726453842,28.41880851245981,28.46648406982422,29602400
2021-10-18,28.27578356585539,28.349466081431736,28.041740808148706,28.193437576293945,20702000
2021-10-19,28.410149808319616,28.587846958097753,28.33213553833477,28.54884147644043,21413600
2021-10-20,28.665855270933374,29.112268881593057,28.635516578170176,28.999584197998047,27799600
2021-10-21,29.01691775957458,29.116603925321947,28.960575417777076,28.999584197998047,17372800
2021-10-22,29.07759847244954,29.19895656405884,29.01258934242478,29.14694595336914,21399800
2021-10-25,29.103606711058838,29.19895784818173,28.951913223213342,29.021257400512695,15160200
2021-10-26,29.047265065701804,29.402662703457697,28.999592797225855,29.177289962768555,19391400
2021-10-27,29.246633618758583,29.320312840982456,28.951913423193023,28.98225212097168,22263600
2021-10-28,28.95623913875655,29.177280066126958,28.92156871041304,29.172945022583008,15443600
2021-10-29,29.164279486331186,29.285634257383972,28.85655751497033,28.999584197998047,26666800
2021-11-01,28.99091726784873,29.17728448845346,28.899901179646868,29.103605270385742,16182800
2021-11-02,29.211957458595595,29.26829980504379,28.9215723315114,29.129608154296875,19864800
2021-11-03,29.081934795650895,29.194622803766137,28.787214602121058,29.021257400512695,20992200
2021-11-04,28.977912469549004,29.038589855459687,28.56183754901739,28.860889434814453,32183000
2021-11-05,28.956245017074483,29.259635300023465,28.92590631944659,29.13394546508789,21584400
2021-11-08,29.168624314911657,29.17295605342415,28.561846949429825,28.700538635253906,19670200
2021-11-09,28.752541621582417,28.930242073957448,28.661525526464764,28.84789276123047,16489400
2021-11-10,28.869555524546367,29.107933298092348,28.85221865859129,29.081926345825195,25833200
2021-11-11,29.0645941818513,29.077596006753737,28.75253715751441,28.904233932495117,15747400
2021-11-12,28.89557054587236,28.96491803699368,28.76121391516277,28.886903762817383,18179000
2021-11-15,29.01259906529571,29.281312377237203,28.951921652491436,29.268310546875,19003800
2021-11-16,29.28130163063416,29.33764728375214,29.11227128461979,29.129608154296875,13213400
2021-11-17,29.060261316386896,29.198952954410796,28.912899590984917,29.155609130859375,19001800
2021-11-18,29.107944652444502,29.16428700877458,28.904240531348297,29.003923416137695,15305000
2021-11-19,29.042933119428525,29.233632111978515,28.964918843081108,29.168622970581055,20606000
2021-11-22,29.14694443928006,29.502341993856536,29.068930180633043,29.3463134765625,23154000
2021-11-23,29.34197993083551,29.550019066740447,29.19895653823762,29.37665367126465,19036400
2021-11-24,29.3636508677902,29.45466695338445,29.211957391799775,29.39398956298828,15931600
2021-11-26,29.18595239449997,29.376654666652023,28.86089350696988,28.9345760345459,21854600
2021-11-29,29.159945293785867,29.445998668191244,28.92590252563681,29.363649368286133,22821800
2021-11-30,29.224960308205723,29.22929535244434,28.479491419319245,28.505495071411133,48623000
2021-12-01,28.696196304543044,29.246631169579832,28.540167784270395,28.557504653930664,46024600
2021-12-02,28.62685156651009,29.190284939313635,28.62685156651009,28.921571731567383,35050200
2021-12-03,29.06459429248563,29.220622805248,28.639852579597783,29.211956024169922,42771400
2021-12-06,29.402658169342345,29.96609489418468,29.38965634297475,29.65837287902832,47222000
2021-12-07,29.662709576097505,29.95309473671986,29.584695306875215,29.87941551208496,21789000
2021-12-08,29.9054214894124,30.048448211875712,29.688715536590575,29.849079132080078,25994400
2021-12-09,29.918413441743315,29.979090823970793,29.606356443619532,29.810060501098633,23783400
2021-12-10,29.931421587805755,30.113457079607887,29.814401842126554,29.970430374145508,23403600
2021-12-13,29.940090938166914,30.486187480094042,29.940090938166914,30.338829040527344,27500000
2021-12-14,30.334500304396727,30.395177710562276,30.013776399425875,30.156803131103516,35005000
2021-12-15,30.12212542446058,30.676892097455355,30.12212542446058,30.650888442993164,45364600
2021-12-16,30.62054047103691,30.99327483658028,30.59453351778024,30.806907653808594,30209200
2021-12-17,30.68989000967683,30.841586792475354,30.278150102088837,30.343162536621094,43674000
2021-12-20,30.0531183352577,30.40257118452373,29.808497674844226,30.371994018554688,30091200
2021-12-21,30.468093722215976,30.66902985437148,30.1666878576522,30.328311920166016,32355800
2021-12-22,30.280259118387097,30.503037492651035,30.236577933719463,30.4593563079834,18967800
2021-12-23,30.47682740654266,30.61224341720676,30.424411315785765,30.454988479614258,14505400
2021-12-27,30.468099102963507,30.603511810302734,30.376367591605163,30.603511810302734,15707400
2021-12-28,30.647186988885206,30.887435159814274,30.62534473122774,30.878700256347656,16104000
2021-12-29,30.91364799955538,31.092745208686303,30.86123190530136,31.044694900512695,13755400
2021-12-30,31.127688904179653,31.188843230830113,30.93111856909387,31.158266067504883,18672400
2021-12-31,31.092739440802987,31.376672118431927,31.031585120410355,31.267467498779297,18618800
2022-01-03,31.254371291455435,31.26310619684081,30.603509196090176,30.957334518432617,43299600
2022-01-04,30.957327636705383,31.258730129089283,30.85248879941823,30.86122703552246,29321800
2022-01-05,30.839384696656662,31.19320993941237,30.81317665373424,30.843753814697266,44486400
2022-01-06,30.84376039469459,30.970438183611876,30.489938409117514,30.52488136291504,36259600
2022-01-07,30.459362374042467,30.904915878642683,30.2715302431697,30.756399154663086,39272000
2022-01-10,30.730182329329963,30.773863514959647,30.4069375564773,30.55545425415039,31169800
2022-01-11,30.529254204677834,30.642827983187768,30.079331542805274,30.2802677154541,33653800
2022-01-12,30.18415872648226,30.454987405598594,30.09679635652772,30.376359939575195,28113600
2022-01-13,30.36326062020023,30.64282424654827,30.345787476970813,30.52488136291504,33949000
2022-01-14,30.524881396065307,30.581669944787908,30.162324504810435,30.315210342407227,32547200
2022-01-18,30.092428050791305,30.14484747377594,29.716763851053635,29.952646255493164,35534800
2022-01-19,29.96138070090213,30.3545180356151,29.952645796868875,30.088058471679688,32051200
2022-01-20,30.179788829254782,30.56419124551934,30.092426461555043,30.12737274169922,29529600
2022-01-21,30.27589624914063,30.433151212530536,30.013805754377938,30.07059097290039,48542600
2022-01-24,30.035643145651555,30.131743755764322,29.017855167873144,29.78228759765625,57602000
2022-01-25,29.319262841263544,29.668715688407108,29.1794810358739,29.31489372253418,52218600
2022-01-26,29.371682788092084,29.690561843941207,28.91302524117951,29.07464599609375,49234200
2022-01-27,29.34546715052,29.699289071325843,29.188212222903918,29.33236312866211,44982000
2022-01-28,29.253738320272472,29.712395790235362,29.03095993048421,29.686187744140625,50050400
2022-01-31,29.511458993640588,30.275891425629357,29.45030466569436,30.249683380126953,52580000
2022-02-01,30.16668254815984,30.32830658222699,29.568243375646702,29.847806930541992,41020200
2022-02-02,29.82596728203862,30.332678352508196,29.773551193825035,30.28899383544922,45723800
2022-02-03,30.20163192262442,30.341413714405576,30.070585034790486,30.153581619262695,34289800
2022-02-04,29.8914916336288,30.179790125549626,29.61192804578885,29.913333892822266,37029200
2022-02-07,29.86091498285417,29.991961874942408,29.686186904290146,29.86964988708496,27543600
2022-02-08,29.991964488019182,30.088061773574097,29.817236394231823,29.891494750976562,38853200
2022-02-09,30.105532393576237,30.17542495829913,29.93080431442992,30.022539138793945,35231800
2022-02-10,29.72550205694005,29.86964963784121,29.201317825621985,29.26247215270996,45060000
2022-02-11,29.389150005441618,29.607559269254544,29.15326760060435,29.279945373535156,36059800
2022-02-14,29.37604713326587,29.424097439799336,28.751396480991847,29.030960083007812,37112200
2022-02-15,29.21005582922019,29.32362624567059,28.76449906952423,28.895545959472656,34174400
2022-02-16,28.934861540983377,29.083381589806656,28.67714018082177,28.96107292175293,32184600
2022-02-17,28.830029408936948,29.118331302703908,28.624724120829264,28.978546142578125,29159800
2022-02-18,28.882445289270127,29.166374696011417,28.79507957494407,28.92612648010254,33686800
2022-02-22,29.030958635134738,29.100851198483458,28.69897562455002,28.895545959472656,34421400
2022-02-23,28.947965128072834,29.03533084155048,28.375733868604375,28.40631103515625,34583600
2022-02-24,28.222842921851527,28.690238573115685,28.07869202022953,28.633453369140625,57320000
2022-02-25,28.886809916059548,29.555145106349265,28.821289798771335,29.520198822021484,42528000
2022-02-28,29.34109934160788,29.716763537380253,29.306153059986997,29.67308235168457,36705200
2022-03-01,29.611927923669672,29.869649251253318,29.19258254363912,29.41535758972168,33464600
2022-03-02,29.428468680473014,29.882760399673106,29.410995537504405,29.773555755615234,29259800
2022-03-03,29.891493825141385,30.44625192312284,29.865285778316444,30.2977352142334,41471200
2022-03-04,30.21910332643784,30.992270588772616,30.15794900433952,30.966062545776367,48683600
2022-03-07,31.03595552269738,31.437827739811144,30.773861758556475,31.367935180664062,61944000
2022-03-08,31.450939322030607,31.61256340441583,30.86996978193768,30.883073806762695,53129800
2022-03-09,31.105845214167665,31.14952639795723,30.607872387113073,30.664657592773438,50953800
2022-03-10,30.433147951605005,30.93112083809454,30.411309023434015,30.869966506958008,34039800
2022-03-11,30.91801682459456,31.123322078902216,30.73455383112601,30.7651309967041,24988400
2022-03-14,30.961699776771923,31.11895473231754,30.572931506856726,30.730186462402344,41004600
2022-03-15,31.027222820913025,31.18884689327464,30.848128938309134,31.123323440551758,29004400
2022-03-16,31.08400718290908,31.21941985635085,30.625346408270932,31.0665340423584,40011800
2022-03-17,31.084011813366704,31.420360654254598,31.022854145998522,31.197582244873047,31830000
2022-03-18,31.197581420061997,31.337363228933764,30.861232588066592,30.931121826171875,37038000
2022-03-21,30.97509195722083,31.282906680248583,30.9662953337464,31.137792587280273,36294400
2022-03-22,31.256522940862393,31.256522940862393,30.935513288567584,31.1817684173584,29286400
2022-03-23,31.150984459569926,31.40603286385736,30.997077096613335,31.22574234008789,27990000
2022-03-24,31.29171541341345,31.586338670175707,31.23014909005327,31.54676055908203,26591400
2022-03-25,31.661083378234736,32.01726949266256,31.58632884766356,32.00407791137695,28922000
2022-03-28,32.03485502513585,32.210750579833984,31.845767890947865,32.210750579833984,30959800
2022-03-29,32.19755644844443,32.509769439697266,32.140388468614546,32.509769439697266,38114600
2022-03-30,32.54055283120236,32.78680458986134,32.443810110321024,32.778011322021484,35229200
2022-03-31,32.75602757955518,33.04185746972891,32.72524610553211,32.742835998535156,35701200
2022-04-01,32.71646197388852,33.22216063544358,32.52297645174537,33.200172424316406,38013800
2022-04-04,33.063845072618406,33.063845072618406,32.60651792765424,32.94511413574219,28391000
2022-04-05,32.958308950029966,33.52996877605243,32.95391399262484,33.15179443359375,38140600
2022-04-06,33.25733141934279,33.833389574574525,33.107822344885165,33.8114013671875,56489200
2022-04-07,33.79820380552897,33.81139538565571,33.42002951889454,33.72784423828125,42033800
2022-04-08,33.85097115279466,33.96090545286165,33.556344678869415,33.8421745300293,34388600
2022-04-11,33.86417304307492,33.90814610550505,33.33209127133236,33.380462646484375,46335800
2022-04-12,33.28811549009514,33.68387976938834,33.16938788377201,33.50798416137695,45313800
2022-04-13,33.51238045696882,33.6003299331454,33.22215557290979,33.44202423095703,35313000
2022-04-14,33.50797371695607,33.683869270140896,33.41123434988662,33.45960235595703,28427000
2022-04-18,33.49918841823768,33.68827559578137,33.1210140631503,33.279319763183594,29878000
2022-04-19,33.37605392710561,33.56074274468389,33.279311206965964,33.494781494140625,33030400
2022-04-20,33.85097669241034,33.93452449278217,33.666284488327726,33.767425537109375,36652400
2022-04-21,33.65749157327426,33.754234310971604,33.182574509085015,33.20895767211914,36817000
2022-04-22,33.16498544341132,33.20016523162123,32.62850541546266,32.65049362182617,54683400
2022-04-25,32.764827169413195,32.78241706400849,31.889747526676228,32.42622756958008,59671800
2022-04-26,32.31189398615173,32.71205313141021,32.08762705357496,32.1008186340332,41106200
2022-04-27,32.122808341345,32.42182981379779,31.841376761969315,31.94691276550293,49067800
2022-04-28,32.100818046415924,32.41742939133357,31.93371910545554,32.303096771240234,39902600
2022-04-29,32.16238294197043,32.219547578020794,31.28730673357061,31.335678100585938,54338200
2022-05-02,31.485184295050303,31.63029838289789,30.623299746057523,31.014665603637695,65832200
2022-05-03,31.129001651312116,31.643493450465943,30.988285859536816,31.133399963378906,42152800
2022-05-04,31.326876371877088,31.88534448007692,31.194957228273587,31.828176498413086,56580200
2022-05-05,31.617105898271188,31.880947551852515,31.221341740434877,31.50277328491211,54849200
2022-05-06,31.318090433688845,31.854570466043636,31.30929380909949,31.753429412841797,55359800
2022-05-09,31.559947107384385,31.836983776033545,31.25213231436268,31.515974044799805,51419400
2022-05-10,31.559942295842475,31.99088629530195,30.764018913138052,31.133399963378906,65578400
2022-05-11,31.111410414685583,31.88095060162127,31.085027253282203,31.357662200927734,72101800
2022-05-12,31.32248295091909,31.401635782932534,30.711245142358838,31.041048049926758,49892000
2022-05-13,31.313693883896658,31.458808003425204,30.909136358177204,31.410436630249023,30208800
2022-05-16,31.42362619461661,31.643494838593718,31.291707021187904,31.507177352905273,23213600
2022-05-17,31.656683091387478,31.83697697085482,31.16857448469407,31.832578659057617,29901800
2022-05-18,31.88534750187448,31.95130875739168,31.441211959982766,31.524763107299805,37456600
2022-05-19,31.37965604555974,31.59952470991768,31.014673257542462,31.45880889892578,36552200
2022-05-20,31.542365600572857,31.634710053217887,31.111421466632564,31.54676055908203,31358000
2022-05-23,31.90733495722695,32.070038953471624,31.60831348205753,31.924924850463867,27082200
2022-05-24,31.986491425764925,32.624112546908755,31.74463791492786,32.56254959106445,32311400
2022-05-25,32.59771867704655,32.646090039293945,32.32947870637597,32.54055404663086,27723800
2022-05-26,32.74284603088487,32.8703702780334,32.6065285120051,32.632911682128906,23290000
2022-05-27,32.60652526578636,33.14300537109375,32.46580944758522,33.14300537109375,23241200
2022-05-31,32.83517416024216,32.958300032859256,32.54494936834879,32.685665130615234,31041000
2022-06-01,32.80440899779381,32.80440899779381,32.33389011931548,32.632911682128906,22422200
2022-06-02,32.79120119318068,32.883545597867666,32.12719711575137,32.85276412963867,25038200
2022-06-03,32.716457660132264,32.8967482188693,32.63290649478145,32.6944694519043,17691200
2022-06-06,32.989085770166454,33.09462512172056,32.79999862562641,32.839576721191406,20345800
2022-06-07,32.75602873899611,33.06824180226106,32.5537499946947,33.03746032714844,19820000
2022-06-08,32.89235251699792,32.89235251699792,32.34268087303024,32.39105224609375,19971400
2022-06-09,32.37346569208857,32.527373097298074,31.590730372153473,31.61271858215332,25767600
2022-06-10,31.300501015630775,31.65229219611258,31.107015530872847,31.37085723876953,32800600
2022-06-13,30.970694886101704,31.041051102071137,29.779007332173784,29.928516387939453,52721400
2022-06-14,29.963701073799527,30.073635405110775,28.842369552452976,29.17217254638672,51342600
2022-06-15,29.43161330644974,29.809787597377102,29.005067651222678,29.36125373840332,51664800
2022-06-16,28.996277465507763,28.996277465507763,28.565333452728478,28.79399871826172,48754400
2022-06-17,28.837973739710115,29.040252500733747,28.288302099451517,28.525760650634766,43129400
2022-06-21,28.62549218161584,29.228321009965157,28.554569551561976,29.068748474121094,37266400
2022-06-22,28.913606400393405,29.591787915356793,28.904739381682752,29.374589920043945,28582200
2022-06-23,29.547472831653625,30.11927060364641,29.50757799769023,30.066082000732422,41140200
2022-06-24,30.225650802592014,30.65117648171208,30.10596969740911,30.589120864868164,30075200
2022-06-27,30.52262407109482,30.90825820614232,30.402942995973312,30.83733558654785,23276800
2022-06-28,30.939289686814682,31.17864510197433,30.682200232870425,30.722091674804688,26371800
2022-06-29,30.770856995863994,30.863940429572025,30.549228806527417,30.7442626953125,30329400
2022-06-30,30.553661192252886,31.31606267658421,30.51376636111674,31.085567474365234,37737800
2022-07-01,31.245136387516094,31.901157215190707,31.121025161631586,31.847965240478516,34255800
2022-07-05,31.777045012034552,31.79920579781681,30.278836563934483,30.761987686157227,44053600
2022-07-06,30.91269712493935,31.364820498993964,30.66890815974852,31.08113670349121,28518200
2022-07-07,31.24071023637599,31.342657306997765,31.01464854229207,31.05010986328125,16799400
2022-07-08,31.019082815230256,31.0855685664969,30.846209716603628,30.94816017150879,12564600
2022-07-11,30.828473134321957,31.20080675616693,30.757550512002858,31.143184661865234,13232800
2022-07-12,30.961455329850573,31.386981019469733,30.863938391896223,30.992483139038086,19140800
2022-07-13,30.70436482684271,31.196379629064648,30.6777705289207,30.863937377929688,38159200
2022-07-14,30.367492447239055,30.908265716836315,30.296569810410418,30.863937377929688,18925000
2022-07-15,30.894960704285907,30.965883330826074,30.3896488264066,30.921558380126953,17484200
2022-07-18,30.850636542778567,30.894961494611568,30.4783028892489,30.491600036621094,15422000
2022-07-19,30.691064191686184,30.85507023438988,30.584683630304443,30.686634063720703,22715400
2022-07-20,30.73981835922484,30.75311550481784,30.238940045154607,30.278831481933594,34085200
2022-07-21,30.363055106976947,30.371918744573733,30.07493784931446,30.35862159729004,26029400
2022-07-22,30.60241792720181,30.894965351240042,30.53149528999407,30.775287628173828,19543000
2022-07-25,30.726528408973206,31.169784735347186,30.642308624793383,31.160921096801758,17292000
2022-07-26,31.13431954721793,31.444600966174217,31.098861615666703,31.347084045410156,17934400
2022-07-27,31.20081042971079,31.45789989322176,31.112160523151154,31.373680114746094,20684200
2022-07-28,31.927748866602244,32.56603898316028,31.901154572337987,32.499549865722656,29715600
2022-07-29,32.43749888743431,32.91621654317591,32.43306537716518,32.778804779052734,24547600
2022-08-01,32.676861620762836,32.840864320769555,32.468530576321776,32.81427001953125,23148800
2022-08-02,32.96053671572127,33.15113704829503,32.72117792259769,32.747772216796875,22916600
2022-08-03,32.69901564552075,33.03145786932619,32.18927360777416,32.9516716003418,21960400
2022-08-04,32.96940247830036,33.261953260456195,32.8630219128697,33.0225944519043,17328200
2022-08-05,32.933939941380686,33.084645439529574,32.592630743234764,32.90291213989258,22050200
2022-08-08,33.186600279190465,33.34173930727757,32.7965325722547,32.9516716003418,16899000
2022-08-09,33.05361558327136,33.38162423315175,33.03145141996766,33.3195686340332,16213600
2022-08-10,33.470288155202226,33.54120741314363,33.22206229796334,33.46585464477539,15778600
2022-08-11,33.5146139476649,33.79829775004106,33.363905025402616,33.461421966552734,16048200
2022-08-12,33.687477252033744,34.011055824147014,33.62098813373353,34.006622314453125,15798800
2022-08-15,33.940129448554146,34.325763586692815,33.87807384679988,34.29030227661133,15571000
2022-08-16,34.21495532350422,34.51193623673446,34.179494007417176,34.38782501220703,15577600
2022-08-17,34.24597998985128,34.48090526927908,34.21938231433594,34.330196380615234,21286000
2022-08-18,34.36122712132579,34.56512799667418,34.33906633524163,34.458744049072266,16559000
2022-08-19,34.414415228460534,34.59615191552834,34.28587050921724,34.441009521484375,17286600
2022-08-22,34.27701265182182,34.3390682671923,33.88251479049057,33.97116470336914,26453000
2022-08-23,33.90910337088442,33.98445612230439,33.62985314879915,33.76726150512695,15747000
2022-08-24,33.72293646533937,33.91796691662011,33.63871669528691,33.87364196777344,15002200
2022-08-25,33.95342930656009,34.081974029541016,33.696339860598236,34.081974029541016,14601800
2022-08-26,34.09527296231184,34.21052054443075,33.52790545307583,33.55893325805664,17732400
2022-08-29,33.38606094730321,33.90910346278455,33.1910271131918,33.66088104248047,22477400
2022-08-30,33.65201288152042,33.67861055549094,33.04475399791745,33.16886520385742,20560600
2022-08-31,33.186600279190465,33.390497770644544,32.93837445247393,32.9516716003418,22012800
2022-09-01,32.8231241863613,33.474707983960236,32.8231241863613,33.42595291137695,28160000
2022-09-02,33.51016596251084,33.82487743915265,32.96939289101108,33.06690979003906,25536800
2022-09-06,33.25308153205063,33.61212138492761,33.06691472346358,33.1511344909668,32900400
2022-09-07,33.31071269830532,34.23711677200332,33.27525138153232,34.188358306884766,31509800
2022-09-08,34.05980419593514,34.38781621314364,33.98002132781977,34.1617546081543,25150600
2022-09-09,34.36565292525705,34.49419763011884,34.06423857152718,34.299163818359375,21181400
2022-09-12,34.39225712523123,34.67151077831148,34.28587655260789,34.6271858215332,22680600
2022-09-13,34.27701270922775,34.41885459913746,33.541205580349114,33.7052116394043,35156200
2022-09-14,33.718510865945056,34.17063086108688,33.68304954583812,33.98003387451172,22297400
2022-09-15,33.709646002050754,33.709646002050754,33.04919162072104,33.1334114074707,36110000
2022-09-16,33.01372992702853,33.26638587675015,32.951670935269064,33.00929641723633,32222400
2022-09-19,32.90710214946889,33.45600162442657,32.817851807781246,33.4515380859375,21462800
2022-09-20,33.23287668746714,33.23287668746714,32.724142183385496,32.96512222290039,23408400
2022-09-21,33.179317029101796,33.40244626723252,32.501005643244476,32.5143928527832,30461200
2022-09-22,32.48761493450275,32.617026882559614,32.22878422902579,32.39836120605469,34700800
2022-09-23,32.081526178478164,32.12615135155593,31.612953349455427,32.02351379394531,32420600
2022-09-26,31.943189891020154,31.983351528868695,30.939108088613523,31.251487731933594,35939000
2022-09-27,31.456759107600092,31.505847812471465,30.573169229279404,30.724895477294922,38286000
2022-09-28,31.081905923336105,31.247019393150495,30.67580904471557,31.05512809753418,45882600
2022-09-29,30.894476384161695,30.965875971256665,29.747592215029304,29.810068130493164,40662000
2022-09-30,29.9528744094537,30.068899178400855,29.17192196500206,29.234397888183594,45553000
2022-10-03,29.711890384947843,30.256326274736697,29.50661189292093,30.091209411621094,50894000
2022-10-04,30.300956590548466,30.756138818965365,30.113528814416956,30.7293643951416,33993000
2022-10-05,30.33665185797753,30.33665185797753,29.711889327910754,30.04658317565918,34411400
2022-10-06,29.917172037010488,29.966260747319584,29.024654983655818,29.055892944335938,51342000
2022-10-07,28.97110141921867,29.078205912129018,28.257088489894052,28.453441619873047,42166800
2022-10-10,28.511456426271554,28.841686776090864,28.462367716945163,28.502531051635742,33035600
2022-10-11,28.395430970700797,28.770288207032667,28.248164837483433,28.399892807006836,34320000
2022-10-12,28.355267432717937,28.4088179797152,27.435974247168755,27.453824996948242,41833000
2022-10-13,27.038806402100093,28.252630238291758,26.93170359794264,28.14106559753418,61429800
2022-10-14,28.431126488889415,28.63640497489402,27.596623633285677,27.73496437072754,39305800
2022-10-17,28.114286855731756,28.582859665200214,28.114286855731756,28.31510353088379,28247400
2022-10-18,28.877388843592144,28.98895347522618,28.547158487266454,28.832763671875,32083800
2022-10-19,28.457904815673828,28.649794404967714,28.212462980569423,28.457904815673828,25686800
2022-10-20,28.466829379162476,28.466829379162476,27.60555036049739,27.73942756652832,31037000
2022-10-21,27.84206959099345,28.462368679254883,27.650178285688536,28.252628326416016,31087200
2022-10-24,28.404352965778127,28.712269002150382,28.181223725520137,28.4891414642334,20061000
2022-10-25,28.582857782402893,29.136217359325432,28.515918327647903,29.060354232788086,28403600
2022-10-26,29.21654697587084,29.363813110273842,28.92201470706484,29.046966552734375,27068800
2022-10-27,29.256706022688117,29.609250644468815,29.194230105378338,29.279020309448242,24514600
2022-10-28,29.39950847624178,30.1447627517513,29.359346845869084,30.082286834716797,27185800
2022-10-31,30.006418317456948,30.131370143258334,29.62263576410589,29.80113983154297,21789600
2022-11-01,29.97964548713317,30.091210109606173,29.680653116029216,29.91716957092285,21479000
2022-11-02,29.818995111385927,30.439294201389764,29.613716594268624,29.627103805541992,42680400
2022-11-03,29.345960400584957,30.019808295402687,29.185307065542823,29.75651741027832,28656400
2022-11-04,29.81899343585699,30.059973439284224,29.417360096811596,29.939481735229492,24298400
2022-11-07,29.881470772010736,29.930559482704666,28.904163501427334,29.36827278137207,28592800
2022-11-08,29.408433908073732,29.756514970565398,29.314720037763045,29.57354736328125,24827800
2022-11-09,29.453058221041026,29.680650987878167,29.283481232726555,29.341493606567383,25781800
2022-11-10,30.22508816177841,30.778447720249687,29.77882968453467,30.724895477294922,35830400
2022-11-11,30.724898461843708,30.805225131737615,30.09121217972639,30.38128089904785,30624000
2022-11-14,30.399130264532662,30.56424373063845,30.006420605292604,30.019807815551758,20490600
2022-11-15,30.336658945548415,30.55978822951052,29.984114268326366,30.350046157836914,27241600
2022-11-16,30.363432178351218,30.778452766418354,30.363432178351218,30.622262954711914,26462200
2022-11-17,30.287570336946153,30.37235714996495,29.939485792810792,30.08675193786621,23247200
2022-11-18,30.367890738309125,30.756133434514705,30.354500124058944,30.724895477294922,23483000
2022-11-21,30.675808132022166,30.95248962586174,30.653497249980315,30.863239288330078,22876400
2022-11-22,31.010505333309993,31.318424818804488,30.930178659036756,31.12653350830078,14904800
2022-11-23,31.037276099749494,31.487994676204035,31.037276099749494,31.474607467651367,14333400
2022-11-25,31.590641868652003,31.75575875107214,31.5683275801933,31.657581329345703,8983000
2022-11-28,31.438913001948393,31.559404715216886,31.197936384776387,31.331811904907227,18262600
2022-11-29,31.139927421025806,31.166701849984413,30.91679810054877,31.09976577758789,19004400
2022-11-30,31.041739002035257,31.943183044725306,31.010501044398396,31.876243591308594,32946400
2022-12-01,32.188620289388055,32.35820067683754,31.769139667871656,31.84946632385254,30706200
2022-12-02,31.510310906781868,31.782528846441345,31.380895541641955,31.697738647460938,20708200
2022-12-05,31.45675779178704,31.639725394050924,31.398745417857484,31.51923370361328,22903000
2022-12-06,31.474605753747177,31.733436453943593,31.354117478652455,31.715585708618164,25649600
2022-12-07,31.74235983013704,31.9565653673758,31.45229458416083,31.56831932067871,28297800
2022-12-08,31.572786583430542,31.88962968687204,31.456758428540923,31.773601531982422,19920000
2022-12-09,31.662036920010898,31.88516615385081,31.577250126335432,31.608488082885742,23837200
2022-12-12,31.778065164954892,32.340351789135525,31.657576876400004,32.331424713134766,22763800
2022-12-13,32.786619443096995,32.929422056977344,32.077066508263194,32.42961120605469,27388400
2022-12-14,32.54117253074651,32.88479351962133,32.15292977265272,32.38944625854492,26637400
2022-12-15,32.264486685768695,32.31803551975812,31.845002661215744,31.996728897094727,26308000
2022-12-16,31.755762723146763,31.755762723146763,31.05959701140985,31.452306747436523,39263400
2022-12-19,31.29123073828594,31.628663118213364,31.124762861807458,31.327220916748047,19664600
2022-12-20,31.309219052741003,31.507180448727286,31.106761030510754,31.33621597290039,15964000
2022-12-21,31.52518461082414,31.786133160535147,31.421703829890493,31.77263641357422,16484800
2022-12-22,31.723146975097812,31.723146975097812,31.057278834505063,31.57917594909668,14103800
2022-12-23,31.52067871546507,31.92559821202845,31.51618208900385,31.903104782104492,11349400
2022-12-27,31.97509238260889,32.16855375226677,31.772634326414693,32.10106658935547,12211400
2022-12-28,32.173059712794625,32.30803063083308,31.745643224322045,31.795133590698242,14431200
2022-12-29,31.95259468859776,32.2045465280949,31.93010125657061,32.02458190917969,11555200
2022-12-30,31.993088460880735,32.047078876490275,31.421701051433512,31.718643188476562,14700200
2023-01-03,31.80862378195285,31.91660461317193,31.286730161219083,31.718643188476562,25774200
2023-01-04,31.862613163068996,32.29452617630342,31.813122808501973,32.00658416748047,20872600
2023-01-05,31.76363049320593,31.885108058749786,31.219240059112717,31.313720703125,19572800
2023-01-06,31.669156305771075,32.09656932047145,31.624166004098402,31.943601608276367,19620400
2023-01-09,31.93909904628559,32.40250563903752,31.844618390412453,32.1595573425293,23438800
2023-01-10,32.074079354583866,32.18655683719952,31.790637334106957,32.16856002807617,17215000
2023-01-11,32.168555844986116,32.47449469521905,32.16405578515536,32.42950439453125,21371800
2023-01-12,32.46999395422716,32.51498425397114,32.18205191681783,32.20904541015625,25797800
2023-01-13,32.07407472667651,32.20004893982299,31.853619853670143,32.092071533203125,23793600
2023-01-17,32.114572372408276,32.344027417859,31.993098191017097,32.047088623046875,19530400
2023-01-18,32.18655075169927,32.18655075169927,31.237240703305677,31.27773094177246,29020400
2023-01-19,31.264234028565035,31.295727580273052,30.88631140806885,30.96279525756836,28394000
2023-01-20,30.944799172309178,31.160757412291225,30.521882811636715,31.147260665893555,26621000
2023-01-23,31.039285805904928,31.457702187493037,30.904314883401288,31.15626335144043,19652600
2023-01-24,31.187746511108625,31.40820134713728,30.78732707253974,31.313720703125,20658800
2023-01-25,30.854814498137202,30.96279188759252,30.575869190126703,30.89080810546875,25983000
2023-01-26,30.72884612441556,31.043781666860475,30.670355643290097,30.994291305541992,20360000
2023-01-27,30.92680413714952,31.129265642326942,30.805329980075044,30.994291305541992,15425800
2023-01-30,30.88181374572717,31.205749407034933,30.832323384552932,30.854820251464844,15561000
2023-01-31,30.940297561356704,31.093268688786665,30.575871696732353,31.08426856994629,19442400
2023-02-01,30.93580372588209,31.35871667097084,30.715345417415282,31.138261795043945,30944600
2023-02-02,31.15625915037849,31.552178608560606,30.913307403582653,31.20574951171875,24997000
2023-02-03,30.926803550129012,31.048281137437698,30.143961336239343,30.553380966186523,25362200
2023-02-06,30.440898989316768,30.841318440313838,30.38690857711716,30.814321517944336,31414200
2023-02-07,30.67485282122477,30.899807739704702,30.37341405427118,30.800827026367188,21124400
2023-02-08,30.620864406612142,30.634361153396814,30.130464299889862,30.283432006835938,22471400
2023-02-09,30.355419862239106,30.521884319420092,29.820026011751196,29.869516372680664,20715200
2023-02-10,29.90101062204099,30.490391474492895,29.86501700733888,30.463397979736328,30963400
2023-02-13,30.47689543055042,30.724347246663804,30.47689543055042,30.647863388061523,16183800
2023-02-14,30.616373851621184,30.82782864741929,30.35542525356324,30.517393112182617,14150400
2023-02-15,30.341926566812717,30.737846066747544,30.341926566812717,30.715349197387695,11020000
2023-02-16,30.41391045306109,30.625368668474607,30.157461931345626,30.48139762878418,18399600
2023-02-17,30.49038879285401,30.95379881817154,30.328424406019394,30.80982780456543,21873200
2023-02-21,30.584874615429055,30.67035515700022,30.211448597779484,30.23394203186035,16969000
2023-02-22,30.22944179480287,30.46339339003874,30.035980435601488,30.11696434020996,26750200
2023-02-23,30.251939562146827,30.251939562146827,29.8290266063891,29.959497451782227,21406600
2023-02-24,29.698547310340988,30.076469900464122,29.577069740273252,29.96849250793457,23150400
2023-02-27,30.1169680469688,30.404910091563032,29.70304835439215,29.76603889465332,21720600
2023-02-28,29.6310672407334,29.775038276057995,29.244144439697266,29.244144439697266,41151800
2023-03-01,29.091172979856026,29.118166472843445,28.627764660423114,28.762737274169922,47276000
2023-03-02,28.722244544249964,29.325123804587836,28.68175258959034,29.307126998901367,30688600
2023-03-03,29.42410351577531,29.82452298915453,29.136161499694516,29.80652618408203,30175200
2023-03-06,29.82453196942795,30.040486830243537,29.784038287687142,29.95050621032715,24243200
2023-03-07,29.977491844175873,30.05397912683044,29.316127252986675,29.460098266601562,24055200
2023-03-08,29.451097831750428,29.74353991542268,29.338620371302618,29.6850528717041,27407400
2023-03-09,29.766038992370603,30.040480858319864,29.347622671111647,29.44659996032715,34067200
2023-03-10,29.590570070151504,29.590570070151504,28.834721365795204,28.983192443847656,41666400
2023-03-13,28.94720105678576,30.076475856691776,28.906710813770935,29.428607940673828,67671200
2023-03-14,29.649060602758464,30.058476792402057,29.523086390560437,29.81552505493164,35118400
2023-03-15,29.730039885129234,30.41390125878903,29.586068888961943,30.220439910888672,48336800
2023-03-16,30.107966017096615,30.598369533287254,29.990991928772733,30.42290496826172,31646800
2023-03-17,30.350915586492142,30.41390268573683,29.9055058325363,30.130460739135742,35814600
2023-03-20,30.17578628572762,30.465850633488266,30.166719829825226,30.366140365600586,38838000
2023-03-21,30.415997267635902,30.452256177673668,29.35544662499108,29.754287719726562,51865000
2023-03-22,29.71349412108928,29.87212598024794,29.156028102477354,29.16962432861328,35793200
2023-03-23,29.178686913740698,29.459688261985022,28.72546266939927,28.870494842529297,33769000
2023-03-24,28.902222248800832,29.78148006703855,28.87502806636957,29.772417068481445,36112000
2023-03-27,29.86305840428907,30.076075160002528,29.727089232349513,29.808670043945312,28273800
2023-03-28,29.736155990552287,30.2075114114751,29.736155990552287,29.89025115966797,22038800
2023-03-29,30.04888359309009,30.375203391237207,30.04888359309009,30.32535171508789,19807800
2023-03-30,30.397868971697047,30.60635252560378,30.284562466888598,30.456787109375,20585600
2023-03-31,30.556488691282542,30.692457841495457,30.379730870709228,30.678861618041992,23444000
2023-04-03,30.565561640014824,30.696997591057574,30.298156509868573,30.47038459777832,24071400
2023-04-04,30.452256563072805,30.67886956691686,30.370675743375344,30.624481201171875,21613800
2023-04-05,30.755923366782994,31.5037471219933,30.751390137595823,31.417633056640625,37674400
2023-04-06,31.671429430087887,31.707688337444992,31.31791372795544,31.63970375061035,33350400
2023-04-10,31.45841192255262,31.58531462349199,31.14568493963828,31.576248168945312,20463000
2023-04-11,31.530925342867278,31.694086941518634,31.4493445435416,31.603443145751953,17274000
2023-04-12,31.662365839495962,31.7983350106201,31.45841554064942,31.57172203063965,25109200
2023-04-13,31.431216016751854,31.66236219794242,30.977990108917396,31.576248168945312,32892400
2023-04-14,31.345115049688655,31.40856641959974,31.07770988405738,31.222742080688477,18129400
2023-04-17,31.27712984527324,31.449354494861556,31.08224251065267,31.39496612548828,15613800
2023-04-18,31.40856174934684,31.472013109823113,31.113964171227117,31.23180389404297,15566200
2023-04-19,31.308851842446334,31.56719051532501,31.263529935559518,31.472013473510742,20634600
2023-04-20,31.499199116871733,31.585313141829246,31.27711940064557,31.462940216064453,14737400
2023-04-21,31.66689725805277,31.775670514033695,31.3677664818059,31.553590774536133,14075600
2023-04-24,31.544531986490032,31.766611779964983,31.354177877797216,31.71222686767578,13579000
2023-04-25,31.594384076574258,31.85272275851835,31.585321078014804,31.680498123168945,20503200
2023-04-26,31.435750277046285,31.53546053330076,30.900943549913585,30.93720245361328,29513800
2023-04-27,31.027855562901657,31.33604942112373,31.000663105889256,31.308856964111328,24933400
2023-04-28,31.218201556154224,31.449347754147457,31.06863962365461,31.263526916503906,24246800
2023-05-01,31.191010340234953,31.621573617875338,31.163817889220933,31.317913055419922,21016200
2023-05-02,31.290718120086876,31.372298924491506,30.760444620376482,30.93720245361328,22931000
2023-05-03,31.109433893981834,31.295258222887725,30.8148362879194,30.85109519958496,23714400
2023-05-04,30.905475784959435,31.209136313555238,30.6154114803546,31.086763381958008,29262200
2023-05-05,30.982527555885348,31.363235710554353,30.982527555885348,31.28618812561035,22833200
2023-05-08,31.25446087741129,31.481073850818714,31.086766032267555,31.191009521484375,16573400
2023-05-09,31.118497098388872,31.231803592121125,30.92813956096046,31.150222778320312,20562200
2023-05-10,31.34510905976968,31.517333679782606,31.118496079723364,31.435752868652344,21416600
2023-05-11,31.45388549249193,31.462948491157864,30.96893380462414,31.11396598815918,29748200
2023-05-12,31.28618812561035,31.485608658726342,31.100367276166594,31.28618812561035,23748200
2023-05-15,31.404031830560573,31.44935374169945,30.764981472629824,30.891887664794922,26370200
2023-05-16,30.855623235644163,30.914541363805903,30.189380541724866,30.207509994506836,28008000
2023-05-17,30.302693776718904,30.311756776208465,29.971837240984584,30.098743438720703,34176600
2023-05-18,29.958235839715854,30.039816652396027,29.74521908117098,30.00809097290039,32335600
2023-05-19,30.14859515813069,30.316290040527544,29.94464481989263,29.9627742767334,24945000
2023-05-22,30.03981877441513,30.19391741273645,29.86306091076184,29.971834182739258,18989400
2023-05-23,29.85852730896746,30.162191353608247,29.786012947836475,29.86759376525879,24128000
2023-05-24,29.82679794885417,29.93557466389425,29.622847659373146,29.67270278930664,23127600
2023-05-25,29.618313603714153,29.631909828254162,29.06537742015772,29.273860931396484,32252200
2023-05-26,29.22853903031665,29.296523610856102,28.97473361799805,29.273860931396484,33187800
2023-05-30,29.3237203345048,29.473285741926123,29.115236792875034,29.160558700561523,31165800
2023-05-31,29.174157812499583,29.55939920703579,28.98833349943915,29.427963256835938,34266200
2023-06-01,29.482349407838736,29.523138083544197,29.029123458189193,29.210411071777344,37306400
2023-06-02,29.060852143707248,29.627384639396674,28.992867552656527,29.51407814025879,46091600
2023-06-05,29.57752966529447,29.9763672996239,29.514078302056603,29.654577255249023,24089000
2023-06-06,29.790542167289654,29.840393838824077,29.55032951765209,29.63191032409668,25723200
2023-06-07,29.654577950452406,30.207514235493598,29.47328685501988,30.13499641418457,38529600
2023-06-08,30.125930956106508,30.31175180682131,29.89931796977544,30.266429901123047,29318200
2023-06-09,30.275500235681566,30.298159462513784,30.071546447150418,30.089675903320312,26632600
2023-06-12,30.11233508658113,30.19391590093947,29.91291454974079,30.0352840423584,22967400
2023-06-13,29.853996235628703,30.134994127276496,29.8041411017222,30.03075408935547,23737200
2023-06-14,30.139525545452155,30.37067174715371,29.95370124698788,30.012622833251953,28047200
2023-06-15,30.125930538688525,30.411461652687105,30.062479180022173,30.338947296142578,27402400
2023-06-16,30.41145845444332,30.746844666099992,30.388799233211003,30.502105712890625,27370800
2023-06-20,30.413933058683405,30.47789478445393,30.11239970657275,30.144380569458008,25850800
2023-06-21,30.039297116098137,30.41850124704806,29.710349122293508,30.386520385742188,21445400
2023-06-22,30.50074198901844,30.56013402854671,30.066711977279436,30.153518676757812,20000800
2023-06-23,30.240322595316634,30.345401077561483,29.669233278956387,29.710350036621094,25439200
2023-06-26,29.760607168863718,30.09412487443964,29.646389301778534,30.002748489379883,20535200
2023-06-27,30.025594090663333,30.116966991998574,29.91594591193049,30.01188850402832,17020800
2023-06-28,30.002750204056394,30.002750204056394,29.491056361088848,29.568723678588867,29447600
2023-06-29,29.335718240435927,29.733197695443543,29.271756510064982,29.568723678588867,29307800
2023-06-30,29.609839482831692,29.929651610001294,29.596133896145652,29.89767074584961,27858600
2023-07-03,29.833706593555057,30.13523993310664,29.733194318487033,30.12153434753418,16329200
2023-07-05,30.016450199874082,30.69262141939546,29.975333446145875,30.46418571472168,38338000
2023-07-06,30.222051120279943,30.30885433704117,29.9296536323776,30.094127655029297,30845600
2023-07-07,29.89766949121235,30.084984977482268,29.797157212195632,29.87482452392578,25787600
2023-07-10,29.824571693516443,29.925083983685212,29.509329235378583,29.746904373168945,24820200
2023-07-11,29.80629162311091,30.12610372093042,29.69664345403255,30.11696434020996,22871800
2023-07-12,30.208346933270064,30.592117346815428,30.153521094626516,30.555566787719727,26655000
2023-07-13,30.555560658991492,30.669778519016262,30.445912489350405,30.660642623901367,19835400
2023-07-14,30.58297892009025,30.67435182461811,30.36824876023162,30.541858673095703,20285600
2023-07-17,30.44134065956589,30.509872067894893,30.17635789202714,30.1900634765625,21260800
2023-07-18,30.16265061176454,30.423067190346735,29.692073591313594,29.957059860229492,36264600
2023-07-19,29.979906446013825,30.44134411072813,29.979906446013825,30.263164520263672,27154000
2023-07-20,30.345401951379213,30.861668939052798,30.190067325969483,30.81597900390625,33329000
2023-07-21,30.939332362707013,31.40077346159355,30.88450653881432,31.277416229248047,36746000
2023-07-24,31.32310816684249,31.37793400035123,31.048985970604463,31.1951847076416,26484600
2023-07-25,31.158631248727396,31.345950214855634,31.06268866326629,31.25000762939453,16701600
2023-07-26,31.167770629620364,31.597230904624613,31.10380890597963,31.25000762939453,23158200
2023-07-27,31.12664992878291,31.259143064560828,30.633231423052607,30.697193145751953,32130200
2023-07-28,30.898220361376506,31.021577626611197,30.47789938975768,30.6286678314209,26432200
2023-07-31,30.752018403931284,30.875375656301273,30.50074117968432,30.642370223999023,25047000
2023-08-01,30.60582036403829,30.765724689582854,30.249461156923875,30.267736434936523,26919600
2023-08-02,30.144382665417254,30.409365482468438,30.094126522295696,30.267736434936523,30335000
2023-08-03,30.176361966717877,30.199203448810334,29.550446798419383,29.577857971191406,41266400
2023-08-04,29.655523465144338,29.847408611528113,29.107275708209457,29.235200881958008,36497800
2023-08-07,29.34485620761256,29.481915557948746,29.221498958092006,29.230636596679688,25131800
2023-08-08,29.226067725515964,29.381402348120332,28.95651349558705,29.36769676208496,30350200
2023-08-09,29.353990481672753,29.69207437660737,29.30373434363014,29.431657791137695,26387400
2023-08-10,29.55044671204364,29.728626305846355,29.25347956048822,29.340286254882812,27384400
2023-08-11,29.3676975900317,29.541310979781283,29.276324690118116,29.50019073486328,24336200
2023-08-14,29.481911516795503,29.500186791465836,29.139257959444272,29.267181396484375,21549600
2023-08-15,29.098142915547655,29.111850244589935,28.773764594376996,28.79203987121582,30379000
2023-08-16,28.915395888792315,29.04788903398562,28.80574596863977,28.919963836669922,25028400
2023-08-17,28.95193965973461,29.235201177968296,28.84229150149826,28.85599708557129,23752800
2023-08-18,28.851430920166777,29.075296940372375,28.82401800750182,29.00676727294922,25675600
2023-08-21,28.91996488744379,28.997633946796014,28.59558654873056,28.82402229309082,24162000
2023-08-22,28.805745349982253,28.988494632036158,28.696097175010966,28.90625762939453,27057800
2023-08-23,29.061593888741882,29.093574751559014,28.81945257231894,29.020475387573242,26772000
2023-08-24,28.970220525797718,29.36769822607465,28.82402179137801,28.8514347076416,25933800
2023-08-25,28.892548730980423,29.21692701375429,28.87427345630485,29.070728302001953,24981000
2023-08-28,29.120987939998766,29.280890512759264,29.00677007377208,29.066162109375,17326400
2023-08-29,29.10271240355807,29.262618460545028,28.983924847759038,29.175811767578125,23746200
2023-08-30,29.079868347177364,29.271753518680768,28.93366962331965,29.043317794799805,22480800
2023-08-31,29.157537201407525,29.184950117142936,28.755489818086566,28.76462745666504,27542200
2023-09-01,28.91539441548914,29.01590494911252,28.39456124266145,28.618427276611328,28775400
2023-09-05,28.600153375077323,28.618428652187728,28.024496088710343,28.179832458496094,37650600
2023-09-06,28.220948357332542,28.27577244078015,28.06104231160659,28.243791580200195,38940200
2023-09-07,28.485935885340517,28.84229682241638,28.41283651875533,28.613861083984375,33748600
2023-09-08,28.66411429834388,28.915393236395236,28.572739663736243,28.865137100219727,32521400
2023-09-11,28.833156292397252,29.13469136717699,28.824018654637115,28.983922958374023,27023600
2023-09-12,28.9793568864046,29.102712389910526,28.7874699666755,29.020475387573242,22094800
2023-09-13,29.034180806889232,29.50018990318124,29.034180806889232,29.36769676208496,30120800
2023-09-14,29.550446280019397,29.815432564342636,29.509326035930037,29.797157287597656,26201000
2023-09-15,29.746902545066625,29.975338286628705,29.637254365099608,29.669235229492188,34802000
2023-09-18,29.68857327333786,29.74384336929665,29.439863112369753,29.647123336791992,19135000
2023-09-19,29.6240972687747,29.730030755252837,29.476713840129975,29.485923767089844,24889000
2023-09-20,29.605674576070964,29.822144760494403,29.426051128123472,29.513561248779297,18736000
2023-09-21,29.490528373738094,29.545798473230086,29.19115657442666,29.204973220825195,25628600
2023-09-22,29.076012272723975,29.343144050902914,28.956262151132584,29.149703979492188,24595400
2023-09-25,28.97929166915628,29.131281808885962,28.804274956493487,29.108253479003906,24729800
2023-09-26,28.98850187953032,29.020741891116806,28.15946974725855,28.237768173217773,46833400
2023-09-27,28.18250091878528,28.251587668838845,27.62060226234916,27.694293975830078,52042200
2023-09-28,27.800223793963525,27.855492136039402,27.054095026617972,27.09554672241211,77189800
2023-09-29,27.33043858309367,27.55151370906721,26.994220052532942,27.141603469848633,45737800
2023-10-02,26.985008431858315,26.985008431858315,25.57104756080727,25.87963104248047,111645400
2023-10-03,25.676979352380645,26.266513024615232,25.299309123986745,26.179004669189453,115236400
2023-10-04,26.312568993913068,26.36323236858721,25.7414569843347,26.1513671875,58997200
2023-10-05,26.08228350037876,26.16058016916469,25.74606498269141,25.999380111694336,56290000
2023-10-06,25.676981238819106,26.432321751100318,25.225619268235185,26.367841720581055,68207400
2023-10-09,26.32178378874698,26.630367279052734,26.211245343937335,26.630367279052734,40487600
2023-10-10,26.630365262659087,27.008035471993118,26.630365262659087,26.994218826293945,61414400
2023-10-11,27.146211476958605,27.454796749468287,26.952771378896603,27.4317684173584,53347400
2023-10-12,27.29358887271955,27.454790675724798,26.76393032357047,27.008033752441406,55086600
2023-10-13,27.187660444217,27.487034002395298,27.118575454832815,27.312015533447266,39568800
2023-10-16,27.36728422814502,27.694292840449982,27.15542078019175,27.592966079711914,39554800
2023-10-17,27.35807369393126,27.69429222524454,27.316621997909134,27.51927375793457,36960400
2023-10-18,27.49164098766848,27.657447785504427,27.104759045034296,27.27977752685547,46727000
2023-10-19,27.192263882462054,27.445578993528894,26.989610388049595,27.008033752441406,39363800
2023-10-20,26.943553342261247,27.20608013170687,26.722478243620127,26.727083206176758,40044800
2023-10-23,26.48298044400848,26.88367896052,26.271117022124113,26.50140380859375,41041200
2023-10-24,26.90210568202306,27.29359256509274,26.81920228799318,27.183055877685547,47194400
2023-10-25,27.13699616133974,27.39031305149782,27.026459479224293,27.33504295349121,41309400
2023-10-26,27.408736829813712,27.814042129195613,27.399526903032577,27.56993865966797,47174600
2023-10-27,27.45018855440146,27.606783664066025,26.966586578273812,27.049489974975586,40502400
2023-10-30,27.164635020828065,27.436373558157243,26.95737651660257,27.256750106811523,28539200
2023-10-31,27.367283097900682,27.51927323273073,27.173843024788503,27.49163818359375,21364600
2023-11-01,27.528488954380524,27.9706392637451,27.261355377712874,27.804832458496094,46523000
2023-11-02,27.864703713393794,28.472660744766472,27.818647054663614,28.32527732849121,51100200
2023-11-03,28.818091908347192,28.854938642108017,28.481873369050028,28.491085052490234,45147200
2023-11-06,28.541749734752806,28.633863059458307,28.389759586480444,28.417394638061523,38240000
2023-11-07,28.431209635195604,28.468056368498413,28.16407784654602,28.210134506225586,37684600
2023-11-08,28.090386395664144,28.099596322125745,27.68968607357501,28.00287628173828,43295600
2023-11-09,28.05354236727544,28.14105073269093,27.620603746923734,27.63442039489746,32195600
2023-11-10,27.758770987874797,27.860097741751805,27.597569174256936,27.78179931640625,28030200
2023-11-13,27.721926195458465,27.78640797958459,27.4087359860703,27.45018768310547,31159600
2023-11-14,28.067357281564263,28.569382624673402,28.01208893613408,28.546354293823242,57318200
2023-11-15,28.46805682202226,28.873360353116365,28.394365111191608,28.458845138549805,49662800
2023-11-16,28.693733691989838,28.841117097082115,28.587801979389063,28.610830307006836,34650400
2023-11-17,28.767429366530497,28.799669381036594,28.532537581279048,28.689132690429688,23879000
2023-11-20,28.555564967736014,28.71216007170801,28.2239513929838,28.601621627807617,28316600
2023-11-21,28.57859181934095,28.721370269295022,28.3943634316361,28.661495208740234,20288400
2023-11-22,28.762824288008602,28.808880949418942,28.527930746748453,28.79966926574707,17919600
2023-11-24,28.795064910084644,28.877968307932075,28.684526460638384,28.873361587524414,9798600
2023-11-27,28.896390005101093,28.97929164120675,28.689131522464574,28.919418334960938,24833200
2023-11-28,28.924025524599156,29.223399106668484,28.808882109487733,29.01153564453125,29415200
2023-11-29,29.020742920742613,29.13588632533633,28.67991942703661,28.781246185302734,35806400
2023-11-30,28.864149802686132,28.94244823680105,28.666104749575673,28.905601501464844,30483600
2023-12-01,28.91941895623313,29.264849182398507,28.73058383620735,29.260242462158203,29342800
2023-12-04,29.122067497391473,29.38920101937264,28.997712418912183,29.145095825195312,30515800
2023-12-05,29.17272934310912,29.17733430564892,28.82269421077735,28.937837600708008,22536600
2023-12-06,29.066800290134804,29.333932065560113,29.025348595695668,29.32472038269043,26817800
2023-12-07,29.366174187348374,29.47210766948753,29.126677443322155,29.260242462158203,21876600
2023-12-08,29.21418490407386,29.338539992507446,28.988503056853887,29.204973220825195,24002800
2023-12-11,29.052984869066464,29.430655097900203,29.052984869066464,29.393808364868164,22448800
2023-12-12,29.435259356438355,29.44907600252016,29.04837745360772,29.274059295654297,21768200
2023-12-13,29.306300838750047,30.379436492919922,29.149705732829887,30.379436492919922,43452000
2023-12-14,30.56366494776763,30.720258288020492,29.92346791292629,29.983341217041016,64968200
2023-12-15,29.683969726718296,29.835959871429328,29.246426173772246,29.4628963470459,53129000
2023-12-18,29.545183727219136,29.71255248099475,29.335972784999623,29.396411895751953,32507000
2023-12-19,29.498694281304882,29.60097381076767,29.37316771135037,29.56378173828125,25377800
2023-12-20,29.52658819600517,29.610272576835627,28.95939622687681,28.96404457092285,36651800
2023-12-21,29.061676846017217,29.215098807786838,28.8106254676219,29.015186309814453,31753600
2023-12-22,29.122116226307263,29.401064766557507,29.057028765632293,29.112817764282227,26447400
2023-12-26,29.066324370534858,29.401061876531458,29.057025909423828,29.28948211669922,19075000
2023-12-27,29.233693396238348,29.326676234715915,29.122113635365242,29.270885467529297,18984400
2023-12-28,29.177899255581114,29.521935186121553,29.177899255581114,29.480093002319336,17346400
2023-12-29,29.41500813586107,29.503340854527288,29.24763938596711,29.442903518676758,22478000
2024-01-02,29.317375628010403,29.940358294668727,29.25693652139803,29.870620727539062,30758600
2024-01-03,29.861325948610162,30.037991389227262,29.65676335115861,29.982200622558594,32866400
2024-01-04,30.01474598951836,30.17281806354888,29.852027344928427,29.88922119140625,26622400
2024-01-05,29.847373427441635,30.14491706738249,29.71255018487468,30.000795364379883,27190400
2024-01-08,29.935708199715904,30.22860172547628,29.842727141474516,30.21930503845215,23434400
2024-01-09,30.06124061289763,30.107731148332576,29.90781865366188,29.9729061126709,28805400
2024-01-10,29.972902299058816,30.10772731756599,29.86132431881152,29.968252182006836,21853800
2024-01-11,29.870622913534454,29.875273030883406,29.17790262905173,29.270885467529297,44353600
2024-01-12,29.466150694682852,29.55913353659685,29.32202720104115,29.438255310058594,19537400
2024-01-16,29.29412758144949,29.373163606375446,29.04772459347434,29.117462158203125,30454000
2024-01-17,28.950096541031815,29.215096477955093,28.4758856608796,28.694395065307617,39178000
2024-01-18,28.550270894697547,28.57816627762816,28.224831854507443,28.38755226135254,39464000
2024-01-19,28.415444505875655,28.461936808526797,28.169041509074624,28.350357055664062,28257600
2024-01-22,28.34105899762453,28.550269928775798,28.085357536661878,28.206233978271484,41676200
2024-01-23,28.21553733836449,28.345714036740684,28.090010757876918,28.25737953186035,41100200
2024-01-24,28.452640541959347,28.499131074695335,27.829657826396343,27.87150001525879,50878200
2024-01-25,28.24343081209112,28.37825584572305,27.978430862400902,28.373605728149414,50516800
2024-01-26,28.447988374139776,28.564216471102515,28.3643040024466,28.457286834716797,36653200
2024-01-29,28.475884579395558,28.75018296710035,28.308515831168894,28.63860321044922,26054400
2024-01-30,28.568869587216177,28.801325805544217,28.382903903153665,28.629308700561523,36109000
2024-01-31,28.866412302889238,28.991938869431696,28.4061482255669,28.56886863708496,59642400
2024-02-01,28.447992804244535,29.112817764282227,28.317817882894595,29.112817764282227,51507200
2024-02-02,28.782727650009534,28.866412026904417,28.38755280517267,28.587465286254883,51839600
2024-02-05,28.308518843262853,28.327115766933478,27.97843142886044,27.99237823486328,39895000
2024-02-06,27.97842789259992,28.18763882370112,27.890095176579425,28.094655990600586,27557000
2024-02-07,28.206231784813962,28.266670887668734,27.96447892039466,28.113250732421875,23748600
2024-02-08,27.987727436877265,28.048166546757674,27.671586856195255,27.913341522216797,41755400
2024-02-09,27.83430562695527,28.0481666844667,27.778516634061038,28.02027130126953,29647800
2024-02-12,28.020275477289864,28.368959838470428,27.950537895653603,28.345714569091797,25219000
2024-02-13,28.187640466897165,28.33176218177953,27.49492018209112,27.876148223876953,45402200
2024-02-14,27.978430880860707,28.094658991275214,27.820360579756965,28.029571533203125,34871800
2024-02-15,28.117900334598403,28.522373605813616,28.117900334598403,28.499128341674805,34680800
2024-02-16,28.35965552342687,28.601410176774444,28.18763843732379,28.466585159301758,29914200
2024-02-20,28.415446689873377,28.77342946705153,28.38755307963881,28.44799041748047,22764000
2024-02-21,28.633953788387096,28.86176163678277,28.494480427950965,28.824567794799805,31565000
2024-02-22,28.59676551625169,28.722292097143264,28.382906203695836,28.601415634155273,31841600
2024-02-23,28.661849440335907,28.940796163840385,28.59211187270978,28.805971145629883,24572800
2024-02-26,28.666503419972635,28.68510034479593,28.187644133525186,28.238784790039062,25587000
2024-02-27,28.40614486102702,28.782724516050756,28.289916769494994,28.773426055908203,27487600
2024-02-28,28.740884781832193,28.90360341444606,28.675797328786647,28.86176300048828,22983600
2024-02-29,28.973340713553284,29.112814079274163,28.736236169177797,28.87105941772461,30675400
2024-03-01,28.782727786448664,28.78737613029814,28.341060633743158,28.694395065307617,42511000
2024-03-04,28.55956776848361,29.219742499651556,28.55956776848361,29.177900314331055,33020800
2024-03-05,29.266236301338633,29.74044716809941,28.97334098908931,29.094219207763672,49602800
2024-03-06,29.303427562267608,29.521936954490144,29.23834011100984,29.373165130615234,32652200
2024-03-07,29.61492238976274,29.689308308235763,29.507992742801534,29.56378173828125,21384200
2024-03-08,29.647464888723334,29.72649914791691,29.391763415420428,29.638166427612305,27511600
2024-03-11,29.59632369808332,29.85202516670977,29.484743940291732,29.786937713623047,20968200
2024-03-12,29.726499559309,29.740448137918644,29.31272778839254,29.498693466186523,29489000
2024-03-13,29.73115021927172,29.96360466050627,29.63351903472317,29.698606491088867,25877800
2024-03-14,29.633515206752342,29.749743299105702,29.252285432213377,29.461496353149414,31869800
2024-03-15,29.368512850432356,29.66140813301959,29.340619243947792,29.503337860107422,35445000
2024-03-18,29.540842524234826,29.82678241378084,29.367404249059497,29.639280319213867,26843800
2024-03-19,29.709596041714917,29.929908961212682,29.625220272323393,29.901784896850586,19985400
2024-03-20,29.850218954497148,30.093969167699868,29.770529940519282,29.939281463623047,32620800
2024-03-21,30.018970104377317,30.220534222450514,29.878344432923384,29.892406463623047,40327800
2024-03-22,30.07990753071138,30.136159231250865,29.897093974339235,29.934595108032227,21059400
2024-03-25,30.018974123443392,30.093972822651033,29.892410465744252,30.075225830078125,23194200
2024-03-26,30.108034495139083,30.19709521528505,29.70959300525665,29.733030319213867,29830400
2024-03-27,29.95334769686413,30.562725067138672,29.920535096744004,30.562725067138672,34600400
2024-03-28,30.55803642429427,30.825225729156326,30.478345625345774,30.773662567138672,27492200
2024-04-01,30.77835511731366,30.811167717758984,30.389288871815353,30.586164474487305,22702600
2024-04-02,30.515852731028367,30.815854690786068,30.501790697962452,30.63772964477539,30212400
2024-04-03,30.63303651952526,30.717412281586814,30.403348335809607,30.51584815979004,26574200
2024-04-04,30.75491025496441,30.843974543629443,30.24865573461247,30.45490837097168,29356800
2024-04-05,30.25803783541246,30.623664968793328,30.11272182822649,30.543977737426758,32322400
2024-04-08,30.548659320072094,30.7970980588123,30.506473229178738,30.745534896850586,20142600
2024-04-09,30.811170518628685,30.975233535769355,30.722106205192798,30.91429328918457,24024200
2024-04-10,30.29553348047693,30.50178613809111,30.11740846109509,30.384597778320312,38280600
2024-04-11,30.558040451129937,30.595538011471096,30.11741103629794,30.32366371154785,25621200
2024-04-12,30.379909228909394,30.468973526712745,29.948656923459872,30.093969345092773,39844800
2024-04-15,30.300225033506155,30.426790477392665,29.704907892010986,29.81740951538086,29407800
2024-04-16,29.723654554282007,29.756467150920816,29.32052632340243,29.42365264892578,32907600
2024-04-17,29.615842817869268,30.112720325482478,29.559592905114513,30.037721633911133,28152800
2024-04-18,30.140849105474803,30.309600638281903,29.920534405626363,30.20647430419922,22288600
2024-04-19,30.286158384578954,30.736161233158583,30.253345788629545,30.670536041259766,37004600
2024-04-22,30.689289067317347,31.036165620349074,30.478347868184727,30.95178985595703,23458600
2024-04-23,30.9377286575899,31.29398229198213,30.862726386642013,31.097103118896484,22338000
2024-04-24,30.815847807099047,31.387727532735333,30.661161901622485,31.28460121154785,26127000
2024-04-25,31.209605949349495,31.495545843527378,30.93772808663855,31.368980407714844,31562400
2024-04-26,31.368978619434685,31.411168287735403,31.012728588231194,31.026790618896484,24547400
2024-04-29,31.24241843828065,31.504919228219993,31.21429079914069,31.448667526245117,29368200
2024-04-30,31.275227717032926,31.52835498459184,31.06897507465796,31.28460121154785,29724800
2024-05-01,31.27991696058531,31.931483921415527,31.15804007130416,31.645544052124023,42371800
2024-05-02,31.77679177933224,31.89398012329955,31.523664527206318,31.814292907714844,28609400
2024-05-03,32.062740052510854,32.170551354568836,31.78148866832237,32.06742858886719,29817000
2024-05-06,32.16586207920694,32.26429987165141,31.96898291801309,32.23148727416992,21221400
2024-05-07,32.36742259152605,32.62523480690993,32.297108868674265,32.597110748291016,28808200
2024-05-08,32.52680259082999,32.958054919529005,32.44711536023878,32.93930435180664,27708200
2024-05-09,32.915870573479346,33.473688369869585,32.8455568348604,33.44087219238281,48549200
2024-05-10,33.62836518946429,33.679928345390096,33.31430129522846,33.408050537109375,39129200
2024-05-13,33.520553918931675,33.68461688037544,33.34242535253187,33.408050537109375,21219200
2024-05-14,33.553375424115195,33.60025005750712,33.309621608388746,33.49712371826172,23566400
2024-05-15,33.84399824465279,34.09244058154465,33.78775011851544,33.998687744140625,29176600
2024-05-16,34.017443009618844,34.17682106706415,33.829940885220786,33.88150405883789,25322400
2024-05-17,33.83930823051592,33.98930917165202,33.72211988349383,33.90961837768555,21715600
2024-05-20,33.98462104453614,33.98462104453614,33.77836840688287,33.853370666503906,13830400
2024-05-21,33.834624765233855,34.172127827439496,33.82525126964151,34.15806579589844,16263400
2024-05-22,33.97055853245556,34.087746879220596,33.722119809522425,33.75493240356445,21128800
2024-05-23,33.70336859875436,33.70336859875436,33.1643014987088,33.18305206298828,28718600
2024-05-24,33.267437975961144,33.64712718376317,33.20649772936192,33.51587677001953,16366800
2024-05-28,33.54868412605063,33.68462305510998,33.41274519699128,33.48305892944336,17765200
2024-05-29,33.19242746458844,33.23461713071808,32.92992670219837,33.05180358886719,28118600
2024-05-30,33.15962063575143,33.520562823110325,33.098683969972456,33.49712371826172,18129600
2024-05-31,33.60961898717274,34.12056207774784,33.464306570509585,34.08774948120117,24777600
2024-06-03,34.03149535500126,34.064307949206906,33.57680399507691,33.69868087768555,36915800
2024-06-04,33.61430998442537,33.801812082553944,33.31430805794168,33.68462371826172,29419600
2024-06-05,33.64712113313662,33.67524519493695,33.43618351702435,33.492431640625,17920400
2024-06-06,33.4174314282361,33.614307004480594,33.098678962566794,33.14555358886719,18184800
2024-06-07,32.859620895581756,33.122125297541864,32.77524511929199,32.78462219238281,16286800
2024-06-10,32.77992582322502,33.26274125917555,32.695550067096455,33.20648956298828,19591400
2024-06-11,32.92524159841484,33.05180703369037,32.72367747019884,33.00493240356445,22694800
2024-06-12,33.4221228527503,33.426807812371976,32.68149153374815,32.789302825927734,24912200
2024-06-13,32.84086448661312,32.98618048323952,32.52211200800425,32.86430358886719,22974000
2024-06-14,32.67211877312611,32.82680829237493,32.53618340005893,32.78462219238281,20280600
2024-06-17,32.611181470624885,32.68618374867436,32.39086674923636,32.42367935180664,21026400
2024-06-18,32.161173699162696,32.447113582730516,32.13304963727239,32.43773651123047,24573600
2024-06-20,32.54085794258665,32.784611696634705,32.43304667069586,32.71898651123047,27948000
2024-06-21,32.84086602055476,32.878367155390926,32.50336295963942,32.52680206298828,18990800
2024-06-24,32.51971169900215,33.063125216015095,32.49608361364258,32.95444107055664,17956800
2024-06-25,32.88828599399653,32.97806839011038,32.53861269066093,32.64257049560547,25099400
2024-06-26,32.519718167106284,32.57642342016399,32.31180251103507,32.50554275512695,13882000
2024-06-27,32.533889989312776,32.60477064652888,32.340153371738076,32.5622444152832,10899600
2024-06-28,32.56224716408321,32.60477339891881,32.047184376296904,32.198394775390625,23063000
2024-07-01,32.53388629070266,32.590591531057015,31.94322022295156,31.97629737854004,16757800
2024-07-02,32.0519028844882,32.20311324663913,31.999923984517004,32.14168167114258,16724200
2024-07-03,32.18893848852275,32.56223986624565,32.12750691178564,32.33542251586914,13241200
2024-07-05,32.38740546697077,32.529163174185996,32.24092142130639,32.39213180541992,13830600
2024-07-08,32.42048270694918,32.52916325557211,32.30234948140429,32.425209045410156,13634400
2024-07-09,32.425205412978485,32.79378045856654,32.392128257736985,32.519710540771484,21601200
2024-07-10,32.64257857918732,32.836315223082906,32.39685941480698,32.826866149902344,13800000
2024-07-11,32.992245861605646,33.516757651971155,32.97807045188871,33.42697525024414,29766400
2024-07-12,33.54510545894045,33.890056020014,33.39862143150045,33.672691345214844,16524200
2024-07-15,33.29466892260772,33.398626741243206,32.80323425596546,32.8552131652832,29827600
2024-07-16,33.05367302277317,33.16708350798854,32.9544415520645,33.11037826538086,15009200
2024-07-17,33.07730118577178,33.549834059854234,32.99224512423135,33.12928009033203,27516000
2024-07-18,33.086754058782105,33.42225561045397,33.04422782569533,33.10093307495117,13542600
2024-07-19,33.16236099858904,33.2426907310363,32.94026994582532,33.13873291015625,12985400
2024-07-22,33.313568433466976,33.49312963213746,33.20016155036666,33.41752624511719,12965400
2024-07-23,33.351375121345946,33.41280310449994,33.185989316592746,33.20961380004883,12686400
2024-07-24,33.44587367482447,33.71521724810178,33.24268441041251,33.582908630371094,25284800
2024-07-25,33.738852360811954,33.91841357869143,33.16236160190918,33.30412292480469,26666000
2024-07-26,33.56873331418242,33.69631559444728,33.44587376660701,33.63016128540039,16706400
2024-07-29,33.75775521521174,33.890063864834396,33.48368523805605,33.78137969970703,15151200
2024-07-30,33.74357653919616,33.98456572549303,33.67269588228651,33.956214904785156,16696400
2024-07-31,34.43347534349746,34.4712752373724,34.06489663581098,34.39567184448242,21765400
2024-08-01,34.46182396593516,35.06193915265588,34.41929413097235,35.014686584472656,32567400
2024-08-02,35.45886888919297,35.704584408440745,34.594132825724664,35.07139205932617,48257200
2024-08-05,35.25568096531776,35.25568096531776,34.107425841285284,34.14522933959961,41099800
2024-08-06,34.27753876411949,34.83040142036171,34.25391067584653,34.433475494384766,29286400
2024-08-07,34.71699493473515,35.033591132517735,34.4949038808715,34.62721252441406,24758800
2024-08-08,34.49490403041275,34.8776545516259,34.39567254732564,34.665016174316406,23360400
2024-08-09,34.750064935773274,34.830394652067376,34.18774971143576,34.78314208984375,16708400
2024-08-12,34.792598877789075,34.85875320060412,34.58468683685903,34.84457778930664,15027000
2024-08-13,34.99106218456671,35.08084098278229,34.83512546457246,35.04776382446289,17075000
2024-08-14,34.967437967682535,35.23205526352282,34.76424865690796,35.02414321899414,16166000
2024-08-15,34.82095004452578,35.123370807684196,34.702816821256405,35.019412994384766,18807600
2024-08-16,35.05721696434479,35.29348341407319,34.90600658072421,35.175350189208984,13522800
2024-08-19,35.20842412009993,35.430515139305975,35.180069697236874,35.40688705444336,11505400
2024-08-20,35.40689438713996,35.525027625639005,35.29348748762016,35.3312873840332,15989800
2024-08-21,35.38325953158342,35.69040661397796,35.336006966247254,35.58172607421875,13451800
2024-08-22,35.61952955879539,35.69513655507665,35.39744211878422,35.53919982910156,14648000
2024-08-23,35.66205581962869,35.80853985381056,35.5344699274822,35.638427734375,15050400
2024-08-26,35.76129188476077,36.016460096710304,35.75656554607464,35.86997604370117,13336400
2024-08-27,35.79436428227565,35.92194656870351,35.572273260401566,35.586448669433594,16666800
2024-08-28,35.69513281391184,35.89359575063946,35.55809785136954,35.586448669433594,10482800
2024-08-29,35.70458252444886,35.81326667087393,35.35490920988335,35.780189514160156,12758200
2024-08-30,35.846348354606235,36.10151656939739,35.71403971104196,36.049537658691406,17007400
2024-09-03,36.05898275532332,36.25744930392783,35.884147897807125,35.997554779052734,23627000
2024-09-04,36.17239412657596,36.578772699881824,36.125137953522845,36.30470275878906,27303200
2024-09-05,36.578768531510754,36.62602109403931,36.10623569594631,36.21491622924805,15545400
2024-09-06,36.29525279181027,36.37085979022796,35.86524970501504,35.86997604370117,19605800
2024-09-09,36.02590624526134,36.23854820719905,35.81799422676601,36.233821868896484,14366200
2024-09-10,36.29997286176098,36.55514102964486,36.17711331311922,36.4039306640625,23255400
2024-09-11,36.408661066604445,36.55514511067039,35.98338073931957,36.51734161376953,20766600
2024-09-12,36.59767532348633,36.65910691392034,36.37086152767851,36.59767532348633,19335000
2024-09-13,36.72052878741025,37.12218100470458,36.578771089909736,37.11273193359375,16238800
2024-09-16,37.23086209435941,37.50020566315286,37.13163063271334,37.39624786376953,19910600
2024-09-17,37.41515723467027,37.509662377838936,37.245045092854575,37.36790466308594,27963000
2024-09-18,37.301745790393475,37.405703598278464,36.923718053564365,37.084381103515625,47034800
2024-09-19,36.95207572963468,37.037131805949045,36.56459884978931,36.86701965332031,41536400
2024-09-20,37.330094873919684,37.92076093205132,37.27811597239294,37.840431213378906,44279200
2024-09-23,38.07306785663631,38.24909109657922,37.93510428417883,38.215789794921875,23340600
2024-09-24,38.001707912993915,38.425111743878695,37.863744336813404,37.94462203979492,28105200
2024-09-25,38.15394517076619,38.25860745046211,37.81141902299315,38.144432067871094,16359200
2024-09-26,38.07307290079358,38.23957943114012,37.778119512628315,37.88277816772461,19794600
2024-09-27,38.039772096164036,38.36327205777461,38.00171242313451,38.258609771728516,14804000
2024-09-30,38.33472506253015,38.453658805988304,37.99219530063949,38.42987060546875,19014200
2024-10-01,38.38705474420927,38.7961870965548,38.153942002581694,38.739097595214844,24362400
2024-10-02,38.491722482946365,38.82949391398964,38.42511624047019,38.75813293457031,16491600
2024-10-03,38.97221293480925,39.038815548897084,38.64871296799539,38.74386215209961,24205400
2024-10-04,38.410838065138016,38.724824867942445,38.28714959394496,38.6820068359375,25082800
2024-10-07,38.5535641771017,38.57734874895348,37.69248500327026,37.792388916015625,35284000
2024-10-08,37.95889713328205,38.07783088656483,37.80666207426289,37.81142044067383,26022200
2024-10-09,37.70675267775435,37.82092804803498,37.273832136520554,37.4879150390625,34288000
2024-10-10,37.525976207617155,37.820933219876515,37.35471131399173,37.373741149902344,26326600
2024-10-11,37.25004908620536,37.701995849609375,37.13111534535485,37.701995849609375,19332600
2024-10-14,37.75908887479164,38.211035680362365,37.6877278977094,38.177734375,18041800
2024-10-15,38.34424065711037,38.629680934047656,38.30618098563338,38.3489990234375,26427600
2024-10-16,38.5392917475349,39.18629161072492,38.36802686436285,39.110172271728516,19099600
2024-10-17,39.238621006253226,39.24813410842036,38.73433948172249,38.76288604736328,23527200
2024-10-18,38.729583224502406,39.00550673135002,38.55831835566207,38.98647689819336,14035200
2024-10-21,39.07686962214453,39.19104499713603,38.68200873123548,38.83424377441406,14811600
2024-10-22,38.572592951908696,38.77715913797394,38.38705660054369,38.69628143310547,17119200
2024-10-23,38.724822577420696,39.0816237615562,38.65346161467973,39.067352294921875,19645000
2024-10-24,39.072113394419816,39.15299110113576,38.68676921425474,38.815216064453125,13092000
2024-10-25,39.010266367249145,39.04356766896523,38.21103149649345,38.23957443237305,17518200
2024-10-28,38.44413840371409,38.7343370004125,38.35375123542257,38.53928756713867,14622800
2024-10-29,38.111123660987445,38.11588202633321,37.70674971626058,37.71626281738281,27733000
2024-10-30,37.86374486755383,37.93510583962261,37.559274774325516,37.625877380371094,20910600
2024-10-31,37.72102280539799,38.29666163164204,37.69247987123415,38.0159797668457,27516000
2024-11-01,38.01122327466691,38.12539864651884,37.13586907828312,37.16917037963867,30861000
2024-11-04,36.79809894699057,36.99315202552395,36.52693016116424,36.72673797607422,27956200
2024-11-05,36.70771442130085,37.278594970703125,36.59829377405424,37.278594970703125,19016200
2024-11-06,36.79810033704609,37.05499766430744,36.545961375910835,36.89324951171875,32958800
2024-11-07,37.07878405162496,37.3309230004266,36.76479723491896,36.9598503112793,37703200
2024-11-08,37.14538206091024,37.74956379011727,37.11683549865113,37.6686897277832,28857200
2024-11-11,37.673453483080316,37.99695340826942,37.58782104318997,37.77335739135742,26011000
2024-11-12,37.659184048763066,37.74481286370866,37.159660850827215,37.34043884277344,18703200
2024-11-13,37.5830588390408,37.5973303059701,37.11683701845735,37.27383041381836,16411800
2024-11-14,37.3214053506449,37.511700056431216,37.088296241580714,37.1453857421875,17707400
2024-11-15,37.17392974986757,37.74956862003563,37.10256877944332,37.701995849609375,23931400
2024-11-18,37.66869477337914,38.13491663732128,37.62112200266743,38.03025436401367,14660200
2024-11-19,37.8875325767259,38.27763510546344,37.70675459545672,38.27287673950195,11750400
2024-11-20,38.34423940333738,38.472689882979644,38.101613542567506,38.291908264160156,12196800
2024-11-21,38.34899516910301,39.00550810303177,38.16345882626293,38.95793533325195,21764000
2024-11-22,39.08162810346099,39.13871397634044,38.73433998197545,38.74861145019531,15761400
2024-11-25,39.057836639888,39.12919760459447,38.534528947989685,38.819969177246094,14253800
2024-11-26,38.92939449989903,39.4622153575225,38.829490589094625,39.43843078613281,17374800
2024-11-27,39.55736453179089,39.681056643554854,39.400371116425454,39.43843078613281,17156600
2024-11-29,39.56688077190656,39.59542734123563,39.36707293445391,39.45270538330078,9234800
2024-12-02,39.44794924742432,39.46222071811076,38.59162834010457,38.605899810791016,22084200
2024-12-03,38.83900251311695,38.96269462112732,38.263363637148736,38.27287673950195,18853600
2024-12-04,38.39181593742427,38.486965122326914,38.12064711219972,38.26812744140625,24169400
2024-12-05,38.310935108836,38.6011337199595,38.2110312044513,38.387054443359375,14226000
2024-12-06,38.40608838599033,38.49647556844515,37.83996257100524,37.91132354736328,14228600
2024-12-09,37.91131611699471,37.96364724742938,37.4117930099617,37.43558120727539,21053800
2024-12-10,37.37374202230565,37.37374202230565,36.86470569591728,37.16442108154297,20319000
2024-12-11,37.264321593046056,37.29286453018344,36.864702325273505,36.931304931640625,14759600
2024-12-12,37.10732648067685,37.22626021939697,36.87897210532358,36.91227340698242,15425000
2024-12-13,36.96460861280171,37.13111876900114,36.87422142952866,36.936065673828125,13808400
2024-12-16,36.96936009248663,37.0645092539576,36.626830370329905,36.6411018371582,16121000
2024-12-17,36.41275300979768,36.641103750110936,36.3413920423612,36.488868713378906,15876800
2024-12-18,36.46509084374434,36.51742198750802,35.604007969723035,35.6277961730957,29811800
2024-12-19,35.66109647925763,36.19392100554779,35.65158337591769,35.789546966552734,27076400
2024-12-20,35.58497734431884,36.44129811586151,35.53740094348053,36.36042404174805,25188600
2024-12-23,36.268327566021895,36.51296351876444,35.91336810689348,36.48418045043945,20114400
2024-12-24,36.48417543043724,36.6952341574602,36.37385193923121,36.68564224243164,9010200
2024-12-26,36.53214980807184,36.700035785939114,36.450602053416446,36.59930419921875,10114000
2024-12-27,36.40743633785417,36.59930761315995,36.2587341781811,36.493778228759766,13805400
2024-12-30,36.33068304979619,36.431414636723964,36.009300797268565,36.34027862548828,16870000
2024-12-31,36.41223103559948,36.52255453927932,36.13401789300185,36.30670166015625,12605400
2025-01-02,36.57052164236602,36.77198847825907,36.32109156600115,36.58491134643555,24103400
2025-01-03,36.79597195674818,37.17011892001043,36.63767788470951,36.973453521728516,17767000
2025-01-06,36.9734502574518,37.00222966450341,36.44100926915852,36.56092834472656,25623800
2025-01-07,36.685647960354466,36.84393837065379,36.37385760855756,36.469791412353516,22856400
2025-01-08,36.40743657088991,36.49857259102235,35.86060581153443,36.460201263427734,26845800
2025-01-10,36.57532286884205,36.85833016785561,36.08125679792669,36.25394058227539,31217000
2025-01-13,36.21556398079966,36.2539389666426,35.45288035028158,35.83182144165039,24891600
2025-01-14,35.97092873063491,36.41223375725956,35.87979271200907,36.30190658569336,19675000
2025-01-15,36.935078363985205,37.19890181615541,36.795971785535464,36.834346771240234,21360400
2025-01-16,36.815158532086336,37.77930898544343,36.80076882764877,37.76491928100586,30415000
2025-01-17,37.74093024161947,37.99036029952143,37.62101117039669,37.81767654418945,14668800
2025-01-21,38.24459788805038,38.58516766533961,38.14866042002793,38.398094177246094,21633400
2025-01-22,38.503620006467145,38.503620006467145,37.54906506982032,37.56825256347656,23644800
2025-01-23,37.70735255845598,38.01914287151473,37.64019817221435,37.7457275390625,21585000
2025-01-24,37.68816947553177,38.2397979924312,37.606625376936556,38.12947082519531,16769600
2025-01-27,37.361993255698906,37.453132939740684,36.37386107577794,37.24687194824219,42448200
2025-01-28,37.22767806572925,37.22767806572925,36.40743202902262,36.733612060546875,28540200
2025-01-29,36.724018070419774,37.23247746069898,36.68564674595561,36.810359954833984,19130800
2025-01-30,37.237272950218696,37.635405190662695,37.20369575281017,37.577842712402344,18712600
2025-01-31,37.61142069327872,37.644997888119576,37.27084729749892,37.3571891784668,19669600
2025-02-03,36.863118228256845,37.69775385926014,36.805559421756854,37.558650970458984,28118800
2025-02-04,37.34279767412731,37.4051579327101,36.85352947866319,37.22767639160156,20498200
2025-02-05,37.59703174051429,37.8560574138037,37.290039163202444,37.601829528808594,15992600
2025-02-06,37.76491189957558,37.76491189957558,37.290029788115035,37.558650970458984,12820800
2025-02-07,37.54906128207171,37.81288471868171,37.43873777922742,37.48190689086914,14330400
2025-02-10,37.58743461685693,37.904019067263086,37.381173664456064,37.88962936401367,10664200
2025-02-11,37.740935055224,38.10069231477698,37.424346910190124,38.081504821777344,10835600
2025-02-12,37.59223324653938,38.10548674522338,37.42434361249639,38.014347076416016,14888800
2025-02-13,38.08630304401973,38.172644933682115,37.86565236146921,38.10069274902344,17020800
2025-02-14,38.08150465017954,38.38849721751021,37.91841644987765,37.94239807128906,13972000
2025-02-18,38.10069405867509,38.35971973656585,37.971183049549836,38.297359466552734,15509000
2025-02-19,38.25418531833044,38.613942547029474,38.21581033562233,38.49882125854492,12513200
2025-02-20,38.37410709939642,38.58516585952791,38.03353733804608,38.49402618408203,17390800
2025-02-21,38.4988222047813,38.62833320005461,38.31654286225755,38.50361633300781,15547400
2025-02-24,38.61393942010682,38.61873720746675,38.13906094137847,38.311744689941406,14974000
2025-02-25,38.0863034776652,38.196626990376515,37.568252133792406,38.11988067626953,21837800
2025-02-26,38.19182965590875,38.613943497165174,38.067112788858495,38.27817153930664,15421800
2025-02-27,38.17264563539521,38.25898752664479,37.390770825846204,37.42914581298828,25074600
2025-02-28,37.67378178159895,38.01435155829562,37.472318588562636,37.999961853027344,21770000
2025-03-03,37.961583260012624,38.17264200960666,37.79849506960985,38.0527229309082,19276400
2025-03-04,38.05272378660668,38.254186965036865,37.376378410911144,37.43394088745117,22561800
2025-03-05,37.18450231221666,37.43393601847335,36.867917881524036,37.17011260986328,20666800
2025-03-06,36.88231271039005,36.915889907094865,36.292312874057025,36.3978385925293,25405800
2025-03-07,36.479386786279115,37.2372726152016,36.373857406904584,37.07418441772461,23234400
2025-03-10,36.94466810160871,37.59223405335328,36.94466810160871,37.48190689086914,37366000
2025-03-11,37.46272239409525,37.60662676368507,36.93507913833281,37.13174819946289,32640000
2025-03-12,37.12694779952954,37.34280067908987,36.791172180653604,37.01662063598633,17432000
2025-03-13,37.141338579953356,37.26125766310449,36.87272100477963,37.10776138305664,16801200
2025-03-14,37.21808443927675,37.87524232445416,37.08377565331698,37.83207321166992,18269400
2025-03-17,37.82247809023987,38.21101840816672,37.6354046133136,37.99036407470703,19290400
2025-03-18,37.76491841055601,37.832072802810146,37.48190747779366,37.72654342651367,19285200
2025-03-19,37.745731096035655,37.91841486539832,37.6114223108958,37.86565017700195,16163400
2025-03-20,37.870443818534156,38.076704781530616,37.78889972283878,38.01914596557617,16415200
2025-03-21,37.87044322811998,38.05272256817358,37.539469062622324,37.77450942993164,15627600
2025-03-24,37.92184967584101,38.2213611529683,37.72861658368194,37.76243209838867,13996800
2025-03-25,37.7237845307854,37.73344821242711,36.984671366625165,37.1585807800293,22396000
2025-03-26,37.163412560882,37.49190770949144,37.163412560882,37.40495300292969,15164000
2025-03-27,37.371138670238636,37.704465670201785,37.28418396092715,37.395294189453125,13971800
2025-03-28,37.62233563352366,37.907355254288206,37.55470460872145,37.67064666748047,19078600
2025-03-31,37.72861268111011,38.24550902994046,37.71895268602797,38.09092330932617,21470000
2025-04-01,38.06677175139976,38.29864849117445,37.820399490476625,38.18754196166992,18084800
2025-04-02,38.15855848652873,38.45323812441229,37.96532539331768,38.36628341674805,12951200
2025-04-03,38.31797751581129,38.7479192295385,38.07643706155489,38.1247444152832,38650200
2025-04-04,38.30348286375128,38.30348286375128,35.7673082804147,36.0040168762207,66165400
2025-04-07,35.453304290771484,36.54023623405594,34.675543805394334,35.453304290771484,73162600
2025-04-08,36.086140646903374,36.34217661195234,34.8977621116935,35.308380126953125,39600400
2025-04-09,35.00403877022252,36.796268323509935,34.308401150500266,36.69965362548828,70054800
2025-04-10,36.42430114746094,36.849411019062636,35.66586427042624,36.42430114746094,44167800
2025-04-11,36.404975251901334,36.99433451261352,35.95570988804816,36.86873245239258,28840000
2025-04-14,37.158585150744194,37.65132977521904,36.94120020122683,37.53055953979492,19415600
2025-04-15,37.612681032091494,37.85905333526833,37.4774189630893,37.525726318359375,15257200
2025-04-16,37.617506504511816,37.76242854578617,37.06196279892427,37.187564849853516,17500800
2025-04-17,37.332490007957865,38.04261949489423,37.332490007957865,37.56919860839844,18928800
2025-04-21,37.40012167911792,37.443600875807164,36.24555864501902,36.68033218383789,20780000
2025-04-22,37.07162259121572,37.762428339124504,37.04263892024233,37.68030548095703,21700800
2025-04-23,38.05227857131928,38.26483533386835,37.49673851838985,37.839725494384766,27903600
2025-04-24,37.81073892804278,38.071603046014054,37.54021481412351,37.8976936340332,16828000
2025-04-25,37.93150742693213,37.955662944127866,37.6126759765123,37.78175354003906,14074600
2025-04-28,37.80107697204669,38.090924748447485,37.540212867601646,38.013633728027344,11084800
2025-04-29,37.960496453630086,38.37111446470925,37.801078878604116,38.30831527709961,13168000
2025-04-30,38.15855729677862,38.24551200173169,37.45809150204498,38.115081787109375,18077200
2025-05-01,38.351790720282644,38.7092695390625,38.100590284667916,38.22618865966797,17967000
2025-05-02,38.36628204286697,38.64163799300756,38.1585571200862,38.525699615478516,16074000
2025-05-05,38.400097419342416,38.545023154946826,38.05227860238347,38.42908477783203,14895800
2025-05-06,38.43391354439734,39.16819854424106,38.400098030300235,38.89767074584961,20635000
2025-05-07,38.830040178974606,39.23583003857545,38.69477812097921,39.00878143310547,19575000
2025-05-08,39.02810543493631,39.12472013841704,38.641639249784006,38.69477844238281,22437800
2025-05-09,38.79622472475647,38.8058884064081,38.51120877148256,38.76240921020508,17420400
2025-05-12,38.941150856488726,39.04259740116378,38.3566234215812,38.53053283691406,27460200
2025-05-13,38.472562263071715,38.77690190073421,38.26483733036453,38.477394104003906,24064000
2025-05-14,38.39526998296699,38.40976181967578,37.73344785022,38.30831527709961,22912600
2025-05-15,38.46290679514469,39.23100374112895,38.4387512732546,39.124725341796875,26629200
2025-05-16,39.18269235659325,39.71408061303358,39.0860776501913,39.699588775634766,20076800
2025-05-19,39.36626300517104,39.887991281547244,39.35660300847441,39.86866760253906,16306400
2025-05-20,39.80586631026453,40.11986962775813,39.80586631026453,39.98460388183594,18075200
2025-05-21,39.854176792952266,39.93147151097926,39.177862752676134,39.255157470703125,22704000
2025-05-22,38.92182704973869,38.92182704973869,38.245513068529505,38.69477844238281,30637600
2025-05-23,38.95563812341713,39.19234669988946,38.50154096047431,39.158531188964844,21730200
2025-05-27,39.462880234760526,39.55466310032014,39.15370875099014,39.453216552734375,18494200
2025-05-28,39.42906019414266,39.44838387036263,38.73342259268109,38.90250015258789,20954600
2025-05-29,38.92182660105132,39.235829912165926,38.74791718829907,39.17302703857422,20867400
2025-05-30,39.09573699915189,39.64161708395114,39.02327412774302,39.5739860534668,20680400
2025-06-02,39.404909129809575,39.75272796984028,39.24549154719303,39.699588775634766,26799200
2025-06-03,40.17783690665761,40.17783690665761,39.48703108361172,39.80586624145508,28547800
2025-06-04,39.73823226482511,39.73823226482511,39.110225677490234,39.110225677490234,33001800
2025-06-05,39.2213375414885,39.2213375414885,38.97013342177036,39.047428131103516,21175000
2025-06-06,39.24549201352343,39.288971211851305,38.88801317285075,39.22134017944336,21267200
2025-06-09,39.15370400048615,39.303457883188685,38.907331737318785,38.970130920410156,24866400
2025-06-10,39.07158016192401,39.153706712411086,38.772072375773966,39.061920166015625,28052800
2025-06-11,39.17786151152946,39.23100070708582,38.960476573791524,39.08607864379883,21394800
2025-06-12,39.110224869428365,39.583645720415234,39.09090119330499,39.55949020385742,19568600
2025-06-13,39.50152463442936,39.5691593530152,39.216508664853855,39.33244705200195,25325400
2025-06-16,39.52567591046654,39.73823266876163,38.95080850632179,39.13920974731445,27266600
2025-06-17,39.08124774198026,39.17786245316037,38.54019577677271,38.8155517578125,28335800
2025-06-18,38.90733600589815,39.110229098712445,38.71410290938297,38.916996002197266,22324000
2025-06-20,38.999121635032765,39.34210862258047,38.97013427559043,39.02327346801758,31688200
2025-06-23,39.22611840818386,39.58121759387563,39.143425348229805,39.51797866821289,25573000
2025-06-24,39.56175438072335,39.80010646110075,39.49365378632981,39.68822479248047,20389600
2025-06-25,39.59580843259475,39.59580843259475,39.085050215006454,39.158016204833984,26771800
2025-06-26,39.23098031911163,39.50338270949339,39.158014332772446,39.483924865722656,18746200
2025-06-27,39.58607565527781,39.88280127737321,39.440147394197524,39.5617561340332,25307800
2025-06-30,39.3720486288514,39.766059776667845,39.245574494399996,39.72228240966797,22018000
2025-07-01,39.707684997536916,39.88766727125783,39.245573263632096,39.858482360839844,39690200
2025-07-02,39.71255134052117,39.89253361856656,39.323401873311184,39.51311492919922,21891000
2025-07-03,39.53256576052438,39.970357946768004,39.464465166131376,39.80983352661133,14900200
2025-07-07,39.72228465226692,39.921721076311016,39.639587880146586,39.89253616333008,20215600
2025-07-08,39.61526562593727,39.61526562593727,39.085049572365875,39.46933364868164,44289800
2025-07-09,39.624991022123396,39.91685125312686,39.34772324598948,39.83902359008789,40230400
2025-07-10,39.702824320127526,40.24276744368823,39.581215575383304,40.16493606567383,29074000
2025-07-11,39.843888148829244,40.26221878745771,39.732006478486255,40.10655975341797,22199800
2025-07-14,40.07737668856191,40.39842554859517,39.85848243759689,40.267086029052734,23883400
2025-07-15,40.26221972829598,40.26221972829598,39.683364653511326,39.8828010559082,26253000
2025-07-16,39.907125215476796,40.062784256770726,39.59094174407229,39.902259826660156,22625000
2025-07-17,39.87794049978006,40.189258583888645,39.81470157846768,40.067649841308594,19757000
2025-07-18,40.19898662153882,40.879996338680584,40.14547847661454,40.738929748535156,28627400
2025-07-21,40.84108104906886,41.118348843114916,40.70974523555417,40.87026596069336,19895600
2025-07-22,41.02592761519364,41.39561926781677,40.91404963938702,41.371299743652344,23518200
2025-07-23,41.740984488839345,41.84313538939913,40.89458866191225,41.05997848510742,40333000
2025-07-24,41.113482303258316,41.201040746885305,40.89945343866236,41.0064697265625,22137600
2025-07-25,41.069706061545105,41.15726450756947,40.914047014302284,41.11348342895508,16320400
2025-07-28,41.10862033820189,41.1183474046683,40.57354261364626,40.67569351196289,22413600
2025-07-29,40.83135917287702,41.16699683283942,40.74380071566837,41.142677307128906,18395400
2025-07-30,41.26427942984933,41.818814999210716,41.22536374152818,41.44912338256836,27424400
2025-07-31,41.32264453288893,41.736117179483166,41.28859423729687,41.67287826538086,30179600
2025-08-01,41.624240454725694,41.959881773387266,41.30319530265297,41.736122131347656,35852000
2025-08-04,41.94042428206675,42.592245369423146,41.85286583781842,42.475502014160156,25730800
2025-08-05,42.49009033757597,42.64574936652382,41.89663912996105,42.02311325073242,21454400
2025-08-06,42.0863480333845,42.100944198530335,41.61450927404681,41.6485595703125,23020600
2025-08-07,41.51235875144366,42.21769168794585,41.43453108570802,42.100948333740234,25702800
2025-08-08,42.21768889771854,42.29551655831044,41.81881239527436,41.920963287353516,18445200
2025-08-11,42.027982990822544,42.05716790202088,41.585325377891095,41.78963088989258,19548800
2025-08-12,41.9258347520054,41.9793429000688,41.595058796342855,41.96961212158203,20756800
2025-08-13,42.027980494126254,42.09121570170092,41.67288134708906,42.06203079223633,22425400
2025-08-14,41.906369489515924,42.032843609027864,41.726387231410634,41.77016830444336,18747800
2025-08-15,41.70692938607999,41.877180867408434,41.390745942924916,41.6485595703125,29576600
2025-08-18,41.71179964395562,41.867458689514045,41.41020861953426,41.46858215332031,16080000
2025-08-19,41.483176410815574,41.89178374265731,41.41021041821478,41.8723258972168,16436800
2025-08-20,41.940422780784296,42.18364026041194,41.76530589855605,41.916099548339844,20169000
2025-08-21,41.92096484694267,42.134997416140195,41.5123575522205,41.62910461425781,16230000
2025-08-22,41.916102339345066,42.09608462228726,41.73125837855364,41.852867126464844,19234800
2025-08-25,41.71179934028651,41.83340808471883,41.33724604036488,41.38102340698242,16982200
2025-08-26,41.419941559402204,41.56586983467767,41.23023220370088,41.47344970703125,17263000
2025-08-27,41.47344630395628,41.58046259043322,41.356699239870004,41.48317337036133,16821400
2025-08-28,41.51236058773869,41.526956754963834,41.10375697434232,41.1669921875,16078800
2025-08-29,41.142671338031974,41.23022978253739,40.952961993470964,41.016197204589844,19469400
2025-09-02,40.860539408355166,40.92864001047273,40.62218730094368,40.87999725341797,20655000
2025-09-03,40.73892778795981,40.855671138901556,40.558945517221275,40.7778434753418,17268000
2025-09-04,41.06483988112901,41.171856169896834,40.51516969297217,40.72920227050781,22362200
2025-09-05,40.83621268103789,40.93350189802965,40.28167713339948,40.602725982666016,27006800
2025-09-08,40.627043223420735,40.646501065727065,40.03359573349552,40.18925476074219,28469400
2025-09-09,40.17952747156927,40.60272722825675,40.10656148438809,40.46652603149414,25741400
2025-09-10,40.61245079411294,41.23022522630052,40.61245079411294,41.16212463378906,32168800
2025-09-11,41.10862100703942,41.41020831806078,41.05024747367833,41.38102340698242,24265200
2025-09-12,41.26428034077657,41.71179963273612,41.19131435136473,41.59019088745117,18727000
2025-09-15,41.59505698743897,41.88205184983932,41.59505698743897,41.687477111816406,22818400
2025-09-16,41.61451355368707,41.629106009129636,40.90918061392709,40.92863845825195,21652800
2025-09-17,41.19617440894361,41.38101834182172,40.94809156153054,41.030784606933594,20168200
2025-09-18,40.95782387334325,41.3226501087158,40.77297991678807,41.05997848510742,25303000
2025-09-19,41.16212638338602,41.488036905858536,40.94322843140583,41.32264709472656,20974000
2025-09-22,41.34125960022546,41.81627823499695,41.243319231404485,41.72323226928711,19477000
2025-09-23,41.659567494881685,42.00726062861862,41.58121595441256,41.93870162963867,17900600
2025-09-24,42.01705906920243,42.310883899410996,41.89463174526674,42.2374267578125,17317600
2025-09-25,42.198248919547304,42.286396741814976,41.83096694946289,41.83096694946289,18689600
2025-09-26,41.97298583351205,42.52635602621121,41.93380819079379,42.51166534423828,16233800
2025-09-29,42.4920742783711,42.70264942662669,42.193355042933824,42.634090423583984,17130800
2025-09-30,42.68795741441723,42.87404933360405,42.40392513284759,42.70754623413086,21960000
2025-10-01,42.79079605274762,43.21194633747543,42.73692773240904,43.11890411376953,29195400
2025-10-02,43.00627073025849,43.05524091319642,42.72223843855885,43.040550231933594,22648600
2025-10-03,43.172772357551125,43.94161578552846,43.13848912086432,43.54005432128906,25133200
2025-10-06,43.79470135117271,44.01017463138535,43.49597838949076,43.96120071411133,20024200
2025-10-07,44.14239848324465,44.35297364352322,44.024869290773196,44.1619873046875,32901800
2025-10-08,44.475403047235154,44.529271374665974,44.13750239993018,44.46561050415039,19790400
2025-10-09,44.61251928550431,44.74474289707499,44.26482610900305,44.35297393798828,21557400
2025-10-10,44.499887719908905,44.74474238247566,44.122809447292134,44.17177963256836,23183800
2025-10-13,44.2011623736214,44.71535489585722,44.18157355331926,44.50967788696289,18760600
2025-10-14,44.431326667620986,45.0532558379846,44.35786952499588,44.906341552734375,17571800
2025-10-15,45.1071248630893,45.63111367557531,45.1071248630893,45.493995666503906,19087600
2025-10-16,45.631111258805724,45.920037943162896,44.98959329197615,44.999385833740234,29119000
2025-10-17,45.08263840330293,45.1463030054964,44.65169555055637,44.842681884765625,21825800
2025-10-20,45.18547335089234,45.293209989636345,44.65659017116264,44.82798767089844,25420000
2025-10-21,44.872060420314625,44.92592874053639,44.157085312862925,44.37255859375,22107800
2025-10-22,44.47050085739446,44.49498781715496,44.059146833953704,44.26972198486328,19108600
2025-10-23,44.558649318817125,44.58313627892765,43.99058845887132,44.235443115234375,16134000
2025-10-24,44.49008839454577,44.974899547097024,44.44601635167084,44.75453186035156,21737600
2025-10-27,44.754533427208564,44.92103653499795,44.3284849835746,44.87696075439453,16042800
2025-10-28,45.038563984363975,45.038563984363975,44.08362862746497,44.13749694824219,20661400
2025-10-29,44.132606642739646,44.421533357200616,43.94162030086544,44.12281036376953,24271800
2025-10-30,44.07383599012907,44.490088138354324,43.922027306186834,43.93671798706055,18870800
2025-10-31,43.74083907197755,43.86816454934078,43.40293842428452,43.63310241699219,18434000
2025-11-03,43.59881487304756,43.780008644494636,43.14828324998393,43.6575813293457,22339600
2025-11-04,43.637995384578865,43.67227488563081,43.314785457930206,43.500877380371094,17156200
2025-11-05,43.49108088829215,43.716346713551765,43.309890841988434,43.51066970825195,16858200
2025-11-06,43.43231785487044,43.76042218044016,43.30009425513107,43.31968307495117,23668200
2025-11-07,43.1433878709213,43.931820129807456,43.1433878709213,43.922027587890625,24337600
2025-11-10,44.049349596445815,44.25013220079066,43.53025893925833,43.9073371887207,17947200
2025-11-11,43.92692177674424,44.103217419871385,43.68696527100438,43.931819915771484,14435400
2025-11-12,43.9611993871498,44.07383416282072,43.789801890420314,44.0346565246582,15018400
2025-11-13,43.92202515874343,43.92202515874343,43.39313825603582,43.42741775512695,20675400
2025-11-14,43.30499354507028,43.79960098416364,43.20215504042056,43.46659851074219,20168200
2025-11-17,43.54984858848825,44.005278391014585,43.505772808277065,43.85836410522461,24201400
2025-11-18,43.897537188778614,44.10811231724989,43.67716951915791,43.69186019897461,25158800
2025-11-19,43.726142611461405,43.8485699330067,43.23153518628649,43.324581146240234,25095600
2025-11-20,43.66737632852316,43.93671793148519,43.07482853819207,43.104209899902344,25543200
2025-11-21,43.2854025625565,43.339270881756335,42.85935414784474,43.16787338256836,28589400
2025-11-24,43.23153292760077,43.770212367019035,42.96219507598421,43.6575813293457,23572800
2025-11-25,43.770215386138844,43.8387743884564,43.31478559292342,43.49108123779297,22195600
2025-11-26,43.72614797577493,44.12281135066495,43.64289828359556,44.06894302368164,16759200
2025-11-28,44.142394419371904,44.41663042195356,44.098322377322134,44.38235092163086,7882600
2025-12-01,44.132605744078205,44.132605744078205,43.31968647065555,43.344173431396484,26339000
2025-12-02,43.54495028361011,43.54495028361011,42.981783838472225,43.03565216064453,17384200
2025-12-03,43.06993037093811,43.19235769289778,42.732033502935465,42.89853286743164,21728000
2025-12-04,42.87404743831886,43.15318156857438,42.66347230593766,42.81038284301758,15535200
2025-12-05,42.82018267826323,42.878945403503444,42.38923610017907,42.4088249206543,13474700
2025-12-08,42.48717920784792,42.51656056978016,41.781996631991156,41.840763092041016,21607900
2025-12-09,42.06603218426884,42.281501748811515,41.85055888354049,41.870147705078125,24347200
2025-12-10,41.919114421536726,41.94849951950407,41.54693431549514,41.850555419921875,25940200
2025-12-11,41.772205952493856,42.26191526618693,41.772205952493856,42.154178619384766,18703300
2025-12-12,42.28150033334906,42.487181084515846,41.889735124268476,41.94850158691406,17179800
2025-12-15,42.222734400243056,42.39903003860532,41.9484984010952,42.33047103881836,19176400
2025-12-16,42.31088545031913,42.41862209712129,41.899527684000454,42.154178619384766,19067900
2025-12-17,42.173764776869824,42.25211631929608,41.664466674450516,41.87993621826172,19444600
2025-12-18,42.144379818112434,42.52635246213872,42.085617095145516,42.29129409790039,21935800
2025-12-19,42.23252991461425,42.47738456999891,41.723231783071896,41.75261688232422,22612000
2025-12-22,41.729919142055884,41.96673851383537,41.4733604310894,41.907535552978516,17894900
2025-12-23,41.83846201482597,42.183825159584934,41.818726440243175,42.055545806884766,15097300
2025-12-24,42.045682369557404,42.29237142005781,41.98647564233388,42.24303436279297,5761000
2025-12-26,42.22329816712823,42.30223670475776,42.06541732769303,42.21342849731445,8436700
2025-12-29,42.24303278710475,42.53905888382807,42.2035616370947,42.2923698425293,12838700
2025-12-30,42.31210607961995,42.46998691795459,42.24303344810956,42.39104461669922,9255300
2025-12-31,42.40091665059375,42.44038403924591,42.11475643885174,42.1246223449707,10129000
2026-01-02,42.321971218091576,42.81534929946672,42.095017752360135,42.608131408691406,20495400
2026-01-05,42.617999402297094,42.71667728191281,41.502967593961195,42.134490966796875,27884400
2026-01-06,42.18382449227677,42.39104237585416,41.956871034428794,42.341705322265625,21861800
2026-01-07,42.38117773593346,42.400913310793186,41.18720368824027,41.31547927856445,27613300
2026-01-08,41.26614459721499,41.72992122265583,41.256278691305624,41.433895111083984,22853300
2026-01-09,41.95687208035796,42.32197080302563,41.927270600302094,41.94700241088867,21518300
2026-01-12,41.818730761626334,42.14435836545158,41.73978845513757,42.016082763671875,16810600
2026-01-13,42.055551543007134,42.39104882832248,41.85819953443755,42.28250503540039,22207400
2026-01-14,42.24303372144585,42.74627772058874,42.20356257056276,42.598262786865234,21403100
2026-01-15,42.746276183501294,43.239654259270395,42.746276183501294,43.03243637084961,21762700
2026-01-16,42.598265812454954,42.943632760947835,42.371312325021776,42.81535339355469,27803600
2026-01-20,42.54892545503385,42.78574859462386,42.262769023423395,42.39104461669922,25300900
2026-01-21,42.736412736769566,42.736412736769566,42.124621177413935,42.450252532958984,33736500
2026-01-22,42.62786796099659,42.696940592838686,42.03581199126645,42.14435577392578,26170700
2026-01-23,42.144356692546175,42.183827844223764,41.739786798291426,41.99634552001953,26527200
2026-01-26,42.134491712305056,42.608134250312226,42.095020559760385,42.30223846435547,19254000
2026-01-27,42.252902153816365,42.97323376171618,42.03581457515361,42.85482406616211,31070500
2026-01-28,42.923896044441705,43.09164279689122,42.558797292975584,42.75614929199219,25183600
2026-01-29,42.9337619505132,43.19032067848767,42.50946023426551,42.75614929199219,27417900
2026-01-30,42.657472370014084,42.80548731365034,42.20356539698827,42.677207946777344,27998400
2026-02-02,42.72654028599587,42.90415669306503,41.98647317793297,42.055545806884766,32847600
2026-02-03,42.095018927770724,42.84495197616371,42.095018927770724,42.66733932495117,35525500
2026-02-04,42.89429477895011,43.07191120254556,42.42065223742103,42.50946044921875,30994300
2026-02-05,42.647607341189726,42.79561852369491,42.30224038699138,42.52919387817383,31475400
2026-02-06,42.91403176040395,43.279130525669814,42.41078395568141,42.775882720947266,30530100
2026-02-09,42.795615760563635,42.97323217944309,42.48972374463053,42.90415954589844,21173900
2026-02-10,43.1705867642953,43.94025544949942,42.98310442830816,43.614627838134766,34683600
2026-02-11,43.772508637813786,44.03893328179623,43.55542105438147,43.99946212768555,25614800
2026-02-12,44.196811733871584,45.134230890121565,44.1474746760008,44.650718688964844,45623300
2026-02-13,44.60138431482076,45.982840839208244,44.60138431482076,45.8841667175293,42451800
2026-02-17,46.180190506770685,46.45648480898939,45.627609430685816,45.76575469970703,32424000
2026-02-18,45.99270712868737,45.99270712868737,44.907273049133366,45.005950927734375,32841500
2026-02-19,45.17369726313178,45.56840124558396,45.07502314960681,45.49932861328125,24172500
2026-02-20,45.68681016037676,45.87429624274341,45.27237437358411,45.71641540527344,22623200
2026-02-23,45.8545611267453,46.33806954951213,45.75588324972831,46.0617790222168,33130900
2026-02-24,46.022309117685346,46.60449543323465,45.67694594921382,46.574893951416016,29503300
2026-02-25,46.58475789593468,46.80184545793457,45.982836029790306,46.73277282714844,22356600
2026-02-26,46.64396491421449,46.76237460142356,46.28873208841121,46.55515670776367,30578600
2026-02-27,46.57489409835835,47.16694632165637,46.50582146444612,47.09787368774414,39759600
2026-03-02,46.78211260148221,47.1077439634055,46.732775542935855,46.74264144897461,33087300
2026-03-03,46.08151457740518,46.82158171591541,45.35131334450427,46.44661331176758,60946600
2026-03-04,46.46635025519886,46.79197784835873,46.14071889786277,46.64396667480469,24020800
2026-03-05,46.3282066885691,46.397279324932356,45.85456414028832,46.27886962890625,29794500
2026-03-06,46.012443153045204,46.338070745163066,45.72628294857639,46.12098693847656,25001700
2026-03-09,45.94337387329073,46.328208221239265,45.43026015463385,46.229530334472656,27759000
2026-03-10,46.02230935908095,46.417013351555475,45.85456260899384,45.9433708190918,24935900
2026-03-11,45.88416407313511,45.94337080123615,45.39078596482183,45.55853271484375,20026100
2026-03-12,45.390788580781674,46.417016008619086,45.351317426439515,45.8841667175293,27419900
2026-03-13,46.34793958563925,46.69330274748819,46.23939580215069,46.338069915771484,31521000
2026-03-16,46.82158031684096,46.87091737176551,46.328202239243424,46.63409423828125,19775400
2026-03-17,46.89065554763232,47.009065238854724,46.456484170366025,46.505821228027344,18502300
2026-03-18,46.32820589244804,46.52555789188442,46.11111831665039,46.11111831665039,31063500
2026-03-19,46.032181181350815,46.27887024713689,45.43025925856458,45.92363739013672,29544000
2026-03-20,45.84469255812993,46.042044552728115,43.84157865877242,44.05866622924805,47128300
2026-03-23,44.64492227317031,44.9032709216716,44.287205844096796,44.495872497558594,31574300
2026-03-24,44.2772695337335,45.251051008985925,44.20771398482213,44.80390548706055,24183800
2026-03-25,45.23117794104703,45.36035415777185,44.92314351362418,44.962890625,22297400
2026-03-26,44.95295599546591,45.19143108407699,44.73435067216143,45.04238510131836,19988000
2026-03-27,45.0821263457012,45.7876242773685,45.012570798852636,45.30073165893555,26172900
2026-03-30,45.87704915445761,46.04597247412912,45.469650759417235,45.62863540649414,28363600
2026-03-31,45.55908025232606,45.65844802666227,44.97282365046799,45.59882736206055,42852800
2026-04-01,45.489524435937874,45.98635193319536,45.41003400743303,45.81743240356445,31185100
2026-04-02,45.747878977374164,46.2943884915868,45.61870276076251,46.04597473144531,17331800
2026-04-06,45.8571825415602,46.20496029641116,45.79756187337436,45.877052307128906,12939500
2026-04-07,45.7677509001482,46.13540219070249,45.74787734518675,45.976417541503906,13657000
2026-04-08,45.996292158681904,46.48318099975586,45.68825773540534,46.48318099975586,18879700
2026-04-09,46.36394505913521,47.40728211653791,46.324197946921544,46.85083770751953,23274600
2026-04-10,46.76140849075063,47.15886824047656,46.57261160342457,46.66204071044922,15052100
2026-04-13,46.54280288103196,46.58254999291037,45.827370029193325,46.09565734863281,17795700
2026-04-14,46.10559627403011,46.26458093192015,45.60876874431209,46.17515182495117,25118600
2026-04-15,46.01616532096065,46.02610020333941,45.58889335930521,45.728004455566406,24843900
2026-04-16,45.708130465778254,46.07578175818668,45.54914581577788,46.055908203125,26945000
2026-04-17,45.9366705680772,45.98635256038194,45.35041396169796,45.86711502075195,17601500
2026-04-20,45.827368089959755,46.045973405547315,45.360352811876865,45.459716796875,14376100
2026-04-21,45.61870285302928,45.65844996445067,44.62504781045361,44.664794921875,19596900
2026-04-22,45.05231952586993,45.33054172325156,44.42631579126812,44.58530044555664,21731700
2026-04-23,45.08212879281035,45.84724364016886,44.913209252864135,45.79756164550781,23864300
2026-04-24,45.737939822792804,46.00622713578043,45.449782744837016,45.88698959350586,24158700
2026-04-27,46.07578126834613,46.20495747962721,45.87704951033515,45.89692306518555,14543100
2026-04-28,46.14533988133142,46.22483410601523,45.74788012939216,45.956546783447266,13016000
2026-04-29,45.77768828836063,45.976420058361164,45.270925875827835,45.39016342163086,12655100
2026-04-30,45.559083126604534,46.592485301939355,45.559083126604534,46.552738189697266,22378500
2026-05-01,46.54280336494703,46.99988378482153,46.22483404760013,46.254642486572266,15507000
2026-05-04,45.966480115871995,46.55273673641469,45.79756057985632,46.075782775878906,18054200
2026-05-05,46.234767429390836,46.52292829841031,46.06584789337516,46.075782775878906,17499600
2026-05-06,45.98635454182732,46.08572232121137,45.35041591574222,45.41997146606445,26315500
2026-05-07,45.33054104249627,45.39016170839404,44.714475990191694,44.83371353149414,23499400
2026-05-08,45.072191184381616,45.22123715935137,44.40644036660579,44.43625259399414,18158100
2026-05-11,44.81384099274791,45.02251143287702,44.54555746635497,44.85358810424805,22669300
2026-05-12,44.77409829300754,45.092067608434256,44.51574585516507,44.90327072143555,28240500
2026-05-13,44.51574619671901,44.53561975289731,44.07853933227605,44.38656997680664,27268600
2026-05-14,44.346824992080165,44.63498206962749,44.26733077034772,44.6151123046875,18472900
2026-05-15,44.42631464827311,44.48593531353232,43.551900967429624,43.591644287109375,21857600
2026-05-18,43.79037769472505,43.929488795069716,43.253803058687176,43.66120147705078,31554300
2026-05-19,43.541961364817375,44.12821796062134,43.34322960869022,44.05866241455078,22307100
2026-05-20,44.37663461334357,44.575366382481015,44.12822084954507,44.22758483886719,17584800
2026-05-21,44.26733200557323,44.72441242180972,44.158029342887716,44.7144775390625,18781100
2026-05-22,44.774094979859136,45.15168114492984,44.63498009797245,45.062252044677734,15187100
2026-05-26,45.300733745729225,45.3504157399821,45.04238510131836,45.04238510131836,13738200
2026-05-27,44.962890765626824,45.08212830963404,44.664795010362184,44.85358810424805,16869400
2026-05-28,44.74428438007719,44.982763252920314,44.297142653047594,44.346824645996094,19383000
2026-05-29,44.38656682502154,44.436252607185864,43.96923354639074,44.138153076171875,23048500
2026-06-01,43.62145751627373,43.681074392408334,42.79672201847566,42.82653045654297,31206300
2026-06-02,42.93583176828074,43.68107302050244,42.90602333114965,43.621456146240234,27366300
2026-06-03,43.68107289922076,44.197773954185664,43.40285071212159,43.43265914916992,21948600
2026-06-04,43.59164592687845,43.830124806393016,43.065009964004155,43.66120147705078,18216500
2026-06-05,43.760569063093456,44.33688701776265,43.691013513228086,44.068599700927734,21351600
2026-06-08,44.03878920707948,44.09840987153556,43.194183974996655,43.243865966796875,20843500
2026-06-09,43.363103953437495,43.80031458298189,43.194184421472094,43.70094680786133,20424800
2026-06-10,43.93942670047611,43.99904357644317,43.51215473374429,43.720821380615234,17778000
2026-06-11,43.939427326600466,44.23752308216291,43.730756886262895,43.770503997802734,19146300
2026-06-12,43.909612747901015,44.32694981574942,43.909612747901015,44.24745559692383,17942600
2026-06-15,44.19777473942905,44.71447580357397,43.90961387453213,44.45612716674805,18437600
2026-06-16,44.55549212098803,45.21130429541164,44.475997898394546,44.77409744262695,16396600
2026-06-17,44.53561864298773,44.883396391207675,43.959300690152794,44.17790222167969,22210400
2026-06-18,44.31701327001647,45.052319667470194,44.24745772045245,44.47599792480469,36828300
2026-06-22,44.47999954223633,44.970001220703125,44.43000030517578,44.720001220703125,21868600
2026-06-23,44.75,45.20000076293945,44.459999084472656,45.06999969482422,22295600
2026-06-24,45.290000915527344,45.599998474121094,45.09000015258789,45.540000915527344,18884500
2026-06-25,45.65999984741211,46.189998626708984,45.5,45.849998474121094,19262800
2026-06-26,46.0,46.22999954223633,45.88999938964844,46.20000076293945,19479300
2026-06-29,46.20000076293945,46.310001373291016,45.77000045776367,46.02000045776367,17917800
2026-06-30,45.86000061035156,45.95000076293945,45.31999969482422,45.34000015258789,18906800
2026-07-01,45.2400016784668,45.36000061035156,44.63999938964844,44.77000045776367,29493100
2026-07-02,45.029998779296875,45.79999923706055,45.0,45.7599983215332,24327900
2026-07-06,45.709999084472656,45.83000183105469,45.11000061035156,45.29999923706055,19176600
2026-07-07,45.630001068115234,46.31999969482422,45.529998779296875,45.70000076293945,18962700
2026-07-08,45.7400016784668,45.81999969482422,45.310001373291016,45.36000061035156,14863200
2026-07-09,45.560001373291016,45.65999984741211,45.040000915527344,45.130001068115234,19667800
2026-07-10,45.119998931884766,45.47999954223633,45.09000015258789,45.40999984741211,14050300
2026-07-13,45.45000076293945,45.880001068115234,45.43000030517578,45.720001220703125,15732100
2026-07-14,45.93000030517578,46.279998779296875,45.560001373291016,45.689998626708984,17386900
2026-07-15,45.72999954223633,45.95000076293945,45.16999816894531,45.220001220703125,15909500
2026-07-16,45.2400016784668,45.619998931884766,45.119998931884766,45.470001220703125,15615700
2026-07-17,45.900001525878906,46.150001525878906,45.060001373291016,45.16999816894531,20924600
2026-07-20,45.33000183105469,45.65999984741211,44.810001373291016,44.939998626708984,17830900
2026-07-21,44.869998931884766,45.040000915527344,44.63999938964844,44.91999816894531,15891700
2026-07-22,45.27000045776367,45.9900016784668,45.209999084472656,45.93000030517578,18366900
2026-07-23,45.650001525878906,46.33000183105469,45.599998474121094,46.189998626708984,13696700
2026-07-24,46.400001525878906,46.630001068115234,46.099998474121094,46.290000915527344,16109000
2026-07-27,46.130001068115234,46.279998779296875,45.560001373291016,45.68000030517578,16609100
2026-07-28,45.86000061035156,46.43000030517578,45.5,45.52000045776367,16412000
2026-07-29,45.7599983215332,45.79999923706055,44.72999954223633,44.90999984741211,23653200
2026-07-30,45.20000076293945,45.2400016784668,44.36000061035156,44.65999984741211,23428600
2026-07-31,44.61000061035156,44.7400016784668,44.310001373291016,44.349998474121094,20778500
2026-08-03,44.2400016784668,44.65999984741211,43.939998626708984,44.36000061035156,25872600
2026-08-04,44.25,44.290000915527344,43.59000015258789,44.11000061035156,26772300
2026-08-05,44.099998474121094,44.130001068115234,43.290000915527344,43.65999984741211,26062300
2026-08-06,44.150001525878906,44.27000045776367,43.15999984741211,43.380001068115234,27020100
2026-08-07,43.20000076293945,43.869998931884766,42.95000076293945,43.61000061035156,18693800
2026-08-10,43.43000030517578,43.52000045776367,43.060001373291016,43.130001068115234,25438200
2026-08-11,43.130001068115234,43.709999084472656,43.08000183105469,43.630001068115234,19690800
2026-08-12,43.7599983215332,43.959999084472656,43.63999938964844,43.84000015258789,15979000
2026-08-13,43.88999938964844,44.20000076293945,43.880001068115234,44.040000915527344,17855900
2026-08-14,44.0099983215332,44.40999984741211,43.97999954223633,44.310001373291016,17154200
2026-08-17,44.20000076293945,44.25,43.81999969482422,44.18000030517578,16377500
2026-08-18,44.529998779296875,44.650001525878906,43.95000076293945,44.02000045776367,19424700
2026-08-19,44.2599983215332,44.380001068115234,43.79999923706055,44.02000045776367,15856400
2026-08-20,43.83000183105469,44.2599983215332,43.75,43.77000045776367,17077400
2026-08-21,43.900001525878906,43.959999084472656,42.75,42.77000045776367,22073000
2026-08-24,42.869998931884766,43.2599983215332,42.70000076293945,43.220001220703125,20055700
2026-08-25,43.2400016784668,43.47999954223633,43.06999969482422,43.310001373291016,13430200
2026-08-26,43.310001373291016,43.709999084472656,43.279998779296875,43.5099983215332,12240200
2026-08-27,43.220001220703125,43.33000183105469,42.91999816894531,43.18000030517578,16033500
2026-08-31,42.0,42.400001525878906,41.86000061035156,42.22999954223633,31622300
2026-09-01,42.29999923706055,42.61000061035156,42.09000015258789,42.560001373291016,30607780
