date,open,high,low,close,volume
1998-12-22,9.303356404684804,9.360784530639648,9.303356404684804,9.360784530639648,7400
1998-12-23,9.372269049809084,9.464154040493487,9.360783425973533,9.400983810424805,24000
1998-12-24,9.533070402235198,9.573270797729492,9.487127894272618,9.573270797729492,3200
1998-12-28,9.527325781639812,9.533067892596451,9.487125396728516,9.487125396728516,17200
1998-12-29,9.515840257409026,9.693866729736328,9.515840257409026,9.693866729736328,2200
1998-12-30,9.688121589721852,9.705349319439778,9.61346435546875,9.61346435546875,63400
1998-12-31,9.613464876795499,9.647921740153189,9.60197925567627,9.60197925567627,64800
1999-01-04,9.61346942336981,9.751296941984432,9.521584410960063,9.5445556640625,10400
1999-01-05,9.60198593591092,9.70535659790039,9.60198593591092,9.70535659790039,2600
1999-01-06,9.820210711453946,9.981009483337402,9.820210711453946,9.981009483337402,16200
1999-01-07,9.93506560127856,10.038436226031747,9.923579976305984,9.969522476196289,27400
1999-01-08,10.026951989589818,10.072894495842235,9.963781744519759,9.981009483337402,37200
1999-01-11,10.015464680133089,10.02695030476627,9.848923823978872,9.929323196411133,126200
1999-01-12,9.780012600707895,9.808725968675772,9.659412809902019,9.6708984375,6600
1999-01-13,9.441180127732297,9.716835021972656,9.441180127732297,9.716835021972656,6800
1999-01-14,9.624952353185725,9.670894846518353,9.452668003188368,9.498610496520996,73200
1999-01-15,9.624956170839686,9.630699685811194,9.573271546367042,9.619214057922363,69600
1999-01-19,9.728320560432534,9.7685209331965,9.61346435546875,9.61346435546875,8200
1999-01-20,9.751300703064395,9.866157012876696,9.711101695657371,9.774271965026855,7000
1999-01-21,9.751294417737641,9.76278004131566,9.659409429113493,9.682380676269531,63000
1999-01-22,9.533070189330767,9.757040611673391,9.5100989358625,9.728325843811035,24600
1999-01-25,9.682385339680508,9.728327856120274,9.636442823240744,9.70535659790039,16200
1999-01-26,9.76277996349886,9.935064315795898,9.734066605809511,9.935064315795898,7400
1999-01-27,9.946551420070506,9.96952267046328,9.923580169677734,9.923580169677734,3800
1999-01-28,9.946548621405986,10.026947975158691,9.946548621405986,10.026947975158691,8600
1999-01-29,10.06140647080978,10.130320213760532,9.992492727859027,10.095863342285156,13600
1999-02-01,10.141805742980402,10.147549255866233,10.084377624390479,10.118834495544434,12200
1999-02-02,10.038434212783287,10.038434212783287,9.900606740754226,9.992491722106934,41800
1999-02-03,9.969521716709052,10.1647773263681,9.95803609261146,10.153291702270508,46200
1999-02-04,10.216463093475816,10.227948717300942,10.084377718460031,10.095863342285156,39000
1999-02-05,9.992492813769132,10.055664446377282,9.843179702758789,9.843179702758789,11600
1999-02-08,9.929320979479142,10.003976821899414,9.802979136722662,10.003976821899414,16400
1999-02-09,9.877636715134173,9.889122339221538,9.693866729736328,9.693866729736328,18800
1999-02-10,9.682381105648963,9.751294850173155,9.636438609299502,9.693866729736328,18400
1999-02-11,9.751294521694163,10.02120737968191,9.722581163469838,10.009721755981445,24400
1999-02-12,9.877642849895441,9.88912848111625,9.768530054325055,9.831700325012207,11600
1999-02-16,9.917837438082152,10.015464545121242,9.912093924816093,9.958036422729492,18600
1999-02-17,9.981008295659665,10.124579311641423,9.923580169677734,9.923580169677734,29400
1999-02-18,9.92357869230943,9.935064315795898,9.837437217187734,9.935064315795898,7000
1999-02-19,9.946547368858482,9.986747741699219,9.917834018589344,9.986747741699219,1800
1999-02-22,10.015462945980227,10.239433288574219,10.015462945980227,10.239433288574219,28000
1999-02-23,10.245174154219256,10.256659775468382,10.10734669922976,10.187746047973633,13600
1999-02-24,10.2566627062619,10.32557645344843,10.061407089233398,10.061407089233398,18000
1999-02-25,10.038437286095036,10.049922912280499,9.797239136200304,9.946552276611328,38200
1999-02-26,9.935070074040496,10.072897635761288,9.935070074040496,10.032698631286621,17000
1999-03-01,10.003980962853682,10.038437843322754,9.946552828738563,10.038437843322754,17200
1999-03-02,10.061407089233398,10.182006847836714,10.061407089233398,10.061407089233398,36200
1999-03-03,10.072891985307162,10.090121121884696,10.009721755981445,10.009721755981445,2000
1999-03-04,10.233691740571782,10.256662990270035,10.130321116929643,10.222206115722656,10800
1999-03-05,10.451918740308923,10.601231865170478,10.451918740308923,10.532318115234375,49600
1999-03-08,10.61271633931014,10.61271633931014,10.440431983152507,10.578259468078613,24600
1999-03-09,10.55528764302532,10.670143874179024,10.526574286263696,10.606973648071289,24200
1999-03-10,10.61271633931014,10.629945475952743,10.55528822059093,10.578259468078613,11200
1999-03-11,10.658658364661653,10.75628686320961,10.629945007594008,10.693115234375,26200
1999-03-12,10.807977997682949,10.865406148573932,10.474894722515248,10.73906421661377,27400
1999-03-15,10.72757752906042,10.767777931748945,10.658663754783802,10.76203441619873,14200
1999-03-16,10.830946043325596,10.830946043325596,10.658661641788074,10.704604148864746,12400
1999-03-17,10.693115853030108,10.693115853030108,10.555288366202651,10.658658981323242,13400
1999-03-18,10.589748224969638,10.842432022094727,10.589748224969638,10.842432022094727,14000
1999-03-19,10.842704928818568,10.842704928818568,10.693229675292969,10.693229675292969,26200
1999-03-22,10.670234713347062,10.670234713347062,10.532257540329644,10.57824993133545,37200
1999-03-23,10.49776580622378,10.49776580622378,10.233309493471156,10.256305694580078,19600
1999-03-24,10.302294646009887,10.302294646009887,10.15281938886912,10.17581558227539,25800
1999-03-25,10.33678991125341,10.486265182495117,10.279299422314292,10.486265182495117,20400
1999-03-26,10.463264941116568,10.509257314484115,10.371280194381479,10.417272567749023,12600
1999-03-29,10.595497746811878,10.670234680175781,10.572501551380466,10.670234680175781,10200
1999-03-30,10.624244538010515,10.704731239056049,10.589750237562429,10.681735038757324,72600
1999-03-31,10.739222469225608,10.750720566087734,10.520758628845215,10.520758628845215,48800
1999-04-01,10.578250676328297,10.578250676328297,10.446023244662435,10.509262084960938,8200
1999-04-05,10.578248248501936,10.681731111802499,10.543753960735083,10.647236824035645,19200
1999-04-06,10.687484539518328,10.773719586824116,10.647240488152756,10.704730987548828,21800
1999-04-07,10.790969294597728,10.819713847451824,10.762223338166745,10.796717643737793,27200
1999-04-08,10.831206983327865,11.038172721862793,10.831206983327865,11.038172721862793,41600
1999-04-09,10.992181602769346,11.158904724264824,10.992181602769346,11.141656875610352,145800
1999-04-12,10.969187235759005,11.279635931110676,10.969187235759005,11.233643531799316,42200
1999-04-13,11.268136059796369,11.279634157816568,11.118660785533764,11.176151275634766,65400
1999-04-14,11.176154058356033,11.199150260122199,10.923195838928223,10.923195838928223,99400
1999-04-15,10.992178929002979,11.015175119231019,10.739220836494543,10.90019416809082,71600
1999-04-16,10.900194282411402,10.946186663349845,10.819707615769122,10.934688568115234,23200
1999-04-19,11.107161146594631,11.245138303695185,10.65873538601783,10.693229675292969,74800
1999-04-20,10.762219641618668,10.87720062069579,10.72772534789553,10.831208229064941,31200
1999-04-21,10.90019769210656,11.015178680419922,10.842707197949881,11.015178680419922,90200
1999-04-22,11.072669832336976,11.153156528937556,10.992183135736395,11.043925285339355,71400
1999-04-23,11.084165194007566,11.187648064076102,11.084165194007566,11.164651870727539,4000
1999-04-26,11.210644035141703,11.222142131588003,11.095663070678711,11.095663070678711,188800
1999-04-27,11.164649442394204,11.176147536567626,11.084162783180238,11.124406814575195,8200
1999-04-28,11.187652297039744,11.256640903187986,11.084169387817383,11.084169387817383,12000
1999-04-29,10.992181599772913,11.072668285126898,10.785215837434091,10.831208229064941,35800
1999-04-30,10.934694866021982,10.957691069736013,10.474770791741351,10.796717643737793,74600
1999-05-03,10.81971051341035,11.072668676316862,10.81971051341035,11.06117057800293,181200
1999-05-04,11.18764666327668,11.199144758511292,10.865699996707567,10.934688568115234,382800
1999-05-05,10.95768959069682,10.95768959069682,10.670237083070985,10.842708587646484,99400
1999-05-06,10.739220151673686,10.785212529196915,10.601243019104004,10.601243019104004,24000
1999-05-07,10.72772758459615,10.842708587646484,10.716229484291118,10.842708587646484,51200
1999-05-10,10.87720062069579,11.003679697680624,10.762219641618668,10.831208229064941,38400
1999-05-11,10.934694922305294,11.118664552964479,10.934694922305294,11.049675941467285,62200
1999-05-12,11.06117233347375,11.11866283416748,10.923195131808797,11.11866283416748,25000
1999-05-13,11.187649659456186,11.187649659456186,10.992181988119336,11.06117057800293,27200
1999-05-14,10.808214286731385,10.900199089171652,10.796716186426352,10.842708587646484,20400
1999-05-17,10.670231344379904,10.727721814985399,10.509258026684517,10.624238967895508,20800
1999-05-18,10.704727771718014,10.86570112166866,10.693229675292969,10.693229675292969,10200
1999-05-19,10.796715376296682,10.796715376296682,10.566753387451172,10.566753387451172,1400
1999-05-20,10.716225756796431,10.739221949407584,10.658735275268555,10.658735275268555,15000
1999-05-21,10.647238873244627,10.647238873244627,10.578250284433107,10.58974838256836,10200
1999-05-24,10.566749846895581,10.62424032484387,10.359784126281738,10.359784126281738,7200
1999-05-25,10.509263906778243,10.520762007332705,10.256305694580078,10.256305694580078,14000
1999-05-26,10.359786386764762,10.371284484863281,10.233307307681065,10.371284484863281,10200
1999-05-27,10.302295253287614,10.313793350668515,10.164318084716797,10.164318084716797,23800
1999-05-28,10.244803251885163,10.371282304377571,10.244803251885163,10.308043479919434,2200
1999-06-01,10.325292092469208,10.371284484863281,10.216060862321502,10.371284484863281,59200
1999-06-02,10.486263783772786,10.497761880026923,10.348286628723145,10.348286628723145,12800
1999-06-03,10.612744578838866,10.62424267697412,10.543755990027346,10.58974838256836,8400
1999-06-04,10.727725168754315,10.727725168754315,10.624242289312955,10.670234680175781,9800
1999-06-07,10.624242943552552,10.716227730942618,10.624242943552552,10.698981285095215,5800
1999-06-08,10.65873320750813,10.670231301583112,10.538003921508789,10.538003921508789,8400
1999-06-09,10.497763372734578,10.520759568512748,10.434524536132812,10.434524536132812,9800
1999-06-10,10.382785458617246,10.382785458617246,10.26205609693336,10.285052299499512,15600
1999-06-11,10.336782056829902,10.394272502084796,10.216052823582288,10.233299255371094,5200
1999-06-14,10.325289138639818,10.348285328258168,10.244802474975586,10.244802474975586,2600
1999-06-15,10.256302259197343,10.256302259197343,10.164317485572255,10.17581558227539,9800
1999-06-16,10.3712850451076,10.469019586012719,10.359786946387967,10.45177173614502,39600
1999-06-17,10.428776591369287,10.451772791129748,10.394282291728594,10.400032043457031,6400
1999-06-18,10.385244497362073,10.48886667083908,10.373730922531296,10.4773530960083,10200
1999-06-21,10.5349202804895,10.661569595336914,10.5349202804895,10.661569595336914,9400
1999-06-22,10.615516393081002,10.638543543608293,10.557948516762774,10.592489242553711,5600
1999-06-23,10.52340890869679,10.52340890869679,10.37373241437178,10.442813873291016,10400
1999-06-24,10.408270019194038,10.419783592224121,10.270107142833057,10.419783592224121,11800
1999-06-25,10.454328697695173,10.454328697695173,10.373733652668887,10.385247230529785,2400
1999-06-28,10.419789079490336,10.615519924077448,10.419789079490336,10.586736679077148,4600
1999-06-29,10.632784745499073,10.765190124511719,10.632784745499073,10.765190124511719,16400
1999-06-30,10.673085812131355,10.97243881225586,10.673085812131355,10.97243881225586,22600
1999-07-01,10.891845372624088,11.030008316040039,10.891845372624088,11.030008316040039,5800
1999-07-02,10.983954652447567,11.1451447626512,10.983954652447567,11.087576866149902,21800
1999-07-06,11.122111054331095,11.266031413563935,11.110597481811084,11.179678916931152,34000
1999-07-07,11.133629134687713,11.145142711869397,11.076061248779297,11.076061248779297,40000
1999-07-08,10.949412741751042,11.099089256622507,10.949412741751042,10.983953475952148,8400
1999-07-09,10.995467054019185,11.053034944354364,10.983953475952148,10.983953475952148,33600
1999-07-12,10.995463374294813,10.995463374294813,10.909112270423204,10.914868354797363,9200
1999-07-13,10.903357662886034,10.914871240143569,10.81124904482575,10.83427619934082,62400
1999-07-14,10.868816242238244,10.914870548349423,10.834275512654859,10.85730266571045,41800
1999-07-15,10.995469885595979,11.04152420972413,10.949415561467829,11.001227378845215,216800
1999-07-16,11.030007758324153,11.06454849243164,10.983953446180838,11.06454849243164,5600
1999-07-19,11.07605893569644,11.07605893569644,10.98395033747859,11.041518211364746,12200
1999-07-20,10.960922657805286,10.983949806246052,10.753678321838379,10.753678321838379,45400
1999-07-21,10.822763370823216,10.828520862583284,10.650059700012207,10.650059700012207,17600
1999-07-22,10.63854934508542,10.68460367125462,10.477359203493217,10.511899948120117,21400
1999-07-23,10.51188943138712,10.51188943138712,10.431294441223145,10.431294441223145,3000
1999-07-26,10.373735772267917,10.55795305568222,10.373735772267917,10.488871574401855,60400
1999-07-27,10.592489659005377,10.592489659005377,10.465840326125965,10.546435356140137,52000
1999-07-28,10.477359203493217,10.557954274289319,10.431304877324015,10.511899948120117,4800
1999-07-29,10.431295375802758,10.431295375802758,10.20102395470336,10.350700378417969,14200
1999-07-30,10.258597130678138,10.258597130678138,10.108920629332665,10.154974937438965,30400
1999-08-02,10.189518422411425,10.258599903241333,10.080140113830566,10.080140113830566,315600
1999-08-03,10.154971359457932,10.154971359457932,9.947727045999606,9.953484535217285,21400
1999-08-04,9.98227627921977,9.98227627921977,9.752004623413086,9.752004623413086,7600
1999-08-05,9.682918122916071,9.682918122916071,9.51021447030758,9.665648460388184,98800
1999-08-06,9.602321489661538,9.67716042942412,9.521726465167976,9.590807914733887,26000
1999-08-09,9.62534906800356,9.62534906800356,9.418104710080039,9.46415901184082,3400
1999-08-10,9.412348625092816,9.487186162721212,9.268428229357495,9.46415901184082,13600
1999-08-11,9.625351478939965,9.68291937056042,9.619595392510972,9.671405792236328,6000
1999-08-12,9.786541938781738,9.867136990042294,9.786541938781738,9.786541938781738,10400
1999-08-13,9.90167899390268,9.982274055480957,9.90167899390268,9.982274055480957,16400
1999-08-16,9.97075919106823,10.12043571472168,9.936218454840512,10.12043571472168,23800
1999-08-17,10.201032427588782,10.201032427588782,10.039842298936136,10.097410202026367,48200
1999-08-18,10.085896232308185,10.16649129352526,10.06286907196045,10.06286907196045,7800
1999-08-19,10.005299967872899,10.005299967872899,9.895921672107944,9.976516723632812,10800
1999-08-20,10.074378148605835,10.085891723632812,10.04559491377124,10.085891723632812,4400
1999-08-23,10.218293766828523,10.258590557869901,10.195266627529152,10.247076988220215,18200
1999-08-24,10.270107814243861,10.304648535592216,10.166485650198801,10.235567092895508,17200
1999-08-25,10.178000431018312,10.339190483093262,10.131946130425469,10.339190483093262,6000
1999-08-26,10.316157789697058,10.316157789697058,10.120427117347896,10.13769817352295,40200
1999-08-27,10.143464524498551,10.143464524498551,10.016815137700045,10.097410202026367,7600
1999-08-30,10.0168136116508,10.022571103815867,9.878650665283203,9.878650665283203,12400
1999-08-31,9.740485459003809,9.76351261138916,9.613836120884374,9.76351261138916,8600
1999-09-01,9.815323583764236,9.832593243871898,9.775025367736816,9.775025367736816,2200
1999-09-02,9.57929703504451,9.671405660381476,9.57929703504451,9.659892082214355,44400
1999-09-03,9.890159064821743,9.924699783325195,9.821077627814839,9.924699783325195,10000
1999-09-07,9.809567714131058,9.87864917690663,9.757757319782359,9.769270896911621,65400
1999-09-08,9.665647384021291,9.780783139605429,9.665647384021291,9.71745777130127,13000
1999-09-09,9.809572537364756,9.809572537364756,9.717463875042084,9.752004623413086,11200
1999-09-10,9.907431214507982,9.964999085000574,9.872890492212427,9.936214447021484,37400
1999-09-13,9.89015482585015,9.907425880432129,9.861371608833291,9.907425880432129,2400
1999-09-14,9.826839050689397,9.8959205153499,9.826839050689397,9.855622291564941,3200
1999-09-15,9.89016275403589,9.924703485423676,9.769270896911621,9.769270896911621,5600
1999-09-16,9.60807937177963,9.60807937177963,9.45840289161473,9.56202507019043,22800
1999-09-17,9.616029120228662,9.719799218648395,9.616029120228662,9.696739196777344,4000
1999-09-20,9.667914961466781,9.702504994589253,9.639089230128697,9.685209274291992,19600
1999-09-21,9.552619436142292,9.55838374069344,9.466143608093262,9.466143608093262,13800
1999-09-22,9.518027595697387,9.56991195678711,9.500731870352503,9.56991195678711,26600
1999-09-23,9.598732569721642,9.621792586216504,9.529552520237061,9.616026878356934,12000
1999-09-24,9.443083952223219,9.52379407147299,9.420023918151855,9.420023918151855,13800
1999-09-27,9.575678528961683,9.598738559847236,9.535322771175673,9.581442832946777,8200
1999-09-28,9.518027031890744,9.552617073059082,9.35084112917425,9.552617073059082,17000
1999-09-29,9.494965642867717,9.523789969305069,9.48343563079834,9.48343563079834,3400
1999-09-30,9.51226078010055,9.708271002235957,9.51226078010055,9.621796607971191,151800
1999-10-01,9.673684120178223,9.719804187497308,9.61026973135086,9.673684120178223,3200
1999-10-04,9.800512741124107,9.990758692188077,9.800512741124107,9.984992980957031,12200
1999-10-05,10.088764189925282,10.18100431966174,9.910049642297233,10.002289772033691,15800
1999-10-06,10.025349619349692,10.181004131669466,9.944639507320602,10.111824035644531,17200
1999-10-07,10.14641361076212,10.18676936863213,10.082999229431152,10.082999229431152,7800
1999-10-08,10.296299610526857,10.371245384216309,10.250179567478584,10.371245384216309,156800
1999-10-11,10.05416950958454,10.475015611370827,10.05416950958454,10.446189880371094,213400
1999-10-12,10.330892637895257,10.330892637895257,10.232888221740723,10.232888221740723,29600
1999-10-13,10.192534147673621,10.238654211690244,10.111824035644531,10.111824035644531,10400
1999-10-14,9.869691327339108,10.002287183253305,9.823571274407618,9.967697143554688,14800
1999-10-15,9.777455150754651,9.835105240086932,9.714040756225586,9.714040756225586,11000
1999-10-18,9.702509023397619,9.777453422546387,9.55838312180537,9.777453422546387,17400
1999-10-19,9.904279225763219,10.01957933316442,9.840864870428565,9.875454902648926,10400
1999-10-20,9.863927337054182,10.048407554626465,9.852397323455914,10.048407554626465,95200
1999-10-21,9.88122492145609,9.961935043334961,9.863930599075603,9.961935043334961,3000
1999-10-22,10.082995306462589,10.25594547117488,10.065699586255338,10.221355438232422,9200
1999-10-25,10.019580661497763,10.134880784184732,10.019580661497763,10.042640686035156,5000
1999-10-26,10.077232966001588,10.077232966001588,9.702508187592478,9.794748306274414,38200
1999-10-27,9.777454949320761,9.823575019836426,9.673684790660518,9.823575019836426,30400
1999-10-28,10.008051375997553,10.238651638117311,10.008051375997553,10.19253158569336,22400
1999-10-29,10.561490980099585,10.722911147917701,10.475016593933105,10.475016593933105,24600
1999-11-01,10.515376088888841,10.561496159454144,10.400075912475586,10.400075912475586,25400
1999-11-02,10.348189539804633,10.532669786464346,10.325129508972168,10.325129508972168,6600
1999-11-03,10.353953331440419,10.365483346286121,10.238653182983398,10.238653182983398,6200
1999-11-04,10.307827519893115,10.377007570362197,10.307827519893115,10.365477561950684,37200
1999-11-05,10.463485689129737,10.515370034908063,10.405835634113794,10.434659957885742,14000
1999-11-08,10.411605930116911,10.46925601832354,10.400075912475586,10.400075912475586,5000
1999-11-09,10.353949326530952,10.353949326530952,10.250179233057924,10.290534973144531,23800
1999-11-10,10.359718301655057,10.405838357739283,10.330892562866211,10.330892562866211,15000
1999-11-11,10.353949546813965,10.411599599969945,10.342419536182769,10.353949546813965,11400
1999-11-12,10.538433566835423,10.596083641052246,10.41160340355841,10.596083641052246,15800
1999-11-15,10.503845520220406,10.711385826876793,10.503845520220406,10.613381385803223,12400
1999-11-16,10.653733457377625,10.745973573891717,10.584553369992056,10.659499168395996,10200
1999-11-17,10.688321352340516,10.734441401325805,10.561491217630975,10.567256927490234,27000
1999-11-18,10.636441419876155,10.636441419876155,10.555731300620893,10.613381385803223,4400
1999-11-19,10.578791891779888,10.596086214508926,10.49808176827438,10.515376091003418,29400
1999-11-22,10.377015222126316,10.411605272866737,10.365485205212842,10.39431095123291,4200
1999-11-23,10.36547955744516,10.377009568076357,10.290535192078387,10.353949546813965,20200
1999-11-24,10.330891927083334,10.434662046886626,10.313597610852282,10.411602020263672,8400
1999-11-26,10.41160103320032,10.538431167602539,10.41160103320032,10.538431167602539,13400
1999-11-29,10.50383665246198,10.653726747392831,10.50383665246198,10.630666732788086,17800
1999-11-30,10.647967443235395,10.688321783991144,10.480781555175781,10.480781555175781,13800
1999-12-01,10.607611656188965,10.647967404269286,10.578787328250662,10.607611656188965,17600
1999-12-02,10.561490058898926,10.561490058898926,10.475015680274966,10.561490058898926,314200
1999-12-03,10.659498984635709,10.769033417371677,10.653733273716734,10.6825590133667,17600
1999-12-06,10.688321976826108,10.78056208018599,10.607611886386213,10.699851989746094,23800
1999-12-07,10.619142603808754,10.665262658548423,10.521138191223145,10.521138191223145,12800
1999-12-08,10.492312910528655,10.584553024027807,10.42313282540429,10.463488578796387,22000
1999-12-09,10.786325905818973,10.786325905818973,10.411599847654632,10.446189880371094,36400
1999-12-10,10.676793591164365,10.734443664550781,10.665263576487082,10.734443664550781,32200
1999-12-13,10.838212201195041,11.057282447814941,10.838212201195041,11.057282447814941,8800
1999-12-14,11.034223818297546,11.068813861615093,10.907393659466539,10.913159370422363,41800
1999-12-15,10.838213859421723,10.97080973271473,10.838213859421723,10.965044021606445,1600
1999-12-16,11.045755035102122,11.207175254821777,11.016930699602778,11.207175254821777,17800
1999-12-17,11.209664521503647,11.232753428859988,11.123081823534902,11.151942253112793,1715600
1999-12-20,11.0942235389498,11.134629844385795,10.799840580463272,10.82870101928711,1760000
1999-12-21,10.828698204834243,10.89796493109118,10.817153750458088,10.874876022338867,1297000
1999-12-22,10.886423834299638,10.903741225822468,10.817157086679492,10.897968292236328,1107000
1999-12-23,10.93260287922789,11.151947604365514,10.93260287922789,11.111542701721191,355200
1999-12-27,11.278934673026756,11.290479130215115,11.198123472708243,11.221212387084961,2777600
1999-12-28,11.163492535864991,11.394381729988362,11.163492535864991,11.33665943145752,21200
1999-12-29,11.307795222343676,11.382833480834961,11.307795222343676,11.382833480834961,2800
1999-12-30,11.278935954384012,11.440558373382352,11.278935954384012,11.3482027053833,4000
1999-12-31,11.440556791946442,11.486734619562775,11.382834507426026,11.475190162658691,38200
2000-01-03,11.452099495408941,11.452099495408941,11.030727587544279,11.128854751586914,425800
2000-01-04,10.967229394351735,11.013407202327953,10.724795902476592,10.794062614440918,354400
2000-01-05,10.84024863273989,10.84024863273989,10.609359417985047,10.661310195922852,249200
2000-01-06,10.730573801801834,10.863334356589796,10.713256411174635,10.782523155212402,271600
2000-01-07,10.897962574090938,11.290473937988281,10.897962574090938,11.290473937988281,140000
2000-01-10,11.27893444249466,11.302023356399458,11.14040095906586,11.232756614685059,83800
2000-01-11,11.267388142122135,11.313565962376734,11.117310226294688,11.16926097869873,59200
2000-01-12,11.198123864473276,11.198123864473276,11.05959037336639,11.105768203735352,106200
2000-01-13,11.163491249084473,11.198124624210898,11.065364057510756,11.163491249084473,141200
2000-01-14,11.175032229344852,11.203894070918407,11.134627342224121,11.134627342224121,205200
2000-01-18,11.08267902457801,11.128856853847086,10.955689994088054,11.071134567260742,107600
2000-01-19,11.065361593036023,11.18080615107899,11.048044204711914,11.048044204711914,227600
2000-01-20,11.105768535096766,11.105768535096766,10.840246002552874,10.897968292236328,322800
2000-01-21,10.909512234395583,10.909512234395583,10.6728515625,10.6728515625,340400
2000-01-24,10.747890381330853,10.759434839312949,10.274567604064941,10.274567604064941,10200
2000-01-25,10.309201389326708,10.366923681540182,10.205301263342452,10.33806324005127,126000
2000-01-26,10.239934324953879,10.418874129951373,10.239934324953879,10.413101196289062,76200
2000-01-27,10.493910827540986,10.493910827540986,10.21684387499865,10.384239196777344,238200
2000-01-28,10.216842657989925,10.257248955040268,9.939775738451216,9.974409103393555,24800
2000-01-31,9.928232424803536,10.049449920654297,9.928232424803536,10.049449920654297,21600
2000-02-01,10.136034202152768,10.413101196289062,10.136034202152768,10.413101196289062,259800
2000-02-02,10.436187658991132,10.447732114366122,10.343832015991211,10.343832015991211,10600
2000-02-03,10.447733002117264,10.447733002117264,10.35537735126982,10.384239196777344,52400
2000-02-04,10.476599279632309,10.476599279632309,10.343837270757934,10.366926193237305,46200
2000-02-07,10.2976542528172,10.2976542528172,10.147576332092285,10.147576332092285,41600
2000-02-08,10.228388668565252,10.44196182280877,10.228388668565252,10.378466606140137,411400
2000-02-09,10.41310056410224,10.41310056410224,10.187984349651272,10.205300331115723,57200
2000-02-10,10.222614759972402,10.222614759972402,10.078308379813416,10.11294174194336,20200
2000-02-11,10.176440574368547,10.176440574368547,9.887829120320028,9.968640327453613,66000
2000-02-14,9.962867536852437,10.08985657845774,9.962867536852437,10.020589828491211,5600
2000-02-15,10.032129063003365,10.043673515319824,9.882051182889391,10.043673515319824,15800
2000-02-16,9.974408783981104,9.974408783981104,9.651164054870605,9.651164054870605,36000
2000-02-17,9.720431487548527,9.720431487548527,9.3279200023031,9.37409782409668,134000
2000-02-18,9.32215220162434,9.356785581798976,9.17207422086758,9.235568046569824,15000
2000-02-22,9.362558565829461,9.374103027686218,9.154758252407845,9.258658409118652,141400
2000-02-23,9.351010601737123,9.351010601737123,9.177843738741991,9.2297945022583,686000
2000-02-24,9.154755201758647,9.154755201758647,8.825738853097604,8.935410499572754,217800
2000-02-25,8.935404111059476,9.108570857397838,8.935404111059476,8.970037460327148,62600
2000-02-28,9.120123241258703,9.316379057842752,9.056629416981773,9.293290138244629,519400
2000-02-29,9.397187311863958,9.547265241906011,9.397187311863958,9.489542961120605,35200
2000-03-01,9.495315930424086,9.495315930424086,9.304831698480191,9.379871368408203,691400
2000-03-02,9.477997807943023,9.489542263251115,9.356781731825699,9.368326187133789,417200
2000-03-03,9.512625867000084,9.604981457941832,9.47222100058031,9.541487693786621,416000
2000-03-06,9.449135742811377,9.46645171816612,9.235562651869385,9.316373825073242,1200400
2000-03-07,9.281741526986679,9.281741526986679,8.987358638397604,9.056625366210938,12600
2000-03-08,8.900776355032356,9.200932237303228,8.87768744101152,9.166298866271973,344400
2000-03-09,9.056626445234087,9.362553824907469,8.970042320534036,9.351009368896484,612800
2000-03-10,9.270197826571698,9.345237492425607,9.189386637548035,9.224020004272461,880600
2000-03-13,8.952729096470268,9.212478732041514,8.952729096470268,9.148984909057617,885800
2000-03-14,9.166298866271973,9.247110065344899,9.091260600321993,9.166298866271973,458600
2000-03-15,9.16629927401871,9.789699980312175,9.073943613827087,9.720433235168457,1443600
2000-03-16,9.91668724802743,10.45927665507899,9.8705094261507,10.436187744140625,302800
2000-03-17,10.456545670859997,10.549081473256988,10.387143819062253,10.462329864501953,48600
2000-03-20,10.468114561268262,10.468114561268262,10.248341990368708,10.364011764526367,162200
2000-03-21,10.340871646704263,10.502809234012831,10.27146982357202,10.47967529296875,314400
2000-03-22,10.387145596438659,10.479681414669738,10.27147582364981,10.4334135055542,266600
2000-03-23,10.283041041365639,10.508597765700449,10.283041041365639,10.462329864501953,18000
2000-03-24,10.549083813605439,10.676320570129187,10.49703311920166,10.49703311920166,39200
2000-03-27,10.49702822169841,10.572212836755574,10.444976139595495,10.468110084533691,28000
2000-03-28,10.41028131997533,10.618486946374835,10.41028131997533,10.502817153930664,41600
2000-03-29,10.595345985297252,10.745716616092954,10.595345985297252,10.711015701293945,24600
2000-03-30,10.930789931821188,11.063810832750727,10.872955064457054,10.948141098022461,45000
2000-03-31,10.855610574068951,10.994414323048087,10.797775678660978,10.832476615905762,749200
2000-04-03,10.97705753109708,11.21418118691785,10.97705753109708,11.156346321105957,82000
2000-04-04,11.341420056773087,11.381903764577709,10.583782464012808,11.017544746398926,142000
2000-04-05,10.95971409503121,11.08116667725505,10.919228959633369,11.03489875793457,24000
2000-04-06,10.97706331949511,11.225754079617259,10.97706331949511,11.150568008422852,27200
2000-04-07,11.219969883993947,11.289371759565045,11.150568008422852,11.150568008422852,111400
2000-04-10,11.23153215165865,11.422387935408072,11.196831228430044,11.410820960998535,31600
2000-04-11,11.295157813723385,11.503363474695384,11.295157813723385,11.491796493530273,92200
2000-04-12,11.584327254434466,11.821449558170748,11.468657493591309,11.468657493591309,214000
2000-04-13,11.451308778721652,11.451308778721652,11.243103164563076,11.254670143127441,74800
2000-04-14,10.872958770820073,10.896092725651606,10.364011764526367,10.364011764526367,235200
2000-04-17,10.502816598949623,10.502816598949623,10.132673282687083,10.375579833984375,281200
2000-04-18,10.317741906278519,10.630050237522376,10.25990703012225,10.595349311828613,104200
2000-04-19,10.514383332571771,10.722588943117747,10.514383332571771,10.676321029663086,16800
2000-04-20,10.664751915753206,10.815122604370117,10.664751915753206,10.815122604370117,28600
2000-04-24,10.815123043363057,11.127431409321135,10.815123043363057,10.930792808532715,24600
2000-04-25,11.000195122558214,11.150565823497494,11.000195122558214,11.127431869506836,51200
2000-04-26,11.081164773867604,11.162133618770602,11.081164773867604,11.115865707397461,23800
2000-04-27,10.849824368256945,10.884525299072266,10.757288552749424,10.884525299072266,6600
2000-04-28,10.803555980503493,10.872957839050626,10.606917381286621,10.606917381286621,8600
2000-05-01,10.653185372125535,10.930792808532715,10.653185372125535,10.930792808532715,13400
2000-05-02,10.768856850130899,10.89609361205511,10.768856850130899,10.855609893798828,130600
2000-05-03,10.421850217268771,10.51438606825451,10.283046440790164,10.34088134765625,334600
2000-05-04,10.294614113232107,10.294614113232107,10.121109380986622,10.173161506652832,45600
2000-05-05,10.190504236674032,10.317740952455434,10.190504236674032,10.30039119720459,30200
2000-05-08,10.202073928472158,10.30617672366065,10.132672065013164,10.271475791931152,109200
2000-05-09,10.433414727150398,10.502816598949623,10.375579833984375,10.375579833984375,35800
2000-05-10,10.329311919451557,10.398713791250785,10.28304400491874,10.375579833984375,126000
2000-05-11,10.525944946879182,10.549078891817377,10.468110084533691,10.468110084533691,36200
2000-05-12,10.58378736957226,10.618488311767578,10.525952465913395,10.618488311767578,6000
2000-05-15,10.525948154809809,10.722586746712848,10.479680250832622,10.65318489074707,53400
2000-05-16,10.826691479518495,10.826691479518495,10.641619830295957,10.734155654907227,15400
2000-05-17,10.525943175056913,10.543294336831826,10.456541351924669,10.47967529296875,19000
2000-05-18,10.479680662031297,10.687886238098145,10.479680662031297,10.687886238098145,3200
2000-05-19,10.479680015589889,10.595349772936355,10.41027816118201,10.416062355041504,3800
2000-05-22,10.32930669816801,10.32930669816801,10.190503024732381,10.259904861450195,17000
2000-05-23,10.248339228559864,10.387142920143068,10.213638305664062,10.213638305664062,40000
2000-05-24,10.121106001470054,10.121106001470054,9.855065500859983,10.028570175170898,7800
2000-05-25,10.063268064203584,10.097968988562906,9.936031341552734,9.936031341552734,42000
2000-05-26,9.918678997621171,9.918678997621171,9.727823257446289,9.727823257446289,80600
2000-05-30,9.739392826540403,9.808794675660643,9.675775170838968,9.803011894226074,184000
2000-05-31,9.808801159857852,10.0401408098545,9.808801159857852,10.034358024597168,56000
2000-06-01,9.99386547795695,10.109535217285156,9.99386547795695,10.109535217285156,3000
2000-06-02,10.283043196578333,10.38714599609375,10.271476218854398,10.38714599609375,47400
2000-06-05,10.271471739082294,10.410275411232053,10.271471739082294,10.329306602478027,2400
2000-06-06,10.236772268996424,10.236772268996424,9.97073185974567,9.999650001525879,11200
2000-06-07,9.97073185974567,10.132669500159173,9.95916488543042,9.999650001525879,42200
2000-06-08,10.01121502745374,10.01121502745374,9.843493226532624,9.901328086853027,31600
2000-06-09,9.92446483965441,9.993866691679965,9.727826258915337,9.73939323425293,135400
2000-06-12,9.519618702283296,9.565886593910431,9.473350810656159,9.496484756469727,24800
2000-06-13,9.473352114359537,9.78566042582194,9.473352114359537,9.681557655334473,230800
2000-06-14,9.693128858293806,9.831932612827845,9.693128858293806,9.716262817382812,89200
2000-06-15,9.774096478710312,9.79723043487294,9.693127632141113,9.693127632141113,271600
2000-06-16,9.653726923710778,9.653726923710778,9.549424952146076,9.584192276000977,37200
2000-06-19,9.491479469557941,9.595781441750885,9.456712145493626,9.572603225708008,44600
2000-06-20,9.526243969945625,9.526243969945625,9.340818296564688,9.363996505737305,28200
2000-06-21,9.369788471174134,9.369788471174134,9.277075667079325,9.300253868103027,324600
2000-06-22,9.248104995421981,9.595778115550628,9.178570371396253,9.25969409942627,513800
2000-06-23,9.236517515941639,9.317641258239746,9.201750197813878,9.317641258239746,81800
2000-06-26,9.37558678845268,9.421943212623026,8.946789864876969,9.317641258239746,26400
2000-06-27,9.340821009016672,9.642137815759146,9.340821009016672,9.584192276000977,264600
2000-06-28,9.549420356750488,9.595776766249276,9.503063947251698,9.549420356750488,65800
2000-06-29,9.456706350821037,9.491473653581407,9.329226240699674,9.387171745300293,309800
2000-06-30,9.445121541564717,9.561012603424407,9.398765116820842,9.491477966308594,65400
2000-07-03,9.526245620451776,9.618958473205566,9.491478300669106,9.618958473205566,86600
2000-07-05,9.700084509168352,9.781208274478004,9.665317181178501,9.734851837158203,112000
2000-07-06,9.734852432359196,9.862332642782947,9.723263322320673,9.804387092590332,15400
2000-07-07,9.850735701998568,10.291121533382032,9.850735701998568,10.279532432556152,355000
2000-07-10,10.186820847193399,10.488137504789565,10.186820847193399,10.430191993713379,247800
2000-07-11,10.441780057430611,10.592438371244816,10.441780057430611,10.505520820617676,128200
2000-07-12,10.55766782666197,10.55766782666197,10.418598656607147,10.534489631652832,17200
2000-07-13,10.49973187211383,10.49973187211383,10.337484359741211,10.337484359741211,53200
2000-07-14,10.383838269137598,10.476551110826327,10.291125427448868,10.464962005615234,15000
2000-07-17,10.430194965184132,10.464962281734746,10.337482121049161,10.40701675415039,199000
2000-07-18,10.372246482637193,10.441781095928615,10.349068278206719,10.430191993713379,461400
2000-07-19,10.372249253547302,10.401222724168221,10.279536411057494,10.296920776367188,137200
2000-07-20,10.337477987560677,10.40701259285817,10.267943382263184,10.267943382263184,98600
2000-07-21,10.26794443950394,10.314300847808699,10.198409827046804,10.244766235351562,220000
2000-07-24,10.238974096343501,10.238974096343501,10.012985860890355,10.082520484924316,27800
2000-07-25,10.036165856440132,10.105700492858887,9.955042113951587,10.105700492858887,34800
2000-07-26,10.036165072810938,10.152056124460024,9.978219546986393,10.070932388305664,166800
2000-07-27,10.047750022313366,10.15205192565918,10.036160921941608,10.15205192565918,7000
2000-07-28,10.05934245510573,10.05934245510573,9.839149475097656,9.839149475097656,16600
2000-07-31,9.931859323611626,9.931859323611626,9.642131805419922,9.642131805419922,31400
2000-08-01,9.6884866642161,9.78119945526123,9.607362972051613,9.78119945526123,172000
2000-08-02,9.6884866642161,9.827555850783796,9.67689756533546,9.78119945526123,226600
2000-08-03,9.769619165148054,9.850742930457704,9.700084509168352,9.734851837158203,31400
2000-08-04,9.734845588362445,9.734845588362445,9.647928031523282,9.694284439086914,16800
2000-08-07,9.665311462526688,9.989806331772188,9.665311462526688,9.955039024353027,11200
2000-08-08,10.047750781329302,10.325889211262293,10.047750781329302,10.250560760498047,9000
2000-08-09,10.128877914130207,10.128877914130207,10.01298686248112,10.070932388305664,168200
2000-08-10,9.908679542948285,9.908679542948285,9.78119945526123,9.78119945526123,9000
2000-08-11,9.79279080283976,9.989805529050738,9.79279080283976,9.920270919799805,45000
2000-08-14,10.012990773342885,10.094114541182469,10.012990773342885,10.047758102416992,800
2000-08-15,10.012985446957115,10.012985446957115,9.758025169372559,9.758025169372559,7800
2000-08-16,9.56101058032895,9.61895609899761,9.50306506166029,9.566805839538574,20800
2000-08-17,9.607370549772323,9.607370549772323,9.491479469557941,9.572603225708008,53000
2000-08-18,9.613163291545098,9.705876131416849,9.607368031710278,9.700080871582031,6400
2000-08-21,9.653728483940135,9.653728483940135,9.456713616920949,9.468302726745605,22400
2000-08-22,9.56101182843743,9.758026617629472,9.56101182843743,9.653724670410156,28200
2000-08-23,9.647932060248545,9.700082333191581,9.595780372619629,9.595780372619629,64200
2000-08-24,9.66531501300093,9.66531501300093,9.572602159159194,9.595780372619629,8400
2000-08-25,9.665319596181062,9.682703971862793,9.59578492282724,9.682703971862793,2000
2000-08-28,9.630544178677301,9.671106744774942,9.52624225616455,9.52624225616455,52600
2000-08-29,9.572597174337197,9.572597174337197,9.456706167383963,9.485679626464844,17000
2000-08-30,9.456710249590785,9.456710249590785,9.37558650970459,9.37558650970459,9200
2000-08-31,9.317633218880626,9.317633218880626,9.166974970316636,9.242304801940918,30200
2000-09-01,9.20174805968615,9.427736282348633,9.20174805968615,9.427736282348633,325000
2000-09-05,9.479885846158883,9.595776871173051,9.45670764115605,9.52624225616455,2447000
2000-09-06,9.66530990600586,9.729050666685394,9.642131704792416,9.66530990600586,61000
2000-09-07,9.711672463468947,9.711672463468947,9.584192276000977,9.584192276000977,229600
2000-09-08,9.642134351083321,9.821766167130157,9.642134351083321,9.76382064819336,11740200
2000-09-11,9.81597172908294,9.966630090922465,9.81597172908294,9.943451881408691,5248400
2000-09-12,9.920273671894918,10.01298650995001,9.83335609356109,9.943451881408691,2242200
2000-09-13,10.001397405193124,10.001397405193124,9.90289072210241,9.943451881408691,175600
2000-09-14,9.920270117058703,9.955037418870825,9.83914641283042,9.885502815246582,34000
2000-09-15,9.834526686981429,9.834526686981429,9.741583736215848,9.799673080444336,87800
2000-09-18,9.671872405565935,9.71253422011661,9.59635558112,9.602165222167969,32600
2000-09-19,9.526654158717387,9.549889900567916,9.410475449464736,9.439520835876465,6108600
2000-09-20,9.480183192811998,9.480183192811998,9.236207890055807,9.25363540649414,27600
2000-09-21,9.47437234440611,9.596359252929688,9.439518739371257,9.596359252929688,7600
2000-09-22,9.503421492615564,9.54989299135696,9.503421492615564,9.532466888427734,2800
2000-09-25,9.515030232986602,9.515030232986602,9.37561587059852,9.38723373413086,6019400
2000-09-26,9.38723649616483,9.38723649616483,9.090981598020328,9.178114891052246,15600
2000-09-27,9.236204827626018,9.28267629845684,9.2013512245029,9.265250205993652,6600
2000-09-28,9.253634240033168,9.445328387507686,9.247824595886984,9.41047477722168,8600
2000-09-29,9.340768734094175,9.38724022033345,9.25363540649414,9.25363540649414,20200
2000-10-02,9.247825286826309,9.294296770679708,9.108410835266113,9.108410835266113,2016000
2000-10-03,9.120025556298751,9.224586358855042,9.108407689348052,9.178114891052246,20800
2000-10-04,9.178114862584357,9.468561535450949,9.178114862584357,9.340764999389648,4025200
2000-10-05,9.329150538134279,9.329150538134279,9.218781471252441,9.218781471252441,10800
2000-10-06,9.13164918805776,9.13164918805776,8.928337097167969,8.928337097167969,24000
2000-10-09,8.980616707287723,9.061941826241169,8.980616707287723,8.98642635345459,8800
2000-10-10,9.038703807564668,9.038703807564668,8.945760837821073,8.992232322692871,9200
2000-10-11,8.922524959483045,8.922524959483045,8.678549667622182,8.736639022827148,236800
2000-10-12,8.266111924806749,8.266111924806749,8.016327110103834,8.126697540283203,91200
2000-10-13,8.15574208427878,8.318392211315679,8.086034886977252,8.295156478881836,175200
2000-10-16,8.388099939725162,8.498470384872503,8.388099939725162,8.440381050109863,8800
2000-10-17,8.562372250848076,8.562372250848076,8.208027839660645,8.208027839660645,12800
2000-10-18,8.115081839894426,8.376483171515995,8.115081839894426,8.36486530303955,8800
2000-10-19,8.37648025765303,8.72501619070378,8.37648025765303,8.707590103149414,59200
2000-10-20,8.533325591486573,8.60884103178978,8.469426602125168,8.550751686096191,4200
2000-10-23,8.573985782065524,8.620457249718996,8.550750048238788,8.603031158447266,8600
2000-10-24,8.608841896057129,8.736638469412902,8.608841896057129,8.608841896057129,33600
2000-10-25,8.643697858836553,8.643697858836553,8.481047630310059,8.481047630310059,283600
2000-10-26,8.481047452963292,8.492665326186529,8.376486593954155,8.452003479003906,6800
2000-10-27,8.364861652133873,8.550747466625738,8.364861652133873,8.533321380615234,11400
2000-10-30,8.492665378221004,8.864437323642443,8.492665378221004,8.748258590698242,97400
2000-10-31,8.945762233493095,9.160693593656235,8.922526487432075,9.137457847595215,300400
2000-11-01,9.201353816336672,9.27106104221801,9.131646590455333,9.212971687316895,322600
2000-11-02,9.143260197639465,9.294292449951172,9.085170869827271,9.294292449951172,15000
2000-11-03,9.305915865685124,9.305915865685124,9.038704798380808,9.160693168640137,27800
2000-11-06,9.131646286411787,9.305914345312775,9.131646286411787,9.282678604125977,4400
2000-11-07,9.21297210929668,9.27106146685845,9.166500623247265,9.189736366271973,33400
2000-11-08,9.329146046638488,9.410471105575562,9.294292449951172,9.294292449951172,46200
2000-11-09,8.992230503394792,9.027084109997098,8.794726732648396,8.934141159057617,29600
2000-11-10,8.608843732590731,8.655315223724825,8.521710395812988,8.521710395812988,61000
2000-11-13,8.504280267406838,8.759873390197754,8.481044528971301,8.759873390197754,44600
2000-11-14,8.992230140230717,9.02708374542541,8.957376535036024,9.021275520324707,121200
2000-11-15,8.922524899852519,9.108410835266113,8.922524899852519,9.108410835266113,29000
2000-11-16,9.073554467930496,9.073554467930496,8.968993661001718,9.00965690612793,20400
2000-11-17,8.94576157600649,9.027086681242912,8.887672215123331,9.003850936889648,8400
2000-11-20,8.916713941814908,8.922522166418652,8.771489890164169,8.78310775756836,129200
2000-11-21,8.812150532604816,8.812150532604816,8.713397979736328,8.713397979736328,179400
2000-11-22,8.655313166646623,8.72502038678069,8.573988076490211,8.62045955657959,129600
2000-11-24,8.573988925979798,8.678549766540527,8.573988925979798,8.678549766540527,1400
2000-11-27,8.922525095385174,9.01546806512877,8.899289352949275,8.992232322692871,5600
2000-11-28,8.922521925158074,9.003846994788422,8.817961121347627,8.957375526428223,74200
2000-11-29,9.003848523435082,9.085173606872559,8.992230654372584,9.085173606872559,57400
2000-11-30,8.992233811021627,8.992233811021627,8.736640601922822,8.910908699035645,87400
2000-12-01,8.980615723878145,9.0619408339262,8.864436995238066,8.922526359558105,103200
2000-12-04,9.096792150471112,9.259442329406738,9.073556410623166,9.259442329406738,8200
2000-12-05,9.22458763216056,9.561505820236954,9.22458763216056,9.480180740356445,361800
2000-12-06,9.57312183874015,9.57312183874015,9.38723597779374,9.422089576721191,53400
2000-12-07,9.468560433387756,9.468560433387756,9.282674584388733,9.294292449951172,34400
2000-12-08,9.433707247556233,9.480178711829911,9.36400005114572,9.393045425415039,13000
2000-12-11,9.2942958695216,9.2942958695216,9.166499301315676,9.276869773864746,27000
2000-12-12,9.166495928764343,9.352381777763366,9.108406600952149,9.294292449951172,31000
2000-12-13,9.282678899716359,9.317532512606407,9.108410835266113,9.108410835266113,107400
2000-12-14,9.073556086432724,9.13164543397711,8.992230999870587,9.079365730285645,230600
2000-12-15,8.909923870101748,8.956511707331037,8.7818073177212,8.840042114257812,17800
2000-12-18,8.92156832517262,9.049684841591548,8.92156832517262,9.032215118408203,145600
2000-12-19,9.055512986721071,9.055512986721071,8.805102611627415,8.816749572753906,194400
2000-12-20,8.537222052640455,8.758514302299622,8.502281171115325,8.711926460266113,63000
2000-12-21,8.700278913000677,9.03804074496456,8.700278913000677,8.979805946350098,194200
2000-12-22,9.014749281260432,9.177806761800026,9.014749281260432,9.131218910217285,54400
2000-12-26,9.0496842789867,9.102096288773486,8.9448616811606,8.95650863647461,146800
2000-12-27,9.01474564838646,9.434036143660249,9.01474564838646,9.38744831085205,158800
2000-12-28,9.445686695622463,9.503921508789062,9.387451882455863,9.503921508789062,60400
2000-12-29,9.538864135742188,9.713568607092776,9.492276276715364,9.538864135742188,27800
2001-01-02,9.608744332596855,9.666979146733805,9.480627741495564,9.521392822265625,334200
2001-01-03,9.434040711850537,10.272622108459473,9.434040711850537,10.272622108459473,2068800
2001-01-04,10.214386513305698,10.55214843905925,10.214386513305698,10.418209075927734,519800
2001-01-05,10.319207379997122,10.319207379997122,9.969798552231982,10.074621200561523,182600
2001-01-08,9.981442235475903,10.039677020980431,9.830031793164133,9.940678596496582,55200
2001-01-09,10.028032040588629,10.028032040588629,9.853327649637606,9.859151840209961,193000
2001-01-10,9.771802477993315,9.923213005065918,9.66697980540459,9.923213005065918,261800
2001-01-11,9.911565857931967,10.062976382201198,9.771802297068062,10.010565757751465,87600
2001-01-12,9.899913334874253,10.062970730978064,9.899913334874253,10.004735946655273,143400
2001-01-16,9.993095144070049,10.249328352892359,9.993095144070049,10.23768138885498,39800
2001-01-17,10.23768208843614,10.2493290532694,10.028036721437447,10.097918510437012,341600
2001-01-18,10.097916052548053,10.109563014546378,9.946505546569824,9.946505546569824,14400
2001-01-19,9.701915124567543,9.725209038432052,9.550504684448242,9.550504684448242,446200
2001-01-22,9.806741223632239,9.946504756510608,9.736859457193054,9.911563873291016,181600
2001-01-23,9.946502639026177,10.028031349182129,9.876620887463933,10.028031349182129,114800
2001-01-24,10.016385607265818,10.051326487291163,9.946503847215126,10.039679527282715,785600
2001-01-25,10.086268780073581,10.295914089590122,9.993093086955119,10.196915626525879,11587400
2001-01-26,10.179443152341776,10.20273707259885,10.062973551056402,10.086267471313477,864000
2001-01-29,10.189693495500883,10.294050524013095,10.130061110886503,10.286596298217773,717400
2001-01-30,10.286595781237203,10.364863015532258,10.156149679871382,10.316411972045898,1441200
2001-01-31,10.417040833967766,10.670478074892303,10.417040833967766,10.648116111755371,235000
2001-02-01,10.622027890610852,10.633209228515625,10.502763129789454,10.633209228515625,87600
2001-02-02,10.636940438819503,10.663029526440226,10.405864342555056,10.431953430175781,277600
2001-02-05,10.49531208590912,10.49531208590912,10.34250397592752,10.372320175170898,44400
2001-02-06,10.428225952069516,10.525128781902545,10.383502006530762,10.383502006530762,38800
2001-02-07,10.443127490024553,10.46548944798077,10.342497612910838,10.40585708618164,192800
2001-02-08,10.305228801242063,10.305228801242063,10.059245093097324,10.100242614746094,423400
2001-02-09,10.249324156859211,10.249324156859211,9.898983422998219,9.969797134399414,3275600
2001-02-12,9.995886835279155,10.249324798583984,9.995886835279155,10.249324798583984,6844000
2001-02-13,10.301508659758518,10.454316802735443,10.22324138642252,10.38723087310791,57000
2001-02-14,10.428223033958398,10.428223033958398,10.27914207242245,10.286596298217773,187600
2001-02-15,10.338772693823046,10.349954030609121,10.234415683108276,10.282867431640625,29000
2001-02-16,10.17478487110033,10.331320055772986,10.152422904968262,10.152422904968262,18600
2001-02-20,10.323866716320284,10.43567725975372,10.238144541422278,10.286596298217773,149800
2001-02-21,10.204596034899287,10.204596034899287,9.824439954468023,9.843074798583984,263600
2001-02-22,9.809531315257539,9.86916366829036,9.630634256159073,9.690266609191895,71200
2001-02-23,9.734992065648663,9.861710293573337,9.582183348142703,9.850529670715332,189200
2001-02-26,10.025703912096393,10.152422904968262,9.951163788031469,10.152422904968262,181000
2001-02-27,10.100242614746094,10.18969117126473,9.995885610037382,10.100242614746094,187600
2001-02-28,10.122605470443665,10.122605470443665,9.839351327673455,9.887803077697754,159800
2001-03-01,9.884075169018463,9.884075169018463,9.634364346883133,9.727540016174316,255200
2001-03-02,9.563552528733407,9.820717625832176,9.559825415920487,9.802082061767578,487800
2001-03-05,9.746176338589631,9.876622437485953,9.697725296020508,9.697725296020508,8600
2001-03-06,9.95116359900124,9.988433304888693,9.850533687007346,9.943709373474121,229600
2001-03-07,10.036879740926388,10.189687728881836,10.036879740926388,10.189687728881836,152600
2001-03-08,10.197145458068013,10.361134123923675,10.197145458068013,10.353680610656738,542600
2001-03-09,10.193419532766512,10.275413875240536,10.171057568614328,10.249324798583984,119200
2001-03-12,10.062970957735374,10.130057544526757,9.83934923872204,9.869165420532227,529600
2001-03-13,9.816987686310574,9.83562253413536,9.612001516742419,9.824441909790039,484200
2001-03-14,9.559823514612518,9.69026959362456,9.51509959150058,9.6120023727417,362000
2001-03-15,9.649275227963745,9.723816072031015,9.559826641607524,9.720088958740234,84000
2001-03-16,9.680127412454263,9.680127412454263,9.478457750040667,9.523273468017578,134400
2001-03-19,9.560620163859173,9.695065898531283,9.485927535013348,9.6353120803833,242400
2001-03-20,9.71000402121597,9.941550584374186,9.657719612121582,9.657719612121582,269200
2001-03-21,9.5979642868042,9.732409990778676,9.52327167501274,9.5979642868042,381600
2001-03-22,9.381360197865376,9.381360197865376,9.034040629573317,9.299198150634766,494400
2001-03-23,9.231972926757841,9.403765678405762,9.097527199730836,9.403765678405762,240200
2001-03-26,9.601704212397573,9.635315837251401,9.523277562619958,9.568093299865723,193200
2001-03-27,9.56809184939824,9.777230262756348,9.545683628011325,9.777230262756348,154400
2001-03-28,9.579290923455437,9.65398353638343,9.508333012405998,9.616637229919434,372400
2001-03-29,9.523272074185885,9.71747230312646,9.523272074185885,9.710002899169922,331200
2001-03-30,9.680124742335735,9.743613243103027,9.616636241568445,9.743613243103027,45000
2001-04-02,9.65024773095217,9.799632227403766,9.646513029500696,9.747347831726074,123000
2001-04-03,9.803366871259183,9.803366871259183,9.40749777990787,9.418701171875,428200
2001-04-04,9.523270719818715,9.594228622671295,9.429905320604805,9.519536018371582,178400
2001-04-05,9.710001979807428,9.747348283732526,9.635309371957232,9.732409477233887,87400
2001-04-06,9.635312403521104,9.739881944947852,9.519539466016944,9.702535629272461,277000
2001-04-09,9.65398556562268,9.739881589919879,9.579292936994516,9.61290454864502,128000
2001-04-10,9.706268197191653,9.825775811209986,9.702533495213384,9.710002899169922,204400
2001-04-11,9.739880969566105,9.739880969566105,9.485926903191261,9.601699829101562,386600
2001-04-12,9.493398005118303,9.541947720688118,9.336544036807073,9.437378883361816,412400
2001-04-16,9.635314181954156,9.668925801033682,9.482194900512695,9.482194900512695,50200
2001-04-17,9.50833501102993,9.635312052304789,9.50833501102993,9.61290454864502,252600
2001-04-18,9.687596541501627,10.311277598954636,9.676392434246189,10.202973365783691,315400
2001-04-19,10.139476148321815,10.244045589340082,10.11333396614751,10.232841491699219,39400
2001-04-20,10.180565158781002,10.202972659418927,10.072260933108097,10.12454605102539,21600
2001-04-23,10.128280416170428,10.188034224097676,10.005038098280284,10.05732250213623,193000
2001-04-24,9.807103026803468,9.904203141404084,9.807103026803468,9.881794929504395,12800
2001-04-25,9.874327915948914,9.963958641815232,9.836981602090859,9.889266014099121,255200
2001-04-26,9.963954035126093,10.180561700571385,9.963954035126093,10.135746002197266,26800
2001-04-27,10.255253182390968,10.38596485921455,10.232845690236486,10.378496170043945,189200
2001-04-30,10.393440119394425,10.419582327031,10.120813222153375,10.195505142211914,196400
2001-05-01,10.232849231106425,10.33741875121372,10.169360721098707,10.307541847229004,225000
2001-05-02,10.288869871180477,10.393439406879825,10.270197070526375,10.389704704284668,78000
2001-05-03,10.26646221213437,10.318746623029767,10.199238991085043,10.270196914672852,212200
2001-05-04,10.064796275606323,10.363565444946289,10.064796275606323,10.363565444946289,38400
2001-05-07,10.288869259216419,10.329950272998037,10.221646753466922,10.285135269165039,587400
2001-05-08,10.270200498932454,10.277669906616211,10.169365632167493,10.277669906616211,49000
2001-05-09,10.236585345955735,10.251524156170676,10.12081241607666,10.12081241607666,42400
2001-05-10,10.453191337486317,10.524149249346618,10.397172233310943,10.412110328674316,68600
2001-05-11,10.542819471041703,10.542819471041703,10.397169693303372,10.456923484802246,85400
2001-05-14,10.46066112962118,10.471865235800765,10.397172619246694,10.430784225463867,9000
2001-05-15,10.516679697944307,10.53161850541963,10.371029886667644,10.393437385559082,96400
2001-05-16,10.318743790944984,10.565229104582656,10.285132901966847,10.520413398742676,665200
2001-05-17,10.606310006957786,10.69594071147432,10.583902508909032,10.681002616882324,422200
2001-05-18,10.6511268927848,10.673534393310547,10.539087965512868,10.673534393310547,180400
2001-05-21,10.643657656523201,10.811715693923265,10.554026940683706,10.793042182922363,102400
2001-05-22,10.86773629129857,10.86773629129857,10.763166752331017,10.830389976501465,596600
2001-05-23,10.774370608576687,10.774370608576687,10.55029343735438,10.636189460754395,255200
2001-05-24,10.636191804024364,10.681007533070899,10.550295761700506,10.598845481872559,119800
2001-05-25,10.576434331421334,10.606311236390031,10.53161933012909,10.546557426452637,736600
2001-05-29,10.550292492452632,10.550292492452632,10.40090796245745,10.464396476745605,44200
2001-05-30,10.412109034576632,10.43451724331896,10.27392864227295,10.27392864227295,762800
2001-05-31,10.404635142999208,10.438246726989746,10.285127605397792,10.438246726989746,8000
2001-06-01,10.34488746063569,10.415844657633658,10.300071751507181,10.400906562805176,427000
2001-06-04,10.363564376623025,10.36729907989502,10.244056721206428,10.36729907989502,23000
2001-06-05,10.363560627408376,10.494272345353513,10.363560627408376,10.490537643432617,16800
2001-06-06,10.490540731333672,10.490540731333672,10.38223648071289,10.38223648071289,20200
2001-06-07,10.307541714458688,10.50921063567745,10.307541714458688,10.460660934448242,23200
2001-06-08,10.49427307217347,10.498007774353027,10.43825396412333,10.498007774353027,21000
2001-06-11,10.449459542416983,10.486805859696826,10.341156005859375,10.341156005859375,28000
2001-06-12,10.270193113924432,10.419577598571777,10.232846814682242,10.419577598571777,88800
2001-06-13,10.382233751030004,10.415845357053007,10.307541847229004,10.307541847229004,45800
2001-06-14,10.344884487353328,10.344884487353328,10.184295918254023,10.199234008789062,83200
2001-06-15,10.16143863296104,10.198865806215355,10.045415038350221,10.09781265258789,40800
2001-06-18,10.20261421148606,10.307410211515752,10.20261421148606,10.2063570022583,70000
2001-06-19,10.367288940028303,10.367288940028303,10.221323018671217,10.240036964416504,83400
2001-06-20,10.322375035473197,10.40845703473056,10.2849478620114,10.38974380493164,42000
2001-06-21,10.329857417617026,10.662957659275246,10.329857417617026,10.576875686645508,145600
2001-06-22,10.565650669139908,10.565650669139908,10.41968547682603,10.47208309173584,52400
2001-06-25,10.46459442691497,10.46459442691497,10.225061727864801,10.337343215942383,56800
2001-06-26,10.172664229494014,10.266231780223189,10.131494278736774,10.19886302947998,375600
2001-06-27,10.19886424495757,10.292431806837914,10.124009909907757,10.150209426879883,65400
2001-06-28,10.26249096085967,10.434654944567521,10.26249096085967,10.311145782470703,32000
2001-06-29,10.367285530808013,10.46459516122766,10.296173988088608,10.356057167053223,110800
2001-07-02,10.344829851311076,10.460854146940017,10.344829851311076,10.457111358642578,66000
2001-07-03,10.348573575535406,10.44214114984199,10.348573575535406,10.438398361206055,67200
2001-07-05,10.292431124606837,10.348571515241023,10.225062370300293,10.225062370300293,69000
2001-07-06,10.202608162852432,10.217578603201796,9.955589829244577,9.981788635253906,180000
2001-07-09,9.96681665876016,10.094068603618894,9.96681665876016,10.052899360656738,145200
2001-07-10,10.142720683170104,10.165176691126808,10.007983207702637,10.007983207702637,101000
2001-07-11,10.049151203298731,10.191373511284455,9.985525264863766,10.116519927978516,334200
2001-07-12,10.292433822106062,10.606820948690421,10.292433822106062,10.554423332214355,25800
2001-07-13,10.509506801364124,10.749039492128157,10.449623628673116,10.726583480834961,59200
2001-07-16,10.737809911923264,10.823891867949417,10.700382757257755,10.756523132324219,94600
2001-07-17,10.715356926033717,10.816410064697266,10.689158122794392,10.816410064697266,18000
2001-07-18,10.760270432620569,10.823896408081055,10.704130034005763,10.823896408081055,587600
2001-07-19,10.891266634673412,10.98483421621895,10.816412283891385,10.898752212524414,297200
2001-07-20,10.87629068027615,10.981086582361508,10.87629068027615,10.909975051879883,70600
2001-07-23,10.8987503094334,10.924949113473193,10.70787239074707,10.70787239074707,40800
2001-07-24,10.704131317763101,10.704131317763101,10.487054560251424,10.554423332214355,96400
2001-07-25,10.464598121647672,10.760272026062012,10.423428870627653,10.760272026062012,90600
2001-07-26,10.722843145013716,10.80144027330619,10.606819560629852,10.771498680114746,59600
2001-07-27,10.760272260053888,10.816412668203103,10.685417906612253,10.741559028625488,113200
2001-07-30,10.81640872702578,10.81640872702578,10.692899588554948,10.812665939331055,59200
2001-07-31,10.78272568514275,10.947404794757736,10.78272568514275,10.816410064697266,78600
2001-08-01,10.778982939763065,10.921206034860754,10.752784136419768,10.805182456970215,52800
2001-08-02,10.891264906012697,10.89875048267559,10.797697339318196,10.872550964355469,175200
2001-08-03,10.797694590551043,10.801437377929688,10.760267430628291,10.801437377929688,21200
2001-08-06,10.778981190290068,10.778981190290068,10.606817245483398,10.606817245483398,20600
2001-08-07,10.666700308143952,10.75278227965431,10.606817135452944,10.726583480834961,108600
2001-08-08,10.737812330754279,10.827637093867533,10.546934441439706,10.591846466064453,12400
2001-08-09,10.591849793203554,10.606820948690421,10.44962738539824,10.554423332214355,543200
2001-08-10,10.371033245023256,10.56191124947858,10.363548378979978,10.546940803527832,86200
2001-08-13,10.479569325343556,10.479569325343556,10.326118545903002,10.42717170715332,32600
2001-08-14,10.442140205452828,10.51699454367383,10.438397417155391,10.457111358642578,321600
2001-08-15,10.47957036869943,10.539453570840017,10.367289543151855,10.367289543151855,31200
2001-08-16,10.363546436309246,10.44588565826416,10.296177657498838,10.44588565826416,824600
2001-08-17,10.367287270915826,10.367287270915826,10.165180972589665,10.172666549682617,1094400
2001-08-20,10.311143916731584,10.311143916731584,10.202605927916775,10.29991626739502,70400
2001-08-21,10.292431311643284,10.292431311643284,10.011728639507558,10.04541301727295,625600
2001-08-22,10.052898179259278,10.1389801571758,9.974301063088355,10.071611404418945,339600
2001-08-23,10.049158134221432,10.079099730967279,9.981789363077283,10.019216537475586,143200
2001-08-24,10.030443221243457,10.266233897472809,10.030443221243457,10.21009349822998,46800
2001-08-27,10.19886302947998,10.255003417144733,10.142722641815228,10.19886302947998,46600
2001-08-28,10.105294995955884,10.112780570983887,10.011727449697034,10.112780570983887,130400
2001-08-29,10.03044006313396,10.101551593845983,9.925644874572754,9.925644874572754,58800
2001-08-30,9.974304321025087,10.00050313035153,9.70857272486944,9.723543167114258,178600
2001-08-31,9.787168815255768,9.940619590758187,9.768455584629226,9.869508743286133,116400
2001-09-04,9.89570290675558,10.168919943295846,9.89570290675558,9.92190170288086,162000
2001-09-05,9.903188150855053,9.936872522567922,9.738509793440675,9.925644874572754,356200
2001-09-06,9.88073516551215,9.88073516551215,9.5663480758667,9.5663480758667,348200
2001-09-07,9.356755363672852,9.469036142491413,9.13593587998107,9.21827507019043,1081800
2001-09-10,9.057339762280595,9.244474875436278,9.023655384803467,9.139678955078125,439600
2001-09-17,8.327512001873076,8.552074266044654,8.233944451290233,8.290084838867188,1586800
2001-09-18,8.2900895633919,8.55207913987731,8.252662379056247,8.3387451171875,168800
2001-09-19,8.432308859334647,8.462250450317931,7.953242689738254,8.147863388061523,170400
2001-09-20,8.009383662948434,8.076752425999825,7.867161273956299,7.867161273956299,166000
2001-09-21,7.549204022717483,8.014694374591238,7.507910287015658,7.902075290679932,285800
2001-09-24,8.127309876364453,8.416364492320731,8.127309876364453,8.337531089782715,624200
2001-09-25,8.405102012726598,8.536490533983384,8.322515289998538,8.360054969787598,564200
2001-09-26,8.547755549515374,8.547755549515374,8.318764069606884,8.386335372924805,102600
2001-09-27,8.408858299255371,8.420120421004416,8.19488299809373,8.408858299255371,208200
2001-09-28,8.55150768600238,8.69415762656516,8.495197801770571,8.622832298278809,361600
2001-10-01,8.634091590961413,8.649107746108603,8.435131831319248,8.61532211303711,193400
2001-10-02,8.727942036734612,8.855576515197754,8.656616718532312,8.855576515197754,148200
2001-10-03,8.878099725947052,9.215955391719051,8.86683832389419,9.167154312133789,159800
2001-10-04,9.215954475675115,9.215954475675115,8.97194766998291,8.97194766998291,45000
2001-10-05,9.047026634216309,9.047026634216309,8.855574950352517,9.047026634216309,230800
2001-10-08,8.885605446205117,8.979454257121517,8.863081932067871,8.863081932067871,223000
2001-10-09,8.821794828849153,8.878104014341908,8.791763215519008,8.870595932006836,56600
2001-10-10,8.915635708975651,9.238475799560547,8.915635708975651,9.238475799560547,139200
2001-10-11,9.384880056679794,9.54630010821621,9.384880056679794,9.535037994384766,274000
2001-10-12,9.422424940514533,9.422424940514533,9.140878382825912,9.32857608795166,91200
2001-10-15,9.204689047343274,9.347338886160895,9.197180972666185,9.302291870117188,37800
2001-10-16,9.46371350022936,9.46371350022936,9.276015883333011,9.396142959594727,38600
2001-10-17,9.516270898223564,9.516270898223564,9.159645080566406,9.159645080566406,36600
2001-10-18,9.159645080566406,9.197184753373955,9.084566450961013,9.159645080566406,33600
2001-10-19,9.11084442017533,9.11084442017533,9.032011032104492,9.032011032104492,51800
2001-10-22,9.253492566810923,9.253492566810923,9.110842689976653,9.234723091125488,9000
2001-10-23,9.291033936955666,9.456208074095379,9.253494262695312,9.253494262695312,42600
2001-10-24,9.291038937882586,9.347348121576822,9.215959548950195,9.215959548950195,20800
2001-10-25,9.137117807268302,9.302291870117188,9.084562716547508,9.302291870117188,43000
2001-10-26,9.272267834391638,9.42242587010442,9.253497632421295,9.39990234375,21200
2001-10-29,9.29854540263829,9.29854540263829,9.073307991027832,9.073307991027832,24800
2001-10-30,8.971948637848566,9.009488315699274,8.82179064245554,8.900623321533203,682000
2001-10-31,8.971948789234984,9.155892426196406,8.971948789234984,9.077059745788574,730000
2001-11-01,9.039522584360718,9.283529488436569,9.039522584360718,9.245989799499512,338600
2001-11-02,9.309804523166385,9.444947080170387,9.309804523166385,9.384883880615234,70200
2001-11-05,9.516271367952312,9.647659871259295,9.497501172617177,9.606366157531738,201200
2001-11-06,9.553811745283358,9.760278897087051,9.5350415485677,9.722739219665527,84600
2001-11-07,9.72274077395835,9.782803981030671,9.62889192340661,9.655169486999512,54600
2001-11-08,9.816588456853433,9.91794537523556,9.703970135990952,9.73775577545166,284200
2001-11-09,9.666431208290609,9.756526015184559,9.666431208290609,9.685200691223145,24800
2001-11-12,9.62889264752097,9.74151170625821,9.49750410366584,9.718987464904785,240200
2001-11-13,9.797818851110081,9.981762488057678,9.797818851110081,9.96674633026123,211800
2001-11-14,10.191986083984375,10.195740124317059,10.075613697711082,10.191986083984375,232800
2001-11-15,10.229525771301239,10.323374631588406,10.139430951346755,10.191986083984375,177000
2001-11-16,10.323374528748147,10.323374528748147,10.079367637634277,10.079367637634277,249400
2001-11-19,10.143178355816717,10.41346263885498,10.143178355816717,10.41346263885498,510800
2001-11-20,10.267065779872548,10.315866873704458,10.229526091381075,10.285835266113281,244200
2001-11-21,10.139427531333327,10.214506164633164,10.10188785667854,10.188228607177734,48000
2001-11-23,10.210750950710077,10.360908905512659,10.158195129521967,10.30459976196289,205000
2001-11-26,10.39845484804505,10.39845484804505,10.270820330440856,10.387192726135254,1647000
2001-11-27,10.285831296179362,10.300847452184296,10.173212990181268,10.199490547180176,1774800
2001-11-28,10.098137648749496,10.248295688327442,10.064352000343206,10.135677337646484,43800
2001-11-29,10.139425659025392,10.20699691772461,10.079362477072666,10.20699691772461,33000
2001-11-30,10.30460546836402,10.398454331587699,10.229526091381075,10.285835266113281,77400
2001-12-03,10.191986512986963,10.304605579677931,10.135677337646484,10.135677337646484,45000
2001-12-04,10.19198318249392,10.36091136932373,10.154443505863988,10.36091136932373,212200
2001-12-05,10.398452978352733,10.717538498980055,10.345897134900186,10.668737411499023,1249200
2001-12-06,10.661223235624751,10.676239386885124,10.548604965209961,10.548604965209961,1002600
2001-12-07,10.511073478314444,10.6199385115961,10.511073478314444,10.552367210388184,912800
2001-12-10,10.496049324114294,10.567374611752959,10.38343105185073,10.41346263885498,36000
2001-12-11,10.360912303114082,10.360912303114082,10.229523781072649,10.342142105102539,957600
2001-12-12,10.36091136932373,10.375926810369837,10.263308496489815,10.36091136932373,59800
2001-12-13,10.191981528359493,10.304600539971494,10.191981528359493,10.244537353515625,2265400
2001-12-14,10.229522678208657,10.383434705260555,10.210753198230528,10.327125549316406,143200
2001-12-17,10.323370700038113,10.469774637206456,10.304601221532836,10.439743041992188,256200
2001-12-18,10.623683573483321,10.623683573483321,10.454756167861134,10.548604965209961,268400
2001-12-19,10.473535049845767,10.60116958618164,10.435995353980482,10.60116958618164,411000
2001-12-20,10.623687594301387,10.66122727065071,10.537346839904785,10.537346839904785,2120600
2001-12-21,10.62532021201213,10.696757455411452,10.58396169470725,10.689237594604492,26200
2001-12-24,10.715567845351936,10.771965427426954,10.681729152680091,10.726847648620605,32800
2001-12-26,10.734362478878865,10.884756926711812,10.734362478878865,10.82835865020752,237200
2001-12-27,10.809559012129693,10.90355517745256,10.79076006591865,10.839637756347656,35200
2001-12-28,10.884756635880992,10.941154193744518,10.847158024927355,10.918595314025879,35400
2001-12-31,10.865957505297896,10.95995367872977,10.753162384033203,10.753162384033203,61200
2002-01-02,10.847156229494242,10.847156229494242,10.621565318246333,10.786998748779297,2402600
2002-01-03,10.80955994466555,10.847158557465077,10.719323704227017,10.753162384033203,166800
2002-01-04,10.903553704823,10.997549857450785,10.86595510034514,10.929872512817383,105600
2002-01-07,11.023875694289503,11.072754126415823,10.865962028503418,10.865962028503418,88800
2002-01-08,10.903553009033203,11.016348098135243,10.884754066560758,10.903553009033203,75200
2002-01-09,10.903556118097423,10.97875334369648,10.753162384033203,10.753162384033203,1712400
2002-01-10,10.790760755383157,10.865957262165757,10.753162143424921,10.82835865020752,709800
2002-01-11,10.734362294246736,10.805799584025271,10.606527446067828,10.625327110290527,55400
2002-01-14,10.565171126866653,10.640367643087627,10.546371459960938,10.546371459960938,1125000
2002-01-15,10.5275745321996,10.640369686762382,10.5275745321996,10.61405086517334,90800
2002-01-16,10.546369791568386,10.565169455500074,10.433574676513672,10.433574676513672,97000
2002-01-17,10.471171417832469,10.565167569308283,10.395974209798329,10.557647705078125,99800
2002-01-18,10.520048953014339,10.57644649967941,10.48997021365072,10.527568817138672,733400
2002-01-22,10.65916468615448,10.726842036087808,10.58396747130994,10.595247268676758,63800
2002-01-23,10.621567194916317,10.824599266052246,10.621567194916317,10.824599266052246,44000
2002-01-24,10.790760755383157,10.880996993802603,10.790760755383157,10.82835865020752,8100600
2002-01-25,10.790768682662467,10.828366605107588,10.696772442280858,10.715571403503418,61600
2002-01-28,10.80956497186776,10.903561189014436,10.80956497186776,10.899801254272461,75400
2002-01-29,10.959958730291147,10.997557360420283,10.670450210571289,10.670450210571289,52000
2002-01-30,10.640364446703336,10.978751178014617,10.640364446703336,10.941152572631836,333400
2002-01-31,10.974990748316248,11.106585502624512,10.941152076718874,11.106585502624512,413600
2002-02-01,11.072745851631856,11.091544793241516,10.941151108963275,10.993788719177246,1064000
2002-02-04,10.997554107334304,11.03139279272759,10.809561729431152,10.809561729431152,1677000
2002-02-05,10.828360420674473,10.903557656885903,10.768202918558925,10.7982816696167,3022000
2002-02-06,10.790761552612713,10.82084030097477,10.67796570840456,10.711804389953613,128400
2002-02-07,10.696766883683537,10.850920580432332,10.58397102355957,10.58397102355957,1919800
2002-02-08,10.625328485490344,10.730604467361385,10.583969935981372,10.677966117858887,31200
2002-02-11,10.753160153870542,10.997550010681152,10.753160153870542,10.997550010681152,1770200
2002-02-12,10.959950553584223,10.9975491556628,10.865954406954627,10.903553009033203,1445000
2002-02-13,11.08403218450484,11.129150677886257,11.016354802999775,11.06523323059082,86200
2002-02-14,11.091545774299583,11.166742981656796,11.01634856694237,11.106585502624512,550800
2002-02-15,11.129151654184087,11.129151654184087,10.959958185579035,10.978757858276367,1214400
2002-02-19,10.94115308938812,11.050188261300848,10.839637065200082,10.850916862487793,482800
2002-02-20,10.941158270209577,11.072753099010077,10.862201086075627,11.06523323059082,317000
2002-02-21,11.053952363918771,11.185547180052078,10.959956169128418,10.959956169128418,1492400
2002-02-22,10.869722453139119,10.974998474121094,10.753167345107297,10.974998474121094,34200
2002-02-25,11.053953273567654,11.166749146878677,11.053953273567654,11.159229278564453,56000
2002-02-26,11.241944303136915,11.350980228949993,11.110349492275418,11.279542922973633,412000
2002-02-27,11.37353827523212,11.37353827523212,11.16674695708149,11.260743141174316,796600
2002-02-28,11.238186556971218,11.298344073566115,11.114111589352474,11.166749954223633,752800
2002-03-01,11.166747924648739,11.279543068479924,11.166747924648739,11.27202320098877,433200
2002-03-04,11.298345624136859,11.448740153398221,11.24194803423098,11.4412202835083,318600
2002-03-05,11.35473528291611,11.35473528291611,11.038908159429765,11.106585502624512,502400
2002-03-06,11.07275077298866,11.272022224299713,11.07275077298866,11.260743141174316,227000
2002-03-07,11.414897793865702,11.414897793865702,11.245704361294953,11.347220420837402,1053200
2002-03-08,11.48632930260905,11.50136903091109,11.335935605257234,11.4111328125,472600
2002-03-11,11.335934930954181,11.42617114399769,11.245698717910672,11.35849380493164,1034600
2002-03-12,11.283303516170822,11.44497708892458,11.241944960219655,11.381059646606445,609000
2002-03-13,11.373538138887566,11.3960970220019,11.279541955921554,11.35473918914795,1204600
2002-03-14,11.392337088627183,11.437455571989814,11.332179588899653,11.35473918914795,152200
2002-03-15,11.425510802658552,11.538448017839523,11.402923503229818,11.500802040100098,116600
2002-03-18,11.576098273331427,11.576098273331427,11.369046396308006,11.504570960998535,59600
2002-03-19,11.557273428794618,11.602448035716119,11.470687449126455,11.553508758544922,574000
2002-03-20,11.481978378515304,11.57232828614899,11.45186174263741,11.508330345153809,173600
2002-03-21,11.500805662335333,11.500805662335333,11.256107807016235,11.365281105041504,372400
2002-03-22,11.237284086384747,11.406689946156902,11.203402770822823,11.312575340270996,499400
2002-03-25,11.312577862354189,11.346459185469786,11.105525970458984,11.105525970458984,1123800
2002-03-26,11.143169140248322,11.338927686842618,11.143169140248322,11.25610637664795,766800
2002-03-27,11.23728341003259,11.353985313256546,11.210931436856608,11.331398010253906,330200
2002-03-28,11.293750601602122,11.3690425594944,11.274927971147715,11.308809280395508,493400
2002-04-01,11.04905362345124,11.143168218679891,10.954939028222586,11.097992897033691,108600
2002-04-02,11.030230743099823,11.030230743099823,10.879647527931676,10.898470878601074,583000
2002-04-03,10.936116563018787,11.03776050641707,10.510718874109678,10.81564998626709,208800
2002-04-04,10.823173525425343,11.015167298475594,10.823173525425343,10.96246337890625,534800
2002-04-05,11.049051006542761,11.124342234070932,11.003875695596092,11.030227661132812,382800
2002-04-08,10.93988048960984,11.20716631689048,10.93988048960984,11.19587230682373,476400
2002-04-09,11.207169265499717,11.308813228730854,11.207169265499717,11.274931907653809,2571000
2002-04-10,11.34269073650834,11.455628681958496,11.32763277460408,11.406688690185547,2166800
2002-04-11,11.481983034057295,11.49704171712063,11.2335205078125,11.2335205078125,63600
2002-04-12,11.293751100092267,11.474450945364778,11.293751100092267,11.463157653808594,120800
2002-04-15,11.463154931850509,11.463154931850509,11.244809157817032,11.289983749389648,270800
2002-04-16,11.331396217490488,11.45562744140625,11.331396217490488,11.45562744140625,60600
2002-04-17,11.481980178646118,11.481980178646118,11.297515665219237,11.338926315307617,42400
2002-04-18,11.323868923423113,11.365279578219555,11.135639718766454,11.263635635375977,1417600
2002-04-19,11.327634021870722,11.34645665583292,11.286223365508937,11.312575340270996,114200
2002-04-22,11.331394579520301,11.331394579520301,11.161988063197091,11.203398704528809,90000
2002-04-23,11.150698607096674,11.301281830013966,11.150698607096674,11.222225189208984,88200
2002-04-24,11.263629914003012,11.3238631714546,11.09798809699261,11.124340057373047,106600
2002-04-25,11.06034915372979,11.158228438740897,11.041526518089684,11.154463768005371,697200
2002-04-26,11.229751421090114,11.267397395907123,11.064109562717622,11.086697578430176,249200
2002-04-29,11.056582942929824,11.135638858117597,10.966232299804688,10.966232299804688,2029600
2002-04-30,10.936119644838918,11.026470320901126,10.936119644838918,10.992588996887207,349000
2002-05-01,11.011404796345063,11.094225360251533,10.804353027560289,11.052815437316895,199600
2002-05-02,11.124347120158687,11.177051792418528,11.097995143047527,11.154463768005371,256200
2002-05-03,11.143168514011327,11.143168514011327,10.985055961115181,11.003878593444824,175400
2002-05-06,10.992585778632368,11.120581694537073,10.804356575012207,10.804356575012207,119600
2002-05-07,10.928582082601084,11.007637961955103,10.88340678151518,10.96246337890625,357400
2002-05-08,11.131869394063763,11.150692735790551,11.0189322158513,11.124340057373047,37000
2002-05-09,11.030231093179097,11.041525103939186,10.913529187474554,10.954939842224121,699800
2002-05-10,10.992591217659337,11.01141386011964,10.774245262145996,10.774245262145996,1064000
2002-05-13,10.853299437801063,10.936120056263277,10.853299437801063,10.890945434570312,20200
2002-05-14,11.210936030754613,11.278697967529297,11.161996016484458,11.278697967529297,518800
2002-05-15,11.252343629439778,11.365281603178458,11.210933685302734,11.210933685302734,811200
2002-05-16,11.293750762939453,11.35398404289881,11.256104783455521,11.293750762939453,264400
2002-05-17,11.369039579983852,11.41421416845035,11.33139361090368,11.387862205505371,415000
2002-05-20,11.433040066980281,11.44809802715511,11.331396143160324,11.350218772888184,941000
2002-05-21,11.350223549788907,11.350223549788907,11.067879676818848,11.067879676818848,325800
2002-05-22,10.992577527665143,11.05657543758102,10.93234428516042,11.018929481506348,653600
2002-05-23,11.086694809993604,11.128104725718405,11.007638210815228,11.124340057373047,110600
2002-05-24,11.161995841787842,11.214700526949105,11.033999877598303,11.037764549255371,43800
2002-05-28,10.992588499774305,11.011411137580769,10.789300564883995,10.864592552185059,1580800
2002-05-29,10.872112821099945,10.924817458921412,10.841996192932129,10.841996192932129,53000
2002-05-30,10.789296352692965,10.819412992248195,10.691417094629136,10.747885704040527,241800
2002-05-31,10.841999727754983,11.026464943215826,10.826941767780248,10.936114311218262,415800
2002-06-03,10.917296778516564,10.932355463558784,10.646246910095215,10.646246910095215,77200
2002-06-04,10.646247099108326,10.646247099108326,10.446723826982321,10.586013793945312,1436200
2002-06-05,10.653772637686137,10.815649867685464,10.653772637686137,10.804356575012207,290800
2002-06-06,10.766708335335625,10.766708335335625,10.593537130900474,10.634947776794434,979600
2002-06-07,10.5446029401731,10.721538181193445,10.5446029401731,10.646246910095215,2689400
2002-06-10,10.71024200965362,10.90223516612668,10.71024200965362,10.823179244995117,1219200
2002-06-11,10.95493947958474,11.060347371039892,10.76671028137207,10.76671028137207,1136400
2002-06-12,10.770470441470376,10.8570556640625,10.69894317505044,10.8570556640625,213000
2002-06-13,10.747886960392998,10.78929761388605,10.601068415153863,10.608597755432129,914000
2002-06-14,10.503190346570202,10.540836334228516,10.31496112631612,10.540836334228516,4805800
2002-06-17,10.574713530405646,10.826940615976012,10.574713530405646,10.819411277770996,1251800
2002-06-18,10.729063386621704,10.81188396830569,10.729063386621704,10.785531997680664,247400
2002-06-19,10.729067200242921,10.830711167100562,10.714008515654706,10.740361213684082,885200
2002-06-20,10.691413571497806,10.710236913790316,10.58224105834961,10.58224105834961,285600
2002-06-21,10.465708564112498,10.567537252513636,10.412908823167843,10.416680335998535,1067200
2002-06-24,10.484564917045779,10.605251163938448,10.224337018019126,10.52982234954834,999600
2002-06-25,10.55999295705457,10.673135451000325,10.352564811706543,10.352564811706543,73000
2002-06-26,10.152677717577712,10.329934461353616,10.073477406125605,10.258277893066406,2870000
2002-06-27,10.33370792025634,10.337479432878213,10.03953712917504,10.318622589111328,311000
2002-06-28,10.333708505044706,10.499651473085496,10.333708505044706,10.360108375549316,1016000
2002-07-01,10.360106446240824,10.420449201683336,10.047078132629395,10.047078132629395,62000
2002-07-02,9.99428298213772,10.031997401410557,9.798168577393144,9.907540321350098,212600
2002-07-03,9.82456619006319,10.06970949914837,9.73782354927377,10.0357666015625,177600
2002-07-05,10.163992763915436,10.431763648986816,10.163992763915436,10.431763648986816,54600
2002-07-08,10.465712822241755,10.465712822241755,10.269598391308824,10.288455963134766,26400
2002-07-09,10.295993707763492,10.345022653431004,10.03576580602359,10.054622650146484,63400
2002-07-10,10.058399234165943,10.11497051439969,9.70011326044745,9.726513862609863,146400
2002-07-11,9.692566613064516,9.737823329261463,9.436109490140034,9.718966484069824,221800
2002-07-12,9.635996242298017,9.70388204723262,9.477596270564831,9.594511032104492,1023800
2002-07-15,9.353133543268516,9.447419166564941,9.12684862283087,9.447419166564941,250800
2002-07-16,9.485138394050582,9.485138394050582,9.183424533464146,9.190967559814453,265000
2002-07-17,9.42856180639766,9.454961664360825,8.983533574040942,9.14193344116211,99600
2002-07-18,9.164569435535725,9.213598400673257,8.983541070434331,8.991084098815918,48000
2002-07-19,8.78742358651523,8.862852405361702,8.553595542907715,8.553595542907715,129400
2002-07-22,8.636572095787072,8.708229446789769,8.25942920322569,8.414057731628418,246200
2002-07-23,8.429139094602615,8.55736766415224,8.251881573514414,8.278282165527344,249200
2002-07-24,7.995427263408482,8.764798164367676,7.995427263408482,8.764798164367676,201000
2002-07-25,8.730851932821933,8.821366079693304,8.308452580755532,8.621480941772461,105600
2002-07-26,8.576224107881792,8.753480901305254,8.564909568978894,8.723309516906738,204000
2002-07-29,8.900567150160494,9.236223896055616,8.881709585067053,9.20228099822998,285000
2002-07-30,9.107992211986467,9.30033499402125,9.006163553378233,9.1683349609375,131800
2002-07-31,9.107995155490995,9.14570956560944,8.949595208467564,9.12308120727539,168000
2002-08-01,9.107996471950148,9.107996471950148,8.832682461174263,8.84399700164795,90200
2002-08-02,8.674283152672832,8.700683029781787,8.38011155201012,8.45176887512207,56600
2002-08-05,8.504571432755819,8.504571432755819,8.255657196044922,8.255657196044922,53800
2002-08-06,8.3914198889913,8.659190695220937,8.3914198889913,8.500791549682617,83000
2002-08-07,8.693137525123237,8.693137525123237,8.44799495409546,8.621480941772461,639600
2002-08-08,8.598855138365073,8.734626770019531,8.414055261581378,8.734626770019531,230000
2002-08-09,8.579998549594674,8.776112974799108,8.579998549594674,8.768569946289062,74200
2002-08-12,8.523425131184071,8.651653706239767,8.523425131184071,8.644110679626465,94200
2002-08-13,8.598854596026593,8.825140394731024,8.54605484008789,8.54605484008789,476600
2002-08-14,8.546051370797386,9.013708114624023,8.534736833685376,9.013708114624023,476800
2002-08-15,9.14570886790652,9.383308410644531,9.111765973323593,9.383308410644531,132000
2002-08-16,9.315418031236744,9.402160614910636,9.175875019783113,9.371989250183105,71800
2002-08-19,9.315428022851044,9.590742111206055,9.315428022851044,9.590742111206055,58800
2002-08-20,9.519079477839547,9.602050593841215,9.436108361837878,9.52285099029541,60800
2002-08-21,9.692566063958417,9.730279752205128,9.522851589478242,9.681251525878906,323800
2002-08-22,9.692565858336888,9.835879740924561,9.635993888481972,9.828336715698242,77400
2002-08-23,9.692566708857012,9.692566708857012,9.503995377706817,9.556795120239258,68200
2002-08-26,9.541704088786478,9.613361358642578,9.379533432879548,9.613361358642578,90800
2002-08-27,9.635990388941082,9.635990388941082,9.40593395782868,9.417247772216797,131200
2002-08-28,9.353137115245577,9.39085152283578,9.277709019407665,9.307880401611328,109400
2002-08-29,9.23999532083197,9.409709808339372,9.190967090742358,9.394623756408691,165600
2002-08-30,9.3154196820894,9.488904880181748,9.3154196820894,9.398390769958496,99400
2002-09-03,9.20982479558784,9.277710596924532,9.04011029224611,9.062739372253418,116600
2002-09-04,9.032567237778979,9.247538444668468,9.013709672666051,9.232452392578125,146800
2002-09-05,8.975996004243969,9.16456735491584,8.926967769580035,9.062739372253418,94800
2002-09-06,9.270166540177913,9.428566485914985,9.247538182027625,9.345595359802246,224400
2002-09-09,9.258854169792016,9.485139962317072,9.236225806342322,9.470054626464844,23800
2002-09-10,9.44742247308487,9.609593917008146,9.44742247308487,9.586965560913086,213600
2002-09-11,9.76799897918609,9.76799897918609,9.57942756754411,9.590742111206055,74800
2002-09-12,9.492675267588353,9.492675267588353,9.322960881422162,9.353132247924805,46400
2002-09-13,9.296562313159104,9.48890507100488,9.243762594302616,9.447419166564941,176200
2002-09-16,9.466278616000265,9.534164393444993,9.405935862569923,9.473821640014648,226600
2002-09-17,9.635994118141566,9.635994118141566,9.258851479946712,9.368223190307617,130000
2002-09-18,9.239996370899306,9.379539489746094,9.164567541358995,9.379539489746094,126400
2002-09-19,9.258854157084594,9.315426144645244,9.043882906250776,9.05142593383789,843600
2002-09-20,9.100513379974101,9.18736457824707,9.062751770216307,9.18736457824707,41000
2002-09-23,9.062754603127438,9.062754603127438,8.836185594000646,8.90038013458252,88800
2002-09-24,8.74178661980726,8.83241412833811,8.707801214077762,8.76066780090332,243200
2002-09-25,8.91170668580298,9.002334123527273,8.707794410741183,8.93436336517334,40800
2002-09-26,8.968348963805088,9.198694157142642,8.968348963805088,9.149603843688965,327800
2002-09-27,9.119394312914203,9.176036370461677,8.873944916713254,8.881497383117676,130800
2002-09-30,8.609615491792608,8.64737710856001,8.443465530404735,8.560525894165039,267200
2002-10-01,8.552969677683954,8.798418998718262,8.394371532974574,8.798418998718262,167000
2002-10-02,8.741779246388623,8.873944521610099,8.602062225341797,8.602062225341797,35400
2002-10-03,8.590735043530374,8.711571640991712,8.511436296537472,8.560525894165039,81600
2002-10-04,8.586955037610341,8.61338794166276,8.265982516453922,8.451013565063477,113200
2002-10-07,8.477453818088799,8.477453818088799,8.088510256534382,8.122495651245117,233400
2002-10-08,8.250880245528117,8.409478427318215,8.065849153480135,8.364164352416992,375600
2002-10-09,8.080956065639672,8.198016444579258,8.024313993265228,8.0620756149292,87600
2002-10-10,7.911031109552744,8.269764771935867,7.805298696088243,8.205570220947266,184600
2002-10-11,8.458568251018088,8.722898801461042,8.420806640920121,8.602062225341797,117800
2002-10-14,8.590729041261534,8.768207579749772,8.590729041261534,8.670027732849121,229600
2002-10-15,9.024989292326776,9.138274110703067,8.994780151474979,9.100512504577637,1993400
2002-10-16,9.100510466575766,9.119390905288961,8.873941600804583,8.938136100769043,192400
2002-10-17,9.176035797535741,9.176035797535741,9.0363187789917,9.0363187789917,828600
2002-10-18,8.930586417933549,9.183588264778273,8.930586417933549,9.160931587219238,88000
2002-10-21,9.062749157036478,9.372392971329743,9.036316253900605,9.364840507507324,66200
2002-10-22,9.266666878059358,9.440369327977493,9.198696103659037,9.311980247497559,177400
2002-10-23,9.327078145164082,9.455467128751204,9.232674523128988,9.417705535888672,233600
2002-10-24,9.497009457667126,9.55365151800254,9.296874129799132,9.300649642944336,130600
2002-10-25,9.300647910310111,9.500783921137286,9.296872397868256,9.489455223083496,62800
2002-10-28,9.553652569971861,9.591414187767759,9.327084303682373,9.338412284851074,2043400
2002-10-29,9.289316273869893,9.361063226133963,9.10050903545889,9.327077865600586,532600
2002-10-30,9.251561263455374,9.308203331223854,9.123172192383903,9.16471004486084,105000
2002-10-31,9.176036036647098,9.240230558263661,9.09296106994917,9.138275146484375,51000
2002-11-01,9.062753557581932,9.289322540570069,9.047648622602683,9.27421760559082,282400
2002-11-04,9.379948864227702,9.440367156409293,9.23267936706543,9.23267936706543,156000
2002-11-05,9.266660014923037,9.368615380769626,9.232674652893344,9.357287406921387,52200
2002-11-06,9.402603950114198,9.485679627965764,9.28931985153463,9.463022232055664,2162600
2002-11-07,9.289321425955315,9.39505307715167,9.179812821224395,9.23267936706543,35800
2002-11-08,9.176040523157498,9.3006533942537,9.08541304601873,9.111845970153809,309000
2002-11-11,9.006109795947792,9.066528084001485,8.919258596900956,8.964571952819824,98600
2002-11-12,8.987227686201345,9.168483251554866,8.960794777986363,9.100512504577637,55200
2002-11-13,9.0816323727347,9.176036038647714,8.945691583585075,9.126946449279785,38200
2002-11-14,9.251557060386656,9.383722305297852,9.232676619789046,9.383722305297852,82200
2002-11-15,9.334632889412575,10.188041993481743,9.319528679555773,9.459245681762695,389000
2002-11-18,9.485681800824148,9.485681800824148,9.270440811829953,9.304426193237305,20400
2002-11-19,9.244011311072367,9.244011311072367,9.081636811107552,9.111845970153809,34000
2002-11-20,9.11939760476328,9.236457995315988,9.06275552676959,9.198697090148926,38400
2002-11-21,9.30820052619376,9.4403657913208,9.270438918979925,9.4403657913208,126000
2002-11-22,9.4026108960536,9.54610496184922,9.364849261884054,9.466805458068848,1692000
2002-11-25,9.436588542234814,9.546097119336354,9.402603171426934,9.527215957641602,71200
2002-11-26,9.421485495108936,9.470575081084347,9.259111085721193,9.266663551330566,553200
2002-11-27,9.379952079890357,9.666939426260184,9.379952079890357,9.651834487915039,98800
2002-11-29,9.666935366209481,9.682039577967851,9.561203002929688,9.561203002929688,53400
2002-12-02,9.836861041823047,9.923712956036017,9.553650063034558,9.629173278808594,1775400
2002-12-03,9.534765539755707,9.534765539755707,9.289316273869893,9.327077865600586,510200
2002-12-04,9.20246511705902,9.37994366187808,9.145822369341754,9.327077865600586,157600
2002-12-05,9.206248022521802,9.311980420244078,9.179815103151991,9.262890815734863,31600
2002-12-06,9.081631434645102,9.26288700185978,9.081631434645102,9.251558303833008,76600
2002-12-09,9.138273039908515,9.138273039908515,8.94568951945362,8.94946575164795,262400
2002-12-10,9.006114273613495,9.111845970153809,8.896605621918837,9.111845970153809,100600
2002-12-11,8.987227686201345,9.11561671488217,8.987227686201345,9.100512504577637,97000
2002-12-12,9.081628940781469,9.12694300020234,8.9985540054595,9.043868064880371,64200
2002-12-13,8.94946814027178,9.017438177183045,8.855064470945043,8.881497383117676,113400
2002-12-16,8.892824031009136,9.100512504577637,8.855063145126437,9.100512504577637,1255400
2002-12-17,9.006109156853084,9.051422509556408,8.941914640321077,8.968347549438477,88600
2002-12-18,8.892828156513291,8.892828156513291,8.771991537048343,8.855067253112793,71200
2002-12-19,8.775764465332031,8.945691347589756,8.73422662294841,8.775764465332031,1729400
2002-12-20,8.856375720935493,8.898008488058881,8.807173950425907,8.886653900146484,627000
2002-12-23,8.837458482404031,8.867736683380372,8.739054148758614,8.761762619018555,846600
2002-12-24,8.704992143264322,8.757978820957863,8.689852679986544,8.716346740722656,246800
2002-12-26,8.799608352712562,8.894227797365385,8.773115023712023,8.81474781036377,240000
2002-12-27,8.723909831275796,8.73526442103001,8.572518910663868,8.610366821289062,70000
2002-12-30,8.644434137762628,8.731483869868354,8.538460080054001,8.693635940551758,2021200
2002-12-31,8.693636599107133,8.780687059696263,8.614156591221844,8.746623992919922,119800
2003-01-02,8.829891437178786,9.075901985168457,8.79961322699374,9.075901985168457,162200
2003-01-03,9.015341019046982,9.015341019046982,8.82610212033688,8.867734909057617,454600
2003-01-06,8.932073242033383,9.053185982092595,8.920718651944505,9.030477523803711,546800
2003-01-07,9.026696075142278,9.08346760328498,8.981278419494629,8.981278419494629,62000
2003-01-08,8.932078089140356,9.049406029506123,8.8904452914441,8.898015022277832,106200
2003-01-09,8.969925383479703,9.18944250882101,8.969925383479703,9.144024848937988,98800
2003-01-10,9.102387740150785,9.253779386749722,9.083464145270355,9.166728973388672,55400
2003-01-13,9.234856173655743,9.31812173361416,9.144021607973892,9.21214771270752,94800
2003-01-14,9.215935290300173,9.23107402809386,9.144024300584954,9.223505020141602,92000
2003-01-15,9.15916334448976,9.18944154059183,9.075897763792222,9.11374568939209,22200
2003-01-16,9.102389860007243,9.174300836700205,9.015340148262048,9.079681396484375,195200
2003-01-17,9.007769422387508,9.064541657742016,8.939644039362229,8.988845825195312,364200
2003-01-21,8.977494181496066,8.977494181496066,8.723913997657512,8.735268592834473,54800
2003-01-22,8.742834147532818,8.780682058158014,8.602797094786254,8.610366821289062,161000
2003-01-23,8.667136968832157,8.814743724963305,8.591441881326013,8.810958862304688,26200
2003-01-24,8.780685816682055,8.780685816682055,8.523320780533671,8.564952850341797,391600
2003-01-27,8.477903200753598,8.58387725244784,8.394638338494014,8.428701400756836,76600
2003-01-28,8.440051808023995,8.553595542907715,8.43248280320951,8.553595542907715,128200
2003-01-29,8.36435479629246,8.640643260862598,8.36435479629246,8.629288673400879,113600
2003-01-30,8.580094207983278,8.587663939400903,8.349222452970944,8.383285522460938,258400
2003-01-31,8.326511018822988,8.504395312526869,8.326511018822988,8.455193519592285,1405000
2003-02-03,8.458975544684897,8.576303412985343,8.455190681592777,8.485468864440918,61200
2003-02-04,8.318940577686156,8.345433904065889,8.250814468773127,8.311370849609375,502800
2003-02-05,8.269737407969965,8.466545973766452,8.250813090938255,8.288661003112793,252800
2003-02-06,8.307587218224977,8.356789009971063,8.205398048572667,8.258384704589844,101400
2003-02-07,8.402205377632296,8.402205377632296,8.144840421569878,8.194042205810547,66600
2003-02-10,8.19404342858814,8.250814948688154,8.08428525264665,8.19782829284668,438400
2003-02-11,8.212968715467621,8.353005100052265,8.156196466803932,8.228107452392578,60000
2003-02-12,8.175122142592762,8.20540034334021,8.114565741097866,8.159982681274414,86200
2003-02-13,8.099422813254169,8.110777404383203,7.936677283182698,8.057790756225586,104800
2003-02-14,8.042652743986284,8.25838496091096,8.023729143932531,8.231891632080078,69000
2003-02-18,8.34543394326179,8.47033156955928,8.34543394326179,8.458977699279785,87000
2003-02-19,8.409772513809846,8.44005069474056,8.288659790086994,8.341647148132324,66000
2003-02-20,8.402207902825028,8.402207902825028,8.224322865202788,8.262170791625977,56400
2003-02-21,8.353008535046804,8.409780085167439,8.258389044215935,8.38707160949707,155200
2003-02-24,8.402204763958428,8.402204763958428,8.152409553527832,8.152409553527832,73600
2003-02-25,8.042655286644655,8.32651370852623,8.001022487097448,8.318943977355957,197200
2003-02-26,8.288666303107933,8.303805766413877,8.1789080816972,8.205401420593262,168200
2003-02-27,8.231894234565706,8.349222180147754,8.197831166188772,8.318943977355957,153000
2003-02-28,8.353002854438591,8.443837417235834,8.349217990752589,8.417344093322754,98000
2003-03-03,8.477899842096596,8.481684705502937,8.27730713478265,8.288661003112793,96400
2003-03-04,8.326509582612292,8.326509582612292,8.057790756225586,8.057790756225586,102800
2003-03-05,8.072932944361657,8.159982681274414,8.01237654286676,8.159982681274414,177200
2003-03-06,8.054010961260893,8.201617129388733,8.046441229077569,8.065364837646484,125200
2003-03-07,7.948034094894258,8.205399123945476,7.948034094894258,8.186474800109863,127600
2003-03-10,8.12591679592517,8.163764714200525,7.993450164794923,7.993450164794922,202400
2003-03-11,8.042652342636682,8.103208726053648,7.925324440002441,7.925324440002441,2966000
2003-03-12,7.872338364376922,7.940464487454372,7.815566835775431,7.910186290740967,2699800
2003-03-13,8.10699269905876,8.35678793366623,8.07292964689511,8.330294609069824,553200
2003-03-14,8.394637660428753,8.458978914851544,8.318941812205782,8.34543514251709,575200
2003-03-17,8.330298182678508,8.780687059696263,8.326513317271218,8.746623992919922,2078400
2003-03-18,8.799612623790752,8.810967222540354,8.648221583243206,8.68985366821289,115200
2003-03-19,8.780682498466259,8.856377601623535,8.655784892462309,8.856377601623535,275600
2003-03-20,8.788253953131944,8.932075916431375,8.659571447817335,8.924506187438965,1154800
2003-03-21,9.001827947731421,9.20271110534668,8.918442854365686,9.20271110534668,434800
2003-03-24,8.926017948521373,8.937388932646263,8.755457524234961,8.781989097595215,111000
2003-03-25,8.789571478561925,8.971502922675825,8.755459242424157,8.910859107971191,68000
2003-03-26,8.827476550119487,8.94876421396938,8.827476550119487,8.922232627868652,410600
2003-03-27,8.793364570626007,8.926022505147543,8.766832260790178,8.888120651245117,65600
2003-03-28,8.812311925638218,8.86916540637867,8.744087459577184,8.797150611877441,126400
2003-03-31,8.656911047502586,8.755457406465956,8.546993704567276,8.615218162536621,1762200
2003-04-01,8.615220241777696,8.728927940146447,8.56973774077525,8.717556953430176,2010200
2003-04-02,8.850210318642246,9.013190750150335,8.846419991987302,8.944966316223145,1336600
2003-04-03,9.058676269607888,9.066256925466336,8.967710568099935,8.99045181274414,2709600
2003-04-04,9.03972717975684,9.054887771606445,8.948761459865366,9.054887771606445,260600
2003-04-07,9.27472382277497,9.3391579789548,9.134485244750977,9.134485244750977,130600
2003-04-08,9.09658276995249,9.176177522182481,9.043519601799165,9.14206600189209,133600
2003-04-09,9.130694126797508,9.183757289799642,9.020776748657227,9.020776748657227,555200
2003-04-10,8.963923417405962,9.126903961474842,8.952553152519268,9.123113632202148,89200
2003-04-11,9.248194472238382,9.248194472238382,9.028360366821289,9.028360366821289,666600
2003-04-14,9.020775882258064,9.263351867536882,9.020775882258064,9.259561538696289,294200
2003-04-15,9.248190036590938,9.342946083529228,9.229239116375785,9.32778549194336,850600
2003-04-16,9.418758228420108,9.418758228420108,8.850221523158513,9.19892406463623,322200
2003-04-17,9.20270954684521,9.384641023158931,9.176177240651128,9.373270034790039,162200
2003-04-21,9.380847403627431,9.403588649457923,9.286091369247357,9.377057075500488,82000
2003-04-22,9.324001542905663,9.596898884552258,9.301260278501386,9.566576957702637,137800
2003-04-23,9.638588538182518,9.672700784692864,9.540042128589466,9.665120124816895,951200
2003-04-24,9.55141232366079,9.58173423771016,9.475607177071634,9.513509750366211,362800
2003-04-25,9.509722341461758,9.509722341461758,9.365692663292863,9.36948299407959,671200
2003-04-28,9.45286873549862,9.619638950936263,9.45286873549862,9.585527420043945,41800
2003-04-29,9.627217548368565,9.721973628023632,9.585525364913766,9.665120124816895,70800
2003-04-30,9.585529336528648,9.67270479242754,9.57036801049485,9.623431205749512,148000
2003-05-01,9.623426481216153,9.623426481216153,9.41496341111718,9.536251068115234,74800
2003-05-02,9.502139299878781,9.64616894197244,9.502139299878781,9.627217292785645,252400
2003-05-05,9.62721660565782,9.62721660565782,9.521090269512356,9.593104362487793,252800
2003-05-06,9.596895848428762,9.782617681993246,9.57794492124257,9.718183517456055,1781600
2003-05-07,9.608266970739676,9.778827486557438,9.608266970739676,9.710603713989258,211400
2003-05-08,9.589314620184377,9.718182941622903,9.58552501331691,9.619636535644531,84000
2003-05-09,9.665120013986726,9.729554176330566,9.577944595207272,9.729554176330566,92400
2003-05-12,9.687860597721475,9.93422624030625,9.661329013233624,9.877372741699219,216200
2003-05-13,9.835675416196498,9.945592026277616,9.824304433251108,9.865997314453125,638200
2003-05-14,9.892536995071541,9.892536995071541,9.740927379497183,9.790200233459473,113400
2003-05-15,9.854638297734404,9.854638297734404,9.687867293351797,9.812945365905762,357800
2003-05-16,9.8053599003798,9.83189148825773,9.706813486167814,9.82810115814209,1839800
2003-05-19,9.835684981459735,9.835684981459735,9.505933384668799,9.532464981079102,426400
2003-05-20,9.608265885557126,9.703021957953288,9.46044592102572,9.536251068115234,524200
2003-05-21,9.5514160218776,9.589317886915962,9.471820514847224,9.577947616577148,66200
2003-05-22,9.608266185128068,9.786407346531693,9.593104866064873,9.740924835205078,175600
2003-05-23,9.684069927918104,9.729553158964917,9.657538344362228,9.706811904907227,131000
2003-05-27,9.627218134568858,9.930438041687012,9.627218134568858,9.930438041687012,247800
2003-05-28,9.96834306386625,10.02140698015285,9.919070201884182,9.93423080444336,377000
2003-05-29,9.968341716355575,10.085839804231934,9.922859191894531,9.922859191894531,379000
2003-05-30,10.051721030674821,10.146477071937749,10.040350045468031,10.135106086730957,615400
2003-06-02,10.252611107161268,10.373899538705908,10.207128577897326,10.229869842529297,2050600
2003-06-03,10.252610191605136,10.256400522527285,10.1123715621442,10.21470832824707,1612000
2003-06-04,10.233657273642779,10.396637857003176,10.214706345641991,10.373896598815918,813800
2003-06-05,10.39663479347057,10.476229535137904,10.282927090176926,10.430747032165527,350800
2003-06-06,10.555825499575704,10.616469321698045,10.354942386963335,10.377683639526367,272200
2003-06-09,10.347367219881544,10.358738213663415,10.176806650744107,10.229869842529297,917000
2003-06-10,10.252610882550174,10.34357738494873,10.252610882550174,10.34357738494873,791000
2003-06-11,10.290512085327505,10.480024281090191,10.286721754660453,10.457283020019531,314000
2003-06-12,10.555829324203122,10.555829324203122,10.42696097476824,10.521717071533203,147800
2003-06-13,10.555829534607051,10.555829534607051,10.381477937159802,10.40800952911377,39800
2003-06-16,10.517926497572406,10.650585174560547,10.495185237295809,10.650585174560547,342800
2003-06-17,10.688487756975961,10.71122901725256,10.601311600541017,10.650585174560547,342400
2003-06-18,10.650582687495813,10.650582687495813,10.495182786519194,10.55203628540039,1842200
2003-06-19,10.517922930016395,10.574776422889666,10.347361728465197,10.377683639526367,195200
2003-06-20,10.445243688463044,10.445243688463044,10.342764744770204,10.392106056213379,195400
2003-06-23,10.304807819634549,10.350354250716302,10.17955603907968,10.263057708740234,165800
2003-06-24,10.28583056231313,10.354149846967779,10.225102470161433,10.263057708740234,577600
2003-06-25,10.247882775541461,10.342770579018696,10.168177368110097,10.202336311340332,73000
2003-06-26,10.24788281131638,10.28963367665179,10.171972278694996,10.278246879577637,1409400
2003-06-27,10.266861104491749,10.350362843474537,10.183360089445525,10.217519760131836,71400
2003-06-30,10.297223220473429,10.35036087808233,10.244086286800952,10.282041549682617,128400
2003-07-01,10.190946589783737,10.289629956942829,10.084672027319431,10.259265899658203,1054800
2003-07-02,10.266855389650337,10.376925539245985,10.266855389650337,10.35415267944336,94400
2003-07-03,10.26685625743994,10.43765453023648,10.26685625743994,10.342766761779785,99200
2003-07-07,10.456632572081098,10.60086239626687,10.456632572081098,10.551520347595215,524000
2003-07-08,10.60085965141238,10.699542999267578,10.56670000315727,10.699542999267578,534600
2003-07-09,10.627430961721624,10.688159080730845,10.547725576998127,10.566702842712402,214400
2003-07-10,10.494588877796488,10.51356686916116,10.342768566560846,10.430065155029297,92000
2003-07-11,10.494586884817764,10.585679054260254,10.471814023441194,10.585679054260254,147200
2003-07-14,10.665387230432119,10.79443467657191,10.642614364624023,10.642614364624023,144800
2003-07-15,10.627430081508184,10.722317850093077,10.551519577065779,10.578088760375977,1633600
2003-07-16,10.642612492584599,10.653998561517657,10.505973873898107,10.547724723815918,66200
2003-07-17,10.551523308466846,10.59327417306841,10.418680964619105,10.426271438598633,50200
2003-07-18,10.52115253539406,10.547721711167009,10.449038372961251,10.494584083557129,42400
2003-07-21,10.456631800177776,10.47181419062869,10.338971169928078,10.37692642211914,45800
2003-07-22,10.437651742945373,10.468015791785591,10.285831498744281,10.452834129333496,101800
2003-07-23,10.475609767701917,10.475609767701917,10.301015897539838,10.4072904586792,151800
2003-07-24,10.437655394252245,10.547725562262865,10.395904541015625,10.395904541015625,95800
2003-07-25,10.36174583345584,10.54772652913832,10.342768566028491,10.532544136047363,603400
2003-07-28,10.570497387987944,10.604657042020904,10.513564872578414,10.585679054260254,163000
2003-07-29,10.608451664916727,10.63502012140444,10.47560865854203,10.517358779907227,372600
2003-07-30,10.517360911953705,10.517360911953705,10.426268732414426,10.449042320251465,41200
2003-07-31,10.513566920195844,10.627431973191209,10.456633669761809,10.471816062927246,433200
2003-08-01,10.494585024870963,10.494585024870963,10.399697274693223,10.46042537689209,367600
2003-08-04,10.365541559968282,10.422474086891027,10.247880907803092,10.38072395324707,101800
2003-08-05,10.361744028990458,10.361744028990458,10.1795596872439,10.20992374420166,873600
2003-08-06,10.171966603828096,10.327582457342128,10.171966603828096,10.244081497192383,236000
2003-08-07,10.304811431305705,10.350357878350758,10.240287720288006,10.331379890441895,144400
2003-08-08,10.399701092782168,10.452838744666904,10.384519423626777,10.430065155029297,150800
2003-08-11,10.418680108561658,10.49458990967512,10.411088911269385,10.47561264038086,90000
2003-08-12,10.51356768625501,10.616045951843262,10.4566344316726,10.616045951843262,152200
2003-08-13,10.665385333729386,10.665385333729386,10.53633791053903,10.578088760375977,272200
2003-08-14,10.578091489319831,10.65400128940928,10.49838536669904,10.627432823181152,117200
2003-08-15,10.66538622866379,10.703341484069824,10.627430973257756,10.703341484069824,56800
2003-08-18,10.722318704027922,10.783046822843797,10.703341438374066,10.764069557189941,725400
2003-08-19,10.779253934748677,10.832391595023184,10.748889867707442,10.775458335876465,277000
2003-08-20,10.809611308814903,10.866543808774328,10.760270001899674,10.839975357055664,2352200
2003-08-21,10.874136090733618,10.946250984002877,10.855158830158802,10.923478126525879,546600
2003-08-22,10.988007529101568,10.999393601781742,10.771662737004252,10.775458335876465,1186000
2003-08-25,10.767863087489971,10.794431543878273,10.699543785956541,10.741293907165527,169200
2003-08-26,10.741297741852842,10.8210038634093,10.65779674568853,10.8134126663208,278000
2003-08-27,10.798229194737035,10.843774921797376,10.752682743740413,10.828593254089355,172400
2003-08-28,10.855163443176673,10.904504776000977,10.779252920746247,10.904504776000977,401400
2003-08-29,10.877935360838881,11.044938061246974,10.874139762655023,11.006982803344727,261000
2003-09-02,11.10187141070556,11.166395136750875,10.976619557080696,11.158803939819336,772000
2003-09-03,11.158806776493636,11.17778477364687,11.101874232907067,11.155011177062988,225000
2003-09-04,11.166391302643214,11.204346550332161,11.101867598752847,11.189164161682129,168400
2003-09-05,11.101870613024715,11.155007539854779,11.022165222779618,11.079097747802734,328800
2003-09-08,11.075304081220601,11.090485752704266,11.010780348557986,11.082895278930664,208000
2003-09-09,11.00697987690506,11.014571071254494,10.851364012422327,10.866545677185059,170600
2003-09-10,10.85515980275179,10.85515980275179,10.707134406048418,10.729907989501953,194200
2003-09-11,10.760278605641297,10.851370823199415,10.74889180697031,10.817211151123047,129200
2003-09-12,10.779253005981445,10.809617070406436,10.65779674828148,10.779253005981445,183400
2003-09-15,10.836188424971432,10.8703480970478,10.802028752895064,10.817211151123047,85400
2003-09-16,10.870342300321974,10.995594123164594,10.855160634126369,10.976616859436035,60200
2003-09-17,10.991800409987254,11.025960069703713,10.927277412674314,10.972823143005371,223400
2003-09-18,10.931071369643778,11.044937133789062,10.912094104254365,11.044937133789062,49200
2003-09-19,11.021376796763384,11.021376796763384,10.937766613056175,10.979571342468262,62800
2003-09-22,10.850351567254656,10.857952688236828,10.755339729625865,10.812347412109375,171600
2003-09-23,10.831344236378898,10.945358096282542,10.831344236378898,10.911153793334961,121200
2003-09-24,10.94536634683958,10.94536634683958,10.698335647583008,10.698335647583008,405200
2003-09-25,10.698333190170699,10.812347834711199,10.65652847290039,10.65652847290039,513400
2003-09-26,10.626125138402603,10.62992569945377,10.512111206399258,10.538714408874512,913600
2003-09-29,10.584320367039071,10.584320367039071,10.405697622885315,10.523512840270996,239400
2003-09-30,10.527313581234,10.57291886464808,10.413298922932983,10.481707572937012,231200
2003-10-01,10.572911728303787,10.79333904904556,10.572911728303787,10.770536422729492,3804600
2003-10-02,10.73633297493835,10.831344771176742,10.713530346808229,10.827544212341309,376800
2003-10-03,10.990967918075402,11.070777502936233,10.926359848238338,10.949162483215332,943400
2003-10-06,10.994772114210893,11.063180766648482,10.926363461773303,11.028976440429688,312400
2003-10-07,10.937767399081373,11.082185131296365,10.922565151015014,11.074584007263184,694600
2003-10-08,11.089780926485066,11.089780926485066,10.975766295422758,10.994769096374512,46400
2003-10-09,11.161992300858207,11.260803985579475,11.104984611749098,11.135388374328613,488800
2003-10-10,11.173393199676118,11.21139808392022,11.116386235751404,11.158191680908203,230800
2003-10-13,11.17339672720311,11.31401462583557,11.17339672720311,11.272209167480469,804200
2003-10-14,11.279804282060516,11.33301067352295,11.218996770422674,11.33301067352295,102200
2003-10-15,11.363418839011562,11.363418839011562,11.215200562487318,11.287409782409668,380800
2003-10-16,11.24940509120542,11.36721960220206,11.245604529575463,11.33681583404541,121400
2003-10-17,11.336815508470364,11.344416631511988,11.158193466290163,11.17719554901123,747000
2003-10-20,11.173393587299051,11.199996789727967,11.116386621396675,11.165792465209961,58600
2003-10-21,11.192395597901282,11.234200316657493,11.146789593487505,11.199995994567871,210800
2003-10-22,11.078383292030257,11.097386099922334,11.002374235110954,11.04417896270752,528600
2003-10-23,11.009974633384783,11.078383292030257,10.979570865640461,11.04417896270752,197800
2003-10-24,10.983369974810682,11.05557918548584,10.899759805790909,11.05557918548584,378000
2003-10-27,11.104986329881791,11.207599316294733,11.104986329881791,11.17719554901123,696400
2003-10-28,11.28740622918436,11.428023338317871,11.222798152725435,11.428023338317871,163400
2003-10-29,11.401424238377775,11.44322969254773,11.35961878420782,11.405224800109863,141400
2003-10-30,11.496429382936306,11.515431455599687,11.348211186490635,11.443222999572754,190800
2003-10-31,11.469826526972314,11.469826526972314,11.382415830350112,11.435622215270996,341600
2003-11-03,11.515435834878035,11.568642963358672,11.481231511170085,11.52303695678711,129800
2003-11-04,11.473626018684582,11.52303183938658,11.43942171016683,11.454623222351074,117600
2003-11-05,11.458424512726937,11.462225072236135,11.344410626981437,11.443222999572754,301000
2003-11-06,11.439425676469982,11.526836395263672,11.382418717469003,11.526836395263672,53200
2003-11-07,11.583846553724047,11.637053691719215,11.538241263880204,11.557243347167969,130600
2003-11-10,11.496429433747847,11.523032625547202,11.420419692993164,11.420419692993164,204000
2003-11-11,11.458429468136819,11.458429468136819,11.382420419729169,11.401422500610352,239200
2003-11-12,11.458429206261743,11.523037294617275,11.428025442616956,11.515436172485352,593200
2003-11-13,11.481232256345168,11.481232256345168,11.412824329372217,11.473631858825684,157600
2003-11-14,11.496434316880482,11.53063864226018,11.344415495683439,11.34821605682373,907800
2003-11-17,11.276006370687764,11.306410133648479,11.158191879825358,11.24560260772705,510400
2003-11-18,11.298808707664882,11.314010951177629,11.101183891296387,11.101183891296387,347800
2003-11-19,11.078378564224609,11.196193023345014,11.055575929368365,11.17339038848877,355800
2003-11-20,11.146788877262694,11.279805596299612,11.116385117901352,11.161991119384766,245200
2003-11-21,11.188594532283926,11.22659941343344,11.123986451794597,11.211397171020508,69800
2003-11-24,11.306406087706595,11.439422774891433,11.29500440884528,11.435622215270996,323600
2003-11-25,11.382420482196085,11.56104250806141,11.382420482196085,11.5458402633667,175800
2003-11-26,11.591443798815359,11.591443798815359,11.420422206912516,11.542037963867188,490400
2003-11-28,11.572444760099787,11.572444760099787,11.53443987137887,11.538240432739258,63600
2003-12-01,11.629446870114895,11.65224950386371,11.538235610236985,11.648448944091797,122600
2003-12-02,11.610447674572923,11.625649918378606,11.549640149115953,11.561041831970215,501400
2003-12-03,11.61044802448567,11.644652349196416,11.515436172485352,11.515436172485352,201000
2003-12-04,11.553441518357635,11.553441518357635,11.3406151643687,11.4888334274292,131600
2003-12-05,11.439421302279412,11.4432218614106,11.321606868742737,11.371012687683105,90200
2003-12-08,11.382415547498432,11.420419692993164,11.31400692579574,11.420419692993164,141800
2003-12-09,11.458427556398473,11.477430358992125,11.363415718078613,11.363415718078613,404800
2003-12-10,11.325413656290213,11.409024558744633,11.264606122623167,11.310212135314941,268600
2003-12-11,11.29880988218632,11.542040729494254,11.29880988218632,11.48503303527832,259400
2003-12-12,11.553441385714056,11.56104250806141,11.473631775715587,11.5458402633667,171200
2003-12-15,11.72446377647255,11.72446377647255,11.48883404256367,11.496435165405273,427200
2003-12-16,11.496432758819875,11.496432758819875,11.382418839594624,11.469829559326172,508600
2003-12-17,11.496434741999467,11.576244354248047,11.439427772552918,11.576244354248047,96400
2003-12-18,11.602844625020857,11.73206076829747,11.5572386289127,11.724459648132324,129800
2003-12-19,11.775528402184719,11.775528402184719,11.668825048822535,11.760285377502441,158400
2003-12-22,11.756471535819717,11.825066947102403,11.729795704067984,11.79839038848877,584000
2003-12-23,11.813630511683433,11.87841496614455,11.790765623891767,11.836495399475098,314000
2003-12-24,11.806013553284721,11.817446365369236,11.756472821309123,11.790770530700684,70800
2003-12-26,11.813636112860298,11.878420598037561,11.813636112860298,11.844122886657715,23600
2003-12-29,11.908908960110626,11.950828552246094,11.840313528202449,11.950828552246094,244000
2003-12-30,11.966066615612265,11.966066615612265,11.8898500659906,11.912714958190918,78400
2003-12-31,11.973695135789404,12.030857761454746,11.920343448750048,12.000370979309082,289000
2004-01-02,12.049907915435188,12.10707051956762,11.870797501795108,11.897473335266113,127600
2004-01-05,11.966073258537433,12.015614733813026,11.89366687836815,12.000370979309082,356400
2004-01-06,12.000368183112473,12.0613417331964,11.966070470332507,12.046098709106445,169600
2004-01-07,12.004180742999699,12.107073895243756,11.950829061182256,12.099452018737793,142400
2004-01-08,12.088019033586901,12.141371441514442,12.02323453792371,12.0613431930542,338400
2004-01-09,11.966070240874158,12.114693902358056,11.966070240874158,12.011800765991211,374400
2004-01-12,12.004177593742392,12.015610405501977,11.916528217504796,11.985123634338379,118800
2004-01-13,12.023230869646673,12.03847461779287,11.93177056135524,11.966068267822266,194200
2004-01-14,12.080397884050514,12.095640909985427,12.01180245018806,12.0613431930542,563200
2004-01-15,12.061336761805933,12.148986113066885,11.988930428352134,12.095634460449219,184600
2004-01-16,12.156607985401337,12.156607985401337,12.065147697973158,12.095634460449219,97200
2004-01-20,12.148989978489203,12.148989978489203,11.985124032332044,12.007988929748535,367400
2004-01-21,12.080395825826956,12.187099169777948,12.000367591001698,12.156612396240234,284200
2004-01-22,12.194719225242734,12.274746721264673,12.194719225242734,12.251882553100586,281200
2004-01-23,12.289990057089534,12.324287761909432,12.156610174663472,12.213772773742676,123600
2004-01-26,12.232826405538875,12.263313899555618,12.126123083927729,12.236638069152832,120200
2004-01-27,12.270938397669255,12.286182147938085,12.129936615130648,12.152801513671875,128800
2004-01-28,12.175666672606052,12.175666672606052,11.851744260423573,11.863176345825195,259600
2004-01-29,11.832686146192271,11.966066009855382,11.798388446197135,11.939390182495117,523800
2004-01-30,11.94701598233631,11.966069943325097,11.85936659880866,11.931772232055664,388600
2004-02-02,11.92796010592754,11.985123436921915,11.813634897662679,11.897473335266113,480600
2004-02-03,11.908906578123098,11.931771475231741,11.83268928527832,11.83268928527832,116000
2004-02-04,11.832692596419374,11.889855945479958,11.764097885898593,11.817449569702148,111200
2004-02-05,11.870801140943485,11.927963762599859,11.851747176012083,11.908909797668457,323000
2004-02-06,11.947017619536698,12.053720978675596,11.908908965474755,12.034667015075684,178000
2004-02-09,12.042290575446975,12.141372799120422,12.042290575446975,12.049912452697754,234000
2004-02-10,12.04228723167093,12.171856201507913,12.04228723167093,12.152801513671875,101000
2004-02-11,12.152800761357263,12.324289306955578,12.114692841768282,12.274747848510742,450000
2004-02-12,12.289990057089534,12.301422140788244,12.18709694262984,12.213772773742676,148200
2004-02-13,12.175667521641243,12.221397320160552,12.053719696244988,12.091828346252441,676000
2004-02-17,12.137558343541537,12.2633163742911,12.137558343541537,12.248072624206543,596800
2004-02-18,12.240450565382691,12.240450565382691,12.152801184298506,12.175666809082031,124200
2004-02-19,12.225208833184258,12.31666842908928,12.18709945678711,12.18709945678711,209600
2004-02-20,12.187094747877397,12.187094747877397,12.027039063162645,12.095634460449219,440800
2004-02-23,12.156611853248695,12.156611853248695,11.988934242849806,12.007988929748535,580200
2004-02-24,11.96606784420602,12.068960959964535,11.950824823461364,12.030852317810059,169000
2004-02-25,12.057525825638706,12.099445396616444,12.00417417302104,12.095634460449219,128600
2004-02-26,12.042290733693944,12.187102769050579,12.034668856343007,12.171859741210938,295800
2004-02-27,12.19471746108821,12.255690990244707,12.126122059071701,12.190906524658203,144000
2004-03-01,12.225208903356966,12.305236413664234,12.20234327738743,12.26712703704834,247600
2004-03-02,12.30904447276895,12.30904447276895,12.202341144344974,12.232827186584473,298400
2004-03-03,12.24425983428955,12.270935664456244,12.14517766019765,12.24425983428955,232800
2004-03-04,12.30904505638264,12.328099015401216,12.24044964093665,12.293801307678223,275800
2004-03-05,12.240449117846143,12.415749313007785,12.240449117846143,12.381451606750488,251400
2004-03-08,12.309047182113554,12.389074696046393,12.209965705871582,12.209965705871582,459400
2004-03-09,12.251884999098442,12.251884999098442,12.103261334603088,12.129937171936035,327000
2004-03-10,12.14899349858758,12.14899349858758,11.927964154554287,11.981316566467285,262600
2004-03-11,11.966070935316711,11.985125624747159,11.760285377502441,11.760285377502441,136000
2004-03-12,11.821254901370795,11.95463477448086,11.821254901370795,11.947012901306152,145200
2004-03-15,11.927960332715541,11.927960332715541,11.710741996765137,11.710741996765137,181200
2004-03-16,11.844123555303668,11.844123555303668,11.714554577634479,11.813636779785156,833200
2004-03-17,11.851747565462023,11.985127504951226,11.84793662697808,11.981316566467285,1561400
2004-03-18,11.927962923701955,12.00418023179151,11.84412446629314,11.950828552246094,502200
2004-03-19,11.924874120500336,12.00119360600616,11.871450917348191,11.882898330688477,585000
2004-03-22,11.772237180604439,11.791316690174868,11.673022129597603,11.69973373413086,1265400
2004-03-23,11.69973443323684,11.779869979461663,11.657758636269708,11.676838874816895,1097400
2004-03-24,11.676840095012377,11.768423066098986,11.657759854471362,11.734079360961914,212800
2004-03-25,11.810398009277693,11.96303628333094,11.768422210974286,11.940140724182129,808400
2004-03-26,11.947771374185267,12.005010632536713,11.88671606823217,11.928691864013672,233400
2004-03-29,12.02027195769422,12.096591435861793,12.008823817618138,12.039351463317871,276600
2004-03-30,12.058437922084918,12.134756711816456,12.043173727436493,12.130941390991211,274200
2004-03-31,12.134753529329698,12.191993516412547,12.088962413067424,12.115674018859863,155800
2004-04-01,12.165279945768722,12.207255737938096,12.100408597796322,12.169095993041992,949000
2004-04-02,12.344635780650162,12.344635780650162,12.214893021854651,12.279765129089355,930400
2004-04-05,12.237783707421876,12.405685424804688,12.237783707421876,12.405685424804688,185200
2004-04-06,12.325552651844399,12.41713634826379,12.314105235669526,12.378975868225098,154800
2004-04-07,12.363717871981764,12.363717871981764,12.241607200389147,12.287398338317871,671200
2004-04-08,12.401869967579842,12.401869967579842,12.169096175280629,12.211071968078613,242200
2004-04-12,12.268314864379937,12.352265014243978,12.260682767906195,12.314105987548828,245000
2004-04-13,12.363714524301352,12.363714524301352,12.054621151708046,12.085148811340332,227800
2004-04-14,11.982120832088087,12.108047552102834,11.982120832088087,12.066072463989258,835600
2004-04-15,12.077517260271858,12.127125164314178,12.008829841035938,12.054621696472168,328800
2004-04-16,12.054617486190274,12.188176229408342,12.054617486190274,12.169095993041992,265800
2004-04-19,12.123305041737211,12.195807757378226,12.09659343830772,12.176728248596191,210400
2004-04-20,12.249234619628002,12.283578327953725,12.09659704814873,12.100412368774414,351000
2004-04-21,12.020275010837345,12.146201672313602,12.008826867853442,12.115674018859863,293800
2004-04-22,12.191988325539604,12.371337394404232,12.157644639046767,12.35988998413086,124200
2004-04-23,12.344630220703236,12.344630220703236,12.230151709955603,12.310286521911621,115400
2004-04-26,12.325550476644707,12.359894174781857,12.176728269941464,12.211071968078613,185000
2004-04-27,12.325556578279913,12.378979811679145,12.268318023498137,12.295029640197754,737000
2004-04-28,12.287396400838457,12.287396400838457,12.14238945530919,12.15002155303955,2324400
2004-04-29,12.150018899551508,12.264497429157935,11.989748521400466,12.069883346557617,270600
2004-04-30,12.108042813275972,12.134754421031266,11.932508974977337,11.978300094604492,230200
2004-05-03,11.963032712986783,12.058431696778007,11.943952479526647,12.039351463317871,2623800
2004-05-04,12.005014179862075,12.096597893690173,11.943958855867924,12.016462326049805,945000
2004-05-05,11.982111824864694,12.050799207391067,11.966848366434643,12.043167114257812,434200
2004-05-06,11.894350596232206,11.940142448981339,11.760791814203774,11.863822937011719,1364600
2004-05-07,11.749341868368,11.856188288727335,11.57762336730957,11.57762336730957,823800
2004-05-10,11.421170724656193,11.53946530497626,11.371562826955136,11.432618141174316,812000
2004-05-11,11.524200410908632,11.627230785975911,11.524200410908632,11.600519180297852,1137400
2004-05-12,11.600517852799744,11.638677597045898,11.375376162367667,11.638677597045898,1909600
2004-05-13,11.581439669909713,11.623414738330949,11.516568315618711,11.600519180297852,989000
2004-05-14,11.638683313515557,11.66157888017403,11.505124506973399,11.604339599609375,765800
2004-05-17,11.562366162598737,11.562366162598737,11.344856415071543,11.421175956726074,903000
2004-05-18,11.562359431684909,11.623414738330949,11.447880913682747,11.600519180297852,2336400
2004-05-19,11.680654610691802,11.768421522155737,11.550911903381348,11.550911903381348,455200
2004-05-20,11.543279667097885,11.604334972399403,11.501303871764346,11.57762336730957,161000
2004-05-21,11.577626487635875,11.699737131149378,11.562362293278264,11.634865760803223,228400
2004-05-24,11.753161985854467,11.783689650966936,11.66539503963574,11.756978034973145,316600
2004-05-25,11.714997786032812,11.993562698364258,11.676838039504906,11.993562698364258,221200
2004-05-26,11.96685220531238,12.012643323128442,11.932508503031988,12.001195907592773,684800
2004-05-27,11.982118228630158,12.123309115708087,11.982118228630158,12.054621696472168,129000
2004-05-28,12.054621696472168,12.066069842290439,12.020277986854207,12.054621696472168,631800
2004-06-01,12.00119205769783,12.054615253957694,11.951584180168133,12.043167114257812,484400
2004-06-02,12.096597513172997,12.096597513172997,11.99738243284425,12.08896541595459,408800
2004-06-03,12.073700084082914,12.123307983492271,12.005012671261825,12.01264476776123,578400
2004-06-04,12.111859213690247,12.123307357848555,12.024092291986786,12.062252044677734,921600
2004-06-07,12.13475217904556,12.230151176452637,12.100408481752085,12.230151176452637,488600
2004-06-08,12.191990446938172,12.275940563004706,12.169094166734768,12.272125244140625,929000
2004-06-09,12.211072505360384,12.279759904656899,12.176728805712127,12.18054485321045,238000
2004-06-10,12.176727970812383,12.256862779272764,12.176727970812383,12.230151176452637,290200
2004-06-14,12.230151390406613,12.230151390406613,12.043169439558074,12.073697090148926,2766600
2004-06-15,12.153837045806448,12.218708417872532,12.123309384118693,12.146204948425293,523600
2004-06-16,12.191994651884357,12.191994651884357,12.123307243257242,12.1576509475708,142400
2004-06-17,12.142390016474673,12.191997926177772,12.104230253896198,12.18818187713623,86400
2004-06-18,12.143091194750511,12.23861509569413,12.143091194750511,12.185121536254883,100000
2004-06-21,12.227150693082343,12.227150693082343,12.135447150339623,12.143089294433594,209800
2004-06-22,12.127805788818193,12.127805788818193,12.001713318311195,12.089595794677734,175400
2004-06-23,12.055207981506635,12.185121536254883,12.055207981506635,12.185121536254883,135600
2004-06-24,12.15073195995998,12.250078385813714,12.15073195995998,12.188941955566406,181800
2004-06-25,12.169834739675967,12.261538272394523,12.15455045315876,12.17747688293457,593000
2004-06-28,12.26535967771137,12.28064396555257,12.139267946996236,12.15455150604248,1451200
2004-06-29,12.112526086339345,12.116346431054671,12.051390367760586,12.06285285949707,346800
2004-06-30,12.055208475423541,12.120165255459025,12.00553598659411,12.085776329040527,880000
2004-07-01,12.11252453756482,12.116344881791656,11.95204311461681,12.013178825378418,1212200
2004-07-02,12.036101772266603,12.036101772266603,11.936756082881384,11.948219299316406,372800
2004-07-06,11.883262685578817,11.917651606537843,11.83358947584022,11.87179946899414,1114200
2004-07-07,11.845051162873169,11.890903294495985,11.818304389757737,11.837409019470215,318000
2004-07-08,11.768634944963532,11.787740309572566,11.676931381225586,11.676931381225586,309200
2004-07-09,11.749528283442066,11.749528283442066,11.684571512560666,11.741886138916016,1161800
2004-07-12,11.692217717473289,11.791563444426947,11.673112349523393,11.77245807647705,422600
2004-07-13,11.749528127009562,11.845052745928339,11.749528127009562,11.818305969238281,117400
2004-07-14,11.768632888793945,11.887083942289236,11.738065039555325,11.768632888793945,210400
2004-07-15,11.783921727694823,11.803026367547313,11.711322784423828,11.711322784423828,302200
2004-07-16,11.757171333307031,11.757171333307031,11.581405639648438,11.581405639648438,434400
2004-07-19,11.581410131441752,11.631083365156579,11.489706540885942,11.535558700561523,328400
2004-07-20,11.539371958538737,11.676926886803514,11.539371958538737,11.665464401245117,1975400
2004-07-21,11.66546552747408,11.757169064768965,11.562298774719238,11.562298774719238,425400
2004-07-22,11.482059939544897,11.600511002434736,11.413282819899434,11.581405639648438,184600
2004-07-23,11.539376064973895,11.566122845854817,11.447671775103414,11.512628555297852,262600
2004-07-26,11.501167756617535,11.504988829990191,11.363612030382829,11.413285255432129,445000
2004-07-27,11.405638771993297,11.627255841776705,11.405638771993297,11.608150482177734,366400
2004-07-28,11.577586807793681,11.608154665372728,11.424747519898443,11.55848217010498,181600
2004-07-29,11.634898588738755,11.68457106868107,11.577583235765719,11.615793228149414,529600
2004-07-30,11.615795082597556,11.634900446237046,11.55848044926929,11.62725830078125,263000
2004-08-02,11.627257538131124,11.722782163677655,11.566121836084946,11.696035385131836,437000
2004-08-03,11.646360194638966,11.669286625610589,11.573762016280293,11.577582359313965,145200
2004-08-04,11.48206005005812,11.56612218953678,11.447671125506865,11.516448974609375,397000
2004-08-05,11.550838830438762,11.550838830438762,11.302474922162816,11.31393814086914,1309000
2004-08-06,11.176384007581285,11.248982945368413,11.130531855085406,11.149637222290039,725200
2004-08-09,11.13817184937482,11.229875407848468,11.126709360062549,11.134350776672363,238800
2004-08-10,11.157276610542823,11.298652648925781,11.157276610542823,11.298652648925781,92800
2004-08-11,11.17637943010295,11.22987297877624,11.1267069533056,11.21841049194336,377600
2004-08-12,11.218412728982827,11.218412728982827,11.054110249528868,11.065572738647461,487800
2004-08-13,11.042642478810517,11.149630282175929,11.042642478810517,11.092315673828125,417400
2004-08-16,11.099962421483921,11.371252766936959,11.099962421483921,11.355968475341797,703800
2004-08-17,11.355968488546633,11.527913125216465,11.355968488546633,11.501166343688965,1072600
2004-08-18,11.443849331033533,11.600509643554688,11.420922898375569,11.600509643554688,1257600
2004-08-19,11.520271268947738,11.608153761545443,11.508808778745088,11.547018051147461,1175600
2004-08-20,11.577583807762709,11.665467013225625,11.520269180752997,11.650182723999023,320600
2004-08-23,11.650183133410598,11.65400420585153,11.585226359504869,11.5890474319458,2054200
2004-08-24,11.596692703800214,11.684575207253422,11.581408409915179,11.61961841583252,537600
2004-08-25,11.577588766226722,11.707502365112305,11.550841977420044,11.707502365112305,161200
2004-08-26,11.634899108943143,11.718960512909728,11.634899108943143,11.703676223754883,1054400
2004-08-27,11.69221373568377,11.72660265748715,11.673108374240215,11.703676223754883,440600
2004-08-30,11.692212909969776,11.692212909969776,11.600509367901951,11.611971855163574,1266600
2004-08-31,11.596690778215592,11.646363267503542,11.512628633396583,11.60433292388916,991400
2004-09-01,11.577584158112986,11.64636200412394,11.577584158112986,11.64254093170166,708200
2004-09-02,11.577582243060503,11.829767150856638,11.577582243060503,11.825946807861328,1361800
2004-09-03,11.825948767196701,11.8756212511097,11.791559844181917,11.814485549926758,171600
2004-09-07,11.883264263922731,11.936757824166273,11.841233192991323,11.894726753234863,1193200
2004-09-08,11.917651581800786,11.978787279202159,11.856515884399414,11.856515884399414,534600
2004-09-09,11.845058821036146,11.871805611444127,11.76099737564029,11.79538631439209,1653600
2004-09-10,11.776274178131507,11.925292341248985,11.760990619019566,11.902366638183594,187400
2004-09-13,11.90237036510522,11.986432517325156,11.90237036510522,11.940580368041992,617800
2004-09-14,11.921474716396828,11.997893986971539,11.921474716396828,11.994072914123535,397800
2004-09-15,11.948224179355524,11.974970966499832,11.917656318505557,11.925297737121582,150400
2004-09-16,11.925291567156778,12.05138474781889,11.925291567156778,11.99789047241211,4354400
2004-09-17,12.015493273644045,12.07289198158658,11.992533936439866,12.023146629333496,471600
2004-09-20,11.99636081103679,12.000187488944277,11.900696052942182,11.93130874633789,261800
2004-09-21,11.977227225060966,12.046105966537676,11.938961906342058,12.023146629333496,527000
2004-09-22,11.938965554081909,11.946618182245313,11.858606754518815,11.862433433532715,1146800
2004-09-23,11.900695264484714,11.935134633506195,11.850949184847407,11.904521942138672,2774200
2004-09-24,11.919830497672926,11.992535929074823,11.90069783513446,11.938963890075684,667000
2004-09-27,11.935140917808972,11.935140917808972,11.854782104492188,11.854782104492188,341600
2004-09-28,11.881563473382405,11.881563473382405,11.774419404125405,11.847124099731445,592400
2004-09-29,11.900699320932551,11.900699320932551,11.797381178651301,11.889219284057617,2223600
2004-09-30,11.862431780193237,11.977229215152617,11.862431780193237,11.938963890075684,2451800
2004-10-01,11.942789707941015,12.114986588359146,11.942789707941015,12.088200569152832,1160200
2004-10-04,12.168559735767934,12.2489178007104,12.168559735767934,12.202999114990234,2138200
2004-10-05,12.206829126205019,12.206829126205019,12.126471039325038,12.18769645690918,490200
2004-10-06,12.187689752030883,12.26422111697618,12.134116993718612,12.252741813659668,748800
2004-10-07,12.245088112424488,12.287180836367469,12.164730072021484,12.164730072021484,140000
2004-10-08,12.111159001281479,12.218303799932482,12.03845357613029,12.069067001342773,566400
2004-10-11,12.11115497442693,12.137940982717506,12.088195643015576,12.114981651306152,254800
2004-10-12,12.015491879612714,12.107329947638593,12.015491879612714,12.084370613098145,986200
2004-10-13,12.092028616120503,12.176213361705802,12.015496498414329,12.046109199523926,358000
2004-10-14,12.080546574824277,12.080546574824277,11.927483094676093,11.942789077758789,270600
2004-10-15,12.00784128663506,12.06524073098428,11.95809592871189,12.02697467803955,2989000
2004-10-18,11.958098668682691,12.12646890229978,11.958098668682691,12.111162185668945,1781600
2004-10-19,12.149427267795017,12.206825990803853,12.034629821777344,12.034629821777344,1927800
2004-10-20,12.011665011948468,12.011665011948468,11.931306977397718,11.969573020935059,831200
2004-10-21,11.969573327893617,12.107330066351102,11.969573327893617,12.076717376708984,431000
2004-10-22,12.092026124438396,12.134118123625388,11.97340202331543,11.97340202331543,410000
2004-10-25,11.973401725858993,11.977227673982949,11.885389591859852,11.961921691894531,281800
2004-10-26,11.938963600572537,12.160905838012695,11.938963600572537,12.160905838012695,898000
2004-10-27,12.130294028359119,12.371369675377792,12.114987313688072,12.367542266845703,808400
2004-10-28,12.398157016996993,12.470861729836907,12.340757560729982,12.436422348022461,892400
2004-10-29,12.436420682146863,12.467034110649577,12.386674590694264,12.421113967895508,2578000
2004-11-01,12.428769646421987,12.505301772244547,12.390504313375152,12.47086238861084,806400
2004-11-02,12.45555544566929,12.608619694539206,12.45555544566929,12.516780853271484,1362600
2004-11-03,12.685154217940392,12.685154217940392,12.497650550601234,12.547396659851074,663600
2004-11-04,12.570349663050788,12.838211299680184,12.566523714692982,12.822904586791992,615400
2004-11-05,12.838209629658515,12.953007041929883,12.830556274209984,12.868823051452637,714000
2004-11-08,12.861173387248868,12.922398788680928,12.842040723000485,12.876480102539062,193800
2004-11-09,12.849693200734862,12.922397903791595,12.842039843613845,12.887958526611328,412200
2004-11-10,12.914744546670578,12.960663229668063,12.868825863673095,12.887958526611328,715400
2004-11-11,12.914746283083293,13.014237019575999,12.861174235761927,13.006585121154785,2411800
2004-11-12,13.029543410146116,13.113728887963003,12.975971364164018,13.090768814086914,240600
2004-11-15,13.090768208010907,13.167300324325815,13.06780959492653,13.129034996032715,713800
2004-11-16,13.144341188668806,13.144341188668806,12.979797637765293,13.006585121154785,1051800
2004-11-17,13.029539988263007,13.132858103978323,13.002753972306635,13.018060684204102,1458800
2004-11-18,13.029539539553642,13.09076492530665,12.99127422085614,13.079285621643066,886400
2004-11-19,13.102245072257292,13.102245072257292,12.899434805463104,12.914741516113281,1323600
2004-11-22,12.876479493815848,13.010409596951837,12.861172779249266,12.995102882385254,3088000
2004-11-23,13.029541367450879,13.10607347531081,12.987448635141488,13.067808151245117,229200
2004-11-24,13.144336269067876,13.163470387145914,13.098417597082761,13.155817031860352,4434400
2004-11-26,13.086940455722788,13.205563832922595,13.086940455722788,13.171124458312988,208200
2004-11-29,13.182606811429869,13.201739475245358,12.987449845217311,13.083114624023438,1806400
2004-11-30,13.08311175315342,13.08311175315342,12.933874964519969,12.9415283203125,1373200
2004-12-01,12.991273968889764,13.151990055976185,12.991273968889764,13.144336700439453,1664000
2004-12-02,13.1252076085043,13.2361791043532,13.037196185505463,13.159646987915039,934400
2004-12-03,13.125210885162085,13.163477682798677,13.048678749617974,13.117557525634766,961600
2004-12-06,13.075460832535288,13.11372761862475,13.03719550617446,13.094594955444336,512600
2004-12-07,13.098417051570118,13.125203064089893,12.998926356457838,13.002752304077148,433200
2004-12-08,13.014232828183305,13.086938977328234,12.983620865170971,13.079285621643066,170600
2004-12-09,13.079286979919585,13.194084407662078,13.010408231328391,13.178777694702148,761800
2004-12-10,13.22087111627855,13.22087111627855,13.136687110057238,13.163473129272461,387000
2004-12-13,13.201743955909528,13.220876626218633,13.129039224843254,13.209397315979004,502000
2004-12-14,13.163475177183784,13.305058652166645,13.163475177183784,13.27827262878418,1159400
2004-12-15,13.316535901487578,13.377761296861348,13.274443168469006,13.335668563842773,1128600
2004-12-16,13.335675106268033,13.362461138652135,13.266796320214834,13.312716484069824,320400
2004-12-17,13.358002915777424,13.358002915777424,13.227493630455456,13.254363059997559,1465600
2004-12-20,13.281232199626455,13.331133195232836,13.21597829052693,13.239009857177734,378200
2004-12-21,13.242844115279533,13.334968892535802,13.223651880430962,13.31193733215332,2356400
2004-12-22,13.26203512817341,13.423253107448952,13.26203512817341,13.404059410095215,2401000
2004-12-23,13.415587207436811,13.415587207436811,13.36952551643947,13.381040573120117,210200
2004-12-27,13.41558135937984,13.453965841099448,13.3733575509238,13.388711929321289,57200
2004-12-28,13.41941587127392,13.546087265014648,13.415578009769845,13.546087265014648,515600
2004-12-29,13.542254222743031,13.561447931990399,13.515384786926036,13.557608604431152,235200
2004-12-30,13.569121702699533,13.611345514118486,13.54992946049298,13.595991134643555,923400
2004-12-31,13.592148924432298,13.611341160500173,13.546087265014648,13.546087265014648,211000
2005-01-03,13.607511988829453,13.645896485477756,13.450133209731906,13.457810401916504,858400
2005-01-04,13.457806166394983,13.515382893246546,13.277395867523452,13.300427436828613,1690200
2005-01-05,13.358006079192355,13.358006079192355,13.250528335571289,13.250528335571289,260600
2005-01-06,13.235172543758539,13.262041976801138,13.177595814784803,13.18143367767334,258400
2005-01-07,13.246688834266948,13.246688834266948,13.12385671051828,13.177597045898438,430000
2005-01-10,13.127692759613476,13.285071470380847,13.127692759613476,13.227493286132812,244400
2005-01-11,13.146886149062185,13.192947821923443,13.127693907392842,13.143048286437988,368000
2005-01-12,13.127689081332747,13.231328905375673,13.05859586530413,13.219812393188477,498600
2005-01-13,13.219817310181128,13.223656637096077,13.108501722308755,13.123854637145996,775200
2005-01-14,13.146893970202472,13.254371758909103,13.131539582022938,13.246694564819336,228200
2005-01-18,13.204466105504467,13.35800552368164,13.177596670716602,13.35800552368164,386800
2005-01-19,13.377187370123488,13.377187370123488,13.223648071289062,13.223648071289062,350800
2005-01-20,13.131532303756691,13.131532303756691,12.981830762667252,12.98567008972168,771400
2005-01-21,12.985671718699635,13.031733399211273,12.916578465794966,12.939608573913574,669000
2005-01-24,12.943446079477555,12.974153374071356,12.812936782836914,12.812936782836914,681800
2005-01-25,12.897379343079757,12.920410905805452,12.835963306751713,12.847479820251465,539800
2005-01-26,12.905057963371103,12.931927390730547,12.832126869720325,12.916574478149414,539800
2005-01-27,12.916570308272547,12.954954773744614,12.862830006628759,12.889700889587402,95800
2005-01-28,12.858996833298862,12.87818907303107,12.755356981616108,12.828288078308105,512600
2005-01-31,12.828283346767344,12.993339183278943,12.828283346767344,12.966469764709473,769400
2005-02-01,12.98182896637512,13.012537721464428,12.935767298015197,12.977991104125977,729200
2005-02-02,12.9779958165333,13.047089076298484,12.966479297056058,13.016380310058594,599600
2005-02-03,12.993343629956973,12.993343629956973,12.935766912292419,12.989505767822266,955000
2005-02-04,13.012539710092064,13.108502388000488,12.993346003090972,13.108502388000488,313000
2005-02-07,13.12001671787027,13.169917717629904,13.085470097155781,13.143048286437988,405600
2005-02-08,13.14688659533689,13.150724458091364,13.081632678591227,13.112339973449707,111400
2005-02-09,13.146879973053194,13.146879973053194,12.95879257879341,12.966469764709473,276600
2005-02-10,13.031732505703287,13.039409695974586,12.943447013994847,13.02021598815918,1518400
2005-02-11,12.954958072739752,13.13536832780184,12.947280884835635,13.085467338562012,926200
2005-02-14,13.12769259606451,13.12769259606451,13.047084310540743,13.066276550292969,324600
2005-02-15,13.127696150200558,13.181435021765433,13.096987386863812,13.169919967651367,204200
2005-02-16,13.108501389357778,13.169917439969351,13.100824199997064,13.146885871887207,312800
2005-02-17,13.189108419002935,13.189108419002935,13.08163070678711,13.08163070678711,621200
2005-02-18,13.070117221081787,13.073956548421659,13.035570596394681,13.054762840270996,389400
2005-02-22,12.947281273256515,12.981827887724513,12.793741903389563,12.797579765319824,1011600
2005-02-23,12.832130269442176,12.905061382415195,12.80909869805758,12.878191947937012,723200
2005-02-24,12.897376611263017,12.901215936374323,12.797576122471545,12.889700889587402,739000
2005-02-25,12.882031891772618,12.966478062341913,12.862838182563095,12.951125144958496,543800
2005-02-28,12.951121148074925,12.966474060720234,12.835964785454252,12.897380828857422,922200
2005-03-01,12.897378825006207,13.062434690559053,12.897378825006207,13.043242454528809,719600
2005-03-02,12.989507296173649,13.120016588219347,12.985669433587377,13.050923347473145,662200
2005-03-03,13.127692080808842,13.127692080808842,12.993343479268319,13.035567283630371,207600
2005-03-04,13.05092320128949,13.158400923791206,13.05092320128949,13.146885871887207,372600
2005-03-07,13.146886436858969,13.204464627401611,13.139209247168335,13.158401489257812,304800
2005-03-08,13.16607629642535,13.169915622713011,13.073952965356742,13.089305877685547,1412400
2005-03-09,13.07011420377487,13.07011420377487,12.924250548294468,12.94344425201416,1033000
2005-03-10,12.935762485318717,13.008693555111066,12.90505374165447,12.966469764709473,957800
2005-03-11,13.01254120731545,13.035571315527791,12.91273919081388,12.951125144958496,346000
2005-03-14,12.947283411346527,12.985669358357685,12.908898928609528,12.970314979553223,757400
2005-03-15,13.050924006904568,13.10466287147265,12.98567008972168,12.98567008972168,2135600
2005-03-16,12.954961937818508,12.954961937818508,12.851322066603043,12.908900260925293,539600
2005-03-17,12.920415878295898,12.96647755720056,12.905061497236222,12.920415878295898,1960600
2005-03-18,12.935021183001751,12.935021183001751,12.788949217392666,12.84660816192627,1790800
2005-03-21,12.858144346904128,12.858144346904128,12.700540846156994,12.785107612609863,1261600
2005-03-22,12.858142919693334,12.858142919693334,12.669786821968032,12.677474975585938,535000
2005-03-23,12.646729654714607,12.692857131310843,12.615977026073086,12.635196685791016,653000
2005-03-24,12.627502558087908,12.73513524107624,12.627502558087908,12.654410362243652,642600
2005-03-28,12.673630735791576,12.781261946100804,12.665942582717307,12.742822647094727,1010600
2005-03-29,12.685159149102217,12.735131398756613,12.573683156167379,12.581371307373047,539200
2005-03-30,12.589064805871928,12.785107612609863,12.589064805871928,12.785107612609863,1405600
2005-03-31,12.723603399329305,12.8197031273193,12.723603399329305,12.746667861938477,2103600
2005-04-01,12.80048338480914,12.865831961891978,12.615972084332173,12.646724700927734,858800
2005-04-04,12.627503113386226,12.715916149632065,12.565999348844823,12.681320190429688,700600
2005-04-05,12.704381228362527,12.785104631943003,12.704381228362527,12.758196830749512,536600
2005-04-06,12.838923386420896,12.838923386420896,12.689006589046697,12.70438289642334,1143000
2005-04-07,12.685160086869388,12.777416441792681,12.654407479773285,12.762040138244629,413800
2005-04-08,12.754355263207511,12.788951221896209,12.646724043449515,12.66209888458252,929400
2005-04-11,12.700539637896908,12.700539637896908,12.589063608217064,12.592906951904297,431800
2005-04-12,12.6274965607942,12.738972534418172,12.50064575378716,12.712064743041992,2762800
2005-04-13,12.646719232416233,12.689001862403686,12.492959148656071,12.519866943359375,589600
2005-04-14,12.492962420717655,12.519870222468445,12.339202296685812,12.346890449523926,589400
2005-04-15,12.300765188044155,12.300765188044155,12.081657925441357,12.097033500671387,3507800
2005-04-18,12.070123944749001,12.139315856212663,12.039372065563223,12.120096206665039,3322400
2005-04-19,12.12778605038846,12.23926209295524,12.089346743610877,12.13547420501709,1231800
2005-04-20,12.097032582134206,12.123941119813367,11.920209447910105,11.935585021972656,365200
2005-04-21,12.123939989557785,12.239259350415654,12.050904003317074,12.231571197509766,567600
2005-04-22,12.26232219272475,12.26232219272475,11.962491582817332,12.047059059143066,697200
2005-04-25,12.131627237775389,12.170067268578787,12.073967558161595,12.154691696166992,1005800
2005-04-26,12.089340234010294,12.196971408125124,12.070119857788086,12.070119857788086,933000
2005-04-27,12.089344793857432,12.139316324518617,11.97402469257501,12.085500717163086,2197000
2005-04-28,11.993245323792497,12.070124659719554,11.9048330243615,11.908677101135254,639000
2005-04-29,11.9548054060292,11.997088784588229,11.770294118182482,11.935585021972656,1585400
2005-05-02,12.270013963178673,12.270013963178673,11.931743224946102,11.997090339660645,521200
2005-05-03,11.977867918849027,12.104719508025452,11.954804193503117,12.04321575164795,1134200
2005-05-04,12.147002795943763,12.30460551949318,12.10087461518151,12.300762176513672,2406000
2005-05-05,12.281546146300773,12.358426225821319,12.196977912191619,12.227729797363281,778400
2005-05-06,12.358426225821319,12.358426225821319,12.204666066780229,12.227729797363281,555200
2005-05-09,12.254635712170254,12.296919822692871,12.2123523348303,12.296919822692871,394800
2005-05-10,12.204664768090252,12.239260726874887,12.127784696750462,12.147005081176758,425600
2005-05-11,12.14700775876289,12.189291147455947,12.031687626332987,12.143163681030273,1267200
2005-05-12,12.147007168932213,12.227730597848828,12.077815239470645,12.081659317016602,819400
2005-05-13,12.070120997024572,12.173908838873345,12.004773178065987,12.073965072631836,1206200
2005-05-16,12.07396830592825,12.223883628845215,12.07396830592825,12.223883628845215,510800
2005-05-17,12.243102620503993,12.346889745167323,12.231570391904706,12.327670097351074,843800
2005-05-18,12.427611407067094,12.59674631714093,12.389170654983433,12.569838523864746,367200
2005-05-19,12.585220645950768,12.685163714867112,12.565999527835896,12.669787406921387,431800
2005-05-20,12.35074220268717,12.658261157272154,12.35074220268717,12.635196685791016,357600
2005-05-23,12.608281104981806,12.754353068348705,12.608281104981806,12.715913772583008,612200
2005-05-24,12.71207071712402,12.71207071712402,12.646723612033098,12.692851066589355,1025400
2005-05-25,12.650567018663697,12.689006319924662,12.596751410352205,12.654410362243652,575000
2005-05-26,12.68516207852005,12.738977683022604,12.662097619576706,12.719758033752441,674800
2005-05-27,12.742822492695783,12.742822492695783,12.696693574809098,12.719758033752441,987800
2005-05-31,12.700539472647522,12.708227626287346,12.639035709894292,12.67363166809082,2169600
2005-06-01,12.723604606465218,12.781265035275867,12.642881179222803,12.727449417114258,1338600
2005-06-02,12.67747485713966,12.819702031828687,12.67747485713966,12.792794227600098,356200
2005-06-03,12.758194710191212,12.827386606435475,12.677471320027887,12.700535774230957,473200
2005-06-06,12.719758033752441,12.742822492695783,12.681318735212114,12.719758033752441,742800
2005-06-07,12.696695225887478,12.865831680736008,12.696695225887478,12.73897933959961,403000
2005-06-08,12.781257455999201,12.788945606372593,12.677469625505513,12.685157775878906,798800
2005-06-09,12.66594221545898,12.765885269796017,12.619814764716134,12.73513412475586,852000
2005-06-10,12.731289315147578,12.762041926552955,12.669785558702042,12.73513412475586,902200
2005-06-13,12.742821074574346,12.823544472344642,12.681317323935298,12.754352569580078,710600
2005-06-14,12.731292481725076,12.919648607518647,12.731292481725076,12.888895988464355,628200
2005-06-15,12.919648607518647,12.958087914970925,12.812017373559797,12.888895988464355,528400
2005-06-16,12.881203190148405,12.950395091711947,12.881203190148405,12.915799140930176,237000
2005-06-17,12.953910608382888,13.023203558070735,12.938511848784135,12.969307899475098,307600
2005-06-20,12.896166577117654,12.996255582021034,12.884618241149813,12.977007865905762,406800
2005-06-21,13.03090264680018,13.03090264680018,12.926964681383401,12.984707832336426,772000
2005-06-22,12.992408093741997,13.042453336099788,12.919266176839665,12.980859756469727,955200
2005-06-23,12.953910237457967,12.98470628726711,12.753730773925781,12.753730773925781,428800
2005-06-24,12.74218170808098,12.74218170808098,12.63439332474824,12.64209270477295,1249200
2005-06-27,12.607443953471194,12.657489180346131,12.580496862501532,12.584345817565918,533000
2005-06-28,12.611297861786817,12.772981939614631,12.611297861786817,12.761433601379395,344400
2005-06-29,12.761437754304346,12.761437754304346,12.676745996999834,12.68444538116455,913000
2005-06-30,12.722939910800308,12.761436828832057,12.619000434875488,12.619000434875488,616400
2005-07-01,12.684442017526607,12.688290974334619,12.611298621611521,12.649795532226562,1095800
2005-07-05,12.6844376088604,12.780677649187858,12.615144662344111,12.76912784576416,515400
2005-07-06,12.72293945055948,12.761436367198637,12.638249170967763,12.653646469116211,434200
2005-07-07,12.545853379991218,12.703687008324069,12.49195918522,12.692138671875,821600
2005-07-08,12.722933837767423,12.89231725924086,12.692137786549157,12.888466835021973,2035800
2005-07-11,12.888471648794471,12.980862773969971,12.888471648794471,12.957764625549316,638400
2005-07-12,12.988557666013223,13.073247910593267,12.934662004999332,13.042451858520508,1113800
2005-07-13,13.100201214832625,13.100201214832625,12.980864437302216,13.007811546325684,350400
2005-07-14,13.107896811553273,13.157942057498285,13.04630322750821,13.07710075378418,488000
2005-07-15,13.080947651336547,13.161788942326002,13.054000554340064,13.130992889404297,391200
2005-07-18,13.088648638441333,13.177189320657028,13.050153200436883,13.142542839050293,653600
2005-07-19,13.184890367983373,13.23108519312719,13.150243881998756,13.22338581085205,2206400
2005-07-20,13.192591410327445,13.284981072240786,13.11559904639486,13.273432731628418,1537600
2005-07-21,13.281125433228718,13.319620861574624,13.196433728659974,13.242630004882812,471800
2005-07-22,13.242633366345164,13.327323623904915,13.223384178779606,13.308075904846191,297200
2005-07-25,13.30037499383287,13.369667949280295,13.204134941101074,13.204134941101074,595800
2005-07-26,13.277279407502686,13.319623800624125,13.234933545874464,13.311925888061523,463200
2005-07-27,13.338875915398607,13.346573829650879,13.238785408033793,13.346573829650879,504200
2005-07-28,13.373515800305267,13.485153123926862,13.373515800305267,13.481304168701172,875000
2005-07-29,13.473612706686337,13.481312090168169,13.335026741027832,13.335026741027832,932200
2005-08-01,13.358121582903857,13.392768065737165,13.319624675029694,13.338873863220215,529600
2005-08-02,13.361968184193637,13.404314041137695,13.338871512047149,13.404314041137695,422800
2005-08-03,13.396619083333286,13.396619083333286,13.32347714987985,13.346573829650879,1343200
2005-08-04,13.292683202151697,13.358127238994612,13.177195366643168,13.23108959197998,1392600
2005-08-05,13.188736039322485,13.21183418039375,13.092495987618856,13.130992889404297,3844200
2005-08-08,13.111742826403747,13.188733679183732,13.080945310486644,13.10019302368164,1964000
2005-08-09,13.165639649049645,13.27727846386116,13.127142746438771,13.246480941772461,987800
2005-08-10,13.304229764573925,13.396619423014865,13.207989680402113,13.238785743713379,894400
2005-08-11,13.261881380070578,13.319624538529752,13.19258841511408,13.296527862548828,622800
2005-08-12,13.242634108171163,13.29652831195737,13.107897130198731,13.261881828308105,3755200
2005-08-15,13.24263124655263,13.365818391017683,13.207984770390171,13.358119010925293,1009200
2005-08-16,13.350427132318284,13.350427132318284,13.077105593741186,13.080954551696777,2064400
2005-08-17,13.084797052302997,13.204133767236975,13.069398292793279,13.157938957214355,1123200
2005-08-18,13.107895777821753,13.15024163885824,13.057850535823471,13.104046821594238,3631800
2005-08-19,13.165642338131413,13.165642338131413,13.038604736328125,13.038604736328125,1311200
2005-08-22,13.08865035666576,13.123296842820743,12.938516072829835,13.030905723571777,1322200
2005-08-23,12.99241058724288,13.038605413704433,12.942365335280412,12.988561630249023,867000
2005-08-24,12.984709392372217,13.050153400189696,12.884620370924535,12.89616870880127,735400
2005-08-25,12.876918644075865,12.953910975746535,12.876918644075865,12.93081283569336,1162400
2005-08-26,12.896169374037273,12.911568137671816,12.8422751698233,12.876921653747559,369000
2005-08-29,12.749886508908656,12.926969387753173,12.749886508908656,12.915419578552246,1277200
2005-08-30,12.85767211496557,12.861521071076377,12.707536393523235,12.784528732299805,3321600
2005-08-31,12.788380305933481,12.89616870880127,12.730635679536109,12.89616870880127,2887400
2005-09-01,12.91541311824371,12.91541311824371,12.726783461565518,12.76912784576416,4040800
2005-09-02,12.780681258153823,12.81917669775243,12.688290147207521,12.722936630249023,3259200
2005-09-06,12.684439196194058,12.942361831665039,12.684439196194058,12.942361831665039,2708200
2005-09-07,12.973162118879657,13.050154470890714,12.915417487744621,13.03475570678711,4411000
2005-09-08,12.915420460343835,12.953917379463258,12.89232377737949,12.911571502685547,7672800
2005-09-09,12.915413490135524,13.034751672240178,12.915413490135524,13.019352912902832,3657400
2005-09-12,12.992406329551372,13.06939866076114,12.977007569608103,13.053999900817871,2633600
2005-09-13,13.01165798451172,13.01165798451172,12.865372657775879,12.865372657775879,1865400
2005-09-14,12.876921171166988,12.896168890735368,12.730635859134932,12.746034622192383,3661000
2005-09-15,12.761429934823662,12.811473698469278,12.722933037588792,12.76912784576416,1929000
2005-09-16,12.784174593094376,12.830451734137705,12.74560908295511,12.780317306518555,1943200
2005-09-19,12.764888061195633,12.807309376679942,12.572064969811267,12.626056671142578,2626200
2005-09-20,12.610633028265983,12.649197065914475,12.386957490758274,12.40623950958252,7039000
2005-09-21,12.34067825221318,12.356104453098084,12.20570193671725,12.209558486938477,8556800
2005-09-22,12.194135095830216,12.437091916600302,12.18642199407577,12.40623950958252,7693800
2005-09-23,12.417810239845533,12.5065087057794,12.359962710655553,12.452518463134766,888000
2005-09-26,12.548928633094233,12.602918869724395,12.3831006370881,12.437090873718262,1394600
2005-09-27,12.437090983483095,12.47179920321218,12.367674544024927,12.433235168457031,1507400
2005-09-28,12.42552244371379,12.46408647963724,12.305971578553223,12.32139778137207,4200400
2005-09-29,12.340679531507424,12.452517292831384,12.248124523288537,12.444804191589355,3989800
2005-09-30,12.456370302714964,12.54506874033794,12.433232475323157,12.529644012451172,3487800
2005-10-03,12.572065962473369,12.591349450033137,12.483367509967943,12.494937896728516,937800
2005-10-04,12.518075683400655,12.552783901311596,12.390813198476238,12.41009521484375,1184800
2005-10-05,12.417813387558562,12.417813387558562,12.197994339152249,12.201850891113281,2793400
2005-10-06,12.224985751218409,12.352248241780119,12.11314799175984,12.21341609954834,2597800
2005-10-07,12.26354724177579,12.298255454024497,12.190275003083324,12.224983215332031,3912600
2005-10-10,12.263549854010098,12.263549854010098,12.113148059270017,12.132430076599121,2495400
2005-10-11,12.109290642974257,12.209558744153211,12.059156960165657,12.086152076721191,3681400
2005-10-12,12.07072676935387,12.117004640848654,11.897186406262511,11.951176643371582,4074600
2005-10-13,11.858623328469431,12.012881696198926,11.858623328469431,11.985886573791504,3636000
2005-10-14,12.012881307430867,12.11314942710058,11.970460717404295,12.105436325073242,5346800
2005-10-17,12.151712939454566,12.167138406345076,12.039875178360639,12.12857437133789,3444000
2005-10-18,12.147854618973717,12.147854618973717,11.970457729988484,12.001309394836426,3990400
2005-10-19,11.935754082215682,12.22884464263916,11.889476199455032,12.22884464263916,4007600
2005-10-20,12.263549724958382,12.286689028183982,12.020592925584024,12.078439712524414,3083800
2005-10-21,12.201841346270847,12.201841346270847,12.016731410315334,12.063009262084961,3304600
2005-10-24,12.109290732787981,12.275118719215353,12.078439065701152,12.271262168884277,2881000
2005-10-25,12.298256387298151,12.298256387298151,12.117002948348137,12.182562828063965,2121400
2005-10-26,12.128570963284286,12.224982494834839,12.109288215637207,12.109288215637207,2617800
2005-10-27,12.144000917600165,12.144000917600165,11.85476621596788,11.86633586883545,4210000
2005-10-28,11.955029153315683,12.093861985314534,11.928034043885143,12.074579238891602,1877200
2005-10-31,12.221130492790085,12.332967528511269,12.213417390861206,12.275120735168457,3836400
2005-11-01,12.294403925146932,12.321399784468648,12.24812678029076,12.282835006713867,2513000
2005-11-02,12.298260211458825,12.514222668006965,12.298260211458825,12.498796463012695,2417400
2005-11-03,12.591354991966075,12.622205937617975,12.444808954527982,12.502655029296875,6520800
2005-11-04,12.572065136883511,12.572065136883511,12.471797775325484,12.548927307128906,1793600
2005-11-07,12.591348671674453,12.66462091805202,12.548927355463006,12.649194717407227,6092200
2005-11-08,12.645337864670728,12.645337864670728,12.479509899161753,12.506505012512207,2753400
2005-11-09,12.49494339622705,12.548933654461031,12.46794826711006,12.502655029296875,2485000
2005-11-10,12.47565272482563,12.714754403948836,12.47565272482563,12.691615104675293,1672000
2005-11-11,12.691622412531222,12.753325774999539,12.687766595993793,12.730186462402344,1682400
2005-11-14,12.8034527628409,12.8034527628409,12.714754322876253,12.737892150878906,2326800
2005-11-15,12.76103241624572,12.784171717123783,12.537356921128145,12.548927307128906,2862400
2005-11-16,12.548926135155838,12.587490161894237,12.49107862392492,12.541213035583496,2085000
2005-11-17,12.572068470883185,12.726327575398155,12.568212655276042,12.707045555114746,1882000
2005-11-18,13.061835123159746,13.061835123159746,12.707041359494756,12.791882514953613,1674000
2005-11-21,12.764889650486497,12.865158494319452,12.471799162385382,12.838163375854492,1563800
2005-11-22,12.822734346079981,12.911432783066942,12.78031303466811,12.89600658416748,1177000
2005-11-23,12.919149952825968,13.030987723397745,12.919149952825968,12.988566398620605,1616000
2005-11-25,13.027130436895954,13.027130436895954,12.946145073843464,12.988566398620605,163600
2005-11-28,13.216094009574059,13.216094009574059,12.85358715070292,12.869011878967285,982600
2005-11-29,12.861303224312934,12.957714797122248,12.822739183638749,12.84973430633545,1621200
2005-11-30,12.822739156463214,12.884442504085452,12.757179993231272,12.764891624450684,3407600
2005-12-01,12.822734779921703,12.923002133914038,12.815021680211009,12.911433219909668,2295400
2005-12-02,12.88829394873063,12.97699386003432,12.88829394873063,12.95385456085205,2030400
2005-12-05,12.899865451700062,12.919147467127797,12.826591733501804,12.876726150512695,8981200
2005-12-06,12.930717470834919,13.003991195202307,12.907579638822988,12.915292739868164,1379400
2005-12-07,12.93457708013235,12.953859100646788,12.849734424520186,12.903724670410156,2025200
2005-12-08,12.880586715773878,12.92300657206594,12.79188677420032,12.84973430633545,1047600
2005-12-09,12.84972986529432,12.888293892640252,12.776457624887708,12.869011878967285,1424800
2005-12-12,12.896008383611004,12.94614280146811,12.872870553156574,12.884439468383789,1043400
2005-12-13,12.85744575482427,12.984708249578214,12.818881719110632,12.942288398742676,1619800
2005-12-14,12.94229052757681,13.050271022235284,12.94229052757681,13.00784969329834,2103200
2005-12-15,13.000135099566348,13.06183844245447,12.934575941364356,12.980853080749512,938600
2005-12-16,13.019999571889477,13.019999571889477,12.919220232214675,12.950228691101074,1284600
2005-12-19,12.9192222924716,12.965735727536401,12.78355601213239,12.810688972473145,791000
2005-12-20,12.810689900477648,12.810689900477648,12.702158051252603,12.783556938171387,1893800
2005-12-21,13.136290029364263,13.136290029364263,12.744798996027633,12.795187950134277,4973400
2005-12-22,12.760295541581549,12.799057960510254,12.740915071434744,12.799057960510254,1469400
2005-12-23,12.83006622109674,12.84169568591531,12.791305281395026,12.822315216064453,2263400
2005-12-27,12.88433496555836,12.88433496555836,12.713783264160156,12.713783264160156,1263800
2005-12-28,12.752548352949036,12.7758043326311,12.72929089463144,12.737043380737305,1280600
2005-12-29,12.756421287251182,12.795182231337643,12.733163833618164,12.733163833618164,1050400
2005-12-30,12.663388744422994,12.744789065778765,12.647885259119997,12.655637741088867,1643800
2006-01-03,12.597499760714445,12.806812419303407,12.500595916401256,12.79130744934082,3390600
2006-01-04,12.79130570636231,12.810686176857047,12.72153482967316,12.802933692932129,6706800
2006-01-05,12.830065331496748,12.857198283133641,12.771923925975534,12.81456184387207,1272600
2006-01-06,12.872707916084279,12.934726324971171,12.814566489485287,12.919222831726074,644200
2006-01-09,12.930848411395614,13.051008224487305,12.926971429830266,13.051008224487305,1304400
2006-01-10,13.012250788379319,13.082021689011565,12.996745815208682,13.054888725280762,1055000
2006-01-11,13.175044513421755,13.229310418081553,13.047130756465085,13.120777130126953,1810800
2006-01-12,13.093651781186217,13.093651781186217,12.992872396672588,13.004500389099121,637400
2006-01-13,13.027753734628224,13.039381723379249,12.965735330230425,13.008373260498047,841600
2006-01-17,12.96186033592676,12.985117795630742,12.907594408586421,12.938604354858398,487800
2006-01-18,12.853323840064496,12.977360623092963,12.84169585372904,12.89596176147461,2426200
2006-01-19,12.946352138562984,13.047131470066791,12.930847171059296,12.992865562438965,1305400
2006-01-20,12.9928694653035,12.9928694653035,12.756423815070294,12.771928787231445,1931600
2006-01-23,12.791309330821248,12.818442292929117,12.73704340660551,12.764176368713379,1580800
2006-01-24,12.830065733357964,12.89596110270793,12.806809761875046,12.892084121704102,1427000
2006-01-25,12.89208685676165,12.923096796830986,12.79518301199796,12.845573425292969,2520200
2006-01-26,12.899843215942383,12.926976182334135,12.849454266149568,12.899843215942383,684000
2006-01-27,12.90371519786736,13.023875008564819,12.895962713526364,12.95798110961914,582600
2006-01-30,12.802934640834986,13.004494801900613,12.802934640834986,12.926971435546875,1155000
2006-01-31,12.888215133775569,12.926976091595778,12.841701688664166,12.880462646484375,1842800
2006-02-01,12.85720032537217,12.942476174710466,12.853324822509158,12.923095703125,1677800
2006-02-02,12.899839334750073,12.957982233030737,12.849450400117847,12.907591819763184,1506000
2006-02-03,12.837820940275636,12.88045886855331,12.802935497015294,12.845573425292969,1234200
2006-02-06,12.83782357127316,12.857204048470688,12.79518563425722,12.841700553894043,1594200
2006-02-07,12.806814303064469,12.861080227280207,12.733166424226937,12.764176368713379,3758200
2006-02-08,12.744791174535681,12.868827949291283,12.744791174535681,12.853322982788086,1179600
2006-02-09,12.853327522414874,12.92309841768644,12.845575036425199,12.849452018737793,958000
2006-02-10,12.837818872527164,12.919219212780606,12.799057932318926,12.89596176147461,907400
2006-02-13,12.892090775939632,12.892090775939632,12.810691876465459,12.864957809448242,598800
2006-02-14,12.872706984316027,13.012248763869925,12.833946036055677,13.008373260498047,869800
2006-02-15,12.992865729213912,13.074264591700477,12.94635230474089,13.066512107849121,1203000
2006-02-16,13.054884974664418,13.113027868032276,13.047132490306357,13.109150886535645,1427000
2006-02-17,13.078145432889004,13.082020936640962,13.027755012300286,13.031630516052246,1476600
2006-02-21,13.070391107761722,13.097524066114486,12.930849334155887,12.961857795715332,620400
2006-02-22,12.977362721896851,13.074266566724607,12.977362721896851,13.058761596679688,583600
2006-02-23,13.000624068721326,13.089775455214228,12.988994598388672,12.988994598388672,1051400
2006-02-24,12.97736342433126,12.981240406370006,12.88821205970041,12.96573543548584,793800
2006-02-27,13.016123050759564,13.116902382550352,13.016123050759564,13.082016944885254,1466000
2006-02-28,13.062635377263723,13.066510879507524,12.954102092182739,12.97348403930664,1397000
2006-03-01,12.992864487799592,13.074263342508832,12.93084610154946,13.070387840270996,3806600
2006-03-02,12.996743993874494,13.008373461440558,12.930850085086943,12.985116004943848,1945600
2006-03-03,12.950231578037668,13.054887922550838,12.911470626130066,12.977364540100098,1759400
2006-03-06,12.95022766922018,12.985113106861629,12.88045679393728,12.89596176147461,814000
2006-03-07,12.849454291831714,12.884339745638803,12.806816350663519,12.837824821472168,5432400
2006-03-08,12.802934415255116,12.895962748967545,12.802934415255116,12.861077308654785,1037000
2006-03-09,12.864954893154652,12.911469806854893,12.79518400123973,12.810688972473145,1013800
2006-03-10,12.833945232101437,12.938601560210895,12.822317244078821,12.930849075317383,1587800
2006-03-13,12.942476404544667,12.985114329970985,12.899838479118351,12.926971435546875,881000
2006-03-14,12.911466866727347,13.07038908909235,12.888209415173284,13.066512107849121,743600
2006-03-15,13.074268979769982,13.144039879214022,13.027755539685824,13.140164375305176,3434600
2006-03-16,13.147912550982259,13.206055447539823,13.14016154483418,13.1672945022583,1574400
2006-03-17,13.15062262979881,13.216531593651515,13.15062262979881,13.189393043518066,3307400
2006-03-20,13.17775977478949,13.216528701083721,13.135113068501994,13.158373832702637,642200
2006-03-21,13.09246897211889,13.181638703522859,13.061452641748797,13.084714889526367,1032400
2006-03-22,13.069210216790207,13.135119196969313,13.057579829263481,13.127365112304688,755800
2006-03-23,13.076962159888225,13.131239264711414,13.065331774266166,13.119608879089355,609000
2006-03-24,13.107982395334282,13.13124317350246,13.045951188651431,13.100228309631348,530200
2006-03-27,13.053696332950508,13.131235666711982,13.053696332950508,13.096343040466309,1775600
2006-03-28,13.057581895323935,13.150627968140979,13.018812944806944,13.026565551757812,3976400
2006-03-29,13.100224184548182,13.150623507336254,13.026561133036113,13.142870903015137,1277200
2006-03-30,13.135115115479387,13.185514431728173,13.045945387954648,13.088590621948242,1177000
2006-03-31,13.092473351061876,13.107981521433826,13.026564366451353,13.049826622009277,734400
2006-04-03,13.107982420284273,13.111858723672805,12.991672613459492,13.003304481506348,1430000
2006-04-04,12.99167092548489,13.080842160182264,12.964532368469317,13.076964378356934,2144200
2006-04-05,13.076963745772977,13.173887581551556,13.076963745772977,13.162257194519043,1163400
2006-04-06,13.115731475861574,13.208777510907664,13.115731475861574,13.189393043518066,660400
2006-04-07,13.220414436687019,13.290199736969655,13.107983878623477,13.131244659423828,948400
2006-04-10,13.104098563750616,13.158375659674528,13.080837796320337,13.111852645874023,756600
2006-04-11,13.173887420394612,13.173887420394612,12.991670138099042,13.00717830657959,1756000
2006-04-12,13.007174817364099,13.0188066800744,12.960651803342747,12.99554443359375,1208000
2006-04-13,13.325091203348764,13.325091203348764,12.964534343566228,13.026565551757812,644400
2006-04-17,13.045947699709236,13.045947699709236,12.906377152263705,12.960654258728027,1054200
2006-04-18,12.98391194372248,13.158373587738376,12.980034163801406,13.150619506835938,747400
2006-04-19,13.142869686399115,13.154500070744346,13.06145255916243,13.10409927368164,2808800
2006-04-20,13.115731074037955,13.193268941220833,13.073084359723362,13.154500007629395,1189600
2006-04-21,13.181640609952792,13.181640609952792,13.014931507452875,13.05370044708252,2525200
2006-04-24,13.053702925132,13.065334792381227,12.98004133427603,13.049826622009277,465800
2006-04-25,13.02656159559264,13.073086096812338,12.98779265684977,13.030439376831055,1138800
2006-04-26,13.053699909703923,13.15062373372824,13.04982360747663,13.119608879089355,1635800
2006-04-27,13.10021520705682,13.274678263526809,13.061444817319519,13.22427749633789,4334000
2006-04-28,13.216525077819824,13.274679930257962,13.18163246214481,13.216525077819824,1483600
2006-05-01,13.212656173426486,13.297948131420233,13.142870903015137,13.142870903015137,1233000
2006-05-02,13.158376309412532,13.216531188739706,13.127361458327384,13.154500007629395,3660000
2006-05-03,13.166130795286513,13.189393043518066,13.12736186050732,13.189393043518066,1262200
2006-05-04,13.20102271438624,13.266931674675254,13.20102271438624,13.263053894042969,2259800
2006-05-05,13.352221922734458,13.437515338507783,13.313452994986472,13.418130874633789,3301200
2006-05-08,13.418131747328648,13.476285142732838,13.418131747328648,13.437516212463379,1950400
2006-05-09,13.441395205990023,13.476287841796875,13.433642601535333,13.476287841796875,1222400
2006-05-10,13.464655793691247,13.4995484251899,13.445271327067552,13.484040260314941,614600
2006-05-11,13.445264752825489,13.453018831471507,13.325078752221126,13.34834098815918,1554000
2006-05-12,13.278556230248816,13.317325145914685,13.18163246214481,13.216525077819824,1811600
2006-05-15,13.201022088828587,13.259176964037225,13.138990912111334,13.251422882080078,2416600
2006-05-16,13.216528701083721,13.216528701083721,13.135113068501994,13.158373832702637,1280000
2006-05-17,13.111853754394495,13.111853754394495,12.964529139474314,12.976161003112793,1375800
2006-05-18,13.00717752452477,13.08471688332512,12.964530803237567,12.968408584594727,1421800
2006-05-19,12.999421300244945,13.092468811272061,12.949021982422773,13.057576179504395,1997000
2006-05-22,12.97616281008247,13.061454774648102,12.85210042622312,12.964530944824219,3256800
2006-05-23,12.995548245131486,13.014932716747435,12.867608070373535,12.867608070373535,1224400
2006-05-24,12.797817445539863,12.937387949200168,12.778432982018103,12.886988639831543,2467200
2006-05-25,12.93351658373288,13.011055946350098,12.910254331265614,13.011055946350098,2237800
2006-05-26,13.057578228409634,13.076962698224456,13.03819375859481,13.05370044708252,1078400
2006-05-30,12.956773348671826,12.976159292533724,12.855973243713379,12.855973243713379,1625800
2006-05-31,12.883112460680527,13.003298515753967,12.883112460680527,12.99554443359375,1071000
2006-06-01,13.026559562410467,13.212654580363173,12.972282465065922,13.19714641571045,2394600
2006-06-02,13.239793925558432,13.239793925558432,13.053698896410012,13.170008659362793,902400
2006-06-05,13.104101108518055,13.12736335940572,12.952900175098806,12.960654258728027,1536800
2006-06-06,12.956774144623298,12.956774144623298,12.813327320660349,12.894742965698242,5799400
2006-06-07,12.883115298754907,13.007177682768692,12.883115298754907,12.8986234664917,1816400
2006-06-08,12.82108134430077,12.910251071164284,12.681510822622245,12.879236221313477,3948200
2006-06-09,12.921879076240502,12.925755376712141,12.844339756352092,12.84821605682373,1102000
2006-06-12,12.82496269882549,12.840469388602191,12.669883969535507,12.677638053894043,1666800
2006-06-13,12.662124275166539,12.735785825526,12.565200482037909,12.576830863952637,7052600
2006-06-14,12.58459083569049,12.650499814918435,12.565206363778886,12.634991645812988,2324800
2006-06-15,12.689265441736778,12.945144249327674,12.689265441736778,12.91025161743164,2283800
2006-06-16,12.895096471947143,12.94172036643651,12.844589476066647,12.879556655883789,670200
2006-06-19,12.953374143849237,12.953374143849237,12.78630891261291,12.80962085723877,1101000
2006-06-20,12.817396956222261,12.840707428661618,12.755233226216918,12.763002395629883,705200
2006-06-21,12.801853009420869,12.941721743572952,12.751344526065967,12.887327194213867,597600
2006-06-22,12.844593154371333,12.875674277498508,12.766888123403108,12.786314010620117,1137600
2006-06-23,12.763000532832105,12.852362271141141,12.724148763036885,12.774657249450684,382600
2006-06-26,12.770773395504454,12.840707778930664,12.770773395504454,12.840707778930664,595200
2006-06-27,12.840706653296465,12.848477304340443,12.661986125585383,12.67752742767334,784200
2006-06-28,12.658101160353299,12.716378818279914,12.627018557112361,12.68918228149414,757800
2006-06-29,12.689181167420713,12.96891864362863,12.689181167420713,12.965032577514648,1267000
2006-06-30,13.007770300069375,13.015540950130402,12.953377231742136,12.972803115844727,1168600
2006-07-03,13.019426952470697,13.019426952470697,12.933952756687589,12.992230415344238,574400
2006-07-05,12.840706375074218,12.89509944910338,12.813509838059638,12.87178897857666,1193000
2006-07-06,12.867899941211563,12.930063651764284,12.840703410475983,12.879556655883789,612000
2006-07-07,12.794079204021585,12.937832486623076,12.75522744616158,12.782423973083496,635600
2006-07-10,12.805741424022498,12.871791226952357,12.759118992725188,12.79797077178955,557000
2006-07-11,12.797969246530283,12.797969246530283,12.658101969307708,12.786314010620117,861000
2006-07-12,12.805737391921584,12.805737391921584,12.568737760791315,12.58427906036377,1369200
2006-07-13,12.529887936367489,12.533772520812846,12.347282084382947,12.35505199432373,1182400
2006-07-14,12.320086286171312,12.320086286171312,12.149136390133442,12.195758819580078,3050800
2006-07-17,12.195761891633875,12.300663495888248,12.195761891633875,12.281237602233887,1093400
2006-07-18,12.261801960145247,12.26568728423207,12.094736729660776,12.207408905029297,2986400
2006-07-19,12.230724406354902,12.467724071583875,12.230724406354902,12.45218276977539,2757400
2006-07-20,12.409445280585626,12.44829779283161,12.277347183579295,12.289002418518066,1637600
2006-07-21,12.27734968341705,12.27734968341705,12.153022211755136,12.1763334274292,3437800
2006-07-24,12.23461010697811,12.459953802760825,12.23461010697811,12.44052791595459,2732800
2006-07-25,12.428869688106081,12.584278977558263,12.393902505348098,12.553197860717773,3181200
2006-07-26,12.494918779569472,12.510460079102867,12.401673205518946,12.409443855285645,4408000
2006-07-27,12.494919387705805,12.545427872597674,12.358935974369986,12.382247924804688,1529400
2006-07-28,12.432757916295415,12.553200792165613,12.432757916295415,12.533773422241211,5324800
2006-07-31,12.479383077676939,12.564858781350935,12.479383077676939,12.541546821594238,845000
2006-08-01,12.522115834930462,12.533771069016634,12.362821213319616,12.4249849319458,2523600
2006-08-02,12.459954042652393,12.549314309361666,12.448298806764287,12.52600383758545,1246800
2006-08-03,12.44829402531701,12.642555786702982,12.397785552368763,12.603702545166016,1043800
2006-08-04,12.751344951885168,12.821279321296602,12.553198559952754,12.60759162902832,4625600
2006-08-07,12.6114796867029,12.623136406215455,12.522119408308685,12.580398559570312,1541000
2006-08-08,12.623134125468482,12.623134125468482,12.421100907208482,12.45218276977539,3060600
2006-08-09,12.510466704396991,12.510466704396991,12.269581621411064,12.281237602233887,4976000
2006-08-10,12.29677466464479,12.459954644409986,12.261807473191524,12.448299407958984,5159600
2006-08-11,12.428875480479782,12.46384342058423,12.393908281425627,12.444416046142578,2764800
2006-08-14,12.564853413741474,12.599820597388526,12.46383792881662,12.479377746582031,3873800
2006-08-15,12.59981893772181,12.669753295804057,12.553196526366891,12.65421199798584,4862800
2006-08-16,12.65809656941201,12.797963786967763,12.646439856374359,12.782423973083496,5026200
2006-08-17,12.794083908339687,12.90287005602745,12.778542606641405,12.860132217407227,4186200
2006-08-18,12.902867454488055,12.902867454488055,12.766884797295843,12.856245040893555,7009600
2006-08-21,12.685295189629445,12.735802186762077,12.67752454035524,12.716376304626465,1106000
2006-08-22,12.67752872511573,12.747463109568614,12.661987421437246,12.70472526550293,831400
2006-08-23,12.661986840963623,12.70860926776143,12.553200684401995,12.592052459716797,2821600
2006-08-24,12.560971027349963,12.59982280171045,12.494921232416909,12.52600383758545,561200
2006-08-25,12.475495345236665,12.54154365806953,12.463840109348556,12.52600383758545,1276400
2006-08-28,12.5182314998737,12.696952009215536,12.5182314998737,12.65032958984375,5019400
2006-08-29,12.677530583661733,12.743578910827637,12.619251427373749,12.743578910827637,2389600
2006-08-30,12.712492912872442,12.766885980791587,12.693065546815651,12.751344680786133,1550200
2006-08-31,12.766886902844751,12.805738673564406,12.724149065793103,12.790197372436523,894000
2006-09-01,12.817397042114681,12.918412548262705,12.817397042114681,12.895100593566895,2298800
2006-09-05,12.895100029091715,12.941723936442399,12.8873293778666,12.933953285217285,1703600
2006-09-06,12.8795588064178,12.891214040936362,12.774657249450684,12.774657249450684,2578800
2006-09-07,12.712497435754349,12.887331935668929,12.712497435754349,12.817399024963379,2309600
2006-09-08,12.790198460702937,12.933953285217285,12.782429291578,12.933953285217285,706000
2006-09-11,12.933955716468168,13.066053847925804,12.883447215060716,13.034971237182617,1651200
2006-09-12,13.034968944320793,13.357444304605634,13.034968944320793,13.338018417358398,4548200
2006-09-13,13.353558927069077,13.415722658728596,13.310821083659356,13.392412185668945,4447200
2006-09-14,13.392412910440013,13.392412910440013,13.252544136111602,13.35744571685791,2214600
2006-09-15,13.418171571888777,13.453206020573251,13.34420913302656,13.414278030395508,5961000
2006-09-18,13.379239340226789,13.39870258666993,13.29360075888686,13.344204902648926,3872400
2006-09-19,13.35199575315989,13.371459007263184,13.278034793586937,13.371459007263184,3437400
2006-09-20,13.410385991290488,13.503810197936572,13.410385991290488,13.468775749206543,3207800
2006-09-21,13.519381087274338,13.534952283012373,13.351994445467854,13.394814491271973,5654200
2006-09-22,13.394815358025582,13.394815358025582,13.285819950708362,13.383137702941895,5794200
2006-09-25,13.414279526891384,13.636163898329459,13.379245074298469,13.589451789855957,4442000
2006-09-26,13.558307324358703,13.710122750806693,13.538842589726281,13.706229209899902,3895000
2006-09-27,13.663413753100714,13.784088317529186,13.655629638577437,13.682878494262695,6056000
2006-09-28,13.690659435034938,13.74126507741248,13.573878439891388,13.67898178100586,2887200
2006-09-29,13.710124822851997,13.717910420891469,13.597235878706133,13.605021476745605,2456400
2006-10-02,13.59723625155975,13.729588451958067,13.589450653306786,13.636162757873535,3643200
2006-10-03,13.651735549474479,13.79187336449973,13.612809038612443,13.752946853637695,4671200
2006-10-04,13.760730726003764,13.963151845821436,13.72958981485168,13.9514741897583,5966400
2006-10-05,13.924223053535554,14.017647256631243,13.823011767739134,13.990398406982422,3200600
2006-10-06,13.974831072848891,14.017649640327653,13.9125477652102,13.963151931762695,3194600
2006-10-09,13.9787173761347,14.09549834427017,13.920326149591675,14.060463905334473,2211000
2006-10-10,14.10718307117226,14.146109580993652,14.064363019398028,14.146109580993652,5808000
2006-10-11,14.091606431865186,14.146104118551614,14.03321520472939,14.111069679260254,914200
2006-10-12,14.20450456798721,14.317392070151254,14.181147764978327,14.297928810119629,3796800
2006-10-13,14.227851716348281,14.258994102478027,14.200602870960106,14.258994102478027,2385000
2006-10-16,14.212286671768082,14.274569986021724,14.200609014392818,14.247321128845215,1262800
2006-10-17,14.165568200919617,14.200602642276042,14.099392858885638,14.196710586547852,4380200
2006-10-18,14.301814001077195,14.30959811258281,14.165568290517925,14.208388328552246,5154400
2006-10-19,14.212287819145653,14.270679080638663,14.138326841545775,14.200610160827637,3883400
2006-10-20,14.243426108303654,14.243426108303654,14.134430702271983,14.181142807006836,5857600
2006-10-23,14.15389177141359,14.367990493774414,14.149998230398394,14.367990493774414,3074000
2006-10-24,14.329066859865398,14.422491073608397,14.305710063954095,14.422491073608398,2467400
2006-10-25,14.445846785032655,14.449738841583466,14.321280186092787,14.3718843460083,1450600
2006-10-26,14.438061390618326,14.578199187639965,14.418598137687768,14.570413589477539,2906400
2006-10-27,14.53148732165589,14.53148732165589,14.403027177298085,14.426383972167969,4738400
2006-10-30,14.42249207284818,14.535381033480817,14.38745761902947,14.515917778015137,2921200
2006-10-31,14.562624298095605,14.585981086659379,14.434165673371435,14.484769821166992,1755000
2006-11-01,14.508130084502588,14.5120221410534,14.356314634854062,14.3718843460083,4317600
2006-11-02,14.28624196539881,14.371880551464825,14.243421929890504,14.356310844421387,3902800
2006-11-03,14.375781299778486,14.403030156954996,14.181145757116932,14.247321128845215,8386200
2006-11-06,14.332958916708396,14.4536334681568,14.258997957082595,14.422491073608398,3559600
2006-11-07,14.422493014454345,14.508133126036004,14.38745855834833,14.461421012878418,4232800
2006-11-08,14.441947191574403,14.550944033684463,14.391343052864759,14.53148078918457,1692200
2006-11-09,14.554838701907679,14.554838701907679,14.457520976984574,14.484769821166992,2199600
2006-11-10,14.476981625654355,14.53148078918457,14.430269541864542,14.53148078918457,1572200
2006-11-13,14.500343455411466,14.628803586719053,14.500343455411466,14.550949096679688,3735000
2006-11-14,14.593774044770576,14.718340676714542,14.484777128106069,14.710555076599121,3204600
2006-11-15,14.745589537593402,14.811764911160644,14.71055507954269,14.765052795410156,1675600
2006-11-16,14.803976383151705,14.881830883972246,14.768941932030014,14.862367630004883,1965400
2006-11-17,14.815650278313829,14.835113525390625,14.749473456312042,14.835113525390625,9265800
2006-11-20,14.82344605176126,14.850694913367679,14.772840386655805,14.776732444763184,10451800
2006-11-21,14.772835546456594,14.827333251813702,14.765049947841137,14.819547653198242,1922600
2006-11-22,14.811754285946051,14.874037557251581,14.776719853027297,14.850682258605957,3699400
2006-11-24,14.827328651583777,14.831220707208432,14.733902982135016,14.772830963134766,789600
2006-11-27,14.757264368775799,14.772835566027343,14.547057660733252,14.558736801147461,2921200
2006-11-28,14.500343455411466,14.562626750452782,14.45752341164227,14.550949096679688,3602200
2006-11-29,14.648267634371265,14.691087680468453,14.597661990351776,14.652159690856934,1983200
2006-11-30,14.644375442849597,14.718337887453838,14.543165630432087,14.667732238769531,2804800
2006-12-01,14.652161710342417,14.765050668348685,14.53927275233615,14.648269653320312,2886800
2006-12-04,14.68719410661081,14.85068869271635,14.64048200413107,14.803975105285645,3589000
2006-12-05,14.788404880898693,14.944112378741204,14.788404880898693,14.92854118347168,3834000
2006-12-06,14.909081656584718,14.955793769112432,14.901296057004885,14.91686725616455,1986600
2006-12-07,14.924651493180141,14.96747154448427,14.835119333612935,14.846796989440918,1197000
2006-12-08,14.87015743815925,14.932440759457185,14.807874116861315,14.87794303894043,667800
2006-12-11,14.874042844759309,14.948005276630548,14.842901940511561,14.93243408203125,1249000
2006-12-12,14.901286395638355,14.905179935379506,14.815647825687202,14.850682258605957,2017200
2006-12-13,14.90907793186023,14.955790032717891,14.87015142863733,14.92854118347168,3448400
2006-12-14,14.948002421097161,15.09203223124937,14.909074442035372,15.084246635437012,1317800
2006-12-15,15.087372661700348,15.149878549594836,15.009239929267757,15.020960807800293,1936400
2006-12-18,15.02096102915692,15.067840073204142,14.981893917235952,15.00924015045166,3305600
2006-12-19,14.938923309349631,15.036588860170996,14.892042771969587,15.017054557800293,2136600
2006-12-20,14.993619305790874,15.079563997351963,14.993619305790874,15.013152122497559,3561200
2006-12-21,15.044402853628542,15.071750582642078,14.938925355719977,14.946737289428711,5625000
2006-12-22,14.931112572406748,14.981897594983776,14.895952908175873,14.935018539428711,1196000
2006-12-26,14.923297008300333,14.98970886995923,14.884229892390898,14.981895446777344,990000
2006-12-27,15.020963744108954,15.083469644222141,15.001430929746999,15.079562187194824,612600
2006-12-28,15.083469047109215,15.10300186069792,15.04049596305917,15.063936233520508,391000
2006-12-29,15.044402045342629,15.110815400364631,14.97799018057879,14.985803604125977,1328600
2007-01-03,15.067840229857831,15.169413231650417,14.938922484823186,15.048307418823242,4006400
2007-01-04,15.024873118402974,15.091286490605517,14.96236720411393,15.044405937194824,2673200
2007-01-05,15.001433845184284,15.040499481500365,14.923301082293621,14.94283390045166,2029800
2007-01-08,14.942833033215946,14.98580612482471,14.856886849998416,14.966273307800293,6240200
2007-01-09,15.04439996246155,15.063934263754096,14.958455295857775,15.048307418823242,2286600
2007-01-10,15.009244933734069,15.134258241463602,14.966273332313335,15.126444816589355,2033000
2007-01-11,15.118629558990376,15.302239805372945,15.106908677970637,15.294427871704102,1412800
2007-01-12,15.298330999576471,15.34130407807164,15.243638532494606,15.337396621704102,1654800
2007-01-16,15.310050605379587,15.403810186177287,15.310050605379587,15.392090797424316,1778600
2007-01-17,15.384277374836344,15.442875808859174,15.380369918413367,15.392090797424316,1676400
2007-01-18,15.427245210598667,15.501470464570101,15.415524335571355,15.47803020477295,2024600
2007-01-19,15.446788202520866,15.517107538030732,15.431161352350127,15.47413444519043,1963000
2007-01-22,15.501483361883897,15.505389329971138,15.356938698516585,15.376471519470215,4308000
2007-01-23,15.41553788791323,15.501484092470307,15.384285670966245,15.431164741516113,3004400
2007-01-24,15.462415109768555,15.489761352539064,15.415534559083287,15.489761352539062,1950600
2007-01-25,15.458505802358665,15.458505802358665,15.224109038013466,15.24364185333252,1849800
2007-01-26,15.259271447477715,15.282710233974893,15.126446193045695,15.169419288635254,2090800
2007-01-29,15.17723285131474,15.27489844621447,15.161607488727403,15.208486557006836,3368000
2007-01-30,15.228017891049458,15.267085019350006,15.196765678667584,15.251458168029785,2538400
2007-01-31,15.216298784633866,15.442882172015638,15.216298784633866,15.415535926818848,2298200
2007-02-01,15.41943270757875,15.48193858049724,15.399898411457453,15.47021770477295,2376600
2007-02-02,15.485855468013481,15.524922597553248,15.462416680548234,15.513201713562012,1215400
2007-02-05,15.489754296108703,15.493660261757197,15.415527536467277,15.462408065795898,1529600
2007-02-06,15.46241357609715,15.51710605621338,15.431159878740267,15.517106056213379,2747800
2007-02-07,15.532730593940489,15.61086334294613,15.501478388493172,15.591330528259277,1846000
2007-02-08,15.567886738116023,15.567886738116023,15.505380851089575,15.560074806213379,1925000
2007-02-09,15.575707430225158,15.62258798506988,15.341310617035932,15.415535926818848,2254400
2007-02-12,15.431156906258211,15.446783751926475,15.310051087716207,15.341304779052734,1739400
2007-02-13,15.376468867010999,15.478040412603885,15.356936049426803,15.47413444519043,1874000
2007-02-14,15.48975954689487,15.575704232615681,15.462413307312117,15.556171417236328,1983200
2007-02-15,15.552266858837523,15.606959342956543,15.49757288446008,15.606959342956543,2834400
2007-02-16,15.524915528691725,15.587421417236328,15.497567805336649,15.587421417236328,1662200
2007-02-20,15.56007885397565,15.708529442869866,15.528825157203213,15.700716018676758,1840200
2007-02-21,15.626488046455638,15.673367093322756,15.614768657303365,15.63820743560791,4133200
2007-02-22,15.65774611454971,15.673371474367688,15.536640261845093,15.603052139282227,2336800
2007-02-23,15.622590833581228,15.634310229299942,15.509298374104109,15.567896842956543,1592400
2007-02-26,15.567884726474434,15.579605603329657,15.384274545329939,15.435059547424316,1819200
2007-02-27,15.267075834559213,15.270981799910126,14.720148289455896,14.903759956359863,7062400
2007-02-28,15.349121436635407,15.349121436635407,14.798287677936946,14.954551696777344,10877600
2007-03-01,14.938919188075287,14.950638574058193,14.587322706011836,14.868599891662598,5320800
2007-03-02,14.81390973117144,14.89594992478451,14.747497873291058,14.759217262268066,3838600
2007-03-05,14.579507760257886,14.747492562977298,14.544348115729232,14.563880920410156,6012400
2007-03-06,14.692807097251228,14.849071099228304,14.62639374146088,14.813911437988281,2622400
2007-03-07,14.72796996123952,14.86860863678294,14.72796996123952,14.79828929901123,2607800
2007-03-08,14.82172483518026,15.017055954996723,14.81391141155662,14.915484428405762,1670200
2007-03-09,15.009243190906274,15.028777495952834,14.86469857316283,14.946737289428711,2513600
2007-03-12,14.919389755117281,14.970176261363351,14.88813755222147,14.927203178405762,818400
2007-03-13,14.841255251833989,14.872507447884136,14.61857646253442,14.653736114501953,1717800
2007-03-14,14.599043273800103,14.677175997278853,14.399806244674153,14.626389503479004,5315600
2007-03-15,14.645922025317736,14.72796070440217,14.63420114955027,14.657641410827637,1924400
2007-03-16,14.707743077159828,14.735138965312856,14.605985641479492,14.605985641479492,1925200
2007-03-19,14.742963917949607,14.82123851776123,14.715568031960112,14.82123851776123,2368000
2007-03-20,14.797753175657355,14.930819511413574,14.786011018438913,14.930819511413574,2645600
2007-03-21,14.926909684556191,15.185214830644245,14.87994551971215,15.16564655303955,3908400
2007-03-22,15.189125892478561,15.189125892478561,15.056059545187127,15.122591972351074,4584400
2007-03-23,15.06388825279317,15.173471784575824,15.06388825279317,15.130420684814453,2148400
2007-03-26,15.095198296625679,15.130421790553347,14.966046480866737,15.056061744689941,2417800
2007-03-27,14.997359772757504,15.009100443150034,14.926912764473943,14.962136268615723,3325800
2007-03-28,14.84863982972066,14.887777890410156,14.75862452958136,14.793848037719727,3322200
2007-03-29,14.91907992816325,14.91907992816325,14.746877019871384,14.844719886779785,6632600
2007-03-30,14.86428945056492,14.946477107583817,14.754705907873056,14.883857727050781,2737800
2007-04-02,14.90734512612839,14.94648169110181,14.836898114804828,14.934741020202637,2684800
2007-04-03,15.028664892587713,15.169557366267634,15.013009675635391,15.126507759094238,2689200
2007-04-04,15.106936415770116,15.130419238749344,15.067799870434909,15.083455085754395,3012800
2007-04-05,15.071716113546575,15.204782485961914,15.071716113546575,15.204782485961914,1554400
2007-04-09,15.23609481890442,15.23609481890442,15.15782020898633,15.19304370880127,1425400
2007-04-10,15.185210032430849,15.236088732497537,15.177382425269556,15.224348068237305,2728600
2007-04-11,15.204792749240577,15.236103207632398,15.091296069982297,15.106949806213379,1813600
2007-04-12,15.099115534106586,15.220439762472235,15.001272643894794,15.21261215209961,2247800
2007-04-13,15.228261125336246,15.240001789596478,15.130418275265217,15.224348068237305,2622000
2007-04-16,15.263492197492766,15.388730988394036,15.263492197492766,15.37699031829834,3262800
2007-04-17,15.357416160394207,15.439603805541994,15.357416160394207,15.439603805541992,1303000
2007-04-18,15.37307325294049,15.435692638153457,15.318281477499632,15.427865028381348,1650600
2007-04-19,15.294797915380487,15.36133034931546,15.271315089481485,15.306538581848145,3858400
2007-04-20,15.443521155829435,15.513968154955995,15.380901766935159,15.486572265625,1360200
2007-04-23,15.4826580714648,15.498311797817298,15.412211077504947,15.455262184143066,1581000
2007-04-24,15.431775442290386,15.431775442290386,15.290881490095728,15.40046501159668,3504800
2007-04-25,15.478746522252859,15.568761811334692,15.423954736982541,15.557021141052246,6752400
2007-04-26,15.588330184319153,15.592243243073447,15.478745130666372,15.533536911010742,3765200
2007-04-27,15.5100506335897,15.5100506335897,15.404380165304595,15.43177604675293,5667200
2007-04-30,15.455265013805853,15.455265013805853,15.236096382141112,15.236096382141113,3276600
2007-05-01,15.216526804028428,15.30262753276658,14.805586961024053,15.279146194458008,5701400
2007-05-02,15.34567714189225,15.486571129811951,15.341764083545096,15.455262184143066,6979200
2007-05-03,15.439599685201705,15.478736222076277,15.380893386926664,15.423944473266602,4579800
2007-05-04,15.46308721426115,15.525706594162607,15.380899558071201,15.459174156188965,2310000
2007-05-07,15.43960587990047,15.486570041585615,15.427863719756347,15.459174156188965,1999000
2007-05-08,15.380904625538028,15.427868802696217,15.353508731115394,15.392646789550781,2136000
2007-05-09,15.341765208737733,15.498312934491427,15.341765208737733,15.486572265625,4621400
2007-05-10,15.388722418933098,15.466996992898958,15.267396754637849,15.318275451660156,3558400
2007-05-11,15.357425712904238,15.38090705871582,15.298719362446263,15.38090705871582,2690800
2007-05-14,15.39264922458612,15.455268635024522,15.318287648277417,15.38090705871582,1813800
2007-05-15,15.341762242584295,15.467000996159374,15.279142865796755,15.326107025146484,6546200
2007-05-16,15.36916638581003,15.400475344546974,15.275236523670172,15.38090705871582,1969400
2007-05-17,15.34959663544911,15.439611936055526,15.34959663544911,15.404388427734375,2336200
2007-05-18,15.47091604958061,15.674429423631576,15.388728386876538,15.54527759552002,3790800
2007-05-21,15.584415599431448,15.654862600571143,15.549192098861603,15.603983879089355,6525200
2007-05-22,15.631380843554776,15.639208454548742,15.557020778558318,15.58833122253418,2270200
2007-05-23,15.686180566635114,15.744885433767983,15.588337628448912,15.596163749694824,5535000
2007-05-24,15.615720482113364,15.70182118054941,15.459171314652993,15.470911979675293,5078600
2007-05-25,15.48657449573711,15.549193893648761,15.478746884377625,15.525711059570312,3348600
2007-05-29,15.517881111559555,15.580500494017542,15.455261729101567,15.51396656036377,2917400
2007-05-30,15.44352704790417,15.654868125915527,15.412218087993914,15.654868125915527,3148000
2007-05-31,15.694007873535156,15.713577657022663,15.631388448083792,15.694007873535156,2658600
2007-06-01,15.756612560808676,15.807491262949295,15.721389073628783,15.78400993347168,3511000
2007-06-04,15.740960927144446,15.82314857714677,15.705737435291496,15.81532096862793,2728200
2007-06-05,15.74095858169648,15.76052685359602,15.639201179077364,15.721388816833496,3901400
2007-06-06,15.619636238809308,15.631376905860598,15.521793365478516,15.521793365478516,5718800
2007-06-07,15.51787926545028,15.52570538098312,15.232176780700682,15.232176780700684,7069600
2007-06-08,15.232179262970337,15.427865028381348,15.216525536390026,15.427865028381348,3879600
2007-06-11,15.349594426098946,15.431782102697126,15.326111592943402,15.37699031829834,2024400
2007-06-12,15.271316361752886,15.392642066226655,15.21261003859633,15.251748085021973,3262400
2007-06-13,15.310453867727523,15.427865028381348,15.255662092286665,15.427865028381348,2794200
2007-06-14,15.40829651689455,15.545277446384427,15.40829651689455,15.537449836730957,1898800
2007-06-15,15.65507235442849,15.682516638898456,15.588420881000479,15.615866661071777,5280400
2007-06-18,15.615860086418394,15.627621490353306,15.54136720656207,15.549208641052246,1575200
2007-06-19,15.529604448884893,15.60801729135057,15.47079444313549,15.600175857543945,6225200
2007-06-20,15.68251385852967,15.73348244733819,15.53745102410657,15.572736740112305,5319000
2007-06-21,15.521764735584396,15.588414686927647,15.388463337297155,15.545289039611816,5831400
2007-06-22,15.490400770795901,15.513925077517255,15.38454512955208,15.443353652954102,4572400
2007-06-25,15.439434794354456,15.517847660135839,15.32181624348289,15.380624771118164,3643400
2007-06-26,15.427674070298929,15.443356944789388,15.27476978302002,15.27476978302002,19500200
2007-06-27,15.259085285119049,15.459038174596396,15.208118191849277,15.431593894958496,3743400
2007-06-28,15.439436639417112,15.525689456043208,15.400229454040527,15.400229454040527,6325600
2007-06-29,15.447273642677018,15.553129273807173,15.329653615908814,15.419829368591309,3892400
2007-07-02,15.447281984930328,15.608027746642883,15.294376166675537,15.50217056274414,2482800
2007-07-03,15.52960582173972,15.560970064138322,15.46687584134181,15.525684356689453,3641600
2007-07-05,15.564892683648916,15.635464103780992,15.447274148629063,15.608019828796387,6692600
2007-07-06,15.584496064651,15.956956018146482,15.298290404445238,15.749161720275879,4295400
2007-07-09,15.745244817143389,15.757006224664291,15.655070536413772,15.690356254577637,2917200
2007-07-10,15.584497270031552,15.596258676171336,15.361021579769744,15.41199016571045,9010800
2007-07-11,15.337503333701127,15.506090534473023,14.714123136698468,15.50217056274414,5010000
2007-07-12,15.533538214208564,15.66291974352813,15.502173946726243,15.623712539672852,3846000
2007-07-13,15.635466049488244,15.733481756802185,15.619783177373773,15.702116012573242,3988600
2007-07-16,15.698195243022942,15.717798084367391,15.604099510728293,15.639385223388672,2074800
2007-07-17,15.662907925027614,15.674669329508639,15.623700750756244,15.65506649017334,3545600
2007-07-18,15.611936553222451,15.666825091781767,15.50607944502927,15.63546085357666,3318200
2007-07-19,15.65506869973324,15.713878721640372,15.635465857631193,15.670751571655273,2653400
2007-07-20,15.62762421841025,15.674671337963447,15.455115620713585,15.47079849243164,7011000
2007-07-23,15.635461781396932,15.635461781396932,15.470794660347009,15.494318962097168,3347000
2007-07-24,15.411993135158255,15.525690239484629,15.184595935302964,15.25124740600586,9405200
2007-07-25,15.388467322646344,15.388467322646344,15.117944486473553,15.200277328491211,9219200
2007-07-26,14.988558698548744,15.019924436323073,14.592575980552336,14.753321647644043,13686800
2007-07-27,14.72587693007523,14.816051180051543,14.522004127502441,14.522004127502441,11721200
2007-07-30,14.561220631880264,14.761173613851822,14.482807727099294,14.72980785369873,7006800
2007-07-31,14.843492211626506,14.933666441917701,14.498476659851264,14.506318092346191,6688400
2007-08-01,14.510241813571277,14.549448986186055,14.278924729746574,14.525924682617188,10044400
2007-08-02,14.604335571909228,14.710192680358887,14.514161330400373,14.710192680358887,10718400
2007-08-03,14.647473773718794,14.670996596299947,14.239727898826878,14.259330749511719,9537400
2007-08-06,14.306370622676935,14.490639100964907,14.173069225829934,14.486719131469727,9800800
2007-08-07,14.416154114877514,14.655312741462213,14.341662696597604,14.569058418273926,9487800
2007-08-08,14.643550706085346,14.784693608555807,14.52201214775915,14.733726501464844,12134600
2007-08-09,14.471039531604339,14.596499522204345,14.318135261535645,14.318135261535645,7957600
2007-08-10,14.165229254962462,14.39262489919832,14.02800637884002,14.255403518676758,11018400
2007-08-13,14.388705081108046,14.584736481407608,14.333816528320312,14.333816528320312,9877800
2007-08-14,14.310291473161522,14.310291473161522,13.95743437284324,13.969197273254395,9503200
2007-08-15,13.906467610078447,14.106418974485399,13.749641896174321,13.820213317871094,9235000
2007-08-16,13.628099951174226,13.859417023640678,13.424228645990818,13.839814186096191,14444600
2007-08-17,14.161304642310464,14.431828868934023,13.820210503959613,13.93782901763916,11844400
2007-08-20,14.063288546030446,14.122098548918535,13.941750066942463,14.012321472167969,11854400
2007-08-21,14.012320590939076,14.173066227043396,13.977034890545426,14.106414794921875,5679200
2007-08-22,14.26323721145083,14.341650027298071,14.19266582674832,14.294601440429688,8271000
2007-08-23,14.392621700866375,14.427907404530847,14.224034616202845,14.239717483520508,3795200
2007-08-24,14.294607598792485,14.525924682617188,14.282846194808407,14.525924682617188,5526400
2007-08-27,14.451435397482891,14.478879674499849,14.3181339824287,14.32597541809082,3659600
2007-08-28,14.282849412896786,14.306373721765947,13.980960845947266,13.980960845947266,5259800
2007-08-29,14.075054567185088,14.427910176009833,14.043688826524667,14.420068740844727,3746000
2007-08-30,14.259327985729069,14.420073723151207,14.231883700969291,14.361265182495117,3459000
2007-08-31,14.482794236094065,14.63961989956984,14.416144301257102,14.596492767333984,6452600
2007-09-04,14.518078930248517,14.623936021424221,14.471031832703849,14.616094589233398,6038600
2007-09-05,14.42007614910269,14.463203316866768,14.322060402584913,14.384790420532227,8725800
2007-09-06,14.435751611174938,14.478878756782601,14.325974510065128,14.420068740844727,3451200
2007-09-07,14.20051413658925,14.208355571532353,14.063291268486122,14.075054168701172,17765200
2007-09-10,14.14954599146158,14.17699026680422,13.933911758511904,14.000561714172363,11944000
2007-09-11,14.059373929083431,14.208358229673236,14.055452463077845,14.157389640808105,6486000
2007-09-12,14.141706442348982,14.235802181502411,14.133865006119443,14.165230751037598,2349800
2007-09-13,14.29069373722673,14.443598036774452,14.220122291958344,14.361265182495117,5622200
2007-09-14,14.286771340921577,14.455358505249023,14.208359958481953,14.455358505249023,7986600
2007-09-17,14.314214474218149,14.361263094624613,14.263247378846177,14.278928756713867,3090600
2007-09-18,14.388694646401976,14.835645675659181,14.345567530315789,14.83564567565918,8894800
2007-09-19,14.906226240888211,15.325733272363646,14.776844812840277,14.863099098205566,10952800
2007-09-20,14.8238999210022,14.8238999210022,14.569058418273926,14.569058418273926,5940400
2007-09-21,14.731300772234597,14.731300772234597,14.558454049316724,14.574166297912598,4722000
2007-09-24,14.605589235522942,14.637015221455773,14.452383995056152,14.452383995056152,5671600
2007-09-25,14.338460577978617,14.338460577978617,14.177398478003392,14.263822555541992,16770200
2007-09-26,14.365957967232792,14.805932200568083,14.263821653591375,14.468095779418945,13297600
2007-09-27,14.479882404137859,14.479882404137859,14.397387504577637,14.397387504577637,6220600
2007-09-28,14.420954559081611,14.468095779418945,14.365957967232792,14.468095779418945,4967000
2007-10-01,14.475945598323106,14.65665054321289,14.475945598323106,14.65665054321289,6250400
2007-10-02,14.644871210103508,14.707724676726682,14.629158967356352,14.652728080749512,9103600
2007-10-03,14.62522489291682,14.802000676985989,14.613440340160325,14.735218048095703,15047200
2007-10-04,14.758794041728327,14.758794041728327,14.644871661665857,14.660585403442383,8029200
2007-10-05,14.758793320167275,14.986638069152832,14.750936449663136,14.986638069152832,11743000
2007-10-08,14.911995889465334,14.911995889465334,14.817716457317623,14.888426780700684,5501800
2007-10-09,14.87663882324241,14.915923163728507,14.774502535067283,14.911993980407715,7098600
2007-10-10,14.888424506751667,14.919850479819612,14.821641878847753,14.849140167236328,4303600
2007-10-11,14.892355159730739,15.025918943615775,14.747006820914402,14.78236198425293,10834200
2007-10-12,14.829498248789676,14.919849978824537,14.790215409137744,14.856996536254883,6294400
2007-10-15,14.534880419186225,14.888432163935821,14.534880419186225,14.621304512023926,5893000
2007-10-16,14.613450665765802,14.664519594702263,14.542740302175442,14.574166297912598,6700200
2007-10-17,14.664510912010346,14.695936889140535,14.413095602246244,14.589871406555176,9819600
2007-10-18,14.448447682927181,14.534871724063867,14.342382222953303,14.456304550170898,9970200
2007-10-19,14.440591364063913,14.570227430691864,14.134181022644043,14.134181022644043,15145400
2007-10-22,14.067406273891063,14.314890970216043,13.835633821229221,14.259894371032715,6265000
2007-10-23,14.405238243442023,14.405238243442023,14.193108784029809,14.326672554016113,10475400
2007-10-24,14.259888151612142,14.334527645274173,14.071327822990236,14.279529571533203,12349600
2007-10-25,14.287390863914222,14.369887250802082,14.063475310671631,14.193111419677734,9025400
2007-10-26,14.267742500868872,14.358094215393068,14.149892503600094,14.358094215393066,7117600
2007-10-29,14.338461720008935,14.409172062073397,14.314891106472464,14.397387504577637,4356800
2007-10-30,14.346318696390515,14.413099854082802,14.334534138808339,14.354175567626953,3921400
2007-10-31,14.39345831971575,14.479882404137859,14.267751377944473,14.397387504577637,7409800
2007-11-01,14.318817218435372,14.342386328368828,14.032048225402832,14.032048225402832,7494000
2007-11-02,14.287386364041932,14.287386364041932,13.910265708782221,14.024188041687012,8737600
2007-11-05,13.937767679715801,13.992764269157666,13.792419336398776,13.835631370544434,7736400
2007-11-06,13.784566036920916,13.96919877662006,13.780638350319789,13.957412719726562,4781200
2007-11-07,13.78063562963582,13.925983981902569,13.650999519216592,13.67064094543457,10409000
2007-11-08,13.749209164903423,13.827776374126131,13.419228085003946,13.631359100341797,11425600
2007-11-09,13.285663053033351,13.52136316040878,13.285663053033351,13.32101821899414,9484800
2007-11-12,13.32101581188394,13.564572745300396,13.218879516755901,13.340657234191895,7027400
2007-11-13,13.59600138707281,13.72956516819587,13.423153259416738,13.70992374420166,6772000
2007-11-14,13.729567591971211,13.776707317588134,13.427084813718304,13.493865966796875,7855800
2007-11-15,13.376014711662823,13.517435374457698,13.309233564534534,13.364230155944824,5805800
2007-11-16,13.552789619491499,13.552789619491499,13.234593149818679,13.360300064086914,11178600
2007-11-19,13.234590838298473,13.328871756805095,13.030316763654428,13.065671920776367,10551600
2007-11-20,13.191385534583835,13.2306683920309,12.857475252103976,13.077463150024414,7092200
2007-11-21,12.900688512690468,13.081392071683506,12.84569190765303,12.951757431030273,7003400
2007-11-23,13.148173775038362,13.17959976196289,13.010680773926715,13.17959976196289,3247200
2007-11-26,13.297450103382761,13.297450103382761,12.837834358215332,12.837834358215332,16893600
2007-11-27,12.81819200465785,13.093176494055637,12.81819200465785,13.042107582092285,7271200
2007-11-28,13.159954719689445,13.548861503601074,13.159954719689445,13.548861503601074,7939000
2007-11-29,13.387801119157702,13.592073750201372,13.324946157550707,13.415299415588379,6007000
2007-11-30,13.686353328416093,13.80420337258037,13.592072393957901,13.611715316772461,6983200
2007-12-03,13.698138028957896,13.713851767958824,13.54100513458252,13.54100513458252,4839800
2007-12-04,13.57243504639149,13.584221103329284,13.446728095052169,13.497797012329102,5976000
2007-12-05,13.572434597220239,13.588148340253884,13.40744479100201,13.478155136108398,7529600
2007-12-06,13.556719179677907,13.674570739328356,13.39565707983977,13.596003532409668,5234800
2007-12-07,13.654925659055442,13.74920659219008,13.650997973674437,13.70992374420166,8197800
2007-12-10,13.64707033264586,13.753134322268217,13.623499724649449,13.717779159545898,3517400
2007-12-11,13.717778547863661,13.792418053918455,13.277804374694824,13.277804374694824,8841600
2007-12-12,13.49779404879808,13.643142398394769,13.167812999345639,13.32101821899414,7165000
2007-12-13,13.14817177031855,13.344589028920048,13.128528845622593,13.234594345092773,6926200
2007-12-14,13.43101341480114,13.43101341480114,13.061749458312988,13.061749458312988,3812200
2007-12-17,13.077458194157868,13.104956483658983,12.93996524810791,12.93996524810791,5943400
2007-12-18,12.971397686998174,13.11674605837027,12.900687344483107,13.061749458312988,7779400
2007-12-19,12.991037925497997,13.077462002552267,12.900686162461636,12.94389820098877,6263400
2007-12-20,12.943898546952967,13.034250312404248,12.861403652220693,13.006752014160156,4704800
2007-12-21,13.09181579901973,13.170944633591885,13.032468795776367,13.032468795776367,10097600
2007-12-24,13.18677003138842,13.293592216979967,13.18677003138842,13.273810386657715,2404600
2007-12-26,13.14720486629055,13.234246730848557,13.131378798324201,13.230289459228516,3658800
2007-12-27,13.11159387439781,13.182809654186562,13.04037809460906,13.04433536529541,5326800
2007-12-28,13.170944561115482,13.170944561115482,12.984992027282715,12.984992027282715,1319400
2007-12-31,12.85047433805357,13.064121752010147,12.85047433805357,12.937516212463379,6411000
2008-01-02,13.052251697624973,13.052251697624973,12.704085742764898,12.739693641662598,7802000
2008-01-03,12.700125925875327,12.74760412106189,12.533956770492258,12.597259521484375,19174000
2008-01-04,12.494390706755254,12.494390706755254,12.158094415031659,12.201615333557129,11970200
2008-01-07,12.320311634355248,12.336137702261986,12.138316381198461,12.245140075683594,12243800
2008-01-08,12.27678656774031,12.387565980456692,11.984011219717058,12.007749557495117,8600400
2008-01-09,11.956320153922707,12.118533573846657,11.738717006598904,12.094795227050781,13422200
2008-01-10,12.023578949296104,12.37570139333489,11.984015291100913,12.264921188354492,12248800
2008-01-11,12.10270710744352,12.138315001558038,11.912798841918331,11.972145080566406,7922200
2008-01-14,11.980059649834367,12.098752142350564,11.924669165982138,12.086882591247559,6008600
2008-01-15,11.889057592253907,11.952360335978717,11.766408620615614,11.86531925201416,13000400
2008-01-16,11.726845674218932,12.102706422086287,11.726845674218932,11.93257999420166,13234200
2008-01-17,11.904888670180641,12.027537693482229,11.718936876489295,11.734762191772461,13784400
2008-01-18,11.896974029646133,12.00775424019193,11.643762982259677,11.679370880126953,12769600
2008-01-22,11.22042407208469,12.035447594605516,11.042384605079201,11.908842086791992,56795800
2008-01-23,11.631894116428086,12.38361502359668,11.631894116428086,12.344051361083984,24829800
2008-01-24,12.458783707150644,12.466696739196777,12.272831981836134,12.466696739196777,14407600
2008-01-25,12.577479550118845,12.577479550118845,12.130402956330832,12.209531784057617,13314000
2008-01-28,12.14227214162453,12.431091071270957,12.007753591312525,12.411309242248535,14947600
2008-01-29,12.462741016415018,12.49439239198586,12.272832762989967,12.450871467590332,9528800
2008-01-30,12.411306652954327,12.68430021335554,12.336134360020726,12.371742248535156,25846800
2008-01-31,12.213484636279222,12.917728576929898,12.130399316632811,12.890033721923828,15836000
2008-02-01,12.890037921514615,13.016643445435292,12.755519363691786,13.004773139953613,16413800
2008-02-04,13.012683047649682,13.012683047649682,12.700125075260486,12.818819046020508,12954600
2008-02-05,12.569568140294432,12.68034760786952,12.391528632222292,12.45878791809082,14008400
2008-02-06,12.537915733323826,12.640782912415919,12.27283512883264,12.324268341064453,9878200
2008-02-07,12.296571619080908,12.644736764887229,12.28470206976097,12.561652183532715,12868400
2008-02-08,12.530001920919252,12.577479367792765,12.344050159473861,12.490437507629395,10974000
2008-02-11,12.46274338202334,12.684303807702914,12.348006652157654,12.621000289916992,10401800
2008-02-12,12.660561400275622,12.826730544211106,12.573520312314903,12.644735336303711,8849800
2008-02-13,12.775301848527711,12.858386444872908,12.656608597797947,12.806952476501465,14072600
2008-02-14,12.893991456122244,12.893991456122244,12.565608152202616,12.684301376342773,9939000
2008-02-15,12.54582494955566,12.759472289650452,12.494391749881885,12.751559257507324,8393800
2008-02-19,12.814866108519375,12.814866108519375,12.56561155322958,12.605175971984863,8150600
2008-02-20,12.510217661722308,12.779253959655762,12.474609772140417,12.779253959655762,21552400
2008-02-21,12.787165607042432,12.818817731801788,12.466695390135845,12.474608421325684,12025800
2008-02-22,12.549782326116492,12.747604370117188,12.375700134801212,12.747604370117188,8798000
2008-02-25,12.688258793090762,12.917732238769531,12.56165327452897,12.917732238769531,13377800
2008-02-26,12.787167103918641,13.11159387439781,12.787167103918641,13.04433536529541,13546400
2008-02-27,12.925643441365969,13.075988056887393,12.921687679309233,13.016642570495605,8892000
2008-02-28,12.886080681189124,12.913775545285388,12.66847753075124,12.708041191101074,13229000
2008-02-29,12.569565695674745,12.581434490818875,12.264920709835756,12.391526222229004,18260200
2008-03-03,12.340096030387794,12.399442284491379,12.197664416836341,12.363834381103516,9788400
2008-03-04,12.28074859550948,12.399441092304551,12.181837929970758,12.344051361083984,14968600
2008-03-05,12.336140310685863,12.541874709204412,12.253054945864344,12.34800910949707,10044000
2008-03-06,12.221399706027686,12.387569628668427,12.00775309384866,12.047317504882812,12937200
2008-03-07,11.88114679152014,12.130401281578516,11.841582383119103,11.93257999420166,15683000
2008-03-10,12.0077548349191,12.035449700270124,11.730804672151878,11.794107437133789,13975600
2008-03-11,12.11853400948813,12.11853400948813,11.805976709116464,12.114578247070312,14955000
2008-03-12,12.217443189461433,12.2807466998931,12.027534922051549,12.047317504882812,8217200
2008-03-13,11.857408169966108,12.146227834654548,11.742672211085786,12.059185981750488,18028600
2008-03-14,12.166011042049798,12.166011042049798,11.695196094492395,11.88510513305664,17843200
2008-03-17,11.596284664098325,11.805975518635886,11.517156595037118,11.726846694946289,17814200
2008-03-18,11.944455437601624,12.237230996846316,11.841588226846131,12.189753532409668,11204200
2008-03-19,12.375706271438583,12.375706271438583,12.02754020690918,12.02754020690918,15525600
2008-03-20,11.987920928077074,12.443509308446664,11.987920928077074,12.380123138427734,12701400
2008-03-24,12.53858697406582,12.827787188193348,12.471239082504978,12.792132377624512,20680800
2008-03-25,12.899095795006053,12.899095795006053,12.617819062150485,12.689127922058105,14962200
2008-03-26,12.633662431916406,12.653471073865774,12.423696116610111,12.451427459716797,15503800
2008-03-27,12.613859249345653,12.613859249345653,12.324659769643159,12.332582473754883,9488400
2008-03-28,12.320695273791136,12.320695273791136,12.015648943102393,12.094882011413574,8459600
2008-03-31,12.051304761027039,12.285041501002596,12.019611682163706,12.170153617858887,10381800
2008-04-01,12.336542859171878,12.756477111859521,12.336542859171878,12.716859817504883,19913000
2008-04-02,12.756477111859521,12.914941755542312,12.716859817504883,12.716859817504883,15010400
2008-04-03,12.720827301022036,12.776290023666524,12.578208007795725,12.756482124328613,12730000
2008-04-04,12.760436245184225,12.780244133881947,12.598009139870845,12.697050094604492,6474800
2008-04-07,12.74855133461368,12.780243653088762,12.625740766938401,12.649510383605957,6306800
2008-04-08,12.598016683809567,12.641594971787107,12.554439151454996,12.621787071228027,9169600
2008-04-09,12.613857763671502,12.625742951873304,12.312773129829436,12.344466209411621,13431800
2008-04-10,12.3405058150487,12.55047296225977,12.324659651354628,12.475201606750488,12851200
2008-04-11,12.376157344140687,12.39596598803086,12.185998896530057,12.245423316955566,7766400
2008-04-14,12.237499326421585,12.237499326421585,12.14242010675724,12.1582670211792,6600200
2008-04-15,12.205806918636377,12.217692105100802,12.079034618839211,12.142420768737793,5755200
2008-04-16,12.269194504190539,12.411813735961914,12.213731805445047,12.411813735961914,12742200
2008-04-17,12.36823371462616,12.475198123278426,12.324656209918654,12.46727466583252,8461400
2008-04-18,12.728748370682217,12.764403187287597,12.578205643765557,12.704977989196777,9719400
2008-04-21,12.64555354672874,12.708940475067132,12.57028218327041,12.704977989196777,6852200
2008-04-22,12.65743614238512,12.65743614238512,12.411814206753593,12.522740364074707,8309600
2008-04-23,12.526699397106505,12.625740344802841,12.42369672082762,12.518775939941406,5179000
2008-04-24,12.550471207423946,12.800054862406892,12.487085050265046,12.693090438842773,10415400
2008-04-25,12.76835969248031,12.839669300729877,12.605932587299638,12.81986141204834,11359400
2008-04-28,12.843634765521331,12.910983424085133,12.740632801609447,12.8040189743042,7565400
2008-04-29,12.823825948947924,12.922866931123524,12.784210160575865,12.907021522521973,6172800
2008-04-30,12.95059775966681,13.025869870262635,12.459355354309082,12.459355354309082,12424600
2008-05-01,12.76835772013807,13.291293759026367,12.724779465023245,13.176405906677246,13716600
2008-05-02,13.326955729650352,13.326955729650352,13.06548756949504,13.148681640625,9153400
2008-05-05,13.06944768581116,13.101140011866251,12.954559792465101,13.00209903717041,12188800
2008-05-06,12.926827628179163,13.06152340575157,12.827786659706664,13.057560920715332,7715600
2008-05-07,13.089255216912916,13.168488296729857,12.81194019317627,12.81194019317627,9101200
2008-05-08,12.926825123967493,12.934748581259774,12.74062765571128,12.831745147705078,7423200
2008-05-09,12.756482124328613,12.855523132264013,12.64951765440888,12.756482124328613,6825200
2008-05-12,12.811939891437596,13.033792207451048,12.772324108084781,13.017945289611816,3754400
2008-05-13,13.04963998723785,13.105104209761821,12.966445920320199,13.065486907958984,4984800
2008-05-14,13.128869743589396,13.291296861594912,13.097177421445595,13.212063789367676,7376600
2008-05-15,13.140756615543921,13.358647982439516,13.081332933773208,13.338838577270508,10841200
2008-05-16,13.374493049756236,13.374493049756236,13.124910872442268,13.247720718383789,7138200
2008-05-19,13.212064035346046,13.350722292136497,13.152640363503153,13.251681327819824,7380200
2008-05-20,13.124915063650992,13.132838525797661,12.942678456769352,13.045681953430176,10777200
2008-05-21,13.037756533869365,13.037756533869365,12.689131807985824,12.768364906311035,11111800
2008-05-22,12.665357308887232,12.83570863144603,12.637625961827384,12.712897300720215,6266000
2008-05-23,12.728744043007422,12.736667500808654,12.518776945009918,12.558393478393555,7335200
2008-05-27,12.514813522771806,12.740626750195219,12.514813522771806,12.653470993041992,10312600
2008-05-28,12.712895407265666,12.930785177959942,12.649509264677425,12.653470993041992,6613200
2008-05-29,12.712894282038937,12.922860577419819,12.712894282038937,12.899091720581055,7481200
2008-05-30,12.934752247173314,12.958521114541677,12.744592240754129,12.800056457519531,5793800
2008-06-02,12.76836090443339,12.807978196801916,12.542547627290926,12.6732816696167,8423400
2008-06-03,12.736668673241711,12.748553105415017,12.554432905150868,12.689127922058105,8552200
2008-06-04,12.669318594490376,12.871362985993287,12.629702061952992,12.764398574829102,13189000
2008-06-05,12.79213695551045,12.930793762207033,12.760443107553604,12.930793762207031,7497200
2008-06-06,12.811941721208647,12.811941721208647,12.384084701538086,12.384084701538086,11326200
2008-06-09,12.41973985115185,12.55839738329744,12.289005779271209,12.376161575317383,11028800
2008-06-10,12.316734951220043,12.53462478052209,12.253348791582262,12.423699378967285,9938600
2008-06-11,12.399926252404754,12.411811438059498,12.16222858428955,12.16222858428955,12688800
2008-06-12,12.292964554564636,12.392005517201925,12.166191487665937,12.261271476745605,13871800
2008-06-13,12.340506148628048,12.752516238906244,12.336544418691762,12.566319465637207,5659000
2008-06-16,12.495009799007406,12.594050774247645,12.415776716566146,12.526702880859375,8566600
2008-06-17,12.641592170157283,12.641592170157283,12.372200550767731,12.399931907653809,12109200
2008-06-18,12.312774140698451,12.320697600150163,12.086960835683463,12.126577377319336,12854600
2008-06-19,12.114688564347107,12.316732186193539,12.09091894872472,12.28107738494873,7897800
2008-06-20,12.150666421921029,12.166570799854211,11.880298063956772,11.920058250427246,14874600
2008-06-23,12.031386195482696,12.031386195482696,11.697401854319233,11.713305473327637,9241400
2008-06-24,11.733187800288757,11.840540089429187,11.542339791836373,11.761019706726074,8440400
2008-06-25,11.840537377918865,12.035361436727504,11.717280737118838,11.848488807678223,13326800
2008-06-26,11.617883935329344,11.73716451568921,11.363419910608476,11.570172309875488,9166600
2008-06-27,11.244137156772206,11.502577209288022,11.244137156772206,11.375345230102539,19240400
2008-06-30,11.661619426885501,11.661619426885501,11.216306655698768,11.32365894317627,9689600
2008-07-01,11.12883444508313,11.4310108221683,11.001602445965698,11.180522918701172,16267400
2008-07-02,11.256063510730447,11.371367953857433,11.02943147657033,11.057263374328613,30600400
2008-07-03,11.116907741490262,11.371372534269948,10.9697960059789,11.152691841125488,6732200
2008-07-07,11.120882335904046,11.232210715117494,10.782922620192313,11.025458335876465,11353000
2008-07-08,10.949913199859838,11.311729431152344,10.949913199859838,11.311729431152344,9641200
2008-07-09,11.299801782506428,11.303777876941371,10.934009436478819,11.073169708251953,12791800
2008-07-10,10.98569604131253,11.085096117090597,10.699424096082158,10.878344535827637,9893400
2008-07-11,10.635809946064539,10.834610131972287,10.460865570124213,10.651714324951172,15693600
2008-07-14,10.699423566120492,10.80677582465043,10.548335792100932,10.596047401428223,8851600
2008-07-15,10.452911815083997,10.790871449299761,10.309775470377414,10.596047401428223,13447800
2008-07-16,10.584120816464372,11.108953115760347,10.548336727115789,11.021480560302734,14434200
2008-07-17,11.132809608051161,11.407154057162485,10.930033342043876,11.073169708251953,20705000
2008-07-18,11.367393252131725,11.466793332504782,11.200401086770492,11.415104866027832,14092600
2008-07-21,11.411132945776318,11.423060473639303,11.152692052759352,11.212332725524902,11701400
2008-07-22,11.15666656786565,11.510531425476074,11.09305056706519,11.510531425476074,13249800
2008-07-23,11.454868028390809,11.868372834277888,11.399204211583944,11.73318862915039,18260800
2008-07-24,11.729208083090132,11.729208083090132,11.3395599965741,11.482695579528809,17806600
2008-07-25,11.442938929646699,11.534386832803916,11.256066270263448,11.303778648376465,18753600
2008-07-28,11.315705733901833,11.315705733901833,11.017505467793722,11.037385940551758,11773000
2008-07-29,11.07317007719634,11.431010246276855,11.045338173586883,11.431010246276855,22055800
2008-07-30,11.486674736542055,11.598003115962436,11.264018736063832,11.419082641601562,14055800
2008-07-31,11.29185266198753,11.534389179886567,11.29185266198753,11.343541145324707,14305000
2008-08-01,11.375346531441426,11.44691471751126,11.120881785597293,11.232210159301758,17110800
2008-08-04,11.307758633962951,11.403182664660864,11.184501930744046,11.315710067749023,12967600
2008-08-05,11.578122976519262,11.832586967751825,11.46679460117376,11.820658683776855,17261400
2008-08-06,11.928011903712553,11.928011903712553,11.574147793245103,11.761019706726074,10079600
2008-08-07,11.681504371025923,11.681504371025923,11.518488198579595,11.530416488647461,16179000
2008-08-08,11.586073427317158,12.170546400482781,11.546314000822516,12.079097747802734,28418400
2008-08-11,12.158618768398913,12.699355491332511,12.039338965804733,12.448866844177246,21508600
2008-08-12,12.417058608589517,12.436939080883015,12.210306246912008,12.285850524902344,15590600
2008-08-13,12.1864543710809,12.230190665877783,11.90813449442064,12.087054252624512,19453600
2008-08-14,11.943913029451396,12.4369372961424,11.931984747787045,12.26994514465332,12991200
2008-08-15,12.30970594522296,12.500554681411554,12.30970594522296,12.413082122802734,13711600
2008-08-18,12.520431458580846,12.520431458580846,12.146687020878685,12.202351570129395,15741600
2008-08-19,12.146684014633983,12.146684014633983,11.884267982017647,11.975716590881348,15302800
2008-08-20,11.979696287934903,12.035360843681914,11.784872238726273,11.828608512878418,10908800
2008-08-21,11.768972111103421,11.955844027989258,11.693427821995279,11.924036026000977,10650400
2008-08-22,11.983670983252031,12.202351570129395,11.947886901005958,12.202351570129395,7246800
2008-08-25,12.102954774028237,12.1387388659243,11.848490036282636,11.860418319702148,18006600
2008-08-26,11.872349377963731,11.971749487937673,11.776925363392266,11.951869010925293,8112400
2008-08-27,11.928010019179133,12.055242004712385,11.76897003726257,11.987649917602539,6467800
2008-08-28,12.05524365852614,12.269948232339859,11.991627657032273,12.265972137451172,7193200
2008-08-29,12.182476751572647,12.261997139736554,12.106933217015825,12.126812934875488,5950000
2008-09-02,12.385249508914526,12.639714223084935,12.277897243172124,12.36536979675293,18295400
2008-09-03,12.37332369461814,12.484651311485374,12.277898939642636,12.428987503051758,14276000
2008-09-04,12.34946629365009,12.34946629365009,12.011505854466561,12.015481948852539,15055200
2008-09-05,11.935959099935584,12.087046853824907,11.768966972814617,12.039335250854492,18273000
2008-09-08,12.393200325446227,12.5840482711792,12.269944455288972,12.5840482711792,23433800
2008-09-09,12.623811001525757,12.703331374171697,12.226210655021008,12.345490455627441,20146800
2008-09-10,12.313680930698474,12.365369394014996,12.106929352519542,12.218256950378418,15866600
2008-09-11,12.12681172134175,12.421035914724897,12.027411625265179,12.405132293701172,21935000
2008-09-12,12.313683628955188,12.428988104418035,12.186451627315185,12.405132293701172,17377800
2008-09-15,11.848489649039625,12.337538636181433,11.848489649039625,11.987649917602539,22456600
2008-09-16,11.693425621330679,12.23018621743362,11.613905252144153,12.067170143127441,20741800
2008-09-17,11.916080920171893,11.939937484597593,11.482696525149588,11.590048789978027,19182800
2008-09-18,11.70137939755469,12.102955875543547,11.27594710891812,11.888251304626465,34417400
2008-09-19,13.131141481876726,13.765554032974899,12.049847602844238,12.049847602844238,19103600
2008-09-22,11.91817731356506,12.564559435276584,11.555085182189941,11.555085182189941,16214200
2008-09-23,11.515182896051261,11.730643298385202,11.339622032680511,11.391491889953613,13318800
2008-09-24,11.47927434064284,11.646855015726496,11.247853480863984,11.351593971252441,9308000
2008-09-25,11.487255645412345,11.638875908210386,11.29174420504301,11.555085182189941,12706600
2008-09-26,11.395481362118066,11.670792579650879,11.291740892308095,11.670792579650879,9166400
2008-09-29,11.630899259812526,11.630899259812526,10.68925577689233,10.892745971679688,21526800
2008-09-30,11.13214111328125,11.339622065035506,10.852840534567376,11.13214111328125,10450600
2008-10-01,11.51119282279249,11.51119282279249,10.964560461638955,11.13214111328125,18247200
2008-10-02,11.132144382973019,11.132144382973019,10.617432719557812,10.72915267944336,14759400
2008-10-03,10.876778509017196,10.908698591320318,10.33812645424657,10.354086875915527,15739000
2008-10-06,10.122668407479539,10.266308430225848,9.472295535167621,10.062817573547363,28086000
2008-10-07,10.234389021827807,10.234389021827807,9.284765721821506,9.416436195373535,18860400
2008-10-08,9.145115781943378,9.695737599665287,8.97753509636974,9.232895851135254,17973600
2008-10-09,9.372550062394676,9.41245038554138,8.586516968856712,8.646367073059082,17940000
2008-10-10,8.219432631071694,9.05733609423094,7.800480518974515,8.829904556274414,34014600
2008-10-13,9.296734522047148,9.340624929995101,8.730152369134727,9.177034378051758,13147200
2008-10-14,9.915188914197595,9.915188914197595,8.845864612064387,9.232895851135254,22481200
2008-10-15,9.073292125667734,9.073292125667734,8.159579277038574,8.159579277038574,16346000
2008-10-16,7.984022091279072,8.734144762916113,7.83240105740409,8.698234558105469,25807000
2008-10-17,8.658333179634889,8.881773814937887,8.179531057236325,8.873793601989746,19424200
2008-10-20,8.997482549921255,8.997482549921255,8.6144415165412,8.921672821044922,14062400
2008-10-21,8.869803008912555,9.005463577448555,8.578532101599654,8.82192325592041,10745800
2008-10-22,8.279281955935987,8.630402976320264,7.904220295203775,8.21943187713623,14148800
2008-10-23,8.566562790795851,8.566562790795851,7.624919673793224,8.21943187713623,19721000
2008-10-24,7.405469359543263,7.9361414482614485,7.405469359543263,7.748610973358154,15734400
2008-10-27,7.525168034383656,7.91618929579866,7.38950747249928,7.632897853851318,12921400
2008-10-28,7.600977981511754,8.526662065576256,7.517188034995169,8.37903118133545,14785000
2008-10-29,8.574545660655296,8.981527540233458,8.30322440760319,8.550605773925781,22760800
2008-10-30,9.00945542843273,9.00945542843273,8.558583988774101,8.809954643249512,12635200
2008-10-31,8.690257220730803,9.228908901990842,8.40696562057561,9.169058799743652,11914400
2008-11-03,9.04536375422518,9.384515170888111,8.813942921861347,8.905713081359863,6656400
2008-11-04,9.137135020106316,9.336635788060756,8.953594678885048,9.2568359375,13283200
2008-11-05,9.408454220122435,9.408454220122435,8.71020167820188,8.746111869812012,11916600
2008-11-06,9.137133761581408,9.137133761581408,8.203470235272201,8.283270835876465,16488000
2008-11-07,8.766061993642706,8.766061993642706,8.19150042664173,8.426911354064941,9203200
2008-11-10,8.706212480955491,8.706212480955491,8.079780256879099,8.231400489807129,9576800
2008-11-11,8.18352098627594,8.187511092663499,7.8044692508427325,7.944119930267334,18536600
2008-11-12,7.908209769397218,7.908209769397218,7.4573384000642156,7.461328506469727,12548000
2008-11-13,7.612953809261443,8.043875694274902,7.106221374179874,8.043875694274902,26487000
2008-11-14,7.972052589351587,8.075793107138278,7.616941373069046,7.652851581573486,20816600
2008-11-17,7.473297593595961,7.716688741745883,7.405467311047702,7.43339729309082,17826400
2008-11-18,7.337640121735222,7.569061048980304,7.162079943159819,7.397490978240967,16555400
2008-11-19,7.265817855367902,7.493249377986001,6.898737160205846,6.922677040100098,15549400
2008-11-20,6.886768159714996,7.134148741785703,6.499736856263624,6.5156965255737305,32947200
2008-11-21,6.603474435131835,6.990506372185713,6.431904431621457,6.962576389312744,40260000
2008-11-24,7.158089485520463,7.676791302297,6.986518662130238,7.509210586547852,27572000
2008-11-25,7.696739473270039,7.736639015338752,7.381527915889325,7.604968547821045,20835000
2008-11-26,7.604964705117382,8.13962651785731,7.497234930517532,8.051846504211426,14159000
2008-11-28,8.055841714092228,8.23140185264727,8.007961192009438,8.175541877746582,2973000
2008-12-01,7.972049949815432,8.035890130233645,7.461328506469727,7.461328506469727,13911800
2008-12-02,7.612947242332662,7.848358146555945,7.473296589838959,7.808457851409912,15381600
2008-12-03,7.672798982672521,8.155591213566119,7.581028816489729,8.087760925292969,20796000
2008-12-04,7.928161336584895,8.430902632761248,7.9241712296584055,8.175541877746582,23791000
2008-12-05,8.059829778946193,8.462820582962104,7.808458433511443,8.41494083404541,21869200
2008-12-08,8.714195322306836,8.8658156009743,8.574544605012875,8.730154991149902,24899000
2008-12-09,8.630404753868694,8.841875887620551,8.251353669376176,8.554594993591309,21340600
2008-12-10,8.586511573405417,8.75808232240267,8.490751314646811,8.7540922164917,14823600
2008-12-11,8.55858319614152,8.68227345841001,8.315192017227849,8.38302230834961,17193800
2008-12-12,8.207461151270255,8.45484242872567,8.075790680005198,8.35509204864502,15333200
2008-12-15,8.466809768277022,8.49075040116718,8.163568600981609,8.327159881591797,12555600
2008-12-16,8.770054817199707,8.809955128641713,8.339133127903352,8.770054817199707,24669800
2008-12-17,8.70222134400577,8.897731961667224,8.574541002760316,8.81793212890625,15252400
2008-12-18,8.853844312731551,8.861823765079166,8.510702747627924,8.570552825927734,23598800
2008-12-19,8.836699613118009,8.836699613118009,8.498991279269825,8.535174369812012,23152600
2008-12-22,8.551253818938804,8.575375617304202,8.161280783471131,8.306013107299805,10919200
2008-12-23,8.338183029682433,8.406528823647815,8.177369622357658,8.217573165893555,7868000
2008-12-24,8.229629611236717,8.326117607784695,8.229629611236717,8.277873992919922,2093400
2008-12-26,8.358279828731026,8.3984825796855,8.281893221644548,8.370340347290039,2293800
2008-12-29,8.265811480289573,8.326116373338836,8.125099551962409,8.209527015686035,3640000
2008-12-30,8.281895445777167,8.519095420837402,8.253753205824006,8.519095420837402,5029400
2008-12-31,8.53517490340805,8.695988223194526,8.494971381756832,8.671866416931152,8379400
2009-01-02,8.69197050141447,9.106064796447754,8.63568525181124,9.106064796447754,17581000
2009-01-05,8.973390338061929,9.130183205569578,8.905044591514287,9.065857887268066,12900000
2009-01-06,9.138223762064094,9.286976535014375,9.077918873988454,9.21863079071045,14270600
2009-01-07,9.033695981020646,9.0618389810891,8.820618633945049,8.852781295776367,9687600
2009-01-08,8.824636401393395,8.921124357790704,8.70804630815199,8.90504264831543,10786000
2009-01-09,8.941230445496092,8.957312163456598,8.631664276123047,8.631664276123047,8215400
2009-01-12,8.67588155209184,8.67588155209184,8.374356473914203,8.426620483398438,10140800
2009-01-13,8.410544650138256,8.519093928211749,8.24973133085441,8.318077087402344,15952800
2009-01-14,8.117054922900486,8.245705493950153,7.9562417090884034,7.992424011230469,13930600
2009-01-15,8.036656001520306,8.330140507242863,7.839659520960562,8.18942928314209,24993800
2009-01-16,8.362302193389178,8.362302193389178,8.064797292614797,8.285916328430176,18043800
2009-01-20,8.285912384987556,8.310034185240921,7.771309123067145,7.7994513511657715,22445600
2009-01-21,7.82759488313459,8.060774369273862,7.723066042200664,8.036652565002441,22873600
2009-01-22,7.940164303496468,8.104998032755233,7.783371430986497,7.93614387512207,17469000
2009-01-23,7.711005294920244,8.020571380031537,7.674822206176414,7.912022113800049,16159800
2009-01-26,7.863775821754967,8.137158751439504,7.8517153063276695,7.968304634094238,12225200
2009-01-27,8.000472605576464,8.096960627233889,7.895943723742929,7.944188117980957,10045200
2009-01-28,8.310033093542174,8.378378824296552,8.13715855299768,8.281890869140625,15402200
2009-01-29,8.137159546594733,8.213546141310571,7.944183612719332,7.948204040527344,14344800
2009-01-30,8.01253147819549,8.056755429001639,7.694924498439336,7.751209735870361,17530600
2009-02-02,7.586376877371921,7.7672915970893746,7.566274730635432,7.678844451904297,10403000
2009-02-03,7.6989425209023885,7.956244520747628,7.61049541375387,7.895938873291016,12760000
2009-02-04,7.815532725423403,7.956244626665125,7.682861679525363,7.723064422607422,13659800
2009-02-05,7.690900046662326,7.928099858483288,7.6346156054905725,7.867794990539551,12784000
2009-02-06,7.976351863240473,8.177368793731777,7.835639858532812,8.092941284179688,13637000
2009-02-09,8.11706056609087,8.121080995083515,7.960266902651426,8.068816184997559,7987200
2009-02-10,8.00850806413153,8.060772086387665,7.650698462636903,7.6868815422058105,15233400
2009-02-11,7.755228470434123,7.81151292875009,7.638638358987354,7.747187614440918,10095000
2009-02-12,7.558231454522453,7.779350396990387,7.497926567237832,7.75924825668335,19116800
2009-02-13,7.715023866736363,7.815532251989454,7.622555569521745,7.634616851806641,14544800
2009-02-17,7.317010630212312,7.445661238483789,7.248664898715826,7.345152854919434,9550600
2009-02-18,7.345154179322339,7.385357693360789,7.2044422635968886,7.296909809112549,19696000
2009-02-19,7.349175728986216,7.445663717312847,7.212484220485563,7.220524311065674,18207200
2009-02-20,7.02352472336283,7.268765395169586,7.02352472336283,7.172277450561523,26896600
2009-02-23,7.2124867454269905,7.3170156277454845,6.967245876648269,7.011469841003418,13649600
2009-02-24,7.027550355984218,7.377320085250414,7.027550355984218,7.317015171051025,19100400
2009-02-25,7.2888714315455765,7.393400296863626,7.115997565984948,7.248668670654297,24086000
2009-02-26,7.353195426461963,7.393398175819737,7.079812436646671,7.095893383026123,13208000
2009-02-27,7.007445869613728,7.200421816301557,6.939100125976175,7.047649383544922,13977400
2009-03-02,6.999404892548602,7.023526693763313,6.758184579946791,6.782307147979736,20303400
2009-03-03,6.838593168581851,6.959202969024922,6.677779845718287,6.730043888092041,21032600
2009-03-04,6.894878004017202,6.999406861103582,6.75014638920552,6.8787970542907715,17242400
2009-03-05,6.726020198399364,6.842610280214183,6.525003450568051,6.55716609954834,21704600
2009-03-06,6.705920074820197,6.705920074820197,6.372232242167546,6.561187744140625,22140800
2009-03-09,6.452641149037744,6.669739734313935,6.416458434900959,6.476763725280762,10268200
2009-03-10,6.512945738153425,6.923019497350144,6.512945738153425,6.8747758865356445,15933400
2009-03-11,6.995386478923119,7.083834386876764,6.886837191971894,6.983325958251953,12135200
2009-03-12,6.92704117169763,7.2848517225366125,6.878797552207804,7.240627765655518,14046600
2009-03-13,7.465765639342491,7.50194873346034,7.168260795232283,7.325053691864014,8764600
2009-03-16,7.401440176568113,7.433602841117163,7.152179718017578,7.152179718017578,9447400
2009-03-17,7.176301954626959,7.501949048546545,7.176301954626959,7.497928619384766,13877400
2009-03-18,7.514009708180198,7.863778581026201,7.4496843806034985,7.735127925872803,16071000
2009-03-19,7.835633236657879,7.835633236657879,7.598433397789657,7.650698184967041,19638800
2009-03-20,7.667675036337517,7.708095197453699,7.392819636838468,7.497910976409912,13131800
2009-03-23,7.69596944527066,8.035496783432201,7.574708965759001,8.027413368225098,18763000
2009-03-24,7.954658251065616,8.059750371689715,7.881902108252737,7.9223222732543945,20254200
2009-03-25,7.942531898253288,8.181010021554856,7.7566002202625155,7.978909969329834,13475800
2009-03-26,8.128465409234781,8.358859375521789,8.100171521578568,8.346733093261719,21169600
2009-03-27,8.217388874883824,8.249724855480022,8.084002858555678,8.124423027038574,18545600
2009-03-30,7.914238196125901,7.974868058996295,7.772768002127962,7.88190221786499,13073000
2009-03-31,7.942534446716309,8.067836303434369,7.817232589998247,7.942534446716309,9363800
2009-04-01,8.092088168417364,8.209305825224442,7.724266049030274,8.088046073913574,18910600
2009-04-02,8.245681829091009,8.649881926310671,8.205261665178941,8.53266429901123,21994400
2009-04-03,8.597336112022763,8.662008064842217,8.451823832703747,8.64583969116211,9907200
2009-04-06,8.617545837961574,8.653923907917079,8.451823861920042,8.524580001831055,9282600
2009-04-07,8.423529741354201,8.443739437003952,8.257807769984748,8.273975372314453,8640200
2009-04-08,8.403320064713713,8.540747383153732,8.354815715713931,8.508411407470703,6695600
2009-04-09,8.791354676747497,8.908573109160479,8.686262528327463,8.856026649475098,17708400
2009-04-13,8.771142667504197,8.908570766143473,8.678176056577259,8.860066413879395,6964800
2009-04-14,8.795395256339564,8.795395256339564,8.605421465545474,8.662009239196777,8881800
2009-04-15,8.617545755923222,8.718595777959752,8.548831710100362,8.690301895141602,12670000
2009-04-16,8.714552867918009,9.062165157852862,8.714552867918009,8.993451118469238,15867200
2009-04-17,9.151093204399109,9.167261584086406,8.973245653543497,9.10258960723877,17246200
2009-04-20,9.04599422686362,9.04599422686362,8.690298622464551,8.75497055053711,11581000
2009-04-21,8.722636805832138,8.948988611677581,8.690300833568504,8.900485038757324,5932400
2009-04-22,8.864102939221251,9.203630878933286,8.799431024128486,8.989404678344727,13732800
2009-04-23,9.058118684499544,9.118748508530256,8.843892483910986,8.989404678344727,19810800
2009-04-24,9.094501128340204,9.349146820715548,9.033871275008018,9.211719512939453,11557400
2009-04-27,9.126839807933768,9.248099550555793,9.001537971097589,9.090461730957031,24423200
2009-04-28,8.997495876883436,9.231931944649823,8.957075705692548,9.090461730957031,18090800
2009-04-29,9.19555091142531,9.450196597446606,9.167257031972987,9.256180763244629,20318400
2009-04-30,9.531037889446113,9.648256283119066,9.393609800081501,9.413820266723633,19703400
2009-05-01,9.462325823233316,9.47445210575407,9.284477534348765,9.369359970092773,11795000
2009-05-04,9.478495185957676,9.69272080278871,9.413823214353888,9.672511100769043,14346800
2009-05-05,9.797810478582955,9.797810478582955,9.563374447901328,9.668466567993164,18849600
2009-05-06,9.83419466242408,9.842278854598446,9.587632197762922,9.769522666931152,15520000
2009-05-07,9.915034776832663,9.943328677734494,9.510834430347122,9.555295944213867,22189000
2009-05-08,9.729096154344527,9.79781020126931,9.498702223758631,9.696760177612305,16368400
2009-05-11,9.539122893573289,9.611879037818975,9.417862396180297,9.526996612548828,13104000
2009-05-12,9.595712891280312,9.595712891280312,9.163218790004795,9.324898719787598,25952800
2009-05-13,9.155132496507782,9.155132496507782,8.961116625362182,8.9974946975708,17772600
2009-05-14,9.025784448188004,9.191506358585462,8.940902832547923,9.00961685180664,18903600
2009-05-15,8.997496561591893,9.215764269111816,8.944950103759766,8.944950103759766,15597200
2009-05-18,9.094500995443802,9.38552474975586,9.009619356209187,9.38552474975586,12567600
2009-05-19,9.421903936604332,9.490617983140334,9.276392427607881,9.34914779663086,31602600
2009-05-20,9.397652756498177,9.579543118229973,9.215762394766383,9.248098373413086,26767200
2009-05-21,9.130880964744998,9.203637111229112,8.961116879932254,9.029830932617188,23486600
2009-05-22,9.110670128181948,9.191509681211718,8.953031573515531,9.126837730407715,14725000
2009-05-26,9.050043783302725,9.462328243034236,8.936868201302504,9.43403434753418,22097200
2009-05-27,9.397653148691736,9.490618994811946,9.187468893241245,9.227889060974121,15550200
2009-05-28,9.332981358335948,9.35319105709443,9.033873345196994,9.191511154174805,10764200
2009-05-29,9.256181614478061,9.369357913645866,9.134921899687921,9.34510612487793,8702000
2009-06-01,9.514872276990914,9.80589611894711,9.409780141324628,9.793769836425781,23066000
2009-06-02,9.74526696165187,9.915031074625029,9.70888888237543,9.874610900878906,14580200
2009-06-03,9.801855653979278,9.809939843670536,9.652301228494043,9.745267868041992,17432800
2009-06-04,9.781640782949959,9.781640782949959,9.583582094904587,9.765472412109375,9926800
2009-06-05,9.898861310129924,9.898861310129924,9.611879581538705,9.704845428466797,13933600
2009-06-08,9.603796035962093,9.85439970713116,9.531039882735385,9.793769836425781,11066200
2009-06-09,9.838232679778459,9.894820459636868,9.737182632345197,9.850358963012695,9908800
2009-06-10,9.910987591840337,9.991827157058015,9.607837487635233,9.704845428466797,25089000
2009-06-11,9.741222062912003,9.83014580279385,9.636129949805927,9.656339645385742,19056000
2009-06-12,9.55932937241338,9.66846355203692,9.47040565435917,9.644211769104004,19330800
2009-06-15,9.571461566069699,9.571461566069699,9.373403545959988,9.450201034545898,14769800
2009-06-16,9.482532806426521,9.518910872615916,9.195551140877317,9.211719512939453,18397400
2009-06-17,9.219806785795027,9.44615946367352,9.138967204510482,9.34106731414795,33056200
2009-06-18,9.357233289295904,9.389569270357615,9.21576308304444,9.312771797180176,10902200
2009-06-19,9.35660975854734,9.470269508819912,9.32413565478999,9.389083862304688,17844800
2009-06-22,9.279484683955019,9.291661989536395,9.10899543762207,9.10899543762207,20710200
2009-06-23,9.113055729470544,9.178003946692003,9.015632629394531,9.015632629394531,20881800
2009-06-24,9.133351459121695,9.251070582898507,9.048107217140247,9.068403244018555,17863600
2009-06-25,9.023749758804884,9.40532104837521,9.023749758804884,9.385025024414062,18089200
2009-06-26,9.328196617013127,9.401263556580117,9.28760378678215,9.320077896118164,9934600
2009-06-29,9.344430796721303,9.48244590678012,9.287600544539483,9.437793731689453,10516600
2009-06-30,9.421554057176305,9.518977102272446,9.30383577023716,9.368783950805664,13065800
2009-07-01,9.437796683857163,9.555515809830474,9.413441296299991,9.429677963256836,17795600
2009-07-02,9.332250474417888,9.429672744977951,9.048102378845215,9.048102378845215,18747400
2009-07-06,8.979100136810887,9.161766711517052,8.970981415914478,9.092759132385254,10067400
2009-07-07,9.113056124670019,9.113056124670019,8.845144523452207,8.849203109741211,12929800
2009-07-08,8.889791911170901,8.962858819154134,8.808607060045592,8.922266006469727,21558000
2009-07-09,9.035927535607799,9.035927535607799,8.910090487919987,8.987215995788574,11360200
2009-07-10,8.853259641765924,9.064341676573301,8.853259641765924,8.970978736877441,11221600
2009-07-13,8.950685104468867,9.137411824105916,8.857322131772285,9.117115020751953,14854800
2009-07-14,9.064343070536404,9.279484497665322,9.064343070536404,9.259187698364258,14317800
2009-07-15,9.356609263451102,9.5352172117875,9.320075801876756,9.514921188354492,15877800
2009-07-16,9.523041381696233,9.673234622991544,9.44185649455172,9.632641792297363,10016200
2009-07-17,9.636703827370122,9.661059222848706,9.575814951551624,9.648881912231445,9454400
2009-07-20,9.6935318520291,9.884317947652733,9.6935318520291,9.85184383392334,12344400
2009-07-21,9.904613978392124,9.94520681411485,9.689473265276376,9.85184383392334,14720000
2009-07-22,9.782837466988823,9.981741535197738,9.770659382478222,9.920852661132812,10830000
2009-07-23,9.920847430385255,10.233410358918757,9.855899229060608,10.152225494384766,14239400
2009-07-24,10.07915866303299,10.156284943126103,9.985795719587644,10.1441068649292,9072600
2009-07-27,10.148171301952063,10.188764142008678,10.010156110305994,10.184704780578613,7059000
2009-07-28,10.115692034359197,10.196877673136822,10.058862551761038,10.152225494384766,9009600
2009-07-29,10.123812948570803,10.221235271685115,10.022331265212918,10.099456787109375,18623000
2009-07-30,10.257767677307129,10.359249350155256,10.20499677384962,10.257767677307129,25589600
2009-07-31,10.2334115183681,10.34707127068574,10.196878828446996,10.257767677307129,10219400
2009-08-03,10.383607962529133,10.497267750177198,10.302422289317095,10.468852996826172,11297800
2009-08-04,10.44042950363065,10.550029846573347,10.395778114250689,10.513496398925781,10036800
2009-08-05,10.550037145695587,10.550037145695587,10.306480917620068,10.424200057983398,11530800
2009-08-06,10.566270812644097,10.62310029499556,10.375484794617966,10.416077613830566,9553600
2009-08-07,10.554094782415426,10.813887636993796,10.51350195532661,10.757058143615723,29883000
2009-08-10,10.748936256691657,10.752995615629022,10.562210391034201,10.659632682800293,17104200
2009-08-11,10.554094405095896,10.623101976406657,10.424197982450638,10.545975685119629,9612400
2009-08-12,10.570333953574389,10.724585792674205,10.497267007700406,10.623104095458984,11095000
2009-08-13,10.70834640673996,10.70834640673996,10.48102766300706,10.651516914367676,10583200
2009-08-14,10.631220370889933,10.675871780904815,10.412019583704454,10.505382537841797,10754400
2009-08-17,10.286183260115694,10.286183260115694,10.123812725174771,10.172523498535156,17594000
2009-08-18,10.257769561176154,10.322717781787388,10.184702619427554,10.286184310913086,11511800
2009-08-19,10.241534173315658,10.424201564329572,10.156289907005178,10.391727447509766,12505200
2009-08-20,10.436378108146188,10.50944505918823,10.363311931348104,10.468852996826172,10610800
2009-08-21,10.521619955516428,10.712405223260019,10.521619955516428,10.683990478515625,7617600
2009-08-24,10.712405970067342,10.74488007693109,10.57033223644081,10.606864929199219,9309800
2009-08-25,10.62716234453281,10.834185078104154,10.623102984159587,10.716465950012207,11805800
2009-08-26,10.708345718621064,10.858538934266944,10.663694309302329,10.777353286743164,16410400
2009-08-27,10.769235592197262,10.84636110747299,10.602805707716763,10.797650337219238,7793800
2009-08-28,10.927545264017494,10.927545264017494,10.732700661133777,10.801708221435547,10268800
2009-08-31,10.696170607437235,10.769237550347219,10.578451471805844,10.619044303894043,6726400
2009-09-01,10.562210834763192,10.777351447776919,10.403898926529346,10.428255081176758,17803600
2009-09-02,10.363310020809609,10.436376184137506,10.31053911067723,10.375487327575684,8633000
2009-09-03,10.448553927110448,10.513502141907663,10.343012884504024,10.485087394714355,9973400
2009-09-04,10.517555986915925,10.675867080688477,10.476963180392776,10.675867080688477,8185200
2009-09-08,10.773294016830294,10.797649399842806,10.692108374463698,10.769234657287598,8408400
2009-09-09,10.757063112751768,10.915374359860557,10.70023359312177,10.88290023803711,9239000
2009-09-10,10.903190884690979,11.049323963167879,10.842301263228261,11.029027938842773,6876800
2009-09-11,11.057441831388603,11.057441831388603,10.935664146325069,10.992493629455566,14143400
2009-09-14,10.94378293334119,11.061502042309161,10.866657421510828,11.029027938842773,7237000
2009-09-15,11.008737135072387,11.126455525620983,10.976263016206147,11.081803321838379,11094600
2009-09-16,11.106156033853054,11.309119407136954,11.08585923197837,11.292881965637207,8731600
2009-09-17,11.288820535960369,11.402480282892684,11.191398227551392,11.280702590942383,12094400
2009-09-18,11.317356526164062,11.382515765373835,11.264414158831494,11.321428298950195,17290000
2009-09-21,11.296991414644737,11.337716124819424,11.174818060879911,11.276629447937012,11242000
2009-09-22,11.362153017646154,11.386587538159969,11.301066327981916,11.321428298950195,13856600
2009-09-23,11.374366812826949,11.378439360992772,11.158526420593262,11.158526420593262,14984000
2009-09-24,11.215545517552835,11.239980038937555,10.987487395430684,11.05264663696289,17241800
2009-09-25,11.020063588905176,11.089295358596667,10.934542402276431,10.987483978271484,14831200
2009-09-28,11.040426033446616,11.231831143665596,10.987483682119363,11.195178985595703,13848800
2009-09-29,11.211469103772238,11.321424800486401,11.166671849373662,11.24812126159668,12521000
2009-09-30,11.30106652696107,11.30106652696107,11.04042956553291,11.187037467956543,14544800
2009-10-01,11.15853151703362,11.15853151703362,10.893821979427468,10.942691802978516,11569400
2009-10-02,10.816440882857039,10.88160010445335,10.775716175169547,10.804224014282227,11790400
2009-10-05,10.840883367001894,11.020070956912221,10.812375508972803,10.97120189666748,10168400
2009-10-06,11.044501079154385,11.227761134183629,11.011921462031896,11.138167381286621,9306000
2009-10-07,11.117803917143112,11.20332589204138,11.081151753152323,11.14631175994873,8206000
2009-10-08,11.207402493443158,11.41102535512595,11.195184842108745,11.3255033493042,8780800
2009-10-09,11.329573398041267,11.33771849713234,11.244052187863215,11.321428298950195,6095800
2009-10-12,11.394732185058535,11.455818872298588,11.309210978274335,11.378442764282227,5555400
2009-10-13,11.33771608061892,11.439527467279104,11.313281565313062,11.398802757263184,7823400
2009-10-14,11.533195729193745,11.594282416286125,11.46803649272729,11.541340827941895,12479000
2009-10-15,11.492471300837547,11.590210157991871,11.468036780738814,11.55763053894043,7381200
2009-10-16,11.480253550151787,11.561702203164364,11.390659022050825,11.537267684936523,8433800
2009-10-19,11.565773980880506,11.71645518288015,11.512832398791552,11.667585372924805,8006000
2009-10-20,11.667587950903837,11.675733050489285,11.480255320995226,11.549487113952637,9744200
2009-10-21,11.533193756584257,11.704236917243739,11.37029569327981,11.398802757263184,13986800
2009-10-22,11.402878428452368,11.622791456702771,11.341791735080406,11.549487113952637,15245600
2009-10-23,11.663513799245363,11.692020867119824,11.447674127190531,11.504688262939453,10802200
2009-10-26,11.480255454771097,11.70016770882462,11.382516588885148,11.435458183288574,16880000
2009-10-27,11.427311394687573,11.447674140878924,11.182963877706763,11.239978790283203,22433600
2009-10-28,11.187036530488866,11.231833795765125,10.901965072005504,10.922327041625977,15974400
2009-10-29,11.068937911890155,11.248126231904811,11.007851214109557,11.215546607971191,18201600
2009-10-30,11.19110907976483,11.276631061041384,10.88974742417761,10.922327041625977,26614200
2009-11-02,10.922328581477489,11.134096513127004,10.840879914753456,11.028212547302246,22309000
2009-11-03,10.918255318305167,11.077081645045435,10.889748247976234,11.036356925964355,20694200
2009-11-04,11.125948401368314,11.223687241032604,11.007847594725348,11.040427207946777,19444400
2009-11-05,11.093371998450353,11.36215407949963,11.08115434867194,11.341792106628418,16824800
2009-11-06,11.337717658205447,11.455818479249595,11.256268226840325,11.443601608276367,7352000
2009-11-09,11.529121396614695,11.696092011329624,11.484324913947269,11.69201946258545,16747200
2009-11-10,11.639076979671362,11.757178553814413,11.606497369004174,11.732743263244629,12973800
2009-11-11,11.810121923490984,11.846774088152907,11.683876010077306,11.744962692260742,16492600
2009-11-12,11.749036989450142,11.826413879333721,11.59835575933574,11.614645957946777,12840400
2009-11-13,11.643153024728985,11.826413875242643,11.643153024728985,11.818268775939941,21015800
2009-11-16,11.907860769035947,12.034106682435837,11.85084663590554,12.009672164916992,19988000
2009-11-17,11.973018666951342,11.973018666951342,11.793830412662386,11.911931991577148,13646000
2009-11-18,11.903791862948287,11.916009513826374,11.797907885616842,11.87935733795166,9624200
2009-11-19,11.826412119678197,11.87120860567442,11.62278932789387,11.744962692260742,13654000
2009-11-20,11.663513292315676,11.761252139391251,11.614644257157543,11.683876037597656,10892600
2009-11-23,11.769397250350874,11.907860811382239,11.736817634623453,11.785687446594238,19581800
2009-11-24,11.773468017578125,11.810120176819334,11.696091150651217,11.773468017578125,12832800
2009-11-25,11.81418978696826,11.887494087219238,11.773465089411163,11.887494087219238,11759600
2009-11-27,11.635006059939728,11.79790413607854,11.520977795022208,11.65536880493164,12747800
2009-11-30,11.69609274139687,11.720528035387165,11.55355741024997,11.65536880493164,17821800
2009-12-01,11.757182014010416,11.8915730446594,11.753109464383549,11.838630676269531,14076800
2009-12-02,11.826411348393098,11.944512156010967,11.789759186121525,11.875280380249023,10860000
2009-12-03,11.928225543722162,11.956732615137525,11.769399210928876,11.79383373260498,14958000
2009-12-04,11.90786035429934,12.009671746634416,11.700165020724672,11.871208190917969,20408800
2009-12-07,11.883425286711068,11.981164125610414,11.850845673744619,11.907859802246094,15958600
2009-12-08,11.846775846739973,11.871210367888652,11.728674237129077,11.818268775939941,12372600
2009-12-09,11.810123676637241,11.854920946042673,11.732746786780428,11.818268775939941,10619600
2009-12-10,11.879352526645508,12.025961170765783,11.867134880715742,12.00152587890625,12564000
2009-12-11,12.074831642585059,12.127774004508957,12.021890057420482,12.11962890625,10038000
2009-12-14,12.20107828846514,12.229586134076913,12.103339433788605,12.213295936584473,12050800
2009-12-15,12.17664538336932,12.237732078546127,12.119631238105562,12.19700813293457,9295800
2009-12-16,12.20922565460205,12.278457453283309,12.176646030326134,12.20922565460205,10743400
2009-12-17,12.148135640012066,12.148135640012066,12.042251695829396,12.062614440917969,7644400
2009-12-18,12.149014931104706,12.149014931104706,11.964752512031508,12.124446868896484,12803200
2009-12-21,12.153108667599446,12.312802229390561,12.144919053916684,12.280044555664062,11875000
2009-12-22,12.28004687688851,12.341467429110091,12.247289196970021,12.271857261657715,4932000
2009-12-23,12.312800767825172,12.349653244018555,12.210432951955651,12.349653244018555,6044200
2009-12-24,12.386509131447287,12.406982387857727,12.320993773728269,12.3578462600708,2310000
2009-12-28,12.394695332922568,12.41516858369469,12.296422323408365,12.349653244018555,5048000
2009-12-29,12.361937341730124,12.40288462321438,12.349652922983518,12.390600204467773,4091400
2009-12-30,12.361936756144543,12.378315199359736,12.275947391000484,12.304610252380371,4557000
2009-12-31,12.341459591901346,12.361933616976696,12.189955711364746,12.189955711364746,3240800
2010-01-04,12.243194245857982,12.329183642764109,12.243194245857982,12.284141540527344,10887800
2010-01-05,12.288231531500294,12.341462447002364,12.210431780223994,12.329178810119629,12324400
2010-01-06,12.320992965245507,12.374223897022533,12.29233009574983,12.345561027526855,8493800
2010-01-07,12.423357511853265,12.452020373756637,12.341462951268422,12.447925567626953,11473400
2010-01-08,12.40288779386227,12.452023919400885,12.333277631845373,12.44383430480957,12876000
2010-01-11,12.468397864417533,12.50525033345556,12.353745651743195,12.41926097869873,8347000
2010-01-12,12.34555871413909,12.374221578263741,12.2104332254054,12.259570121765137,10946800
2010-01-13,12.308709020325036,12.419266476379981,12.267761727600465,12.39879322052002,9231600
2010-01-14,12.361940735168371,12.415171669007059,12.33737189093084,12.39879322052002,11280600
2010-01-15,12.374223458470876,12.423360362296744,12.235003142136271,12.27595043182373,11779000
2010-01-19,12.337370444314626,12.439738273620605,12.226813782227632,12.439738273620605,8837000
2010-01-20,12.341467429110091,12.357846659571683,12.206341901820736,12.271857261657715,10056200
2010-01-21,12.2759512488459,12.386508704058778,12.095784411837478,12.116257667541504,13573200
2010-01-22,12.06711893923362,12.161297931870383,11.874667709245408,11.882857322692871,20184200
2010-01-25,11.960658119086542,11.997510604177567,11.86647989318932,11.944279670715332,10623200
2010-01-26,11.88285812972986,12.042551697778507,11.858289287718854,11.960657119750977,11013800
2010-01-27,11.964752325097248,12.02207884402693,11.858289682518814,11.981131553649902,14083600
2010-01-28,12.034361080063768,12.091687592303623,11.841909853056185,11.911520004272461,12583200
2010-01-29,11.940180224520534,12.075305690355474,11.829622812199855,11.837812423706055,14724400
2010-02-01,11.862382193952808,11.98931884765625,11.85009855592015,11.98931884765625,17754200
2010-02-02,12.017982420685588,12.161297527229575,11.948372270707337,12.15720272064209,10987400
2010-02-03,12.124444466424187,12.194054613057999,12.091686796302655,12.165390968322754,9726800
2010-02-04,12.067116537957451,12.095780179319695,11.809150013732221,11.813244819641113,20252400
2010-02-05,11.809151832668256,11.862382755674146,11.55118448770455,11.780488967895508,16607800
2010-02-08,11.805058225951536,11.899236442920918,11.706785202026367,11.706785202026367,12753800
2010-02-09,11.80915073782827,11.960654660725115,11.768203457232978,11.886950492858887,13809800
2010-02-10,11.899232947993875,11.903327753746975,11.735444622891576,11.837812423706055,11132600
2010-02-11,11.805058485237742,11.977036476135254,11.73135352042387,11.977036476135254,11655200
2010-02-12,11.837816160598955,11.977036476135254,11.813248099329192,11.977036476135254,12668800
2010-02-16,12.103974498295281,12.169489860534668,11.989323004878715,12.169489860534668,9041800
2010-02-17,12.222719913201134,12.26776123046875,12.153109752691602,12.26776123046875,9261600
2010-02-18,12.239098382968185,12.349655834741183,12.202245899043852,12.345561027526855,11835200
2010-02-19,12.353745693868062,12.415166215472775,12.288230366689126,12.374218940734863,11500000
2010-02-22,12.411074964382536,12.427454191370371,12.345559618440259,12.37012767791748,7114400
2010-02-23,12.345557160195863,12.415167299024345,12.255473772713747,12.29642105102539,11450600
2010-02-24,12.353748853803525,12.468401096195434,12.300517929731447,12.456116676330566,12672000
2010-02-25,12.243191641886803,12.480684963251667,12.243191641886803,12.476590156555176,11438000
2010-02-26,12.480681553445782,12.529818439374633,12.40697661505466,12.497060775756836,12622400
2010-03-01,12.558484694742043,12.701799804716199,12.52163221557713,12.693610191345215,16310200
2010-03-02,12.71408038885441,12.746838053462884,12.628091812133789,12.628091812133789,23871000
2010-03-03,12.669040408545364,12.750934188099563,12.611713903752571,12.664945602416992,10509800
2010-03-04,12.709991713893574,12.800075134232621,12.689517676767887,12.779601097106934,9202200
2010-03-05,12.873778540017735,13.049851332859339,12.824641637897344,13.017093658447266,9603200
2010-03-08,13.021190623604735,13.066232728965268,12.963864875694775,13.049854278564453,8996600
2010-03-09,13.004807971801757,13.090796565886764,12.984333939159264,13.029376029968262,11104800
2010-03-10,13.041663124102447,13.10308367261691,13.00071583142459,13.0580415725708,10431800
2010-03-11,13.008901646634072,13.152215957641602,12.992522421944972,13.152215957641602,10104200
2010-03-12,13.193163427569154,13.20135303954635,13.103079257828774,13.189067840576172,7273800
2010-03-15,13.148124066203158,13.225923053088653,13.078513911986711,13.172691345214844,9852200
2010-03-16,13.172690824309706,13.2791542358473,13.172690824309706,13.270964622497559,10171000
2010-03-17,13.340573820484298,13.36514109533036,13.27505692220459,13.336478233337402,10701000
2010-03-18,13.336477180637663,13.389708875283729,13.320097957360613,13.332383155822754,12632400
2010-03-19,13.292181015014648,13.427563519997406,13.218335443209867,13.292181015014648,9850800
2010-03-22,13.169099742249866,13.460380098664626,13.160896072481346,13.431662559509277,10154800
2010-03-23,13.46858884053032,13.509613460009428,13.353717089008768,13.484997749328613,12510400
2010-03-24,13.411148690122449,13.472687168305916,13.370124081325812,13.431662559509277,11658400
2010-03-25,13.530130121818454,13.657308987094007,13.493207326415192,13.509617805480957,11089800
2010-03-26,13.530130129800765,13.645000353350053,13.48910549710157,13.56295108795166,12225600
2010-03-29,13.632691627757515,13.640896866302871,13.521923254879054,13.58346176147461,10956800
2010-03-30,13.59166308768847,13.63679110420331,13.513714126439647,13.571150779724121,8300400
2010-03-31,13.538331870297041,13.542433706511053,13.448075823698575,13.472691535949707,16472400
2010-04-01,13.542436170781839,13.620385157933358,13.472693987529745,13.567051887512207,11818000
2010-04-05,13.620383218778102,13.743458654928903,13.567049955950091,13.731151580810547,11257600
2010-04-06,13.702429547955393,13.776275098482408,13.6573015376346,13.751659393310547,6830600
2010-04-07,13.718846315347822,13.759872514146357,13.59987425130573,13.702437400817871,9535400
2010-04-08,13.636800058152332,13.854233482321451,13.624491413300817,13.833721160888672,17121800
2010-04-09,13.858330312613209,13.948586372289286,13.776281056532314,13.936279296875,8731200
2010-04-12,13.936279296875,13.977303924915448,13.919868819663124,13.936279296875,7615000
2010-04-13,13.91986530860952,14.051145963212692,13.895249599000607,14.01012134552002,11748400
2010-04-14,14.06345649487198,14.243968613095609,14.022431867088011,14.227558135986328,10157400
2010-04-15,14.202942608802969,14.313710983276723,14.182430294638774,14.28909683227539,13446600
2010-04-16,14.243963497454825,14.284988110505031,14.01011976009357,14.100374221801758,24210800
2010-04-19,14.071658162355387,14.161914198562243,13.91986520008927,14.124991416931152,18600600
2010-04-20,14.223452859129052,14.309607070100407,14.186531637984364,14.297298431396484,18688600
2010-04-21,14.297299494917503,14.387555548844613,14.239864393323575,14.362939834594727,22586400
2010-04-22,14.301400609305157,14.633704091094783,14.235760280125449,14.621397018432617,6724400
2010-04-23,14.617292419011884,14.682932735781703,14.547548702137865,14.63370132446289,12308200
2010-04-26,14.699348208510763,14.822423648714018,14.650116780438156,14.748578071594238,15200200
2010-04-27,14.73216520973388,14.73216520973388,14.280888147075386,14.32191276550293,34413600
2010-04-28,14.367037179615496,14.403959952930727,14.174218078415013,14.272679328918457,21214200
2010-04-29,14.338331468560467,14.617303415956574,14.338331468560467,14.58858585357666,16949000
2010-04-30,14.576273069639575,14.654222058240427,14.276788886303525,14.284994125366211,21522600
2010-05-03,14.354735974974052,14.641911479212109,14.317813186573568,14.572169303894043,15865200
2010-05-04,14.408067252766108,14.44088820371249,14.083968969610519,14.145505905151367,31579600
2010-05-05,14.026531089948014,14.153709916360606,13.858327643396619,13.94448184967041,52681800
2010-05-06,13.841917868465405,13.977300358445872,12.730133360873328,13.448074340820312,61745800
2010-05-07,13.390642982473452,13.591667420581823,12.97628781304712,13.201927185058594,59363800
2010-05-10,13.854223880864911,13.932171274285157,13.739353708458504,13.891146659851074,32851600
2010-05-11,13.75166618844288,14.092175004139314,13.710639992884108,13.887048721313477,25128600
2010-05-12,13.973200670594172,14.10858318138515,13.88294462007413,14.0880708694458,20669200
2010-05-13,14.055243600324854,14.083962702117212,13.759862998199901,13.772170066833496,20900600
2010-05-14,13.661412144317863,13.727052501933612,13.435773512825577,13.542438507080078,28417600
2010-05-17,13.587558697929035,13.657302417917025,13.283972806184611,13.644993782043457,26881800
2010-05-18,13.739355794375859,13.784482251108985,13.329103327795366,13.390640258789062,31547000
2010-05-19,13.304486192322491,13.427561606125133,13.070642436600831,13.308588027954102,30801800
2010-05-20,13.00089963092791,13.099360119510091,12.767055872733426,12.791670799255371,37065000
2010-05-21,12.55372981360058,13.087057884727916,12.447064042876164,13.017314910888672,39212800
2010-05-24,13.00500738459428,13.111672369141363,12.902444237341944,12.927059173583984,28109600
2010-05-25,12.623473462776282,13.058341026306152,12.504499825893655,13.058341026306152,28373400
2010-05-26,13.140390378842751,13.292184968809284,12.963982416773835,13.017314910888672,26672800
2010-05-27,13.31269246952966,13.484997749328613,13.18961704610342,13.484997749328613,21461000
2010-05-28,13.443969691844359,13.505506605326282,13.201920742843019,13.279868125915527,22551200
2010-06-01,13.189617979721621,13.386538984140309,13.074747002563463,13.078848838806152,21865800
2010-06-02,13.128080210429346,13.407052040100098,13.095260041203055,13.407052040100098,15747800
2010-06-03,13.497309848093005,13.526027402089811,13.316797720125287,13.452181816101074,15779400
2010-06-04,13.201925607533823,13.242950231638666,12.88603099396143,12.931159019470215,30449800
2010-06-07,12.939367876091751,13.050135487645997,12.68501091003418,12.68501091003418,23859800
2010-06-08,12.726030473533916,12.824490962116098,12.525006878200161,12.791670799255371,27551800
2010-06-09,12.890134352145278,13.103465852701449,12.750648431204288,12.808083534240723,24687800
2010-06-10,12.951673400162681,13.242952346801758,12.951673400162681,13.242952346801758,20529800
2010-06-11,13.058337189180495,13.255258986070213,13.033722258004737,13.230643272399902,15432000
2010-06-14,13.3947445638531,13.468590138020506,13.24705341551829,13.267565727233887,13794600
2010-06-15,13.349617940394271,13.587563598252672,13.316796986212847,13.58346176147461,13892200
2010-06-16,13.546539377488822,13.56705169197384,13.398848209213844,13.489104270935059,14940800
2010-06-17,13.505511765284414,13.526025642604502,13.283976601125147,13.407052040100098,20803000
2010-06-18,13.42145651799966,13.503771804510466,13.347372917143286,13.363836288452148,15347200
2010-06-21,13.544929128433072,13.553160814370514,13.182742797353416,13.256826400756836,17667800
2010-06-22,13.256824772622673,13.363835106633408,12.944028595583665,12.960491180419922,19324400
2010-06-23,12.964606590698795,13.059268609147518,12.828786934006425,12.952259063720703,24974600
2010-06-24,12.894641372768064,12.894641372768064,12.602423575399312,12.643580436706543,22128800
2010-06-25,12.668275356580038,12.738243119058538,12.540686575873075,12.680622100830078,24836400
2010-06-28,12.676507543951535,12.725896881013346,12.573613811338237,12.58596134185791,14020600
2010-06-29,12.433677044743733,12.433677044743733,12.055028899722736,12.137343406677246,37547600
2010-06-30,12.12088138043793,12.281395343694617,11.964482475455194,11.989176750183105,22985200
2010-07-01,12.034446499031214,12.129108510232006,11.787501473493698,12.08795166015625,31249400
2010-07-02,12.116763916918783,12.14557403108506,11.886281433555109,11.952134132385254,13910200
2010-07-06,12.067374589050358,12.215541787638902,11.836892890703417,11.952134132385254,23608600
2010-07-07,11.968594647441693,12.306085843594563,11.948016222316896,12.289623260498047,25911200
2010-07-08,12.413098596577038,12.421330282765805,12.22788958241381,12.396636009216309,15888200
2010-07-09,12.380172484238521,12.515992164611816,12.363709897080712,12.515992164611816,10611400
2010-07-12,12.450140154103744,12.569497246438747,12.408982508987647,12.532455444335938,13791400
2010-07-13,12.676507334822064,12.898758170408328,12.65181305920699,12.845252990722656,21130800
2010-07-14,12.746473220778821,12.824672664530658,12.672390404874543,12.76293659210205,16298800
2010-07-15,12.75059104183886,12.837022184661933,12.598308758556447,12.804096221923828,19851000
2010-07-16,12.730011370826851,12.758821487292243,12.334899071398745,12.355478286743164,20785000
2010-07-19,12.384289197540271,12.524224730790646,12.306089744249332,12.474835395812988,10422600
2010-07-20,12.31020448389839,12.680621715461726,12.306088640934524,12.651811599731445,21192400
2010-07-21,12.71765943339374,12.71765943339374,12.384284110537473,12.42544174194336,19769200
2010-07-22,12.561264869698638,12.865830170783589,12.561264869698638,12.799978256225586,20877200
2010-07-23,12.820559613863283,12.997536969047777,12.709434188279959,12.985189437866211,16531400
2010-07-26,13.0263449154193,13.182743025857745,12.944030409668411,13.178627967834473,18001600
2010-07-27,13.24447758328861,13.24447758328861,12.968722427691251,13.009880065917969,21536200
2010-07-28,12.989303127018005,13.06338673178508,12.86171513270626,12.91933536529541,10320200
2010-07-29,12.976953245482486,13.108657050996875,12.697082266256105,12.853480339050293,14975000
2010-07-30,12.697086392334638,12.989304207652484,12.63946536993496,12.939915657043457,15494000
2010-08-02,13.121006813060198,13.228016375932274,13.042808151167238,13.215669631958008,18389600
2010-08-03,13.19508829751625,13.19508829751625,12.96049000842627,13.013995170593262,13878800
2010-08-04,13.116891663619565,13.248594713521845,13.10865997768293,13.232132911682129,14175200
2010-08-05,13.16216333045727,13.27328872680664,13.125121531674147,13.27328872680664,12509800
2010-08-06,13.100428566467576,13.215669816946795,12.981072257950522,13.182743072509766,12817200
2010-08-09,13.30209775264008,13.339139548394439,13.244477530362921,13.31032943725586,12502600
2010-08-10,13.190974619530579,13.265058223699151,13.092196742311408,13.195091247558594,16105000
2010-08-11,12.976956879610102,12.981072722812122,12.824673821202651,12.84936809539795,15123000
2010-08-12,12.639463527600803,12.82878837071762,12.639463527600803,12.799978256225586,16404400
2010-08-13,12.730013181171493,12.783517578642293,12.647697878121285,12.655929565429688,11725800
2010-08-16,12.585959682343153,12.738242731939065,12.532455293846459,12.651811599731445,10934000
2010-08-17,12.779398862927186,12.97283954611596,12.721778634751841,12.857598304748535,11798800
2010-08-18,12.832905001174053,13.055155030194587,12.779399826676123,12.976956367492676,12524000
2010-08-19,12.894646358686039,12.939919865649879,12.6518170149989,12.725900650024414,15809000
2010-08-20,12.676504218353722,12.742356127149066,12.573610512733913,12.71766185760498,12997600
2010-08-23,12.783519926549035,12.86171940030768,12.60242748260498,12.60242748260498,12799800
2010-08-24,12.462487495607895,12.528339412795996,12.28962601673494,12.38840389251709,24562000
2010-08-25,12.293742135372238,12.58184408327664,12.264931234066685,12.515992164611816,14923200
2010-08-26,12.544800153251396,12.622999587784228,12.417212180604842,12.429559707641602,12548800
2010-08-27,12.532451554028695,12.651807824296492,12.310200810402629,12.631229400634766,21005800
2010-08-30,12.60653609004461,12.64357788576108,12.408980369567871,12.408980369567871,14036000
2010-08-31,12.359589845700553,12.524219586307566,12.306084689367946,12.42544174194336,14879800
2010-09-01,12.598304412120312,12.874059549297293,12.598304412120312,12.853480339050293,16659600
2010-09-02,12.882291308751311,13.096310399514227,12.878176251443682,13.092194557189941,19466000
2010-09-03,13.232133296760622,13.335027018912621,13.12923878959182,13.285636901855469,15829600
2010-09-07,13.207438720614057,13.232133780044583,13.046924759399781,13.071619033813477,10168400
2010-09-08,13.088079400884348,13.223899849654908,13.083964343361027,13.166278839111328,8764000
2010-09-09,13.277405060728823,13.293868432889077,13.12100695029038,13.178627967834473,10095800
2010-09-10,13.190973353773241,13.322677177427654,13.186858296173664,13.289752006530762,10800000
2010-09-13,13.429689360855532,13.466731164475515,13.35148912541688,13.450267791748047,8309400
2010-09-14,13.429686982509233,13.52846406131372,13.363835073295123,13.46261215209961,12989000
2010-09-15,13.392648365699028,13.507888841680657,13.36383824670362,13.487310409545898,11513600
2010-09-16,13.450268603689842,13.503773783267198,13.384416678838377,13.487310409545898,13505000
2010-09-17,13.547179108896698,13.576081832568137,13.460469362802069,13.522404670715332,12389000
2010-09-20,13.563693851296488,13.811433508332412,13.559565565798696,13.782530784606934,10259800
2010-09-21,13.782531172343768,13.832078475112716,13.662790413495149,13.724725723266602,26858400
2010-09-22,13.724721482499554,13.794913341810462,13.584336188797867,13.633883476257324,15219400
2010-09-23,13.510017462881516,13.737110953714211,13.485243026123683,13.563693046569824,20614400
2010-09-24,13.732979651765861,13.927042114963351,13.732979651765861,13.914655685424805,12136200
2010-09-27,13.931172517234218,13.931172517234218,13.819689921806889,13.82381820678711,20005000
2010-09-28,13.840338141322333,13.964207199387785,13.675178347181378,13.93117618560791,14090600
2010-09-29,13.910530881790718,13.918789029511476,13.794919963861354,13.832080841064453,9857600
2010-09-30,13.910528000612205,13.99310788563504,13.708208936140576,13.794917106628418,17187000
2010-10-01,13.865114784693137,13.935306684546894,13.745373993680605,13.811437606811523,15241800
2010-10-04,13.766014492455144,13.881625387357055,13.671048175202815,13.782530784606934,13933600
2010-10-05,13.931173625632923,14.10458996004168,13.902269328151222,14.071558952331543,17481800
2010-10-06,14.042657575493104,14.063303731571272,13.91878851442693,13.976593971252441,11143400
2010-10-07,14.055046815595563,14.067433250263255,13.902273437650758,14.042658805847168,9913000
2010-10-08,14.0426586155362,14.236721156463773,14.013755884982817,14.187173843383789,12956200
2010-10-11,14.207818595750503,14.24910776129728,14.154141420475131,14.191302299499512,8669200
2010-10-12,14.162393697027802,14.26148985836887,14.055040966065025,14.224328994750977,9951000
2010-10-13,14.290400800201535,14.356464420749589,14.220207317386192,14.24498176574707,11864200
2010-10-14,14.244974695250404,14.30690999787052,14.137621955799736,14.228458404541016,9326800
2010-10-15,14.311039534896254,14.339942258625921,14.158267770170823,14.331684112548828,15719000
2010-10-18,14.32343033630027,14.352333068847656,14.2284639900616,14.352333068847656,13282400
2010-10-19,14.187171370742938,14.240848536021417,14.013753442566474,14.092205047607422,21151200
2010-10-20,14.145879201049183,14.331683542695066,14.121106338883234,14.27387809753418,14070200
2010-10-21,14.344067468009777,14.525741897555283,14.244971322297811,14.356453895568848,21472000
2010-10-22,14.327551382967552,14.447292101324058,14.315163380154237,14.434904098510742,8842600
2010-10-25,14.52574348449707,14.653742358550652,14.509227195894033,14.52574348449707,12575800
2010-10-26,14.44316752226281,14.637230028126675,14.406006650396971,14.587682723999023,12431600
2010-10-27,14.476198761137548,14.525746060653955,14.360586295492261,14.496843338012695,12865800
2010-10-28,14.57942255603817,14.60832527736199,14.467939955897634,14.562906265258789,15479000
2010-10-29,14.56290862372115,14.600069496452862,14.49684502498482,14.558778762817383,13511000
2010-11-01,14.587681823811268,14.690906286504253,14.459682923043058,14.529874801635742,13170400
2010-11-02,14.65374106960652,14.752835642348431,14.608322067483211,14.695030212402344,14582600
2010-11-03,14.74871214949541,14.773485013188898,14.538133357618682,14.769356727600098,16252200
2010-11-04,14.930380684295233,15.017088822784194,14.926252400353734,15.000574111938477,18210200
2010-11-05,15.017097077052322,15.11206341070301,14.996452495837925,15.074902534484863,13729200
2010-11-08,14.951028009659524,15.06664045736541,14.926255151285412,15.050124168395996,6390000
2010-11-09,15.091421848945894,15.09967999810004,14.84781196168171,14.913875579833984,9539800
2010-11-10,14.93864960221313,15.046002388000488,14.847811539183237,15.046002388000488,13875400
2010-11-11,14.92212896286603,15.116191468302743,14.897356098396932,15.02535343170166,30785400
2010-11-12,14.9551608653891,15.062513615036101,14.7982592389078,14.868451118469238,19690600
2010-11-15,14.922127036712743,14.988190625236822,14.823032441466724,14.839547157287598,11610800
2010-11-16,14.719808850031995,14.89735504994024,14.583551804719967,14.637228965759277,34991200
2010-11-17,14.662000008032757,14.79412875151201,14.657871723117823,14.76522445678711,18684200
2010-11-18,14.905613056090683,15.012967388506695,14.868452183343669,14.893226623535156,20116400
2010-11-19,14.83541722192298,14.97167266900028,14.794128074343195,14.96341609954834,13373000
2010-11-22,14.917997559673962,15.041866581375233,14.860192121218708,15.033608436584473,13599800
2010-11-23,14.864323220893525,14.89322594559439,14.75284060772718,14.810646057128906,19872600
2010-11-24,14.926258272711815,15.116190910339357,14.926258272711815,15.116190910339355,18699800
2010-11-26,15.008836685532613,15.08315842685683,14.975805675544265,14.992321968078613,5781400
2010-11-29,14.951026638682215,15.00057550104693,14.78586848937276,14.959284782409668,16357400
2010-11-30,14.810649401862529,15.025356530328592,14.769360235845513,14.926261901855469,22782400
2010-12-01,15.128578357825411,15.301996289752942,15.120320211059296,15.244189262390137,17291000
2010-12-02,15.264836581187108,15.45476924605374,15.24832028639508,15.4423828125,14392400
2010-12-03,15.38457991757693,15.483676137895094,15.326774445341748,15.450643539428711,13418200
2010-12-06,15.438248921045107,15.500184222806471,15.396959769924297,15.467151641845703,20307200
2010-12-07,15.62818703277046,15.640575042527693,15.446512498831662,15.475415229797363,14517400
2010-12-08,15.479543014079637,15.500187594130281,15.355672383614781,15.434123992919922,11641200
2010-12-09,15.537345197724665,15.570376203836744,15.421732738631976,15.454765319824219,8637600
2010-12-10,15.491929445674891,15.533218605772399,15.434123991506185,15.508445739746094,8656400
2010-12-13,15.599282208405572,15.599282208405572,15.425865845883566,15.434123992919922,9095200
2010-12-14,15.454770935374588,15.50844811177571,15.388707324065797,15.429996490478516,8645600
2010-12-15,15.40934629397445,15.496054456903655,15.339154421626091,15.380443572998047,7886800
2010-12-16,15.405217081851495,15.500183384356472,15.34328178344039,15.491925239562988,8970800
2010-12-17,15.45039531569986,15.52930805311621,15.446241096463494,15.51684856414795,9792400
2010-12-20,15.56669344503615,15.637300936944731,15.483626459884686,15.608227729797363,8601200
2010-12-21,15.666367180858558,15.699593009528675,15.604066573592984,15.674674034118652,8971400
2010-12-22,15.69128798040892,15.724515397312041,15.66636900210202,15.695442199707031,6604200
2010-12-23,15.69543863932971,15.703745491671151,15.583298509275377,15.628985404968262,4577800
2010-12-27,15.57498897123452,15.608216374870661,15.500228897423009,15.583295822143555,6736600
2010-12-28,15.616527826553755,15.616527826553755,15.48777554739409,15.550074577331543,6113800
2010-12-29,15.595761285223553,15.658061898740419,15.574994942174737,15.599915504455566,3734800
2010-12-30,15.579145150326484,15.612372561525204,15.541765104913008,15.570839881896973,5904400
2010-12-31,15.562534429354676,15.56668706394307,15.487774331801099,15.537613868713379,4425200
2011-01-03,15.662211511831014,15.80757905386724,15.64559780684914,15.720357894897461,8508400
2011-01-04,15.75774404557246,15.778511977033121,15.550077405931633,15.63314437866211,7314800
2011-01-05,15.562539201296664,15.770205850540032,15.562539201296664,15.7618989944458,12311200
2011-01-06,15.73282843577444,15.73282843577444,15.628995093693193,15.666375160217285,7382200
2011-01-07,15.691283034890281,15.736969926547433,15.525150755846935,15.65805721282959,10834800
2011-01-10,15.58330414140977,15.682983236793026,15.508544027687,15.64560317993164,9125000
2011-01-11,15.757742729773268,15.757742729773268,15.59576301787833,15.641449928283691,6302800
2011-01-12,15.724522796389724,15.741136512658766,15.641455799415695,15.67883586883545,41989200
2011-01-13,15.678823562350466,15.707896750815825,15.612370333805368,15.653903007507324,9280400
2011-01-14,15.62483198734059,15.761892681443218,15.604065647607813,15.749431610107422,9176400
2011-01-18,15.790972371722148,15.820045576185313,15.749438090795614,15.795125007629395,8026800
2011-01-19,15.766046078810476,15.807580344656698,15.599913768536316,15.637293815612793,12632000
2011-01-20,15.599905408183638,15.72865760238002,15.583291710748817,15.670511245727539,13397600
2011-01-21,15.795122507911419,15.815890437273383,15.674677073213065,15.707902908325195,8574000
2011-01-24,15.703740838977168,15.79096038616583,15.633133407179482,15.770194053649902,9685000
2011-01-25,15.720357359859875,15.79096481144468,15.637292006517834,15.778505325317383,11426600
2011-01-26,15.82834443749935,15.894797669045568,15.74943013578383,15.803423881530762,9719000
2011-01-27,15.874041632321541,15.952954400875527,15.824200488041194,15.928033828735352,8722000
2011-01-28,15.824196321033291,15.840810031418496,15.37978986663816,15.408863067626953,22204600
2011-01-31,15.467010599330141,15.52100277993904,15.388096269505382,15.442090034484863,9879400
2011-02-01,15.54176710634515,15.649754622277197,15.487774932749499,15.624834060668945,9688600
2011-02-02,15.59160173094248,15.62482754820117,15.533455362462488,15.579140663146973,8011200
2011-02-03,15.62899246567971,15.786817978357695,15.608226117629533,15.7618989944458,11030800
2011-02-04,15.774358025232099,15.882345566929237,15.73697796608628,15.869884490966797,9752000
2011-02-07,15.898949106521453,16.02770292611591,15.86156906756628,15.952942848205566,8280400
2011-02-08,15.9654038322017,16.15645826278455,15.9654038322017,16.143997192382812,11486000
2011-02-09,16.143999945352586,16.297674359675785,16.143999945352586,16.25198745727539,11511600
2011-02-10,16.19384003459625,16.293519102234633,16.148153135107734,16.27275276184082,9016800
2011-02-11,16.235378355454564,16.455504491965826,16.181384584177376,16.438892364501953,10310600
2011-02-14,16.413968888315893,16.413968888315893,16.310135584304053,16.372434616088867,7055200
2011-02-15,16.310142462284574,16.409821588923116,16.276915030490958,16.39320945739746,6031600
2011-02-16,16.48456781135735,16.53856155025994,16.422268805888045,16.52610206604004,9252800
2011-02-17,16.46796676076953,16.571800090700307,16.418125621655726,16.53026580810547,6606800
2011-02-18,16.530265431481084,16.621639266736995,16.50119222651254,16.61748504638672,7377800
2011-02-22,16.43057647049276,16.476261776351404,16.173068831817364,16.2187557220459,15399400
2011-02-23,16.231228013457017,16.285220207993547,15.824199937841568,15.982027053833008,17915800
2011-02-24,16.006941193016917,16.110774488377373,15.86572784795188,16.077547073364258,18894400
2011-02-25,16.181387943246623,16.28522128721156,16.13154838176736,16.243688583374023,8581200
2011-02-28,16.27275207414725,16.36827850341797,16.239524663425183,16.36827850341797,9762800
2011-03-01,16.393202237880434,16.4388891442907,16.03601542525883,16.056781768798828,20081600
2011-03-02,16.023553158621144,16.18137860966536,16.011092087160677,16.11907958984375,14813400
2011-03-03,16.29767090988053,16.426423151896866,16.25198401715087,16.405656814575195,15178200
2011-03-04,16.380743748004047,16.418123806020205,16.14815812867748,16.28521728515625,16378400
2011-03-07,16.293522261756994,16.384896078452574,16.031861885819065,16.12323570251465,16608200
2011-03-08,16.13154045719623,16.297674359675785,16.048473505956455,16.25198745727539,10753600
2011-03-09,16.218756413800218,16.33089653522505,16.135689481148127,16.289363861083984,13902400
2011-03-10,16.102460861206055,16.231214663666716,16.03185342618902,16.102460861206055,19229000
2011-03-11,16.040164956415495,16.26029259158162,15.99447805884573,16.202144622802734,21319000
2011-03-14,16.073396015344894,16.12738977785239,15.86572940425354,16.002788543701172,13307000
2011-03-15,15.64145150035158,15.973717812552872,15.57084560217101,15.869884490966797,14972600
2011-03-16,15.774354687310124,15.869881132831011,15.525155401983495,15.599915504455566,19049600
2011-03-17,15.803417656467323,15.857411380945795,15.653897548292719,15.670511245727539,12396200
2011-03-18,15.835550977061875,15.843885668337695,15.63968970627962,15.660527229309082,35608200
2011-03-21,15.860546973188534,15.931389428433564,15.810538851002505,15.90221881866455,26727400
2011-03-22,15.8938850520342,15.914720975978799,15.768867918687512,15.777202606201172,13460600
2011-03-23,15.739696871375422,15.95639397169262,15.635515664858252,15.91472053527832,14919800
2011-03-24,15.989738227945992,16.193934182807684,15.981403536963906,16.148094177246094,10029200
2011-03-25,16.2022673304522,16.285612642654286,16.143926088814627,16.177263259887695,7081400
2011-03-28,16.223104989056917,16.223104989056917,16.00640779012224,16.010574340820312,19556000
2011-03-29,16.006398580340623,16.160586302329037,15.977227973199,16.15641975402832,12230000
2011-03-30,16.26060703329104,16.356453576865274,16.210600486573927,16.331449508666992,14049400
2011-03-31,16.277273760198263,16.306444373504057,16.181427232239333,16.27310562133789,11099600
2011-04-01,16.373118454947445,16.49396903350001,16.310609096474316,16.37728500366211,12049200
2011-04-04,16.41896687710801,16.464805295242325,16.36062403736646,16.414798736572266,5774400
2011-04-05,16.356445846502258,16.55230698062253,16.356445846502258,16.468961715698242,8023200
2011-04-06,16.53564681407843,16.58565336499709,16.36062150134374,16.439800262451172,14635000
2011-04-07,16.38979254796131,16.481470953190332,16.264773795020815,16.373123168945312,19789400
2011-04-08,16.443964090813814,16.452298779533944,16.198096337447655,16.27727508544922,17011600
2011-04-11,16.289773514797602,16.37728534675005,16.21892946773201,16.28143882751465,9573400
2011-04-12,16.193927042272893,16.310609485212723,16.164756431537935,16.260602951049805,17972600
2011-04-13,16.335617116946068,16.356453044927292,16.18976244171869,16.314781188964844,16133200
2011-04-14,16.210599165367515,16.30227756193028,16.127253867845553,16.27727508544922,8229400
2011-04-15,16.302276356709836,16.406457573490382,16.25643636697772,16.3564510345459,12910200
2011-04-18,16.181429282290523,16.23560237690502,16.027239918506304,16.210599899291992,17991600
2011-04-19,16.206436360188263,16.26477761075168,16.14392855873311,16.248109817504883,8930200
2011-04-20,16.477306201747933,16.602323378654376,16.460636820912498,16.539813995361328,17215000
2011-04-21,16.606482832132695,16.64815626641186,16.523139142932315,16.631486892700195,8625200
2011-04-25,16.6398283658089,16.648163056063886,16.560651192905972,16.614824295043945,8422400
2011-04-26,16.648163425093877,16.714839358932103,16.60232342251516,16.64399528503418,14000000
2011-04-27,16.69399931424602,16.869023001315394,16.685664625859964,16.844018936157227,12916000
2011-04-28,16.810681361155726,16.939866643461226,16.810681361155726,16.910696029663086,12118200
2011-04-29,16.923193603811868,16.969033584051672,16.877353623572063,16.898189544677734,20800000
2011-05-02,16.964871936270747,17.094057240034513,16.931534767683658,16.9565372467041,18676800
2011-05-03,16.9440306280384,16.977369375721057,16.78567475590375,16.860685348510742,13279600
2011-05-04,16.881522374924586,16.944031736077818,16.689829332250667,16.82318115234375,21531400
2011-05-05,16.698162794705777,16.935695806175623,16.677326872409626,16.777339935302734,16200000
2011-05-06,17.006539692766175,17.006539692766175,16.744002623154636,16.78984260559082,11709800
2011-05-09,16.79401101400345,16.877356301328554,16.74400447748004,16.810680389404297,8551200
2011-05-10,16.856519064567834,17.056546784767622,16.8481843775163,17.027376174926758,10063200
2011-05-11,17.014877933945247,17.014877933945247,16.777343285366026,16.864856719970703,9847400
2011-05-12,16.827355104160638,17.03571759374769,16.781515102102745,17.03154945373535,15400000
2011-05-13,17.044049355648667,17.064885283091492,16.860689378921307,16.902362823486328,10376800
2011-05-16,16.831521628735267,16.86069225005844,16.63982852013165,16.67733383178711,17553600
2011-05-17,16.627326222748113,16.73567401082265,16.57315153387108,16.694002151489258,32679000
2011-05-18,16.70649421786695,16.898187209029746,16.648153010963373,16.88985252380371,12817400
2011-05-19,16.93987374746311,16.956541541138215,16.839859037013014,16.944040298461914,8554200
2011-05-20,16.8731951256815,16.92736822846728,16.706504497947726,16.78151512145996,12816400
2011-05-23,16.577321307928447,16.69817194904994,16.548150682785998,16.62316131591797,10800000
2011-05-24,16.68566869315189,16.68566869315189,16.51897806415686,16.539813995361328,9649200
2011-05-25,16.485632708446595,16.614816371593335,16.431458042464392,16.543973922729492,11294800
2011-05-26,16.535646224599216,16.727339321020064,16.51481029493252,16.694002151489258,13351200
2011-05-27,16.714837974884723,16.794015142986577,16.68566735560091,16.735673904418945,8530400
2011-05-31,16.894025580598974,16.894025580598974,16.769008445162257,16.852352142333984,11977400
2011-06-01,16.78983995236559,16.819010556637284,16.456460482347147,16.468961715698242,25268600
2011-06-02,16.47730514845312,16.53981293807077,16.3397851498711,16.43146514892578,15816400
2011-06-03,16.218931198120117,16.352284619195743,16.18559403511063,16.218931198120117,14524400
2011-06-06,16.185594698246437,16.248104067259217,16.043908172872854,16.04807472229004,10386200
2011-06-07,16.156430692863832,16.23977602241758,16.06475067138672,16.06475067138672,10020200
2011-06-08,16.06057646663234,16.073077703719985,15.91472181200002,15.939725875854492,20040200
2011-06-09,15.981400071622547,16.131421297410576,15.927226976505304,16.07308006286621,11329800
2011-06-10,15.989731573922631,16.01473563646361,15.756366682256573,15.777202606201172,19248600
2011-06-13,15.798037621554538,15.889717589252907,15.668852357041294,15.756365776062012,19118400
2011-06-14,15.902225901514875,16.068916537020954,15.902225901514875,16.03557777404785,18593800
2011-06-15,15.86054741604275,15.973063309584447,15.760532758557117,15.789703369140625,39760200
2011-06-16,15.793874524601462,15.868885134624659,15.63551861569923,15.752201080322266,17067800
2011-06-17,15.887276481415913,15.983461428945905,15.820365144208436,15.870548248291016,20661800
2011-06-20,15.807815154475106,16.058733817579295,15.786905664706042,16.000185012817383,10205000
2011-06-21,16.079647715087923,16.347293086199,16.033645867810908,16.326383590698242,25307200
2011-06-22,16.301288210201957,16.359835424843116,16.192557896624372,16.2009220123291,15139200
2011-06-23,15.991828403988642,16.276200441481787,15.954190670376072,16.25947380065918,25104600
2011-06-24,16.25947236575397,16.305474213364363,16.06710085799304,16.100557327270508,19934200
2011-06-27,16.142372052606376,16.36819837467306,16.037823006682004,16.29710578918457,10825600
2011-06-28,16.405844744335596,16.606578826904297,16.364025742035206,16.606578826904297,29755200
2011-06-29,16.70276756860154,16.748769438663643,16.581491796511404,16.68185806274414,25746600
2011-06-30,16.723677412257597,16.85331729600136,16.702766312679515,16.8156795501709,18451400
2011-07-01,16.849118860930332,17.179494115919077,16.807298299689883,17.154401779174805,19309400
2011-07-05,17.125133877440312,17.296594247302306,17.100041532353746,17.22968292236328,23675600
2011-07-06,17.19205402788956,17.200418147212122,17.112595691971546,17.166961669921875,11121000
2011-07-07,17.3551437417745,17.472238177008688,17.330051393384878,17.40532684326172,15744000
2011-07-08,17.166960448295946,17.300783157348633,17.133505568679038,17.300783157348633,12362600
2011-07-11,17.041498220246726,17.17532090073326,16.899311422818254,16.966222763061523,19935600
2011-07-12,16.936945755041243,17.066587148705892,16.874215688202124,16.882579803466797,18989800
2011-07-13,16.99131316357333,17.154409436989855,16.941128467682088,16.97040367126465,12232000
2011-07-14,17.016410532118833,17.09586886719362,16.778038717479728,16.840768814086914,12107800
2011-07-15,16.92440418214665,16.92440418214665,16.72785141749754,16.84912872314453,31336000
2011-07-18,16.773852172911234,16.80730704401785,16.573118160395182,16.686031341552734,12047800
2011-07-19,16.811495877426317,17.045684844316757,16.811495877426317,17.008047103881836,16963000
2011-07-20,17.041500555422196,17.04568181682002,16.857494743362167,16.920223236083984,9973800
2011-07-21,16.999675370635902,17.212954720702204,16.991311255593246,17.116769790649414,13880200
2011-07-22,17.125138078461802,17.208777653976426,17.058226737108544,17.183685302734375,8209200
2011-07-25,16.995494813401937,17.141864453501054,16.995494813401937,17.070770263671875,7947800
2011-07-26,17.07496038518069,17.095869886866012,16.970411281461367,17.04150390625,9939600
2011-07-27,17.02476811579125,17.028950971448722,16.71530379940264,16.744577407836914,19216800
2011-07-28,16.765485403606505,16.886762682174744,16.627479894485706,16.66093635559082,13346200
2011-07-29,16.56893686721338,16.744580141788987,16.430932918532513,16.581483840942383,18268000
2011-08-01,16.769671381087328,16.769671381087328,16.288746582101002,16.493661880493164,16283400
2011-08-02,16.35565584186826,16.426748439710902,15.870548248291016,15.870548248291016,24332400
2011-08-03,15.908184626863024,16.004369566240772,15.577809229462076,15.987641334533691,27995000
2011-08-04,15.736727038290107,15.778546029701792,15.205617551841948,15.209798812866211,46110800
2011-08-05,15.397986288527347,15.494171237660314,14.787420126922175,15.19725227355957,49672800
2011-08-08,14.81251043839257,14.971425460386904,14.181034801579123,14.243764877319336,52621400
2011-08-09,14.440311593346514,14.917054917548958,13.976113642320472,14.904509544372559,50522000
2011-08-10,14.544868434750411,14.733057109914705,14.227039913033739,14.268858909606934,46480800
2011-08-11,14.394311946387534,15.092700406074481,14.323219360556973,14.900330543518066,38716800
2011-08-12,15.042527761730957,15.17635050651219,14.871067270274196,15.084346771240234,21431200
2011-08-15,15.159619258541639,15.305987358093262,15.042524778900342,15.305987358093262,42941800
2011-08-16,15.222345352172852,15.368713413229578,15.05506620071469,15.222345352172852,18259200
2011-08-17,15.364536844166736,15.423084086467897,15.009068937592575,15.201438903808594,19399200
2011-08-18,14.75814682087577,14.774875054624902,14.302312820611089,14.448680877685547,34377200
2011-08-19,14.235401754570319,14.716326519411894,14.214492259628026,14.239583015441895,30236400
2011-08-22,14.557410105105154,14.595047826422489,14.247944219241305,14.281400680541992,21931400
2011-08-23,14.33158680242888,14.837603921726899,14.273039578085932,14.833422660827637,19785200
2011-08-24,14.774878736370011,15.105252661134108,14.749786379493562,15.096888542175293,20670400
2011-08-25,15.167980364821583,15.230708854186249,14.745601198088146,14.795785903930664,23207800
2011-08-26,14.695416308228419,15.188888022217775,14.532320022218606,15.10524845123291,21998800
2011-08-29,15.297619234828309,15.556900457114128,15.27252688610695,15.544353485107422,19820400
2011-08-30,15.506718622293125,15.724179281149258,15.372894346800773,15.615448951721191,27446000
2011-08-31,15.724183831993361,15.887281766277031,15.577815731691839,15.711638450622559,16813800
2011-09-01,15.703271940229088,15.849641613536372,15.498356631008257,15.519266128540039,19644400
2011-09-02,15.205623528199867,15.280899018560689,15.02998018559365,15.080164909362793,24527600
2011-09-06,14.641054984479576,15.0550701145587,14.63269246049567,15.034160614013672,17562000
2011-09-07,15.239073988232848,15.431445516208537,15.172162637939,15.423081398010254,17093000
2011-09-08,15.32271004199242,15.473260944264423,15.155432502472904,15.213979721069336,14868000
2011-09-09,15.025793407261602,15.101068869990327,14.707963321230919,14.812512397766113,22248000
2011-09-12,14.569952578068614,14.992329948453746,14.569952578068614,14.98814868927002,17743200
2011-09-13,15.021618128310557,15.213989738597006,14.917068999036815,15.16380500793457,16629200
2011-09-14,15.239077206604726,15.607090508588591,15.034161850993758,15.41472053527832,20164600
2011-09-15,15.615454449935005,15.699094053332725,15.418901621244274,15.674001693725586,15697200
2011-09-16,15.73610892702778,15.866194670431398,15.68155663453468,15.849409103393555,23261600
2011-09-19,15.580840620343444,15.908151051657256,15.52628834820475,15.820029258728027,13108200
2011-09-20,15.887169903338265,16.042432338629926,15.723514687657977,15.736103057861328,27629400
2011-09-21,15.769674900828305,15.794851642386762,15.228352546691896,15.228352546691895,28418800
2011-09-22,14.762567071390517,15.068896437816438,14.548555113535388,14.770959854125977,56392200
2011-09-23,14.670236309618874,15.08147272965387,14.661843533606932,14.993350982666016,33179200
2011-09-26,15.136034309726725,15.34584903717041,14.854883343316667,15.34584903717041,28385600
2011-09-27,15.631196862831068,15.757085376473821,15.366829863649778,15.450756072998047,25105200
2011-09-28,15.488520735399087,15.63119479216329,15.169603103033916,15.186387062072754,19486200
2011-09-29,15.454947944531577,15.471731900017016,14.749970589863189,15.060495376586914,26736800
2011-09-30,14.800327658841056,15.01853511724089,14.628279685974121,14.628279685974121,26451400
2011-10-03,14.52336916755626,14.775146087115886,14.200254440307617,14.200254440307617,44002600
2011-10-04,14.01562364505912,14.682834504824854,13.87714516437225,14.649263381958008,35315400
2011-10-05,14.716403767480296,14.959789601696267,14.548551357623817,14.917825698852539,28178600
2011-10-06,14.905234646544814,15.28290009963136,14.871663530310137,15.26611614227295,17806200
2011-10-07,15.354244198788793,15.425580448814708,15.131841065461431,15.253532409667969,23840000
2011-10-10,15.421384846191982,15.78226648919039,15.421384846191982,15.769678115844727,13154600
2011-10-11,15.719311875662083,15.861985889728384,15.677349589484361,15.836809158325195,15960000
2011-10-12,15.91234708152083,16.193499629617715,15.89975871097115,15.97948932647705,19556800
2011-10-13,15.924933763458009,16.03823387728011,15.841007575357317,15.966896057128906,17656800
2011-10-14,16.16832388905564,16.248054517389274,16.029846988452164,16.22707176208496,12333800
2011-10-17,16.147337234891666,16.214477867023398,15.891363074652267,15.895560264587402,11855600
2011-10-18,15.899763878639007,16.348767382781812,15.73191301397202,16.21868324279785,22580000
2011-10-19,16.243849935242434,16.256439902848616,15.916539591139301,15.975287437438965,14810800
2011-10-20,16.008857687757565,16.126353374028216,15.799043047555022,16.055015563964844,17991000
2011-10-21,16.281620852465934,16.508221118947453,16.256444112251877,16.499828338623047,20837200
2011-10-24,16.596342403518975,16.801961513278997,16.5208089836691,16.743213653564453,26215200
2011-10-25,16.655089093549698,16.655089093549698,16.32777869769326,16.37813377380371,22184200
2011-10-26,16.399117467780066,16.445275356431463,16.038235933217017,16.3151912689209,32416200
2011-10-27,16.751609353897706,16.856516731917885,16.457869976048848,16.76000213623047,25967200
2011-10-28,16.6886707595416,16.726437490684663,16.516622673392103,16.62992286682129,18144400
2011-10-31,16.462063222313166,16.579558956719,16.361353050182256,16.37394142150879,12987000
2011-11-01,15.966897774477857,16.180909657191005,15.870383208046874,16.02145004272461,21417200
2011-11-02,16.290013630366563,16.290013630366563,16.04662940403161,16.18510627746582,10861400
2011-11-03,16.336168688862404,16.432683235250277,15.996268381424363,16.394916534423828,13476800
2011-11-04,16.29420892362289,16.37393792627057,16.14733768620792,16.331974029541016,9393400
2011-11-07,16.365545792925328,16.44107920926109,16.19349781144032,16.43688201904297,9088200
2011-11-08,16.516607384252275,16.62151469578766,16.269026064998428,16.596336364746094,16891400
2011-11-09,16.264837098016155,16.281622660529,15.945919414068891,16.004667282104492,13776400
2011-11-10,16.172516760627992,16.197693499053116,15.941720920763064,16.155731201171875,13508800
2011-11-11,16.315189464668176,16.60053754877801,16.315189464668176,16.56277084350586,13413000
2011-11-14,16.48723958371111,16.583754154050443,16.373939453114723,16.44108009338379,6967600
2011-11-15,16.36974264473347,16.58795013089058,16.294210823332133,16.499828338623047,7796200
2011-11-16,16.35296150177426,16.491438399082845,16.159930722580086,16.189306259155273,9803600
2011-11-17,16.1683227773988,16.20608949328663,15.81583396269884,15.90395736694336,13999400
2011-11-18,15.975289265006667,16.000467602340667,15.799045705945469,15.895560264587402,7739800
2011-11-21,15.681552121004861,15.715123245417967,15.450756243322378,15.647982597351074,11704600
2011-11-22,15.62280279537874,15.719317367916114,15.488521511782467,15.639588356018066,7865600
2011-11-23,15.48851438362696,15.543066630219041,15.312270880302682,15.329054832458496,9337800
2011-11-25,15.270312999494124,15.433968202831045,15.245136260986328,15.245136260986328,5977400
2011-11-28,15.668957093257307,15.807433920735468,15.614404839640509,15.710919380187988,11134400
2011-11-29,15.75708725949019,15.853601851508708,15.689946604139937,15.765480041503906,9683200
2011-11-30,16.210279731502336,16.273223163811647,16.07599848833205,16.256439208984375,17420400
2011-12-01,16.23545850192396,16.592144399481068,16.20188898729724,16.26902961730957,8752000
2011-12-02,16.453664379985252,16.545983337729623,16.382328167734588,16.394916534423828,11458800
2011-12-05,16.64669824679937,16.680269368610045,16.44527631821292,16.545988082885742,9183400
2011-12-06,16.52920271674108,16.587950579842776,16.445276511984705,16.491436004638672,12284200
2011-12-07,16.428485626744603,16.671869757112255,16.344559457364586,16.596336364746094,9435800
2011-12-08,16.508219568082257,16.554379055150463,16.214478687360135,16.243852615356445,12827400
2011-12-09,16.327780473276793,16.57116630233609,16.32358488346092,16.51241683959961,13206200
2011-12-12,16.39073229608942,16.478854125454458,16.23127260431471,16.462068557739258,28487800
2011-12-13,16.54178646793219,16.566964802555873,16.07180209360147,16.13894271850586,15795600
2011-12-14,16.10537828464187,16.10537828464187,15.866189632953663,15.971096992492676,15993000
2011-12-15,16.096983846218013,16.126357775803445,15.971095347886285,15.996272087097168,14978800
2011-12-16,16.101788389492132,16.190421697091665,15.970947594904015,15.996272087097168,24864000
2011-12-19,16.03848299828695,16.122896388709286,15.772581381974613,15.819008827209473,10322800
2011-12-20,16.059581160808552,16.28749676405975,16.042698165741566,16.25373077392578,11583400
2011-12-21,16.27905122833573,16.35080313454608,16.156651959539072,16.308595657348633,6711000
2011-12-22,16.37613109258781,16.39301408870585,16.300159220107748,16.35502815246582,6843400
2011-12-23,16.435219823812606,16.54917763152635,16.40145544192582,16.536516189575195,3983200
2011-12-27,16.473208009244082,16.625151773611346,16.460546565563924,16.58716583251953,4226200
2011-12-28,16.633591510465386,16.633591510465386,16.355028508655497,16.405675888061523,5336000
2011-12-29,16.409897751238496,16.57450294494629,16.409897751238496,16.57450294494629,4639400
2011-12-30,16.549172580484743,16.570275513979464,16.46898078918457,16.46898078918457,3975200
2012-01-03,16.743329503580483,16.802419997407434,16.60826873779297,16.60826873779297,24111000
2012-01-04,16.57871244670401,16.777083509071353,16.57871244670401,16.739097595214844,6236600
2012-01-05,16.646257835918973,16.878395080566406,16.55762449344539,16.878395080566406,9152600
2012-01-06,16.88682641873336,16.967019829924684,16.798193121148987,16.903709411621094,6185200
2012-01-09,16.950145421601697,16.950145421601697,16.81086468486487,16.878395080566406,6142800
2012-01-10,17.0218889261849,17.03032881266442,16.929034074401823,16.988122940063477,7713000
2012-01-11,16.95857788744474,17.04721118269792,16.950136391222898,17.013446807861328,5221000
2012-01-12,17.047221077956575,17.089428583565628,16.916381835697788,17.064104080200195,4188200
2012-01-13,16.96701788161477,17.04298973083496,16.869943098733557,17.04298973083496,6846400
2012-01-17,17.140073429792206,17.19916231880071,17.06410154105228,17.089426040649414,4717400
2012-01-18,17.123184868994638,17.38064489610383,17.05565450205214,17.36376190185547,8930000
2012-01-19,17.389085875650522,17.545249542672362,17.367982938493665,17.515705108642578,7903400
2012-01-20,17.511493808371245,17.511493808371245,17.321564060114177,17.372211456298828,12068000
2012-01-23,17.37643186855477,17.481948219303977,17.24137106839992,17.35955047607422,5862400
2012-01-24,17.296234672849426,17.418633988279687,17.241365736613233,17.410192489624023,5635000
2012-01-25,17.397529233093355,17.57479585622974,17.32577730702548,17.53680992126465,8151000
2012-01-26,17.621222893278695,17.68453332014921,17.439734720304315,17.507265090942383,7479800
2012-01-27,17.405972696489037,17.528370402931056,17.367986757234274,17.494606018066406,6762800
2012-01-30,17.34266380609842,17.473504632977228,17.23292753294788,17.443960189819336,9903200
2012-01-31,17.55369321945767,17.566354661313973,17.37220503927888,17.439735412597656,6828400
2012-02-01,17.473505997570182,17.562139333965675,17.43552005196475,17.498828887939453,11254400
2012-02-02,17.490379792958148,17.51992422559424,17.39330499857514,17.477718353271484,7214200
2012-02-03,17.604339824840388,17.836475372314453,17.604339824840388,17.836475372314453,11123600
2012-02-06,17.722524060214642,17.82804039357849,17.718302505251263,17.798494338989258,5171600
2012-02-07,17.79849447807064,17.908232367255387,17.743627143529757,17.88290786743164,18817200
2012-02-08,17.92510986328125,18.009521616672362,17.81537200779122,17.92510986328125,8521800
2012-02-09,17.91666685640889,17.971535779531067,17.794267570232833,17.954652786254883,8258800
2012-02-10,17.773166818230884,17.87868312410017,17.752063879067236,17.857580184936523,6367000
2012-02-13,17.98420228334208,18.026408168365755,17.933554899303402,18.00108528137207,9679200
2012-02-14,17.908230143237272,17.992643522114996,17.844919706566156,17.97998046875,7708200
2012-02-15,18.060171230611687,18.093935611135457,17.857580117315926,17.8997859954834,9940800
2012-02-16,17.870245087270085,18.001085911505704,17.857583643330027,17.97576141357422,9935000
2012-02-17,18.022181725964394,18.161462384365766,18.022181725964394,18.13191795349121,6741400
2012-02-21,18.191004984462488,18.23743240260731,18.030621407299282,18.068607330322266,8236600
2012-02-22,18.0686137138442,18.098158152183203,17.958875848541222,18.022186279296875,9264400
2012-02-23,18.02218934750581,18.1192641771536,17.954658961226855,18.110822677612305,7072600
2012-02-24,18.110820806637687,18.165689742962062,18.064393368982547,18.089717864990234,5540200
2012-02-27,18.026403765050816,18.220553364816844,17.97575639338379,18.19523048400879,8870800
2012-02-28,18.19523310462553,18.304969360717628,18.153025613781534,18.296527862548828,12252000
2012-02-29,18.30919161484818,18.364058939966416,18.224778239983934,18.2289981842041,19011800
2012-03-01,18.279644735366272,18.40626397573715,18.271203238001416,18.380939483642578,9467200
2012-03-02,18.326069112568998,18.435806959619004,18.304966175844267,18.368276596069336,11599800
2012-03-05,18.317634082316516,18.38938440821333,18.262765144244586,18.351398468017578,6652200
2012-03-06,18.18257337262018,18.191013261531673,18.00952505895988,18.064393997192383,10974000
2012-03-07,18.131919804729755,18.296524967851255,18.123478307896487,18.271202087402344,9631800
2012-03-08,18.292307806231218,18.49489893088567,18.292307806231218,18.456912994384766,8756200
2012-03-09,18.528672660978174,18.60042300985906,18.48646515276723,18.562437057495117,9470800
2012-03-12,18.570880135707895,18.61730759365548,18.473805273659295,18.511791229248047,10772000
2012-03-13,18.58353198944667,18.798786163330078,18.54976760749603,18.798786163330078,13602600
2012-03-14,18.80722637788108,18.819887818992136,18.714371516264002,18.773460388183594,13957200
2012-03-15,18.769244442321956,18.84943626985773,18.69749250395723,18.836774826049805,10541200
2012-03-16,18.860905064675563,18.865139617876853,18.738128861979693,18.77623176574707,15447600
2012-03-19,18.712724742368533,18.899004675547378,18.70425725245014,18.87360382080078,14249800
2012-03-20,18.784700744664054,18.94134692533936,18.72966446875984,18.903244018554688,9535400
2012-03-21,18.94135195131504,18.987920747511748,18.903249034419982,18.92864990234375,6158800
2012-03-22,18.83549605932423,18.928635194355792,18.80162610839774,18.882064819335938,9118600
2012-03-23,18.85243906616914,18.924411941210845,18.666159085782393,18.903244018554688,7054400
2012-03-26,19.059886598913156,19.216531148263144,19.034484125366344,19.20383071899414,11443800
2012-03-27,19.258865712690103,19.28850111987425,19.161490386218112,19.174192428588867,9001400
2012-03-28,19.18688948399924,19.18688948399924,18.92440380292301,19.009077072143555,13392000
2012-03-29,18.88207607215676,19.021787280477568,18.793169820503035,19.004852294921875,7817600
2012-03-30,19.085280842425135,19.14031708886372,18.979439670801238,19.089513778686523,8367400
2012-04-02,19.059883003024808,19.203827095948917,19.009079680524682,19.140321731567383,21711200
2012-04-03,19.114914943822,19.22075610826175,19.0302416892686,19.10221290588379,10632600
2012-04-04,18.98791554108794,19.000617586576368,18.805868500840415,18.92441177368164,14964000
2012-04-05,18.86089949682358,19.08528391499577,18.86089949682358,19.055646896362305,11427200
2012-04-09,18.780458196572756,18.924402257994053,18.74658824564626,18.882064819335938,13188000
2012-04-10,18.814332214342244,18.877837584003707,18.382499899666765,18.420602798461914,34536400
2012-04-11,18.60265632623414,18.725432555966865,18.58572295472658,18.67462921142578,9042400
2012-04-12,18.716955707169177,18.928638087793143,18.636516983935092,18.91170310974121,14096400
2012-04-13,18.873608646581793,18.9625148909444,18.772000356589537,18.86090660095215,12947600
2012-04-16,18.907477746734454,18.95404814752835,18.708495712436545,18.793169021606445,19842600
2012-04-17,18.886304336368816,19.047183415552336,18.83126645914656,18.992145538330078,9396400
2012-04-18,18.949807160425024,19.102218742185865,18.92440630680388,19.021780014038086,8628400
2012-04-19,19.021777251766878,19.11491800820817,18.784692424010974,18.869365692138672,11413600
2012-04-20,18.94557245583445,19.042946153985227,18.890534586441984,18.899002075195312,9196200
2012-04-23,18.733897967127433,18.763533382733467,18.573018843116806,18.6957950592041,12324200
2012-04-24,18.716957447553266,18.793163240864512,18.55607998612601,18.63228416442871,17761400
2012-04-25,18.771996202336574,18.95827614192138,18.763528712127,18.945575714111328,15792800
2012-04-26,18.91594076102938,19.22076395587415,18.91594076102938,19.182661056518555,11561400
2012-04-27,19.322368875732195,19.50865041808039,19.23346265688884,19.419742584228516,17906200
2012-04-30,19.407035540531677,19.407035540531677,19.263091495525234,19.309661865234375,13903200
2012-05-01,19.35623540311078,19.589085674760696,19.292730049475242,19.436674118041992,15511600
2012-05-02,19.368937226247333,19.563684622778087,19.330834334316673,19.542516708374023,19296800
2012-05-03,19.534048366496073,19.550983343283058,19.33083349007707,19.390104293823242,10054600
2012-05-04,19.305440236933592,19.305440236933592,18.996384030635024,19.01331901550293,19999800
2012-05-07,18.95828189214827,19.085292668806865,18.93711396770821,19.004852294921875,15508600
2012-05-08,18.860905064675563,18.865139617876853,18.467175597415597,18.77623176574707,24420200
2012-05-09,18.611119085296185,18.805866535672536,18.496810377899077,18.704259872436523,22291600
2012-05-10,18.8101027968727,18.88207405528318,18.69579407909523,18.76776695251465,15600000
2012-05-11,18.65345613824158,18.941344369545096,18.64922158527634,18.72966194152832,16199200
2012-05-14,18.581485153879292,18.653458026495226,18.462943498992956,18.46717643737793,23373600
2012-05-15,18.45024019016361,18.67462303476351,18.3952023096926,18.437538146972656,19657800
2012-05-16,18.488344327862297,18.628055519462546,18.40367264023551,18.40790557861328,16355800
2012-05-17,18.424841342712508,18.433308834835696,17.908335628260918,17.921037673950195,31044600
2012-05-18,17.976075155937718,18.077683453222114,17.76015974484588,17.785560607910156,18975800
2012-05-21,17.760154895427263,18.103079373232084,17.667014116266124,18.098846435546875,16673400
2012-05-22,18.16657967030842,18.310523736537018,18.052271004626164,18.170812606811523,18412000
2012-05-23,18.043815378286588,18.297835340682422,17.950676178916453,18.268199920654297,13270200
2012-05-24,18.297828952569176,18.38250062879806,18.191987742274367,18.35286521911621,15790000
2012-05-25,18.374045252931367,18.420614055465265,18.268203982154137,18.323240280151367,12193400
2012-05-29,18.4714064210907,18.611115963356703,18.386733139258425,18.577247619628906,24655000
2012-05-30,18.39520532611122,18.42060618664098,18.234326211050686,18.28512954711914,14576800
2012-05-31,18.2639614269903,18.36556971303451,18.07768145341965,18.247026443481445,19736200
2012-06-01,17.93796420765398,17.9803016521366,17.637375619365077,17.671245574951172,30107600
2012-06-04,17.67124699835413,17.78978862243713,17.54423626968405,17.734750747680664,21881000
2012-06-05,17.671249140958203,17.86176202704563,17.658547097546,17.83212661743164,13564200
2012-06-06,17.980304881426495,18.234323133910767,17.9633699005919,18.217388153076172,18108200
2012-06-07,18.501043429525318,18.501043429525318,18.170817763285367,18.217388153076172,16325000
2012-06-08,18.145411304116074,18.382494502559386,18.06920552889982,18.37826156616211,12487200
2012-06-11,18.522211264448558,18.53491169251284,18.06921102672445,18.098846435546875,22115200
2012-06-12,18.16235797446899,18.319002562162265,18.056516731296114,18.29360008239746,24132600
2012-06-13,18.22585490646602,18.30206070213138,17.96760211171214,18.026874542236328,22783200
2012-06-14,18.103086218342835,18.352871626443644,18.052282871867376,18.268199920654297,24209200
2012-06-15,18.354012749760436,18.46447600031738,18.290282891662223,18.447481155395508,20657200
2012-06-18,18.379500145125842,18.61742306979109,18.341262561174595,18.579185485839844,10990600
2012-06-19,18.66841125947773,18.834108583983653,18.638671088065387,18.749135971069336,21073800
2012-06-20,18.778880575539787,18.812868656298278,18.574947228834336,18.72789764404297,14074400
2012-06-21,18.75338529786229,18.75338529786229,18.303033170404767,18.320026397705078,15924800
2012-06-22,18.379506743511644,18.43473918920729,18.307281070517114,18.4007511138916,7776000
2012-06-25,18.222308048566283,18.273290970772404,18.043867010485915,18.116092681884766,15135400
2012-06-26,18.192562000338167,18.404992665097573,18.137329573699862,18.341262817382812,15523600
2012-06-27,18.3327793078925,18.430497284708935,18.256304087650346,18.315784454345703,8129600
2012-06-28,18.20956015873922,18.26054307376541,18.03536704674189,18.213808059692383,13537000
2012-06-29,18.50696303700756,18.621675808685094,18.358260575625152,18.600431442260742,20060400
2012-07-02,18.613177048261658,18.6854027026162,18.515459128460954,18.655662536621094,16784400
2012-07-03,18.638671875,18.68115899360988,18.540953933274057,18.638671875,5544000
2012-07-05,18.54945020155391,18.778875765602823,18.53670487712378,18.685405731201172,11049600
2012-07-06,18.528209818055416,18.659915842552618,18.4899722191683,18.596187591552734,10615400
2012-07-09,18.583435214945776,18.60467795721958,18.43473277759446,18.494213104248047,11543400
2012-07-10,18.58769574126567,18.655673535147848,18.315784565736966,18.38376235961914,12337600
2012-07-11,18.379506049725165,18.41349574447573,18.16282741820281,18.27754020690918,17611800
2012-07-12,18.17557176686469,18.311527297126815,18.035368335345893,18.23505210876465,12639600
2012-07-13,18.260546263096856,18.57069494981209,18.23505399077253,18.53245735168457,12118800
2012-07-16,18.430481319538124,18.515453892947264,18.345508746128985,18.41348648071289,8102800
2012-07-17,18.46447994633757,18.64717051649623,18.358264573953136,18.596187591552734,12678400
2012-07-18,18.52395963863356,18.744887799844452,18.49846898742478,18.693904876708984,14100800
2012-07-19,18.736391063320674,18.940326004780868,18.685408138314607,18.817115783691406,8381800
2012-07-20,18.68966166064326,18.715152318242637,18.579196741984923,18.58769416809082,11541400
2012-07-23,18.298789600798905,18.37951272406854,18.17982886740819,18.315784454345703,7985400
2012-07-24,18.32851952143186,18.354011787478136,18.073603343839224,18.192564010620117,9807400
2012-07-25,18.22230898059977,18.273291905413565,18.082105532182343,18.15433120727539,6431400
2012-07-26,18.417740987141038,18.506963112622064,18.26479224499703,18.447481155395508,10344000
2012-07-27,18.54520275962046,18.85959932194717,18.54520275962046,18.812864303588867,19862200
2012-07-30,18.8086145855027,18.863847021929168,18.68965391078505,18.740636825561523,15601400
2012-07-31,18.65991843528493,18.65991843528493,18.498472213745117,18.498472213745117,11804600
2012-08-01,18.621682517474813,18.638675747731753,18.400754316952682,18.4219970703125,15779400
2012-08-02,18.30727931259535,18.562195525497852,18.273289619825547,18.468727111816406,14415400
2012-08-03,18.672664334175938,18.86810024656002,18.659917386346994,18.8341121673584,15292400
2012-08-06,18.863848663345607,18.957317078449247,18.82561106875664,18.90208625793457,10836800
2012-08-07,18.995551844732233,19.144254299645347,18.995551844732233,19.080524444580078,12502800
2012-08-08,18.897830525650097,19.00404585119043,18.83835020266227,18.987051010131836,8037000
2012-08-09,18.9615684101218,19.02954618246564,18.923330811883517,18.974313735961914,3436600
2012-08-10,18.906340139003056,18.97007002371398,18.86810253232016,18.95732307434082,8928600
2012-08-13,18.931830325587033,18.97856373239823,18.851105597775277,18.965818405151367,4789600
2012-08-14,19.097517222613025,19.10176512282296,18.95731220492464,19.012544631958008,7095400
2012-08-15,18.982806705043267,19.089022050697846,18.982806705043267,19.0720272064209,4618400
2012-08-16,19.042286736767586,19.288707112715716,19.042286736767586,19.229225158691406,14047600
2012-08-17,19.23771707823387,19.331187072819823,19.23771707823387,19.30144691467285,9154800
2012-08-20,19.2674689549261,19.280215902396872,19.14850824998587,19.220735549926758,7038200
2012-08-21,19.25472227639488,19.348192321267593,19.157004329808835,19.195241928100586,6603600
2012-08-22,19.15699918797876,19.284457274501595,19.152751287405582,19.250469207763672,7563200
2012-08-23,19.18674072903523,19.207983474858338,19.080525379202058,19.118762969970703,7060600
2012-08-24,19.084776748350706,19.297207486622025,19.07203142268416,19.275964736938477,5896800
2012-08-27,19.33119414847324,19.335442049456038,19.19948652795935,19.2462215423584,5579600
2012-08-28,19.229227627992596,19.33969250750545,19.199487457520153,19.284460067749023,7244400
2012-08-29,19.301456401819223,19.41191966912956,19.275964130570134,19.377931594848633,8028600
2012-08-30,19.297205813307297,19.382178425391196,19.250472416343037,19.27171516418457,11250600
2012-08-31,19.38218005399173,19.43741249959487,19.246224511520847,19.352439880371094,7261600
2012-09-04,19.314203448677045,19.390678648523153,19.18249742061164,19.305706024169922,12437600
2012-09-05,19.33119940926255,19.411922515644907,19.2759669571493,19.335447311401367,12406800
2012-09-06,19.45440795614148,19.781551496919846,19.445910531881502,19.7688045501709,10768800
2012-09-07,19.82828405241147,19.896263443587912,19.79854387913072,19.875019073486328,9532000
2012-09-10,19.875012227245296,19.964234337071566,19.83252674311266,19.845272064208984,5881800
2012-09-11,19.849535128000884,19.900518067888175,19.80704799416278,19.836788177490234,6184400
2012-09-12,19.9132569908753,19.96848943673537,19.841031317665752,19.934499740600586,9850200
2012-09-13,19.92600887990945,20.236157640840826,19.870776420349028,20.189422607421875,11712200
2012-09-14,20.240399521925728,20.397597806979874,20.214908871803225,20.270139694213867,10467000
2012-09-17,20.253148721433444,20.253148721433444,20.134188009523587,20.193668365478516,5422400
2012-09-18,20.12994078241832,20.15543143827216,20.057713475823306,20.095951080322266,6535600
2012-09-19,20.159675692135316,20.363608989253738,20.12568599892336,20.304128646850586,11949600
2012-09-20,20.20216744173607,20.282892177744813,20.125692229053197,20.278642654418945,7068200
2012-09-21,20.366454830443466,20.3962987829057,20.23855194469484,20.264131546020508,9417800
2012-09-24,20.19592781937575,20.255615757561312,20.1447669618416,20.20871925354004,5377000
2012-09-25,20.272665139458194,20.345144494720593,19.96569844024826,19.969961166381836,5911200
2012-09-26,19.957166783701794,19.999800540753743,19.76104727269151,19.833526611328125,7033800
2012-09-27,19.910274358374107,20.11065502536388,19.87616604189769,20.03391456604004,5793600
2012-09-28,19.906003534280668,20.033908053112025,19.799417519503546,19.948638916015625,7286200
2012-10-01,19.99980623830012,20.166080215093885,19.89748291530255,19.935853958129883,5375200
2012-10-02,20.004069879927986,20.04244092451093,19.820743362891818,19.897483825683594,8313800
2012-10-03,19.97422655699954,20.123448013563472,19.901748818442847,20.055233001708984,7900600
2012-10-04,20.15754948447844,20.281189669677563,20.127705526171585,20.238555908203125,10827000
2012-10-05,20.374986550534498,20.451728624750633,20.242819283523637,20.29824447631836,10052400
2012-10-08,20.20871730596571,20.315303364274868,20.19592587303417,20.259878158569336,5473400
2012-10-09,20.24282230074855,20.24282230074855,19.927328505389625,19.935853958129883,11578000
2012-10-10,19.957174821685143,19.99980859590834,19.7781093919244,19.812217712402344,10855000
2012-10-11,19.957167785512397,19.957167785512397,19.671516394529732,19.72267723083496,11621800
2012-10-12,19.73121174333768,19.833535080880708,19.671523807426865,19.718421936035156,11437000
2012-10-15,19.7994205066212,19.940114848012694,19.68430739813009,19.914533615112305,6924200
2012-10-16,19.991281705473423,20.11492192881777,19.991281705473423,20.093605041503906,7666400
2012-10-17,20.14902968898014,20.2684071917256,20.102133184958866,20.20871925354004,9962400
2012-10-18,20.200189233434998,20.32382781895325,20.127709871632064,20.221506118774414,8949200
2012-10-19,20.144767397246408,20.1575572053128,19.786638134018162,19.85911750793457,14896400
2012-10-22,19.846324964056333,19.880433285492497,19.658734075280275,19.795164108276367,6554200
2012-10-23,19.59051680884955,19.69710286153494,19.471139323907526,19.637414932250977,9354400
2012-10-24,19.7482674777149,19.7482674777149,19.526568250683198,19.56067657470703,5481600
2012-10-25,19.66725712675008,19.74399920788635,19.42850380472902,19.51377296447754,5990800
2012-10-26,19.57345982355123,19.620357940180256,19.36881482711228,19.577722549438477,7577200
2012-10-31,19.752526345010303,19.79089575931815,19.48819178636948,19.64167594909668,18315800
2012-11-01,19.71842350467546,19.906014407657587,19.684315180656306,19.867643356323242,10258800
2012-11-02,20.085080903756158,20.144768847528916,19.84206477475307,19.854854583740234,12173800
2012-11-05,19.833530041924163,19.935851727096807,19.748260886697718,19.906007766723633,12630200
2012-11-06,19.961431476892727,20.059490428878895,19.90174356058582,20.012592315673828,9504000
2012-11-07,19.867640494895635,19.935855506734903,19.624624413569865,19.778108596801758,13969200
2012-11-08,19.782369794897242,19.846320443461952,19.454084594535225,19.45834732055664,12935200
2012-11-09,19.300600894106132,19.535089863826208,19.2664925796292,19.364551544189453,14761200
2012-11-12,19.441289244127663,19.475397550917997,19.338967576503833,19.381601333618164,7039400
2012-11-13,19.330452337201294,19.607576807268,19.309135445590297,19.43703842163086,6605200
2012-11-14,19.522306793593586,19.53083387515436,19.095962473801848,19.147123336791992,22211400
2012-11-15,19.130064489239665,19.253704702033037,19.053322400359235,19.134328842163086,13401000
2012-11-16,19.134330781822573,19.29207770212365,19.040534524488503,19.26223373413086,21996600
2012-11-19,19.48819635810994,19.67578887939453,19.479669277472063,19.67578887939453,14625400
2012-11-20,19.66725961602472,19.842060683765382,19.616097137875634,19.773845672607422,10274200
2012-11-21,19.76958072709269,19.876166780481075,19.74400111515891,19.842060089111328,11909600
2012-11-23,19.927328127852576,20.10639190673828,19.927328127852576,20.10639190673828,3779400
2012-11-26,20.029646470725442,20.05522770330286,19.91453336368766,20.012592315673828,14932600
2012-11-27,20.008329289443644,20.08933408516098,19.918797416328626,19.93158721923828,8545200
2012-11-28,19.897483292013003,20.20445164044337,19.795161593452264,20.191661834716797,23569200
2012-11-29,20.23429795240156,20.30677732146772,20.140503322234057,20.247089385986328,7811400
2012-11-30,20.187389489296645,20.298239849619303,20.13196593550875,20.264131546020508,10946600
2012-12-03,20.392045253511668,20.392045253511668,20.14050209334939,20.157554626464844,19672800
2012-12-04,20.127706358070427,20.15328759183664,19.97422220822079,20.072282791137695,11359600
2012-12-05,20.14049685218719,20.14049685218719,19.867635250482593,20.012592315673828,13097200
2012-12-06,20.02112922676383,20.170350717196364,19.98702252628252,20.140506744384766,7606400
2012-12-07,20.272662663745805,20.272662663745805,20.11065144209769,20.21723747253418,14323000
2012-12-10,20.166070067416673,20.225757964807457,20.089328020379025,20.10211944580078,15681600
2012-12-11,20.217237499449226,20.24708308427503,20.09359894002235,20.16607666015625,10897000
2012-12-12,20.255612489723738,20.31956477110476,20.153290791163002,20.191661834716797,9788600
2012-12-13,20.183134225243872,20.293983000168428,20.01259589695713,20.059494018554688,7271200
2012-12-14,19.999809146335934,20.063761435805038,19.94864829058522,19.974227905273438,10130800
2012-12-17,20.00407400404663,20.345150749045704,19.99554854915866,20.332359313964844,10929400
2012-12-18,20.396316261318756,20.630805357196486,20.362207928491173,20.571117401123047,23669200
2012-12-19,20.622265372881976,20.63505680287753,20.41762038306507,20.4261474609375,9162400
2012-12-20,20.409092600904664,20.4773075951563,20.31956072589447,20.468780517578125,8380800
2012-12-21,20.171006061381664,20.312602938049114,20.14526236511975,20.28685760498047,17475600
2012-12-24,20.23107157576549,20.32546782440494,20.12809191556971,20.304014205932617,5127200
2012-12-26,20.342632095495425,20.342632095495425,20.02082289657693,20.093767166137695,8918200
2012-12-27,20.128098150088963,20.18387888483958,19.84061597254095,20.119516372680664,10183200
2012-12-28,20.02083493004169,20.13668650770135,19.930728693019915,19.956472396850586,30771400
2012-12-31,19.896392504092162,20.368380379827922,19.86635710544065,20.355506896972656,24944000
2013-01-02,20.73739479017314,20.80604738434748,20.625833301635495,20.780302047729492,19876600
2013-01-03,20.836071185429617,20.95621274910906,20.780290472233,20.83177947998047,11225000
2013-01-04,20.870402294748807,20.934764799461032,20.814621566451976,20.909019470214844,9975200
2013-01-07,20.857532501220703,20.883276196193968,20.75026274068104,20.857532501220703,7127800
2013-01-08,20.793168849232455,20.840367803169116,20.65586369422029,20.797460556030273,7750800
2013-01-09,20.823197705888216,20.939049200924554,20.806035794509757,20.83177947998047,7330400
2013-01-10,20.947633571728804,20.973378897197005,20.818910218000294,20.95192527770996,10270800
2013-01-11,20.94763017000759,21.003410881060574,20.89614116423882,20.969083786010742,6741000
2013-01-14,21.029156614843394,21.084937331332238,20.939050436765665,21.02057647705078,10753800
2013-01-15,20.956217362075453,21.19221047273898,20.926181964544078,21.175046920776367,17256600
2013-01-16,21.136435442390106,21.162180777271004,21.06778285284789,21.12785530090332,7482400
2013-01-17,21.235125121417465,21.406755777249884,21.230833413857717,21.350975036621094,9271600
2013-01-18,21.393878258497608,21.40246003453596,21.256573115496778,21.3767147064209,10528000
2013-01-22,21.359550840337057,21.449658669011885,21.320933667135385,21.4324951171875,9113200
2013-01-23,21.393878620743596,21.471112969590113,21.333807824264404,21.44965934753418,5234400
2013-01-24,21.518322272333297,21.73286186971725,21.518322272333297,21.61271858215332,8509800
2013-01-25,21.651328302157754,21.848704270792567,21.647038231885983,21.840124130249023,11365400
2013-01-28,21.870155726084633,21.87444579560972,21.70710525842282,21.737140655517578,10488200
2013-01-29,21.70711360132779,21.715695380482664,21.531191220670387,21.65133285522461,12552400
2013-01-30,21.73286186971725,21.741442013222244,21.586974878023874,21.61271858215332,8183800
2013-01-31,21.565510385687592,21.62987289209907,21.47111411623903,21.50973129272461,11650400
2013-02-01,21.655620072021723,21.715690876840682,21.591257560111885,21.634164810180664,10308600
2013-02-04,21.50973231840512,21.586966675059163,21.359553675219324,21.368135452270508,8217200
2013-02-05,21.466821713761213,21.672779436073576,21.445368091254892,21.59554672241211,11727600
2013-02-06,21.6169927516943,21.70709891665389,21.539758428355825,21.642736434936523,10132800
2013-02-07,21.651325813567254,21.672779436073576,21.38100722373592,21.59554672241211,10330800
2013-02-08,21.64703642536232,21.775759801259692,21.612709318826205,21.762887954711914,5852200
2013-02-11,21.780049511558378,21.780049511558378,21.651326137786384,21.689943313598633,4773200
2013-02-12,21.6942286238099,21.81866025424441,21.689936918425868,21.775753021240234,9130200
2013-02-13,21.908770289393722,21.964549370607696,21.75430161598786,21.822954177856445,11664800
2013-02-14,21.74572302993144,21.87444639771017,21.737141253838665,21.831539154052734,9375200
2013-02-15,21.84869704933879,21.955966775551502,21.74142732312607,21.85727882385254,24578200
2013-02-19,21.87015777204221,21.955972265022975,21.835830665404675,21.938810348510742,14120400
2013-02-20,21.934522796953026,21.98172175911752,21.59984162786928,21.6041316986084,13975000
2013-02-21,21.552635405641485,21.574089025724042,21.350967775891597,21.423912048339844,17507000
2013-02-22,21.514022444715057,21.552639623142934,21.376717285150743,21.544057846069336,10679400
2013-02-25,21.668487837961106,21.68994145895425,21.19650162888648,21.209373474121094,10648400
2013-02-26,21.29947703439532,21.458235774309284,21.230824473610408,21.419618606567383,15745000
2013-02-27,21.46252976897647,21.818664454526992,21.411040752098174,21.7457218170166,10202800
2013-02-28,21.719977935812267,21.917355514461068,21.698524313752262,21.85299301147461,11651000
2013-03-01,21.64274909838149,21.90448760986328,21.59984184333494,21.90448760986328,9063600
2013-03-04,21.81008260240507,22.097564697265625,21.81008260240507,22.097564697265625,14118200
2013-03-05,22.1962549533695,22.350723644679032,22.170509625882453,22.320688247680664,12488800
2013-03-06,22.367884602837112,22.44511893953675,22.27777678548341,22.30352210998535,7052800
2013-03-07,22.316392967041747,22.355010133683983,22.27777580039951,22.342138290405273,6686400
2013-03-08,22.46657472674577,22.612461639392418,22.37646853750099,22.578134536743164,8086000
2013-03-11,22.556680604422098,22.651078498597318,22.53093527779077,22.633914947509766,6414600
2013-03-12,22.6124641656982,22.65108134208982,22.496612636523334,22.569555282592773,7450000
2013-03-13,22.578135372181723,22.706858738266778,22.543809905068695,22.693986892700195,7673000
2013-03-14,22.732604130148687,22.74547597575148,22.638206230911134,22.7197322845459,7418400
2013-03-15,22.68013744853691,22.71456564550712,22.585457033884968,22.632797241210938,12098000
2013-03-18,22.430528014418012,22.555333728026028,22.348759602936145,22.46065330505371,10426400
2013-03-19,22.542428043369377,22.542428043369377,22.150797542005154,22.301424026489258,12501000
2013-03-20,22.443446148571557,22.61128756838833,22.443446148571557,22.559642791748047,8235400
2013-03-21,22.439139272833785,22.507997326185148,22.29712025604275,22.370281219482422,10378800
2013-03-22,22.490780878832233,22.654319360102726,22.477870507736405,22.64571189880371,13824000
2013-03-25,22.69735497883508,22.78773085319635,22.49938666708935,22.606977462768555,9097800
2013-03-26,22.641406568607938,22.727479530691365,22.606976727092484,22.7188720703125,6604200
2013-03-27,22.619891038921214,22.7489996743239,22.542425529338527,22.727481842041016,6747200
2013-03-28,22.736092723518354,22.830771528146798,22.697359962900386,22.809253692626953,7601200
2013-04-01,22.80494322122649,22.865193797388226,22.611279482345857,22.637100219726562,11949600
2013-04-02,22.710263544884718,22.878104910138244,22.710263544884718,22.826461791992188,9197800
2013-04-03,22.873798439032523,22.882404255962474,22.542418669263878,22.61557960510254,13689600
2013-04-04,22.594071086903643,22.783430329760836,22.5897681766661,22.74469757080078,8872800
2013-04-05,22.47786625058233,22.66722543818115,22.357365098629,22.632797241210938,8173200
2013-04-08,22.61558196093497,22.891014099121094,22.61127905202177,22.891014099121094,8943600
2013-04-09,22.916839643355644,22.92544710407609,22.723175881408768,22.830766677856445,10632800
2013-04-10,22.908234081068667,23.12772024336597,22.860893864035702,23.097593307495117,10017200
2013-04-11,23.119104082748162,23.398839086413147,23.119104082748162,23.291248321533203,12533000
2013-04-12,23.243917359812478,23.41606330871582,23.22239952662592,23.41606330871582,15579600
2013-04-15,23.29125969295785,23.35151028803383,22.80064582824707,22.80064582824707,18148000
2013-04-16,22.972785070050552,23.127716064453125,22.899622481935957,23.127716064453125,13402600
2013-04-17,23.002909431324856,23.015819799769506,22.76621004017772,22.891014099121094,17940800
2013-04-18,22.929751485255675,22.942663498017694,22.520907745878393,22.641408920288086,17506000
2013-04-19,22.632803663148312,22.92975371830776,22.624196201037172,22.912540435791016,12820200
2013-04-22,22.925447419060394,23.050253138663734,22.7533014856968,23.011520385742188,9122800
2013-04-23,23.18366497292763,23.282648311276606,23.002913218126537,23.243915557861328,10678400
2013-04-24,23.338598709839303,23.420367135832517,23.200882602005723,23.261133193969727,5838200
2013-04-25,23.30416943300269,23.536564328228323,23.30416943300269,23.45909881591797,13610400
2013-04-26,23.433277583446056,23.450492506201066,23.291256933275317,23.355812072753906,4946200
2013-04-29,23.45909603178076,23.527954074361695,23.36011269817724,23.437578201293945,6315600
2013-04-30,23.450493102595722,23.510743692065162,23.394545423071772,23.50213623046875,7696400
2013-05-01,23.46340566969075,23.562389024753536,23.351510300172407,23.37733268737793,8542800
2013-05-02,23.390233794548944,23.618327353579,23.390233794548944,23.60541534423828,6057400
2013-05-03,23.79908257147172,23.971228493251893,23.77756474167549,23.90237045288086,13017400
2013-05-06,23.910973667412314,24.02286734750751,23.86363346524342,23.97983169555664,6391000
2013-05-07,24.048698279230738,24.182109832763672,23.93250000757899,24.182109832763672,9237000
2013-05-08,24.16920026509717,24.207933023603157,24.083127286005478,24.199325561523438,6793600
2013-05-09,24.238052703133228,24.3499480425336,24.160587204073014,24.24235725402832,13298600
2013-05-10,24.263875548333715,24.431716918945312,24.263875548333715,24.431716918945312,5932800
2013-05-13,24.405896512350456,24.44893381708156,24.31121772535265,24.43602180480957,4514400
2013-05-14,24.448938948007445,24.707156263763064,24.444634395778316,24.685638427734375,7018800
2013-05-15,24.655505389959714,24.836257125912258,24.655505389959714,24.819042205810547,9512800
2013-05-16,24.75448972893993,24.831955230856117,24.491967932635657,24.53070068359375,11949400
2013-05-17,24.595256454176887,24.78461566282875,24.586648993551087,24.76740074157715,11421400
2013-05-20,24.71145003280296,24.793220077850794,24.64259199796034,24.694236755371094,9667400
2013-05-21,24.776011789261737,24.90081752384728,24.689938812247377,24.806137084960938,7679600
2013-05-22,24.827648527800466,24.999794437516393,24.457537612809833,24.56943130493164,19137200
2013-05-23,24.29830370893629,24.560825500174417,24.263875509696387,24.517789840698242,10958200
2013-05-24,24.37576781823692,24.457537864962298,24.22083682623629,24.444625854492188,10341800
2013-05-28,24.732970672328893,24.849168919441137,24.573735125338892,24.681325912475586,13002000
2013-05-29,24.565123999181615,24.565123999181615,24.32842300526174,24.427406311035156,9013800
2013-05-30,24.513479250487404,24.629677472492222,24.405888486598286,24.427406311035156,7425200
2013-05-31,24.380076882315112,24.57804356798439,24.134769980136788,24.1519832611084,16537600
2013-06-03,24.21652970386105,24.276780269888476,23.941097606761502,24.259565353393555,15799200
2013-06-04,24.28538966341829,24.431713181875924,24.001350085436407,24.173494338989258,16123400
2013-06-05,24.065905535753647,24.134765212859953,23.725919909419094,23.77326011657715,24211400
2013-06-06,23.790468854635645,24.022865295410156,23.635537894119302,24.022865295410156,14849600
2013-06-07,24.164889715702095,24.470447135261978,24.113244959550133,24.46183967590332,9511800
2013-06-10,24.56082542518398,24.56082542518398,24.349948396007335,24.38867950439453,11948800
2013-06-11,24.126162450160443,24.36716480013118,24.07021477247207,24.147680282592773,11578600
2013-06-12,24.311212950815975,24.337033686878332,23.84642000123371,23.880849838256836,10609000
2013-06-13,23.87655665028595,24.367170569406667,23.84212843858392,24.32843780517578,12633200
2013-06-14,24.2940043331979,24.40589804913384,24.18210897555655,24.250967025756836,13476400
2013-06-17,24.384376525878906,24.535002974862945,24.24235753708041,24.384376525878906,9353600
2013-06-18,24.401589042408858,24.672718265575902,24.401589042408858,24.63398551940918,9319600
2013-06-19,24.651203788531546,24.69424109393512,24.34995085923321,24.3542537689209,17527800
2013-06-20,24.10463962147502,24.13906946193959,23.648455727255502,23.717313766479492,25885000
2013-06-21,23.896917647713025,23.9271394541935,23.516985895682804,23.763078689575195,23885400
2013-06-24,23.52130557867185,23.719906517047452,23.29679952560872,23.547210693359375,14009600
2013-06-25,23.763076886642835,23.840790567972093,23.62491959693856,23.758758544921875,8804000
2013-06-26,23.948724221227454,24.112784960846373,23.94440587983688,24.056659698486328,12385600
2013-06-27,24.181866821785324,24.363199304157952,24.177550126784382,24.263898849487305,7897000
2013-06-28,24.22073011679726,24.492728089331113,24.19914334211227,24.35025405883789,15998200
2013-07-01,24.505677600237895,24.69132681021407,24.45818735902799,24.518630981445312,19371200
2013-07-02,24.488404659910316,24.730179105049082,24.462499549231925,24.561800003051758,6061800
2013-07-03,24.432282772317805,24.825167973498033,24.393425921785024,24.67405891418457,5241000
2013-07-05,24.88128499226555,24.958998662381223,24.674049087611944,24.941728591918945,12732600
2013-07-08,25.105798511106936,25.218050708911843,25.066941664373495,25.174877166748047,26434600
2013-07-09,25.31303439787994,25.351891244490343,25.19646385804872,25.27417755126953,12694200
2013-07-10,25.243961686639658,25.34326217425625,25.140342855624482,25.300086975097656,19610400
2013-07-11,25.572071492682703,25.684325304388285,25.515944586829914,25.662736892700195,14324000
2013-07-12,25.636841831835063,25.800902615047804,25.619571755613162,25.783634185791016,8951200
2013-07-15,25.861351563676905,25.861351563676905,25.710240845669453,25.718875885009766,7216800
2013-07-16,25.727503698371756,25.7577255040919,25.4857276056457,25.580711364746094,9588800
2013-07-17,25.641156050852192,25.654107783285113,25.550490629891804,25.593664169311523,10845000
2013-07-18,25.636840377267816,25.822489568707244,25.636840377267816,25.74045753479004,6296200
2013-07-19,25.727510924350078,25.800906288294712,25.649797217252612,25.718875885009766,11149600
2013-07-22,25.74045978499994,25.77931663420886,25.602302464916026,25.701602935791016,8323400
2013-07-23,25.74046384877994,25.79227408721483,25.632528322488717,25.667068481445312,7686000
2013-07-24,25.787947309812047,25.813852420557126,25.524584448280873,25.580711364746094,7704600
2013-07-25,25.55913223728688,25.619575866797845,25.455513410292816,25.615259170532227,7441800
2013-07-26,25.53323553931611,25.71456813461544,25.446886762838613,25.697298049926758,6053000
2013-07-29,25.654105736603082,25.710232650942885,25.511631750312603,25.563440322875977,8570600
2013-07-30,25.667061131377203,25.667061131377203,25.46846021514479,25.498682022094727,6596000
2013-07-31,25.589349040944654,25.818171778416488,25.589349040944654,25.632522583007812,10498200
2013-08-01,25.84407872719812,26.077219823612246,25.809538573522616,26.029727935791016,8260600
2013-08-02,25.9865515104407,26.228327633799626,25.969283081387644,26.215375900268555,7475000
2013-08-05,26.16788529783191,26.19810710886305,26.09880663733713,26.159250259399414,3654600
2013-08-06,26.10744032369042,26.167883942622385,25.89588601046345,26.051313400268555,6338600
2013-08-07,25.913154206610827,25.977914516354975,25.753410132883968,25.82248878479004,7118600
2013-08-08,25.94768825616367,26.068577111477126,25.822484353358742,25.995180130004883,6040000
2013-08-09,26.01677034309254,26.094484029316977,25.857026275615596,25.939058303833008,6246200
2013-08-12,25.800910728582192,25.98655998893543,25.775007253068665,25.904529571533203,6998000
2013-08-13,25.904529571533203,25.952021472595515,25.70161022952719,25.904529571533203,7543800
2013-08-14,25.796578167061753,25.852705074433068,25.60661232660488,25.619564056396484,12760000
2013-08-15,25.43392374715673,25.459828862705216,25.084212098595575,25.170560836791992,30791600
2013-08-16,25.088526241904773,25.282810458585242,25.079891204833984,25.079891204833984,12909000
2013-08-19,25.066938101320417,25.196460356366373,24.971954345703125,24.971954345703125,6670000
2013-08-20,25.062627838036295,25.300085656655042,25.062627838036295,25.2266902923584,6948400
2013-08-21,25.1576089339576,25.226687594658905,24.9287861791905,25.01081657409668,10499200
2013-08-22,25.045351846670286,25.351889907976624,24.980591537043715,25.26122283935547,11581400
2013-08-23,25.304396010778817,25.338934510435948,25.14465195006431,25.265539169311523,5604000
2013-08-26,25.300082670138156,25.438239990006466,25.20078219941813,25.213735580444336,8351600
2013-08-27,24.950367845565793,25.07989010200235,24.786305442364903,24.80357551574707,13951000
2013-08-28,24.78630893801581,25.015131678223774,24.74313539543641,24.93741798400879,7105200
2013-08-29,24.889928520653527,25.187829926439722,24.85970671051428,25.058307647705078,10192000
2013-08-30,25.097156263424964,25.097156263424964,24.816523379084703,24.90287208557129,11733800
2013-09-03,25.183510002718542,25.304397227779756,24.980590748967284,25.079891204833984,16041200
2013-09-04,25.045349189647773,25.38642571717767,25.045349189647773,25.343252182006836,10841600
2013-09-05,25.3777978482947,25.485733363671205,25.325989262064255,25.35189437866211,10060600
2013-09-06,25.481410782239916,25.51163258780774,25.07125558915033,25.321666717529297,11900600
2013-09-09,25.412334131090184,25.589348283453276,25.36484224804752,25.546173095703125,8730400
2013-09-10,25.649794994082185,25.80090405202706,25.649794994082185,25.79227066040039,8859200
2013-09-11,25.766362052838225,25.98223304748535,25.766362052838225,25.98223304748535,10198400
2013-09-12,25.94768690658469,26.025400578471086,25.81384797486392,25.921783447265625,8517400
2013-09-13,25.94768825616367,26.012450201758902,25.83543608369191,25.995180130004883,11258400
2013-09-16,26.306043439167894,26.340581947009763,26.068585639247367,26.111759185791016,12945600
2013-09-17,26.077210204370928,26.288762803218727,26.077210204370928,26.262859344482422,8481000
2013-09-18,26.2240114154888,26.655753442008788,26.137662680791774,26.565086364746094,19324400
2013-09-19,26.651429829521074,26.660064865979837,26.50463750365166,26.556446075439453,12677400
2013-09-20,26.560780353147948,26.634391113085375,26.370256928781586,26.396236419677734,15376600
2013-09-23,26.339951241215015,26.370261754005902,26.075815356780947,26.19272804260254,14314400
2013-09-24,26.214377390656693,26.409231861211428,26.123445854997488,26.262008666992188,7725200
2013-09-25,26.274989944851605,26.287979688101753,26.06281477824111,26.10178565979004,11441400
2013-09-26,26.101789136848186,26.357264582857095,26.101789136848186,26.348604202270508,7033600
2013-09-27,26.25766945338453,26.383242478743032,26.23601933048098,26.35293197631836,9906600
2013-09-30,26.080137377520504,26.318292047437307,26.054156237388298,26.253341674804688,10763200
2013-10-01,26.240353993788535,26.48283971395632,26.240353993788535,26.465518951416016,12384600
2013-10-02,26.365922357104832,26.461184882341662,26.218699205283613,26.45685386657715,11036600
2013-10-03,26.378909210275815,26.478502740363982,26.045493712078706,26.1580753326416,10398400
2013-10-04,26.227369688495855,26.44387430976579,26.14509852706098,26.404903411865234,7938400
2013-10-07,26.223028163576732,26.287978528761546,26.032503128051758,26.032503128051758,10618400
2013-10-08,26.06714958386015,26.06714958386015,25.59949893727948,25.62114906311035,15799000
2013-10-09,25.629809519571875,25.647130281007268,25.309383692010783,25.50423812866211,23215800
2013-10-10,25.785700237173693,26.127777937524076,25.785700237173693,26.09746742248535,12208800
2013-10-11,26.067146876606028,26.322622299194336,26.045496753023674,26.322622299194336,17655600
2013-10-14,26.166739963732255,26.435205142393375,26.11910869859267,26.430875778198242,12097600
2013-10-15,26.3789170924642,26.391908490417553,26.13643302131961,26.179733276367188,26736200
2013-10-16,26.352935459180124,26.5218087526644,26.28798343008677,26.504487991333008,11075600
2013-10-17,26.391904758272986,26.7166615806017,26.391904758272986,26.6993408203125,9871600
2013-10-18,26.790277275307073,26.911520967894926,26.703675109686866,26.863889694213867,10486600
2013-10-21,26.90719107963674,26.93317222595215,26.803269797973076,26.93317222595215,6316000
2013-10-22,27.037084712206944,27.205959630622086,26.950484222925482,27.115026473999023,13549400
2013-10-23,27.006780062431037,27.10204260344029,26.85089650507001,26.941829681396484,10492800
2013-10-24,27.067393323543673,27.231937214924624,26.9937825824354,27.21028709411621,10248400
2013-10-25,27.353188059592355,27.44845060411766,27.266587548349943,27.41381072998047,7765000
2013-10-28,27.396488447843275,27.409478193449566,27.25359463897896,27.361846923828125,9797400
2013-10-29,27.44844798459755,27.52206039428711,27.292564436359626,27.52206039428711,15431800
2013-10-30,27.608664690061698,27.62598545375621,27.227617799576024,27.38783073425293,11442200
2013-10-31,27.392159322529434,27.630315687078358,27.327208938215186,27.457111358642578,15281000
2013-11-01,27.587010771520433,27.60000216840607,27.370506210478588,27.52206039428711,8825600
2013-11-04,27.561034825287695,27.638976609428816,27.47876202436155,27.617324829101562,9981200
2013-11-05,27.53938304496044,27.673616484714355,27.36618036493489,27.617324829101562,8033000
2013-11-06,27.734236099870255,27.803515842804387,27.50040912142353,27.54804039001465,9047400
2013-11-07,27.63030985791431,27.66494972521416,26.954815101682502,26.976465225219727,19335400
2013-11-08,27.04142547236672,27.41814302224963,26.989464829713675,27.405153274536133,16574400
2013-11-11,27.42680758447387,27.509078752195816,27.331545015259504,27.448457717895508,10458400
2013-11-12,27.340194952607416,27.474428371411374,27.270913561050232,27.400815963745117,8892800
2013-11-13,27.301226909641425,27.83382797241211,27.279576782237513,27.83382797241211,13309200
2013-11-14,27.877130662971467,28.058997034811114,27.833830404380304,28.0286865234375,11876200
2013-11-15,28.089303202151466,28.136934470314927,27.98105092061587,28.12394142150879,10275600
2013-11-18,28.167248273647687,28.184565733554425,27.833829357480692,27.903112411499023,9786000
2013-11-19,27.920428856616038,28.002698341041068,27.747224551957157,27.7818660736084,12721800
2013-11-20,27.86413652745606,27.929088556912557,27.565360825913373,27.638973236083984,9103400
2013-11-21,27.725578887816425,27.955073238058286,27.686607993266012,27.924762725830078,6650800
2013-11-22,27.89012660397715,28.089310457015856,27.864143803251537,28.08064842224121,8830400
2013-11-25,28.154260211244278,28.20622251096388,28.063328664433797,28.106632232666016,6658400
2013-11-26,28.08064267227766,28.349109534147335,28.08064267227766,28.271167755126953,7063000
2013-11-27,28.43137779100272,28.44436753483288,28.24085273856804,28.37941551208496,6217600
2013-11-29,28.444368043597173,28.517978795682794,28.357764243851886,28.4053955078125,6998000
2013-12-02,28.37075800945444,28.470351567379566,28.214877755011315,28.271167755126953,8315800
2013-12-03,28.167242559078414,28.167242559078414,27.890117006424,28.002696990966797,8232200
2013-12-04,27.88145795702969,28.110952270157735,27.73423643675793,27.937747955322266,10835600
2013-12-05,27.859807251803275,28.04167360636346,27.851148522346914,27.968059539794922,8178400
2013-12-06,28.24950694212552,28.24950694212552,28.020012694956332,28.201875686645508,7846200
2013-12-09,28.214880251628703,28.318801531652227,28.141266178997355,28.180238723754883,10567800
2013-12-10,28.158583002688108,28.26683528444754,28.136934528494702,28.197555541992188,6534600
2013-12-11,28.214876841217535,28.258177094027022,27.8901199897501,27.937747955322266,11420200
2013-12-12,27.929088472390475,27.959398978898786,27.80784644635724,27.851146697998047,7136000
2013-12-13,27.907438087706506,28.02002139046989,27.890120629063773,27.92043113708496,6624800
2013-12-16,28.024351239490557,28.188893518522843,28.020020223211493,28.102293014526367,6972400
2013-12-17,28.1369388217144,28.14992856893195,27.924761938501142,28.0286865234375,7383600
2013-12-18,28.024347134662307,28.46601492610758,27.764542357129972,28.444366455078125,19499600
2013-12-19,28.42272243471182,28.47468472583338,28.305811409185658,28.427053451538086,12015400
2013-12-20,28.49747741312644,28.619205231848515,28.458348718917605,28.545299530029297,14787000
2013-12-23,28.680068199203607,28.680068199203607,28.536601853207234,28.671371459960938,7378800
2013-12-24,28.649639637950376,28.753977303377816,28.649639637950376,28.73223876953125,3984000
2013-12-26,28.832226614575966,28.949606054170154,28.78005613207075,28.945261001586914,10062800
2013-12-27,28.993094292029078,29.006136088474715,28.79745739483854,28.81049919128418,6285000
2013-12-30,28.8757037797513,28.953957854364493,28.819188237966273,28.940916061401367,4232200
2013-12-31,29.010473704417066,29.062640870859514,28.932219637919307,29.05394744873047,7351600
2014-01-02,28.99743017243666,29.053949028267443,28.8148384462932,28.91917610168457,8663800
2014-01-03,28.936567546355366,29.01047656749982,28.827881516428448,28.840923309326172,7545600
2014-01-06,28.875712967778284,28.940925270178397,28.597476906584262,28.662689208984375,8157600
2014-01-07,28.919171758324993,28.919171758324993,28.693106319457335,28.836572647094727,6171400
2014-01-08,28.819189491146393,28.85396981845008,28.680071498766218,28.758325576782227,11579000
2014-01-09,28.832236636486765,28.849626803366554,28.58443256291136,28.753982543945312,10163800
2014-01-10,28.793104507645985,28.867010211956032,28.667028314910635,28.840923309326172,9261000
2014-01-13,28.823540498996895,28.823540498996895,28.21924635334149,28.262720108032227,13961400
2014-01-14,28.40184212022506,28.52356997726708,28.254027353220216,28.506179809570312,12181200
2014-01-15,28.545301228323396,28.6583323142419,28.527911065066434,28.575733184814453,11710000
2014-01-16,28.562694374887254,28.562694374887254,28.36271242857345,28.42357635498047,12664000
2014-01-17,28.406175180848564,28.46704240050552,28.245322002030864,28.297489166259766,11174000
2014-01-21,28.3931378130127,28.467046835240787,28.09316662146372,28.27140998840332,20878800
2014-01-22,28.319239969203235,28.367062101694685,28.214902278692517,28.34532356262207,9272000
2014-01-23,28.26706207032984,28.293148973759223,28.010564623921557,28.145334243774414,15946200
2014-01-24,27.975788388740202,28.0192621450346,27.597561402042974,27.60625648498535,17244600
2014-01-27,27.658426842410112,27.723639138848746,27.267158039031077,27.49757194519043,14436000
2014-01-28,27.606247721378676,27.77579763888767,27.588857561014425,27.6888484954834,9463600
2014-01-29,27.44974693410412,27.549737895307423,27.201942887118232,27.24541664123535,34830200
2014-01-30,27.436696813907822,27.784491716558918,27.436696813907822,27.70189094543457,25474200
2014-01-31,27.262808670490468,27.523656188282278,27.141080823904808,27.310630798339844,13651400
2014-02-03,27.284539242862063,27.3714883953631,26.532432141799806,26.59329605102539,64955400
2014-02-04,26.793278958334966,26.971523970410274,26.70198143826353,26.919353485107422,18990400
2014-02-05,26.849788974650203,27.019340529389616,26.567206366918043,26.95412826538086,15495600
2014-02-06,27.04108862725136,27.545391815301457,27.04108862725136,27.52365493774414,16587600
2014-02-07,27.714939588024574,27.897531335152422,27.584516674587924,27.862751007080078,12541000
2014-02-10,27.901875338893326,27.901875338893326,27.71928196192293,27.845359802246094,9341200
2014-02-11,27.927958620830516,28.140985607009537,27.867094715303395,28.049686431884766,11294800
2014-02-12,28.10621282946286,28.184466917123068,27.997526780870064,28.075780868530273,8446600
2014-02-13,27.914928978552904,28.22359701001974,27.91058060717012,28.16273307800293,13169000
2014-02-14,28.149693119391074,28.436625946357143,28.11926115139489,28.332284927368164,9657000
2014-02-18,28.475740016191853,28.475740016191853,28.24532616202152,28.367053985595703,7156400
2014-02-19,28.332276000557094,28.41922682231849,28.088820333294596,28.136642456054688,12608800
2014-02-20,28.223587005604877,28.33227303379975,28.10620755456153,28.288799285888672,9397400
2014-02-21,28.39314569511352,28.43662277325875,28.293156375784402,28.34532356262207,8750400
2014-02-24,28.37140211587863,28.649638086507753,28.367053745977877,28.462697982788086,6431000
2014-02-25,28.510529381274438,28.697469545842498,28.46270724730339,28.662689208984375,9076600
2014-02-26,28.7322424408814,28.993091613032675,28.68007525991915,28.82354164123535,10977000
2014-02-27,28.81049149810124,28.95830622429701,28.71919563052492,28.940916061401367,8773600
2014-02-28,28.9409186469727,29.158290727336574,28.832232606790765,29.058298110961914,13988200
2014-03-03,28.762675258754363,28.87570635239478,28.56703839637416,28.78441047668457,17337600
2014-03-04,29.080041836016463,29.18872789559698,29.04960987200733,29.145254135131836,8782200
2014-03-05,29.206121005425395,29.266984939575195,29.14960544281076,29.266984939575195,15136200
2014-03-06,29.314795854752237,29.401743351159755,29.227848358344723,29.340879440307617,10510600
2014-03-07,29.497392896162772,29.497392896162772,29.232198672506275,29.29741096496582,8679800
2014-03-10,29.284372379563212,29.288720750693113,29.067000258762913,29.219160079956055,6549200
2014-03-11,29.332196484705406,29.332196484705406,28.967009572439874,29.049612045288086,8780400
2014-03-12,28.893101510540465,29.03221953331002,28.75833185884239,29.006135940551758,9573000
2014-03-13,29.16264161513938,29.16264161513938,28.523567113007562,28.65399169921875,22536600
2014-03-14,28.623560335374037,28.793113647368546,28.554002978895294,28.62790870666504,9572200
2014-03-17,28.753974885086063,28.901789605774994,28.745281462379328,28.81918716430664,6463000
2014-03-18,28.88439709708118,28.997428167258093,28.82787824515869,28.945261001586914,6445800
2014-03-19,28.95831285873884,28.97570302561863,28.588780933840102,28.753982543945312,12116200
2014-03-20,28.732234723505268,28.884397805334718,28.593116750247518,28.827878952026367,7523600
2014-03-21,29.010165603245863,29.01888970556322,28.617667507988614,28.64383316040039,12462200
2014-03-24,28.674373769478454,28.75287408931466,28.220816735677225,28.35601043701172,24711000
2014-03-25,28.425789445516294,28.5304554275805,28.04201195976649,28.18592643737793,11722400
2014-03-26,28.312394298173693,28.33856328446724,27.950420487763644,27.959144592285156,13913400
2014-03-27,27.91117256082245,27.985310814392083,27.70619935496554,27.823949813842773,12697600
2014-03-28,27.915532539797805,28.199006030518415,27.889365218556772,28.033281326293945,11367400
2014-03-31,28.19901019607313,28.312396947294207,28.18592403806642,28.225175857543945,11358000
2014-04-01,28.30804415171682,28.639487024013754,28.246985383375815,28.61768341064453,10149600
2014-04-02,28.63947734351603,28.857533367134586,28.630756566570472,28.809560775756836,10086800
2014-04-03,28.88371271049821,28.892433490571126,28.530459563011885,28.670015335083008,10739400
2014-04-04,28.848813008315506,28.848813008315506,28.142310283734027,28.194644927978516,14800200
2014-04-07,28.085625376749377,28.12051515009128,27.4750676523538,27.645151138305664,15177400
2014-04-08,27.623338641041343,27.950421030624508,27.56664360599882,27.92425537109375,9501000
2014-04-09,27.98531286982379,28.233896635610453,27.88064689666922,28.225175857543945,7682800
2014-04-10,28.185923981106203,28.225175800504402,27.501229777044976,27.523035049438477,20151000
2014-04-11,27.274450926284853,27.5143122467374,27.091282980584396,27.143617630004883,16892400
2014-04-14,27.35295276691678,27.47942401766876,27.134896706373464,27.35731315612793,9402200
2014-04-15,27.44889384281442,27.5404786443996,26.969171218057408,27.392200469970703,19377800
2014-04-16,27.741088081724495,27.78033823321566,27.5099492249629,27.775976181030273,9508600
2014-04-17,27.69312064786085,27.902454273594216,27.69312064786085,27.810871124267578,9907000
2014-04-21,27.802147155857952,27.91117518392014,27.72364684256232,27.885007858276367,21173200
2014-04-22,27.959150785007793,28.238262300639324,27.959150785007793,28.1248722076416,9351600
2014-04-23,28.094341550999268,28.20336957936602,27.963509913321992,27.994037628173828,5654000
2014-04-24,28.107421386305028,28.246977114649535,27.911172287069974,28.14667320251465,7367400
2014-04-25,27.95915197195698,27.95915197195698,27.627705785346766,27.666955947875977,9471000
2014-04-28,27.784703950832714,27.845759384054766,27.252648273014973,27.59717559814453,18693400
2014-04-29,27.684394103605108,27.75853402086242,27.483782949955593,27.723644256591797,8820400
2014-04-30,27.632062724917805,27.880646487052328,27.597172958621776,27.84139633178711,15589200
2014-05-01,27.87628403013696,28.07689519252264,27.85884081087756,27.950422286987305,8350600
2014-05-02,27.98531667985736,28.18592787541201,27.950426908298702,28.020206451416016,8223000
2014-05-05,27.88500663661894,28.068174580829282,27.77597861333333,28.046367645263672,6695800
2014-05-06,27.95479039035321,28.011487103851778,27.645151138305664,27.645151138305664,8395400
2014-05-07,27.76725322714753,27.780337719826424,27.400920704847227,27.610254287719727,8789800
2014-05-08,27.557925783324006,27.954787767859948,27.536120508848892,27.68876075744629,11520800
2014-05-09,27.675673269152217,27.858841214935122,27.527395089665344,27.84139633178711,10121600
2014-05-12,27.954778131084446,28.203361834405907,27.924250424615863,28.190279006958008,11423200
2014-05-13,28.23389674570692,28.31675911038269,28.05509251284026,28.111785888671875,9919800
2014-05-14,28.059451650396635,28.098703470603756,27.745452061460774,27.797786712646484,8571000
2014-05-15,27.693120800999633,27.745453791813425,27.31370370623703,27.59717559814453,11412400
2014-05-16,27.59717558158799,27.819593703775787,27.50123204242623,27.802148818969727,6022800
2014-05-19,27.72364237795684,27.946060451021555,27.645142077302868,27.92861557006836,5477200
2014-05-20,27.780343992713437,27.893732418509543,27.592815637114033,27.675676345825195,9698000
2014-05-21,27.754180033636917,28.033291574367222,27.754180033636917,28.01148796081543,7778000
2014-05-22,28.00712473859985,28.207735942174757,27.95915213260673,28.15976333618164,10515000
2014-05-23,28.19028885128679,28.39526209227046,28.142316249045013,28.382179260253906,3970200
2014-05-27,28.49120614116236,28.565344404430228,28.45631637235225,28.530454635620117,6805200
2014-05-28,28.543532338246766,28.574060048652353,28.360366075813243,28.499921798706055,20212400
2014-05-29,28.587155690110023,28.62204213695518,28.47812764144793,28.61768341064453,5896000
2014-05-30,28.574053650942123,28.652553935447603,28.521722346118565,28.64383316040039,6104000
2014-06-02,28.696183224237338,28.761597390444095,28.569710290784382,28.73979377746582,6097400
2014-06-03,28.635124803463516,28.739790785770964,28.61767991853368,28.687456130981445,4486600
2014-06-04,28.60023994198013,28.85754455249283,28.560988112333693,28.827016830444336,4322200
2014-06-05,28.87061622231852,29.05378581104975,28.735422552279335,29.01453399658203,5406800
2014-06-06,29.066873004372237,29.18898386368019,29.045066067808087,29.184621810913086,6407800
2014-06-09,29.206432671044315,29.332905600109637,29.154098012622583,29.193349838256836,5137400
2014-06-10,29.127929306925036,29.18898473840871,29.093039538285378,29.13665008544922,10923200
2014-06-11,29.053794807979536,29.114850247373028,28.944766762309463,29.0494327545166,6055800
2014-06-12,29.04943232472018,29.04943232472018,28.613320148492306,28.67873764038086,9099200
2014-06-13,28.68745237012892,28.761590625907708,28.521730975928488,28.691814422607422,9925600
2014-06-16,28.591515525560794,28.78776801712891,28.591515525560794,28.757240295410156,7106000
2014-06-17,28.77031680420314,28.901148442546262,28.691816490288712,28.870620727539062,8035400
2014-06-18,28.84445284403779,29.110481480301637,28.800842301281826,29.088674545288086,11680600
2014-06-19,29.10176419522178,29.18026451251195,28.940401507660997,29.018901824951172,5960400
2014-06-20,29.098530044136027,29.133527993400815,28.87540101080238,28.910402297973633,10022200
2014-06-23,28.8753938663177,28.967269718980035,28.822891948551092,28.945396423339844,8578400
2014-06-24,28.875402450561523,29.124780792754652,28.836028503960485,28.875402450561523,7817400
2014-06-25,28.80102383777774,29.15540266725842,28.80102383777774,29.12040138244629,7891400
2014-06-26,29.120405845125195,29.142282485961914,28.90602878413369,29.142282485961914,6159000
2014-06-27,29.089779101829457,29.24290556633951,29.07227845761308,29.2122802734375,10409800
2014-06-30,29.19040906106262,29.264784300876098,29.142283120499354,29.19915771484375,5026600
2014-07-01,29.273534345137385,29.575411280152856,29.23853305652769,29.509784698486328,7661200
2014-07-02,29.531660729367825,29.610411958162402,29.509784089961236,29.553537368774414,3497800
2014-07-03,29.64103267755883,29.80728376251742,29.6147833846459,29.781034469604492,3494800
2014-07-07,29.684782276995115,29.737284200134994,29.56665712231287,29.59728240966797,6180800
2014-07-08,29.54915471305868,29.55790336410549,29.24289851992793,29.30852508544922,10200600
2014-07-09,29.391651738693504,29.689155937281487,29.356650459352398,29.662906646728516,37130200
2014-07-10,29.23414547649803,29.514148998606718,29.22976948267922,29.387271881103516,9684600
2014-07-11,29.435402211702,29.501028777200297,29.37415164067847,29.48352813720703,14082200
2014-07-14,29.6366534246968,29.65853005832327,29.531652926682177,29.566654205322266,6845600
2014-07-15,29.4879163010891,29.58854085019502,29.3260378177749,29.466039657592773,8314000
2014-07-16,29.69353121769917,29.76353043679255,29.501027523857516,29.540401458740234,46941200
2014-07-17,29.470410888865853,29.60166405280745,29.212280556555815,29.260406494140625,11274800
2014-07-18,29.35666456645445,29.5404163644371,29.317290611704166,29.531667709350586,6909800
2014-07-21,29.43540818526864,29.49228611126589,29.308531022998597,29.396034240722656,7413800
2014-07-22,29.461655783945304,29.579784286589174,29.426657836778844,29.51853370666504,8820200
2014-07-23,29.522907140978585,29.527279797803697,29.4047786485811,29.496654510498047,10778600
2014-07-24,29.549157915310435,29.65415842877997,29.52728127846397,29.56228256225586,7953600
2014-07-25,29.343537916576253,29.400412515533723,29.18603543248638,29.234161376953125,7705400
2014-07-28,29.23852848229701,29.321652357357447,29.102899344629634,29.291027069091797,5607600
2014-07-29,29.339141216416948,29.492270934154863,29.203515471122525,29.2078914642334,7169400
2014-07-30,29.317290517370363,29.396041764524863,29.1904133226266,29.369789123535156,47735000
2014-07-31,29.159776007441828,29.207901935200255,28.80539387232015,28.8272705078125,12899200
2014-08-01,28.744146172698443,28.923525255536113,28.591019722657908,28.722272872924805,12177600
2014-08-04,28.796650884010624,29.094155160521698,28.77477424421602,29.00227928161621,33885200
2014-08-05,28.875394884608742,29.015396665684552,28.700391823787538,28.8010196685791,19794200
2014-08-06,28.599763405308575,28.923516853909263,28.582262767829445,28.739765167236328,21923400
2014-08-07,28.92352226794193,28.976024190206868,28.507892898205434,28.59101676940918,12729000
2014-08-08,28.591021596833556,29.054780310378593,28.591021596833556,29.03290367126465,11141800
2014-08-11,29.151027974262398,29.247279842841902,29.102902039972644,29.164155960083008,10065000
2014-08-12,29.124780188336565,29.247281359095293,29.015403666172478,29.089778900146484,6254200
2014-08-13,29.177272082262917,29.269147928722337,29.107269529966935,29.194772720336914,6769200
2014-08-14,29.247276285226146,29.422279357910156,29.194777699955132,29.422279357910156,11199200
2014-08-15,29.518526727939467,29.54915201066115,29.159771985525982,29.365400314331055,12865200
2014-08-18,29.56666419386718,29.68478937680181,29.53166290340256,29.63666343688965,9493800
2014-08-19,29.798532602362737,29.90353310308138,29.750406677469666,29.859783172607422,7493800
2014-08-20,29.77666116799134,30.047916124947566,29.772288510714375,29.99979019165039,10008000
2014-08-21,30.03916592516054,30.047914577170143,29.95166271553376,29.973539352416992,3998600
2014-08-22,29.999789291747142,30.074164518100353,29.907913423092076,30.030414581298828,6581400
2014-08-25,30.174790210354296,30.18353886192397,30.069789701988274,30.11791229248047,7935200
2014-08-26,30.139796024804603,30.201046613931986,30.07854543567722,30.122295379638672,4041600
2014-08-27,30.131040749021146,30.201039976393794,30.09603946638181,30.15291404724121,3597000
2014-08-28,30.02604124485423,30.148545751814165,29.956042007355066,30.113544464111328,4626200
2014-08-29,30.148534831134583,30.187908762108005,30.0041570750881,30.10915756225586,4618400
2014-09-02,30.122277151604937,30.262278890305733,30.026025330391,30.166027069091797,19040400
2014-09-03,30.292912428099076,30.29728842241265,30.06103479806465,30.087284088134766,5213200
2014-09-04,30.131042942823772,30.332295325793844,30.131042942823772,30.20104217529297,7466800
2014-09-05,30.13103918812051,30.31479090559896,30.034787334801553,30.301666259765625,5337200
2014-09-08,30.227280369912766,30.26228164224704,30.04790469053345,30.174781799316406,5001600
2014-09-09,30.13542402648661,30.166049325112734,29.85104768406141,29.872920989990234,5116800
2014-09-10,29.942920671210153,29.991046612648592,29.781042201107518,29.97791862487793,5738200
2014-09-11,29.846663385292594,30.01729047844741,29.846663385292594,29.99104118347168,4877200
2014-09-12,29.960411850861565,30.008534439188555,29.794157437364255,29.903533935546875,5826800
2014-09-15,29.894786968737222,29.934160908106616,29.715407899416146,29.781034469604492,5822200
2014-09-16,29.70228826035156,30.01291718451101,29.65416232329381,29.934165954589844,5693600
2014-09-17,29.947283150058272,30.065411634493813,29.802908712723138,29.92103385925293,12802800
2014-09-18,30.0129203041562,30.087295546282963,29.95166971206276,30.052297592163086,5625200
2014-09-19,30.174761980683396,30.240608074381356,29.994786230251847,30.065019607543945,11847200
2014-09-22,29.968444566828484,30.016731476975462,29.56898408633323,29.64360809326172,10849000
2014-09-23,29.542643825272695,29.647995550185943,29.389001846313477,29.389001846313477,10973400
2014-09-24,29.441683618840703,29.735792373947984,29.34071916234865,29.722623825073242,12686200
2014-09-25,29.64800653536373,29.678734272726622,29.270492419721215,29.28805160522461,9279200
2014-09-26,29.42412230820248,29.656775585678684,29.384616664436873,29.590932846069336,5186800
2014-09-29,29.340718278066277,29.56459364940389,29.309990548594158,29.437292098999023,13681200
2014-09-30,29.511911870365267,29.511911870365267,29.230968395736344,29.27486801147461,8856600
2014-10-01,29.209033758805827,29.261711309569822,28.840297601601513,28.884197235107422,13114000
2014-10-02,28.897367902549334,29.064175135247865,28.550581536692437,29.015888214111328,14969200
2014-10-03,29.200244858430473,29.481188373317387,29.143180038492243,29.389001846313477,9919600
2014-10-06,29.47241065868774,29.533866118044216,29.16952064537985,29.230976104736328,7781400
2014-10-07,29.099295895323856,29.15636073904907,28.796405792236328,28.796405792236328,12900200
2014-10-08,28.818345063365502,29.301210788568895,28.651534528953903,29.248533248901367,14306200
2014-10-09,29.230979573898022,29.230979573898022,28.581306541005333,28.585697174072266,45401600
2014-10-10,28.537411047106982,28.78323292050852,28.335485458374023,28.335485458374023,22018200
2014-10-13,28.322306134684737,28.388152218963302,27.738477663859072,27.760427474975586,42621400
2014-10-14,27.927242014664312,28.177456196161828,27.821890261488864,27.962360382080078,22490000
2014-10-15,27.56728375273826,27.870173773811747,27.075638390745794,27.72970199584961,30186400
2014-10-16,27.110751245335873,27.9447938316988,27.110751245335873,27.760427474975586,25364400
2014-10-17,27.98430917107772,28.304758420275434,27.953581436146866,28.067712783813477,17024200
2014-10-20,27.997466282814848,28.484722558403075,27.997466282814848,28.458385467529297,12384400
2014-10-21,28.58569606588474,29.04222476406676,28.55935561757603,29.011493682861328,11069000
2014-10-22,29.094895886845023,29.16513260948118,28.739331688445475,28.76127815246582,15529200
2014-10-23,29.081725561928252,29.349497189744902,29.01587947574741,29.151962280273438,10367600
2014-10-24,29.06416634172368,29.147571607374257,28.914918339055344,29.125621795654297,9014200
2014-10-27,29.086113953649203,29.248530491437464,28.99831806248046,29.182687759399414,7441600
2014-10-28,29.305604478505842,29.507530044693244,29.204640020876408,29.498748779296875,15389000
2014-10-29,29.53825315012168,29.599708601987246,29.257312984715966,29.410951614379883,9770600
2014-10-30,29.349496201856752,29.691891819587006,28.533012798467244,29.60409927368164,10203800
2014-10-31,29.99916771436984,30.029898788016503,29.810414084168656,29.893815994262695,9478800
2014-11-03,29.96405270704799,29.96405270704799,29.83675117692774,29.893815994262695,31852200
2014-11-04,29.735786685563124,29.78407358824762,29.38022253767801,29.53386116027832,9889200
2014-11-05,29.784080275912068,29.79286154150141,29.485580878233748,29.65239143371582,21506800
2014-11-06,29.691896318614763,29.920162331069957,29.64800003901075,29.902603149414062,22500000
2014-11-07,29.80603551116375,29.885050170479257,29.727020851848245,29.85432243347168,7542000
2014-11-10,29.906991038887043,29.91577230442861,29.65677855609671,29.83675765991211,5300800
2014-11-11,29.87186902814872,29.96843948298917,29.788463770394372,29.964052200317383,6460800
2014-11-12,29.867495854622856,30.152826801396202,29.867495854622856,30.10453987121582,10533200
2014-11-13,30.00356578872167,30.372301924169715,30.00356578872167,30.29328727722168,21600200
2014-11-14,30.3240173507978,30.424978471927485,30.258171248411724,30.41180992126465,19116000
2014-11-17,30.310835741848553,30.46886497986542,30.29327656550552,30.376678466796875,8062200
2014-11-18,30.310854450183584,30.50838944509114,30.29768254799357,30.433765411376953,8964200
2014-11-19,30.48643258622284,30.58300641888767,30.398640019657577,30.561059951782227,10035200
2014-11-20,30.420584384368002,30.771757936769355,30.411803119842066,30.6927433013916,10706200
2014-11-21,30.98685112906817,31.01758220494367,30.68835512529405,30.767366409301758,15564400
2014-11-24,30.929800523107996,31.065880040203364,30.868345041253793,31.052711486816406,6685200
2014-11-25,31.158040828300475,31.245833344278946,31.03512661723288,31.149259567260742,8501800
2014-11-26,31.14049110466982,31.171218829493395,31.0878135696562,31.144878387451172,4674800
2014-11-28,31.276578044852045,31.583855366716676,31.276578044852045,31.52239990234375,6714400
2014-12-01,31.430214602231874,31.434605234842262,31.131715217081986,31.17561149597168,23771000
2014-12-02,31.219515841763894,31.35559533160743,31.201956657740226,31.294139862060547,10333800
2014-12-03,31.34241875505744,31.377537114112076,31.20633595098849,31.34680938720703,11326400
2014-12-04,31.32046525773025,31.390701967574383,31.175604555479715,31.329246520996094,12190200
2014-12-05,31.338025371288126,31.452158353658778,31.329247456830736,31.39948081970215,8961000
2014-12-08,31.33363536824479,31.399481449744112,31.03952666649475,31.144878387451172,8405800
2014-12-09,30.969301661017745,31.11415906052916,30.714698530005865,31.08782196044922,8876000
2014-12-10,31.035142927773148,31.08342984165947,30.64446033292677,30.675188064575195,10930400
2014-12-11,30.81126252093892,31.201945009671203,30.789312711835493,30.925392150878906,35139600
2014-12-12,30.789316859302094,31.05708849089486,30.666405949535793,30.727861404418945,24352200
2014-12-15,30.899061291078198,30.969298015118312,30.385467805552366,30.54349708557129,17765000
2014-12-16,30.44253380890074,30.66640918909417,30.047460593580414,30.073801040649414,18229600
2014-12-17,30.20986683953331,30.701513657089155,30.13085223223094,30.648836135864258,19427800
2014-12-18,31.083428815968624,31.15366554260254,30.75859232796542,31.15366554260254,37697000
2014-12-19,31.243152115830203,31.326903179730653,31.058021371061507,31.238746643066406,19660200
2014-12-22,31.296040081829418,31.54288101196289,31.296040081829418,31.54288101196289,9902400
2014-12-23,31.648666073894677,31.820573593774707,31.608993296946743,31.71919059753418,14674600
2014-12-24,31.80294486607349,31.80294486607349,31.65748360735167,31.666297912597656,3375600
2014-12-26,31.754454313531937,31.904321027039835,31.710376066203423,31.838205337524414,28204600
2014-12-29,31.82056729243518,32.137935993352116,31.75003941980739,32.080631256103516,46027200
2014-12-30,31.992492559485658,32.071834778812764,31.864663241516656,31.930782318115234,12102400
2014-12-31,32.03215887061616,32.164397010945194,31.789726763953727,31.802949905395508,13328000
2015-01-02,31.970439506152825,32.023335419771236,31.357742799296826,31.573728561401367,12371000
2015-01-05,31.45472961719671,31.52966300276086,30.903742906361504,30.96986198425293,17165800
2015-01-06,31.097678655947416,31.10649296003498,30.454123480052406,30.66129493713379,14346000
2015-01-07,31.177040049009232,31.177040049009232,30.859671099089674,31.14618492126465,14822000
2015-01-08,31.406237533886554,31.657487299639428,31.260776258199243,31.6134090423584,12798200
2015-01-09,31.608994171062278,31.635440447789094,31.212283205385898,31.247547149658203,11258400
2015-01-12,31.309266120078167,31.34893890920984,30.95222783267196,31.08005714416504,12056600
2015-01-13,31.423872289512616,31.6001886971912,30.837621663237513,31.08005714416504,15103200
2015-01-14,30.661295967951634,30.824389184169053,30.352744870194087,30.70537757873535,20350000
2015-01-15,30.775905576997708,30.899326030033805,30.299852375611234,30.308670043945312,16102400
2015-01-16,30.32629532535168,30.74504367902402,30.19405723316337,30.709779739379883,19104200
2015-01-20,30.74505239605624,30.81117146089689,30.26018485881703,30.533472061157227,27874600
2015-01-21,30.51584478110964,30.82880478119503,30.427684903156052,30.731830596923828,18744000
2015-01-22,30.8332099814775,31.362159155676668,30.723012657222103,31.309263229370117,30350200
2015-01-23,31.344536169946675,31.419469564822155,31.185851708471297,31.265193939208984,9963400
2015-01-26,31.251957786086212,31.44590276486126,31.154983615221184,31.428274154663086,6906800
2015-01-27,31.071233000968,31.379787490862142,30.969853357668757,31.177024841308594,11772400
2015-01-28,31.340120170967918,31.357752147430364,30.73624095116845,30.771501541137695,10395000
2015-01-29,30.872875913209644,31.251954893529618,30.69655956095191,31.190244674682617,17070000
2015-01-30,31.088866220744656,31.260773764496257,30.811170195366348,30.850839614868164,16055400
2015-02-02,30.930182846087117,31.15057748520067,30.440906478218597,31.1285400390625,41698800
2015-02-03,31.30927355315153,31.794141267162317,31.234340155058963,31.789735794067383,11228800
2015-02-04,31.785326374691866,32.1644055572059,31.754471248810795,32.001312255859375,18332000
2015-02-05,32.02334106002432,32.217286051541954,31.98366827708431,32.19965744018555,10155000
2015-02-06,32.24372651040169,32.30984555449865,32.04977821117175,32.151161193847656,9296600
2015-02-09,31.970447161726746,32.1467635530538,31.939592045466167,32.02775192260742,8735000
2015-02-10,32.28781345088651,32.48176180236855,32.11590590769295,32.42005157470703,11124000
2015-02-11,32.46412747090939,32.512614555258956,32.28340227234193,32.428863525390625,10627400
2015-02-12,32.56992337911359,32.82558199805037,32.477358023213526,32.81235885620117,8261600
2015-02-13,32.85201585773975,33.01070022583008,32.812346447194386,33.01070022583008,10664800
2015-02-17,32.96222203766461,33.090051333262096,32.799132155280674,32.93577575683594,8244000
2015-02-18,32.865263535017725,32.95782892502974,32.80796211156941,32.91815948486328,8287800
2015-02-19,32.95341598311428,33.09446845444509,32.95341598311428,33.019535064697266,6545000
2015-02-20,32.909320670551864,33.2619499847517,32.82116081978607,33.253135681152344,7861600
2015-02-23,33.23109289804496,33.32806704663307,33.12089561336835,33.2222785949707,6242400
2015-02-24,33.336896006999744,33.41183274937264,33.27518576948493,33.380977630615234,7037200
2015-02-25,33.40742205153993,33.72919636307345,33.36774926508939,33.63663101196289,13684200
2015-02-26,33.605767554639776,33.6586634691276,33.45590084135632,33.53083419799805,7009400
2015-02-27,33.513209281822405,33.59696032332103,33.455907884613325,33.48676300048828,7738200
2015-03-02,33.50880691461837,33.901112553538525,33.49999260679093,33.88788604736328,48008800
2015-03-03,33.821764433600634,33.830578739891074,33.561696998133684,33.79531478881836,12051000
2015-03-04,33.773274599180525,33.773274599180525,33.477943236622146,33.618995666503906,9332600
2015-03-05,33.72478802483855,33.729193496215416,33.57932675847613,33.64103698730469,15569400
2015-03-06,33.5264280669058,33.574915151689446,33.17379869742608,33.23991775512695,15705000
2015-03-09,33.26636113864616,33.469123765120266,33.23991486304879,33.42945098876953,8450000
2015-03-10,33.16499521404046,33.1958503391035,32.900522233077766,32.909339904785156,14292600
2015-03-11,32.96662228798724,32.99747739523815,32.719781429979946,32.72859573364258,9184800
2015-03-12,32.85643211690047,33.41623300205059,32.85643211690047,33.394195556640625,13843000
2015-03-13,33.34571607142092,33.38538549997661,32.95781927866684,33.129730224609375,11165600
2015-03-16,33.25313959972127,33.535244429506314,33.25313959972127,33.51761245727539,10901400
2015-03-17,33.297221250909736,33.42945601172024,33.217879049241354,33.33248519897461,9854600
2015-03-18,33.270765676208825,33.73359225417468,33.02392147167279,33.627803802490234,15437000
2015-03-19,33.641036858230464,33.901104275543204,33.455906172455094,33.57932662963867,9111000
2015-03-20,33.8026710085203,34.023805843490535,33.73190624168992,33.953041076660156,12486600
2015-03-23,33.93092452287781,34.112253305716415,33.89111850395027,33.89554214477539,7461400
2015-03-24,33.88228420290902,33.94420169501855,33.70979927856816,33.71864318847656,10551200
2015-03-25,33.66555870781226,33.74958762619334,33.17021560668945,33.17021560668945,11851600
2015-03-26,32.980063025321144,33.161395285912775,32.829692893929156,32.962371826171875,10108200
2015-03-27,32.913706129577996,33.19675843208112,32.913706129577996,33.13042068481445,6723800
2015-03-30,33.240983823532545,33.56826237356557,33.240983823532545,33.47096252441406,9186000
2015-03-31,33.422327357935956,33.67884464183161,33.227727573704676,33.32502746582031,16259600
2015-04-01,33.24984957798457,33.338302203923845,32.96237348230482,33.17908477783203,14701400
2015-04-02,33.14811696739796,33.52846922870163,33.11273795123635,33.475399017333984,8929600
2015-04-06,33.28078836772697,33.771707907941696,33.24098572220925,33.634605407714844,9978600
2015-04-07,33.63461602894631,33.69653352435926,33.44886016845703,33.44886016845703,6297600
2015-04-08,33.532899582760336,33.76730206121828,33.50636447176544,33.76287841796875,8497000
2015-04-09,33.75845610562425,33.89555866980079,33.55058875074308,33.79383850097656,10503200
2015-04-10,33.83805970018478,33.944203495968374,33.78940975748179,33.90882110595703,7944200
2015-04-13,33.87785430962113,33.97957781317385,33.71421669963366,33.723060607910156,6293600
2015-04-14,33.61250323731201,33.811523288359,33.49751214986787,33.705379486083984,5840600
2015-04-15,33.78941182393747,33.895555626212484,33.68768828999637,33.705379486083984,11518600
2015-04-16,33.780557165824156,33.846898293110414,33.692104578942406,33.77171325683594,13719800
2015-04-17,33.590400361786465,33.60367129426657,33.16582162722299,33.271968841552734,17183000
2015-04-20,33.413486718736,33.696539137560755,33.413486718736,33.639041900634766,8199800
2015-04-21,33.771711639140754,33.79824673908424,33.56384435825078,33.67441177368164,7835000
2015-04-22,33.762873342680734,33.7672969852653,33.51077970337092,33.705379486083984,6926600
2015-04-23,33.65673233836534,34.05035220484789,33.63904114080702,33.873443603515625,8271600
2015-04-24,34.16532424583929,34.359923936190164,34.10783041653063,34.3333854675293,9655600
2015-04-27,34.417425824207044,34.448384566352736,33.99727098447986,34.032649993896484,13850600
2015-04-28,33.979591117404816,34.00170258387832,33.67000021851728,33.91324996948242,11132400
2015-04-29,33.75401562309489,33.886697852346735,33.54614837191665,33.68325424194336,14487000
2015-04-30,33.52405335358405,33.740764618317584,33.156968597019464,33.30733871459961,21405400
2015-05-01,33.47539576578422,33.78055957425828,33.43116609494003,33.76729202270508,12220400
2015-05-04,34.032651024541416,34.032651024541416,33.78940472153019,33.83805465698242,7841800
2015-05-05,33.944198551291734,33.944198551291734,33.475393761809116,33.48423767089844,15713600
2015-05-06,33.572707473905645,33.616933786085106,33.183507828523204,33.34714889526367,16596400
2015-05-07,33.34713029009748,33.581532650696104,33.26309798186423,33.519615173339844,11784800
2015-05-08,33.860169828640856,34.019387203165834,33.84690227647216,33.87786102294922,11347200
2015-05-11,33.851324451978556,34.02380937119921,33.72306582948754,33.72748947143555,13894400
2015-05-12,33.541727159804495,33.789400447391316,33.409048295195,33.665565490722656,15020800
2015-05-13,33.683240501390024,33.79822812063501,33.42672342907821,33.4532585144043,15843200
2015-05-14,33.581526683062705,33.64786778965505,33.40019454999354,33.603641510009766,13660600
2015-05-15,33.64346478375933,33.873443603515625,33.60808238864269,33.873443603515625,14379800
2015-05-18,33.81594505305459,34.06361503602607,33.80710114262723,34.0016975402832,7923000
2015-05-19,34.094571404266325,34.165336179747975,33.957468869583394,33.99285125732422,9290800
2015-05-20,33.997270743054045,34.103414519049814,33.83362975044614,33.953041076660156,14815600
2015-05-21,33.877860380283245,34.16091273534695,33.877860380283245,34.08572769165039,5860800
2015-05-22,34.08129513886093,34.15648353714932,33.97072773612727,34.02822494506836,5927600
2015-05-26,34.00169581271235,34.10341933583606,33.73191100600412,33.78498458862305,10672000
2015-05-27,33.8513301699285,34.08130897631919,33.78056538380785,34.03708267211914,7255400
2015-05-28,33.97957992553711,34.050341318896926,33.89112396602504,33.97957992553711,6508400
2015-05-29,33.88228074487028,34.00611571645069,33.696528287499675,33.74517822265625,12333000
2015-06-01,33.77612671398784,33.9618791149798,33.67440323292146,33.842464447021484,11095000
2015-06-02,33.76727873179446,34.08128970054168,33.72305245260802,33.91765213012695,14261600
2015-06-03,34.01054044784368,34.231675296822836,33.922084483702015,34.18302536010742,8796000
2015-06-04,34.103422218517686,34.174183627073944,33.88228733362223,33.939781188964844,11321000
2015-06-05,33.842464447021484,33.92207310091073,33.68325051349186,33.842464447021484,7026000
2015-06-08,33.80266145553796,33.81592900200666,33.5947942295314,33.603641510009766,7392800
2015-06-09,33.612513211970004,33.67000708562831,33.36484314174759,33.56828689575195,9372200
2015-06-10,33.7098062569711,33.99285867213911,33.67000021851728,33.91324996948242,9327400
2015-06-11,34.001686473922724,34.13879234780201,33.97072773612727,34.02822494506836,8786600
2015-06-12,33.833640939697595,33.957475948354904,33.81152609918697,33.873443603515625,8135400
2015-06-15,33.661148373665746,33.776139444680574,33.53288975104346,33.7142219543457,9342800
2015-06-16,33.67882617342158,33.926496036264716,33.652287706510656,33.91765213012695,8213600
2015-06-17,33.979583936796296,34.15206886039422,33.82921047499924,34.07246017456055,8577200
2015-06-18,34.076884925552385,34.58107216082289,34.076884925552385,34.48377227783203,11583400
2015-06-19,34.54456416395057,34.575621304078446,34.36265563964844,34.36265563964844,11966600
2015-06-22,34.540096054092174,34.677637597833396,34.53122404399827,34.55340576171875,7812000
2015-06-23,34.637713886723326,34.71757553773618,34.60221906739044,34.690956115722656,7023200
2015-06-24,34.58446690129503,34.74419018135387,34.44692872651118,34.45136642456055,11973400
2015-06-25,34.51349981120433,34.61998092867975,34.40258099321678,34.42476272583008,8859400
2015-06-26,34.56673552071723,34.66877891836892,34.446941324376304,34.56229782104492,16617200
2015-06-29,34.25615774872828,34.4114433734333,33.75480605040271,33.78142547607422,17959600
2015-06-30,34.123065805669405,34.127500121079876,33.790309361310264,33.93228530883789,14474600
2015-07-01,34.220666367746375,34.327150851092185,34.145242397439574,34.318275451660156,12045200
2015-07-02,34.420322986320436,34.526804087016515,34.14968084228083,34.25172424316406,12517800
2015-07-06,34.01657050862952,34.41587879210532,33.94114655090979,34.1851692199707,8099400
2015-07-07,34.220667005237175,34.48687483358774,33.80804893326156,34.48243713378906,13923400
2015-07-08,34.207362854758564,34.29166223977937,33.78143499908143,33.825801849365234,13650600
2015-07-09,34.16299161563795,34.31827726416892,33.9367163077938,33.9677734375,11855200
2015-07-10,34.3049614190134,34.531236686422275,34.22066205988658,34.46024703979492,9316600
2015-07-13,34.70429657914285,34.97937321029484,34.70429657914285,34.957191467285156,12129400
2015-07-14,35.037020696775244,35.063640117690916,34.926101929663744,35.00152587890625,7502000
2015-07-15,35.01927616672733,35.05477098751431,34.8861722812624,34.966033935546875,5428600
2015-07-16,35.21006943185028,35.2189414477948,35.00597921538981,35.179012298583984,6554800
2015-07-17,35.2322540986534,35.23668841408213,35.00154106736222,35.11689758300781,6489600
2015-07-20,35.29880122811321,35.29880122811321,35.081401306969894,35.1346435546875,5109400
2015-07-21,35.30323008722787,35.30323008722787,34.92610690234941,35.02371597290039,5353800
2015-07-22,35.01928110343558,35.24999070112946,34.97491426368363,35.19231414794922,6419400
2015-07-23,35.263308913742385,35.32985749053535,34.90392967419341,34.98379135131836,7522000
2015-07-24,35.67148931461507,35.67148931461507,34.921677089662666,34.98379135131836,10339200
2015-07-27,34.850689227824496,35.00597487490168,34.628851622007595,34.722023010253906,11104600
2015-07-28,34.61998295610273,35.06365825403556,34.61998295610273,34.992671966552734,10897000
2015-07-29,35.085834899681736,35.40971589336996,35.05034007202539,35.3520393371582,11624400
2015-07-30,35.201180157627576,35.52062676531009,35.139065915575124,35.48069763183594,6606400
2015-07-31,35.56056427354168,35.729159613487816,35.46739289738939,35.59162139892578,7330400
2015-08-03,35.52063682010008,35.71585499893789,35.28105179651911,35.471832275390625,11514200
2015-08-04,35.5162185849616,35.702561448232956,35.46297631618058,35.62269973754883,11407400
2015-08-05,35.67148993061471,35.764661324707205,35.17457244381464,35.23668670654297,11882600
2015-08-06,35.36090187813211,35.36090187813211,34.380380375382884,34.757503509521484,15489400
2015-08-07,34.79745560070822,34.828512737814314,34.48688422964727,34.73090362548828,12905800
2015-08-10,34.99267433361499,35.12134058491594,34.9394320756709,35.01042175292969,7674200
2015-08-11,34.78414878481715,34.86844480115303,34.53125396586078,34.695411682128906,11349400
2015-08-12,34.588918693021206,34.59779409273632,33.976648126633094,34.544551849365234,14273800
2015-08-13,34.52236028366196,34.957163394172056,34.51348827057801,34.744197845458984,8848600
2015-08-14,34.704281299807285,34.81520012094706,34.637729330128664,34.766395568847656,9479200
2015-08-17,34.64215908524752,35.12132909506269,34.61110195785059,35.099143981933594,8841000
2015-08-18,35.139079077538675,35.272183008920265,35.063655096076786,35.13020706176758,11699400
2015-08-19,35.028156002946794,35.3298552770755,34.89949317255901,35.06808853149414,11481800
2015-08-20,34.730895290552034,34.806319264712684,34.074257867900236,34.0831298828125,18824600
2015-08-21,33.74149213469268,33.84797320908805,32.96062302419117,32.99168014526367,37202600
2015-08-24,31.08388798333774,32.769855344361325,29.282567490592836,31.67397689819336,47634200
2015-08-25,32.468154383625105,32.72548683668519,31.527561650874507,31.54530906677246,24187600
2015-08-26,32.26850413445185,32.78316569157989,31.6517923900459,32.74323654174805,37790200
2015-08-27,33.25346688669791,33.599536510966786,32.83641434997152,33.510799407958984,32231200
2015-08-28,33.39987272725053,33.7193194531392,33.320011045778365,33.52410125732422,15289000
2015-08-31,33.3732581677594,33.56403869107714,33.16916792641528,33.26677703857422,20217800
2015-09-01,32.539135456053046,32.925134073884244,32.24187390351387,32.42378234863281,27879800
2015-09-02,32.74767633064193,33.115927681627845,32.57464321583636,33.1070556640625,15389200
2015-09-03,33.17359637611869,33.54628533982269,33.00943870285696,33.120357513427734,13201600
2015-09-04,32.64118286810729,32.95619183981579,32.49033493164393,32.765411376953125,14311200
2015-09-08,33.38212531081521,33.555158389842646,33.142540266398704,33.52410125732422,10510400
2015-09-09,33.83909560570627,33.88346582003651,33.089287050129116,33.164710998535156,15364200
2015-09-10,33.04937230446169,33.46642817161253,33.02719057034184,33.25790023803711,12412200
2015-09-11,33.16916451375483,33.5107929861881,33.098174844952545,33.50635528564453,9219200
2015-09-14,33.48417360900127,33.51966844346191,33.209093719391895,33.328887939453125,7184600
2015-09-15,33.337754338497966,33.76811982514314,33.17359329550732,33.679386138916016,11140800
2015-09-16,33.7370626032061,34.105313831479684,33.64389121743323,34.060943603515625,13231800
2015-09-17,34.07426473135011,34.664350313612225,34.02102247623237,34.149688720703125,21990400
2015-09-18,33.74396784870373,34.06461849036714,33.55246834869534,33.60591125488281,19723000
2015-09-21,33.766224346287785,34.06015512726717,33.61925895579809,33.89982986450195,14036200
2015-09-22,33.47676629847183,33.54356909411613,33.209558513625964,33.45004653930664,15290400
2015-09-23,33.445571751117406,33.53909424898829,33.2496213069862,33.360958099365234,10771200
2015-09-24,33.16503297392561,33.32090393867353,32.81320799764762,33.271915435791016,13957400
2015-09-25,33.637087571686,33.712795811964796,33.10712309427264,33.26744842529297,11708000
2015-09-28,33.04032506942021,33.16056737378746,32.22979292810198,32.30995559692383,24030800
2015-09-29,32.32329815842939,32.55487718999709,32.00264765492854,32.20305252075195,12354200
2015-09-30,32.67959475384714,33.1071278993757,32.52817825131327,33.071502685546875,21597200
2015-10-01,33.08930825901853,33.32088737758321,32.80873726418899,33.31643295288086,16725400
2015-10-02,32.799830868200665,33.79295349121094,32.755296815650816,33.79295349121094,16403600
2015-10-05,34.037903964220526,34.35410022950208,33.92211268189463,34.291751861572266,14036000
2015-10-06,34.180413867949284,34.40754199941372,33.87757749190707,34.03790283203125,18172000
2015-10-07,34.113595878004524,34.2382925541604,33.82411950965433,34.15367889404297,15588600
2015-10-08,34.00672179713917,34.62129987863069,33.993361921109205,34.57231140136719,12683200
2015-10-09,34.5812296844777,34.64357805478012,34.41644990711766,34.612403869628906,16705400
2015-10-12,34.63466487504778,34.87070184481781,34.63021384753337,34.77717590332031,10978000
2015-10-13,34.66139470842324,34.9597767004749,34.54560341384663,34.59013748168945,15163000
2015-10-14,34.59013281754266,34.710378522009044,34.16259970798343,34.23830795288086,14031800
2015-10-15,34.4298106862105,34.68811302577186,34.16705731846222,34.683658599853516,11406400
2015-10-16,34.670291343833775,34.879605146956735,34.648026014441776,34.86624526977539,10638400
2015-10-19,34.768268223908755,35.05329026220024,34.73709404464971,35.03102493286133,9857400
2015-10-20,34.98204494336984,35.14237030354406,34.87515910476601,34.98649597167969,10027600
2015-10-21,35.07555455851904,35.15571720902053,34.7860781318342,34.83061218261719,10024800
2015-10-22,35.048841508015556,35.3561323230952,34.9820421114602,35.289329528808594,16455000
2015-10-23,35.77920509694503,35.81038267381441,35.27596380578308,35.463008880615234,15790200
2015-10-26,35.476361231026836,35.77474305343361,35.44963808732931,35.71239471435547,12050000
2015-10-27,35.62778801275919,35.67232206822901,35.39175446081156,35.54317092895508,8942400
2015-10-28,35.681236408621444,35.88164138793945,35.414025239222546,35.88164138793945,22715800
2015-10-29,35.83263855158528,36.04640672195888,35.489722671509696,35.98405838012695,9449600
2015-10-30,36.05532950963694,36.30027196871161,35.961806951917005,36.059783935546875,15542200
2015-11-02,36.18893457037678,36.27800270087077,35.96180642056631,36.22455978393555,15470000
2015-11-03,36.18449302931248,36.456155341105,36.15777326019603,36.362632751464844,14567000
2015-11-04,36.42495735601132,36.460585956719854,35.943981439637255,36.1265754699707,12531800
2015-11-05,36.18002184966229,36.36261591469948,35.98852233162058,36.255733489990234,13929400
2015-11-06,36.16221968120724,36.34481380751921,36.02861745491932,36.260196685791016,13186400
2015-11-09,36.09095444685065,36.206745724599514,35.51200145583744,35.76139831542969,14019200
2015-11-10,35.712411060227566,36.09986114501953,35.66342257171092,36.09986114501953,14662800
2015-11-11,36.1755580833685,36.1844635332371,35.81037347961918,35.88608169555664,14173400
2015-11-12,35.66341125317011,35.89053592123042,35.525351284925264,35.55207443237305,12151400
2015-11-13,35.32495637124357,35.37394485808711,34.576772587679045,34.61685562133789,22754400
2015-11-16,34.478784965455574,35.03546905517578,34.407531168791,35.03546905517578,14766400
2015-11-17,35.20916208081239,35.409570436496644,34.98648839520598,35.10227966308594,14904600
2015-11-18,35.20025376035035,35.74802907958135,35.120091104154284,35.703495025634766,14275200
2015-11-19,35.73022452434953,35.881641014216086,35.650061853911026,35.7480354309082,11370400
2015-11-20,36.01969333242751,36.18001865419675,35.93062521932491,36.175567626953125,11129800
2015-11-23,36.23346914692028,36.45168844812185,36.16666634924143,36.30917739868164,8344000
2015-11-24,36.02414568142357,36.34034188176615,35.859365944175806,36.23345947265625,9090800
2015-11-25,36.30027350466121,36.47395874745176,36.286913624097565,36.41606140136719,7406400
2015-11-27,36.424966485157064,36.424966485157064,36.13103555223968,36.28245544433594,4565200
2015-11-30,36.40715002867398,36.40715002867398,35.93508287092779,35.975162506103516,17294000
2015-12-01,36.171106246789144,36.35815128697692,36.0686748784596,36.344791412353516,16374800
2015-12-02,36.39824943711653,36.40715489132357,35.95735300490998,36.02861022949219,12527000
2015-12-03,36.180019903079675,36.180019903079675,35.32940818107661,35.48527908325195,19657800
2015-12-04,35.61442036491996,36.21563847690496,35.529803299579065,36.171104431152344,14064400
2015-12-07,36.11767225033668,36.18447503764467,35.77030183361224,36.01969528198242,13070800
2015-12-08,35.71684596956985,36.090939404170776,35.62332346035204,35.91279983520508,12167000
2015-12-09,35.84157810491388,36.104331570918774,35.2848935775482,35.454124450683594,19471600
2015-12-10,35.552079306435935,35.79701830713166,35.42292816887757,35.574344635009766,9460200
2015-12-11,35.106724676030574,35.240326812937134,34.69255159593344,34.7638053894043,20208400
2015-12-14,34.786073267505145,35.01765233783186,34.407528792188295,34.94194412231445,29916000
2015-12-15,35.29823695003786,35.46746774400702,35.10673742629832,35.13345718383789,15957600
2015-12-16,35.37840881806438,35.78812772960174,35.09338667110518,35.7213249206543,24149400
2015-12-17,35.72577005932661,35.8504667914861,35.13345718383789,35.13345718383789,18449200
2015-12-18,35.07307695686583,35.082019246785734,34.55880828593989,34.58116912841797,30106000
2015-12-21,34.813714329624766,34.92998459646143,34.5185709283149,34.75558090209961,14178000
2015-12-22,34.93445754983809,35.07755810490415,34.73769300720238,35.01047897338867,13465800
2015-12-23,35.10438301382114,35.229595553844575,35.04177674380942,35.18935012817383,12049600
2015-12-24,35.131220121677245,35.211714400440215,35.06861383950455,35.0954475402832,3823600
2015-12-28,35.00600656861182,35.20724396572867,34.90762429603732,35.18488311767578,8111800
2015-12-29,35.399516328004175,35.64546846334492,35.327964382736994,35.59180450439453,11480400
2015-12-30,35.56499676377401,35.578411909064926,35.29668362259563,35.305625915527344,6437800
2015-12-31,35.1401541417342,35.33244577640935,34.94786250705905,34.952335357666016,13160400
2016-01-04,34.335215644956804,34.40229476477978,33.97746602554383,34.35310363769531,26800800
2016-01-05,34.3844015256531,34.50067175481998,34.0624245290588,34.308380126953125,14849800
2016-01-06,33.80754575983612,34.151883791607425,33.700221170875594,33.97300720214844,20230800
2016-01-07,33.29774043069874,33.85672748482365,33.19935816328695,33.27538299560547,25290400
2016-01-08,33.5436992993454,33.69126930275524,32.84161162885577,32.917633056640625,21595400
2016-01-11,33.11439186619563,33.31115297387398,32.69403254253496,33.176998138427734,26465400
2016-01-12,33.40953909444209,33.744931339494855,33.15464112467344,33.543697357177734,17474200
2016-01-13,33.682324723511584,33.682324723511584,32.34522860856017,32.41230773925781,29861000
2016-01-14,32.479378863071545,32.93551415785364,31.8622584538917,32.644840240478516,31838800
2016-01-15,31.795175929056395,32.1887049117277,31.60288428846532,31.97405242919922,29103000
2016-01-19,32.32733188105617,32.470432395724956,31.768344962539743,32.094791412353516,23245200
2016-01-20,31.63418617474579,32.09032140274233,30.82924707346977,31.81306266784668,42886400
2016-01-21,31.911454521250096,32.604599861369294,31.750465970148685,32.22001647949219,31888400
2016-01-22,32.74322091540193,32.908678873032564,32.582232396993,32.78346633911133,14370200
2016-01-25,32.77900517025275,32.86844174225175,32.37206092054829,32.4078369140625,14296800
2016-01-26,32.528567224282696,32.948926497093495,32.36757871179284,32.8818473815918,15900200
2016-01-27,32.823719562242324,33.03836867428984,32.21554139179747,32.367584228515625,21285400
2016-01-28,32.77452404888224,32.87290630033054,32.20212194422191,32.78346633911133,20804400
2016-01-29,32.61801661122217,33.17253086354627,32.49727348605835,33.14122772216797,23052600
2016-02-01,32.948942491154845,33.47662655784521,32.79242675353211,33.34246826171875,16598800
2016-02-02,33.11440551745978,33.21725725919014,32.57777571909373,32.69404602050781,18097800
2016-02-03,33.002602776968835,33.02048736343777,31.983007347112096,32.609073638916016,26703600
2016-02-04,32.506212689608724,32.586706953024866,32.1395173588876,32.42124557495117,19875600
2016-02-05,32.27815584190118,32.30498613475564,31.285394064842446,31.374834060668945,25646800
2016-02-08,31.030487578023113,31.030487578023113,30.23449059725202,30.766647338867188,26352000
2016-02-09,30.37311700549783,31.0752045454721,30.319456436701014,30.71745491027832,28947400
2016-02-10,30.744284011027627,31.195946447798743,30.650374607462783,30.663789749145508,26574400
2016-02-11,30.225543319383043,30.83819429745796,30.225543319383043,30.645902633666992,27130600
2016-02-12,30.981307636718817,31.222790529080847,30.69063359525782,31.209375381469727,21854400
2016-02-16,31.6699791538006,31.97406833174886,31.482160270540923,31.965126037597656,20940800
2016-02-17,32.300508895649344,32.738752828141635,32.26026005429775,32.653785705566406,19549400
2016-02-18,32.67167745598874,32.68062316033347,32.327342898021044,32.43914031982422,13948400
2016-02-19,32.233424926646144,32.5375139697951,32.04113327565805,32.528568267822266,15183200
2016-02-22,32.81924218067038,33.208298333761874,32.79241189831429,33.15910720825195,11290000
2016-02-23,33.065193733988764,33.29773077992192,32.88631724615583,32.97575378417969,12913400
2016-02-24,32.702990112696924,33.22173193845136,32.33629459896234,33.168067932128906,21643200
2016-02-25,33.203827079185594,33.50791613705563,33.016008270091525,33.49897384643555,11096400
2016-02-26,33.71361702091519,33.71361702091519,33.39611287695842,33.463191986083984,13932600
2016-02-29,33.47213760041423,33.73150836184807,33.28879165649414,33.28879165649414,17485600
2016-03-01,33.57947181282958,34.19659576174348,33.4676743915668,34.16976547241211,18691600
2016-03-02,34.11162796314611,34.17423424488679,33.896978829117074,34.138458251953125,15275600
2016-03-03,34.080309007289344,34.34415256800527,33.99087247824473,34.33967971801758,19038800
2016-03-04,34.35757124653199,34.45595348568972,34.15633391776793,34.308380126953125,15493400
2016-03-07,34.12951305442122,34.33521987859979,33.959582220130976,34.16081619262695,14871000
2016-03-08,33.95958477890025,34.21000990341503,33.861202505187606,33.89250564575195,12680000
2016-03-09,34.02219338257051,34.04902367294684,33.73599224593412,33.95958709716797,13489400
2016-03-10,34.12056904760817,34.263669588181635,33.60182745566312,34.0445442199707,16120800
2016-03-11,34.33074709290326,34.5677604675293,34.24578338148792,34.5677604675293,11387200
2016-03-14,34.469376850552145,34.79582336370855,34.469376850552145,34.69744110107422,11000600
2016-03-15,34.47831219560261,34.701906961348136,34.47831219560261,34.68849182128906,8999200
2016-03-16,34.64825263315583,35.04625111482644,34.54987037264651,34.9702262878418,14508600
2016-03-17,34.89421186792175,35.14910986134738,34.78688729484429,35.01942443847656,12321600
2016-03-18,35.082731365545705,35.235403428348874,35.00190578543317,35.06476974487305,19413000
2016-03-21,35.05580768190024,35.12316293569501,34.86272444813151,35.08274841308594,8098800
2016-03-22,34.8312661248257,35.12313638676334,34.81779576941484,35.024349212646484,8984600
2016-03-23,34.8582189273946,34.94802703766649,34.74147352278481,34.77739334106445,17044000
2016-03-24,34.49450256321163,34.82678397833756,34.395715363242864,34.822296142578125,13916200
2016-03-28,34.8716839464258,35.13211883616712,34.84473980720354,34.97945022583008,10265200
2016-03-29,34.93006624213629,35.365626166231245,34.93006624213629,35.33419418334961,10979200
2016-03-30,35.477874993201674,35.6395261298452,35.410519781962144,35.55870056152344,10548400
2016-03-31,35.50482874075616,35.64851831209395,35.459926392056154,35.5182991027832,10140800
2016-04-01,35.29376990413808,35.74280006430734,35.26682919079296,35.666465759277344,16283600
2016-04-04,35.7068763363543,35.74279957087069,35.34316300790337,35.388065338134766,18943600
2016-04-05,35.20846313753307,35.27132709773585,35.00639747188511,35.087223052978516,17096000
2016-04-06,35.13213076118565,35.45094187260014,35.04232606883741,35.41950988769531,13554200
2016-04-07,35.2758063542073,35.38806388810009,34.86719071226811,35.019859313964844,10346800
2016-04-08,35.16356298354312,35.19948623105677,34.835772771012074,34.96599197387695,10318600
2016-04-11,35.07375515159774,35.23091506311781,34.817808031171,34.83576965332031,11742000
2016-04-12,34.84473807760559,35.15456996957048,34.687578214227784,35.100685119628906,11502600
2016-04-13,35.307244502705366,35.608097349793404,35.2488718081685,35.59462356567383,10081000
2016-04-14,35.61707644671113,35.702393283658495,35.473386915226904,35.59462356567383,6924600
2016-04-15,35.59911303694105,35.71586184597271,35.49583801135143,35.69340896606445,8599400
2016-04-18,35.69341679662471,36.030189514160156,35.594629584681634,36.030189514160156,8926000
2016-04-19,36.075080535077575,36.12896538626888,35.697896854222925,35.83260726928711,8545600
2016-04-20,35.92241240113656,35.99874670529021,35.70687641936533,35.87751007080078,9571000
2016-04-21,35.971816790487985,36.03917201912485,35.73831912132408,35.751792907714844,8285400
2016-04-22,35.76975501408735,35.882012588057,35.45992301366575,35.67994689941406,9460000
2016-04-25,35.61258626629301,35.724843823229584,35.46889673044735,35.72035598754883,7794400
2016-04-26,35.78321842226277,35.92241669067397,35.61258475045175,35.805667877197266,7797000
2016-04-27,35.787710698285814,35.85955718497959,35.59462754758257,35.769752502441406,11423200
2016-04-28,35.594628234163324,35.90895148076801,35.30724913350304,35.38358688354492,14600800
2016-04-29,35.675459490391034,35.73383562769097,35.29378438283683,35.563201904296875,16799000
2016-05-02,35.661974605849124,36.08855531479163,35.61707227486261,36.06161117553711,13296000
2016-05-03,35.79220356537124,35.940384381451004,35.65749653552261,35.729339599609375,11558600
2016-05-04,35.43746119481047,35.72035240242828,35.40602921905609,35.56768035888672,12876400
2016-05-05,35.55420478667909,35.59461585279531,35.31172811249804,35.33866882324219,12589600
2016-05-06,35.26683585695136,35.599117279052734,35.15008703400751,35.599117279052734,10783400
2016-05-09,35.58564512384763,35.80118113795607,35.57217476530873,35.69790267944336,10433000
2016-05-10,35.8011834230459,36.1648968301257,35.79669216130336,36.155914306640625,9664600
2016-05-11,35.80566576426032,35.80566576426032,35.406029176225914,35.42848205566406,12233600
2016-05-12,35.56318995364308,35.63054516783146,35.24437892736849,35.4958381652832,11206600
2016-05-13,35.32072136656331,35.477881270041784,35.055791735703345,35.073753356933594,15204000
2016-05-16,35.04680151629913,35.4060235494222,34.997407930047686,35.293766021728516,9211400
2016-05-17,35.2399012325163,35.31623556517548,34.79535874645042,34.89414596557617,13086400
2016-05-18,34.656154394972845,34.91659275888731,34.45409215535269,34.69207763671875,22648200
2016-05-19,34.53941585481265,34.714537428172605,34.41817916011342,34.6606559753418,15667200
2016-05-20,34.70104896988023,35.001898344072124,34.67410825751324,34.88964080810547,7816200
2016-05-23,34.84026042722438,34.99742377782564,34.73249411107075,34.76841735839844,8505000
2016-05-24,34.90312443096901,35.28479947570238,34.88965064515849,35.186012268066406,7983000
2016-05-25,35.21295834093214,35.455435134945375,35.21295834093214,35.37910079956055,8707800
2016-05-26,35.47788332478715,35.603611254851614,35.3970577374844,35.4509391784668,7008000
2016-05-27,35.50481171355579,35.67095409248074,35.50481171355579,35.617069244384766,6424200
2016-05-31,35.67096961827239,35.69341907871254,35.44196319647439,35.58116149902344,8326000
2016-06-01,35.41501104293234,35.581150014717714,35.33418547461058,35.55870056152344,7535600
2016-06-02,35.459909447141726,35.76525006855279,35.45092692619636,35.75626754760742,8115800
2016-06-03,35.62606023113884,35.66198347519367,35.28030842814111,35.52278518676758,11311000
2016-06-06,35.56320099380896,35.679949839590186,35.432985212003615,35.61259460449219,8200000
2016-06-07,35.61259544569071,35.81016989309048,35.60810760885318,35.657501220703125,8651400
2016-06-08,35.670961962365574,35.7562753750548,35.55870440676984,35.69790267944336,7903200
2016-06-09,35.5137908086578,35.65748373691374,35.477871002421786,35.617069244384766,13162200
2016-06-10,35.33419287469578,35.38807431430918,35.145597558561676,35.244384765625,9627000
2016-06-13,35.18151923179638,35.437466336022545,35.02435933022397,35.051300048828125,12032600
2016-06-14,34.965989522579754,35.096208716315594,34.736983118021605,34.96149826049805,16195400
2016-06-15,34.98844098148826,35.34766660031784,34.98844098148826,35.06028747558594,11271800
2016-06-16,34.89413878127368,35.217441095183005,34.68309402492572,35.17253875732422,12764600
2016-06-17,35.21624898743086,35.24328531399287,35.054024152085596,35.11711120605469,17119400
2016-06-20,35.38747921038854,35.75699051312864,35.38747921038854,35.43254089355469,7944400
2016-06-21,35.536201697092075,35.536201697092075,35.28385340850413,35.351444244384766,5798600
2016-06-22,35.37847710105619,35.57674924419445,35.27483210965342,35.3018684387207,8207200
2016-06-23,35.626320734146894,35.6533605031704,35.486628439809564,35.64885330200195,8882400
2016-06-24,34.396110389214535,34.932350294031295,34.23839277015078,34.32400894165039,30696400
2016-06-27,34.00406577736553,34.05814186188379,33.427267961115426,33.69313430786133,21702000
2016-06-28,34.08518263483767,34.36457061767578,33.986044852605225,34.36457061767578,15721200
2016-06-29,34.77465421331085,34.97743708169275,34.580885750450854,34.918853759765625,14107600
2016-06-30,35.02699026751801,35.189211676186346,34.80167836249547,35.17569351196289,13423600
2016-07-01,35.21173835141282,35.62180760018821,35.14414410361634,35.54069519042969,14260200
2016-07-05,35.31991018996295,35.3920116849081,35.031511086159355,35.2523193359375,14635200
2016-07-06,35.10809792874252,35.55421447753906,35.031489278556144,35.55421447753906,15561200
2016-07-07,35.50014903381479,35.707435607910156,35.46860549945218,35.707435607910156,18485600
2016-07-08,35.937263444536185,36.356343895578206,35.937263444536185,36.329307556152344,14822800
2016-07-11,36.52755468503147,36.631199644952176,36.423913163096636,36.541072845458984,8862000
2016-07-12,36.65824008431263,36.779910417801474,36.62669656044261,36.685279846191406,9772000
2016-07-13,36.734851065556796,36.766394594382746,36.42392297798292,36.505035400390625,7310800
2016-07-14,36.775406458713185,36.86552983828801,36.608674424714536,36.65373611450195,6812000
2016-07-15,36.829487806608405,36.838498770657566,36.46448015985693,36.491519927978516,6967400
2016-07-18,36.577138040749034,36.73485570479694,36.47800024106543,36.6312141418457,5550000
2016-07-19,36.43293258049343,36.57713205516677,36.35632736163279,36.56361389160156,5273600
2016-07-20,36.662755109961545,36.73485313505968,36.49151929211485,36.71683120727539,4902000
2016-07-21,36.712321625711695,36.779915883474075,36.50503508976401,36.61769104003906,4869400
2016-07-22,36.6537451828894,36.81597005664888,36.57263618399707,36.77090835571289,5059200
2016-07-25,36.874552361334175,36.874552361334175,36.71683469334474,36.829490661621094,6260400
2016-07-26,36.797937799405126,36.964666389875006,36.65373489610034,36.78441619873047,9975400
2016-07-27,36.892564840418096,36.90608300181073,36.53206449267944,36.671756744384766,8590200
2016-07-28,36.572639785042234,36.78443014409359,36.43745123093582,36.7393684387207,6317800
2016-07-29,36.689784230113204,36.83398368996139,36.62669718130376,36.779911041259766,7992600
2016-08-01,36.77991349450512,36.93312392669405,36.64021778740672,36.83849334716797,5500400
2016-08-02,36.86552848054122,36.86552848054122,36.216632607930684,36.28873062133789,8493400
2016-08-03,36.16706406526602,36.39237594604492,36.090455412931476,36.39237594604492,7744000
2016-08-04,36.32477499240534,36.45094907228496,36.23014443249562,36.37434387207031,4480600
2016-08-05,36.590645606256174,36.8114537099426,36.44644614976006,36.75737762451172,7037200
2016-08-08,36.78441489219692,36.847501941158775,36.60416814544095,36.635711669921875,6296800
2016-08-09,36.563615732421404,36.707815214354575,36.45546698046824,36.527565002441406,14728200
2016-08-10,36.541085067885994,36.712324325207,36.52756690293687,36.60417556762695,6778800
2016-08-11,36.80245279613453,37.014246577533555,36.784427427718924,36.96918487548828,7389600
2016-08-12,36.8925653259847,37.041268541246914,36.689782588467956,36.95114517211914,4913200
2016-08-15,37.05029454083428,37.122392571112066,37.000725640898885,37.023258209228516,6141000
2016-08-16,36.93312932581002,36.97819102198319,36.78442263425021,36.81146240234375,4615800
2016-08-17,36.680787447611785,36.752885486413525,36.505044395422225,36.72584915161133,6848600
2016-08-18,36.748369417668926,36.78892390629283,36.63571347639831,36.703304290771484,9466000
2016-08-19,36.658254876618194,36.80245439220931,36.58615683781646,36.72584915161133,7447800
2016-08-22,36.689796447753906,36.7438725524491,36.581647676350975,36.689796447753906,5777200
2016-08-23,36.861039327119954,36.91961920110389,36.811470419138246,36.87455749511719,10701600
2016-08-24,36.83849522422775,36.92861860799142,36.62670149059774,36.69880294799805,6466200
2016-08-25,36.563618828017916,36.698807357895014,36.509542728469654,36.5771369934082,6061400
2016-08-26,36.63120931195372,36.7754087912113,36.31126682478805,36.47349166870117,12578400
2016-08-29,36.473488676510684,36.64923167000127,36.473488676510684,36.59966278076172,7992600
2016-08-30,36.563613139358495,36.608674829644336,36.33830124994269,36.396881103515625,4905800
2016-08-31,36.36984033992576,36.42842018635212,36.167061039384656,36.30224609375,7001800
2016-09-01,36.342800352100404,36.45545627170519,36.17606835341043,36.37434387207031,10833600
2016-09-02,36.55009043405348,36.58614115699683,36.360829295580146,36.44644546508789,6704800
2016-09-06,36.446443842923756,36.5140380859375,36.266197112201795,36.5140380859375,12356000
2016-09-07,36.44195058327617,36.53658117557214,36.37435632078276,36.532073974609375,10728600
2016-09-08,36.34281842975056,36.41491646640801,36.17157914646249,36.216644287109375,8918200
2016-09-09,35.95978217042417,36.031880193789235,35.34242630004883,35.34242630004883,19125000
2016-09-12,35.202730331522176,35.9282348800006,35.15316144152776,35.83810806274414,21753200
2016-09-13,35.57674804299097,35.6803930308943,35.21625106164691,35.32890701293945,18474400
2016-09-14,35.337923563217934,35.54070637039635,35.22977479551519,35.33341979980469,14711400
2016-09-15,35.225252035495686,35.61278867307934,35.17117939452129,35.59025955200195,11544200
2016-09-16,35.46812557573088,35.54502286079899,35.35956104859362,35.51335906982422,10703000
2016-09-19,35.5721865000558,35.730505562782156,35.4048186616898,35.48624038696289,6254800
2016-09-20,35.630965464248014,35.680723343078995,35.42288863054316,35.51335906982422,6684400
2016-09-21,35.56764484194183,35.87523749349636,35.46360813027937,35.85714340209961,12031800
2016-09-22,36.06522800640267,36.187358823951506,36.00642133961265,36.1195068359375,9642800
2016-09-23,36.019988030774456,36.15569199543896,36.019988030774456,36.038082122802734,7782400
2016-09-26,35.938581553712766,35.938581553712766,35.59480401295225,35.640037536621094,11856600
2016-09-27,35.685273029082296,36.00191116333008,35.626469790178234,36.00191116333008,10275000
2016-09-28,36.02452402861547,36.11951545406186,35.888820020208456,36.10142135620117,8260600
2016-09-29,36.06070005809987,36.26877693665191,35.8119106103229,35.915950775146484,12722200
2016-09-30,36.074272378913626,36.31401307264212,36.006420392684056,36.20545196533203,9578800
2016-10-03,36.06522819324575,36.26425632106368,36.02904000597141,36.18283462524414,15452200
2016-10-04,36.21449421899626,36.33210408842642,35.98380231688856,36.056175231933594,17878200
2016-10-05,36.19188225830519,36.350201258777275,36.14664875118394,36.20545196533203,14270600
2016-10-06,36.15570383778593,36.30497755759058,36.01095450524405,36.232601165771484,14525000
2016-10-07,36.33662764025601,36.372815822495646,35.97927710560332,36.06974411010742,17384200
2016-10-10,36.241640793204816,36.28687430112703,36.105936818342734,36.12855529785156,5941000
2016-10-11,36.15568898919721,36.15568898919721,35.617401012172344,35.68977737426758,16851800
2016-10-12,35.72596727888957,35.98832297640471,35.68073032485018,35.85714340209961,7596400
2016-10-13,35.60383315263357,35.820958799079406,35.36861686582105,35.72596740722656,8056000
2016-10-14,35.83905885015717,35.95666528757247,35.6671666782345,35.68526077270508,6949200
2016-10-17,35.671688619993134,35.676213006074626,35.382190030494925,35.3912353515625,7257200
2016-10-18,35.75763298095154,35.82548151343495,35.5766955084402,35.6264533996582,7900400
2016-10-19,35.68525138302363,35.825476264404394,35.59478438557051,35.784767150878906,6512200
2016-10-20,35.7033530526204,35.80286884160306,35.57217346269739,35.716922760009766,9819000
2016-10-21,35.54504806264354,36.05619346538548,35.54504806264354,36.00191116333008,9595400
2016-10-24,36.18284196049466,36.28235777012594,36.10594463526911,36.259742736816406,7136600
2016-10-25,36.096896721557634,36.096896721557634,35.81644341009676,35.834537506103516,9267600
2016-10-26,35.67621942064637,35.83001406411527,35.608367421605834,35.68074035644531,8653000
2016-10-27,35.77120894511154,35.825487780593576,35.31886691025002,35.38219451904297,10670400
2016-10-28,35.19222010199891,35.540522033588374,35.16960161441271,35.30078125,10012200
2016-10-31,35.35051459002839,35.41836655452711,35.255523220167895,35.32789611816406,11798000
2016-11-01,35.418373256887236,35.48170084877796,34.79866359213373,35.07911682128906,23891800
2016-11-02,34.988650741579114,35.14244880617858,34.77604946318608,34.866519927978516,19390400
2016-11-03,34.92985246867871,35.097216812801854,34.69463267804145,34.77605438232422,17801600
2016-11-04,34.744390917051,35.006750127977895,34.65392388967422,34.70820617675781,17824400
2016-11-07,35.205789323758246,35.51338211472434,35.097224726172605,35.50885772705078,14287400
2016-11-08,35.50884947336173,35.802872484060956,35.4183824474985,35.65359878540039,10650400
2016-11-09,34.90722616128429,35.789295001795125,34.82128354070986,35.72596740722656,22851200
2016-11-10,35.86619217334551,36.25520651063786,35.58573893333857,35.85714340209961,33370400
2016-11-11,35.72143923421928,36.1104535316638,35.69882075951646,36.06069564819336,12078600
2016-11-14,36.228078941760565,36.33664353597182,36.020001979500435,36.06523895263672,12659400
2016-11-15,36.19188225830519,36.25520985849403,36.015469164765534,36.20545196533203,12020400
2016-11-16,36.12854734178571,36.404476165771484,36.0787894587001,36.404476165771484,7986400
2016-11-17,36.43614528243936,36.8432502746582,36.36376891425235,36.8432502746582,11402200
2016-11-18,36.82063403146362,36.90205571743646,36.68493007114385,36.73016357421875,8587200
2016-11-21,36.79801371862899,36.969905853271484,36.74825583240036,36.969905853271484,9526800
2016-11-22,37.08301176493511,37.44035903407748,37.04682356390149,37.408695220947266,11500200
2016-11-23,37.34534659438902,37.467480841423885,37.31820718442343,37.444862365722656,8874400
2016-11-25,37.50366412019076,37.57603702100445,37.44485747149183,37.53532791137695,8542600
2016-11-28,37.44487809716966,37.44940248442968,37.15990381952221,37.23680114746094,10293600
2016-11-29,37.277504310499495,37.395110740770036,37.236791737640125,37.336307525634766,8735200
2016-11-30,37.31821196164181,37.3363060543001,37.01514367457983,37.02418899536133,10133200
2016-12-01,36.99252802334994,37.232268729979104,36.92467603346919,37.04228591918945,18732200
2016-12-02,37.046814415709385,37.1463302184294,36.79350052212318,36.83873748779297,15315000
2016-12-05,36.9925282681793,37.30464535303911,36.834209258140106,37.24131774902344,16210400
2016-12-06,37.26845584809658,37.33178344987501,37.15989473806147,37.3272590637207,14066600
2016-12-07,37.3453430360219,38.0690927763621,37.300109540024266,38.05099868774414,15944200
2016-12-08,38.06456839143398,38.15051099850111,37.96505262958247,38.05099868774414,11211800
2016-12-09,38.14148727811514,38.14148727811514,37.942455641706516,38.136962890625,9603200
2016-12-12,38.06006087039286,38.123388483068034,37.738898420084155,37.82032012939453,11884400
2016-12-13,37.96054101068157,38.304321907846294,37.838410185306245,38.15957260131836,9648400
2016-12-14,38.15053092601422,38.22743170558246,37.833892837543836,37.9017448425293,16914600
2016-12-15,37.965062104173285,38.073623211879095,37.788649009990564,37.81126403808594,12218800
2016-12-16,37.92137830647407,37.939579529379905,37.57101431223951,37.62561798095703,19737400
2016-12-19,37.7120735589857,37.92593361201845,37.62562208017468,37.72572708129883,7572200
2016-12-20,37.78033537162715,38.07609926420591,37.775784196548564,38.02604675292969,8068400
2016-12-21,38.02148162218246,38.048785191102894,37.921376636373246,38.00783157348633,5405600
2016-12-22,37.939596724632466,37.953250251646224,37.539180053809254,37.598331451416016,8922000
2016-12-23,37.589208075417126,37.662009481064445,37.47090188577166,37.51640319824219,5674000
2016-12-27,37.543715077946665,37.81217531104937,37.543715077946665,37.662017822265625,12202200
2016-12-28,37.74391783289722,37.780320275921945,37.39355386548635,37.402652740478516,7715400
2016-12-29,37.4299676244441,37.5300726372621,37.26616005283812,37.35261154174805,5132600
2016-12-30,37.47091451950333,37.47091451950333,36.924891642704154,37.03864669799805,9618200
2017-01-03,37.33440944895339,37.46636225430673,37.02954327128106,37.25705337524414,28101000
2017-01-04,37.42085123234031,37.7939675673068,37.38445226349874,37.75301742553711,10987600
2017-01-05,37.52096590494615,37.73937713208327,37.51186702826609,37.72572708129883,8793400
2017-01-06,37.71661842625312,38.02603225456657,37.575563296362375,37.91227722167969,13076200
2017-01-09,37.8986295371896,37.98053330483821,37.81217459591375,37.880428314208984,7711200
2017-01-10,37.8713271376915,38.15798857128198,37.81217229871624,38.01693344116211,10349600
2017-01-11,37.98963907783586,38.098846435546875,37.86678513982215,38.098846435546875,10777400
2017-01-12,38.012382657359765,38.10793646953582,37.75757249155695,38.062435150146484,8564600
2017-01-13,38.08519260619343,38.2399012926099,38.08519260619343,38.20349884033203,5616800
2017-01-17,38.094286438206744,38.39459792353556,38.089735264807295,38.26719284057617,8651800
2017-01-18,38.28084786599421,38.28084786599421,38.066991289811504,38.198944091796875,5820200
2017-01-19,38.25355296323652,38.38550925468154,37.99419155495607,38.08064651489258,8326000
2017-01-20,38.21713850544818,38.28994339021709,38.06698450578626,38.18983840942383,10983800
2017-01-23,38.01692990411657,38.23078643031076,37.980527463753724,38.21713638305664,17105800
2017-01-24,38.276310035528155,38.57207046218896,38.20805629417201,38.53112030029297,9594400
2017-01-25,38.681263986100916,38.8086690728625,38.65396041641755,38.76771545410156,7338200
2017-01-26,38.79957783119307,38.96793658490404,38.708575163609936,38.826881408691406,7809800
2017-01-27,38.854178969911366,38.904231475262684,38.56296628688318,38.70402145385742,9021600
2017-01-30,38.64485062616443,38.69035193408116,38.308136781747876,38.65850067138672,7579200
2017-01-31,38.485613985368666,38.599369049072266,38.32180641591316,38.599369049072266,9490000
2017-02-01,38.66305770895486,38.73131141694792,38.38549517557015,38.52655029296875,10413600
2017-02-02,38.46740510123013,38.66306391071343,38.42190377911204,38.49470520019531,8162000
2017-02-03,38.37640264661752,38.508358923418605,38.30360121858891,38.44465637207031,7304200
2017-02-06,38.33545708895662,38.426459752781675,38.26720335532328,38.33090591430664,7878400
2017-02-07,38.34910246132086,38.408257309964185,38.25354863450705,38.29450225830078,11451200
2017-02-08,38.294511264658425,38.5766216373539,38.294511264658425,38.53112030029297,8259800
2017-02-09,38.5311176378953,38.86783167471554,38.5311176378953,38.77227783203125,7058400
2017-02-10,38.8268870409257,39.022545928988066,38.808685810462954,39.00889587402344,7652000
2017-02-13,39.09988746640422,39.154491142307315,38.99978246301292,39.054386138916016,8817600
2017-02-14,39.03617980678866,39.277339935302734,39.02252975748081,39.277339935302734,6336200
2017-02-15,39.21363739854992,39.49575114657125,39.14538368046898,39.48209762573242,9509800
2017-02-16,39.44115105947002,39.4821012111203,39.20908978553256,39.28189468383789,6165000
2017-02-17,39.186335234531505,39.40929412841797,39.18178406115844,39.40929412841797,7757200
2017-02-21,39.5821990095446,39.72325760646698,39.48664520154893,39.636802673339844,7182800
2017-02-22,39.59584905761142,39.682303990738546,39.55489891341098,39.636802673339844,4491200
2017-02-23,39.68685570778592,39.73235702580815,39.33648826880585,39.36833953857422,6937400
2017-02-24,39.30010256393394,39.55036163330078,39.21364760043726,39.55036163330078,9692600
2017-02-27,39.56400443820517,39.62315928514143,39.43205163702867,39.595855712890625,6904800
2017-02-28,39.49118691592089,39.50028578861009,39.268228084000164,39.300079345703125,8179000
2017-03-01,39.72326114146575,39.850666230131175,39.59585258127202,39.741458892822266,17269600
2017-03-02,39.72326442725411,39.782415802876365,39.61405708091189,39.64590835571289,7870800
2017-03-03,39.604958884615044,39.686862660013944,39.44115133381726,39.58675765991211,6563000
2017-03-06,39.459354400634766,39.5003045544816,39.309196893472084,39.459354400634766,5205400
2017-03-07,39.45935625468339,39.4639074291676,39.28644633957331,39.33195114135742,6147800
2017-03-08,39.39109426522428,39.568551846085754,39.37744421616237,39.495750427246094,5219000
2017-03-09,39.459354400634766,39.57310945669216,39.345599344577366,39.459354400634766,5493800
2017-03-10,39.63225632484722,39.6686587718089,39.43659751183871,39.51850128173828,7013200
2017-03-13,39.54125753802495,39.63681136697868,39.49575621064633,39.62316131591797,4982200
2017-03-14,39.582204359907664,39.67775818081944,39.482099365182435,39.61405563354492,7785600
2017-03-15,39.6914152638354,39.900724148165935,39.56400668632533,39.823368072509766,7473800
2017-03-16,39.85066841258259,39.92802101043311,39.773315814732065,39.818817138671875,12529400
2017-03-17,39.86491152977435,39.94706031473731,39.750816188543226,39.869476318359375,9428600
2017-03-20,39.90141443290096,39.910540526226754,39.69604425489938,39.77362823486328,5278000
2017-03-21,39.86948023669739,39.92880856647946,39.24423645181352,39.27162170410156,9291400
2017-03-22,39.23967292787048,39.37202046514482,39.08906623549309,39.317256927490234,12202200
2017-03-23,39.385702771807935,39.61389339393448,39.294424433809766,39.40851974487305,7274000
2017-03-24,39.44960429578269,39.63215404695528,39.33550896034316,39.50436782836914,6622200
2017-03-27,39.267054790822655,39.559138598726044,39.11644809808426,39.49068069458008,9808200
2017-03-28,39.486114839365946,39.87860309849474,39.417660418982415,39.791893005371094,8310000
2017-03-29,39.79188856694167,40.056587087364846,39.75081243737968,40.029205322265625,9123400
2017-03-30,39.95619730422928,40.13874709853333,39.91968595260282,40.134185791015625,9365200
2017-03-31,40.07028992702133,40.239148823399105,40.056595559662085,40.13874435424805,4758600
2017-04-03,40.14329763361783,40.16611809075967,39.75080944778598,39.979000091552734,12312000
2017-04-04,39.86492074553957,39.97445132350639,39.82840939224587,39.915122985839844,8648800
2017-04-05,40.06571742395549,40.2802172064048,39.76450407449563,39.819271087646484,8701800
2017-04-06,39.842092468491686,40.07028313902849,39.8283981034523,39.9424934387207,5827800
2017-04-07,39.84209676841347,39.96075342292094,39.7690740746424,39.8238410949707,7816600
2017-04-10,39.83753194418067,40.10679529291649,39.82384105958918,39.96988296508789,4796200
2017-04-11,39.956194364655715,40.020087484344344,39.65041616967282,39.93793869018555,10938200
2017-04-12,39.90597680308959,39.9561790181222,39.746240583306275,39.77819061279297,4923200
2017-04-13,39.71886653866954,39.85578233024825,39.49980545043945,39.49980545043945,9377600
2017-04-17,39.60020484639016,39.905982971191406,39.60020484639016,39.905982971191406,6955200
2017-04-18,39.81014057765278,39.974434635056696,39.70973613896889,39.91054153442383,5108400
2017-04-19,40.0428916508139,40.202624398915184,39.91510545233287,39.947052001953125,7473000
2017-04-20,40.11592424389518,40.444519396612385,40.10223335951757,40.3669319152832,8772400
2017-04-21,40.312157546189184,40.3532301882861,40.175241775374076,40.2756462097168,7704800
2017-04-24,40.700094707005036,40.71378559234143,40.49015967404804,40.535797119140625,8486000
2017-04-25,40.672705380495344,40.9145869282738,40.672705380495344,40.855255126953125,10809200
2017-04-26,40.96022627889483,41.22036350985751,40.905459263250386,41.046939849853516,8164400
2017-04-27,41.256880373521504,41.32533828175793,41.15191111663713,41.26600646972656,7328000
2017-04-28,41.352714781366615,41.430298775919056,41.05150141628527,41.10170364379883,10119600
2017-05-01,41.19297877887987,41.31163541470127,41.1062652141608,41.15646743774414,11827800
2017-05-02,41.1792894981676,41.20210647583008,40.9602249247455,41.20210647583008,7921200
2017-05-03,41.17015531022636,41.279685843712585,40.841560227854806,40.96022033691406,5633400
2017-05-04,40.9921714498154,40.9921714498154,40.74116032231395,40.896331787109375,10679200
2017-05-05,41.060618764833656,41.151893615722656,40.85980991458302,41.151893615722656,6438600
2017-05-08,41.297950090865484,41.30707966833481,41.08345028521332,41.2294921875,5012400
2017-05-09,41.32075882884647,41.498747237948606,41.24317485193787,41.466800689697266,20515600
2017-05-10,41.29794739289627,41.33902352499752,41.17472596041926,41.32533264160156,7037000
2017-05-11,41.24774681731524,41.24774681731524,40.82787679409929,41.078887939453125,8703200
2017-05-12,41.11994711933827,41.11994711933827,40.96934048146856,41.0195426940918,6461600
2017-05-15,41.02867126464844,41.20209487006926,40.98303384026531,41.02867126464844,7904400
2017-05-16,41.051508440118376,41.083455001100866,40.85982907422341,40.887210845947266,8396600
2017-05-17,40.636207900661,40.74117369248986,40.220899077394904,40.2254638671875,16578800
2017-05-18,40.22544692745774,40.64531688178649,40.22544692745774,40.45820236206055,13043600
2017-05-19,40.52665118842532,40.86437229512042,40.481010283756326,40.73202133178711,7390000
2017-05-22,40.809626020592816,40.983053189807,40.7868090385847,40.93741226196289,5893400
2017-05-23,40.969344886437504,41.05605844154867,40.71833727824569,40.782230377197266,4178000
2017-05-24,40.768543299730666,40.94196694421965,40.62250141965756,40.92827606201172,7648000
2017-05-25,41.06063149419514,41.4166083976973,41.06063149419514,41.288822174072266,6603800
2017-05-26,41.34360185685134,41.43488025360188,41.297964399433475,41.41205978393555,4648000
2017-05-30,41.41204986870829,41.54440090087186,41.40748856139898,41.44399642944336,5277800
2017-05-31,41.5170126730535,41.571776207560795,41.22492888263652,41.553524017333984,10207200
2017-06-01,41.65848811725695,41.94601058959961,41.5352666876196,41.94601058959961,10295000
2017-06-02,41.96882861648373,42.14681706480519,41.9095002943477,42.096614837646484,6268800
2017-06-05,42.14225001029597,42.178761352068726,41.90493325259942,41.98251724243164,10998600
2017-06-06,41.83647472233655,41.92318828725257,41.590028391980326,41.62197494506836,7127400
2017-06-07,41.68585486266234,41.7680036134575,41.599144807092806,41.694984436035156,9343000
2017-06-08,41.69956708149927,41.74520452217249,41.37097193759035,41.42573547363281,10397600
2017-06-09,41.46681285404395,41.52614118051117,40.873515661717214,41.243186950683594,21978000
2017-06-12,41.11083306728331,41.32989416660341,41.05150126303601,41.22036361694336,12873200
2017-06-13,41.31620410946755,41.53526869508239,41.3025132257254,41.47593688964844,8329600
2017-06-14,41.626537193245206,41.69043029552268,41.23861379172829,41.4531135559082,9618800
2017-06-15,41.147346070043746,41.31164016020083,40.946537152643316,41.279693603515625,7170200
2017-06-16,41.42847324266019,41.42847324266019,41.034788024156086,41.268253326416016,15423200
2017-06-19,41.4422131096033,41.648213174313156,41.33692721450229,41.58412170410156,6839600
2017-06-20,41.51087900175283,41.52003293016017,41.05310574566493,41.062259674072266,6705000
2017-06-21,41.167540359197545,41.190430414177385,40.97985168745254,41.126338958740234,6252400
2017-06-22,41.121753848915795,41.18584179640297,41.021043219284174,41.03019714355469,7317800
2017-06-23,41.03020991422916,41.03020991422916,40.84710343157736,40.979854583740234,7845200
2017-06-26,41.181272995172634,41.24993966758012,40.99816303293,41.126338958740234,9417400
2017-06-27,41.0393592763796,41.195000454582136,40.80131530761719,40.80131530761719,8029800
2017-06-28,40.920331959421034,41.259083032711885,40.89286669450131,41.21330642700195,10061600
2017-06-29,41.13549181142528,41.176689714777304,40.49460876098448,40.8150520324707,9803400
2017-06-30,41.016464510883324,41.208728353344846,40.943222639125636,41.03019714355469,9313600
2017-07-03,41.14465105778874,41.3460723691979,40.970698511364894,40.989009857177734,5614600
2017-07-05,40.984433801709,40.9935912214745,40.6960379446777,40.888301849365234,7970200
2017-07-06,40.636535904013236,40.760136655697536,40.44427194865238,40.47174072265625,7244800
2017-07-07,40.55870318364096,40.86541037704767,40.55870318364096,40.83336639404297,5159400
2017-07-10,40.865396027803364,40.98441799111334,40.74637755702437,40.92033004760742,5400200
2017-07-11,40.87455526817368,40.90202053303594,40.613624774388875,40.83793258666992,6424600
2017-07-12,41.06682403064024,41.20873257281635,41.039358762485264,41.14922332763672,6067800
2017-07-13,41.2682557113114,41.31403233395056,41.12176842334661,41.153812408447266,6623400
2017-07-14,41.28198897789487,41.3369230214184,41.103457702109004,41.28656768798828,8280000
2017-07-17,41.28655742458164,41.455931238076104,41.28655742458164,41.38726806640625,6354400
2017-07-18,41.350650927812346,41.579537510839046,41.31860694588989,41.57495880126953,6980000
2017-07-19,41.652777925319214,41.82215524806862,41.62073394453224,41.7763786315918,5311600
2017-07-20,41.81757563963053,41.8496196197286,41.54749116345142,41.68939971923828,9199000
2017-07-21,41.49256905846754,41.71687698364258,41.49256905846754,41.71687698364258,6633800
2017-07-24,41.73060349384438,41.73060349384438,41.529182183170605,41.57495880126953,4081800
2017-07-25,41.7306015181717,41.97779594270926,41.661934848008194,41.8679313659668,10096800
2017-07-26,41.93659501316737,41.94574893868109,41.803840391762606,41.84961700439453,5728800
2017-07-27,42.028154178145776,42.36690884306694,41.803846299776374,42.15633010864258,13275200
2017-07-28,41.7443346759268,41.88624323484995,41.67566800490426,41.83588790893555,7833400
2017-07-31,41.98695744086805,42.046466698107984,41.684825459806234,41.82215881347656,6261200
2017-08-01,41.94575251222391,41.9777964930494,41.76264604609655,41.8953971862793,8750800
2017-08-02,41.87708023834739,41.895388086958235,41.53375045012892,41.78094482421875,5776000
2017-08-03,41.73975309634322,41.88624035460341,41.65277508619346,41.666507720947266,7191400
2017-08-04,41.75807483355595,41.75807483355595,41.50172294092893,41.67109680175781,4898800
2017-08-07,41.74433298239932,41.82673228577711,41.68939894930351,41.76721954345703,6939400
2017-08-08,41.767225299701124,42.00984453404735,41.6665146380784,41.79011535644531,6050200
2017-08-09,41.29571255435513,41.574954435728735,41.217891962505234,41.547489166259766,9796200
2017-08-10,41.37353870317771,41.442205378604626,40.91576552370781,40.924922943115234,9809800
2017-08-11,40.82419700287051,41.22246077723655,40.82419700287051,41.13548278808594,9839200
2017-08-14,41.36438645794087,41.565807782706564,41.355229038161156,41.42847442626953,7508200
2017-08-15,41.41015650802411,41.44677919626678,41.04394010319272,41.04851531982422,6191400
2017-08-16,41.199569747168475,41.336903043338026,41.08512649787079,41.25907897949219,4905400
2017-08-17,41.15380821703408,41.19958483501102,40.59990310668945,40.59990310668945,9791400
2017-08-18,40.51293039727143,40.62279499332103,40.352710467088166,40.39848709106445,13575600
2017-08-21,40.38476267462161,40.526671285597494,40.23369664146669,40.47174072265625,21101400
2017-08-22,40.590732637656245,40.952373740710925,40.567846082291844,40.90659713745117,8771200
2017-08-23,40.63194212065957,40.70518400196132,40.49003008199028,40.55869674682617,9681600
2017-08-24,40.760136655697536,40.856268633377965,40.407649245002716,40.47174072265625,5531800
2017-08-25,40.590741000565195,40.74638567475298,40.49918777518298,40.57242965698242,6489200
2017-08-28,40.70517857946186,40.73264733725598,40.540380002821834,40.595314025878906,4368400
2017-08-29,40.334388901391776,40.604473359206224,40.27030094555337,40.55869674682617,5511200
2017-08-30,40.58159244552582,40.902032269301614,40.54039104387914,40.85167694091797,4512800
2017-08-31,40.96612502443808,41.08056833095933,40.90661576235874,41.043949127197266,7988200
2017-09-01,41.14921768817322,41.30486233562742,41.12632763949343,41.23161697387695,4863800
2017-09-05,41.117193722114614,41.29114630211622,40.82421911762098,41.062259674072266,9911000
2017-09-06,41.12633235057381,41.36895501976668,41.03935783919593,41.318599700927734,6009400
2017-09-07,41.40557335779254,41.460507384264446,40.86540098801201,40.9615364074707,10708000
2017-09-08,40.879142412046505,40.91576160857563,40.75096300033308,40.81962966918945,5180000
2017-09-11,40.966111934492574,41.07597998827015,40.93406795860697,41.0347785949707,6703200
2017-09-12,41.1354885856439,41.27739712054815,41.08055455961739,41.21788787841797,5440200
2017-09-13,41.19500242709425,41.515445709228516,41.19500242709425,41.515445709228516,6583200
2017-09-14,41.41473457839486,41.52002043980386,41.277401245868994,41.291133880615234,7033800
2017-09-15,41.21211770428644,41.33156078477969,41.15239791648386,41.17536544799805,7822200
2017-09-18,41.30401020058457,41.336167557845094,40.94108945156492,41.03296661376953,13139200
2017-09-19,41.03755917966831,41.106468799830836,40.844615047124314,40.996212005615234,12801000
2017-09-20,41.055925843142056,41.16617910704062,40.913511726348005,41.1340217590332,7419800
2017-09-21,41.1202376334274,41.16617619806492,40.9961996535295,41.06510925292969,8415200
2017-09-22,40.9594537991198,41.15698929053104,40.95026398261022,41.1340217590332,6232600
2017-09-25,41.12023836483889,41.21211549574816,40.913509562961224,41.04673385620117,14335200
2017-09-26,41.16617108678964,41.24886189482524,40.964037221616536,41.05132293701172,6145800
2017-09-27,41.156992761569214,41.35453177452827,40.97782987829105,41.27643585205078,10458200
2017-09-28,41.21672768647713,41.26266627119441,41.15241296689506,41.225914001464844,7199600
2017-09-29,41.230498705171165,41.428037724956944,41.21212257485522,41.38209915161133,6944000
2017-10-02,41.4326235676401,41.55206313122572,41.37290028095958,41.46018600463867,5859400
2017-10-03,41.529103445261626,41.64395162762967,41.49694609439411,41.634761810302734,9831200
2017-10-04,41.66691969511306,41.87824343768005,41.62098112255484,41.850677490234375,9863400
2017-10-05,41.91499959243882,42.09875742000061,41.85987469759261,42.08497619628906,14441000
2017-10-06,42.01606257398893,42.195225474965476,42.01606257398893,42.13550567626953,6266400
2017-10-09,42.20900270046855,42.21359760912966,41.96093020609436,42.00227737426758,8540200
2017-10-10,42.029854764265174,42.15848421341592,41.859881637125824,41.96094512939453,5513400
2017-10-11,41.98389434814453,42.029832912544514,41.878236000513354,41.98389434814453,7685600
2017-10-12,41.827700846584214,41.83688715713977,41.61178574720828,41.70366287231445,9168000
2017-10-13,41.781761882240694,41.942552120449754,41.73122840821292,41.905799865722656,5460200
2017-10-16,41.92419636170119,41.97932126568601,41.83231568024379,41.96094512939453,8655600
2017-10-17,41.95173700257577,42.05280394718841,41.878236000513354,41.98389434814453,5546400
2017-10-18,42.020641842620726,42.03901796727711,41.8598551329866,41.869041442871094,9051200
2017-10-19,41.69447351596653,41.873636350257044,41.59340658280011,41.869041442871094,9002000
2017-10-20,42.03443035663912,42.07577401562727,41.919582186265785,41.970115661621094,9602800
2017-10-23,42.01606996440511,42.052822233861946,41.653149189519866,41.685306549072266,5821200
2017-10-24,41.731233305775454,41.85527130381447,41.731233305775454,41.78636169433594,7404000
2017-10-25,41.70367576495666,41.76799047339132,41.400478354463026,41.625579833984375,9367200
2017-10-26,41.62557746762052,41.92418345688539,41.58882520635039,41.7725830078125,7133000
2017-10-27,42.08496675646874,42.47085495339216,41.88742774950415,42.4478874206543,11891200
2017-10-30,42.08496727981865,42.35141589808679,42.08496727981865,42.25494384765625,8670800
2017-10-31,42.30088773031684,42.34682630702061,42.222791799431555,42.25954055786133,6375200
2017-11-01,42.39735724942146,42.53517297126513,42.25494661871643,42.273319244384766,8834400
2017-11-02,42.15846738383462,42.20900086224091,41.80473653987877,41.956336975097656,9183600
2017-11-03,41.93337194620698,42.14469220214547,41.83230497491276,42.12631607055664,7388000
2017-11-06,42.04361832090336,42.45248104800228,42.04361832090336,42.434104919433594,7695800
2017-11-07,42.383564693834245,42.516788976079276,42.1217110369768,42.18143081665039,4865600
2017-11-08,42.117129376265055,42.25035370041256,42.07578220434198,42.22738265991211,5451600
2017-11-09,41.98849725440732,42.351417940608926,41.88743029054252,42.29169464111328,6882600
2017-11-10,42.27790957904387,42.48922980025149,42.241157321906506,42.434104919433594,5021200
2017-11-13,42.30089165118573,42.6638123990955,42.21820080349883,42.5765266418457,11429400
2017-11-14,42.443300836242635,42.62246374922187,42.32385772596016,42.613277435302734,8378200
2017-11-15,42.406537173271126,42.571918818477904,42.18603064958742,42.429508209228516,6730600
2017-11-16,42.49842003855311,42.819993529474594,42.466262689460955,42.783241271972656,8186600
2017-11-17,42.87972272963571,43.045104419800914,42.847565373486304,42.97160339355469,9372800
2017-11-20,43.040494295323676,43.14615263176448,42.95780348620645,43.05427551269531,4895200
2017-11-21,43.164551983157914,43.34830982506274,43.1048321741168,43.32074737548828,10030000
2017-11-22,43.33912001987379,43.44937682798741,43.31155757029004,43.362091064453125,6394600
2017-11-24,43.46314950233875,43.490711946500184,43.40342970502612,43.47233581542969,3472400
2017-11-27,43.58718837373536,43.68366044285625,43.42640159186721,43.50449752807617,7848200
2017-11-28,43.57340038908152,43.986854553222656,43.518275503788324,43.986854553222656,11609400
2017-11-29,44.02360859494186,44.29464863830466,43.95469898064822,44.175209045410156,12693400
2017-11-30,44.24870626420942,44.58406448903484,44.14304439738029,44.400306701660156,14963400
2017-12-01,44.354372675409664,44.52434575461318,43.75716068147606,44.381935119628906,23560200
2017-12-04,44.83213564956077,45.190464929550735,44.8137630243301,44.896453857421875,13545800
2017-12-05,44.88267593063153,44.98833781860146,44.62541707976766,44.639198303222656,14968400
2017-12-06,44.57947743484282,44.6667631878243,44.322218590125495,44.34978103637695,11436000
2017-12-07,44.464622497558594,44.547313328671116,44.25330226357957,44.464622497558594,7902800
2017-12-08,44.588651922756476,44.763223382419305,44.478398662103295,44.67593765258789,11586800
2017-12-11,44.712683939010944,44.786184934671994,44.62080331332526,44.772403717041016,6692800
2017-12-12,44.89644860276021,44.93319735380893,44.77700552340979,44.79078674316406,5518000
2017-12-13,44.882666233228,44.933199711570644,44.763226652498304,44.82754135131836,6905800
2017-12-14,44.878084114148564,45.09859069718248,44.84133184867993,44.96536636352539,8494600
2017-12-15,45.17370589988852,45.27972736929775,45.053856307690374,45.15987777709961,13464200
2017-12-18,45.445667834723125,45.63927210198157,45.39035534420631,45.56551742553711,12016600
2017-12-19,45.61623613496108,45.67155215836016,45.427245876111606,45.50560760498047,11969400
2017-12-20,45.6623207534583,45.69458754728512,45.399575856063755,45.41801452636719,4929000
2017-12-21,45.47793901656061,45.81443506305449,45.44106167763025,45.7130241394043,4719800
2017-12-22,45.65311401728576,45.65311401728576,45.53787493813777,45.625457763671875,6443800
2017-12-26,45.5701328028557,45.77756169791611,45.5701328028557,45.72685623168945,2996000
2017-12-27,45.809828542961355,45.814439089937046,45.5931820705406,45.634666442871094,3733800
2017-12-28,45.79599064606974,45.79599064606974,45.66231294683654,45.75911331176758,8391600
2017-12-29,45.77294376626177,45.83286679534132,45.459493466430175,45.49176025390625,5261200
2018-01-02,45.68536731735113,46.18320083618164,45.68536731735113,46.18320083618164,9791200
2018-01-03,46.229303877637236,46.43212575803391,46.220082782991646,46.39524841308594,10638000
2018-01-04,46.57500807974479,46.60727486836788,46.30765267868711,46.5473518371582,6914800
2018-01-05,46.7547884665745,46.939171653723335,46.648766990998475,46.91612243652344,8588800
2018-01-08,46.93918400318504,47.049812537853434,46.87925742942564,46.97145080566406,5340000
2018-01-09,47.10972788725674,47.17426148165655,46.90690952635038,47.06363296508789,6321800
2018-01-10,46.89308348297022,47.0959018528797,46.78245144467346,47.031368255615234,5677800
2018-01-11,47.1466008036986,47.80115778074462,47.10050588585899,47.79655075073242,7245400
2018-01-12,47.88875941320854,48.43268809791413,47.828836348140825,48.414249420166016,8075600
2018-01-16,48.65853919759334,48.87057864435674,47.944059141137394,48.06851577758789,18503200
2018-01-17,48.294385424407956,48.395796363483136,47.99476667127128,48.29899597167969,13312200
2018-01-18,48.280564474459766,48.36353675359582,48.133058591197646,48.25751876831055,6584600
2018-01-19,48.48798883208586,48.68158961212825,48.34048297346065,48.676979064941406,7520800
2018-01-22,48.672364862723356,49.21629333496094,48.63088049160827,49.21629333496094,15504600
2018-01-23,49.479048125986345,49.691091121237285,49.38224772388527,49.63116455078125,8309800
2018-01-24,49.85241796309621,50.13360155029859,49.3960722710862,49.843196868896484,12927600
2018-01-25,50.05524931292316,50.092126665662654,49.538980441841936,49.75563049316406,10141600
2018-01-26,49.866259544426434,50.24424362182617,49.741802873680534,50.24424362182617,7832600
2018-01-29,50.19353604734771,50.400964995546765,49.995324678634425,50.105953216552734,12710400
2018-01-30,49.73257641642759,50.05063739834331,49.571242409954976,49.85703659057617,10568200
2018-01-31,50.087513454508326,50.262675583182954,49.589679804400426,49.69569778442383,18902200
2018-02-01,49.3868538647557,49.76944840807561,49.10105971489917,49.142547607421875,18706800
2018-02-02,49.35459160650279,49.7786705645344,48.56635674424266,48.6723747253418,21381400
2018-02-05,48.26673121539074,48.96738672400107,46.60267877846284,47.031368255615234,46093000
2018-02-06,46.095629619724555,48.33126695291771,45.975779998004384,48.234466552734375,44665000
2018-02-07,48.27133539884118,48.94894159760083,48.07312408571296,48.086952209472656,26274000
2018-02-08,48.15148599589302,48.27594614387484,46.13249903190256,46.169376373291016,31484000
2018-02-09,46.62111721269026,46.865423474913854,44.758853446041925,46.47822189331055,42795200
2018-02-12,46.92073192458027,47.372467030244074,46.44133705553736,47.10972213745117,25119000
2018-02-13,46.92074200760868,47.46467058006247,46.84238028096454,47.354042053222656,10301600
2018-02-14,47.12816911196889,48.20219808907683,47.09129528232699,48.110008239746094,13462600
2018-02-15,48.400404198499885,48.538692474365234,47.879524924132035,48.538692474365234,11181600
2018-02-16,48.3865763886715,48.690805674008296,48.19758264488199,48.30360412597656,9497200
2018-02-20,48.174543715452245,48.67698439247899,47.96711127114653,48.156105041503906,11751400
2018-02-21,48.37274632883471,48.86596933822584,48.086952209472656,48.086952209472656,9906200
2018-02-22,48.32205056584999,48.515651370990184,48.003989588250015,48.14688491821289,8887600
2018-02-23,48.423454972235014,48.81987762451172,48.19758387994492,48.81987762451172,5986000
2018-02-26,49.004254348601876,49.230125427246094,48.88440826418065,49.230125427246094,7796800
2018-02-27,49.27621904737898,49.27621904737898,48.17914102805913,48.18836212158203,12569200
2018-02-28,48.44649451464771,48.64931636215962,47.96249262874423,47.971710205078125,12098800
2018-03-01,48.02242592878287,48.25290407136355,46.98066373960935,47.455448150634766,19060600
2018-03-02,46.92995287762591,47.58451340016881,46.69025718426745,47.50154113769531,14530800
2018-03-05,47.3263759555075,48.169926712304516,47.21113689638716,48.06851577758789,9988000
2018-03-06,48.28977736933489,48.4234551028415,47.97171643385996,48.40040588378906,15151800
2018-03-07,47.92101134000776,48.18836680911095,47.681315637347126,48.07312774658203,10527400
2018-03-08,48.25751704505143,48.30822252031376,48.077744366145886,48.225250244140625,8073000
2018-03-09,48.55252790328874,48.985824433676626,48.418850154325014,48.97199630737305,7249400
2018-03-12,49.133331298828125,49.33615320021346,49.01809222155329,49.133331298828125,8513200
2018-03-13,49.40528073141733,49.50669164799826,48.709235954097956,48.78759765625,11325800
2018-03-14,49.04114208535184,49.10567568812465,48.603234992705225,48.727691650390625,10245400
2018-03-15,48.824484923566615,48.93050640796149,48.59400679966366,48.676979064941406,7679600
2018-03-16,48.69084129234278,48.945115042637525,48.62149358524686,48.62611770629883,6693600
2018-03-19,48.44581617276312,48.46430912994843,47.66912960683455,48.02048873901367,11454800
2018-03-20,48.1083377909363,48.37648044577375,48.08522423410867,48.307132720947266,7413400
2018-03-21,48.3672269879063,48.635366067115825,48.12219793417633,48.2701416015625,10539400
2018-03-22,47.89567655841797,48.01587905267286,47.220699290508485,47.24381637573242,13813600
2018-03-23,47.37789395190461,47.50271705791113,46.300702538522565,46.314571380615234,17889200
2018-03-26,47.06350046100358,47.729229286812156,46.605807704744684,47.68299865722656,14560600
2018-03-27,47.87716859084887,47.978878090483,46.448622056453765,46.74912643432617,12512600
2018-03-28,46.48099686313108,46.790746042616526,45.8522502595109,46.18049240112305,25948800
2018-03-29,46.23133975074198,47.05888115554082,45.89847354018923,46.82772445678711,15285000
2018-04-02,46.54570967826404,46.610433267119404,45.06630832275416,45.5055046081543,23776600
2018-04-03,45.773655378026874,46.33305422567231,45.42692029275454,46.083404541015625,14615800
2018-04-04,45.38531077940261,47.021900824296814,45.33908013959307,46.929439544677734,14885600
2018-04-05,47.32702885382103,47.71074633429932,47.06351033003633,47.55818557739258,8463000
2018-04-06,47.10049774627017,47.521204721061956,46.24521848331338,46.54572296142578,17529800
2018-04-09,46.87395738562586,47.1467241376365,46.388526883612286,46.43476104736328,8520200
2018-04-10,47.031144909294156,47.12360618073629,46.57807621401629,46.998783111572266,12824400
2018-04-11,46.804610176360576,47.280792439935766,46.69365594192837,46.855464935302734,9580200
2018-04-12,47.14209640262852,47.33164305622819,46.89244675162774,47.05887985229492,6114800
2018-04-13,47.3085364086799,47.39175297116019,46.62431094748956,46.79536819458008,8868400
2018-04-16,47.08662169820195,47.327026654762044,46.873957945658184,47.146724700927734,8481000
2018-04-17,47.60441637730362,48.11758458753777,47.60441637730362,48.02511978149414,8151000
2018-04-18,48.19155257330592,48.482812301372846,48.1499460562516,48.25165557861328,6596600
2018-04-19,48.26089574672061,48.3718499755791,47.8679300605028,48.09908676147461,16129000
2018-04-20,48.14070465218527,48.20542826158046,47.41487258067743,47.609046936035156,12510200
2018-04-23,47.69225733099511,48.0204994581702,47.42411468270953,47.71074676513672,14082000
2018-04-24,47.97890798154319,48.075993420631974,46.70754549839422,46.95719528198242,13404000
2018-04-25,46.869336625329595,47.26692647733758,46.47174677332161,47.15134811401367,18794600
2018-04-26,47.43336664019729,48.006634419729245,47.33628122386164,47.9141731262207,12969400
2018-04-27,48.547541133715,48.658495384989465,48.01587990863462,48.1314582824707,8851200
2018-04-30,48.35335314385438,48.60300278417126,47.937273937163965,47.94189453125,10006200
2018-05-01,47.78470626099181,48.029731762518836,47.410233590897356,48.006614685058594,11210800
2018-05-02,47.872553364990054,48.1175788994904,47.62752430331843,47.67837905883789,9553400
2018-05-03,47.47496174371894,47.590540087800704,46.8600841066829,47.46571350097656,14015400
2018-05-04,47.24843715596384,48.20542593692533,47.18833767218717,48.089847564697266,7979200
2018-05-07,48.339492734785175,48.39034749596601,48.07597421192614,48.25165557861328,6900000
2018-05-08,48.12683692852683,48.23779118618421,47.789350032727036,48.04824447631836,12194800
2018-05-09,48.122203471170316,48.2470300730973,47.821702561936895,48.21466827392578,8049600
2018-05-10,48.20541284692177,48.436569528608146,48.14068925822327,48.39033889770508,5861600
2018-05-11,48.39496478430918,48.55214964054764,48.33024119324968,48.49205017089844,8848200
2018-05-14,48.56602899865572,48.74170683866315,48.515174237332474,48.58451843261719,6649800
2018-05-15,48.32562667986315,48.390350283790895,48.075976981639606,48.302513122558594,9116000
2018-05-16,48.36260101426244,48.806421417909526,48.36260101426244,48.7047119140625,6478400
2018-05-17,48.59838659344241,48.88964276994978,48.42270524146568,48.54290771484375,12729000
2018-05-18,48.46893860831108,48.62150288767704,48.37647733260712,48.482810974121094,8217800
2018-05-21,48.713956030400794,48.875764987737995,48.58912945819014,48.750938415527344,17494600
2018-05-22,48.92662656194033,49.03758078714256,48.501299092689095,48.533660888671875,5990200
2018-05-23,48.35798418051402,48.88964533163515,48.29788470426163,48.8850212097168,9254400
2018-05-24,48.834163689504685,49.07456863526717,48.593762270913565,48.99135208129883,10967000
2018-05-25,48.96822986499532,49.25486541575441,48.91737511361595,49.06531524658203,7681800
2018-05-29,48.82492133014582,49.03758508340324,48.49667922008512,48.68622589111328,11808200
2018-05-30,48.912770090017226,49.19015748673298,48.801812309593224,49.13005447387695,9843200
2018-05-31,49.148534464745644,49.162403301844996,48.7278311216568,48.894264221191406,12867000
2018-06-01,49.106935020802524,49.30572994456945,49.05608025933854,49.25487518310547,10437400
2018-06-04,49.40280927317373,49.823512625099426,49.37969219274178,49.805023193359375,9414800
2018-06-05,49.832768242747846,50.142517414215824,49.73568283947453,50.09628677368164,9162000
2018-06-06,50.239603251601274,50.6002071889243,50.00844651976119,50.56322479248047,10920800
2018-06-07,50.688041671218336,50.891460699032955,50.54472564371515,50.711158752441406,10699800
2018-06-08,50.53086515107402,50.98393038963083,50.48463098099225,50.81749725341797,7687000
2018-06-11,50.8221134477574,51.131862586822265,50.8221134477574,51.02090835571289,6369200
2018-06-12,51.113369717949844,51.358395262038755,51.08100792018662,51.265933990478516,6976400
2018-06-13,51.30754199269339,51.61266699845338,51.252063115659176,51.34452438354492,10105000
2018-06-14,51.51094629432578,51.890043053754965,51.48783274596247,51.88079833984375,8383200
2018-06-15,51.646274864818885,52.012462309598035,51.61382805510109,51.96611022949219,18213400
2018-06-18,51.62308311773438,51.98463417118094,51.52574272153229,51.878021240234375,8047400
2018-06-19,51.41914670207342,51.81778095273498,51.331075275213756,51.81314468383789,12339200
2018-06-20,52.08198899458999,52.19323468728909,51.873402878724576,52.05881118774414,7886000
2018-06-21,52.13297071725253,52.20250059251983,51.59991305545174,51.687984466552734,13700800
2018-06-22,51.91510975821632,51.98927589821743,51.56282766608343,51.599910736083984,11135800
2018-06-25,51.386697911098054,51.386697911098054,50.1861589365114,50.47818374633789,24133600
2018-06-26,50.66821894792179,51.00195950512747,50.52452647218342,50.839725494384766,9260000
2018-06-27,51.04368827062358,51.22909658203896,50.172253646649146,50.18152618408203,13700800
2018-06-28,50.232509973046234,50.69140151410662,49.96829926317067,50.57551956176758,11947800
2018-06-29,50.941701611995185,51.15028768975119,50.654313127222856,50.6635856628418,11481400
2018-07-02,50.29740242392894,50.747024954469076,50.16297893794215,50.733116149902344,13797400
2018-07-03,50.96952213737225,50.96952213737225,50.39474859159273,50.47818374633789,5818600
2018-07-05,50.77020091320186,50.81655298732515,50.32057836768918,50.728485107421875,7576600
2018-07-06,50.74703207955811,51.20128740562999,50.62651384478035,51.12712478637695,10370000
2018-07-09,51.44695453388726,51.74824834046877,51.33570884127326,51.73897933959961,7461400
2018-07-10,51.84093956217521,51.90120043032035,51.60917569745926,51.85021209716797,6359200
2018-07-11,51.52575596740408,51.8409515010281,51.48403662320066,51.729705810546875,8864400
2018-07-12,51.92438318835673,52.11443128599979,51.69725555398521,52.07271194458008,5828400
2018-07-13,52.10516701527338,52.27203378678844,52.02173186129744,52.1885986328125,11044000
2018-07-16,52.31838607788086,52.40182122655776,52.11906897473253,52.31838607788086,6192600
2018-07-17,51.77605475648643,52.485255273572285,51.669445341014935,52.3693733215332,8143800
2018-07-18,52.33692169189453,52.52232996891652,52.17005141342578,52.33692169189453,12812200
2018-07-19,52.221032599008595,52.517690045340785,52.17931326688665,52.21639633178711,7219400
2018-07-20,52.22104985451305,52.299848741137396,51.96610811962618,51.984649658203125,6661000
2018-07-23,51.97537200163722,52.03099661188957,51.64626768129297,51.929019927978516,6738400
2018-07-24,52.24422615376137,52.327661312378495,51.65554731094502,51.77606201171875,9651200
2018-07-25,51.63236185723744,52.17468853972509,51.47939683301687,52.15614700317383,12540000
2018-07-26,52.10051851503559,52.28129405013692,51.77141424507071,51.882659912109375,11604000
2018-07-27,52.56869145626429,52.642854068083544,51.51648133061318,51.74824523925781,13097600
2018-07-30,51.75288053850237,51.83631568550948,51.19201231445764,51.3357048034668,13132400
2018-07-31,51.48403230530871,51.7899623490201,51.21055260238772,51.57673645019531,12309400
2018-08-01,51.62773058825929,51.674086202344455,51.099309122907314,51.32180404663086,10437200
2018-08-02,51.080753807861704,51.711151795881044,51.001954943468256,51.674072265625,8723000
2018-08-03,51.77604596296962,51.91974196386994,51.67870556416123,51.85021209716797,6571800
2018-08-06,51.88266549491434,52.25348914019349,51.73433674408996,52.1978645324707,7250600
2018-08-07,51.882679357881635,52.51771387076053,51.882679357881635,52.43891143798828,6441000
2018-08-08,52.41572321935559,52.57795723818888,52.31374653996427,52.49452209472656,5458000
2018-08-09,52.47597900277401,52.874613172336254,52.37863859436038,52.68920135498047,11075000
2018-08-10,52.39718434936282,52.49452476561542,52.114432100822945,52.24885559082031,9892400
2018-08-13,52.397189166338684,52.4435412445626,51.970744388379636,51.984649658203125,11969400
2018-08-14,52.29058154213569,52.56406484352025,52.114442212327454,52.489898681640625,8380600
2018-08-15,52.21639942779149,52.21639942779149,51.54428209825367,51.85021209716797,12503600
2018-08-16,52.19786390150248,52.36009791818738,52.049535152471094,52.105159759521484,7680200
2018-08-17,52.04953927457635,52.24422011001613,51.79923382768093,52.15151596069336,6022400
2018-08-20,52.3276542209125,52.55014912588458,52.18396173138177,52.522335052490234,13138600
2018-08-21,52.67529963726401,53.115649638776794,52.65212183236902,52.939510345458984,8342600
2018-08-22,52.94414791811035,53.25471070731013,52.93487538134931,52.99513626098633,5514800
2018-08-23,53.03685316824961,53.23153400703441,52.84680859794158,52.944149017333984,7989000
2018-08-24,53.04612504593691,53.31960476324481,52.96268989657513,53.25471115112305,10518600
2018-08-27,53.51892221839503,53.68115624976151,53.467933874760334,53.597721099853516,6032000
2018-08-28,53.736777248427416,53.773860320656645,53.51428235148842,53.70433044433594,7619400
2018-08-29,53.84803159161417,54.344006269053004,53.741422162349586,54.30692672729492,16623600
2018-08-30,54.21884422198715,54.306915630595284,53.810937518064215,53.9963493347168,8843600
2018-08-31,53.95927754626389,54.316192426994505,53.95927754626389,54.20957946777344,8208600
2018-09-04,54.153967604261716,54.436719917655736,53.93610891658724,54.31156539916992,8907000
2018-09-05,54.26983521762909,54.27910421751931,53.69042547248811,53.727508544921875,14229800
2018-09-06,53.871191133577085,54.03806139243748,53.342769825997784,53.579166412353516,11185000
2018-09-07,53.32887383556135,53.908283575033174,53.21299188766699,53.57454299926758,8921600
2018-09-10,53.940727395351885,53.97780692893543,53.630161104481736,53.77385711669922,8109800
2018-09-11,53.657989191847015,54.24203178325976,53.565281492580375,54.204952239990234,9776000
2018-09-12,54.214219031807254,54.33937353660636,53.8526678604978,54.30692672729492,9145600
2018-09-13,54.510877199647766,54.57577081900296,54.28374953190457,54.39963150024414,9428800
2018-09-14,54.39962445105185,54.5016011358063,53.973179711566516,54.19567108154297,6206400
2018-09-17,54.116863061190294,54.126132059858456,53.47719606000794,53.5235481262207,10358400
2018-09-18,53.565281492580375,54.265209592185705,53.56064875994489,54.204952239990234,7336400
2018-09-19,54.274474789347195,54.35790994461995,54.0009950526646,54.22812271118164,6347400
2018-09-20,54.47843119332034,54.68238459226537,54.37182176128058,54.59894943237305,9669600
2018-09-21,54.859761716491114,54.89695562656352,54.339057616497,54.3576545715332,16075000
2018-09-24,54.17633384874496,54.17633384874496,53.804405422301684,54.00431823730469,9682800
2018-09-25,54.13448156085416,54.2693067831582,54.013603163787536,54.232112884521484,8213600
2018-09-26,54.21818272927144,54.75748023729526,54.15774173865217,54.3576545715332,13460200
2018-09-27,54.36694390229192,54.68308498039355,54.27860927036468,54.543609619140625,10619200
2018-09-28,54.441340481127874,54.73423809664362,54.43669035549886,54.49713134765625,7007800
2018-10-01,54.81790642999297,54.92018433457274,54.32974624633789,54.32974624633789,15697800
2018-10-02,54.33905234988603,54.34835260000598,53.58124512739263,53.595191955566406,18354000
2018-10-03,53.86019565869082,53.90668627114375,53.3906323148016,53.41387939453125,18323200
2018-10-04,53.31159773056449,53.372038718845474,52.400368251082575,52.57703399658203,25919800
2018-10-05,52.6049230981195,52.809482470079864,51.76342789319417,52.18185043334961,14858600
2018-10-08,51.98658917702154,52.52124001803368,51.73088552136177,52.31667709350586,14513000
2018-10-09,52.251584596179946,52.83737611295326,52.12140949178711,52.16324996948242,11788200
2018-10-10,52.14001932267542,52.14001932267542,50.33150714628759,50.40589141845703,27433200
2018-10-11,50.08510472189961,50.78247457933789,49.08089042462537,49.51791000366211,57205800
2018-10-12,50.65229070499431,50.777819252799404,49.81079896491859,50.43378448486328,30356400
2018-10-15,50.42449016337481,50.74063131208276,50.080455354988885,50.317562103271484,15614600
2018-10-16,50.63368884100004,51.43333641590075,50.36868496145629,51.32640838623047,14863200
2018-10-17,51.32641974441001,51.32641974441001,50.39194318729563,50.90334701538086,20077400
2018-10-18,50.79642150487333,50.847562244942544,49.773610250495466,49.927032470703125,24972600
2018-10-19,50.01535669718856,50.20596924107816,49.271496378950275,49.43886184692383,17171800
2018-10-22,49.67132246725539,49.89448235442171,49.36913173774698,49.63877868652344,13837600
2018-10-23,48.87632509248401,49.83404872884647,48.57878091817907,49.6480827331543,21024000
2018-10-24,49.6341320813321,49.91772940484328,48.090620465880704,48.16500473022461,23591000
2018-10-25,48.64386532483778,49.88983280393218,48.536937278489845,49.62018585205078,20865600
2018-10-26,48.36956177641752,48.81587794916925,47.56526051238206,48.07666778564453,36563600
2018-10-29,48.5834251031643,49.06228508929177,46.95157892232699,47.65359878540039,28612600
2018-10-30,47.51878713972216,48.420720061055384,47.370015028193606,48.36957931518555,28886600
2018-10-31,49.03905168873121,49.50396494364256,48.871682633202596,48.992557525634766,18208600
2018-11-01,49.18782093739508,50.04790969972722,48.95536432341308,49.99211883544922,13811600
2018-11-02,50.443085420528945,50.81036729761873,49.66668117824106,50.19668197631836,15825200
2018-11-05,50.2338784858467,50.35940350367467,49.70387766033902,50.266422271728516,9395600
2018-11-06,50.19668417645515,50.60580655958521,50.14554343518807,50.48957824707031,9558800
2018-11-07,51.00096897601444,51.8796545085366,50.78710936171332,51.85641098022461,12817600
2018-11-08,51.642558669913335,52.14001564782005,51.493786589053556,51.870365142822266,8754000
2018-11-09,51.65184916918523,51.72623697418341,50.90333872966848,51.149742126464844,10515800
2018-11-12,51.03816726316918,51.19623958549929,50.02000628526689,50.12228775024414,12046800
2018-11-13,50.2013262659658,50.591851630937974,49.88518516465239,50.09904479980469,15826000
2018-11-14,50.57790377058994,50.894044865449,49.58298987879944,49.72246170043945,16583000
2018-11-15,49.30869452499061,49.76896116240516,48.4393090816647,49.6480827331543,21697000
2018-11-16,49.173861472000624,49.592284009230234,48.918161372086715,49.45281219482422,11461800
2018-11-19,49.33659030590108,49.48071226357472,48.10456961038229,48.244041442871094,13359400
2018-11-20,46.75167880771402,48.25800040506066,46.63545048645618,47.15150451660156,23986000
2018-11-21,47.61175858872772,48.04412442395095,47.52342395296937,47.64430236816406,17474600
2018-11-23,47.39324101489482,47.723328879569024,47.39324101489482,47.4304313659668,5456000
2018-11-26,48.030188659956714,48.574139880124285,47.951154255550115,48.49510192871094,11708000
2018-11-27,48.3230762775753,48.690358109436936,48.17895078215744,48.639217376708984,12052400
2018-11-28,48.91351508832342,50.08509828456212,48.66246154627227,50.07579803466797,12683000
2018-11-29,50.01536480955462,50.154836646655525,49.55045159187222,49.843345642089844,9949800
2018-11-30,49.82473833207881,50.257107676539285,49.68991310133247,50.20596694946289,11343000
2018-12-03,51.2380808565719,51.419396712000804,50.81501170957313,51.14509963989258,11989000
2018-12-04,50.99166450090389,51.16368360981735,49.17385273594369,49.30403137207031,19417400
2018-12-06,48.411413656472256,49.54115295410156,48.12781630069242,49.54115295410156,22323800
2018-12-07,49.31798919765283,49.82474284291751,47.93719653559263,48.058074951171875,18691400
2018-12-10,48.006937155076876,48.33702509545357,47.11895125660788,48.09526824951172,19796400
2018-12-11,48.811238551622324,48.941413687240065,47.7651837942572,48.113868713378906,15930000
2018-12-12,48.629905984083045,49.20175061582638,48.532274665883975,48.620609283447266,14373400
2018-12-13,48.81587996262579,48.946055075005205,48.12316037346063,48.37886047363281,12216600
2018-12-14,47.87675632064774,48.40210688756682,47.42113988654547,47.574562072753906,12277200
2018-12-17,47.23516889334181,47.44438191053355,46.02174545344793,46.36578369140625,23857400
2018-12-18,46.64473575127073,47.20263009525112,46.398332356895956,46.72842025756836,17377800
2018-12-19,46.74701839861982,47.574563233625746,45.547541626821975,45.80324172973633,28061600
2018-12-20,45.52894798410268,45.74280762184827,44.1806990490051,44.775787353515625,35375200
2018-12-21,44.965279002595814,45.63737900263271,43.658422243633716,43.761104583740234,26736200
2018-12-24,43.359716423931225,43.94313563426155,42.81363689768003,42.930320739746094,16878000
2018-12-26,43.299030000867795,45.48801958546287,43.215017508725985,45.47401809692383,23489800
2018-12-27,44.862601443534516,45.71672439575195,43.90112423713049,45.71672439575195,21520000
2018-12-28,45.92675827477228,46.43083329776011,45.320000907000846,45.72139358520508,16656400
2018-12-31,46.10411704621884,46.3981625940607,45.76340223672691,46.21146774291992,12430600
2019-01-02,45.422676783838554,46.82288260770646,45.175307658033766,46.5615119934082,13681600
2019-01-03,46.20678618238458,46.31880163668183,45.4740120388982,45.5533561706543,12692000
2019-01-04,46.16945459139868,47.40630383706126,46.076108956631124,47.06092071533203,14538200
2019-01-07,47.284958839300074,48.433127413548924,47.261624207520676,48.125083923339844,12526200
2019-01-08,48.62447513104891,48.91851703632552,47.96637676473974,48.65714645385742,18782000
2019-01-09,48.77384424282882,49.119227405962995,48.470465552103285,48.9045295715332,10325200
2019-01-10,48.297768200364885,48.82517778330025,48.10173667704674,48.764503479003906,9520000
2019-01-11,48.605815436582255,48.96986841266698,48.51713458721007,48.811180114746094,6065200
2019-01-14,48.42378558744721,48.871851031598055,48.18574959618009,48.51246643066406,5896200
2019-01-15,48.521814286205654,49.04455924338419,48.44713846998512,48.951210021972656,7533600
2019-01-16,48.969872952687616,49.2359119645609,48.81118464005466,48.83918762207031,8987800
2019-01-17,48.591808204090086,49.31524928146226,48.512464064506865,49.17055892944336,8792000
2019-01-18,49.660637749853535,50.062030401759976,49.49261275319931,49.85199737548828,11596200
2019-01-22,49.62798874773132,49.74467262785244,48.69918249811245,49.10524368286133,18487400
2019-01-23,49.319923277703055,49.49728498859758,48.64315844871278,49.20323944091797,12208600
2019-01-24,49.2359141108332,49.459948659449026,49.10056042367694,49.408607482910156,7930400
2019-01-25,49.912688360828646,50.13671937463298,49.83334063090204,49.95469284057617,8785600
2019-01-28,49.46460216682622,49.66996325044807,49.17989338633166,49.66529846191406,11802000
2019-01-29,49.52995657073111,49.618633865718344,49.039883029394204,49.34326171875,5764600
2019-01-30,49.735313492343096,50.45875464718053,49.69797737383436,50.31406784057617,11800400
2019-01-31,50.388746284364444,50.944162471899574,50.160046967517985,50.77146911621094,11198000
2019-02-01,50.33739367988986,50.524088483465164,49.92199961141108,50.02935028076172,11272800
2019-02-04,49.959350962102015,50.37941347810756,49.88933994928309,50.356075286865234,7209600
2019-02-05,50.51008876316272,50.91148135857254,50.51008876316272,50.82746887207031,8324600
2019-02-06,50.841481432515266,50.97216675977926,50.41675055799918,50.61744689941406,5831800
2019-02-07,50.25805113709487,50.37940329739753,49.78664754434426,50.20204162597656,9042400
2019-02-08,49.88934634859013,50.00603019795271,49.64197715768683,50.00136184692383,6646600
2019-02-11,50.16937099330015,50.29072315527645,50.015351067188426,50.09002685546875,6115800
2019-02-12,50.41209145708369,50.91616298185361,50.323410591758275,50.86015701293945,7753400
2019-02-13,51.0701669885863,51.31753608578411,50.9488183950712,51.20552062988281,6961200
2019-02-14,50.799470803725306,51.29421266711015,50.55210165248684,51.018836975097656,8334600
2019-02-15,51.33621371231624,51.476235724121906,51.19619526141825,51.3688850402832,7221000
2019-02-19,51.21019335917701,51.732934572031496,51.21019335917701,51.578914642333984,9838800
2019-02-20,51.61159908835776,51.8029587421641,51.1588652007726,51.681610107421875,13203400
2019-02-21,51.5602448046024,51.732934572031496,51.3828831266061,51.578914642333984,5986800
2019-02-22,51.70494330191661,51.8823050200677,51.62559914427441,51.85896682739258,14216600
2019-02-25,52.167012358464625,52.232358588329966,51.658272498598585,51.686275482177734,7982800
2019-02-26,51.48090686404098,51.83095835161812,51.44356718408153,51.75627899169922,14350400
2019-02-27,51.70027089436983,51.86829589790294,51.37355758800431,51.71894073486328,6204400
2019-02-28,51.5322491959003,51.583586805867455,51.20553233024888,51.438899993896484,8106800
2019-03-01,51.85896598858062,52.0643306858935,51.513582820206565,51.85429763793945,9712000
2019-03-04,52.07833205838004,52.167009354911166,51.312886356748216,51.690940856933594,11317600
2019-03-05,51.87296974712915,52.040994768474015,51.74228441072943,51.82162857055664,10298600
2019-03-06,51.87295657456463,52.0923227167764,51.555576454942646,51.578914642333984,7539200
2019-03-07,51.46690317548741,51.53224939759983,50.790138372623645,50.953495025634766,14152600
2019-03-08,50.626784567525384,50.626784567525384,50.24873006916035,50.59878158569336,11613600
2019-03-11,50.77147882884174,51.34089661559646,50.75280898458156,51.29422378540039,9124400
2019-03-12,51.37355733294779,51.51357935549954,51.163527860028125,51.438899993896484,17268000
2019-03-13,51.588266010063904,51.9243160861647,51.52759168667687,51.62093734741211,9703800
2019-03-14,51.55092765180859,51.5789341994789,51.350231271230506,51.466915130615234,9803400
2019-03-15,51.722157982900384,51.83924001124048,51.43647754790575,51.797088623046875,10856000
2019-03-18,51.820490484923745,52.34033481636309,51.820490484923745,52.29818344116211,10971000
2019-03-19,52.480836843241356,53.00068123193411,52.34970556916737,52.560455322265625,14033400
2019-03-20,52.532343259862635,52.892957768312165,52.134265232388344,52.6353759765625,19898800
2019-03-21,52.56513012059576,53.39875333183109,52.56513012059576,53.356605529785156,11463000
2019-03-22,53.024093222342124,53.22079011178975,52.2841341737814,52.29818344116211,17517800
2019-03-25,52.18578106743949,52.8461215867583,52.13426470960614,52.607276916503906,14923200
2019-03-26,52.91170313749421,53.18801496396895,52.55108854846521,52.83208465576172,10881400
2019-03-27,52.874230046156754,53.117759025405,52.41058634299741,52.724365234375,8855400
2019-03-28,52.91637705166333,53.26294232679312,52.76651224214142,53.04282760620117,13856600
2019-03-29,53.3097725861807,53.41748601615234,53.17864132896717,53.31913757324219,9199800
2019-04-01,53.75000716486957,53.92328982463697,53.58141235898211,53.90455627441406,9955400
2019-04-02,53.89518356323242,53.94201564554948,53.717216648145204,53.89518356323242,7263600
2019-04-03,54.20897049322268,54.47591733242676,54.04505639424814,54.2745361328125,8422600
2019-04-04,54.31667417663148,54.724117183596256,54.31667417663148,54.714752197265625,6147800
2019-04-05,54.850578299529595,55.08474230658744,54.71007846607122,55.037906646728516,5893400
2019-04-08,54.93020515063392,55.25335269403091,54.864639500243214,55.234619140625,6462800
2019-04-09,55.04727646461509,55.04727646461509,54.644514077436085,54.73817825317383,8912800
2019-04-10,54.86931884529376,55.000450134277344,54.61173697546199,55.000450134277344,6813600
2019-04-11,55.06130991058141,55.094092719974675,54.92081011429124,55.070674896240234,4330800
2019-04-12,55.262702326133535,55.51091558692589,55.16435387787953,55.412567138671875,9077600
2019-04-15,55.435991110814996,55.55307312024414,55.18777424945533,55.52497100830078,4865400
2019-04-16,55.69357470287826,55.84812382760849,55.65142689052986,55.76850891113281,6029000
2019-04-17,55.92773325828471,56.086966648677006,55.83875336103487,55.876216888427734,5562200
2019-04-18,55.99329082051514,56.00734008789328,55.6888804991652,55.85747528076172,6142600
2019-04-22,55.66077778284955,55.8340604157562,55.46876517568271,55.646728515625,5529600
2019-04-23,55.82001767309955,56.424161245782585,55.7778662934402,56.31175994873047,8199400
2019-04-24,56.32580652338025,56.62085544770503,56.32580652338025,56.36327362060547,4362800
2019-04-25,56.31644677936571,56.34454531837142,55.83406947011761,56.068233489990234,5640200
2019-04-26,56.28366190145263,56.51314163208008,55.92773160380447,56.51314163208008,8473800
2019-04-29,56.536555308423615,56.54123958876224,56.22277641385695,56.31644058227539,7400000
2019-04-30,56.26023430580618,56.278967852226465,55.801274924214525,56.23213577270508,8679600
2019-05-01,56.325800523509464,56.330484803428405,55.548377990722656,55.548377990722656,9123000
2019-05-02,55.57648112764593,55.815329400474916,55.192452322832146,55.59053039550781,20816600
2019-05-03,56.11506546764804,56.35391376789928,55.94646708783062,56.24619674682617,7005800
2019-05-06,55.27207404686733,55.997983942532976,55.239291226789106,55.904319763183594,7628000
2019-05-07,55.56243574171973,55.67951774616082,54.65387824387791,55.056640625,13157000
2019-05-08,54.96766115926023,55.40320636209443,54.79906278570768,55.075374603271484,14305400
2019-05-09,54.64919331839008,55.03790282760827,54.22301314004935,54.8505744934082,12766000
2019-05-10,54.71477578974702,55.169054643421106,53.909250841755046,54.930206298828125,13641600
2019-05-13,53.820251839000846,53.94201811705134,53.12244413324577,53.29572677612305,15284200
2019-05-14,53.543936133850934,54.096563265543104,53.2863543285059,53.83429718017578,9191800
2019-05-15,53.50179270290994,54.30731747951705,53.39875996547517,54.19960403442383,8313600
2019-05-16,54.424398721809574,55.023858015129456,54.33073454712555,54.700714111328125,7231800
2019-05-17,54.2370655552727,54.97234038615988,54.2370655552727,54.28390121459961,7349000
2019-05-20,54.08720758271518,54.08720758271518,53.72659654243572,53.89987564086914,7076800
2019-05-21,54.05910566372319,54.41503597368175,53.87177373358398,54.2745361328125,7320600
2019-05-22,53.84366704395174,54.26516292969542,53.661019422305955,53.71721649169922,7890800
2019-05-23,53.29104862057097,53.32383144076861,52.79462203670408,53.05220031738281,9913000
2019-05-24,53.342562710756866,53.431542605740894,52.90233322430173,53.1224479675293,5265000
2019-05-28,53.27230908113937,53.572038710124794,52.73841545619289,52.77119827270508,8236000
2019-05-29,52.480846542604574,52.52768221176638,51.961002057835614,52.30288314819336,9537400
2019-05-30,52.4761541356123,52.8227158571792,52.46678557464451,52.644752502441406,7795200
2019-05-31,51.99377379727511,52.20920782492091,51.806445452806116,51.9563102722168,8504400
2019-06-03,51.82986185151038,52.01250949605804,51.24913609892446,51.52076721191406,16131200
2019-06-04,51.984402584095356,52.93510775335834,51.53480817970266,52.91637420654297,11479000
2019-06-05,53.220797710503625,53.28636334968078,52.65412121586718,53.17864990234375,10517200
2019-06-06,53.17865547678391,53.58141791569695,52.958540705161695,53.45028305053711,7319600
2019-06-07,53.68443692126941,54.386928915610824,53.600137739026074,54.22301483154297,8089800
2019-06-10,54.569575029790016,55.16903784964973,54.532111506659184,54.681976318359375,7459800
2019-06-11,55.11753358099901,55.36574689487269,54.66325476592011,54.89273452758789,10059000
2019-06-12,54.873993087520994,55.08942354733224,54.75691108285885,54.87867736816406,5585800
2019-06-13,55.080057709894575,55.450037267689815,55.04727489201698,55.37042236328125,7692400
2019-06-14,55.3610524170731,55.60458497783591,55.248654697598994,55.492183685302734,5094400
2019-06-17,55.59521319492177,55.70293020075859,55.45003266680416,55.51559829711914,5364800
2019-06-18,55.90899353332466,56.30239089850652,55.75912872112656,55.937095642089844,8797600
2019-06-19,55.9933025794542,56.1478516991877,55.61395798834436,56.040138244628906,6130600
2019-06-20,56.49908673351498,56.5693366445202,55.988610954790964,56.428836822509766,8377200
2019-06-21,56.36493161750362,56.51531314617835,56.162856102217724,56.16755294799805,10442400
2019-06-24,56.19104089384628,56.26153300638549,55.847981191690266,55.86677932739258,5780400
2019-06-25,55.979585652667524,56.05947506535933,55.24647247246235,55.33106231689453,6394200
2019-06-26,55.53313854292168,55.7305136539077,55.44854869744496,55.5096435546875,4876200
2019-06-27,55.70231320518249,55.91848643846754,55.60832608997286,55.85739517211914,3909000
2019-06-28,55.94198098271343,56.13465563063617,55.92318284394906,56.01716995239258,13327400
2019-07-01,56.72678188101767,56.985251795586436,56.270936896439046,56.5106086730957,8289400
2019-07-02,56.44011520654231,56.66098884002046,56.21924157306415,56.63279342651367,18017000
2019-07-03,56.80198171584097,57.12623977661133,56.69389330533174,57.12623977661133,3619200
2019-07-05,56.85366850414656,57.24371821395132,56.698586555163715,57.19202423095703,6755000
2019-07-08,57.013446969852986,57.309509573621945,56.957052556353965,57.262516021728516,10149200
2019-07-09,57.04165131625796,57.39880882025724,56.98056004776784,57.3236198425293,3866600
2019-07-10,57.57268077081612,57.6149738925333,57.22492059382086,57.5303840637207,4770000
2019-07-11,57.72306930108043,57.831154126626146,57.520993773561614,57.64787673950195,3952400
2019-07-12,57.80764733941693,58.324583545917164,57.80764733941693,58.31048583984375,4975200
2019-07-15,58.43737926997123,58.52666953830194,58.20240789889344,58.49847412109375,3993200
2019-07-16,58.413877717676314,58.55485837324793,58.23999763188864,58.423274993896484,4103400
2019-07-17,58.35278503470215,58.43737486532945,57.864044189453125,57.864044189453125,4599200
2019-07-18,57.74655217359347,57.90163411028232,57.40349604314859,57.788848876953125,4634400
2019-07-19,57.96742480764514,58.047314197168255,57.37529606834292,57.40819549560547,4128200
2019-07-22,57.50689276914034,57.60087988034877,57.22022741896262,57.44110107421875,4034000
2019-07-23,57.7747668450519,57.83115768432617,57.35181762360035,57.83115768432617,4858200
2019-07-24,57.58678221000772,58.12721706325713,57.57738134765362,58.12251663208008,4233400
2019-07-25,57.93453209629577,58.10371174523815,57.704261190660105,57.798248291015625,4799000
2019-07-26,57.88284753081536,58.10842162789018,57.690172868132315,58.06142807006836,4280400
2019-07-29,57.91574473762583,58.0144322869789,57.572688530643056,57.77946090698242,4410800
2019-07-30,57.38471149469925,57.558591609011984,57.29542122175774,57.38941192626953,4329000
2019-07-31,57.37059424688253,57.39878965594428,56.2098354354732,56.73147201538086,8603400
2019-08-01,56.839575581663546,57.39880861529164,55.75870938120518,55.960784912109375,13263600
2019-08-02,55.76810372785034,55.847993132633086,55.28406328250028,55.50023651123047,11100400
2019-08-05,54.56034924397411,54.56504967509463,53.61576336994145,54.01051712036133,13781600
2019-08-06,54.38176411591745,54.90340074505588,54.0763006758686,54.832908630371094,8895600
2019-08-07,54.25957917286332,55.12427553292693,53.97291386301302,55.05378341674805,11689800
2019-08-08,55.41095346316209,56.125264892533885,55.35925947188229,56.115867614746094,9338400
2019-08-09,55.946688455544724,56.07357142645159,55.274670147991884,55.58953094482422,7952800
2019-08-12,55.20887289775153,55.24176874507876,54.55095236582856,54.78122329711914,6402600
2019-08-13,54.70133129921669,56.15815296018775,54.518053932034626,55.683509826660156,9262600
2019-08-14,54.72952537941564,54.81881563805244,53.91182610074546,53.94002151489258,12812400
2019-08-15,54.268983186856694,54.34887258332453,53.399586345769364,53.850730895996094,10104000
2019-08-16,54.240784838117264,54.56974687488418,54.0810060432651,54.4616584777832,7960600
2019-08-19,55.20886476785991,55.34984541333972,54.978590285100395,55.147769927978516,6224400
2019-08-20,55.13837406691187,55.509629204675115,55.03968653693096,55.161869049072266,6534200
2019-08-21,56.08296517545531,56.22394943237305,55.95138178120066,56.22394943237305,9338000
2019-08-22,56.36493128165123,56.51531280942991,55.85269184975053,56.23804473876953,5904200
2019-08-23,55.80569717629874,56.08766208706121,54.513354715373936,54.74362564086914,15269800
2019-08-26,55.15718228067686,55.28876567802405,54.7624285032566,55.28406524658203,6904800
2019-08-27,55.50022684496979,55.5801162358385,54.931596662598075,55.0114860534668,6696200
2019-08-28,54.93630028231213,55.73990183886363,54.79531604345967,55.69760513305664,7782400
2019-08-29,56.336736155739004,56.64690009489456,56.162859631102116,56.534114837646484,5874600
2019-08-30,56.65629689288532,56.773782580593114,56.073568885760686,56.19575500488281,6814800
2019-09-03,55.9278842969088,56.31323718517388,55.725808783222334,55.965476989746094,8645000
2019-09-04,56.2521446828089,56.57170589021346,56.007776034971805,56.52001190185547,8345000
2019-09-05,57.05105131962486,57.65727790536692,57.05105131962486,57.60088348388672,7343200
2019-09-06,57.671367315673166,57.887540522172614,57.54918121273759,57.741859436035156,6986800
2019-09-09,57.939231610989154,58.11311168781393,57.746553397314834,57.96272659301758,6518600
2019-09-10,57.70426079443795,57.77944975713048,57.15442873183962,57.73245620727539,7301200
2019-09-11,57.71835574750264,57.95802750132188,57.464586287937195,57.84054183959961,6817800
2019-09-12,58.11781311035156,58.45617242953652,57.97683245094335,58.11781311035156,6686400
2019-09-13,58.26350225006846,58.34339165505853,57.95333832192551,58.00033187866211,4029400
2019-09-16,57.619670359339544,57.66666390869614,57.196721244374224,57.2578125,6802600
2019-09-17,57.159135426916215,57.624381331174966,57.00875389023888,57.60558319091797,4488400
2019-09-18,57.51158181863583,57.65256605171505,57.01814417361454,57.57737350463867,5939200
2019-09-19,57.69956673059763,57.7700588558476,57.39880367588429,57.42230224609375,4519200
2019-09-20,57.53263026364556,57.678798222595056,56.75936783852641,56.76408386230469,7540600
2019-09-23,56.613209800302926,57.127148531375795,56.537771397785036,56.962120056152344,4475000
2019-09-24,57.25444018640406,57.41946502912446,56.22185051766939,56.3538703918457,10708800
2019-09-25,56.58019302665373,56.95267972908515,56.13698036348464,56.8678092956543,6508800
2019-09-26,56.86309408935525,56.9998299894736,56.363303528232336,56.62262725830078,6040800
2019-09-27,56.80652513791033,56.839530112286845,56.12284552972193,56.42460632324219,7114000
2019-09-30,56.542477090738,56.98568979353985,56.51890416656538,56.910247802734375,4988400
2019-10-01,57.0422699874308,57.25444428651243,56.41517194291375,56.43403244018555,7271600
2019-10-02,56.10869144720474,56.10869144720474,55.14211171025594,55.4202995300293,11009000
2019-10-03,55.34957844736268,55.69377623492138,54.675330943464495,55.68906021118164,14463200
2019-10-04,55.82107422526681,56.250142408641715,55.75506428894325,56.21242141723633,6374000
2019-10-07,56.05682583644846,56.325581608873605,55.81635900935066,55.96723937988281,5521200
2019-10-08,55.54289711153178,55.98610622678113,55.368440201922354,55.37786865234375,5886200
2019-10-09,55.7692146318523,56.047402476160336,55.60418977367233,55.849369049072266,6094600
2019-10-10,55.9012263150778,56.415164909159046,55.863508922508785,56.22184753417969,6548600
2019-10-11,56.80180147113639,57.35345751032139,56.79236942414223,56.85837936401367,10630800
2019-10-14,56.797092224612484,56.94325659501487,56.67921680402415,56.83009719848633,3151000
2019-10-15,57.01398971608695,57.46191852885404,56.97626871342329,57.32989501953125,5111000
2019-10-16,57.34403292366786,57.62221717511324,57.32045640186611,57.565635681152344,6145600
2019-10-17,57.87211503684209,57.95227305614867,57.60807524789523,57.716522216796875,4612000
2019-10-18,57.57035424879459,57.79196061334323,57.36760838306629,57.60335922241211,4069600
2019-10-21,57.8956815779263,58.06542244077645,57.64578630686126,57.806095123291016,4506200
2019-10-22,57.744804564881356,57.758949038061864,57.41475126915785,57.43832778930664,5203600
2019-10-23,57.372319528234115,57.372319528234115,56.74993750917847,57.17428970336914,3773800
2019-10-24,57.278031042335414,57.32989292250992,56.98569867829427,57.1460075378418,4405200
2019-10-25,56.44818365532322,57.25916714850448,56.3161637559258,57.079994201660156,5472600
2019-10-28,57.22616174292836,57.40533109115166,57.14129129434418,57.2591667175293,3823400
2019-10-29,57.26859219934946,57.30159717223917,56.91496594812876,56.9338264465332,4341400
2019-10-30,56.900817684691496,57.292164906661775,56.665066866242704,57.28744888305664,5615400
2019-10-31,57.282736885779386,57.35817887967628,56.716936320641715,56.98097610473633,6074000
2019-11-01,57.27330674306817,57.37703768297559,57.14599928144646,57.358177185058594,6429600
2019-11-04,57.52791509370876,57.603353484202955,57.28744825429409,57.3864631652832,9531800
2019-11-05,57.43832376781722,57.598636179606665,57.24029396261113,57.47132873535156,4309000
2019-11-06,57.537346944242266,57.5467789919065,57.26859114216668,57.532630920410156,7188600
2019-11-07,57.6599400890689,57.72595003558293,57.122428469013315,57.188438415527344,7665400
2019-11-08,57.28745524159666,57.3063157408386,56.98569444827046,57.212013244628906,4146000
2019-11-11,56.957414382909214,57.11300723069964,56.8866883990374,57.094146728515625,3725400
2019-11-12,57.13657761496575,57.34875194649725,56.93854775923334,57.05642318725586,4389000
2019-11-13,56.910251830684814,57.01398277674807,56.731082485748885,56.87724685668945,4692600
2019-11-14,56.919679227862964,57.21200794585756,56.839524811462645,57.1224250793457,3960200
2019-11-15,57.39589902857761,57.44776090202512,57.098850678587915,57.226158142089844,4240000
2019-11-18,57.24030134979564,57.42890273030555,57.07527649082651,57.42418670654297,4687400
2019-11-19,57.22144573916137,57.25445071377407,56.65092912241473,56.79237747192383,6033800
2019-11-20,56.94796708563117,57.03755354770064,56.39159501062413,56.66035079956055,8562600
2019-11-21,56.70750000849323,56.811230943664995,56.31615638571608,56.33972930908203,4877400
2019-11-22,56.56133927253181,56.74522463400512,56.44817988022645,56.72636413574219,4476000
2019-11-25,56.98569128668681,57.23558659255151,56.94325426642876,57.226158142089844,7334000
2019-11-26,57.207299958656485,57.655225117790444,57.160150509895914,57.61750411987305,7252200
2019-11-27,57.7966816861241,58.13616350000067,57.725955708687714,58.112586975097656,8426000
2019-11-29,58.15029819665221,58.178587143960236,57.67408053242552,57.735374450683594,3510200
2019-12-02,57.77781786008932,57.834399358236254,57.14129129434418,57.2591667175293,7083400
2019-12-03,56.749939387165455,56.77822833529031,56.36802419839141,56.683929443359375,8946200
2019-12-04,56.905525648810546,57.20257034296789,56.877233108458775,56.99982452392578,5658200
2019-12-05,57.2120006940963,57.2120006940963,56.82065711180999,56.94324493408203,4704600
2019-12-06,57.36289066585438,57.542059992214746,57.35817464226616,57.40060806274414,5031000
2019-12-09,57.35816936055832,57.67879058686555,57.287443402335676,57.47132873535156,3577600
2019-12-10,57.4902051424861,57.59865212141235,57.29217528247051,57.37232971191406,4360000
2019-12-11,57.32989224542441,57.551498628759184,57.221448864604824,57.51849365234375,4099400
2019-12-12,57.622211713981486,58.16443928858275,57.55148575255144,58.022987365722656,9226200
2019-12-13,58.01827409923904,58.17386689540521,57.77780727276875,58.074851989746094,7124800
2019-12-16,58.37662867158473,58.46621515238099,58.23518030941843,58.3294792175293,7293600
2019-12-17,58.42847847604475,58.66422928035152,58.40490555397715,58.58879089355469,6819000
2019-12-18,58.749105237306814,58.80097070691237,58.53693093239109,58.6453742980957,5278200
2019-12-19,58.60293539262647,58.87640718909064,58.52278098247132,58.829254150390625,6493000
2019-12-20,59.05160264176097,59.05160264176097,58.84818834403916,58.91914749145508,6673600
2019-12-23,59.04685833307016,59.05631786642352,58.78194808959961,58.78194808959961,6328400
2019-12-24,58.86237698683127,58.98537259659294,58.78195830738911,58.91441345214844,3296200
2019-12-26,59.0894454980071,59.63345718383789,59.02794588859068,59.63345718383789,5035800
2019-12-27,59.82740966873335,59.95040527376905,59.55303624562751,59.628726959228516,5917400
2019-12-30,59.68076262743481,59.74699019638742,59.117824682205786,59.245548248291016,6677400
2019-12-31,59.146215921363265,59.359093376169014,59.061065661267435,59.33070755004883,3567400
2020-01-02,59.70441153423829,60.035552978515625,59.47261504963636,60.035552978515625,12591000
2020-01-03,59.273939012736065,59.69968667460974,59.23609365328397,59.524658203125,11192800
2020-01-06,59.0894439860356,59.70441480054002,59.013753271500455,59.690223693847656,12823200
2020-01-07,59.652391270131524,59.732809964912185,59.34490399164541,59.59562683105469,18301600
2020-01-08,59.543578863409515,60.10178526443376,59.48681082615668,59.77537536621094,9451800
2020-01-09,60.09232711791992,60.30993253178835,59.940949281788306,60.09232711791992,7643000
2020-01-10,60.16801170932088,60.16801170932088,59.70441510327224,59.76591110229492,7407000
2020-01-13,59.888903962810986,60.04974492007117,59.718603471185745,59.95513153076172,6449200
2020-01-14,59.860531147521556,60.13017303340142,59.76591774335964,59.93621826171875,8681200
2020-01-15,59.77063685466378,60.00716490205788,59.652372830966726,59.79902267456055,6523800
2020-01-16,60.1443530381347,60.34303573649622,60.092316577735495,60.33357620239258,8699000
2020-01-17,60.49441129544301,60.63159799419778,60.42345576947634,60.54644775390625,13473200
2020-01-21,60.23896956752016,60.45184700459479,60.040286846889494,60.36196517944336,8003800
2020-01-22,60.58429897028497,60.801900736853774,60.28153974199337,60.33357620239258,7930200
2020-01-23,60.026104251413074,60.49916047759436,59.71861698256872,60.4234733581543,7991800
2020-01-24,60.541727918631175,60.57484170490461,59.3212421803268,59.5814208984375,11381800
2020-01-27,58.29471598350569,58.99483712481407,58.18117989913218,58.692081451416016,15754200
2020-01-28,58.9759160179849,59.48681758390324,58.7488510614428,59.26448059082031,11815400
2020-01-29,59.458426104766886,59.69022259779358,59.188784255167555,59.23135757446289,5860000
2020-01-30,58.76775981128449,59.19350740615698,58.649495788457344,59.13201141357422,10461000
2020-01-31,60.343038576799756,60.42346086155865,59.1603982559366,59.28339385986328,16844000
2020-02-03,59.614532547099934,60.44238078338351,59.6098045843247,59.70441436767578,16019000
2020-02-04,60.57956850113817,60.9958602167091,60.44238178660975,60.792442321777344,16697200
2020-02-05,61.1945510511384,61.27024177642537,60.67418633762151,61.09994125366211,13354000
2020-02-06,61.23712294022918,61.251314048604364,60.96274948120117,60.96274948120117,11039800
2020-02-07,60.68837468479336,60.98640239063398,60.451850201865334,60.697837829589844,7267600
2020-02-10,60.65052734533087,61.38849372573436,60.65052734533087,61.383758544921875,5867200
2020-02-11,61.634471900847544,62.13118221571605,61.483097712640266,61.86627197265625,11015800
2020-02-12,62.17375419725523,62.53328142078668,62.16429827325052,62.50016403198242,7810600
2020-02-13,62.25419338534564,62.62317661174827,62.079157698170135,62.39137649536133,7106800
2020-02-14,62.50963053814775,62.58532124383419,62.12645626572178,62.296756744384766,4959600
2020-02-18,62.20687226383523,62.49543675089988,61.94668998561912,62.29201889038086,6740200
2020-02-19,62.51435720799221,62.788730596735945,62.48124703635328,62.571128845214844,4636200
2020-02-20,62.51910069817143,62.765084691867514,61.823707600434076,62.594791412353516,10832800
2020-02-21,62.32041938307866,62.38664695490549,61.47838001916725,61.639217376708984,12322600
2020-02-24,59.548298744632305,60.0970455362063,59.22662046212067,59.51991653442383,17507200
2020-02-25,60.04028024391709,60.168007413941396,57.79326373530523,57.930450439453125,29219600
2020-02-26,58.275789588084244,58.81507332251956,57.3249456945769,57.47159194946289,24720800
2020-02-27,56.293690455482306,57.466871474841774,55.12050943612284,55.148895263671875,35433800
2020-02-28,53.360734545265416,54.87451276406972,53.2330073651317,54.79409408569336,41232200
2020-03-02,54.95966074551139,56.68158475173843,54.18858056106784,56.67685317993164,19022400
2020-03-03,56.8424172230227,57.58984304595519,54.77989253732824,55.30498504638672,29548600
2020-03-04,56.17068332817232,57.26344543222586,55.56044049321562,57.21613693237305,14684400
2020-03-05,55.8490170834187,56.213272399836384,54.65691697771673,55.08266830444336,14599600
2020-03-06,53.40330958313354,54.52918194400222,53.06270857066716,54.23588943481445,16655000
2020-03-09,50.18179426889235,52.367311241857934,48.961308608404266,50.82041931152344,16829800
2020-03-10,52.6085756744029,53.63037872314453,50.7920417332606,53.63037872314453,21939200
2020-03-11,52.1639030848419,52.4240854260197,50.21018237180599,50.69742965698242,15254600
2020-03-12,46.86567121782935,48.56867258446467,45.05859692388249,45.57422637939453,19961600
2020-03-13,48.06251234248577,48.42676766142996,45.39920706153652,48.393653869628906,16073800
2020-03-16,43.07176179457415,45.34242903803984,41.93169479644985,42.26283264160156,16817800
2020-03-17,43.20894616521602,44.81260980281536,40.80109214109857,43.8901481628418,27134000
2020-03-18,41.070731290817676,42.1587617865427,38.667605387874985,41.36875534057617,27657600
2020-03-19,41.19373686688512,44.0226110663054,39.82660466776543,42.811588287353516,14884200
2020-03-20,43.313023195888384,44.68961842828126,41.46810695947028,41.5390625,25783200
2020-03-23,41.289025028964396,42.45363456852273,40.24325334555053,41.60750961303711,15308400
2020-03-24,43.89395510842542,45.586208889068025,43.708568316347794,45.51015090942383,20747400
2020-03-25,46.3182515841682,48.04377623339794,45.1726527218583,46.30874252319336,19997800
2020-03-26,46.81260891148923,48.53337871150841,46.58919316633584,48.22439956665039,12991000
2020-03-27,46.75556548079631,47.83936612699447,46.056798320314996,46.60820770263672,10262200
2020-03-30,46.88865954381908,47.768058866065545,46.075809124230624,47.582672119140625,13320600
2020-03-31,47.169129605261986,47.86314234041566,46.49888226844897,46.622474670410156,10304400
2020-04-01,44.84940732075965,45.60996889403973,44.145889225466945,44.540428161621094,13516400
2020-04-02,44.27898914430573,45.3865589144986,43.72282880750537,44.70680618286133,11997600
2020-04-03,44.43585675991751,44.65926890317263,43.36631595846868,43.92723083496094,10359400
2020-04-06,45.533908844504985,47.83460776872356,45.533908844504985,47.582672119140625,10607800
2020-04-07,49.78355762480007,50.15433116563591,48.18637650531979,48.290950775146484,14018200
2020-04-08,48.880395691740155,50.01173095791528,48.52863297000697,49.81208419799805,8331000
2020-04-09,50.52985513978212,51.54710684301591,50.22087600525372,50.710487365722656,10645800
2020-04-13,50.510845070423635,50.88637314352245,49.74552896127754,50.696231842041016,6823400
2020-04-14,51.75626099880356,52.77826727110553,51.51383438721648,52.678443908691406,11489200
2020-04-15,51.3712374241735,51.87986339365466,50.90064044580075,51.52334976196289,7617600
2020-04-16,51.73725614957232,52.76401714287145,51.24289377499589,52.14130783081055,9218400
2020-04-17,53.41048826939316,53.80978173955631,52.74975005568723,53.68143844604492,8767000
2020-04-20,53.096754165793286,53.80503041948802,52.65467718345539,52.7449951171875,6826200
2020-04-21,51.865595591841995,52.2078492068152,50.97668709887792,51.37598419189453,8655800
2020-04-22,52.33143509230423,52.84957001611025,52.036719538557996,52.483551025390625,6771200
2020-04-23,52.74500023284131,53.248871645387695,52.27915780941194,52.469295501708984,8259200
2020-04-24,53.0111995000275,53.595883460777635,52.52634254914349,53.35820770263672,5829000
2020-04-27,53.90485525542443,54.7081967412984,53.85256630569584,54.35643768310547,8239400
2020-04-28,55.373688300782554,55.56858413222015,54.29464212632918,54.57034683227539,9458800
2020-04-29,55.63037667290534,56.19129149932406,55.32139752140762,55.77298355102539,9997600
2020-04-30,55.36894357077475,55.758731650464675,54.855563087287315,55.42598342895508,10106400
2020-05-01,53.72422051971943,54.161546620033576,52.939893510483444,53.35344696044922,12553200
2020-05-04,52.649926951852656,53.66717875186092,52.3457023178302,53.643409729003906,9213600
2020-05-05,54.35642621426103,54.51804755931486,53.72420804758639,53.838294982910156,9093600
2020-05-06,54.19006833913724,54.41823864365695,53.75274585100542,53.828800201416016,7810000
2020-05-07,54.49904902764918,54.94587696191658,54.47528000250298,54.6749267578125,10667200
2020-05-08,55.37368911589924,55.792000710842515,55.069464479564346,55.73971176147461,7872400
2020-05-11,55.25485505894624,56.07246018538942,55.17880070794714,55.61612319946289,8086600
2020-05-12,55.853797663714644,55.9821409647505,54.37069977335016,54.39922332763672,11944800
2020-05-13,54.31841433794161,54.627393538433495,52.930388827603714,53.46278381347656,13362200
2020-05-14,52.80679363250284,54.28513701031946,52.31718219337177,54.26137161254883,11436400
2020-05-15,53.819289948561945,54.903090638036836,53.638654082553714,54.893585205078125,12556600
2020-05-18,56.395692372007794,57.232311889536135,56.33864889582057,56.97086715698242,10233600
2020-05-19,56.8472769224353,57.712420024107445,56.62861569541092,56.7664680480957,10513600
2020-05-20,57.70291835238619,57.71717831713734,57.151512497691506,57.508026123046875,7708200
2020-05-21,57.650631028768075,58.026159159967484,57.01366174089552,57.71242904663086,9117200
2020-05-22,57.688659777921835,57.783728629650085,57.18478833580249,57.62686538696289,7642000
2020-05-26,59.1527316579135,59.30008943707087,58.453964492700685,58.539527893066406,9128400
2020-05-27,59.23829020833103,59.552020232890676,58.04040270128417,59.54251480102539,11531200
2020-05-28,59.7184060869426,59.932316432368175,58.66312883075712,58.81999206542969,7293200
2020-05-29,58.80097637919101,59.247807929046566,58.34939392573901,59.03390121459961,13016000
2020-06-01,59.105199246620224,59.80872100851182,59.05766482558627,59.59481430053711,6662600
2020-06-02,59.861005273425896,60.10343551635742,59.55202612092785,60.10343551635742,8453400
2020-06-03,60.398154551961596,61.42966633618773,60.398154551961596,61.23952865600586,11061600
2020-06-04,61.09692171686699,61.467695270205176,60.60731030019508,60.930545806884766,9971400
2020-06-05,62.380379701838166,62.74165150935407,62.07140410642051,62.389888763427734,11689200
2020-06-08,62.75114914254062,63.36435664171487,62.75114914254062,63.3405876159668,7005000
2020-06-09,62.7844124779685,63.197965866324644,62.385119051053145,62.84621047973633,8689600
2020-06-10,63.09340237271428,63.10291143360615,62.190237426768924,62.25678634643555,7783800
2020-06-11,60.26030165257552,61.158719228570966,58.85326179736523,58.99586868286133,13735200
2020-06-12,60.57879212971848,60.78794430913144,58.37316161243432,59.58055114746094,11989400
2020-06-15,58.273335201025404,60.33636247498266,57.95485058523823,60.14622116088867,9993000
2020-06-16,61.976325370480644,62.05237609120731,60.17473928411638,61.4106559753418,10166800
2020-06-17,61.66732768704165,61.87648343845541,61.09690752618604,61.2490234375,6349800
2020-06-18,61.01136335786403,61.35361699249959,60.749918601783016,61.0256233215332,5533600
2020-06-19,61.7909296787698,61.90976752604187,60.355366452802926,60.55025863647461,13384000
2020-06-22,60.44831174655256,61.22493805685102,60.176730454661225,61.17252731323242,5675800
2020-06-23,61.830030729309556,62.039673663558055,61.46791756281456,61.65373611450195,7347200
2020-06-24,61.28687216471003,61.50603904983855,59.54779754427963,60.29583740234375,11962600
2020-06-25,60.04331925284129,60.44354642094867,59.4477459226925,60.3768424987793,9769200
2020-06-26,60.357781643243364,60.48642387869768,58.86170178009409,58.96175765991211,11496400
2020-06-29,59.22380899205974,60.129077478373574,58.571059362211486,60.0814323425293,7822600
2020-06-30,60.033793540374226,61.12488071615629,59.8479749464137,60.84853744506836,6729800
2020-07-01,60.93429967764604,61.71569161412988,60.88665453714653,61.46316909790039,11172600
2020-07-02,62.38748962664849,62.72577115798202,61.548917846073905,61.70615005493164,7328600
2020-07-06,62.62572552698492,63.19747444754155,62.468493301550005,63.168888092041016,7115800
2020-07-07,62.8734700156316,63.07358172325724,62.07301591494891,62.17783737182617,6893200
2020-07-08,62.287436084052985,62.85442302990619,61.99679602232076,62.84012985229492,5479800
2020-07-09,63.059290052259094,63.10216957559094,61.75855301641739,62.76865005493164,6224800
2020-07-10,62.80678201713347,63.56434951715886,62.392258052632336,63.516700744628906,12912400
2020-07-13,64.08845595834327,65.0366113714269,62.53520324175663,62.711490631103516,13282600
2020-07-14,62.40177386782721,63.37374606410617,61.66802366488726,63.335628509521484,11473800
2020-07-15,64.22662021484332,64.43149392150016,63.33087572762631,64.24091339111328,7505800
2020-07-16,63.72157659646287,64.250445940036,63.502402438779185,64.06938934326172,6049400
2020-07-17,64.31715405442363,64.31715405442363,63.540524149310954,63.769222259521484,6189200
2020-07-20,63.816853829729745,64.9555893749158,63.65962164940951,64.78882598876953,5471600
2020-07-21,65.29387854556339,65.38440683613793,64.65066384495293,64.8888931274414,5315800
2020-07-22,64.7793261045599,65.484482923722,64.71738414896247,65.44636535644531,5321000
2020-07-23,65.51782859008124,65.51782859008124,64.02174866860528,64.46485900878906,6867600
2020-07-24,64.10274967863533,64.86032452964129,63.78352322514723,64.57920837402344,6287200
2020-07-27,64.85554725397549,65.12713216638423,64.51249645418645,64.97943115234375,4899400
2020-07-28,64.85077300163289,65.11282665602864,64.24090664422846,64.33619689941406,5119600
2020-07-29,64.76023933046216,65.12711441611413,64.66018711539878,64.98893737792969,4495000
2020-07-30,64.52203720659392,65.2510184464303,64.14563802707814,64.93655395507812,7940800
2020-07-31,65.73699145819516,65.85134413569357,64.55537620476909,65.27482604980469,7671000
2020-08-03,65.48447045350838,65.50352559842675,65.05565335594235,65.13665771484375,5588800
2020-08-04,65.0080130119596,65.67982138760576,64.99848180424071,65.66075897216797,5340200
2020-08-05,65.91804208265144,66.49455284619857,65.81322062197371,66.4612045288086,6536800
2020-08-06,66.22299192533605,66.928148708132,66.12769437696772,66.78520965576172,4312200
2020-08-07,66.78995637963428,67.08536562581803,66.39926414719592,66.88525390625,5953000
2020-08-10,67.12347430575208,67.76192693663481,67.01865285648124,67.6856918334961,4560400
2020-08-11,68.0716453149729,68.45281369077836,67.39507490125466,67.55230712890625,7093600
2020-08-12,68.21933846204017,68.59098285644814,67.95729204970738,68.44804382324219,7630800
2020-08-13,68.38610089092235,68.82921116043944,68.2765174507932,68.4194564819336,4742800
2020-08-14,68.41944208937865,68.56714305808727,68.11927091414525,68.4146728515625,3374000
2020-08-17,68.97691617642701,69.38190163969391,68.6767449205727,69.296142578125,3218000
2020-08-18,69.56295851181655,69.87742294582313,69.04362036092122,69.7249526977539,5175400
2020-08-19,69.99652927121808,70.01558441486839,69.29613460163296,69.39618682861328,5310400
2020-08-20,68.97691704000512,69.49149322640565,68.80062240538147,69.29137420654297,3326600
2020-08-21,69.21990234166819,69.6868297172566,69.20560916579575,69.64871215820312,3647600
2020-08-24,70.12517892482492,70.73505267067296,70.1204169557054,70.70645904541016,5284400
2020-08-25,70.87322985133211,70.94469574647049,70.36341556540293,70.93993377685547,5197800
2020-08-26,70.94468702625139,71.75467251256703,70.877983108927,71.64031982421875,5583800
2020-08-27,71.90714827262163,71.95479705211349,70.9875864439293,71.25440216064453,6170800
2020-08-28,71.62127647797159,71.84997462216587,71.34492955490299,71.72132873535156,4275600
2020-08-31,71.71178472284977,71.92619691932231,71.41638270307926,71.51167297363281,7025000
2020-09-01,71.57838776321574,72.30260701576286,71.47833550849955,72.25972747802734,9904400
2020-09-02,72.7600086232133,73.4413410496857,72.34548462560161,73.26028442382812,8154200
2020-09-03,73.0506272387898,73.10303069910094,70.2538106500943,70.93515014648438,15142000
2020-09-04,71.16386152749082,71.56885427254251,68.4289863640379,70.11565399169922,13339800
2020-09-08,68.96261539524836,70.16805498448024,68.63385782178862,69.19607543945312,15212600
2020-09-09,69.84407165161197,71.02569433633207,69.43908616184189,70.5015869140625,7425800
2020-09-10,70.85416518067484,71.60220143993169,69.26278785102507,69.49149322509766,12553800
2020-09-11,69.96316603685263,70.28239236692175,68.93878314588723,69.59629821777344,7596400
2020-09-14,70.36816393757078,70.87797080213447,70.05846152005374,70.33480834960938,5556600
2020-09-15,70.77794620139107,71.15434540136879,70.54447880508636,70.9113540649414,5412000
2020-09-16,71.20676343730412,71.48311040298132,70.48254405381158,70.51589965820312,5215800
2020-09-17,69.48671612116809,69.97746786677517,68.94355364204078,69.52483367919922,8849200
2020-09-18,69.7440015374842,69.77258788588716,67.9858684089002,68.5576171875,10847200
2020-09-21,67.46230741779948,67.64374989386107,66.38321865406841,67.56735229492188,8435800
2020-09-22,67.98276005500354,69.05707670676692,67.75834666044777,68.99500274658203,7638000
2020-09-23,69.71120243934489,69.84012245644772,67.7249088952509,67.8633804321289,7930600
2020-09-24,67.55303966256766,68.78492382489385,67.03736671422106,67.83475494384766,8997000
2020-09-25,67.81563770517171,68.95202825826998,67.34293578003214,68.71806335449219,5028000
2020-09-28,69.62049714910573,70.31761253873886,69.3387891795024,70.15526580810547,5324800
2020-09-29,70.12184744543094,70.16959777026541,69.56320361611563,69.61094665527344,6055400
2020-09-30,69.82104021433722,71.00995342470249,69.73509836778595,70.17914581298828,8948800
2020-10-01,70.87148043964282,71.15796782714717,70.42266088487882,71.09589385986328,7758800
2020-10-02,69.76850095606197,71.03381147112864,69.73985368078147,70.79507446289062,8181600
2020-10-05,71.1722827337043,71.81209623017902,71.11020877403811,71.73092651367188,4640800
2020-10-06,71.79775702428141,72.12244310558914,70.28894484799368,70.40353393554688,7954400
2020-10-07,71.25821691159227,72.18451028050383,71.25821691159227,72.01262664794922,5005800
2020-10-08,72.48054892814208,72.53307135541762,71.95532465538673,72.48532104492188,5065800
2020-10-09,72.8625447903902,73.41163704753224,72.77182355288346,73.23974609375,7362600
2020-10-12,73.75062500506152,74.55277769480155,73.64558015964215,74.2137680053711,6394400
2020-10-13,74.06099100958576,74.53369288335374,73.81270249436345,74.19945526123047,6826200
2020-10-14,74.35702754983063,74.43342514206043,73.0487533898535,73.37820434570312,7610800
2020-10-15,72.43280752617156,73.78883199720467,72.21794567386374,73.6503677368164,4758000
2020-10-16,73.97982971123263,74.33315584176331,72.75749732152224,72.9819107055664,4211000
2020-10-19,73.45937887508255,73.75063831071557,71.90758835267346,72.0842514038086,5154000
2020-10-20,72.50442730154198,73.55964072499427,72.30866121976447,72.6619873046875,8514200
2020-10-21,72.58079798315399,73.08692638877376,72.05080171335291,72.26567077636719,5539800
2020-10-22,72.25615185992484,72.49488889483412,71.47786679470421,72.4137191772461,4135600
2020-10-23,72.70973448232877,73.05828843523184,72.15109082005688,73.04874420166016,3915000
2020-10-26,72.30389060728851,72.59992946727824,70.62795934446517,71.64498138427734,6300000
2020-10-27,71.83597039641096,72.05083226485966,71.41101877723875,71.61155700683594,6241000
2020-10-28,70.32715126295602,70.68048469105977,69.27193766776502,69.34833526611328,9172600
2020-10-29,69.54888347958729,70.58977358519219,69.05230630472785,69.7876205444336,6067800
2020-10-30,69.24804522809248,69.49633371793088,67.67715916454817,68.26445007324219,9983200
2020-11-02,69.15735163211382,69.40086810262558,67.99709298677095,68.75150299072266,7981800
2020-11-03,69.48204124707185,70.66140299568671,69.12870774865594,70.26509857177734,5675400
2020-11-04,71.09589378202713,72.6142652770548,70.95265737410868,71.75958251953125,8541200
2020-11-05,73.02010540623245,73.60262434952658,72.70019865633749,73.15857696533203,6480000
2020-11-06,72.94372135946902,73.06786200443366,72.31823144506656,72.9389419555664,4847000
2020-11-09,75.4600105418441,75.4600105418441,72.60949660386214,72.70021057128906,9782200
2020-11-10,72.62857450332947,72.8004654443935,71.67362644979056,72.4423599243164,17765200
2020-11-11,72.90550926891748,73.42118208472361,72.62857346307668,73.07740020751953,7406800
2020-11-12,73.07739490430357,73.08694642399814,71.6879438585756,72.09857177734375,5929800
2020-11-13,72.51398456650905,73.39254239105414,72.40893968841863,73.26839447021484,4463000
2020-11-16,74.00849284178689,74.25200203409992,73.44984896364952,74.22813415527344,7864600
2020-11-17,73.96550919397389,74.2519892617087,73.35434297332834,73.9129867553711,5839600
2020-11-18,73.87480589732729,74.46687650485296,73.38778019251872,73.4068832397461,5415000
2020-11-19,73.3925283772669,73.8413477967008,73.23496109021761,73.76972961425781,4214400
2020-11-20,73.84135130745729,73.89387373897087,73.35910518950531,73.38298034667969,4132800
2020-11-23,73.7888272000073,74.38566968743535,73.59306840124383,74.18991088867188,4611200
2020-11-24,74.8918083694059,75.54117337501198,74.67693921632065,75.29288482666016,5465600
2020-11-25,75.23558255162426,75.50773894623664,75.02549282347428,75.38359832763672,4624400
2020-11-27,75.72737138750163,75.81808531803911,75.31674349905714,75.54592895507812,2216600
2020-11-30,75.43132911329576,75.46952790182061,74.10873157828347,75.0875473022461,6576000
2020-12-01,75.67486427956472,75.99477101655249,75.19739023289475,75.64620971679688,8737400
2020-12-02,75.35016309160662,75.35016309160662,74.85359338793377,75.17350006103516,4308800
2020-12-03,75.19260435401166,75.7989983810491,75.19260435401166,75.38359832763672,6011400
2020-12-04,75.53639279722537,75.64620978807373,75.30720729459706,75.4552230834961,4178200
2020-12-07,75.28809731250053,75.32152398984192,74.90134453569334,75.2833251953125,8430600
2020-12-08,74.9204373843812,75.17349798874915,74.54322889326167,75.12574768066406,4956800
2020-12-09,75.61757705864723,75.65577586404679,74.73425427294285,75.05416107177734,12060800
2020-12-10,74.76289129013924,75.30721144240921,74.45252877101156,74.9873046875,5806000
2020-12-11,74.71035060658171,74.97773485669337,74.11828027728131,74.62918090820312,4134200
2020-12-14,75.30719359147619,75.73691724141996,74.71512325793918,74.73899841308594,6815000
2020-12-15,75.39792883330725,75.76080648773839,75.05414693514055,75.7464828491211,4651800
2020-12-16,75.88492891192287,76.43402830799478,75.85628164156111,76.24303436279297,4443000
2020-12-17,76.63456876339842,76.77781240513775,76.4149275413082,76.76348876953125,3977400
2020-12-18,76.89242473279224,76.93540293827735,76.05207295193642,76.39108276367188,9892800
2020-12-21,75.29372334930578,75.96821146730527,74.75318250154208,75.52812194824219,7904400
2020-12-22,75.40375267289983,75.4372340167255,74.54270477135269,75.20284271240234,7453200
2020-12-23,75.21718074643704,75.60465041471792,74.89668105416546,75.36547088623047,4346000
2020-12-24,75.43722226214864,75.63813219134047,75.20283099434816,75.52333068847656,2097600
2020-12-28,76.25998293839088,76.69051037292775,75.86773239493638,76.38435363769531,5824800
2020-12-29,76.65225482904275,76.79097573833722,76.04951777006349,76.40828704833984,4862400
2020-12-30,76.68095582970466,76.98231706247591,76.59963566853276,76.86751556396484,4881400
2020-12-31,76.87706402082665,77.00621567176229,76.50393735392383,76.9105453491211,5859200
2021-01-04,77.38892209213682,77.4415418765899,75.3128456858601,76.25999450683594,18120400
2021-01-05,75.81991617309077,77.04451428221314,75.79599675862595,76.82925415039062,6262400
2021-01-06,76.91533930138836,78.45565584335456,76.60918983772186,77.6137466430664,8832000
2021-01-07,78.3169300595073,79.42193809691955,78.28822968957635,79.11100769042969,6725600
2021-01-08,80.04860644299576,80.82355311359488,79.54632795074343,80.74222564697266,9283800
2021-01-11,79.79986484613124,80.1251455153632,79.02013721373659,79.23539733886719,7421000
2021-01-12,79.65156278914819,80.74700910120751,79.55589243898254,80.44564056396484,11395200
2021-01-13,80.53174631795,80.75178738611604,80.03903709671522,80.44085693359375,5654400
2021-01-14,80.53174553250548,80.92399614110512,79.83333813782677,79.92900848388672,6029800
2021-01-15,79.79988674994517,80.04862828321693,78.99623948324074,79.31195831298828,7271400
2021-01-19,79.98641838328946,80.11557006883065,79.45065129442266,79.76158905029297,6348600
2021-01-20,80.51260919609051,81.4980276548022,80.26386045046492,81.26841735839844,6868600
2021-01-21,81.69895158272074,82.1773107067582,81.55544968485427,81.64633178710938,6688000
2021-01-22,81.21581043368231,81.51717901362503,80.89531070066774,81.36888885498047,4456400
2021-01-25,81.57936053893566,82.25863690783353,80.04861282554654,81.67024993896484,11760600
2021-01-26,81.95247190390693,82.02900380075215,81.31146526117445,81.61761474609375,7458000
2021-01-27,80.69438447601217,80.74221599863752,78.70440919547667,79.10144805908203,11241400
2021-01-28,78.7283362200688,80.13471304665588,78.26432734057087,79.35020446777344,7843200
2021-01-29,78.890989265174,79.0679798129686,77.05887286513739,77.49896240234375,10833000
2021-02-01,78.39826283107784,79.59894139465294,77.91990379072733,79.5128402709961,6502600
2021-02-02,80.12991966258608,81.73720631892182,80.12035773725513,81.20144653320312,5401200
2021-02-03,81.46455555111241,81.54587572157315,80.68960885174559,80.74701690673828,4062800
2021-02-04,81.12013443412769,81.60806274414062,80.87138566639047,81.60806274414062,5142400
2021-02-05,81.89506998572676,82.66522836780702,81.73242965638808,82.38777923583984,4464200
2021-02-08,82.92355262340718,82.97617241619592,82.34951586600975,82.85658264160156,4720400
2021-02-09,82.59347545920434,82.7943853846297,82.29688788427943,82.39734649658203,3615400
2021-02-10,82.66522578189891,82.66522578189891,80.96226874167108,81.58413696289062,4883200
2021-02-11,81.79940344666686,82.0816335547088,80.96705601196076,81.35931396484375,3911600
2021-02-12,81.00531635971221,81.51237576346392,80.77570606916379,81.47411346435547,3994400
2021-02-16,81.63196518110928,81.73720475116829,80.89529548987569,81.12012481689453,4516200
2021-02-17,80.62742904410571,81.67024839504484,80.22082088298205,81.58892822265625,6441200
2021-02-18,80.73265228774893,81.87593003147003,80.67524424301726,81.61283111572266,5160000
2021-02-19,81.98119905951542,81.98119905951542,81.02926165832228,81.1392822265625,5022800
2021-02-22,80.36432189135473,80.64655198428903,79.35498398515682,79.4267349243164,5694000
2021-02-23,78.02036694656046,79.30714670876435,76.08779222340567,78.90532684326172,10768600
2021-02-24,78.80486171093199,79.83811156977053,77.96294522698648,79.73287200927734,7973600
2021-02-25,79.168447437188,79.60853702438108,76.38439339530605,76.76708221435547,14641800
2021-02-26,77.75249677841792,78.10648519419176,76.06388948143143,77.08757781982422,12255200
2021-03-01,78.04428855087414,79.03449544610856,77.89599838956218,78.89576721191406,8697600
2021-03-02,79.00580003927753,79.17800962758464,77.94862309177357,77.98689270019531,6622400
2021-03-03,77.83380727047722,78.14473774542286,76.1547622680664,76.1547622680664,11125600
2021-03-04,76.18344658906246,76.68094400314672,73.1123828914888,74.54267883300781,18469600
2021-03-05,75.10716322993373,75.23632223683772,71.58643979477675,75.01628112792969,20626800
2021-03-08,75.317649306111,76.64270624109604,74.97801838543535,75.10717010498047,12536200
2021-03-09,76.5996370055525,78.45088419315337,76.2073790809804,77.9438247680664,18614400
2021-03-10,78.96750760548666,79.40281606387998,77.78596024652157,78.34085845947266,14245800
2021-03-11,79.40760972003591,79.84769921125734,78.93881985100143,79.54154968261719,8458400
2021-03-12,78.69963209065564,79.78072090414932,78.47958371841864,79.77593994140625,8343400
2021-03-15,79.88595885300055,80.8713772973305,79.60850973677121,80.84745788574219,8857000
2021-03-16,80.8474430996386,81.00052146646381,79.64198380719237,80.01031494140625,6873600
2021-03-17,79.4123877406265,81.4167134410133,79.32628661037782,81.13448333740234,8711400
2021-03-18,80.37388999800544,80.72787102517412,79.01534474232002,79.1492919921875,10151400
2021-03-19,79.0584035845185,79.79029235955636,78.23083715850632,79.62286376953125,12121000
2021-03-22,80.18535645946113,80.83217003640942,79.84997462024846,80.14702606201172,7224200
2021-03-23,80.15182283417504,80.49678913579643,79.18879617343492,79.39482116699219,7990200
2021-03-24,79.76371845450244,80.19013401530519,78.22095489501953,78.22095489501953,9352000
2021-03-25,77.4687481187075,79.16962193950498,77.30584942204332,78.9061050415039,11319800
2021-03-26,79.21753373500906,79.61999194057324,78.17784638191374,79.5625,8542600
2021-03-29,79.3564700802508,79.75892822364396,78.54675792530705,79.1264877319336,9358200
2021-03-30,78.7815354023856,80.02245919600725,78.46532241158492,79.90267944335938,7321800
2021-03-31,80.24285741379451,80.96153599745357,80.02725530085212,80.52554321289062,7937800
2021-04-01,81.25377447196473,81.3064778446771,80.89923115624012,81.17232513427734,8140000
2021-04-05,82.46594611178993,83.3235730720084,82.31263185910268,83.01693725585938,8628400
2021-04-06,82.94028932862922,83.70208677436398,82.88279738880793,83.37628936767578,6301400
2021-04-07,83.32839589976902,83.62544741267634,82.98342955088033,83.12716674804688,5049400
2021-04-08,83.59189972192476,83.71167948225184,82.9834164924458,83.52003479003906,6424800
2021-04-09,83.44336822955701,84.33452987731329,83.35233444826738,84.31536102294922,6093800
2021-04-12,84.31057038359096,84.93821509916738,84.23870545843934,84.85676574707031,6285600
2021-04-13,85.00049547804693,85.9204029934547,84.8855042970803,85.7527084350586,5351200
2021-04-14,85.94436067474015,86.31807287559299,84.73219030080915,84.90946197509766,6676400
2021-04-15,85.50357135224596,85.57064771306482,85.03882538415276,85.5179443359375,5031200
2021-04-16,85.7239841531955,86.29413702304434,85.49400904386029,86.17914581298828,5276000
2021-04-19,85.7048109658416,85.78626032036024,84.94300618270665,85.21131896972656,7030800
2021-04-20,84.90948166091393,85.10592223302197,83.51045486219952,84.13809967041016,8462000
2021-04-21,83.8218969520364,85.35028826718117,83.65420962975821,85.2592544555664,5540000
2021-04-22,85.3646328207176,85.48920113098053,84.00393659190398,84.31536102294922,5960000
2021-04-23,84.58847715535681,85.54671533936363,84.31537576374184,85.19696044921875,3823800
2021-04-26,85.48440297995103,85.8437421958065,85.01486845158357,85.57064819335938,4460600
2021-04-27,85.61374596303294,85.81497499683306,85.27836424003277,85.47000885009766,4438600
2021-04-28,85.36464198327513,85.82938805601262,85.17299728371967,85.36943054199219,4761400
2021-04-29,85.91082862016208,85.96353200375862,84.63637029739172,85.39337921142578,6444600
2021-04-30,85.29276434071713,85.99706983835155,85.22568797478887,85.72396850585938,5651000
2021-05-03,86.18870407730488,86.23182302644499,85.20172025063293,85.31671142578125,7371400
2021-05-04,84.6795001283938,84.81365287214449,83.37149991066023,84.42556762695312,9207200
2021-05-05,85.01965274985622,85.01965274985622,84.01829593975856,84.16203308105469,6325000
2021-05-06,84.34410095214844,84.46867656426389,83.53918458513489,84.34410095214844,7850600
2021-05-07,84.67468916738405,85.3310870938614,84.233900614941,85.10110473632812,6750200
2021-05-10,85.12985349675556,85.12985349675556,83.57751274172998,83.58709716796875,6976000
2021-05-11,82.1832844092176,82.9594548773855,81.35919911503461,82.64324188232422,14220800
2021-05-12,81.69936435138811,82.0874495261782,79.6678973976083,79.84516906738281,14124000
2021-05-13,80.40093803632638,81.18669270663854,79.54331845836558,80.4105224609375,14082400
2021-05-14,81.1723384762344,81.98205073973409,80.94236340785969,81.80477905273438,8211800
2021-05-17,81.56042003896862,81.84789434465446,80.92798680154515,81.65624237060547,10445000
2021-05-18,81.8383171249948,82.2072408105984,81.00944328272065,81.01902770996094,7756800
2021-05-19,79.69665113051539,80.38179508857954,79.28940437502851,80.33866882324219,14120400
2021-05-20,80.73633465510811,81.34002923360433,80.63092789730005,81.16275024414062,9068000
2021-05-21,81.70416970910517,81.70416970910517,80.7219742101081,80.7555160522461,7770600
2021-05-24,81.1914905605155,81.93891486144129,80.9136007261862,81.55561828613281,6726800
2021-05-25,81.924548931752,82.18805849610918,81.30169285710606,81.81434631347656,7133800
2021-05-26,82.20246307479796,82.9450917912328,82.12100639869522,82.5953369140625,7473600
2021-05-27,82.90196116660499,83.11277469933349,82.64802867784816,82.92591857910156,7783600
2021-05-28,83.27086279803866,83.27086279803866,82.61446496117637,82.81090545654297,6451200
2021-06-01,83.30441891052354,83.361918162348,82.5042910509014,82.65281677246094,9361200
2021-06-02,82.72947374931717,82.73905817597485,81.96288776453918,82.26952362060547,7063200
2021-06-03,81.74249492820265,81.96289289045988,81.15318059047107,81.29212188720703,8702800
2021-06-04,81.74248886372908,82.01558287869958,81.51251380205254,81.94371795654297,6433200
2021-06-07,81.88143015015699,81.99163277849765,81.32086182500926,81.94371795654297,6389800
2021-06-08,82.48992060778237,82.86842872675282,82.04434342937212,82.60491180419922,6124800
2021-06-09,82.83487105398311,82.8875744284206,82.11619266298524,82.14973449707031,7131600
2021-06-10,82.29825183995085,82.68633696196758,82.04910797601428,82.53781127929688,5225000
2021-06-11,82.67677322053,82.99778207226721,82.54262048579729,82.98820495605469,5468400
2021-06-14,82.99299208261802,83.17026376957652,82.52824607717622,83.01215362548828,5770000
2021-06-15,83.0217460498196,83.0217460498196,82.28390595044038,82.57137298583984,5659600
2021-06-16,82.64325253804992,82.80615127026326,81.89582063403348,82.60971069335938,9414200
2021-06-17,82.40845890733426,83.21817109771753,82.21681425278997,82.9211196899414,9267000
2021-06-18,82.31266240134028,82.80615448683527,82.11143325771121,82.48514556884766,13991200
2021-06-21,82.7514090085067,83.33199867508426,82.5258885299332,83.1208724975586,9607400
2021-06-22,83.18327064246175,84.23889443638144,83.12569342583946,83.90301513671875,6740400
2021-06-23,84.0661714010106,84.71874015904014,84.02298848035787,84.5508041381836,5317800
2021-06-24,85.19376834038452,85.38090163851753,84.67075570222055,84.83869171142578,7959000
2021-06-25,85.72156895694845,85.7695548533465,85.19376070466897,85.37609100341797,9949200
2021-06-28,85.38568791664953,85.47206106409169,84.94424550088877,85.3952865600586,5584200
2021-06-29,85.44807773752649,85.78395707846548,85.35690891892436,85.6064224243164,4629200
2021-06-30,85.51045127826265,86.06225248667354,85.51045127826265,85.67359161376953,5798600
2021-07-01,85.88472687157781,86.17742330268408,85.81274801838208,86.1582260131836,6210600
2021-07-02,86.36933817339809,86.93073799293084,86.28776801038423,86.91634368896484,5803400
2021-07-06,87.04591660423009,87.27143717219948,86.23020749449567,87.01712799072266,7792000
2021-07-07,87.25222923014955,87.46815112671591,86.35495005114582,86.96913146972656,6694200
2021-07-08,85.61600306816956,87.04109774990408,85.2369408567381,86.75320434570312,11283400
2021-07-09,87.12747827449138,87.62170228242722,87.02671081543504,87.56412506103516,5632800
2021-07-12,87.66488293419994,88.18789553932307,87.59770707043752,88.16390991210938,10814600
2021-07-13,87.99118395100894,88.13512702207079,87.03632009044564,87.10829162597656,12392400
2021-07-14,87.58810291788254,87.6888703679986,86.90195001843647,86.94993591308594,7484000
2021-07-15,86.79639517350613,87.18985904656827,85.87512301713217,86.47970581054688,6667600
2021-07-16,86.73881677229542,86.83957690901764,85.3473062516777,85.41448211669922,8424200
2021-07-19,84.03737127863351,84.45482076435052,83.38000694887317,84.43563079833984,16088400
2021-07-20,84.68513850217863,86.22059193486002,84.26768172335406,85.99507141113281,9838000
2021-07-21,86.31176984678402,86.83478246906598,86.28777689716313,86.78679656982422,8185400
2021-07-22,86.71482603072096,87.2618316088571,86.27817923615413,87.16106414794922,8061600
2021-07-23,87.45856293113862,88.08234301589067,87.2522323494468,87.93839263916016,7008600
2021-07-26,87.98636754886263,88.60054896379552,87.76084700976477,88.59095764160156,6895000
2021-07-27,88.53338184655526,88.53338184655526,86.75321762825477,87.69367980957031,7359800
2021-07-28,87.59291349623574,87.90479987364486,86.99312636920266,87.41057586669922,5973800
2021-07-29,87.80403002713969,88.61973896538046,87.74644549061041,88.39421844482422,7307400
2021-07-30,86.57569122314453,87.37701346848674,86.41255084094038,86.57569122314453,9327000
2021-08-02,87.2810167902277,87.51134031063991,86.7340112420836,86.82518005371094,7303000
2021-08-03,87.1802614732349,87.49214785713096,86.41253100601645,87.46815490722656,8445800
2021-08-04,87.28101064814095,87.41536236478358,86.61885070800781,86.61885070800781,7913000
2021-08-05,86.88275626146162,87.51133191718915,86.81557308323681,87.4489517211914,5401200
2021-08-06,87.56892998634119,87.6217115520745,86.75801653172064,86.8539810180664,5822200
2021-08-09,86.8731711355468,86.94514266395848,86.52289749457597,86.73401641845703,5560600
2021-08-10,86.82998127381285,87.40097243732505,86.63804501069883,87.07469177246094,5201000
2021-08-11,87.26661455466483,87.45855080423196,86.9451295734616,87.32899475097656,5500600
2021-08-12,87.27142139604037,87.41056877671272,86.66683133519318,87.36738586425781,5229400
2021-08-13,87.42496484296501,87.47295073885071,86.94033950964624,87.11787414550781,4936400
2021-08-16,86.60925012576342,86.78198908923913,85.79833686171409,86.71481323242188,6657600
2021-08-17,85.62081926675968,85.62081926675968,83.94621085226854,84.65635681152344,11065200
2021-08-18,84.6323527876516,85.83192686697937,84.53158534347564,84.95863342285156,9998200
2021-08-19,84.2292943398912,85.02581332364892,83.90780934993056,84.41642761230469,11334600
2021-08-20,84.55078645134522,85.32331248622255,84.47401194960872,85.22734069824219,6618400
2021-08-23,85.68317905100456,86.52288088887822,85.59680591186712,86.3261489868164,6890200
2021-08-24,86.6908211329046,87.1850450818064,86.53727945365925,86.93553161621094,5791600
2021-08-25,86.93554431120288,87.38178975371312,86.77240396517564,87.27143096923828,7266600
2021-08-26,86.97393512004153,87.01712536061818,86.28778211345055,86.46531677246094,7394200
2021-08-27,86.65725123959993,87.40578443893291,86.51330085781576,87.25223541259766,7964800
2021-08-30,87.50172595765396,88.2070760538421,87.44894440890455,87.90958404541016,7366600
2021-08-31,87.99117878271608,88.16391777946534,87.62650349978948,88.1207275390625,9555800
2021-09-01,88.42301937491692,88.58615972097644,88.05354844397705,88.11592864990234,8198400
2021-09-02,88.3510293093349,88.62452838250833,87.97676279554884,88.11111450195312,6715000
2021-09-03,87.88080002561395,88.08233492750239,87.50173781259824,88.05834197998047,6889600
2021-09-07,88.09672630966253,88.52857006425504,88.05833905922462,88.31744384765625,8750600
2021-09-08,88.29347534993363,88.62936205386954,87.69368812379295,88.4182357788086,7385600
2021-09-09,88.4853771393215,89.03717824347844,88.2694552864609,88.30303955078125,8714800
2021-09-10,88.77328223914412,88.85485240227042,87.72246144007967,87.7608413696289,9627200
2021-09-13,88.1543184092763,88.22628993998758,87.11308877580298,87.9767837524414,11534600
2021-09-14,88.14471444323446,88.25987620704066,87.31940677334045,87.68408203125,8461800
2021-09-15,87.48255911931561,88.39423266965697,86.83958172233342,88.25028228759766,10294600
2021-09-16,88.06795031185536,88.8740681102504,87.90480995178743,88.6533432006836,12171400
2021-09-17,88.54776917845322,89.05639480809808,88.13991832844292,88.34144592285156,14925000
2021-09-20,86.66676116956084,87.11366691058484,85.23953423439656,86.32556915283203,16192000
2021-09-21,86.84453400149572,87.15688690467583,86.18137618742908,86.45529174804688,12503600
2021-09-22,86.99352315567988,88.03631046845048,86.79649689862781,87.63265228271484,12367400
2021-09-23,88.00745532670004,88.90127383259004,88.00745532670004,88.52164459228516,8275000
2021-09-24,87.95460427098735,88.93011506426961,87.84888323927052,88.85322570800781,8033000
2021-09-27,88.4976343236775,89.56925325566452,88.46399247715551,89.3289794921875,9488000
2021-09-28,88.80034458760515,88.93490459612734,87.13765480653375,87.60858917236328,14941800
2021-09-29,87.9065412243026,88.5745092169096,87.48366445582057,87.69510650634766,12192200
2021-09-30,87.70952184894408,87.77679819804429,86.23423767089844,86.23423767089844,16489600
2021-10-01,86.67153068483512,87.29143361399863,85.7777122138418,86.88297271728516,15519600
2021-10-04,87.14729008920656,87.4019796718468,85.90266651956954,86.19580078125,18494000
2021-10-05,86.49374347483581,87.33950439902874,86.29191441335475,86.54179382324219,10968600
2021-10-06,86.00358553750084,86.91662284253786,85.65278792020634,86.81571197509766,10272600
2021-10-07,87.56535421924877,88.49761741664713,87.47404903335917,88.1660385131836,7537800
2021-10-08,88.19968277832675,88.2813823040037,87.68069794361456,87.76239013671875,7399600
2021-10-11,87.728757658644,88.42074728889932,87.40198885134205,87.40679168701172,6637000
2021-10-12,87.94019620939822,88.45438557572221,87.69992244926325,88.0987777709961,10281800
2021-10-13,88.36788086604703,88.77153901255313,87.83447283938787,88.53126525878906,10832000
2021-10-14,89.0454614235875,89.60289833478241,88.94935338124407,89.45873260498047,7514600
2021-10-15,90.01615849681696,90.8667222666365,89.88159845492004,90.82827758789062,8717400
2021-10-18,90.63607501582621,92.0008283178396,90.61685633987938,91.93836212158203,7867000
2021-10-19,92.15460825270962,92.15460825270962,91.58275547926048,91.67886352539062,5808800
2021-10-20,91.67884098523841,92.020032897575,91.45298309944631,91.61156463623047,9606800
2021-10-21,91.45780922943868,93.0099756948273,91.45299906130221,92.95711517333984,7130200
2021-10-22,92.8994420104468,93.13490558193148,92.2170581387008,92.62552642822266,7376600
2021-10-25,93.4328387050416,95.32619686207885,93.05801227454484,94.92253875732422,11076800
2021-10-26,95.33579061417034,96.88315370252539,94.5621090699928,94.93693542480469,15031400
2021-10-27,95.37424960372395,96.04701307682188,95.11956005086746,95.14839172363281,9831000
2021-10-28,95.94610745273049,96.6957603157853,95.6770020488208,96.41223907470703,9001000
2021-10-29,95.3117948835673,96.71499278453318,95.04749227681938,96.6621322631836,8508400
2021-11-01,97.3733350909031,98.45456688617074,96.79186943244954,98.43534088134766,11234200
2021-11-02,97.58959113426317,98.36807576938422,97.2772308470625,97.77220153808594,13558800
2021-11-03,97.7481710686545,99.59347175289543,97.65686586826283,99.53099822998047,12816400
2021-11-04,100.01154286272697,101.26096928962404,99.88660315306642,100.8717269897461,11600000
2021-11-05,101.5108411082565,102.2124362453606,101.42433875846848,101.52044677734375,9631200
2021-11-08,100.43921092309337,101.30900788934643,100.04516586218953,100.08361053466797,11715400
2021-11-09,100.44402637104099,100.5689660637362,97.94998402373126,98.23350524902344,33102200
2021-11-10,97.59439341681382,99.2474780476434,96.62369271243277,97.8683090209961,22689600
2021-11-11,98.91108597318143,98.92069897563789,97.56074876466006,97.60399627685547,12413400
2021-11-12,97.63283377325985,98.05571791569038,97.0033177274153,97.93077087402344,10335000
2021-11-15,98.00284638889686,98.19025959777167,97.28682806136386,97.84906768798828,10612000
2021-11-16,97.97404110063428,99.61751291318862,97.95481509155701,99.39165496826172,11301200
2021-11-17,99.81452808126191,100.63145739445639,99.62230467472762,100.02596282958984,16547400
2021-11-18,100.54494165513167,101.32823635085674,100.01634385575956,101.16004180908203,14804000
2021-11-19,101.16007388120283,101.87128961740903,100.95344193029565,101.59737396240234,14988800
2021-11-22,102.25091654483431,103.34656447340687,100.92460782408183,101.34268188476562,18430800
2021-11-23,101.43395644473493,101.99139324555661,99.22824541299194,100.60741424560547,22962800
2021-11-24,99.54539622807606,101.12159119661598,99.01679845973493,100.81404113769531,16341200
2021-11-26,99.14656236560486,99.48774697970451,97.90193878484708,98.0653305053711,15329200
2021-11-29,99.35319029176138,100.38156159325591,99.10330355205478,99.58866119384766,16767600
2021-11-30,99.36279468391028,99.99231064735466,97.71932334445778,98.24311828613281,26435400
2021-12-01,99.3531867819438,100.31428169640034,96.40262568786515,96.46990203857422,25941000
2021-12-02,96.98888734240782,98.30558992221812,96.38340022866416,97.8442611694336,33287800
2021-12-03,98.20948408315151,98.49781549813845,94.95618299117824,95.94129943847656,28543200
2021-12-06,96.32573336665827,97.91154139316006,94.98500922863701,97.03694152832031,23326000
2021-12-07,98.65159666331773,99.61750186655573,98.41132290451397,99.30033874511719,13875600
2021-12-08,99.3724167386837,99.71841153378517,98.77173234893434,99.55022430419922,11988000
2021-12-09,99.14654814197776,99.30031950487965,97.79140088526009,97.82504272460938,11757200
2021-12-10,98.29599657788133,98.54107317309408,97.11865662164922,98.50743865966797,14372800
2021-12-13,97.93557594412582,98.09896032426126,95.71544164449976,95.97013854980469,14995600
2021-12-14,94.90811296468314,95.68659741827436,94.35548637918322,95.41268920898438,15371800
2021-12-15,95.07633174038054,96.67174572698953,93.80287638637867,96.62369537353516,19042200
2021-12-16,97.09461767418364,97.26761505649797,94.36510423462106,94.49005126953125,18368600
2021-12-17,93.70195673287363,94.97540463499938,93.0580175302665,93.84611511230469,23480400
2021-12-20,92.3455302594821,92.53803415530994,91.39261614754146,92.33109283447266,22326800
2021-12-21,93.3176855817243,94.74704942295719,92.59578494851793,94.72299194335938,13530600
2021-12-22,95.03100810322525,96.55180661103235,94.86256167494385,96.45074462890625,11491000
2021-12-23,96.57105302985057,98.04853913142097,96.42667143864315,97.78865814208984,10588600
2021-12-27,97.97154656912653,99.03995276957468,97.92822694924844,98.74156951904297,8428000
2021-12-28,98.9629477679846,99.30946063821449,98.61643489775471,98.78487396240234,8306200
2021-12-29,99.02551289781358,99.22764419255645,98.35655194251471,98.9822006225586,7584600
2021-12-30,98.64531528168447,99.4923427100247,98.53943593519783,98.62606048583984,7140200
2021-12-31,98.70305654285458,99.04956940290117,98.32285880828942,98.3902359008789,6885600
2022-01-03,100.24311706571817,101.22490602330265,99.67041540793892,101.21527862548828,14465400
2022-01-04,101.38371843426562,101.93717260390144,100.05060665063849,100.59925079345703,13169200
2022-01-05,100.46451024268444,100.77252090250072,97.83678856397576,97.88491821289062,17275600
2022-01-06,97.75014616350772,98.31803773055451,96.08977638879983,97.62982940673828,17245000
2022-01-07,97.77424084736626,98.02449449052575,95.69035310239849,96.003173828125,15005200
2022-01-10,94.7422370255566,95.46413764070302,92.68241452448976,95.41600799560547,21271400
2022-01-11,95.27644188711196,96.5277391993324,94.54491388872681,96.3352279663086,16887400
2022-01-12,97.01383993307786,97.46623226147817,96.14274750409851,96.97052764892578,13156800
2022-01-13,97.28814149601118,97.759788542186,94.79037141127151,95.02137756347656,16493800
2022-01-14,94.26577765353389,95.01655309982148,93.21661897694037,94.57860565185547,20715200
2022-01-18,93.24068414883185,93.68825899597051,92.44658908262231,92.78829193115234,18186600
2022-01-19,93.19258062409989,93.49578131104545,91.04131564546309,91.11351013183594,17404400
2022-01-20,91.67174345343433,92.81716135520283,89.29428310785715,89.4531021118164,18093800
2022-01-21,89.15472875941781,89.53011650355216,86.79170557613517,86.83020782470703,37394400
2022-01-24,85.03027457131475,87.96119702815696,82.80201271194566,87.87456512451172,53233800
2022-01-25,86.37782377293101,87.71574582755152,85.17465592931157,86.387451171875,35890200
2022-01-26,88.21141793668883,89.0006954579682,84.86661403076558,85.96871948242188,43384000
2022-01-27,86.76763452142654,86.91201610731369,83.70196571664596,83.88484954833984,33723000
2022-01-28,84.1784106966144,85.71365356445312,82.5276611078906,85.71365356445312,31685800
2022-01-31,86.1468225540994,89.07773782714621,85.80993700723553,89.01036071777344,22194800
2022-02-01,89.18359453019973,89.7129912147238,87.75904819583872,89.54936218261719,22366000
2022-02-02,90.13650540647765,90.2520121457999,88.16812487234237,89.0151596069336,19294200
2022-02-03,86.94090495625719,88.31732925540162,86.10831486932427,86.29119873046875,19166600
2022-02-04,88.20181682731537,89.80443703078663,86.95051952417755,88.74564361572266,20021600
2022-02-07,89.05366181761171,90.04026085090294,88.2355092083775,88.56277465820312,18764600
2022-02-08,88.30288157119247,90.00175377204853,87.84567931499559,89.80924987792969,18318200
2022-02-09,90.93541114159551,91.52255755276097,90.62259048443231,90.99797821044922,16918800
2022-02-10,89.39055201179674,91.1856762027381,88.85634524772722,89.4290542602539,25946400
2022-02-11,89.52049158705609,89.85256706458472,86.46925990279706,86.85908508300781,25319200
2022-02-14,86.74839582423145,88.49539776829864,86.52700972439037,87.35478973388672,30854800
2022-02-15,88.73603726861016,89.3905608701373,88.55315340620363,89.30874633789062,20722400
2022-02-16,88.76970955516975,89.81405821540085,88.37025700601272,89.56380462646484,17397600
2022-02-17,88.99110550823629,89.4146155830115,87.04197219067792,87.16709899902344,18136400
2022-02-18,87.39810491360387,87.67723335847,85.76660980151307,86.6280746459961,18990400
2022-02-22,85.41529003763038,86.25269750575902,83.09076886784648,84.10143280029297,27345600
2022-02-23,84.76074849701594,84.9821345659577,81.14162565372919,81.29081726074219,27134400
2022-02-24,77.95084942329188,83.27847353952265,77.71984322214827,83.1485366821289,41736000
2022-02-25,83.3987699003777,84.80888627759997,82.27742405503223,84.79444885253906,27338000
2022-02-28,83.96185602559513,85.76179016242423,83.81265706573336,85.3912124633789,32321800
2022-03-01,85.26608648603535,85.52597481797855,83.51427463315652,84.09661102294922,26997600
2022-03-02,84.39982059431699,86.23826469427603,84.19287923773797,85.86287689208984,20262800
2022-03-03,86.30080325628994,86.44999485355414,83.51426317220388,83.91852569580078,22404000
2022-03-04,83.44208106732349,83.64421234125527,81.72877159380933,82.5854263305664,21659200
2022-03-07,82.78757653711202,82.9752704303688,78.50429453023466,78.5379867553711,32146200
2022-03-08,78.44655098925064,81.19939986911851,77.82571955307635,78.70162200927734,50888400
2022-03-09,80.79510771821182,81.69507467396191,80.42934009196337,81.2330551147461,31938200
2022-03-10,81.21380368772758,82.07526835938589,80.52559542434514,81.81057739257812,25854800
2022-03-11,82.4602827674677,82.69129620571974,80.17426460756855,80.23683166503906,24156400
2022-03-14,80.14540574827316,80.7903018690242,78.40803130649715,78.89892578125,30349200
2022-03-15,79.47643671176344,81.77208249156382,79.27911546782701,81.54106903076172,27120400
2022-03-16,82.48437848954863,84.32282257080078,81.69510063868145,84.32282257080078,33778800
2022-03-17,83.58164932168741,85.75216111582239,83.35545321629355,85.72810363769531,26085600
2022-03-18,85.4874672391184,87.63873150984664,85.07838731495085,87.53285217285156,30129200
2022-03-21,87.6239553612739,88.15416543482768,85.9995958661318,86.79972839355469,25648000
2022-03-22,87.36849444300228,89.24349941021784,87.31065601727737,88.95429992675781,16421600
2022-03-23,88.22164907839539,89.33990768835875,87.66251977341369,87.85050201416016,15758000
2022-03-24,88.25056058204821,88.6361672192054,87.2624458727188,88.53494262695312,15134000
2022-03-25,88.65062158130985,88.83378637796409,87.57092453209538,88.38069915771484,16407800
2022-03-28,89.3109667985292,90.76181083750461,89.1904651928912,90.73770904541016,23065600
2022-03-29,91.93790560987176,92.63681343582792,91.12331359737426,92.31868743896484,19373400
2022-03-30,91.58123270826928,92.06323919620755,90.46297412593157,90.91606140136719,16296000
2022-03-31,90.89677223333761,90.89677223333761,89.08924814507088,89.17118835449219,16778000
2022-04-01,89.65800786083143,89.87973404106862,88.79040222426731,89.28204345703125,9978800
2022-04-04,89.32062866662687,91.31613540147492,88.72294527806694,91.28721618652344,15424200
2022-04-05,90.82448294768548,91.29202984973611,88.88682207726157,89.14710235595703,16219800
2022-04-06,87.93726207718188,87.93726207718188,86.0670746091116,86.87202453613281,27844800
2022-04-07,86.68404054468763,87.78783946371522,85.51276836986533,87.31546783447266,22538400
2022-04-08,86.78044338697268,87.55165669658594,86.22613887713734,86.5105209350586,18595000
2022-04-11,85.20910007336738,86.53943523435207,84.81385860688341,84.90543365478516,18593800
2022-04-12,86.09118661279652,86.98771905274104,84.75602646541529,85.09342956542969,23297400
2022-04-13,84.91988872371637,87.35884742082271,84.8331310972329,87.20941925048828,16820200
2022-04-14,87.04554744306748,87.52755391744716,85.92729624702086,85.98995208740234,17839400
2022-04-18,85.7055668617856,86.74670257308672,85.36816381316993,86.25023651123047,15385600
2022-04-19,86.29842799499099,88.87716533754185,86.22612997242149,88.75184631347656,17470000
2022-04-20,88.92538008493065,89.16155855819389,87.46971842418745,87.6094970703125,13876600
2022-04-21,90.00506318341358,90.55937501895242,86.48641459483188,86.76116180419922,23446600
2022-04-22,86.57317721395239,86.89612064703527,84.6596110536518,84.74637603759766,22307400
2022-04-25,84.00408355941212,85.43082588824933,83.50280008728998,85.3585205078125,25809600
2022-04-26,84.72708767662192,84.8572314690029,81.00599753648945,81.03974151611328,29196600
2022-04-27,81.55548565874545,82.77496132590345,80.54327657890141,81.04937744140625,25103000
2022-04-28,82.15800653198293,83.54618760684738,80.10947890503932,82.71231842041016,13985600
2022-04-29,80.90960647355311,81.63261617967154,78.35497070763432,78.50921630859375,18836600
2022-05-02,78.2682136838125,79.71423310733016,77.18851653317869,79.65638732910156,33548200
2022-05-03,79.61782641726145,79.96969644129184,78.77431508169862,79.45877075195312,24068800
2022-05-04,79.3334508341299,81.87362723699361,78.02721729232346,81.79168701171875,18696600
2022-05-05,80.69750779277258,80.75052878911794,76.29196974451746,77.20777893066406,22776800
2022-05-06,76.77881913602677,77.53557294021519,74.88935436665881,76.22933197021484,25545400
2022-05-09,74.56638864086246,75.60752423046704,72.57570720929982,72.9805908203125,22095400
2022-05-10,74.51819008143124,74.95681030221647,71.74182859604845,72.76368713378906,25447000
2022-05-11,72.59979722323287,73.3372663822401,69.95840437035181,70.1560287475586,25713600
2022-05-12,68.9317467690049,72.2961574272505,68.45938245937478,70.63805389404297,23601200
2022-05-13,72.23831339457999,73.76145573333154,71.6840088492897,73.41923522949219,12573400
2022-05-16,73.12520866153174,73.17822967022515,71.65508737942838,71.83342742919922,11730200
2022-05-17,73.26498532693448,73.67951119600396,71.7948640846046,73.64576721191406,11210000
2022-05-18,71.64062697922347,71.64062697922347,68.30514295021334,68.83052825927734,14761600
2022-05-19,68.40154143577134,70.02108350498591,67.98701556820943,68.87872314453125,15413800
2022-05-20,69.44268104346783,69.53908087396964,65.71194802887925,67.67853546142578,15624600
2022-05-23,67.94845315729648,68.36297901869753,66.43495312470847,68.18463897705078,13607000
2022-05-24,67.06639007569765,67.24473014299858,65.55288982539305,66.43014526367188,14872000
2022-05-25,66.00116214053773,68.88838440683205,65.967425502065,68.30516052246094,12955000
2022-05-26,69.26433477993636,72.15637387183212,69.21613854130621,71.65509033203125,16046000
2022-05-27,72.45523061546699,74.132611407738,72.45523061546699,74.11332702636719,15248800
2022-05-31,74.19041623017145,75.23636912315456,73.05770572483485,74.4892578125,14145400
2022-06-01,74.88933847132357,75.40508889411127,73.24087732377527,73.71324157714844,12232800
2022-06-02,73.78555860966455,76.0124263678177,73.4818921499761,75.96904754638672,11625600
2022-06-03,74.41696735757276,74.95199475257225,73.49633337390834,73.74697875976562,10714200
2022-06-06,75.05806317341717,75.43884512507599,74.03138683254535,74.4844741821289,10234800
2022-06-07,72.96613233645984,74.5181935573276,72.5467817605582,74.30128479003906,9637200
2022-06-08,73.92051695414379,74.94719315019046,73.66987151540035,73.86267852783203,8810200
2022-06-09,73.90606589575016,74.70137376886636,72.52270943766408,72.52752685546875,7728400
2022-06-10,71.0284969058277,71.4767595389749,69.41859653551869,69.635498046875,13439000
2022-06-13,67.2157941048924,67.93880373819314,65.91919565239958,66.42048645019531,20171800
2022-06-14,66.75790151260266,67.24955021125523,65.77942888748349,66.36747741699219,13355400
2022-06-15,66.83503300493417,68.999237805026,66.71934877997141,68.23284912109375,18120800
2022-06-16,66.30480775232081,66.38193055142024,64.126136484189,64.89253234863281,24019400
2022-06-17,64.90215905235976,66.1698382424829,64.67079803887808,65.60107421875,22390000
2022-06-21,66.8977799524835,68.23119154749091,66.77699967631767,67.47752380371094,12856600
2022-06-22,66.52094348747764,68.71430997353669,66.52094348747764,67.34707641601562,12021800
2022-06-23,67.82534669359808,68.58867864340722,66.89775539773693,68.40509033203125,11777400
2022-06-24,68.8930755999412,71.03812720963587,68.56937795790624,71.01397705078125,13404600
2022-06-27,71.36182458548024,71.7289939864526,70.04289860709225,70.26996612548828,14574200
2022-06-28,70.43421171004663,71.27001639955361,67.4388627988421,67.46302032470703,11367800
2022-06-29,67.4292105626235,67.87368105768435,66.68519999448937,67.40988159179688,11919200
2022-06-30,66.53061016063286,67.25529181320373,65.10539701310246,66.41948699951172,12569200
2022-07-01,66.52578357515605,67.72875794124442,66.2697299450325,67.64179229736328,11335400
2022-07-05,66.67072611859322,69.19744795013068,66.20209796120048,69.15396881103516,11515800
2022-07-06,69.03316710442948,69.64189697854668,68.14422613439862,68.9268798828125,15889800
2022-07-07,69.10563598337181,70.84004626176129,69.09597886950638,70.70477294921875,8559000
2022-07-08,70.12021001517665,71.23621879720984,69.79651969883524,70.71444702148438,6196600
2022-07-11,70.26513642224911,70.45838192027408,68.60802715790435,68.7771224975586,7615200
2022-07-12,68.777110051613,69.85446788323715,67.92198376531809,68.36162567138672,14874400
2022-07-13,67.0088878824072,69.53078034268354,66.73834127502528,68.92205047607422,14236200
2022-07-14,68.16355817524617,68.98003406100084,67.33258924540003,68.86408233642578,10515200
2022-07-15,69.72886876809305,70.29411956658464,69.29889128692373,69.97525787353516,7519600
2022-07-18,70.93182894603885,71.77729069827438,69.90760741047848,70.17815399169922,8042600
2022-07-19,71.2072269725026,72.43918739613393,70.60332552678565,72.32807159423828,8840000
2022-07-20,72.46816105267496,73.65664213754955,72.28457268568523,73.51653289794922,9340400
2022-07-21,73.78225833379153,75.2461147435494,73.3619453166858,75.19779968261719,10763200
2022-07-22,75.67607603003293,76.23649818063916,74.30401410696943,74.76297760009766,7794600
2022-07-25,74.82580536744396,74.8644559437018,73.66631019523983,74.12044525146484,9123400
2022-07-26,72.4295059064549,72.75803204916399,71.60337305087684,71.73381042480469,8196400
2022-07-27,72.8208363424428,74.83545030659334,72.47298858456217,74.44895935058594,10402600
2022-07-28,74.88377085903234,75.8548416208247,73.70979011888828,75.72923278808594,11074600
2022-07-29,77.45880043831814,78.98062882865777,76.9370288088708,78.6666030883789,13605400
2022-08-01,78.68109615548423,80.19326743283133,78.29459783297325,79.05792999267578,17921800
2022-08-02,78.56514575744852,79.89856462375737,78.25594856865158,78.51683807373047,13815400
2022-08-03,79.37680735365879,80.79718473087208,79.0724386665863,80.43000793457031,12027600
2022-08-04,80.62806966004553,81.09669765620592,80.1642702203974,80.75851440429688,9827600
2022-08-05,79.8550865767121,80.55561809727018,78.97098141549087,79.38162994384766,8788200
2022-08-08,80.20776377961613,81.44455256513564,79.4347671027451,79.7391357421875,7294000
2022-08-09,79.25601850527052,79.51207210038365,78.00473661642057,78.4685287475586,6639400
2022-08-10,80.75852978766845,81.01941195402355,79.78262304182688,80.68122863769531,7246800
2022-08-11,81.39141335254256,81.76824722563704,80.0193511801553,80.27056884765625,7822000
2022-08-12,80.85032352160064,82.11126995746734,80.15462791948889,82.08711242675781,5897800
2022-08-15,81.8793622969079,82.91324116023924,81.77791099372733,82.65235900878906,7714800
2022-08-16,82.78279879651505,84.43023605263035,82.53640233133788,83.5654525756836,7224600
2022-08-17,82.64753325727484,83.52680985934161,82.12576156481889,82.66685485839844,7495400
2022-08-18,82.57022735107616,82.83110949634947,82.11126378944483,82.64269256591797,5669000
2022-08-19,81.9180140084333,82.02430124209054,80.6667321061922,80.9372787475586,7149600
2022-08-22,79.71014344588497,79.71014344588497,78.52166243787434,78.69075775146484,8369400
2022-08-23,78.75356354587231,79.49757412737445,78.49750996663707,78.91299438476562,8787000
2022-08-24,78.75357599090012,80.04350857650475,78.56033047967867,79.25119018554688,6664000
2022-08-25,79.74396983211501,80.29472760675077,79.14490436922468,80.19810485839844,6090000
2022-08-26,80.34301037239828,80.6087283524423,77.12542327988014,77.14474487304688,7893800
2022-08-29,76.07224969894219,77.37667516112509,76.07224969894219,76.73412322998047,7051400
2022-08-30,77.3815046991281,77.5554285877469,75.11566559000983,75.87899780273438,7334400
2022-08-31,76.27033127433188,76.50223472701387,75.1108434982959,75.13016510009766,8862800
2022-09-01,74.63736828355815,75.87898545912219,73.88369330758552,75.81617736816406,11943800
2022-09-02,76.57469821719765,76.9080529725277,74.69052878077996,75.1205062866211,16482600
2022-09-06,75.44901000470865,75.62776242595267,73.84505202624229,74.96588897705078,17922000
2022-09-07,74.88376538425283,77.37183593054102,74.88376538425283,77.26554870605469,12633200
2022-09-08,76.4732485700831,78.04339240983614,76.23168797935188,77.98542022705078,9391400
2022-09-09,78.35740872294754,79.59419750159587,78.35740872294754,79.46375274658203,8950800
2022-09-12,79.90339631511074,80.77301574641727,79.90339631511074,80.48797607421875,8791600
2022-09-13,77.92258805635905,78.30425780010901,76.12538459829064,76.33795166015625,13350800
2022-09-14,76.60368548673124,77.64240034331603,76.2171871068821,77.3187026977539,14924800
2022-09-15,77.21725822751816,78.47820478820535,76.5457200896407,76.92255401611328,11364000
2022-09-16,75.76305255345504,76.43459057085532,75.21712336506275,76.30414581298828,17364200
2022-09-19,75.65057774353602,77.39829719463113,75.60216890289512,77.38377380371094,10028600
2022-09-20,76.58494148788988,76.87541663187802,75.43270347108727,76.07176208496094,9142000
2022-09-21,76.28478365611551,76.99161317387546,74.25626671187504,74.27079010009766,10222400
2022-09-22,73.89315641997486,74.1594234232821,72.18416904124041,72.55694580078125,11338800
2022-09-23,71.59353272273958,71.70971982126909,69.9813702451462,70.8866958618164,11213000
2022-09-26,70.59622584501247,72.26648199293037,70.58654112367394,70.72693634033203,12839600
2022-09-27,71.76783141031008,72.49403043301876,70.18471547236719,70.94964599609375,14563400
2022-09-28,71.24978975352509,73.24925964034007,70.89152899073113,72.86679077148438,13861400
2022-09-29,71.71457717914562,71.81140223894127,69.67153665215974,70.34931945800781,12313600
2022-09-30,69.52630216479731,70.94480752829027,68.7613715592687,68.96470642089844,12232400
2022-10-03,68.90173736557198,69.67150622762654,67.87537149555725,69.0324478149414,17291600
2022-10-04,70.74630636062098,72.14060336635887,70.54297153451915,71.4434585571289,19663800
2022-10-05,70.3105869437151,71.4918718631282,69.560179813372,71.02226257324219,12541200
2022-10-06,70.87217543272688,71.56932760211282,70.21375476022658,70.51876068115234,14429000
2022-10-07,69.47302730916532,69.62795328529482,67.6962615738641,68.09324645996094,11195400
2022-10-10,68.19492991817397,68.38858003616527,67.00396026941988,67.67206573486328,9728400
2022-10-11,67.33802122001424,68.49025950833251,66.67476172830804,67.12016296386719,12003400
2022-10-12,67.1249690029482,67.81244366228071,66.5827429601487,67.29441833496094,19440000
2022-10-13,65.28043471397484,68.41277306875394,64.65590694191945,68.03031158447266,19564200
2022-10-14,68.7080956837116,69.06635645658916,65.38210718351137,65.48861694335938,13421400
2022-10-17,66.88776684048655,68.33048002900641,66.85872006425721,68.1465072631836,13131000
2022-10-18,70.27183180598054,70.47517396368708,68.41276471580709,69.08570861816406,10368000
2022-10-19,68.5241006250719,68.96950895973983,67.58972858470072,68.31108856201172,7144800
2022-10-20,67.38157188415843,68.6403196020966,66.76672879951934,66.98942565917969,10195200
2022-10-21,66.91197359252266,69.00342269866712,66.54402806834045,68.94048309326172,15575800
2022-10-24,68.62579293891267,69.52144116322016,67.4009381074225,69.22611999511719,9081200
2022-10-25,69.26000988240091,71.15297015710667,69.26000988240091,70.95932006835938,7455000
2022-10-26,70.10239457488663,71.80654321585827,69.9087371229146,70.38803100585938,6864600
2022-10-27,70.73177089889556,71.18201063970983,69.87001552177165,70.1169204711914,12722200
2022-10-28,68.2336404924598,70.2766803759798,67.7446619054885,70.17985534667969,14082600
2022-10-31,69.80709251857856,70.25733236642267,69.13898705426435,69.72962951660156,9367400
2022-11-01,70.91574971023789,71.11908454022439,68.88723269025692,69.02279663085938,12514600
2022-11-02,68.95501920825647,69.35685024909311,66.39396039048921,66.41332244873047,19853200
2022-11-03,65.93887152960554,66.7764190228578,65.58061806344608,66.0163345336914,11117400
2022-11-04,67.58007273877209,68.24333947199312,65.31433555313131,66.5682373046875,12628800
2022-11-07,66.97007917242436,67.02817273413895,65.45474141461794,66.10347747802734,7424600
2022-11-08,66.18093964479121,66.72801196825328,65.02870882416902,65.93887329101562,9535600
2022-11-09,65.59027914676031,65.89528503272591,63.85708364299739,63.924861907958984,10155400
2022-11-10,67.12983465103277,68.67421897796402,66.42299773553594,68.59675598144531,15516000
2022-11-11,68.6984211220682,70.6301130842871,68.49024762530416,70.24280548095703,11350400
2022-11-14,69.63278205390573,70.24763242994673,69.05666316639163,69.12928009033203,15841000
2022-11-15,70.77050138148108,71.14813161356332,69.29874149753357,70.07335662841797,8739400
2022-11-16,68.78557498971848,69.5747136556486,68.4999384693031,69.00343322753906,9573600
2022-11-17,68.00612124714489,68.45636111415227,67.52682721270068,68.16588592529297,7565000
2022-11-18,69.04699711258169,69.07120522286458,67.46872731166367,68.25786590576172,7414000
2022-11-21,67.87539899301362,68.06905649376995,66.90713365106683,67.27023315429688,6752800
2022-11-22,67.53649428897596,68.06419702337708,67.07172376604785,68.03031158447266,5520800
2022-11-23,68.27238497315663,69.15834856503085,68.13198237476955,69.01310729980469,6177000
2022-11-25,69.04698805265775,69.24548418874268,68.68873466167993,69.05183410644531,2728400
2022-11-28,68.67904833651015,69.39556248899963,68.47571353866626,68.62579345703125,6041000
2022-11-29,68.68874154414644,68.94048519890177,68.14650796228436,68.40794372558594,10423000
2022-11-30,68.44183988511833,70.78988651908405,68.0012847266794,70.76567840576172,16408600
2022-12-01,71.02710192544019,71.32242312742557,70.21859392652856,70.7559814453125,9654000
2022-12-02,69.7586759609412,70.87702126773564,69.74415257154999,70.66400909423828,11972400
2022-12-05,69.7247764859447,69.94263467025768,68.4418207120538,68.62579345703125,11580000
2022-12-06,68.42731034650609,68.72263157303492,66.97007365769117,67.55587005615234,7899800
2022-12-07,67.09593030310816,67.86569930728079,66.88775684638387,67.14918518066406,10852600
2022-12-08,67.2605403606643,68.05452493756366,66.94101845049842,67.79792785644531,6407000
2022-12-09,67.38641453298409,68.17555299693541,67.27990477512772,67.50260162353516,7218400
2022-12-12,67.3622211137101,67.67206573486328,66.92165859990965,67.67206573486328,6545600
2022-12-13,69.91844108504336,70.3541649314415,66.94102804407586,67.67206573486328,10744000
2022-12-14,67.53165564516115,68.08840515231653,66.41330318995927,67.1685562133789,10903800
2022-12-15,66.12769053491725,66.44721992279362,65.57577949553058,66.06475830078125,11947800
2022-12-16,65.68710960433167,65.94370668636998,64.4913088425413,64.8302001953125,13371800
2022-12-19,64.81854672929153,64.95447478036441,63.5369340995163,63.78936767578125,8675800
2022-12-20,63.396154664441795,63.925303744450915,62.959244075127216,63.04662322998047,7710200
2022-12-21,63.81365110406996,64.40591229883547,63.57092134908489,64.05152893066406,10670200
2022-12-22,63.32818900746847,63.37187858377546,61.47373390327799,62.405818939208984,12894200
2022-12-23,62.240754147863655,63.00777349621124,61.81839942450655,62.8330078125,6550800
2022-12-27,62.541742033790115,62.6582549688737,61.77471521141745,61.81355285644531,8536000
2022-12-28,61.842677173074996,62.44464953961867,61.167888854237894,61.29410934448242,10073800
2022-12-29,62.17279746492598,63.01264026833256,61.93006402777886,62.87185287475586,7492200
2022-12-30,62.25047646600641,62.716520896638514,61.98347593386116,62.70195770263672,7531000
2023-01-03,63.07574843415763,63.255373483867004,61.570828448838405,62.32814407348633,9567000
2023-01-04,62.910693135857045,63.697142541829955,62.11939550548521,63.23109817504883,8079600
2023-01-05,62.789323704219726,63.0611798119643,62.221337034641245,62.64368438720703,7776200
2023-01-06,62.46893191081685,64.36222861768084,62.02716564222523,64.1146469116211,9239400
2023-01-09,64.89136741523663,65.55159260039542,64.4544568488549,64.50299835205078,9387800
2023-01-10,64.53698237529184,65.32342433712398,64.18745096836122,65.31371307373047,8830800
2023-01-11,65.87200542170734,67.0807949218002,65.81375264797505,67.07594299316406,12708000
2023-01-12,67.49341807860017,67.57109335843671,66.10985586066116,67.18757629394531,9572200
2023-01-13,66.14870565328563,67.88179954136716,66.05647457499794,67.81868743896484,7969400
2023-01-17,68.01773216849432,68.41095318596317,67.67305265745816,67.86724090576172,7499800
2023-01-18,68.55657953394618,68.94980047692896,66.954561974645,66.98368835449219,9596800
2023-01-19,66.49338922391028,66.7021332561753,65.53218147477116,65.87200164794922,12957200
2023-01-20,66.01763529866962,67.5079920040051,65.69237834608842,67.46915435791016,7502600
2023-01-23,67.6487847164808,68.7798988400238,67.25555629666994,68.5226058959961,9168000
2023-01-24,68.28472091014433,68.77018030963487,67.84295107880251,68.4449234008789,6373000
2023-01-25,67.40604974377766,68.88669518744797,66.89631582352747,68.79446411132812,7540400
2023-01-26,70.01295689248953,70.40617783045124,69.31874608239686,70.20228576660156,9641200
2023-01-27,70.26054772207313,72.34802494546672,70.24598453042928,71.79460144042969,10945200
2023-01-30,71.25575064430781,71.7266469904171,70.51299814117147,70.57125091552734,9578400
2023-01-31,70.64892229745996,72.18782806396484,70.64892229745996,72.18782806396484,6975600
2023-02-01,71.99850298170819,74.13452939597833,71.25575048028159,73.55683135986328,13913800
2023-02-02,75.1539834067027,76.71716357676047,74.80931131268211,75.80935668945312,14039600
2023-02-03,73.53738599433778,75.22193066270866,73.14901700256954,73.47428131103516,13593800
2023-02-06,73.19759412032315,73.81412985463326,72.75582412930073,73.36750793457031,8770000
2023-02-07,73.04707273127907,73.72186096606585,71.6829330730608,73.53738403320312,9833200
2023-02-08,73.29468074445009,73.47430581496789,72.40628887953731,72.91117095947266,11128000
2023-02-09,73.88207739883781,74.3675368653838,72.41598773576231,72.77523040771484,8316200
2023-02-10,72.13926953998717,72.48394156451783,71.33825708839413,71.92080688476562,6433000
2023-02-13,71.91595310998606,73.00823672794304,71.43049372422742,72.97425842285156,6721400
2023-02-14,72.45969173721116,74.04714658299726,72.0082178990429,73.84810638427734,8722600
2023-02-15,73.63936533735968,74.72679006256512,73.35294596116898,74.71222686767578,6820200
2023-02-16,73.56652944679125,74.61027181738542,73.06650675387593,73.08106994628906,11257600
2023-02-17,72.66356084545454,73.12960513780185,71.86740771031674,73.09562683105469,7480200
2023-02-21,72.0033468598237,72.19752767055829,70.6343476993186,70.65376281738281,8837200
2023-02-22,70.81396796434916,71.47905245137675,70.49842228323983,71.01300811767578,9928400
2023-02-23,71.26060744301286,71.35284594706314,69.75568721161544,70.95477294921875,10568600
2023-02-24,69.63916325889797,69.97413149653038,69.2653573726608,69.83820343017578,11914600
2023-02-27,70.62950794887537,71.2314730104509,70.41104523973004,70.70232391357422,11244400
2023-02-28,70.6586221525412,71.17320796775866,70.37705479170987,70.65376281738281,11185000
2023-03-01,70.40134695192255,70.63436546491631,69.35760446101877,69.76539611816406,12688800
2023-03-02,68.64882389843754,69.63915793582538,68.46434693354703,69.53235626220703,10982800
2023-03-03,70.13918846229423,71.14894513965032,69.97898593387711,71.02758026123047,10035200
2023-03-06,71.20719602280714,71.4547851090343,70.48386610741966,70.50814056396484,9854400
2023-03-07,70.40133418156744,70.75086559141778,69.51294246549142,69.54692077636719,11941800
2023-03-08,69.42070770263672,69.56634703246874,68.70708165323147,69.42070770263672,10816600
2023-03-09,69.29935089476912,70.01782895603348,67.70704416033193,67.76529693603516,13337400
2023-03-10,67.98860289531665,68.69251767264818,66.86233332556704,67.09049987792969,29058600
2023-03-13,66.10017113504279,68.09055075607353,65.88171582886588,67.23129272460938,23628200
2023-03-14,68.14393431710067,68.56628903661354,67.51769494389026,68.37210083007812,15038200
2023-03-15,67.35749835780584,68.3090021344588,66.98855184432013,68.2701644897461,18002800
2023-03-16,67.84296428279481,69.79936545090604,67.78956344215676,69.50323486328125,21495600
2023-03-17,69.48382194585629,69.52751152389334,68.05656980311856,68.6148452758789,16880000
2023-03-20,68.53207476054686,69.33552438861871,68.05000052562602,68.9118881225586,11729600
2023-03-21,69.80298062893583,70.92293874908724,69.77375793377783,70.81581115722656,12776800
2023-03-22,70.84990187329292,71.36605804519874,69.2089133965492,69.23812866210938,10983600
2023-03-23,70.07567713937247,70.58696664655014,68.47851134389927,69.16509246826172,12255600
2023-03-24,69.00440577580234,69.06283631256916,68.06460587206995,68.94110107421875,9434600
2023-03-27,69.6033285718676,69.86140663642628,68.79500495111166,69.0822982788086,8414400
2023-03-28,69.06282403847737,69.24786394552542,68.53206027682987,68.99951934814453,5719600
2023-03-29,69.74940821613558,70.333735734924,69.5059377974631,70.30938720703125,7725400
2023-03-30,70.9813734433386,71.27840767435295,70.64051631679627,70.92293548583984,6478400
2023-03-31,71.37581273035079,72.86098426759894,71.27355185100943,72.81715393066406,10453800
2023-04-03,72.15977294186358,72.50063008480834,71.64848351238223,72.15003204345703,11338400
2023-04-04,72.38863719067861,72.55419531622303,71.40501447575421,72.03316497802734,9383000
2023-04-05,71.73125319426431,71.75560172203276,70.40677352903754,70.55772399902344,8861600
2023-04-06,70.23147717832795,70.69894366666766,69.57897821825456,70.57233428955078,7636200
2023-04-10,69.85168274583971,70.90834379066992,69.4329132019325,70.88400268554688,7276800
2023-04-11,70.9229337215577,71.39526695306233,70.67459655628194,70.99597930908203,8808000
2023-04-12,71.58517804784043,71.60952657853065,69.81758765768197,69.89549255371094,9062600
2023-04-13,70.40190816735632,71.50239180073541,70.17304537610285,71.43909454345703,13140000
2023-04-14,71.27841989157426,71.96987516111317,70.93755527647915,71.53162384033203,10801600
2023-04-17,71.71178304482345,72.19384974438469,71.35144413100377,72.03803253173828,9102400
2023-04-18,72.39836239405983,72.56392793083167,71.84325011933197,72.15489196777344,9058800
2023-04-19,71.48292896791627,72.50063371354877,71.41475753591526,72.08673095703125,7600400
2023-04-20,70.90347092492493,71.58518527227997,70.57722138511008,70.97650909423828,8287000
2023-04-21,71.55596848821328,72.04778358493157,71.0057302874115,71.76048278808594,8870200
2023-04-24,71.86759346277924,72.2912370264388,71.09335934627974,71.750732421875,7750000
2023-04-25,71.27840567517919,71.40500762430746,70.31913158373281,70.32886505126953,8494400
2023-04-26,70.68434006640517,70.9132028748764,69.8273193605969,69.96853637695312,7706000
2023-04-27,70.46033855798163,71.8968125600682,70.4116489317154,71.81403350830078,9630800
2023-04-28,71.47804654946172,72.09646353057043,70.81093993976265,71.99907684326172,8271000
2023-05-01,71.82378495112289,71.97960961035999,71.18589354139452,71.28814697265625,8547800
2023-05-02,71.1810176093636,71.5170080211375,70.49443658326966,71.36119079589844,9217200
2023-05-03,71.06415227948439,72.01368549694512,70.74276951968905,70.79633331298828,8512000
2023-05-04,70.80608897694349,71.11285673878749,70.13897478852668,70.2509765625,10663000
2023-05-05,70.9132096456722,71.80917916899332,70.78660024924648,71.67283630371094,7371800
2023-05-08,71.89194938319615,71.94551317582828,71.43909794286556,71.91629791259766,6850000
2023-05-09,71.52188092945637,71.95038386393529,71.40501243998301,71.89682006835938,8465000
2023-05-10,72.55905050028822,72.92913028686367,71.43421837030746,72.26201629638672,9028000
2023-05-11,72.30586235702887,72.6905424277204,72.03316919120016,72.5980224609375,8288600
2023-05-12,72.84636937682899,73.03627605086622,71.55597139620691,71.98448181152344,7557800
2023-05-15,72.06724732257328,72.2230719643267,71.44883034957215,72.07698822021484,6412000
2023-05-16,71.58519584570679,72.42760915023734,71.48294239356484,71.78484344482422,6948800
2023-05-17,72.23769366254815,73.35765191519658,72.22308602830522,73.27974700927734,9331800
2023-05-18,73.44042571863261,74.44838945777066,73.43068482077835,74.41917419433594,8606600
2023-05-19,74.23900111067356,74.27794983798412,73.42580339811478,73.79588317871094,7150200
2023-05-22,73.82996901970485,74.049098345477,73.31381290948039,73.56702423095703,7120000
2023-05-23,73.002177639482,73.93710326053807,72.74896629519753,72.89505004882812,8583200
2023-05-24,72.73922953298721,73.01191523134703,72.06238202094121,72.62722778320312,6952400
2023-05-25,72.85121749756458,72.94373744360752,72.05750157111969,72.30097198486328,7997800
2023-05-26,72.47141780024526,74.53604996976736,72.34968257060636,74.00041198730469,10410200
2023-05-30,74.8087350888274,75.06193901473075,74.0150190203756,74.4970932006836,10981400
2023-05-31,74.00526185152518,74.1562123130464,72.8025174624582,73.8250961303711,12489800
2023-06-01,73.76179839109464,75.06192957803086,73.2505090090095,74.69672393798828,10168800
2023-06-02,75.58782726206007,76.73700798346341,75.54400436809675,76.44971466064453,10824600
2023-06-05,76.43509558659711,76.93664400054496,76.23058134859062,76.6785659790039,7854800
2023-06-06,76.53736544180727,77.58429281226356,76.48867581093639,77.47716522216797,9799200
2023-06-07,78.0225240969379,78.28547629585304,76.80517206895667,76.95125579833984,9206400
2023-06-08,77.0729936944619,78.22704107967574,77.02429663959008,78.0906982421875,6720000
2023-06-09,78.89416049052296,79.54179272817841,78.30983294252741,78.49486541748047,11579000
2023-06-12,78.97694996983908,79.95083182175374,78.74322040581565,79.84370422363281,9410800
2023-06-13,80.48160972133056,80.72508022688399,79.83397728494282,80.67151641845703,10836400
2023-06-14,80.81270753125575,81.04156289729247,79.53691743920247,80.6130599975586,13420200
2023-06-15,79.89240183128406,81.421396051977,79.75118480092445,81.13896942138672,10713600
2023-06-16,81.71355676990598,81.74277203706248,80.96367100241618,81.0172348022461,13295000
2023-06-20,80.84351564236817,81.71688970293279,80.5946715246934,81.62418365478516,10973400
2023-06-21,81.59490619000464,81.79495529125487,80.5068460522222,80.64346313476562,10916000
2023-06-22,80.1457957799657,81.6925024301999,80.0530971652813,81.67298889160156,10753000
2023-06-23,80.71179578315383,81.46319740664498,80.39465048503962,80.72643280029297,11690400
2023-06-26,80.23361606677916,81.3899848060725,79.65786623600546,79.69202423095703,8673400
2023-06-27,80.1604266257429,81.5119680056788,80.05796752710805,81.40462493896484,10957000
2023-06-28,81.18995387831342,82.31705628805447,81.12164531818439,81.72666931152344,8715400
2023-06-29,81.86813991200297,82.06331248963197,81.32654810732542,81.81446838378906,7752600
2023-06-30,82.50244889416231,83.11723329031838,82.29264672060489,82.85375213623047,9479000
2023-07-03,83.6832211669006,84.31751914592338,83.6832211669006,83.85399627685547,9303200
2023-07-05,83.72225430817812,84.01988603099389,83.3904720309797,83.88814544677734,14528600
2023-07-06,82.82936888246388,82.98550699250451,82.15115978775898,82.53662109375,11474400
2023-07-07,82.58052054301362,83.45877867591273,82.42926642333424,82.63906860351562,10563600
2023-07-10,82.70249548878198,82.95621614363358,82.18530113298422,82.89278411865234,10638800
2023-07-11,83.1221094898451,83.72713339217849,83.04892441681321,83.58563232421875,9633200
2023-07-12,84.72248993648412,84.83470953323807,84.1418635242472,84.3370361328125,10131800
2023-07-13,85.12258014218922,85.33725882367806,84.52731677129417,85.12745666503906,7390000
2023-07-14,85.12257621894206,85.72271608502687,84.97131467669188,85.34701538085938,7919800
2023-07-17,85.39581162230594,85.89836892764752,85.30798209827532,85.69344329833984,8363400
2023-07-18,85.3860585982473,86.2447957073518,85.13233793950623,86.04475402832031,9365200
2023-07-19,86.26430633852786,86.75222661482601,86.17647681735646,86.34725189208984,13090400
2023-07-20,85.35679479337509,85.4738909229171,83.28800964559846,83.40511322021484,19470600
2023-07-21,84.1516256031358,84.17113914182349,83.0635652782546,83.42462158203125,10484000
2023-07-24,83.30751270483354,84.1028177121156,82.9562095016506,83.97108459472656,9651200
2023-07-25,83.93207041573677,84.10283809097719,83.56124614192703,83.77593231201172,6483600
2023-07-26,83.24896736044549,84.12234895226167,83.17090576305232,83.75640869140625,8834600
2023-07-27,84.60050663206556,84.76152123610854,82.7268943315039,82.88790893554688,9464000
2023-07-28,83.79056394704911,84.5175679863114,83.52709022027818,84.29312133789062,7943000
2023-07-31,84.50293592902011,84.78104668775948,84.22481772520621,84.77129364013672,6943600
2023-08-01,84.34678172725866,84.46388528205155,83.75151835260607,83.81007385253906,6900200
2023-08-02,82.83910518726621,83.13673685818463,82.13649878738845,82.3072738647461,9707000
2023-08-03,81.83889220722553,82.70738998304675,81.64372701190109,82.5024642944336,8049600
2023-08-04,84.82496963639791,85.20066300661377,83.60516856279469,83.70275115966797,13507200
2023-08-07,83.99548824827663,84.57611467654513,83.29288917326348,84.56147766113281,7369000
2023-08-08,83.70761729271784,84.01500950753179,83.07331932416756,83.88814544677734,7255400
2023-08-09,84.00524186944425,84.01011839249152,82.75129049954806,82.89278411865234,9045000
2023-08-10,83.51733044971127,84.36631459010638,82.69274381730133,83.09284210205078,8723000
2023-08-11,82.53172678892597,83.05868167670855,82.19994451425208,82.80984497070312,6302200
2023-08-14,82.302406069087,83.07332116237438,82.14139889546118,83.06356811523438,5639400
2023-08-15,82.75616612536643,83.12210636692456,81.80959950932439,81.93157958984375,6628600
2023-08-16,81.58027418865541,82.11698950666931,80.89230476603935,80.91670227050781,6715400
2023-08-17,81.14603245393633,81.22410149698169,79.49685928370322,79.545654296875,8709200
2023-08-18,78.68691856071665,79.57492974469149,78.52101998002068,79.36512756347656,8249000
2023-08-21,79.82867141705975,80.40441401982287,79.37490149133936,80.27755737304688,6645200
2023-08-22,80.89718774875183,81.05820234219506,80.09211478153576,80.3946304321289,8006600
2023-08-23,80.02381344433313,81.27289578671932,79.94575184705633,81.03868865966797,7728600
2023-08-24,81.18019176513982,81.28753483979487,79.4285520169453,79.45294952392578,7949000
2023-08-25,79.8091490430101,80.57518025371891,79.09190540870519,80.34098052978516,10093000
2023-08-28,80.85815954322574,80.94110510782497,80.17995056672751,80.66299438476562,5962800
2023-08-29,80.64347365017814,82.71225858356365,80.64347365017814,82.6781005859375,8913800
2023-08-30,82.52683741531176,83.34654737258401,82.32191178726188,83.03427124023438,7289000
2023-08-31,83.08793651018765,83.74663182899478,82.97084041445108,83.2928695678711,7872600
2023-09-01,83.76617112515672,83.98085729346246,82.30240991769878,82.78545379638672,10618400
2023-09-05,82.63906087356811,83.03915910310398,82.16090105235597,82.84398651123047,9426200
2023-09-06,82.40974701467107,82.53661107494827,81.5119753261391,82.10723876953125,11155000
2023-09-07,81.23873474121095,82.43413805769757,81.02893257347246,82.33655548095703,10439400
2023-09-08,82.2243358899591,82.89766088102013,82.10723233082642,82.33655548095703,5709400
2023-09-11,83.56124188632249,84.68346025320177,83.52220736237918,84.55171966552734,10648600
2023-09-12,84.24921319098999,84.81520263251278,83.78569030761719,83.78569030761719,9908200
2023-09-13,84.04916622093673,84.68834820486158,83.7710554617377,84.44926452636719,7984800
2023-09-14,84.72737225050729,85.49828735561265,84.33215792812794,85.27872467041016,9777000
2023-09-15,84.88837858287752,85.00548214458577,83.62954321353959,83.81983184814453,11981600
2023-09-18,83.58276359509388,83.68051972167088,82.79581446993029,82.90823364257812,7442400
2023-09-19,82.47811954415141,82.65408358593133,81.73515942793443,82.49278259277344,8324000
2023-09-20,82.76161861723675,83.23573629247574,81.66673040375602,81.67161560058594,8857400
2023-09-21,80.64026318534144,80.68425978513508,79.42807071748886,79.44273376464844,12236000
2023-09-22,79.92664205219192,80.09282823668077,78.59224500472592,78.66067504882812,14209400
2023-09-25,78.33807955533159,79.31076320878545,78.14255981867893,79.14457702636719,9486800
2023-09-26,78.42606404395707,78.90996703982812,77.53158075612535,77.7026596069336,11667000
2023-09-27,77.90795413891952,78.16212610181597,76.61266833839063,77.40450286865234,12485000
2023-09-28,77.12099060139698,78.49448405419763,76.92547833260468,78.26964569091797,10291800
2023-09-29,79.40853150989814,79.71157779676601,78.25009844426995,78.68511962890625,13116600
2023-10-02,78.21587994603631,79.38896849413446,78.02525287051247,78.7486572265625,14663600
2023-10-03,78.1425597560889,78.22565284723147,76.56377610774939,76.83261108398438,14613800
2023-10-04,77.20897719206975,78.51892581567375,77.18942148998653,78.34784698486328,15340600
2023-10-05,78.24032328026509,78.45049860619687,77.3409474098557,77.95682525634766,13922000
2023-10-06,77.13566402042123,78.80731875580814,76.71042067654584,78.5042724609375,15265000
2023-10-09,77.55602082272532,78.74377999678327,77.06234743829884,78.58736419677734,10496000
2023-10-10,78.70956432880894,80.20036985091802,78.67535303266408,79.4476318359375,13458600
2023-10-11,79.77022882700534,80.15637566268019,79.02726871119917,79.73112487792969,7974400
2023-10-12,79.74578940596706,79.88754215628555,78.32342145582037,78.861083984375,9181200
2023-10-13,78.97839708848822,79.10059413668957,77.48759160876868,77.7026596069336,11327000
2023-10-16,78.12300825565886,79.21300370480343,77.9274885273115,78.95883178710938,11071400
2023-10-17,78.24032341616294,79.53560904135716,78.09368547825228,79.14457702636719,13419800
2023-10-18,78.54337488834311,78.66557193497796,77.13566252444863,77.28718566894531,10414600
2023-10-19,76.62243350226198,76.97436159353572,74.95567145306134,75.31248474121094,21134800
2023-10-20,75.13653434183546,75.1756382988919,74.10519078171309,74.14429473876953,13357800
2023-10-23,73.8461146710916,75.17072638226409,73.0591654504694,74.23225402832031,15707200
2023-10-24,74.79925541039539,75.50311159065768,74.47665341805588,75.02410125732422,9960400
2023-10-25,74.43754460586798,74.56463429908445,73.42575700656913,73.50885009765625,11201000
2023-10-26,73.4306462834575,73.83145617154241,72.25755763333984,72.36019897460938,16921600
2023-10-27,73.62127964134295,74.24204277186757,72.87832691358433,73.11782836914062,15226600
2023-10-30,73.95852405275761,74.25179988749865,73.14224884464933,73.7874526977539,13858000
2023-10-31,73.82168146004284,74.57441946684835,73.52840555587933,74.34468841552734,10168600
2023-11-01,74.77969251625561,75.31246974394809,74.19314084205779,75.26358795166016,21669800
2023-11-02,76.57355652578305,77.27252002910687,76.33404763741567,77.22853088378906,20069600
2023-11-03,77.86397534048774,78.73401789166232,77.83953443455911,78.31365966796875,13727200
2023-11-06,78.60690429370692,78.87084658091695,77.87372215796152,78.41138458251953,11280600
2023-11-07,78.55314137364675,79.38407967886253,78.39184040043135,79.28632354736328,8773600
2023-11-08,79.31076521842915,79.44762530839623,78.6069165235909,79.0761489868164,8334600
2023-11-09,78.96860668816701,79.06636281953142,77.32627832297486,77.5999984741211,11497200
2023-11-10,77.69777445086613,78.91974493352225,77.30184974950016,78.89041137695312,10312200
2023-11-13,78.5433683414176,79.49650373405831,78.19144027977869,79.22766876220703,9880000
2023-11-14,81.20726835935022,82.15063343009845,81.08995651053179,81.8964614868164,15258400
2023-11-15,82.29725554527163,82.67850969224784,81.73515217579296,81.99420928955078,12388800
2023-11-16,81.28547067714351,81.85246672002646,80.79668252810274,81.15349578857422,12287400
2023-11-17,81.42721757230669,81.91600573103352,80.91888116888957,81.69605255126953,8921000
2023-11-20,81.67650294953879,82.29237333430848,81.4272162194081,82.11640930175781,9285000
2023-11-21,81.50544005810305,81.98934310686033,81.24149768680064,81.90625,7603600
2023-11-22,82.25815127957814,82.78604335602544,81.83290799229351,82.15550994873047,8963400
2023-11-24,82.10174398672288,82.37546415017304,81.95999125030508,82.23371887207031,3483000
2023-11-27,82.2825914227724,82.7958204472464,81.93066337503679,82.36568450927734,7299600
2023-11-28,82.26793199427551,82.88380983406024,81.81824779312578,82.83981323242188,11974000
2023-11-29,83.45569118795393,83.87604929413794,82.55631532609183,82.61497497558594,7659400
2023-11-30,82.61499252966193,82.64920382901374,81.85248404905771,82.4976806640625,13023000
2023-12-01,82.14573489944557,83.6512032891819,81.98443391572576,83.62676239013672,14955800
2023-12-04,83.02066830197188,83.6707499628159,82.82026337520472,83.30905151367188,18477600
2023-12-05,82.85935878302097,84.28172645107274,82.79092874901954,83.45568084716797,7822600
2023-12-06,84.0813396868168,84.49191994299443,83.51434364258182,83.57788848876953,12228000
2023-12-07,83.91514651817293,84.41860517735978,83.64631900070363,84.26707458496094,7380200
2023-12-08,83.84183856535682,84.81452975925528,83.77829371328988,84.65322875976562,8096400
2023-12-11,84.55547247645666,84.98560101608851,84.29641532996062,84.87806701660156,18892400
2023-12-12,84.78520026974094,85.20066574424922,84.44793523505348,85.14201354980469,7411400
2023-12-13,85.11268433866185,86.34931778172879,84.44793214545345,86.2564468383789,10898400
2023-12-14,87.00916856113038,87.76190642532679,86.67679622714263,87.41486358642578,15288800
2023-12-15,87.4344326470328,87.81079417832275,87.14604195046135,87.59573364257812,11258200
2023-12-18,87.87484484789312,88.41837057934609,87.69856603035005,88.1392593383789,7719400
2023-12-19,88.43795747374377,89.05983103257114,88.41837425838305,88.8296890258789,7194000
2023-12-20,88.43306452536113,89.21162623074213,87.18931739381732,87.20890808105469,8621600
2023-12-21,88.12946783948769,88.56526723080407,87.63491133031317,88.535888671875,7855000
2023-12-22,88.18333804702675,88.56038035052416,87.52229800348344,87.8846435546875,8522800
2023-12-26,88.08049609706093,88.36939518937922,87.9091112271598,88.25677490234375,5480800
2023-12-27,88.36940329831722,88.79051340115375,88.32533546086705,88.56037139892578,7495800
2023-12-28,88.68766826482887,88.85415919076453,88.03152231797173,88.1000747680664,5608800
2023-12-29,88.13437005805552,88.28126285405253,87.25786985976413,87.55656433105469,8268600
2024-01-02,87.28235282223437,87.32152672430753,86.41075404816573,86.74372100830078,15369600
2024-01-03,86.16591738788553,86.20998522309665,84.95645032159763,84.99073028564453,15522800
2024-01-04,84.64795255115553,85.44121086845392,84.36394740936433,84.3933334350586,11915000
2024-01-05,84.17789460006911,85.21597686244884,84.14361463361118,84.52555084228516,12084400
2024-01-08,84.67244020026789,86.0630799332968,84.65285698742754,85.96514892578125,8142600
2024-01-09,85.33838369448243,85.76928910456093,85.11803705402217,85.6468734741211,8330000
2024-01-10,85.77907642397618,86.54295622920215,85.75949321076084,86.3323974609375,7624400
2024-01-11,86.23446161586925,86.50867141545001,85.31879514834276,86.21977233886719,8592000
2024-01-12,85.86233231517562,86.25405638325131,85.02011211982908,85.18170166015625,7444400
2024-01-16,84.66754684047964,85.4167298869686,84.417814177212,85.08375549316406,8976200
2024-01-17,84.18768349300524,84.36886372768706,83.71271766602314,84.33948516845703,7961800
2024-01-18,84.7409957693378,84.92216851348768,83.8889877537943,84.81934356689453,9926000
2024-01-19,84.95156036446865,85.80846984588358,84.44230711709945,85.6370849609375,9782800
2024-01-22,85.8231643749692,86.06799567035033,84.87811168953573,85.26004791259766,11184200
2024-01-23,85.34328143172876,85.62728660359973,84.62348436660199,85.05438232421875,7107200
2024-01-24,85.61748121177527,85.70561686518688,84.66753487617397,84.73118591308594,8622200
2024-01-25,83.93305940329816,84.0016118613621,83.10552849917494,83.6833267211914,11092800
2024-01-26,84.04077706381008,84.49126566612783,83.74697657585396,84.06525421142578,6977800
2024-01-29,84.23665380659907,85.30901606202765,84.08975353693,85.29432678222656,7381200
2024-01-30,85.43631415272245,85.65176685637022,85.08375654160011,85.24534606933594,6274400
2024-01-31,84.70182652991417,85.15721659056312,83.61967646930565,83.69312286376953,13663800
2024-02-01,84.0848528679427,85.32859244534663,83.79105235213012,85.30411529541016,14682200
2024-02-02,85.8868142253016,87.17952314789974,85.47549944803357,86.82697296142578,20763800
2024-02-05,85.93576536239317,85.93576536239317,84.59408747548596,85.60279846191406,13346200
2024-02-06,85.23555351615688,86.14142464280302,85.23555351615688,86.12184143066406,9373600
2024-02-07,86.60171820594907,87.40965841838687,86.39606083317686,87.08648681640625,7796400
2024-02-08,87.14524286634536,87.52228511431679,86.97875939589574,87.46842193603516,8100000
2024-02-09,87.39495878894591,88.23228493117298,87.19420284727263,88.09027862548828,9584800
2024-02-12,88.11966285227263,88.57015143555586,87.8503469949684,88.01683044433594,6040200
2024-02-13,86.24426413732678,86.7535098829904,85.80356337560785,86.26384735107422,14801400
2024-02-14,86.59190680594403,87.21378021626668,86.11693362654921,87.17460632324219,11561000
2024-02-15,87.35090188160953,88.18822812854584,87.12075988567734,88.1833267211914,10567600
2024-02-16,87.80139216497571,88.17354049127886,87.12076150755952,87.65939331054688,8512200
2024-02-20,86.85634039431521,87.16482270191925,86.2834361411567,86.83185577392578,8756400
2024-02-21,87.1158608299687,87.88462710202099,86.90040812544741,87.47331237792969,8886200
2024-02-22,88.2567655256838,89.31443077335418,88.10006995023262,89.17243194580078,8800000
2024-02-23,88.82478297880562,89.22141591780746,88.62892094879724,88.77091979980469,7575800
2024-02-26,89.03044621964375,89.47603345063445,88.90803058517938,89.04513549804688,7051600
2024-02-27,89.4466622169317,89.7551520319687,89.00596888544284,89.33893585205078,5852400
2024-02-28,89.1920246834184,90.11748654376284,89.14306291460255,89.69148254394531,7408800
2024-02-29,90.00975360157832,90.50920391241958,89.54946971100799,90.29865264892578,8270400
2024-03-01,90.22032408060684,90.72956984080525,89.76004009200314,90.59736633300781,11065800
2024-03-04,90.15176872200189,90.4553570997552,89.34872247144696,89.37320709228516,11336800
2024-03-05,88.80029708118761,88.96187913061563,87.95807698613417,88.26166534423828,12941800
2024-03-06,88.60935074640747,88.84438671126317,87.69857797697574,87.94830322265625,9299600
2024-03-07,88.18821981472831,88.98147067897983,88.16862913047252,88.6191177368164,6713400
2024-03-08,88.82476881073217,89.18222779238401,87.99724551503274,88.2910385131836,12463600
2024-03-11,88.0462155363539,88.39877314452475,87.83076283450983,88.05111694335938,8306400
2024-03-12,88.34491121035082,89.15285885361816,87.75242374361189,88.81008911132812,7906400
2024-03-13,88.58974347421997,89.18223841932536,88.48691852769429,88.6240234375,5717000
2024-03-14,88.72685446707486,88.81499761322569,87.58593980452628,88.0609130859375,10810400
2024-03-15,87.46843055185876,88.06091809966058,86.94938940364952,87.1844253540039,9868800
2024-03-18,88.06135175462276,88.26745711612053,87.44794026637945,87.850341796875,8512800
2024-03-19,87.83069691255909,88.65512573831772,87.70801463100644,88.6109619140625,7624200
2024-03-20,88.78271821341085,89.94574391972291,88.7091118350111,89.93102264404297,8497400
2024-03-21,90.55914938682282,90.89284908537812,90.41193663974335,90.45610046386719,7146400
2024-03-22,89.51389842891307,89.9064832130816,89.32741897164833,89.66602325439453,5718600
2024-03-25,89.31760915507493,89.832876255888,89.31760915507493,89.37158966064453,5664600
2024-03-26,89.94574567961938,90.31870463862931,89.42557396092958,89.48446655273438,5387800
2024-03-27,90.18130076833893,90.52971428232254,89.73964002698293,90.51990509033203,5812000
2024-03-28,90.4070347227066,90.67203267311372,90.21074604590602,90.24018859863281,5958200
2024-04-01,90.33832722257586,90.4364715547679,89.23909872133278,89.56788635253906,9941800
2024-04-02,88.12514333272374,88.29198944979528,87.8503362015629,88.2478256225586,12270400
2024-04-03,87.75218409763718,88.6207692414512,87.75218409763718,88.31161499023438,10165200
2024-04-04,88.9790148658924,89.3127071004115,87.26636740221224,87.27618408203125,9650600
2024-04-05,87.56570475675258,88.33124098051458,87.38413737976424,87.76199340820312,10081800
2024-04-08,88.2821632247203,88.88576541675651,88.21346144935829,88.59622955322266,8295800
2024-04-09,89.03298494088051,89.06243497936369,88.27236075854621,89.01335906982422,8559800
2024-04-10,87.56571399346,87.99755805772193,87.2320142652759,87.63932037353516,10806000
2024-04-11,87.93865645787653,88.66493345597699,87.20256278079397,88.34596252441406,8433400
2024-04-12,87.65895056665606,87.71783566858886,86.62841635523667,86.91304016113281,10729000
2024-04-15,87.5460877462569,87.60988493946056,85.38688222538605,85.46540069580078,11136800
2024-04-16,85.02372467576797,85.45556869771055,84.57716686718511,84.97956085205078,12870800
2024-04-17,85.39178905078501,85.48012420429076,84.21894651210918,84.56736755371094,12416800
2024-04-18,84.72438771795653,85.07280872134274,83.81163116748978,84.04227447509766,9411800
2024-04-19,84.04226893416842,84.23365299723218,82.97738761015393,83.3061752319336,13580800
2024-04-22,83.48284078411511,84.09625222295428,82.8841506207735,83.67422485351562,8950200
2024-04-23,84.15023083648813,84.9157670968727,83.7331155602183,84.67040252685547,7889400
2024-04-24,85.93649234497094,86.1867690212018,84.86670631757298,85.48011779785156,8948600
2024-04-25,84.18458752743577,85.73529344493788,83.83126193894333,85.55371856689453,10701200
2024-04-26,85.84815747648264,86.90813422249104,85.72547519072978,86.32416534423828,6665800
2024-04-29,88.10060973642136,88.46865662413701,87.467572384241,88.33125305175781,10308400
2024-04-30,87.46756976238858,87.8797804671701,86.11315246391662,86.18185424804688,7218400
2024-05-01,86.22602825345939,87.32035223764203,85.20531065173607,85.64205932617188,14336800
2024-05-02,86.44685727602983,86.88851055884828,85.59298577625638,86.72166442871094,8238600
2024-05-03,87.81107634702488,88.32634345826071,87.15350107528107,87.30562591552734,9013000
2024-05-06,87.85032626506316,88.23799896240234,87.59514503444832,88.23799896240234,6229000
2024-05-07,88.17910970641645,88.21836893142307,87.47245863216054,87.6049575805664,6300600
2024-05-08,86.83943542924435,87.40867556389063,86.77563824231987,87.27618408203125,5763200
2024-05-09,87.3154230749796,88.08587133771162,87.1191344348593,87.86994934082031,5046000
2024-05-10,87.94358207990258,88.01228386748937,87.21729748206135,87.39887237548828,5654400
2024-05-13,87.77670931113745,87.97791003371755,86.98173058710009,87.28598022460938,8142800
2024-05-14,87.14368174680669,87.82579495319702,87.10442251697954,87.68347930908203,6044600
2024-05-15,88.07607250372335,88.13986969425713,87.24673897851686,87.81598663330078,7182800
2024-05-16,87.76692149680984,87.89941299113065,87.21729969424165,87.24674224853516,6589200
2024-05-17,87.32525147426975,87.7080196154321,87.07007021751731,87.69329833984375,5577400
2024-05-20,87.48719951589877,87.73256411124018,86.83452879373863,87.04063415527344,4002000
2024-05-21,86.96211759269163,87.61969286888682,86.63332246666131,87.60005950927734,4375400
2024-05-22,87.38904821626141,87.47737586934255,86.33397604755241,86.68730163574219,6332200
2024-05-23,86.92286226199222,86.92286226199222,85.15623421450108,85.28382110595703,7354600
2024-05-24,85.86778625247499,86.41249591916281,85.62733375654152,86.14259338378906,5150200
2024-05-28,85.82852317625127,86.11314697462835,85.4702930024027,85.93157958984375,5344200
2024-05-29,85.288730071931,85.70094077196435,85.288730071931,85.36724853515625,4344000
2024-05-30,85.6175146704036,86.11314841202697,85.4506685579283,85.87269592285156,4496600
2024-05-31,85.93157981873148,86.37323304860158,84.99919744992462,86.35360717773438,6840400
2024-06-03,86.41250591795799,86.69712976201933,85.50956595689455,86.31436157226562,7929000
2024-06-04,85.95120965472388,86.75600518018992,85.92176710309862,86.4026870727539,5779800
2024-06-05,86.60388490183973,86.90814208984375,85.82362729092266,86.90814208984375,4581800
2024-06-06,86.98172972988462,87.57551521342167,86.94247050479748,87.5411605834961,4455600
2024-06-07,87.04554168429874,87.71293364821959,87.02100372846205,87.18294525146484,4548600
2024-06-10,86.92776113856046,87.55098925429843,86.92776113856046,87.46265411376953,3731000
2024-06-11,87.4234016003525,87.4234016003525,86.46157658782897,87.23201751708984,5566000
2024-06-12,87.9975691372953,88.70912502336611,87.73257115979368,88.13987731933594,7957600
2024-06-13,88.73854546389325,88.9102961588677,87.89449079942491,88.20855712890625,5227000
2024-06-14,88.0760618819672,88.0760618819672,86.98664261771943,87.51172637939453,6105600
2024-06-17,87.39886400136676,89.26854085177368,87.23692248444291,89.04771423339844,7353200
2024-06-18,88.9740908702633,89.08205187002054,88.44901463320011,88.74835968017578,4483800
2024-06-20,88.66002820884356,89.07715095129753,88.3950377817315,88.8612289428711,4722800
2024-06-21,89.31270782799022,89.72983061246988,88.89068044752746,89.61205291748047,8623200
2024-06-24,89.81957906387385,90.21300841997783,89.1950102424603,89.22943878173828,5077800
2024-06-25,89.32289408990205,89.32289408990205,88.5852167374112,88.87045288085938,4712800
2024-06-26,88.65405980037792,90.34087828701854,88.53602873120889,90.15892028808594,5031800
2024-06-27,90.3654612919384,90.71954696507906,90.00153782119915,90.70970916748047,4228200
2024-06-28,90.25726494804033,90.83757492188488,89.24418944716867,89.70154571533203,7914600
2024-07-01,90.05071329795334,90.42446703731754,89.53926041755807,90.00645446777344,6393200
2024-07-02,90.50317207506052,91.7670628354842,90.41956954482873,91.7572250366211,5884600
2024-07-03,92.0768697391019,92.68668561730118,91.94409324062336,92.34243774414062,4379600
2024-07-05,92.7997976159876,93.15388330038134,92.3375186666935,93.0948715209961,3996400
2024-07-08,92.97684735867114,93.5473196152045,92.8834070316822,93.1391372680664,3676800
2024-07-09,93.03583918194735,94.03908431495897,92.97191226459783,93.44894409179688,3656000
2024-07-10,93.65550643235105,94.2407315944854,93.10962495802855,94.15220642089844,4557800
2024-07-11,94.5948129266907,95.23904983886895,92.67684763036036,92.95716857910156,8996000
2024-07-12,92.83423477227872,94.96857937059235,92.70145075229757,94.17189025878906,5453600
2024-07-15,94.69808933908787,95.35707923589136,93.7686162744796,94.06369018554688,5080200
2024-07-16,94.60956665274757,95.79476237314051,94.45711455825975,95.75050354003906,4123200
2024-07-17,95.04233578352314,95.28331305735529,93.98500137572896,94.15220642089844,5797200
2024-07-18,94.34892708185377,94.95382035011856,92.91783135816563,93.19322967529297,4375200
2024-07-19,92.84406101741861,93.22273746319657,91.98836015807709,92.36211395263672,3872200
2024-07-22,93.03093354080622,93.70467634321653,92.671932723176,93.3801040649414,4808400
2024-07-23,93.73911050158607,93.88664745730449,92.91783070307108,92.96208953857422,4823600
2024-07-24,90.90150612084962,90.94084980771056,89.11633229178508,89.16059112548828,8200800
2024-07-25,89.14584185545314,90.37038132929558,88.54094108707855,88.8114242553711,10240800
2024-07-26,89.46549970870512,90.2769492199534,89.23928287820537,89.8048324584961,4529400
2024-07-29,90.40972700418125,91.6391891561225,90.36055302052847,91.30477905273438,7145600
2024-07-30,91.51132720434569,91.63427341874791,89.94744745504792,90.7982406616211,4281000
2024-07-31,91.8850777829435,92.97684072899729,91.68344419740177,92.20474243164062,4993600
2024-08-01,92.24407686598619,92.51947514834802,89.17042192169716,89.94252014160156,7295800
2024-08-02,87.01149672002242,87.01149672002242,85.59516134389648,86.63282775878906,12738400
2024-08-05,82.1575723549563,85.05418469841074,81.87233625357202,84.18372344970703,16391800
2024-08-06,84.63123524268187,86.32789111766914,83.85421444255756,85.11318969726562,9523400
2024-08-07,85.81153950286273,85.96399160274017,83.52473549257773,83.62801361083984,8404400
2024-08-08,84.38044257289252,85.6836693791318,83.91816362908204,85.45252990722656,5935200
2024-08-09,85.43777341524218,86.13610694884035,85.22630954770587,85.73776245117188,6379600
2024-08-12,85.90498297753038,85.90498297753038,84.87715433453955,85.39844512939453,4929800
2024-08-13,85.79678189966323,87.61638420954048,85.62956935993469,87.5376968383789,5847000
2024-08-14,87.52786718159501,87.79343520795459,86.7213403122788,87.07051086425781,4779800
2024-08-15,88.72782171872007,89.98187458677681,88.72782171872007,89.84909057617188,6288000
2024-08-16,89.43107812504998,90.43431591896498,89.43107812504998,90.06056213378906,4767800
2024-08-19,90.29170725142559,91.2162577259628,90.20318207064759,91.16708374023438,4570000
2024-08-20,91.17690602145117,91.61951687835676,90.81790519061484,91.0834732055664,4679000
2024-08-21,91.83097814241852,92.42111843078325,91.62442941669289,92.23424530029297,4532200
2024-08-22,92.39653696972381,92.48505463786245,90.47365646871903,90.64086151123047,5709800
2024-08-23,91.3490278034523,92.49488730303297,91.33427485958119,92.39160919189453,6304200
2024-08-26,92.30310618325801,92.49981713546431,91.38838599781924,91.67362213134766,3211000
2024-08-27,91.44738539050324,91.56541644825755,90.81298627717074,91.43263244628906,3328200
2024-08-28,91.37853421537511,91.60475852943098,89.82449241701755,90.54741668701172,5668600
2024-08-29,91.3441277347928,91.7326344942631,90.57202185923184,90.65562438964844,4616000
2024-08-30,90.99003765985186,92.10638389848503,90.62611415895117,92.02278137207031,4672200
2024-09-03,91.75721080924716,92.18506119292907,90.34086815424402,90.7588882446289,9876400
2024-09-04,90.50316449543772,91.40804680997181,90.38513343109105,90.99494934082031,10007600
2024-09-05,91.4228015568905,92.6571863457161,91.3342838849168,92.02770233154297,7264200
2024-09-06,92.20473608380459,92.5391461503274,89.6622095343628,89.70154571533203,7714000
2024-09-09,90.64085834799477,91.36378262872876,90.39988859044395,91.00969696044922,4297400
2024-09-10,91.36378845518387,92.11130352522687,90.81790697377767,92.05228424072266,9424600
2024-09-11,91.91457439611828,93.09977754288005,90.00153186012587,92.97191619873047,7511200
2024-09-12,92.9670051549658,94.06369077824446,92.85881939120348,94.01942443847656,4748600
2024-09-13,94.10304062482246,94.89481458881146,93.98500955111984,94.65875244140625,3926200
2024-09-16,94.60956824565014,94.81119432340955,93.98499940877517,94.49645233154297,3077200
2024-09-17,95.05708104930845,95.91770445255953,94.68332730135116,94.97840118408203,4307800
2024-09-18,95.11611424150227,96.41442600815725,94.67842600398713,94.79153442382812,6634600
2024-09-19,96.6209750048927,97.16685651637962,96.30623298501098,96.95046997070312,5865400
2024-09-20,96.778330473232,96.87669343949628,96.01114736223151,96.72915649414062,5552400
2024-09-23,97.13572906944732,97.94392010944362,96.93367942956698,97.90449523925781,7271200
2024-09-24,98.38743800818877,98.78661200414396,97.80593808438341,98.76197052001953,4059200
2024-09-25,98.42193365453319,98.6190504805966,98.11146750993467,98.40715026855469,3389800
2024-09-26,99.27940915853428,99.4962346627129,98.23960171815544,98.8260269165039,4266400
2024-09-27,99.20056044709482,99.37303579444641,98.68804465493415,98.97386932373047,3441800
2024-09-30,98.7028236667739,99.018215094308,97.7960742525539,98.74224853515625,4572400
2024-10-01,98.68311151150098,98.771811822589,97.0618042739103,98.34307861328125,8229000
2024-10-02,97.18007907841981,97.78129518865542,96.78091260775233,97.51025390625,7482400
2024-10-03,96.66262858832215,97.03716105828937,95.99242090048668,96.3817367553711,7101400
2024-10-04,97.44618848095868,97.88477979208626,96.6478480740956,97.65808868408203,7828200
2024-10-07,96.93859145056584,96.93859145056584,95.79529301892124,96.14025115966797,5202000
2024-10-08,96.56900093886568,97.23427580457957,96.41130147706659,97.07658386230469,4733200
2024-10-09,97.39689840562131,97.96854766274296,96.97801579904403,97.77142333984375,5537400
2024-10-10,97.59400831613063,97.81084129624327,97.00265042824748,97.2884750366211,3259000
2024-10-11,96.30781062345041,97.26384293547095,96.29302723879229,96.8745346069336,4991600
2024-10-14,97.07167158752756,97.46098751649158,96.6725050797606,97.2983627319336,3566600
2024-10-15,97.32792046150686,98.14596959766682,97.32792046150686,97.51025390625,6855200
2024-10-16,97.60388346310891,98.0474075961487,97.47575827953287,98.02276611328125,4607000
2024-10-17,98.19524232081163,98.35294179693511,97.60881713273031,97.9340591430664,3488800
2024-10-18,98.14104276113953,98.57963412862046,97.7566596534383,98.31845092773438,3797000
2024-10-21,98.1016037133372,98.1016037133372,97.18499630855575,97.55459594726562,3304800
2024-10-22,96.8055459618507,97.51024571739944,96.54928808732186,97.16036224365234,3157600
2024-10-23,96.3817479369987,96.60350625600803,95.12510743657882,95.6326904296875,4339000
2024-10-24,97.72215491030889,98.78167096363757,97.4264721645069,98.64861297607422,6991400
2024-10-25,98.82604080185477,99.83135632218057,98.59443187892963,98.95909881591797,5440000
2024-10-28,99.73770453906313,100.0777374450355,99.14634655975341,99.1906967163086,4102400
2024-10-29,98.36772259287169,98.88023083772892,98.05725645713119,98.67325592041016,4247000
2024-10-30,98.90980316967057,99.35331976663865,98.45642095649379,98.53527069091797,4879800
2024-10-31,98.31351276250577,98.53527106182456,96.96817206174889,97.02730560302734,6197400
2024-11-01,98.81123822093492,99.61942920797928,98.51063018504817,98.60426330566406,7607600
2024-11-04,98.1903118949381,99.07735260291271,98.02276184996637,98.26422882080078,4769200
2024-11-05,98.48599110147232,100.03338135667885,98.40220856247002,100.0038070678711,4424200
2024-11-06,102.28055459166035,103.2858624288127,101.46743077088836,103.20208740234375,9398600
2024-11-07,103.4041351669533,104.94660023463298,103.36963558751745,104.52771759033203,8021000
2024-11-08,104.51292484729322,106.57775607365991,104.3995830612693,106.01103210449219,7785800
2024-11-11,107.67670464259733,108.60809551698573,107.18883036762261,108.14979553222656,9210000
2024-11-12,107.87382709061494,107.88861047673204,106.32151139212051,106.70589447021484,10535200
2024-11-13,107.42537744451727,108.18921073732061,107.05577777915136,107.61756896972656,5883400
2024-11-14,107.44016303862888,107.87382154163132,106.00118921422734,106.08988952636719,4620200
2024-11-15,105.49360975754003,106.00119272365502,104.70020213252607,105.18314361572266,7824800
2024-11-18,106.44962877243124,106.96706980716078,105.47388776262873,106.1539535522461,4752200
2024-11-19,105.17328734641497,106.55805298791195,104.68541304644121,106.2328109741211,3935800
2024-11-20,105.9174074709607,105.98640662917883,104.66077458900983,105.76464080810547,5979200
2024-11-21,106.08496228215652,106.21801274791359,105.13385523110628,105.951904296875,5468400
2024-11-22,106.25743545494161,107.7900423402152,106.25743545494161,107.47958374023438,4550600
2024-11-25,108.76087043342098,109.53456941633905,108.52432873041536,108.57853698730469,7360400
2024-11-26,108.52433647611774,109.16004469816933,108.35185359565241,108.97278594970703,3979600
2024-11-27,109.17481490453993,109.32758908970519,108.17443236548327,108.43561553955078,3829000
2024-11-29,108.67708957142793,109.57398840646,108.61302322048999,109.54934692382812,1771400
2024-12-02,110.32303776824284,110.7665618947209,110.11606285036298,110.50537872314453,8134800
2024-12-03,110.28854997614663,110.49059961315443,109.82531715745557,110.4216079711914,7051400
2024-12-04,110.65814234472458,111.55503363087686,110.53986774367752,111.44661712646484,5539400
2024-12-05,111.55503356935898,112.86588219869085,111.50575812525992,112.3582992553711,7321000
2024-12-06,113.27490770752688,114.74838110604693,113.26504961081255,114.72373962402344,4889200
2024-12-09,115.38408615959811,116.08879342517208,113.9500376666074,114.35906219482422,6513800
2024-12-10,114.378775645553,115.61077448913059,114.16686793430507,114.54632568359375,7630800
2024-12-11,115.49742986997417,116.59637829711357,115.43337104078418,116.55695343017578,5734800
2024-12-12,116.49781384560612,116.62594654465806,115.44322308011675,115.591064453125,4871800
2024-12-13,115.5565778544413,116.09865288838778,115.26582038329302,116.04937744140625,5382400
2024-12-16,116.65058311478334,117.70517383586562,116.42389201644635,117.62139129638672,6013600
2024-12-17,118.15362207472894,118.23739709919987,117.01525627232294,117.99099731445312,10221000
2024-12-18,117.05467857178593,118.40987735815695,112.21539081569746,112.67369079589844,14405000
2024-12-19,114.21121861157043,114.53646811245177,111.85071212504506,112.52091979980469,13205200
2024-12-20,111.39240760670594,114.5808213148949,111.12629915678377,112.80674743652344,10915800
2024-12-23,113.01065811869816,113.2624594862028,111.6726370471927,113.1489028930664,5922400
2024-12-24,113.62781922961256,115.78049743639069,113.53400866594457,115.76568603515625,2552600
2024-12-26,115.51883011121359,115.75582008691303,114.82760620968375,115.33615112304688,4109600
2024-12-27,114.570851461933,114.570851461933,112.88228392450048,113.43032836914062,6097200
2024-12-30,111.70719703001394,112.32929848695034,110.90735122341361,111.60845184326172,5413000
2024-12-31,112.21573941556098,112.54653992743654,110.58148287958666,110.76910400390625,5250800
2025-01-02,110.81354557960414,111.14928073622424,108.61643305826618,109.31259155273438,9166400
2025-01-03,109.92482168665273,111.59364325987293,109.37184259985669,111.52452087402344,6501000
2025-01-06,112.72922420142605,112.81315798333792,111.35663828810534,111.96393585205078,6785400
2025-01-07,111.87013452446584,112.20093505710484,109.39653246374878,109.79645538330078,5554000
2025-01-08,109.75695162499845,110.54198603231312,109.20396501695538,110.10749816894531,5309200
2025-01-10,109.68783090856856,109.87544450660525,108.43374365978792,109.02622985839844,6869400
2025-01-13,108.19676655395192,109.6582211323512,107.78203219267574,109.6434097290039,5422000
2025-01-14,110.74442421073722,111.32209149466306,109.02129160452154,109.43109130859375,6762200
2025-01-15,111.95406587851969,112.30955458456252,111.17890070363393,112.21574401855469,6197400
2025-01-16,112.02318614788598,112.02318614788598,111.16408720221445,111.60845184326172,4851800
2025-01-17,113.07978104490637,113.88456904749543,112.89710206371507,113.17359161376953,3884600
2025-01-21,114.19561514621236,114.299302493573,112.75391426503327,114.00305938720703,6036600
2025-01-22,113.76113034524559,114.24498703517406,113.38095346484293,113.5735092163086,4948800
2025-01-23,113.40564694058828,114.25980377197266,113.1044692092296,114.25980377197266,3888800
2025-01-24,114.28449098659978,114.40298973579229,113.34640037359493,113.56363677978516,3543400
2025-01-27,111.860265209931,114.25981042114488,111.85533058688475,114.21044158935547,7069800
2025-01-28,113.87963334735299,114.6646753696354,113.3365309957478,114.34868621826172,5211000
2025-01-29,114.44248083037589,114.79303491853653,113.64756962055674,114.02281188964844,6538000
2025-01-30,115.53856425459074,115.81506132054272,114.27460780248057,115.13864135742188,5386400
2025-01-31,115.28183589134032,116.44704723514654,114.40792550004186,114.6301040649414,5092600
2025-02-03,112.14662081340242,113.60313305274465,111.19371882623552,113.11434173583984,7460000
2025-02-04,113.18346929834081,114.5609824368711,113.16865789616764,114.44742584228516,3987000
2025-02-05,113.71175876978721,113.99319047503519,112.88229012357768,113.1489028930664,5902800
2025-02-06,113.4698375674553,113.89938330536174,112.90203951728,113.59820556640625,6045800
2025-02-07,112.827981503666,113.68707297185341,111.2875278610509,111.37640380859375,5536400
2025-02-10,111.82075676770647,112.35893198814814,111.30727726186699,111.75657653808594,5963800
2025-02-11,111.04559210804905,111.35663905875164,110.21611599403478,110.4876708984375,5538200
2025-02-12,109.6631456560783,111.04065877694586,109.37184470537433,110.46793365478516,7903000
2025-02-13,111.1838440718632,112.24043342251372,110.98634615870068,112.12687683105469,6484400
2025-02-14,112.92672157362884,113.02546676237132,111.69238787991024,112.07749938964844,3425600
2025-02-18,112.04788068327937,112.19600223869647,111.05053691283125,111.76644897460938,7567200
2025-02-19,111.24802899042287,111.7615084839641,111.0307850583872,111.70226287841797,3996400
2025-02-20,111.39614549828745,111.39614549828745,109.89026440925953,110.7394790649414,4732400
2025-02-21,111.00117220371818,111.03572963212558,107.39691604573635,107.82646179199219,9043000
2025-02-24,108.31031460758382,108.46831294251722,106.9723010523272,107.42160034179688,5953400
2025-02-25,107.36234439307717,107.60921113462656,105.36766443621907,106.85873413085938,8006400
2025-02-26,107.57958822104328,108.1819436725099,106.19219834035832,106.4193115234375,6143600
2025-02-27,106.91304154093802,107.20928463440306,104.79986290662688,104.88379669189453,6799000
2025-02-28,104.92329204862067,106.69580084798558,104.50362313918012,106.62667846679688,7696400
2025-03-03,107.24879506188564,107.81658559237718,103.54579368796117,104.66162872314453,10983600
2025-03-04,102.87923607239352,104.60236851679007,101.45728886617836,102.81505584716797,13842600
2025-03-05,102.88911841572127,104.56780921495685,102.4348845233843,104.38019561767578,10128200
2025-03-06,102.83481111435938,103.58034597514424,101.28448825078061,101.7337875366211,9755400
2025-03-07,101.1067505601806,101.83253944401088,98.88001507649749,101.54617309570312,9798800
2025-03-10,100.19826882238857,100.33651358744434,97.05812373911179,97.92215728759766,14412600
2025-03-11,97.86785818992689,98.70720366076375,95.97685791871072,96.96432495117188,14379600
2025-03-12,98.64301088115067,98.74176360639997,96.33727638155298,97.52717590332031,8548200
2025-03-13,97.3790518666458,97.3790518666458,94.64377171029244,95.09307098388672,9992800
2025-03-14,96.54957255208895,97.22105030995567,95.7102272381991,97.11736297607422,6295600
2025-03-17,97.12725212224926,97.82341814671642,96.4310860977821,97.27043151855469,6053200
2025-03-18,96.3619561342153,96.36689075653607,95.14243391505322,95.53742218017578,8246200
2025-03-19,96.20397504538327,97.922165508012,95.97191969875013,97.36918640136719,9831400
2025-03-20,96.65326648679638,98.38133372318964,96.5742748530876,97.13713073730469,8586400
2025-03-21,95.97685521611359,97.54198951443908,95.47818709092184,97.48767852783203,9794800
2025-03-24,98.89472423000028,101.2315613718611,98.89472423000028,101.14244079589844,8567600
2025-03-25,101.38503489166422,102.00884868109853,100.77607327189419,101.9494400024414,7421400
2025-03-26,101.73161108707684,101.95440121497643,100.03839553872247,100.6176528930664,6187000
2025-03-27,100.30078351182787,102.20193681818658,100.04828906715126,100.6820068359375,6736800
2025-03-28,100.10275523670862,100.2611809106619,97.26092152583522,97.55302429199219,9886600
2025-03-31,95.64692392078655,98.09268214694004,94.96369383450548,97.76097106933594,10221000
2025-04-01,97.63719085665537,99.57795246280635,97.10743827932117,98.78085327148438,11097400
2025-04-02,97.0034645834518,101.24146249701742,96.91929976960513,100.6572494506836,9356000
2025-04-03,95.19638791989213,96.50838005925465,94.13194203735365,94.57752227783203,13795600
2025-04-04,91.40397550952615,93.74576848855692,89.95335810153517,90.49795532226562,25286000
2025-04-07,87.0620168659686,93.68140100011124,85.70051252663707,89.42855834960938,41234000
2025-04-08,92.8001329669923,93.3051293972013,86.12628864552117,87.30460357666016,17407400
2025-04-09,87.15608265524398,97.11239339279314,87.01250915047466,96.81038665771484,29318600
2025-04-10,94.47851051056497,94.53791919804407,90.00782546945969,93.02788543701172,16600400
2025-04-11,92.82489331550684,94.11708501165634,91.16633045853112,93.92894744873047,8266800
2025-04-14,95.33007385922993,95.83507038527151,92.93877588988693,94.20126342773438,7720600
2025-04-15,94.04777651326624,94.83497179099695,92.99322704963805,93.5229721069336,6676400
2025-04-16,92.62191180810285,93.34474267441291,90.04743215218839,91.21585083007812,8579600
2025-04-17,91.74559698809068,92.38427059249875,90.99800997549792,91.79015350341797,7623600
2025-04-21,90.46824967860626,90.57717063208696,88.11161211727605,89.33943939208984,9802000
2025-04-22,90.36428361696551,93.05263221825018,90.35437965187732,92.16641998291016,8564800
2025-04-23,95.49344884155427,96.51828644212688,94.00321550326228,94.22601318359375,8957400
2025-04-24,94.21610807024796,96.19647815031827,93.9834139814787,96.10240936279297,5341200
2025-04-25,96.09746031379927,97.8946410086214,95.85981046702774,97.83028411865234,5968800
2025-04-28,98.21150007925587,98.96899102512904,96.50343240825777,97.86493682861328,5562000
2025-04-29,97.11734633777856,98.69173685714976,97.00346962385271,98.55806732177734,5136600
2025-04-30,96.1469597227529,97.93424390780409,94.87457595609136,97.66194152832031,5881800
2025-05-01,98.15208684993215,99.483886866353,97.98870542051314,98.20159912109375,7359000
2025-05-02,99.24129004227467,100.29583948395532,98.59272007646598,99.72647857666016,7457000
2025-05-05,98.92441948404672,99.24127834428744,98.34021402949804,98.6669692993164,4677000
2025-05-06,97.46391169322358,98.52340936105647,97.37479111319388,97.80552673339844,4811200
2025-05-07,98.01346147160957,99.00859466319996,97.65699427218664,98.56796264648438,5359400
2025-05-08,99.5185363596612,100.761223315284,98.88481859169497,99.73143005371094,6464400
2025-05-09,99.98888743091769,100.9592645276318,99.72648144840024,100.21167755126953,5159600
2025-05-12,105.54381797117878,105.55372193667179,104.16251318813444,105.19230651855469,9569400
2025-05-13,105.83592440728543,107.02909157470127,105.48936117288017,106.58351135253906,11431000
2025-05-14,106.85582811775444,107.52419854096169,106.54887314803761,106.99445343017578,7117000
2025-05-15,105.98444712795809,107.04394469607163,105.65272852994269,106.75679016113281,8393000
2025-05-16,107.11821469507353,107.84105307643371,106.83106013560234,107.76678466796875,5973200
2025-05-19,106.01416017495279,107.67271552870542,105.79136250480374,107.51428985595703,6935000
2025-05-20,107.71232491785955,108.01927985562102,106.44488930508834,106.954833984375,7046800
2025-05-21,106.1082271570143,106.4745907684351,104.36549945931074,104.78632354736328,10325600
2025-05-22,104.60313679394372,106.01415335979024,104.32588621857313,105.23685455322266,8992400
2025-05-23,103.48424120256692,104.76158081758244,103.31590400343164,104.2912368774414,7497000
2025-05-27,105.46955881858702,107.45983286212466,105.46955881858702,107.37071228027344,7886800
2025-05-28,107.46478855899896,107.49449290351593,106.2072567958658,106.38549041748047,7542400
2025-05-29,107.45486832601257,107.519232765731,105.8854260740095,106.4300308227539,8031600
2025-05-30,106.01910630715179,106.75679684244763,105.14774623779492,105.85077667236328,10233200
2025-06-02,105.54876705217582,106.11317217736782,104.24667141193416,106.09832000732422,8783800
2025-06-03,106.19239859666345,107.54894728269996,106.16764245946673,106.66273498535156,7855400
2025-06-04,106.75184305881899,106.81125929623573,105.60323238042687,106.38052368164062,7581000
2025-06-05,106.10823404007657,106.65777949285587,102.835672133585,103.69712829589844,12096600
2025-06-06,105.1972472954247,105.53886231294446,104.68235444383042,105.04376983642578,9948800
2025-06-09,104.682358246843,106.08347091283336,104.08824876433947,105.88542938232422,10596400
2025-06-10,106.03890446125368,107.17267047868937,105.91513134041207,107.15286254882812,8594800
2025-06-11,107.7766844424595,107.81629274786489,105.91018365573132,106.30625915527344,6888600
2025-06-12,105.71710805333612,106.3805302350141,105.52402226748917,105.80622863769531,5413800
2025-06-13,104.45461171249684,105.94979315167636,104.3308385896561,104.83088684082031,10292200
2025-06-16,105.65769480357238,106.13793514459414,105.35073230905081,105.95970153808594,4764600
2025-06-17,105.37053610205204,105.62798631345628,103.93971910068028,104.13280487060547,8473200
2025-06-18,104.34073759819995,105.30121819453986,104.08824315922347,104.18230438232422,7405800
2025-06-20,105.09328649114062,105.33587697986995,103.78128684091294,104.30608367919922,9704800
2025-06-23,104.51794932969125,106.56702385144145,104.04661290524592,106.37352752685547,12557200
2025-06-24,107.47000604742911,107.50969856967197,106.63647822147806,106.96393585205078,8652000
2025-06-25,107.30131574104993,107.32612451313429,105.2621588331338,105.70372772216797,9302000
2025-06-26,105.7979988484352,106.89944173223311,105.56976873902661,106.6761703491211,7543000
2025-06-27,107.19712302941596,108.46229471299213,106.96393419645754,108.4523696899414,8902000
2025-06-30,108.41764633350076,108.65579389899794,107.52954222603739,107.82723236083984,7003400
2025-07-01,106.79029743341192,108.74510319617652,106.5322998051573,108.28865051269531,13085400
2025-07-02,108.97828593063049,109.39008733914886,108.2886444321659,109.15689849853516,12436200
2025-07-03,109.64807974550153,110.06483986062806,109.36031464584532,109.75227355957031,6904800
2025-07-07,108.25391464609712,108.8046360814772,107.673425712141,108.35810089111328,10081600
2025-07-08,108.60617433110943,108.80959566708489,107.90661539732406,107.99095916748047,6855000
2025-07-09,108.47222654879614,108.94356297055411,108.0653838544825,108.63098907470703,4864800
2025-07-10,108.86416824882849,110.09957240164232,108.75005698372837,109.83164978027344,7566000
2025-07-11,109.538935957399,110.09461615529972,109.08744201131721,109.8614273071289,6690400
2025-07-14,109.88623086729007,110.30299856651604,109.56869825918785,110.26826477050781,7292200
2025-07-15,110.33771919541105,110.60067551828737,108.64586242326405,108.69052124023438,10133200
2025-07-16,108.87905965668546,109.11720722643004,107.89669430723616,108.88898468017578,13982600
2025-07-17,108.96340300070925,109.43474698245875,108.77983170502242,109.26109313964844,7742400
2025-07-18,109.8118089142749,110.28314530105696,109.64808010338916,110.22856903076172,11246400
2025-07-21,110.6006742912345,111.16627945103338,110.51633052545276,110.74951934814453,9807800
2025-07-22,111.10179250726358,112.07919917015089,110.78922617502009,111.87081909179688,10980000
2025-07-23,112.1288062696885,112.57037515969749,111.99484495659664,112.40168762207031,10083200
2025-07-24,110.89837045254163,111.54336068727488,110.30795648929906,110.54114532470703,15148400
2025-07-25,111.09682461734758,111.73685612075057,110.81898453579178,111.56816101074219,12268000
2025-07-28,111.99981161881598,112.79363933583814,111.64754522266927,112.21810913085938,11332600
2025-07-29,112.23796527457196,112.25780775108142,111.19605734931815,111.44412994384766,11012600
2025-07-30,111.60785518828435,111.81127652621794,110.11941966880359,110.7396011352539,13746000
2025-07-31,111.27544414641366,111.46398174380494,109.71258980453042,109.8614273071289,13728200
2025-08-01,107.43031834146437,107.8123522609264,106.54718050104812,107.2120132446289,22660400
2025-08-04,108.03561120057766,108.64090891605005,107.69326982061341,108.47222137451172,12640200
2025-08-05,108.6309798652278,109.29581255410555,108.29360479465971,108.61113739013672,11021600
2025-08-06,108.93362830387319,110.91820891081736,108.78478324423753,110.86859893798828,11728800
2025-08-07,111.14643616485895,111.65249875585442,109.90110702073079,110.8338623046875,12127600
2025-08-08,110.90333034445334,111.57312935882656,110.83387032278738,111.0273666381836,10108600
2025-08-11,111.30520711781895,111.8807373396972,111.12659455139378,111.31513214111328,9686400
2025-08-12,112.15858138156209,112.62495907536882,111.36475361324362,112.49596405029297,9791400
2025-08-13,112.91767045767395,114.20268455176587,112.79860046938684,114.0389633178711,12555400
2025-08-14,113.38901158280382,114.09354437240411,113.26994158952157,113.90996551513672,11244600
2025-08-15,114.5053389973983,114.62441656209114,113.23520858963897,113.6370849609375,9346800
2025-08-18,113.40886126487403,114.26719026951861,113.40886126487403,114.09354400634766,9293000
2025-08-19,114.11338206055053,115.1354398364097,113.78096572562563,114.0389633178711,11843000
2025-08-20,114.27711895650255,114.55000031660548,112.21811193988464,112.9127197265625,15303600
2025-08-21,112.3520724651471,112.54061005272153,111.60785470860529,112.242919921875,10117000
2025-08-22,112.79364986517487,115.706027386589,112.62992103792739,115.65145111083984,14933800
2025-08-25,115.23467979759636,115.84990256230634,114.9320309270517,115.41825866699219,9851400
2025-08-26,115.25451938893438,115.98385336210501,115.17017562224737,115.9491195678711,10809600
2025-08-27,115.94416286078167,116.36092297540091,115.82508529778718,115.97393035888672,8764400
2025-08-28,116.20216123831186,116.35099872983145,115.44801847545709,116.1723861694336,8211400
2025-08-29,116.1674299516269,116.3460425158815,114.67403571339703,114.9766845703125,11766000
2025-09-02,113.52297448151823,114.25230848285682,113.2749018979493,114.11834716796875,14705400
2025-09-03,114.34657648723183,115.2197892499649,114.07369513307326,114.57976531982422,13839000
2025-09-04,115.46290463424911,116.72807633258942,115.31405956904888,116.67350006103516,24662400
2025-09-05,117.28871319755932,118.01308846469347,116.22696285434512,116.64868927001953,30997000
2025-09-08,117.25399300573267,117.43756430242259,116.7131965685936,117.10018920898438,18769200
2025-09-09,117.01583981603102,117.06049106379912,116.16246952933771,116.93645477294922,13340200
2025-09-10,117.1200350311995,117.1200350311995,115.23468175176438,115.5373306274414,16330400
2025-09-11,116.00369938484214,117.86424374665516,115.85485432178221,117.78485870361328,16448800
2025-09-12,117.60129102911299,118.5687726128666,117.55167348304373,118.39512634277344,9002800
2025-09-15,120.28543735814019,120.44916617425004,118.8317280596601,119.4221420288086,13760200
2025-09-16,119.85379182085835,120.29536071738303,119.49656669439182,120.15643310546875,8687400
2025-09-17,120.07705409173676,120.76172926653491,118.5786935844238,119.85379028320312,15324000
2025-09-18,120.3300873931779,120.38962239095386,119.31298828125,119.31298828125,10819800
2025-09-19,119.93814206655269,120.30032593884532,119.54618312330152,119.76448822021484,12576200
2025-09-22,119.68247869848486,120.28884401517276,119.32462350883537,119.37432098388672,12283600
2025-09-23,119.64768621643681,119.73715380773903,118.05225541349971,118.25106048583984,9696400
2025-09-24,118.7828692926799,119.29479953060084,118.40512905845921,119.08605194091797,9862000
2025-09-25,118.34549592977811,118.39022593360924,116.87431260438167,117.4061279296875,11590800
2025-09-26,117.93792853640976,119.21030671185484,117.53037588627986,119.1407241821289,9749400
2025-09-29,119.7669676139868,120.07511773534989,118.91209219608241,119.66259002685547,11244600
2025-09-30,119.54828186865824,119.65762693196653,118.17153363258727,119.1059341430664,12982000
2025-10-01,118.90215281598127,120.21926103473044,118.69340522011856,119.8514633178711,11258000
2025-10-02,120.43796213153401,120.6268246875147,118.91210617791035,118.98665618896484,13191400
2025-10-03,119.52840286934294,119.72720793613239,117.56516681114311,118.22123718261719,13934400
2025-10-06,119.01149560579744,119.4041458445562,117.89320005964662,119.23515319824219,10462800
2025-10-07,118.9220405410784,118.92700801349831,117.10791202940564,117.14767456054688,14624000
2025-10-08,117.65960781110824,117.8534454153864,116.47172965485434,117.49559020996094,7910200
2025-10-09,117.04330098407429,117.08306351400333,116.0890230175588,116.90910339355469,9757600
2025-10-10,116.96377642043188,117.50552667315,113.6585872053754,113.6933822631836,17978200
2025-10-13,114.73713362729947,116.41208952879815,114.54826349576162,116.23316192626953,10860200
2025-10-14,114.7023338779138,117.1377300946015,114.23016615230217,116.47669982910156,12533600
2025-10-15,117.00850594633866,117.78883137646551,115.6864302656998,116.64568328857422,10836000
2025-10-16,116.73514655084311,117.06318174402301,114.64766296648182,115.51744842529297,13036800
2025-10-17,115.4578093308972,116.78982000374947,115.1844466677589,116.51148986816406,11769800
2025-10-20,117.04826841674758,117.58008372245051,116.87928335255168,117.43594360351562,8356400
2025-10-21,117.65959911471,119.31965247759739,117.59499164067756,118.87232971191406,8674600
2025-10-22,118.63873457130475,118.71825963306479,117.28683885709327,117.94290924072266,12749600
2025-10-23,116.96377794277988,118.62382378034884,116.57610274919018,118.47471618652344,11286800
2025-10-24,118.91706164664585,119.20036682791059,118.00254621169589,118.12183380126953,6481600
2025-10-27,119.35444737664936,120.25405285223908,119.09599471265828,119.82164764404297,7407800
2025-10-28,119.64271572200839,120.7311912878067,119.225220530283,119.8514633178711,8999400
2025-10-29,119.8763141580882,119.8961916309691,118.18147330174483,118.86238861083984,11064000
2025-10-30,117.03335748221028,117.94787291119044,116.16357205505557,116.17848205566406,11853400
2025-10-31,119.46875115141953,119.91607391211993,118.4846532121617,119.25006103515625,13414400
2025-11-03,120.48268254651082,120.77095520618522,120.0403348203045,120.36836242675781,10730800
2025-11-04,118.83754632372097,119.727209245636,118.2063284746735,118.37034606933594,9312600
2025-11-05,118.85245348207162,119.99559397716388,117.93793046849993,119.81169891357422,11716200
2025-11-06,119.16060026574098,119.31965037979036,116.43195647000523,117.04329681396484,14726000
2025-11-07,116.79976562562167,117.60493605116274,115.73117505878808,117.22720336914062,11502000
2025-11-10,118.38525188736986,118.95682212839091,117.90810912121748,118.76795959472656,10434800
2025-11-11,118.56418275043066,119.17054806519366,118.26100009304916,119.06120300292969,12775400
2025-11-12,119.40911717126141,119.5383397083297,117.95781892570278,118.26100158691406,9314200
2025-11-13,117.7639818644946,118.14668958899586,115.09995296195747,115.30870056152344,15268400
2025-11-14,113.99159594567857,115.81565933029856,113.6138557066886,114.75700378417969,14662200
2025-11-17,114.16057702323087,115.45282506160521,113.03233898572445,113.678466796875,20233600
2025-11-18,112.35142228676355,112.94287756219701,111.40707931807991,111.58103942871094,27057400
2025-11-19,112.44088923216611,112.44088923216611,110.99953353819673,111.58601379394531,15912200
2025-11-20,112.838503988861,114.06614458302647,109.80667750449955,109.9209976196289,24924400
2025-11-21,110.6565857770545,113.16653950236523,110.31861565460734,112.07806396484375,19013200
2025-11-24,112.947853883419,114.2500445354382,112.82359881864076,113.5740966796875,11181800
2025-11-25,113.61883307929104,116.1933943543027,113.41007789878941,116.00452423095703,10395400
2025-11-26,116.41209132638363,117.03833415294017,115.95483357595587,116.79976654052734,8122200
2025-11-28,117.06814820208596,117.6943985807173,117.06814820208596,117.5254135131836,4827200
2025-12-01,116.9588082812269,118.25105637436224,116.91407069516757,117.5949935913086,11579800
2025-12-02,117.8782950812634,117.95782014363144,116.78485201744873,117.51547241210938,11105800
2025-12-03,117.5303743292399,119.09598501929567,117.5303743292399,118.78286743164062,9369800
2025-12-04,118.95682776627402,119.08108283185689,117.68942458054327,118.36040496826172,11828800
2025-12-05,118.46975415104616,119.37432711629285,118.46975415104616,119.0164794921875,4556800
2025-12-08,118.5393278515582,118.64867291163648,117.04826712386564,117.28683471679688,6400100
2025-12-09,116.80970859681254,117.78386410084572,116.63078099224535,117.27690887451172,5153900
2025-12-10,117.41606887517207,119.56319245331373,117.40612634647898,118.99658966064453,9440800
2025-12-11,119.00653316099415,119.64271849185467,118.79778556029875,119.46379089355469,5863400
2025-12-12,119.79181983975054,120.63675272723711,118.94688695226398,119.98068237304688,7865600
2025-12-15,120.99460459115726,121.67055239941784,120.4975843669635,121.00454711914062,12137500
2025-12-16,120.93497390642041,121.49163417353897,120.33854352430498,121.20336151123047,12052000
2025-12-17,121.30276881710371,121.91907669702618,119.80176544189453,119.80176544189453,10597600
2025-12-18,121.49162850458534,122.89322163573082,121.35246344429932,121.61090850830078,11598200
2025-12-19,121.64073800662482,121.69043548097902,121.01448764155951,121.12383270263672,9728700
2025-12-22,121.87183791634288,122.33000180637947,121.60291084241399,121.85191345214844,8073400
2025-12-23,121.78220145971142,122.16069031605318,121.40372020232677,121.68260192871094,9766400
2025-12-24,121.79216081237232,122.14076296210882,121.4435586626358,122.10092163085938,2250000
2025-12-26,121.94156107363132,122.29016321527413,121.39375228036634,121.56307983398438,4197000
2025-12-29,121.07503305401497,121.07503305401497,120.22842565505982,120.36786651611328,6535400
2025-12-30,120.12881675167976,120.29813669846699,119.79016925914888,119.87981414794922,4180500
2025-12-31,119.9595062303264,119.97942309664892,118.88381307394177,118.9336166381836,4356100
2026-01-02,119.60093959915484,119.64078093000882,117.2403920390158,117.87783813476562,16200700
2026-01-05,118.47544053708246,120.66666809661339,118.11687616550388,119.82006072998047,17653800
2026-01-06,119.05312574953005,120.77622714084202,118.96348845812781,120.58698272705078,17759400
2026-01-07,120.77623559222609,121.64275986557614,120.41767120361328,120.41767120361328,11327700
2026-01-08,120.098942754285,122.64872709307971,119.91966056802872,122.42960357666016,12565400
2026-01-09,122.42960470530953,124.06306126227793,121.69255908788642,123.91366577148438,13817800
2026-01-12,123.37582313236899,124.51127449225972,122.8479311852645,124.02322387695312,8773100
2026-01-13,124.03318533370576,124.20250529356984,122.92761307984053,123.71446228027344,9033300
2026-01-14,122.89773468448303,122.91765914984992,121.15471631377471,121.76228332519531,10758100
2026-01-15,122.37981492877773,122.75829618951839,121.91168877007178,122.21048736572266,7447900
2026-01-16,122.27025193391638,122.54913365996772,121.3937578246612,121.81208801269531,7058700
2026-01-20,119.80014363762093,120.0889875991092,118.42565186129202,118.644775390625,9720000
2026-01-21,118.93361359917076,121.41367753611122,118.93361359917076,120.9156723022461,11017600
2026-01-22,121.64275537007819,122.58896987132091,121.23439503083452,122.13080596923828,6594200
2026-01-23,121.99136271727747,122.89772827129111,121.74236010588432,122.63876342773438,6470900
2026-01-26,122.56904635460704,122.90769386682628,121.81208386650631,121.83200073242188,4812700
2026-01-27,122.25031933911582,122.42960152236387,121.33399155760651,122.20052337646484,4269700
2026-01-28,122.5989284991311,123.19654087684235,121.10491275276709,121.28419494628906,8732200
2026-01-29,121.98140464919278,122.11088327591284,119.9296254929377,120.70651245117188,12410400
2026-01-30,120.77622936466565,121.51327497038471,120.0591006244172,120.68658447265625,11706400
2026-02-02,120.25830221388479,121.92164547667241,119.64078058482204,121.4833984375,8483000
2026-02-03,121.59295666453083,122.27024406950261,119.34197093639567,120.5073013305664,12467800
2026-02-04,120.6168677196901,121.05511476296137,118.8738493780791,119.62085723876953,13915400
2026-02-05,118.07704288974506,118.35592460228014,116.60294406768666,117.04119110107422,13290000
2026-02-06,115.2284523558022,117.68859940370908,114.93960841101185,117.51927185058594,20971100
2026-02-09,116.96150780932221,117.73839474689272,115.93561825848131,117.0810317993164,10975700
2026-02-10,117.29019972857196,118.7443741605937,117.23043393071002,117.85792541503906,9920700
2026-02-11,117.9774336873346,118.40571848088825,116.82206552732539,117.29019165039062,10214100
2026-02-12,117.93760492520121,118.72444651959351,115.36789605562375,115.66669464111328,16374300
2026-02-13,115.5372171359957,116.68263072222155,115.06909098866329,115.71649932861328,10836200
2026-02-17,115.51729868769714,115.85593860302774,113.97347940580154,115.57705688476562,9623000
2026-02-18,115.64677318095305,117.29019193221032,115.47745322933949,116.55313873291016,9719500
2026-02-19,115.86589763866826,116.08502115381606,115.11888980009533,115.77625274658203,9482400
2026-02-20,115.46749743895654,117.18063671286089,115.14877438327366,116.98143005371094,16652900
2026-02-23,116.17466117383208,116.3041397999328,113.40575326969551,114.53124237060547,14604800
2026-02-24,114.93961107699043,116.59298452470918,114.85992841472626,116.27426147460938,11320500
2026-02-25,116.51330960747678,117.12086901087137,116.04518346478396,116.62286376953125,8776100
2026-02-26,116.76231289254447,117.19059770649227,115.67665750878783,116.5830307006836,9560900
2026-02-27,115.54717619372077,116.4734662303003,115.18861181833793,116.39378356933594,9636200
2026-03-02,113.57507212339206,115.26829447349387,113.26631131086671,114.95952606201172,18205600
2026-03-03,112.64877989859022,114.31211551930302,111.36392551165166,113.90375518798828,20773100
2026-03-04,114.63084251587684,116.16469956722163,114.42168122691484,115.9256591796875,11496700
2026-03-05,115.45753810865075,116.61291396389336,115.0591323792927,116.08502960205078,14880400
2026-03-06,114.3220841368497,114.53124543027249,113.18663277315049,113.98344421386719,16348500
2026-03-09,112.48943172177775,114.47149054933199,110.5472066283524,114.13284301757812,16278500
2026-03-10,114.15276417535844,115.26829867257041,113.4953935969236,113.98344421386719,11784400
2026-03-11,114.37188866045727,115.23841294062323,113.11691329044108,113.68463897705078,10959300
2026-03-12,112.66871139283262,112.9774722186251,111.02529253495426,111.07508850097656,12088200
2026-03-13,111.72249593237147,112.04121898833081,110.2782837473276,110.417724609375,11708600
2026-03-16,111.34400479511429,112.41969786310659,111.17468484893672,111.75236511230469,9307600
2026-03-17,112.33005652232987,113.19658834318392,112.27029832742842,112.72846221923828,6767000
2026-03-18,112.05117621500196,112.53921921036387,109.99939710886451,110.12887573242188,10979200
2026-03-19,109.19262393214943,109.89979044647292,108.43566145422828,109.26234436035156,12496400
2026-03-20,108.99342552332108,108.99342552332108,106.72252287823717,107.31016540527344,12297000
2026-03-23,109.56168079990296,111.20840099035527,109.37205621374858,109.90100860595703,14779100
2026-03-24,108.82314931468136,110.10060251637331,108.73332434138213,109.46187591552734,9032200
2026-03-25,110.93894131214022,111.68744979759349,109.88104414169526,110.50979614257812,9412900
2026-03-26,109.83114616634172,110.67945424506532,108.52374619096018,108.61357116699219,7981000
2026-03-27,108.09460032416649,108.09460032416649,105.24028742719149,105.46983337402344,10454700
2026-03-30,106.39798254265125,106.95686641960528,104.98080836081965,105.44987487792969,10192000
2026-03-31,107.01675536631005,109.19242031132465,106.49778522480824,108.76327514648438,19487500
2026-04-01,109.47186030037895,110.28024700476789,108.52374501099037,109.5816421508789,14467600
2026-04-02,107.24629104611093,109.31217408750169,106.88700637680628,107.93492126464844,9684700
2026-04-06,107.71535750737426,109.01277521408073,107.71535750737426,108.82315063476562,6908800
2026-04-07,107.89499948458604,107.96485996922522,106.2382971142546,107.55567169189453,8956400
2026-04-08,112.02676580519406,112.38605047392974,110.06068237189646,110.599609375,14442400
2026-04-09,110.59961296077888,112.66549606587675,110.1804500384047,112.51579284667969,6660500
2026-04-10,112.77527868004242,113.23436297158197,112.01678794808828,112.66549682617188,5607400
2026-04-13,112.11658364702659,113.72338241849283,111.77726346633027,113.69344329833984,5992600
2026-04-14,114.42199396631057,116.59765884590566,114.35213348177308,116.20843505859375,8128600
2026-04-15,116.29825662388407,118.2044618789726,115.91901506756969,117.94497680664062,8034700
2026-04-16,118.16453771200874,118.31424092766032,116.8671199953241,117.39606475830078,5671900
2026-04-17,119.45197052818223,121.60767089728495,119.2224245873902,120.17053985595703,9839500
2026-04-20,119.9010743799738,120.16055944434453,118.61363891710826,119.6316146850586,5450100
2026-04-21,120.59968233245696,120.66955043339698,118.44398187499927,118.73340606689453,7208300
2026-04-22,119.29228668850233,119.52183263240636,118.42402175085469,118.6934814453125,5289900
2026-04-23,117.98489287328971,118.61363722862278,116.43797236807413,117.50584411621094,7530900
2026-04-24,117.90505496993,118.66354569375312,117.43598843827915,118.45396423339844,5546000
2026-04-27,117.85514704320104,118.21443170900142,117.04676035226107,117.60564422607422,6915900
2026-04-28,117.21642540208705,117.55575320713807,116.63758462865988,116.77730560302734,6740900
2026-04-29,115.97889112630891,116.89705968592617,115.89904839567562,116.60763549804688,8155400
2026-04-30,118.26433486537938,118.43399495296292,116.19845185204669,118.11463165283203,10280700
2026-05-01,118.37411661130918,119.53180571794981,117.58568679918157,118.39407348632812,13071300
2026-05-04,118.1146376369993,119.0627529550201,116.95694847070473,117.48589324951172,10737700
2026-05-05,118.35415232716623,119.05276478158672,117.81523294428241,117.83518981933594,6216900
2026-05-06,118.73340301163823,120.30028041418527,118.5337961874216,119.6316146850586,10430700
2026-05-07,120.350181054423,120.85916895804229,119.08271003217267,119.64159393310547,7928000
2026-05-08,120.01085636845636,120.8891035533593,119.7014753083402,119.96095275878906,6054100
2026-05-11,119.14258876671283,119.62163755107812,118.27432379049505,119.13261413574219,5829100
2026-05-12,118.79328238564689,119.11264569321996,117.21642272328282,118.05475616455078,6622100
2026-05-13,117.82521086903066,118.99288986918448,117.21642337088389,118.48390197753906,4611800
2026-05-14,118.77332590633823,119.44199164407765,118.32421625673241,118.43399810791016,5966700
2026-05-15,117.07670351847527,117.13658937432626,116.07869221547445,116.29825592041016,10453900
2026-05-18,116.2683187948285,117.54577206631589,115.31022884121298,116.08867645263672,9985100
2026-05-19,114.90103862116908,115.09066320536917,113.97288780442328,114.80123901367188,8578200
2026-05-20,115.0407560798136,117.71542659582163,114.55173268806242,117.70545196533203,12155100
2026-05-21,117.35614272247082,118.98290598144737,116.57769514259772,118.46393585205078,7082300
2026-05-22,118.92302865917796,119.63161575951203,118.74338632288045,118.94298553466797,5289800
2026-05-26,119.49189768330042,120.000877969956,118.46393963644742,119.21244812011719,5007100
2026-05-27,120.44998301125305,121.7074717333727,120.31026204212864,121.30827331542969,13116100
2026-05-28,120.85916320782539,121.94699945092367,120.33021845329117,121.81725311279297,7591900
2026-05-29,121.35817504243595,121.93702343570338,120.58970967595629,120.62963104248047,7258000
2026-06-01,119.45197298020746,119.59169395078492,117.73539235400241,117.9549560546875,11012100
2026-06-02,117.28628727810231,118.03479577002939,116.3281973221423,117.35614776611328,8219300
2026-06-03,116.39805654697973,117.38609322784104,115.89905089111032,116.49786376953125,6086400
2026-06-04,117.72541457175178,117.95496052595709,116.80724598337481,117.02680969238281,4969900
2026-06-05,117.16652610980691,117.86513096199616,114.34215235240131,114.63157653808594,7699300
2026-06-08,114.54175271831448,115.78926683424822,114.54175271831448,115.1605224609375,6307400
2026-06-09,115.92899633444011,117.35614518466863,114.02279109543603,115.63957214355469,8203500
2026-06-10,115.23038091568226,115.44994461449183,113.15451563594678,113.26429748535156,7515100
2026-06-11,113.89305300446195,116.22839580613925,113.21440501167828,116.06871795654297,8680300
2026-06-12,116.78728121274841,116.78728121274841,114.59165935638107,116.36811828613281,7655200
2026-06-15,118.37411936323451,119.27233104440185,118.07471293143811,118.33419799804688,6590300
2026-06-16,118.43400010112454,119.22242994820563,118.10465454204852,118.22441864013672,6050500
2026-06-17,117.57570847551804,117.93499315161398,114.9509415052489,115.26032257080078,9065700
2026-06-18,116.41802167874557,117.42601524113891,115.31022850747279,116.92700958251953,8728500
2026-06-22,115.98999786376953,116.91999816894531,114.87000274658203,114.94000244140625,7555600
2026-06-23,113.94999694824219,114.66000366210938,113.47000122070312,113.76000213623047,9196000
2026-06-24,114.1500015258789,116.95999908447266,113.93000030517578,115.06999969482422,8301400
2026-06-25,114.6500015258789,115.05999755859375,113.12999725341797,113.3499984741211,7151300
2026-06-26,113.19999694824219,115.45999908447266,113.16000366210938,114.37000274658203,8948900
2026-06-29,115.20999908447266,117.54000091552734,115.04000091552734,117.12000274658203,10586700
2026-06-30,116.2300033569336,117.56999969482422,116.2300033569336,117.27999877929688,5167900
2026-07-01,117.77999877929688,119.16000366210938,116.9000015258789,118.08999633789062,9864300
2026-07-02,118.62999725341797,119.20999908447266,116.58000183105469,117.12000274658203,10882400
2026-07-06,117.52999877929688,118.19000244140625,116.0999984741211,118.01000213623047,9063600
2026-07-07,118.91999816894531,119.12000274658203,117.11000061035156,117.38999938964844,9191400
2026-07-08,116.30999755859375,116.31999969482422,114.44000244140625,115.30000305175781,15042700
2026-07-09,114.72000122070312,116.87999725341797,114.55000305175781,116.8499984741211,8521800
2026-07-10,117.58999633789062,117.88999938964844,116.4800033569336,117.23999786376953,5971500
2026-07-13,117.19999694824219,117.5199966430664,115.62000274658203,116.04000091552734,5984800
2026-07-14,116.01000213623047,116.4000015258789,115.45999908447266,115.9000015258789,6669300
2026-07-15,116.45999908447266,117.80999755859375,116.45999908447266,117.0,9073000
2026-07-16,117.12000274658203,118.22000122070312,116.86000061035156,117.33999633789062,6057000
2026-07-17,115.91000366210938,116.87000274658203,115.31999969482422,115.44000244140625,10275100
2026-07-20,116.22000122070312,116.22000122070312,114.37999725341797,114.61000061035156,7804500
2026-07-21,114.63999938964844,115.16999816894531,114.27999877929688,114.87000274658203,6557800
2026-07-22,114.9000015258789,115.2300033569336,113.81999969482422,114.0199966430664,7106000
2026-07-23,110.4800033569336,110.58999633789062,108.29000091552734,108.76000213623047,12650300
2026-07-24,109.0999984741211,109.94000244140625,108.6500015258789,109.41000366210938,8210700
2026-07-27,110.87000274658203,111.36000061035156,110.30000305175781,110.83999633789062,6979100
2026-07-28,111.66000366210938,112.52999877929688,111.25,112.4800033569336,6017900
2026-07-29,111.94999694824219,113.58999633789062,111.44000244140625,111.61000061035156,7534100
2026-07-30,112.16999816894531,112.80000305175781,111.45999908447266,112.38999938964844,8074000
2026-07-31,115.44000244140625,116.38999938964844,114.97000122070312,116.08999633789062,13158000
2026-08-03,117.63999938964844,119.12000274658203,117.63999938964844,118.20999908447266,10041500
2026-08-04,117.52999877929688,118.56999969482422,117.12000274658203,118.29000091552734,10500800
2026-08-05,119.27999877929688,119.63999938964844,118.06999969482422,118.63999938964844,6117400
2026-08-06,118.61000061035156,118.80000305175781,117.70999908447266,118.0999984741211,4827900
2026-08-07,118.5199966430664,120.44000244140625,118.5,119.86000061035156,5077300
2026-08-10,119.2300033569336,119.86000061035156,118.86000061035156,119.66999816894531,4466100
2026-08-11,119.66999816894531,119.95999908447266,119.11000061035156,119.23999786376953,3788600
2026-08-12,119.31999969482422,119.31999969482422,117.55000305175781,117.88999938964844,4486900
2026-08-13,118.04000091552734,118.93000030517578,117.88999938964844,118.44999694824219,4521100
2026-08-14,118.47000122070312,119.18000030517578,118.08999633789062,118.19999694824219,3839300
2026-08-17,117.95999908447266,117.95999908447266,116.48999786376953,116.75,6884900
2026-08-18,116.69999694824219,117.58000183105469,116.06999969482422,116.36000061035156,5287000
2026-08-19,116.9000015258789,119.05999755859375,116.7300033569336,118.58999633789062,7526400
2026-08-20,117.05000305175781,117.4000015258789,116.37999725341797,116.68000030517578,5155600
2026-08-21,117.44000244140625,118.43000030517578,116.73999786376953,118.0199966430664,6561400
2026-08-24,118.37999725341797,118.79000091552734,118.06999969482422,118.30000305175781,4662300
2026-08-25,118.41000366210938,118.56999969482422,117.75,117.94999694824219,4156100
2026-08-26,117.69000244140625,117.83999633789062,116.75,117.16000366210938,3271600
2026-08-27,116.54000091552734,116.62000274658203,115.80999755859375,115.87999725341797,5231500
2026-08-31,116.55999755859375,117.13999938964844,116.29000091552734,116.58999633789062,4912700
2026-09-01,115.41999816894531,115.61499786376953,114.31999969482422,114.58999633789062,5870171
